spec,variable,contrast,n_versions,sources,coef_min,coef_max,coef_mean,max_abs_diff,sign_patterns
spec_extended_2_spline_interact,v2x_polyarchy_lag1,mixed_vs_expand,2,"expand, mixed",-14.157977369970862,-14.157977369156432,-14.157977369563646,8.14429412798745e-10,0
spec_extended_2_spline_interact,v2x_polyarchy_lag1,expand_vs_mixed,2,"expand, mixed",14.157977369156432,14.157977369970862,14.157977369563646,8.14429412798745e-10,0
spec_extended_2_spline_interact,v2x_polyarchy_lag1,mixed_vs_contract,2,"contract, mixed",-188.954858065695,-188.95485806503672,-188.95485806536584,6.582752121175872e-10,0
spec_extended_2_spline_interact,v2x_polyarchy_lag1,contract_vs_mixed,2,"contract, mixed",188.95485806503672,188.954858065695,188.95485806536584,6.582752121175872e-10,0
spec_extended_1_spline_interact,v2x_polyarchy_lag1,mixed_vs_contract,2,"contract, mixed",-181.4038587514762,-181.40385875094145,-181.40385875120882,5.347544629330514e-10,0
spec_extended_1_spline_interact,v2x_polyarchy_lag1,contract_vs_mixed,2,"contract, mixed",181.40385875094145,181.4038587514762,181.40385875120882,5.347544629330514e-10,0
spec_extended_1_spline_interact,v2x_polyarchy_lag1,expand_vs_contract,2,"contract, expand",-154.3711450460839,-154.37114504582587,-154.3711450459549,2.58040699918638e-10,0
spec_extended_1_spline_interact,v2x_polyarchy_lag1,contract_vs_expand,2,"contract, expand",154.37114504582587,154.3711450460839,154.3711450459549,2.58040699918638e-10,0
spec_extended_1_spline_interact,v2x_polyarchy_lag1,mixed_vs_expand,2,"expand, mixed",-27.032713705195174,-27.032713705019205,-27.03271370510719,1.759694612246676e-10,0
spec_extended_1_spline_interact,v2x_polyarchy_lag1,expand_vs_mixed,2,"expand, mixed",27.032713705019205,27.032713705195174,27.03271370510719,1.759694612246676e-10,0
spec_extended_2_spline_interact,v2x_polyarchy_lag1,expand_vs_contract,2,"contract, expand",-174.7968806958075,-174.79688069566564,-174.79688069573655,1.418527517671464e-10,-*
spec_extended_2_spline_interact,v2x_polyarchy_lag1,contract_vs_expand,2,"contract, expand",174.79688069566564,174.7968806958075,174.79688069573655,1.418527517671464e-10,+*
spec_extended_3_spline_interact,v2x_polyarchy_lag1,contract_vs_mixed,2,"contract, mixed",201.3509147057758,201.35091470591732,201.35091470584655,1.4151169125398155e-10,0
spec_extended_3_spline_interact,v2x_polyarchy_lag1,mixed_vs_contract,2,"contract, mixed",-201.35091470591732,-201.3509147057758,-201.35091470584655,1.4151169125398155e-10,0
spec_extended_3_spline_interact,v2x_polyarchy_lag1,expand_vs_contract,2,"contract, expand",-183.41024854028208,-183.4102485401648,-183.41024854022345,1.1729639481927734e-10,-*
spec_extended_3_spline_interact,v2x_polyarchy_lag1,contract_vs_expand,2,"contract, expand",183.4102485401648,183.41024854028208,183.41024854022345,1.1729639481927734e-10,+*
spec_extended_3_spline_interact,v2x_polyarchy_lag1,expand_vs_mixed,2,"expand, mixed",17.940666165370025,17.940666165432482,17.940666165401254,6.24567064733128e-11,0
spec_extended_3_spline_interact,v2x_polyarchy_lag1,mixed_vs_expand,2,"expand, mixed",-17.940666165432482,-17.940666165370025,-17.940666165401254,6.24567064733128e-11,0
spec_extended_2_spline_interact,wdj_expression_lag1,mixed_vs_expand,2,"expand, mixed",-0.2601419518921286,-0.2601419518914147,-0.26014195189177164,7.138734048339757e-13,0
spec_extended_2_spline_interact,wdj_expression_lag1,expand_vs_mixed,2,"expand, mixed",0.2601419518914147,0.2601419518921286,0.26014195189177164,7.138734048339757e-13,0
spec_extended_2_spline_interact,wdj_expression_lag1,contract_vs_mixed,2,"contract, mixed",0.768985889905499,0.7689858899060414,0.7689858899057702,5.424549698318515e-13,0
spec_extended_2_spline_interact,wdj_expression_lag1,mixed_vs_contract,2,"contract, mixed",-0.7689858899060414,-0.768985889905499,-0.7689858899057702,5.424549698318515e-13,0
spec_extended_1_spline_interact,wdj_expression_lag1,mixed_vs_contract,2,"contract, mixed",-0.5166472720910246,-0.5166472720905633,-0.516647272090794,4.612976667317525e-13,0
spec_extended_1_spline_interact,wdj_expression_lag1,contract_vs_mixed,2,"contract, mixed",0.5166472720905633,0.5166472720910246,0.516647272090794,4.612976667317525e-13,0
spec_extended_1_spline_interact,wdj_expression_lag1,expand_vs_contract,2,"contract, expand",-0.1256648771705754,-0.1256648771703674,-0.1256648771704714,2.0800028366352308e-13,0
spec_extended_1_spline_interact,wdj_expression_lag1,contract_vs_expand,2,"contract, expand",0.1256648771703674,0.1256648771705754,0.1256648771704714,2.0800028366352308e-13,0
spec_extended_1_spline_interact,wdj_expression_lag1,mixed_vs_expand,2,"expand, mixed",-0.3909823949202687,-0.3909823949201088,-0.3909823949201887,1.599276266972538e-13,0
spec_extended_1_spline_interact,wdj_expression_lag1,expand_vs_mixed,2,"expand, mixed",0.3909823949201088,0.3909823949202687,0.3909823949201887,1.599276266972538e-13,0
spec_extended_2_spline_interact,wdj_expression_lag1,contract_vs_expand,2,"contract, expand",0.5088439380138793,0.5088439380140081,0.5088439380139437,1.2878587085651816e-13,0
spec_extended_2_spline_interact,wdj_expression_lag1,expand_vs_contract,2,"contract, expand",-0.5088439380140081,-0.5088439380138793,-0.5088439380139437,1.2878587085651816e-13,0
spec_extended_2_spline_interact,legal_civil,expand_vs_mixed,2,"expand, mixed",-0.1361587617211614,-0.1361587617210425,-0.13615876172110195,1.1890488593735427e-13,0
spec_extended_2_spline_interact,legal_civil,mixed_vs_expand,2,"expand, mixed",0.1361587617210425,0.1361587617211614,0.13615876172110195,1.1890488593735427e-13,0
spec_extended_1_spline_interact,legal_civil,mixed_vs_contract,2,"contract, mixed",-0.3321469066625856,-0.3321469066624674,-0.3321469066625265,1.1823875212257917e-13,0
spec_extended_1_spline_interact,legal_civil,contract_vs_mixed,2,"contract, mixed",0.3321469066624674,0.3321469066625856,0.3321469066625265,1.1823875212257917e-13,0
spec_extended_1_spline_interact,legal_common,contract_vs_mixed,2,"contract, mixed",0.6120593390293257,0.6120593390294413,0.6120593390293836,1.155742168634788e-13,0
spec_extended_1_spline_interact,legal_common,mixed_vs_contract,2,"contract, mixed",-0.6120593390294413,-0.6120593390293257,-0.6120593390293836,1.155742168634788e-13,0
spec_extended_2_spline_interact,j_ind_lag1,expand_vs_mixed,2,"expand, mixed",0.3607295454316921,0.3607295454318027,0.3607295454317474,1.1057821325266559e-13,+*
spec_extended_2_spline_interact,j_ind_lag1,mixed_vs_expand,2,"expand, mixed",-0.3607295454318027,-0.3607295454316921,-0.3607295454317474,1.1057821325266559e-13,-*
spec_extended_3_spline_interact,wdj_expression_lag1,contract_vs_mixed,2,"contract, mixed",0.5974517859874813,0.5974517859875874,0.5974517859875343,1.0613732115416497e-13,0
spec_extended_3_spline_interact,wdj_expression_lag1,mixed_vs_contract,2,"contract, mixed",-0.5974517859875874,-0.5974517859874813,-0.5974517859875343,1.0613732115416497e-13,0
spec_extended_3_spline_interact,wdj_expression_lag1,expand_vs_contract,2,"contract, expand",-0.2843921224928786,-0.2843921224927775,-0.2843921224928281,1.010858063921205e-13,0
spec_extended_3_spline_interact,wdj_expression_lag1,contract_vs_expand,2,"contract, expand",0.2843921224927775,0.2843921224928786,0.2843921224928281,1.010858063921205e-13,0
spec_extended_2_spline_interact,legal_common,mixed_vs_expand,2,"expand, mixed",1.4068619028194866,1.4068619028195877,1.406861902819537,1.0103029524088925e-13,+***
spec_extended_2_spline_interact,legal_common,expand_vs_mixed,2,"expand, mixed",-1.4068619028195877,-1.4068619028194866,-1.406861902819537,1.0103029524088925e-13,-***
spec_extended_1_spline_interact,j_ind_lag1,contract_vs_mixed,2,"contract, mixed",0.051766887889113,0.0517668878892137,0.05176688788916335,1.006972283335017e-13,0
spec_extended_1_spline_interact,j_ind_lag1,mixed_vs_contract,2,"contract, mixed",-0.0517668878892137,-0.051766887889113,-0.05176688788916335,1.006972283335017e-13,0
spec_extended_2_spline_interact,legal_civil,mixed_vs_contract,2,"contract, mixed",-0.166461047157399,-0.1664610471573128,-0.1664610471573559,8.62088178621434e-14,0
spec_extended_2_spline_interact,legal_civil,contract_vs_mixed,2,"contract, mixed",0.1664610471573128,0.166461047157399,0.1664610471573559,8.62088178621434e-14,0
spec_extended_2_spline_interact,j_ind_lag1,contract_vs_mixed,2,"contract, mixed",0.1345448607936652,0.1345448607937505,0.13454486079370787,8.529288386682765e-14,0
spec_extended_2_spline_interact,j_ind_lag1,mixed_vs_contract,2,"contract, mixed",-0.1345448607937505,-0.1345448607936652,-0.13454486079370787,8.529288386682765e-14,0
spec_extended_3,v2x_polyarchy_lag1,mixed_vs_contract,2,"contract, mixed",7.050933497459797,7.0509334974598765,7.0509334974598366,7.993605777301127e-14,+***
spec_extended_3,v2x_polyarchy_lag1,contract_vs_mixed,2,"contract, mixed",-7.0509334974598765,-7.050933497459797,-7.0509334974598366,7.993605777301127e-14,-***
spec_extended_2_spline_interact,v2jureview_lag1,expand_vs_mixed,2,"expand, mixed",0.5356676527369019,0.535667652736981,0.5356676527369415,7.915890165577366e-14,0
spec_extended_2_spline_interact,v2jureview_lag1,mixed_vs_expand,2,"expand, mixed",-0.535667652736981,-0.5356676527369019,-0.5356676527369415,7.915890165577366e-14,0
spec_extended_2_spline_interact,legal_common,contract_vs_mixed,2,"contract, mixed",0.2885473960826571,0.2885473960827294,0.28854739608269325,7.227551890309769e-14,0
spec_extended_2_spline_interact,legal_common,mixed_vs_contract,2,"contract, mixed",-0.2885473960827294,-0.2885473960826571,-0.28854739608269325,7.227551890309769e-14,0
spec_im_pack,v2x_polyarchy_lag1,contract_vs_mixed,2,"contract, mixed",-7.23192242194642,-7.231922421946352,-7.231922421946386,6.838973831690964e-14,-***
spec_im_pack,v2x_polyarchy_lag1,mixed_vs_contract,2,"contract, mixed",7.231922421946352,7.23192242194642,7.231922421946386,6.838973831690964e-14,+***
spec_im_attack,v2x_polyarchy_lag1,mixed_vs_contract,2,"contract, mixed",5.634564267949044,5.634564267949112,5.634564267949078,6.750155989720952e-14,+***
spec_im_attack,v2x_polyarchy_lag1,contract_vs_mixed,2,"contract, mixed",-5.634564267949112,-5.634564267949044,-5.634564267949078,6.750155989720952e-14,-***
spec_extended_3,v2x_polyarchy_lag1,expand_vs_mixed,2,"expand, mixed",-3.220782418479518,-3.220782418479451,-3.2207824184794847,6.705747068735946e-14,-**
spec_extended_3,v2x_polyarchy_lag1,mixed_vs_expand,2,"expand, mixed",3.220782418479451,3.220782418479518,3.2207824184794847,6.705747068735946e-14,+**
spec_c_pack,v2x_polyarchy_lag1,mixed_vs_expand,2,"expand, mixed",3.1192398796255976,3.1192398796256606,3.119239879625629,6.306066779870889e-14,+**
spec_c_pack,v2x_polyarchy_lag1,expand_vs_mixed,2,"expand, mixed",-3.1192398796256606,-3.1192398796255976,-3.119239879625629,6.306066779870889e-14,-**
spec_p_pack,v2x_polyarchy_lag1,contract_vs_mixed,2,"contract, mixed",-7.313539037425776,-7.313539037425714,-7.313539037425745,6.217248937900877e-14,-***
spec_p_pack,v2x_polyarchy_lag1,mixed_vs_contract,2,"contract, mixed",7.313539037425714,7.313539037425776,7.313539037425745,6.217248937900877e-14,+***
spec_extended_1_spline_interact,v2jureform_lag1,mixed_vs_contract,2,"contract, mixed",-0.2048699369247475,-0.2048699369246862,-0.20486993692471683,6.131206653492427e-14,0
spec_extended_1_spline_interact,v2jureform_lag1,contract_vs_mixed,2,"contract, mixed",0.2048699369246862,0.2048699369247475,0.20486993692471683,6.131206653492427e-14,0
spec_extended_3_spline_interact,wdj_expression_lag1,mixed_vs_expand,2,"expand, mixed",-0.3130596634945554,-0.3130596634944986,-0.31305966349452696,5.678790770957676e-14,0
spec_extended_3_spline_interact,wdj_expression_lag1,expand_vs_mixed,2,"expand, mixed",0.3130596634944986,0.3130596634945554,0.31305966349452696,5.678790770957676e-14,0
spec_extended_1_spline_interact,legal_civil,expand_vs_mixed,2,"expand, mixed",-0.3919558650760858,-0.3919558650760342,-0.39195586507606,5.162537064506978e-14,0
spec_extended_1_spline_interact,legal_civil,mixed_vs_expand,2,"expand, mixed",0.3919558650760342,0.3919558650760858,0.39195586507606,5.162537064506978e-14,0
spec_im_pack,v2x_polyarchy_lag1,mixed_vs_expand,2,"expand, mixed",3.354226700169749,3.3542267001698005,3.3542267001697748,5.1514348342607263e-14,+***
spec_im_pack,v2x_polyarchy_lag1,expand_vs_mixed,2,"expand, mixed",-3.3542267001698005,-3.354226700169749,-3.3542267001697748,5.1514348342607263e-14,-***
spec_extended_1_spline_interact,legal_civil,contract_vs_expand,2,"contract, expand",0.7241027717386053,0.7241027717386537,0.7241027717386295,4.8405723873656825e-14,+**
spec_extended_1_spline_interact,legal_civil,expand_vs_contract,2,"contract, expand",-0.7241027717386537,-0.7241027717386053,-0.7241027717386295,4.8405723873656825e-14,-**
spec_extended_2_spline,v2x_polyarchy_lag1,contract_vs_mixed,2,"contract, mixed",-4.894216736745731,-4.894216736745683,-4.894216736745707,4.796163466380676e-14,-***
spec_extended_2_spline,v2x_polyarchy_lag1,mixed_vs_contract,2,"contract, mixed",4.894216736745683,4.894216736745731,4.894216736745707,4.796163466380676e-14,+***
spec_extended_1_spline_interact,j_ind_lag1,expand_vs_contract,2,"contract, expand",0.3500186391250158,0.3500186391250606,0.35001863912503817,4.4797499043625066e-14,0
spec_extended_1_spline_interact,j_ind_lag1,contract_vs_expand,2,"contract, expand",-0.3500186391250606,-0.3500186391250158,-0.35001863912503817,4.4797499043625066e-14,0
spec_c_pack,v2x_polyarchy_lag1,expand_vs_contract,2,"contract, expand",3.8815897239652406,3.881589723965282,3.881589723965261,4.1300296516055823e-14,+***
spec_c_pack,v2x_polyarchy_lag1,contract_vs_expand,2,"contract, expand",-3.881589723965282,-3.8815897239652406,-3.881589723965261,4.1300296516055823e-14,-***
spec_extended_1_spline_interact,legal_common,mixed_vs_expand,2,"expand, mixed",1.675540777516891,1.6755407775169306,1.6755407775169107,3.9745984281580604e-14,+***
spec_extended_1_spline_interact,legal_common,expand_vs_mixed,2,"expand, mixed",-1.6755407775169306,-1.675540777516891,-1.6755407775169107,3.9745984281580604e-14,-***
spec_govprot_pack,v2x_polyarchy_lag1,expand_vs_contract,2,"contract, expand",3.801974440964909,3.801974440964948,3.8019744409649285,3.907985046680551e-14,+***
spec_govprot_pack,v2x_polyarchy_lag1,contract_vs_expand,2,"contract, expand",-3.801974440964948,-3.801974440964909,-3.8019744409649285,3.907985046680551e-14,-***
spec_extended_1_spline_interact,v2jureview_lag1,expand_vs_mixed,2,"expand, mixed",0.5479461962581504,0.5479461962581886,0.5479461962581695,3.8191672047105385e-14,0
spec_extended_1_spline_interact,v2jureview_lag1,mixed_vs_expand,2,"expand, mixed",-0.5479461962581886,-0.5479461962581504,-0.5479461962581695,3.8191672047105385e-14,0
spec_extended_2_spline_interact,high_court,mixed_vs_contract,2,"contract, mixed",0.5079215848709374,0.5079215848709752,0.5079215848709563,3.774758283725532e-14,+*
spec_extended_3_spline,v2x_polyarchy_lag1,expand_vs_contract,2,"contract, expand",3.465563529485582,3.4655635294856197,3.4655635294856006,3.774758283725532e-14,+***
spec_extended_3_spline,v2x_polyarchy_lag1,contract_vs_expand,2,"contract, expand",-3.4655635294856197,-3.465563529485582,-3.4655635294856006,3.774758283725532e-14,-***
spec_extended_2_spline_interact,high_court,contract_vs_mixed,2,"contract, mixed",-0.5079215848709752,-0.5079215848709374,-0.5079215848709563,3.774758283725532e-14,-*
spec_extended_1_spline_interact,v2jureview_lag1,mixed_vs_contract,2,"contract, mixed",0.2744822616270798,0.2744822616271168,0.2744822616270983,3.702593787124897e-14,0
spec_extended_1_spline_interact,v2jureview_lag1,contract_vs_mixed,2,"contract, mixed",-0.2744822616271168,-0.2744822616270798,-0.2744822616270983,3.702593787124897e-14,0
spec_extended_1_spline,v2x_polyarchy_lag1,expand_vs_mixed,2,"expand, mixed",-1.254729784239471,-1.254729784239435,-1.254729784239453,3.597122599785507e-14,0
spec_extended_1_spline,v2x_polyarchy_lag1,mixed_vs_expand,2,"expand, mixed",1.254729784239435,1.254729784239471,1.254729784239453,3.597122599785507e-14,0
spec_im_pack,v2x_polyarchy_lag1,expand_vs_contract,2,"contract, expand",3.87769572177659,3.8776957217766257,3.877695721776608,3.552713678800501e-14,+***
spec_im_pack,v2x_polyarchy_lag1,contract_vs_expand,2,"contract, expand",-3.8776957217766257,-3.87769572177659,-3.877695721776608,3.552713678800501e-14,-***
spec_im_attack,v2x_polyarchy_lag1,mixed_vs_expand,2,"expand, mixed",2.103162513913417,2.1031625139134515,2.1031625139134342,3.4638958368304884e-14,+**
spec_im_attack,v2x_polyarchy_lag1,expand_vs_mixed,2,"expand, mixed",-2.1031625139134515,-2.103162513913417,-2.1031625139134342,3.4638958368304884e-14,-**
spec_govprot_reform,v2x_polyarchy_lag1,expand_vs_mixed,2,"expand, mixed",-1.637558439036133,-1.637558439036099,-1.6375584390361162,3.397282455352979e-14,-*
spec_govprot_reform,v2x_polyarchy_lag1,mixed_vs_expand,2,"expand, mixed",1.637558439036099,1.637558439036133,1.6375584390361162,3.397282455352979e-14,+*
spec_extended_2_spline_interact,high_court,expand_vs_mixed,2,"expand, mixed",-0.1755484786010374,-0.1755484786010045,-0.17554847860102096,3.289035710452026e-14,0
spec_extended_2_spline_interact,high_court,mixed_vs_expand,2,"expand, mixed",0.1755484786010045,0.1755484786010374,0.17554847860102096,3.289035710452026e-14,0
spec_c_attack,v2x_polyarchy_lag1,mixed_vs_contract,2,"contract, mixed",5.696540740162513,5.696540740162546,5.696540740162529,3.2862601528904634e-14,+***
spec_c_attack,v2x_polyarchy_lag1,contract_vs_mixed,2,"contract, mixed",-5.696540740162546,-5.696540740162513,-5.696540740162529,3.2862601528904634e-14,-***
spec_govprot_reform,v2x_polyarchy_lag1,mixed_vs_contract,2,"contract, mixed",5.096674954105114,5.096674954105146,5.09667495410513,3.197442310920451e-14,+***
spec_govprot_reform,v2x_polyarchy_lag1,contract_vs_mixed,2,"contract, mixed",-5.096674954105146,-5.096674954105114,-5.09667495410513,3.197442310920451e-14,-***
spec_c_pack,v2x_polyarchy_lag1,contract_vs_mixed,2,"contract, mixed",-7.0008296035909146,-7.000829603590883,-7.000829603590899,3.197442310920451e-14,-***
spec_c_pack,v2x_polyarchy_lag1,mixed_vs_contract,2,"contract, mixed",7.000829603590883,7.0008296035909146,7.000829603590899,3.197442310920451e-14,+***
spec_extended_3_spline_interact,legal_common,expand_vs_mixed,2,"expand, mixed",-1.3999058119244288,-1.399905811924397,-1.399905811924413,3.175237850427948e-14,-***
spec_extended_3_spline_interact,legal_common,mixed_vs_expand,2,"expand, mixed",1.399905811924397,1.3999058119244288,1.399905811924413,3.175237850427948e-14,+***
spec_c_reform_decision,v2x_polyarchy_lag1,expand_vs_mixed,2,"expand, mixed",-1.9310744999677536,-1.9310744999677243,-1.931074499967739,2.930988785010413e-14,-**
spec_c_reform_decision,v2x_polyarchy_lag1,mixed_vs_expand,2,"expand, mixed",1.9310744999677243,1.9310744999677536,1.931074499967739,2.930988785010413e-14,+**
spec_extended_1_spline_interact,j_ind_lag1,mixed_vs_expand,2,"expand, mixed",-0.4017855270141895,-0.4017855270141603,-0.4017855270141749,2.919886554764162e-14,-*
spec_extended_1_spline_interact,j_ind_lag1,expand_vs_mixed,2,"expand, mixed",0.4017855270141603,0.4017855270141895,0.4017855270141749,2.919886554764162e-14,+*
spec_extended_2_spline,v2x_polyarchy_lag1,mixed_vs_expand,2,"expand, mixed",1.5210918864181668,1.521091886418196,1.5210918864181813,2.90878432451791e-14,0
spec_extended_2_spline,v2x_polyarchy_lag1,expand_vs_mixed,2,"expand, mixed",-1.521091886418196,-1.5210918864181668,-1.5210918864181813,2.90878432451791e-14,0
spec_extended_3_spline_interact,j_ind_lag1,contract_vs_mixed,2,"contract, mixed",0.1311049209602872,0.1311049209603155,0.13110492096030135,2.8310687127941492e-14,0
spec_extended_3_spline_interact,j_ind_lag1,mixed_vs_contract,2,"contract, mixed",-0.1311049209603155,-0.1311049209602872,-0.13110492096030135,2.8310687127941492e-14,0
spec_extended_3_spline_interact,v2jureview_lag1,mixed_vs_expand,2,"expand, mixed",-0.5543544510681249,-0.5543544510680966,-0.5543544510681107,2.8310687127941492e-14,0
spec_extended_3_spline_interact,v2jureview_lag1,expand_vs_mixed,2,"expand, mixed",0.5543544510680966,0.5543544510681249,0.5543544510681107,2.8310687127941492e-14,0
spec_govprot_pack_decision,v2x_polyarchy_lag1,contract_vs_mixed,2,"contract, mixed",-6.776495040269953,-6.776495040269926,-6.776495040269939,2.7533531010703882e-14,-***
spec_govprot_pack_decision,v2x_polyarchy_lag1,mixed_vs_contract,2,"contract, mixed",6.776495040269926,6.776495040269953,6.776495040269939,2.7533531010703882e-14,+***
spec_p_pack,v2x_polyarchy_lag1,expand_vs_contract,2,"contract, expand",4.01220122053499,4.012201220535018,4.012201220535005,2.7533531010703882e-14,+***
spec_p_pack,v2x_polyarchy_lag1,contract_vs_expand,2,"contract, expand",-4.012201220535018,-4.01220122053499,-4.012201220535005,2.7533531010703882e-14,-***
spec_c_attack,v2x_polyarchy_lag1,mixed_vs_expand,2,"expand, mixed",2.252138264871105,2.252138264871132,2.2521382648711183,2.708944180085382e-14,+**
spec_c_attack,v2x_polyarchy_lag1,expand_vs_mixed,2,"expand, mixed",-2.252138264871132,-2.252138264871105,-2.2521382648711183,2.708944180085382e-14,-**
spec_extended_1_spline_interact,v2jureform_lag1,mixed_vs_expand,2,"expand, mixed",0.2017869543779688,0.2017869543779952,0.201786954377982,2.6395552410463097e-14,0
spec_extended_1_spline_interact,v2jureform_lag1,expand_vs_mixed,2,"expand, mixed",-0.2017869543779952,-0.2017869543779688,-0.201786954377982,2.6395552410463097e-14,0
spec_govprot_attack,v2x_polyarchy_lag1,mixed_vs_expand,2,"expand, mixed",2.109676945958753,2.1096769459587787,2.109676945958766,2.5757174171303632e-14,+**
spec_govprot_attack,v2x_polyarchy_lag1,expand_vs_mixed,2,"expand, mixed",-2.1096769459587787,-2.109676945958753,-2.109676945958766,2.5757174171303632e-14,-**
spec_govprot_pack,v2x_polyarchy_lag1,contract_vs_mixed,2,"contract, mixed",-6.984494893732455,-6.98449489373243,-6.9844948937324425,2.4868995751603507e-14,-***
spec_govprot_pack,v2x_polyarchy_lag1,mixed_vs_contract,2,"contract, mixed",6.98449489373243,6.984494893732455,6.9844948937324425,2.4868995751603507e-14,+***
spec_p_pack,v2x_polyarchy_lag1,expand_vs_mixed,2,"expand, mixed",-3.301337816890753,-3.3013378168907286,-3.301337816890741,2.4424906541753444e-14,-***
spec_p_pack,v2x_polyarchy_lag1,mixed_vs_expand,2,"expand, mixed",3.3013378168907286,3.301337816890753,3.301337816890741,2.4424906541753444e-14,+***
spec_govprot_attack,v2x_polyarchy_lag1,mixed_vs_contract,2,"contract, mixed",5.48634726884852,5.486347268848544,5.486347268848531,2.398081733190338e-14,+***
spec_govprot_attack,v2x_polyarchy_lag1,contract_vs_mixed,2,"contract, mixed",-5.486347268848544,-5.48634726884852,-5.486347268848531,2.398081733190338e-14,-***
spec_extended_1_spline_interact,v2jureform_lag1,contract_vs_expand,2,"contract, expand",0.4066568913027084,0.4066568913027316,0.40665689130272,2.3203661214665772e-14,+***
spec_extended_1_spline_interact,v2jureform_lag1,expand_vs_contract,2,"contract, expand",-0.4066568913027316,-0.4066568913027084,-0.40665689130272,2.3203661214665772e-14,-***
spec_extended_2_spline_interact,v2jureview_lag1,contract_vs_mixed,2,"contract, mixed",-0.1960909313151274,-0.1960909313151046,-0.196090931315116,2.2787327580431338e-14,0
spec_extended_2_spline_interact,v2jureview_lag1,mixed_vs_contract,2,"contract, mixed",0.1960909313151046,0.1960909313151274,0.196090931315116,2.2787327580431338e-14,0
spec_extended_2_spline_interact,v2jureview_lag1,expand_vs_contract,2,"contract, expand",0.731758584052056,0.7317585840520783,0.7317585840520671,2.2315482794965646e-14,+**
spec_extended_2_spline_interact,v2jureview_lag1,contract_vs_expand,2,"contract, expand",-0.7317585840520783,-0.731758584052056,-0.7317585840520671,2.2315482794965646e-14,-**
spec_extended_1_spline_interact,legal_common,contract_vs_expand,2,"contract, expand",2.287600116546324,2.287600116546346,2.287600116546335,2.220446049250313e-14,+***
spec_extended_1_spline_interact,legal_common,expand_vs_contract,2,"contract, expand",-2.287600116546346,-2.287600116546324,-2.287600116546335,2.220446049250313e-14,-***
spec_extended_2_spline_interact,j_ind_lag1,contract_vs_expand,2,"contract, expand",-0.2261846846380625,-0.2261846846380405,-0.2261846846380515,2.19824158875781e-14,0
spec_extended_2_spline_interact,j_ind_lag1,expand_vs_contract,2,"contract, expand",0.2261846846380405,0.2261846846380625,0.2261846846380515,2.19824158875781e-14,0
spec_extended_3_spline_interact,j_ind_lag1,expand_vs_contract,2,"contract, expand",0.2229504027659523,0.2229504027659734,0.22295040276596284,2.1094237467877974e-14,0
spec_extended_3_spline_interact,j_ind_lag1,contract_vs_expand,2,"contract, expand",-0.2229504027659734,-0.2229504027659523,-0.22295040276596284,2.1094237467877974e-14,0
spec_govprot_pack,v2x_polyarchy_lag1,mixed_vs_expand,2,"expand, mixed",3.182520452767514,3.182520452767535,3.182520452767524,2.0872192862952943e-14,+**
spec_govprot_pack,v2x_polyarchy_lag1,expand_vs_mixed,2,"expand, mixed",-3.182520452767535,-3.182520452767514,-3.182520452767524,2.0872192862952943e-14,-**
spec_govprot_reform_decision,v2x_polyarchy_lag1,mixed_vs_contract,2,"contract, mixed",4.951340048716694,4.951340048716714,4.951340048716704,2.042810365310288e-14,+***
spec_govprot_reform_decision,v2x_polyarchy_lag1,contract_vs_mixed,2,"contract, mixed",-4.951340048716714,-4.951340048716694,-4.951340048716704,2.042810365310288e-14,-***
spec_c_reform,v2x_polyarchy_lag1,expand_vs_contract,2,"contract, expand",3.5736792222660174,3.573679222266038,3.5736792222660276,2.042810365310288e-14,+***
spec_c_reform,v2x_polyarchy_lag1,contract_vs_expand,2,"contract, expand",-3.573679222266038,-3.5736792222660174,-3.5736792222660276,2.042810365310288e-14,-***
spec_extended_2,v2x_polyarchy_lag1,mixed_vs_expand,2,"expand, mixed",2.122720784015016,2.1227207840150357,2.122720784015026,1.9539925233402755e-14,+**
spec_govprot_reform_decision,v2x_polyarchy_lag1,mixed_vs_expand,2,"expand, mixed",1.786635634056409,1.7866356340564284,1.7866356340564187,1.9539925233402755e-14,+**
spec_govprot_reform_decision,v2x_polyarchy_lag1,expand_vs_mixed,2,"expand, mixed",-1.7866356340564284,-1.786635634056409,-1.7866356340564187,1.9539925233402755e-14,-**
spec_extended_2,v2x_polyarchy_lag1,expand_vs_mixed,2,"expand, mixed",-2.1227207840150357,-2.122720784015016,-2.122720784015026,1.9539925233402755e-14,-**
spec_p_reform_decision,v2x_polyarchy_lag1,contract_vs_mixed,2,"contract, mixed",-5.543977636227124,-5.543977636227105,-5.5439776362271145,1.9539925233402755e-14,-***
spec_p_reform_decision,v2x_polyarchy_lag1,mixed_vs_contract,2,"contract, mixed",5.543977636227105,5.543977636227124,5.5439776362271145,1.9539925233402755e-14,+***
spec_p_reform,v2x_polyarchy_lag1,contract_vs_expand,2,"contract, expand",-3.719191089179216,-3.719191089179197,-3.7191910891792066,1.9095836023552692e-14,-***
spec_im_attack,v2x_polyarchy_lag1,expand_vs_contract,2,"contract, expand",3.5314017540356297,3.531401754035649,3.531401754035639,1.9095836023552692e-14,+***
spec_im_pack_decision,v2x_polyarchy_lag1,expand_vs_contract,2,"contract, expand",3.528827797911266,3.528827797911285,3.5288277979112754,1.9095836023552692e-14,+***
spec_im_attack,v2x_polyarchy_lag1,contract_vs_expand,2,"contract, expand",-3.531401754035649,-3.5314017540356297,-3.531401754035639,1.9095836023552692e-14,-***
spec_im_pack_decision,v2x_polyarchy_lag1,contract_vs_expand,2,"contract, expand",-3.528827797911285,-3.528827797911266,-3.5288277979112754,1.9095836023552692e-14,-***
spec_p_reform,v2x_polyarchy_lag1,expand_vs_contract,2,"contract, expand",3.719191089179197,3.719191089179216,3.7191910891792066,1.9095836023552692e-14,+***
spec_extended_2,v2x_polyarchy_lag1,contract_vs_mixed,2,"contract, mixed",-5.515180377852426,-5.515180377852407,-5.515180377852417,1.865174681370263e-14,-***
spec_extended_2,v2x_polyarchy_lag1,mixed_vs_contract,2,"contract, mixed",5.515180377852407,5.515180377852426,5.515180377852417,1.865174681370263e-14,+***
spec_im_reform,v2x_polyarchy_lag1,contract_vs_mixed,2,"contract, mixed",-5.365516790637908,-5.365516790637891,-5.3655167906378995,1.7763568394002505e-14,-***
spec_im_reform,v2x_polyarchy_lag1,mixed_vs_contract,2,"contract, mixed",5.365516790637891,5.365516790637908,5.3655167906378995,1.7763568394002505e-14,+***
spec_p_attack,v2x_polyarchy_lag1,expand_vs_mixed,2,"expand, mixed",-2.4333442199139634,-2.433344219913946,-2.4333442199139546,1.7319479184152442e-14,-***
spec_p_attack,v2x_polyarchy_lag1,mixed_vs_expand,2,"expand, mixed",2.433344219913946,2.4333442199139634,2.4333442199139546,1.7319479184152442e-14,+***
spec_extended_1_spline_interact,v2jureview_lag1,expand_vs_contract,2,"contract, expand",0.822428457885245,0.822428457885262,0.8224284578852534,1.6986412276764895e-14,+***
spec_extended_1_spline_interact,v2jureview_lag1,contract_vs_expand,2,"contract, expand",-0.822428457885262,-0.822428457885245,-0.8224284578852534,1.6986412276764895e-14,-***
spec_im_reform_decision,v2x_polyarchy_lag1,mixed_vs_contract,2,"contract, mixed",5.173108023653931,5.173108023653948,5.17310802365394,1.687538997430238e-14,+***
spec_im_reform_decision,v2x_polyarchy_lag1,contract_vs_mixed,2,"contract, mixed",-5.173108023653948,-5.173108023653931,-5.17310802365394,1.687538997430238e-14,-***
spec_govprot_pack_decision,v2x_polyarchy_lag1,expand_vs_contract,2,"contract, expand",3.44594619816142,3.4459461981614368,3.4459461981614283,1.687538997430238e-14,+***
spec_govprot_pack_decision,v2x_polyarchy_lag1,contract_vs_expand,2,"contract, expand",-3.4459461981614368,-3.44594619816142,-3.4459461981614283,1.687538997430238e-14,-***
spec_im_reform_decision,v2x_polyarchy_lag1,contract_vs_expand,2,"contract, expand",-3.349871886725558,-3.3498718867255417,-3.34987188672555,1.6431300764452317e-14,-***
spec_c_pack_decision,v2x_polyarchy_lag1,expand_vs_mixed,2,"expand, mixed",-3.316111735765725,-3.3161117357657086,-3.316111735765717,1.6431300764452317e-14,-***
spec_im_reform_decision,v2x_polyarchy_lag1,expand_vs_contract,2,"contract, expand",3.3498718867255417,3.349871886725558,3.34987188672555,1.6431300764452317e-14,+***
spec_c_pack_decision,v2x_polyarchy_lag1,mixed_vs_expand,2,"expand, mixed",3.3161117357657086,3.316111735765725,3.316111735765717,1.6431300764452317e-14,+***
spec_im_pack_decision,v2x_polyarchy_lag1,mixed_vs_contract,2,"contract, mixed",7.00704068569131,7.007040685691326,7.007040685691318,1.5987211554602254e-14,+***
spec_extended_2_spline_interact,legal_civil,contract_vs_expand,2,"contract, expand",0.3026198088784489,0.3026198088784649,0.3026198088784569,1.5987211554602254e-14,0
spec_extended_2_spline_interact,legal_civil,expand_vs_contract,2,"contract, expand",-0.3026198088784649,-0.3026198088784489,-0.3026198088784569,1.5987211554602254e-14,0
spec_im_pack_decision,v2x_polyarchy_lag1,contract_vs_mixed,2,"contract, mixed",-7.007040685691326,-7.00704068569131,-7.007040685691318,1.5987211554602254e-14,-***
spec_im_reform,v2x_polyarchy_lag1,expand_vs_contract,2,"contract, expand",3.6603092924606098,3.660309292460625,3.6603092924606173,1.509903313490213e-14,+***
spec_im_reform,v2x_polyarchy_lag1,contract_vs_expand,2,"contract, expand",-3.660309292460625,-3.6603092924606098,-3.6603092924606173,1.509903313490213e-14,-***
spec_extended_1_spline_interact,high_court,contract_vs_mixed,2,"contract, mixed",-0.4310810295120013,-0.4310810295119867,-0.431081029511994,1.459943277382081e-14,0
spec_extended_1_spline_interact,high_court,mixed_vs_contract,2,"contract, mixed",0.4310810295119867,0.4310810295120013,0.431081029511994,1.459943277382081e-14,0
spec_c_reform_decision,v2x_polyarchy_lag1,mixed_vs_contract,2,"contract, mixed",5.199037601032249,5.199037601032264,5.1990376010322565,1.4210854715202004e-14,+***
spec_govprot_pack_decision,v2x_polyarchy_lag1,mixed_vs_expand,2,"expand, mixed",3.330548842108512,3.3305488421085263,3.330548842108519,1.4210854715202004e-14,+**
spec_extended_1_spline,v2x_polyarchy_lag1,contract_vs_mixed,2,"contract, mixed",-4.428064669789881,-4.428064669789867,-4.428064669789874,1.4210854715202004e-14,-***
spec_extended_1_spline,v2x_polyarchy_lag1,mixed_vs_contract,2,"contract, mixed",4.428064669789867,4.428064669789881,4.428064669789874,1.4210854715202004e-14,+***
spec_govprot_pack_decision,v2x_polyarchy_lag1,expand_vs_mixed,2,"expand, mixed",-3.3305488421085263,-3.330548842108512,-3.330548842108519,1.4210854715202004e-14,-**
spec_c_reform_decision,v2x_polyarchy_lag1,contract_vs_mixed,2,"contract, mixed",-5.199037601032264,-5.199037601032249,-5.1990376010322565,1.4210854715202004e-14,-***
spec_extended_3_spline_interact,v2jureview_lag1,expand_vs_contract,2,"contract, expand",0.9212323620274092,0.9212323620274232,0.9212323620274162,1.3988810110276972e-14,+***
spec_extended_3_spline_interact,v2jureview_lag1,contract_vs_expand,2,"contract, expand",-0.9212323620274232,-0.9212323620274092,-0.9212323620274162,1.3988810110276972e-14,-***
spec_govprot_attack,v2x_polyarchy_lag1,expand_vs_contract,2,"contract, expand",3.3766703228897668,3.3766703228897805,3.3766703228897734,1.3766765505351941e-14,+***
spec_govprot_attack,v2x_polyarchy_lag1,contract_vs_expand,2,"contract, expand",-3.3766703228897805,-3.3766703228897668,-3.3766703228897734,1.3766765505351941e-14,-***
spec_extended_2,v2x_polyarchy_lag1,contract_vs_expand,2,"contract, expand",-3.392459593837403,-3.3924595938373896,-3.3924595938373963,1.3322676295501878e-14,-***
spec_p_attack,v2x_polyarchy_lag1,expand_vs_contract,2,"contract, expand",3.5614230604608568,3.56142306046087,3.5614230604608634,1.3322676295501878e-14,+***
spec_extended_2,v2x_polyarchy_lag1,expand_vs_contract,2,"contract, expand",3.3924595938373896,3.392459593837403,3.3924595938373963,1.3322676295501878e-14,+***
spec_p_attack,v2x_polyarchy_lag1,contract_vs_expand,2,"contract, expand",-3.56142306046087,-3.5614230604608568,-3.5614230604608634,1.3322676295501878e-14,-***
spec_p_reform_decision,v2x_polyarchy_lag1,expand_vs_mixed,2,"expand, mixed",-2.070144338713874,-2.0701443387138605,-2.070144338713867,1.3322676295501878e-14,-***
spec_p_reform_decision,v2x_polyarchy_lag1,mixed_vs_expand,2,"expand, mixed",2.0701443387138605,2.070144338713874,2.070144338713867,1.3322676295501878e-14,+***
spec_im_reform,v2x_polyarchy_lag1,expand_vs_mixed,2,"expand, mixed",-1.7052074981772882,-1.7052074981772751,-1.7052074981772818,1.3100631690576847e-14,-**
spec_im_reform,v2x_polyarchy_lag1,mixed_vs_expand,2,"expand, mixed",1.7052074981772751,1.7052074981772882,1.7052074981772818,1.3100631690576847e-14,+**
spec_extended_3,v2x_polyarchy_lag1,contract_vs_expand,2,"contract, expand",-3.830151078980357,-3.830151078980344,-3.83015107898035,1.2878587085651816e-14,-***
spec_extended_1,v2x_polyarchy_lag1,contract_vs_expand,2,"contract, expand",-3.4870241754507907,-3.487024175450778,-3.4870241754507845,1.2878587085651816e-14,-***
spec_extended_3,v2x_polyarchy_lag1,expand_vs_contract,2,"contract, expand",3.830151078980344,3.830151078980357,3.83015107898035,1.2878587085651816e-14,+***
spec_extended_1,v2x_polyarchy_lag1,expand_vs_contract,2,"contract, expand",3.487024175450778,3.4870241754507907,3.4870241754507845,1.2878587085651816e-14,+***
spec_extended_3_spline_interact,j_ind_lag1,expand_vs_mixed,2,"expand, mixed",0.354055323726223,0.3540553237262357,0.3540553237262294,1.2712053631958042e-14,+*
spec_extended_3_spline_interact,j_ind_lag1,mixed_vs_expand,2,"expand, mixed",-0.3540553237262357,-0.354055323726223,-0.3540553237262294,1.2712053631958042e-14,-*
spec_p_pack_decision,v2x_polyarchy_lag1,mixed_vs_contract,2,"contract, mixed",7.108255340385172,7.108255340385185,7.1082553403851785,1.2434497875801753e-14,+***
spec_p_pack_decision,v2x_polyarchy_lag1,contract_vs_mixed,2,"contract, mixed",-7.108255340385185,-7.108255340385172,-7.1082553403851785,1.2434497875801753e-14,-***
spec_c_pack_decision,v2x_polyarchy_lag1,expand_vs_contract,2,"contract, expand",3.528613137299337,3.528613137299349,3.5286131372993426,1.199040866595169e-14,+***
spec_c_pack_decision,v2x_polyarchy_lag1,contract_vs_expand,2,"contract, expand",-3.528613137299349,-3.528613137299337,-3.5286131372993426,1.199040866595169e-14,-***
spec_p_reform,v2x_polyarchy_lag1,mixed_vs_contract,2,"contract, mixed",5.755065374621576,5.755065374621587,5.755065374621582,1.1546319456101628e-14,+***
spec_p_reform,v2x_polyarchy_lag1,contract_vs_mixed,2,"contract, mixed",-5.755065374621587,-5.755065374621576,-5.755065374621582,1.1546319456101628e-14,-***
spec_extended_3_spline_interact,legal_civil,contract_vs_mixed,2,"contract, mixed",0.3632639547893582,0.3632639547893696,0.3632639547893639,1.1435297153639112e-14,0
spec_extended_3_spline_interact,legal_civil,mixed_vs_contract,2,"contract, mixed",-0.3632639547893696,-0.3632639547893582,-0.3632639547893639,1.1435297153639112e-14,0
spec_p_reform_decision,v2x_polyarchy_lag1,expand_vs_contract,2,"contract, expand",3.4738332975132376,3.4738332975132487,3.4738332975132433,1.1102230246251565e-14,+***
spec_extended_2_spline,v2x_polyarchy_lag1,expand_vs_contract,2,"contract, expand",3.373124850327517,3.373124850327528,3.373124850327523,1.1102230246251565e-14,+***
spec_extended_2_spline,v2x_polyarchy_lag1,contract_vs_expand,2,"contract, expand",-3.373124850327528,-3.373124850327517,-3.373124850327523,1.1102230246251565e-14,-***
spec_p_reform_decision,v2x_polyarchy_lag1,contract_vs_expand,2,"contract, expand",-3.4738332975132487,-3.4738332975132376,-3.4738332975132433,1.1102230246251565e-14,-***
spec_p_attack,v2x_polyarchy_lag1,mixed_vs_contract,2,"contract, mixed",5.994767280374809,5.99476728037482,5.994767280374814,1.0658141036401503e-14,+***
spec_p_attack,v2x_polyarchy_lag1,contract_vs_mixed,2,"contract, mixed",-5.99476728037482,-5.994767280374809,-5.994767280374814,1.0658141036401503e-14,-***
spec_c_reform,v2x_polyarchy_lag1,contract_vs_mixed,2,"contract, mixed",-5.359902058755812,-5.359902058755802,-5.359902058755807,9.769962616701378e-15,-***
spec_c_reform,v2x_polyarchy_lag1,mixed_vs_contract,2,"contract, mixed",5.359902058755802,5.359902058755812,5.359902058755807,9.769962616701378e-15,+***
spec_extended_3_spline_interact,legal_civil,expand_vs_contract,2,"contract, expand",-0.3724325706229067,-0.3724325706228971,-0.3724325706229019,9.603429163007604e-15,0
spec_extended_3_spline_interact,legal_civil,contract_vs_expand,2,"contract, expand",0.3724325706228971,0.3724325706229067,0.3724325706229019,9.603429163007604e-15,0
spec_im_reform_decision,v2x_polyarchy_lag1,expand_vs_mixed,2,"expand, mixed",-1.8232361369283987,-1.8232361369283892,-1.823236136928394,9.547918011776346e-15,-**
spec_im_reform_decision,v2x_polyarchy_lag1,mixed_vs_expand,2,"expand, mixed",1.8232361369283892,1.8232361369283987,1.823236136928394,9.547918011776346e-15,+**
spec_im_attack,legal_common,contract_vs_mixed,2,"contract, mixed",0.6772759432518538,0.6772759432518632,0.6772759432518585,9.43689570931383e-15,0
spec_im_attack,legal_common,mixed_vs_contract,2,"contract, mixed",-0.6772759432518632,-0.6772759432518538,-0.6772759432518585,9.43689570931383e-15,0
spec_c_reform_decision,v2x_polyarchy_lag1,contract_vs_expand,2,"contract, expand",-3.267963101064525,-3.267963101064516,-3.2679631010645203,9.325873406851315e-15,-***
spec_c_reform_decision,v2x_polyarchy_lag1,expand_vs_contract,2,"contract, expand",3.267963101064516,3.267963101064525,3.2679631010645203,9.325873406851315e-15,+***
spec_extended_3,v2jupack_lag1,mixed_vs_contract,2,"contract, mixed",-0.5690310345854016,-0.5690310345853926,-0.569031034585397,8.992806499463768e-15,-**
spec_extended_3,v2jupack_lag1,contract_vs_mixed,2,"contract, mixed",0.5690310345853926,0.5690310345854016,0.569031034585397,8.992806499463768e-15,+**
spec_p_pack_decision,v2x_polyarchy_lag1,expand_vs_mixed,2,"expand, mixed",-3.435255951938387,-3.435255951938378,-3.4352559519383825,8.881784197001252e-15,-***
spec_p_pack_decision,v2x_polyarchy_lag1,mixed_vs_expand,2,"expand, mixed",3.435255951938378,3.435255951938387,3.4352559519383825,8.881784197001252e-15,+***
spec_extended_3_spline_interact,high_court,expand_vs_mixed,2,"expand, mixed",-0.1283509444114482,-0.1283509444114395,-0.12835094441144385,8.715250743307479e-15,0
spec_extended_3_spline_interact,high_court,mixed_vs_expand,2,"expand, mixed",0.1283509444114395,0.1283509444114482,0.12835094441144385,8.715250743307479e-15,0
spec_extended_3_spline_interact,v2jureview_lag1,contract_vs_mixed,2,"contract, mixed",-0.3668779109593265,-0.366877910959318,-0.3668779109593222,8.493206138382448e-15,0
spec_extended_3_spline_interact,v2jureview_lag1,mixed_vs_contract,2,"contract, mixed",0.366877910959318,0.3668779109593265,0.3668779109593222,8.493206138382448e-15,0
spec_c_pack_decision,v2x_polyarchy_lag1,contract_vs_mixed,2,"contract, mixed",-6.844724873065064,-6.844724873065056,-6.84472487306506,7.993605777301127e-15,-***
spec_govprot_attack_decision,v2x_polyarchy_lag1,contract_vs_mixed,2,"contract, mixed",-5.4689364553233,-5.468936455323292,-5.468936455323297,7.993605777301127e-15,-***
spec_govprot_attack_decision,v2x_polyarchy_lag1,mixed_vs_contract,2,"contract, mixed",5.468936455323292,5.4689364553233,5.468936455323297,7.993605777301127e-15,+***
spec_c_pack_decision,v2x_polyarchy_lag1,mixed_vs_contract,2,"contract, mixed",6.844724873065056,6.844724873065064,6.84472487306506,7.993605777301127e-15,+***
spec_govprot_reform,v2x_polyarchy_lag1,contract_vs_expand,2,"contract, expand",-3.459116515069011,-3.459116515069003,-3.459116515069007,7.993605777301127e-15,-***
spec_govprot_reform,v2x_polyarchy_lag1,expand_vs_contract,2,"contract, expand",3.459116515069003,3.459116515069011,3.459116515069007,7.993605777301127e-15,+***
spec_c_pack,legal_common,mixed_vs_expand,2,"expand, mixed",1.126627423330141,1.1266274233301488,1.1266274233301448,7.771561172376096e-15,+***
spec_c_pack,legal_common,expand_vs_mixed,2,"expand, mixed",-1.1266274233301488,-1.126627423330141,-1.1266274233301448,7.771561172376096e-15,-***
spec_extended_3,v2jupack_lag1,expand_vs_mixed,2,"expand, mixed",0.3129303423374048,0.3129303423374125,0.3129303423374087,7.716050021144838e-15,0
spec_extended_3,v2jupack_lag1,mixed_vs_expand,2,"expand, mixed",-0.3129303423374125,-0.3129303423374048,-0.3129303423374087,7.716050021144838e-15,0
spec_im_attack,j_ind_lag1,contract_vs_mixed,2,"contract, mixed",0.2322350205733032,0.2322350205733107,0.23223502057330694,7.494005416219807e-15,0
spec_im_attack,j_ind_lag1,mixed_vs_contract,2,"contract, mixed",-0.2322350205733107,-0.2322350205733032,-0.23223502057330694,7.494005416219807e-15,0
spec_p_pack,j_ind_lag1,mixed_vs_contract,2,"contract, mixed",-0.2401295777405813,-0.2401295777405739,-0.24012957774057758,7.41073868937292e-15,0
spec_p_pack,j_ind_lag1,contract_vs_mixed,2,"contract, mixed",0.2401295777405739,0.2401295777405813,0.24012957774057758,7.41073868937292e-15,0
spec_extended_1,v2x_polyarchy_lag1,mixed_vs_expand,2,"expand, mixed",1.6950080010263215,1.6950080010263289,1.6950080010263253,7.327471962526033e-15,+*
spec_extended_1,v2x_polyarchy_lag1,expand_vs_mixed,2,"expand, mixed",-1.6950080010263289,-1.6950080010263215,-1.6950080010263253,7.327471962526033e-15,-*
spec_extended_2_spline,j_ind_lag1,mixed_vs_contract,2,"contract, mixed",-0.1067508895652475,-0.1067508895652402,-0.10675088956524385,7.299716386910404e-15,0
spec_extended_2_spline,j_ind_lag1,contract_vs_mixed,2,"contract, mixed",0.1067508895652402,0.1067508895652475,0.10675088956524385,7.299716386910404e-15,0
spec_im_pack_decision,v2x_polyarchy_lag1,expand_vs_mixed,2,"expand, mixed",-3.47821288778005,-3.478212887780043,-3.4782128877800464,7.105427357601002e-15,-***
spec_im_pack_decision,v2x_polyarchy_lag1,mixed_vs_expand,2,"expand, mixed",3.478212887780043,3.47821288778005,3.4782128877800464,7.105427357601002e-15,+***
spec_im_pack,j_ind_lag1,mixed_vs_contract,2,"contract, mixed",-0.2284035399835502,-0.2284035399835431,-0.22840353998354665,7.105427357601002e-15,0
spec_p_attack_decision,v2x_polyarchy_lag1,contract_vs_mixed,2,"contract, mixed",-5.92160636096515,-5.921606360965143,-5.921606360965146,7.105427357601002e-15,-***
spec_p_attack_decision,v2x_polyarchy_lag1,mixed_vs_contract,2,"contract, mixed",5.921606360965143,5.92160636096515,5.921606360965146,7.105427357601002e-15,+***
spec_extended_1_spline,j_ind_lag1,mixed_vs_expand,2,"expand, mixed",-0.361172708840743,-0.3611727088407359,-0.36117270884073943,7.105427357601002e-15,-*
spec_extended_1_spline,j_ind_lag1,expand_vs_mixed,2,"expand, mixed",0.3611727088407359,0.361172708840743,0.36117270884073943,7.105427357601002e-15,+*
spec_im_pack,j_ind_lag1,contract_vs_mixed,2,"contract, mixed",0.2284035399835431,0.2284035399835502,0.22840353998354665,7.105427357601002e-15,0
spec_extended_3,legal_civil,contract_vs_mixed,2,"contract, mixed",0.3830127316647957,0.3830127316648025,0.3830127316647991,6.772360450213455e-15,0
spec_extended_3,legal_civil,mixed_vs_contract,2,"contract, mixed",-0.3830127316648025,-0.3830127316647957,-0.3830127316647991,6.772360450213455e-15,0
spec_extended_1_spline,legal_common,contract_vs_expand,2,"contract, expand",2.200576573938376,2.2005765739383825,2.2005765739383794,6.661338147750939e-15,+***
spec_p_attack,legal_common,expand_vs_contract,2,"contract, expand",-1.892753645261168,-1.8927536452611613,-1.8927536452611646,6.661338147750939e-15,-***
spec_p_attack,legal_common,contract_vs_expand,2,"contract, expand",1.8927536452611613,1.892753645261168,1.8927536452611646,6.661338147750939e-15,+***
spec_govprot_pack,legal_common,contract_vs_mixed,2,"contract, mixed",0.6302748293249889,0.6302748293249956,0.6302748293249922,6.661338147750939e-15,0
spec_govprot_pack,legal_common,mixed_vs_contract,2,"contract, mixed",-0.6302748293249956,-0.6302748293249889,-0.6302748293249922,6.661338147750939e-15,0
spec_extended_1_spline,legal_common,expand_vs_contract,2,"contract, expand",-2.2005765739383825,-2.200576573938376,-2.2005765739383794,6.661338147750939e-15,-***
spec_c_pack,legal_civil,mixed_vs_expand,2,"expand, mixed",0.2054105319107342,0.2054105319107408,0.2054105319107375,6.6058269965196814e-15,0
spec_c_pack,legal_civil,expand_vs_mixed,2,"expand, mixed",-0.2054105319107408,-0.2054105319107342,-0.2054105319107375,6.6058269965196814e-15,0
spec_extended_3,legal_civil,expand_vs_mixed,2,"expand, mixed",-0.0398937387817367,-0.0398937387817302,-0.039893738781733454,6.501743587961073e-15,0
spec_extended_3,legal_civil,mixed_vs_expand,2,"expand, mixed",0.0398937387817302,0.0398937387817367,0.039893738781733454,6.501743587961073e-15,0
spec_extended_3_spline_interact,v2jupack_lag1,contract_vs_mixed,2,"contract, mixed",0.591244798351438,0.5912447983514443,0.5912447983514411,6.328271240363392e-15,+**
spec_extended_3_spline_interact,v2jupack_lag1,mixed_vs_contract,2,"contract, mixed",-0.5912447983514443,-0.591244798351438,-0.5912447983514411,6.328271240363392e-15,-**
spec_c_pack,j_ind_lag1,expand_vs_mixed,2,"expand, mixed",0.3912069175628939,0.3912069175629001,0.391206917562897,6.217248937900877e-15,+**
spec_c_attack_decision,v2x_polyarchy_lag1,contract_vs_mixed,2,"contract, mixed",-5.66777199625254,-5.667771996252534,-5.667771996252537,6.217248937900877e-15,-***
spec_c_pack,j_ind_lag1,mixed_vs_expand,2,"expand, mixed",-0.3912069175629001,-0.3912069175628939,-0.391206917562897,6.217248937900877e-15,-**
spec_govprot_reform,legal_common,contract_vs_expand,2,"contract, expand",2.1865729919018464,2.1865729919018526,2.1865729919018495,6.217248937900877e-15,+***
spec_extended_2,legal_common,expand_vs_mixed,2,"expand, mixed",-1.182289036494717,-1.1822890364947107,-1.1822890364947138,6.217248937900877e-15,-***
spec_govprot_reform,legal_common,expand_vs_contract,2,"contract, expand",-2.1865729919018526,-2.1865729919018464,-2.1865729919018495,6.217248937900877e-15,-***
spec_extended_2,legal_common,mixed_vs_expand,2,"expand, mixed",1.1822890364947107,1.182289036494717,1.1822890364947138,6.217248937900877e-15,+***
spec_c_attack_decision,v2x_polyarchy_lag1,mixed_vs_contract,2,"contract, mixed",5.667771996252534,5.66777199625254,5.667771996252537,6.217248937900877e-15,+***
spec_extended_3_spline_interact,high_court,expand_vs_contract,2,"contract, expand",0.2642154970612394,0.2642154970612455,0.2642154970612425,6.050715484207103e-15,0
spec_extended_3_spline_interact,high_court,contract_vs_expand,2,"contract, expand",-0.2642154970612455,-0.2642154970612394,-0.2642154970612425,6.050715484207103e-15,0
spec_extended_3_spline_interact,legal_civil,mixed_vs_expand,2,"expand, mixed",0.0091686158335114,0.0091686158335174,0.009168615833514401,6.000408503403776e-15,0
spec_extended_3_spline_interact,legal_civil,expand_vs_mixed,2,"expand, mixed",-0.0091686158335174,-0.0091686158335114,-0.009168615833514401,6.000408503403776e-15,0
spec_im_attack,legal_civil,contract_vs_mixed,2,"contract, mixed",0.2863313604552793,0.2863313604552853,0.2863313604552823,5.995204332975845e-15,0
spec_im_attack,legal_civil,mixed_vs_contract,2,"contract, mixed",-0.2863313604552853,-0.2863313604552793,-0.2863313604552823,5.995204332975845e-15,0
spec_im_pack,legal_civil,mixed_vs_contract,2,"contract, mixed",-0.4810641834481931,-0.4810641834481872,-0.48106418344819013,5.88418203051333e-15,0
spec_im_pack,legal_civil,contract_vs_mixed,2,"contract, mixed",0.4810641834481872,0.4810641834481931,0.48106418344819013,5.88418203051333e-15,0
spec_c_attack,v2x_polyarchy_lag1,contract_vs_expand,2,"contract, expand",-3.4444024752914166,-3.444402475291411,-3.4444024752914135,5.773159728050814e-15,-***
spec_im_attack,legal_common,expand_vs_contract,2,"contract, expand",-1.8953926377624957,-1.89539263776249,-1.8953926377624928,5.773159728050814e-15,-***
spec_p_reform,v2x_polyarchy_lag1,expand_vs_mixed,2,"expand, mixed",-2.0358742854423797,-2.035874285442374,-2.035874285442377,5.773159728050814e-15,-***
spec_im_attack,legal_common,mixed_vs_expand,2,"expand, mixed",1.2181166945106332,1.218116694510639,1.218116694510636,5.773159728050814e-15,+***
spec_govprot_reform,legal_common,mixed_vs_expand,2,"expand, mixed",1.3370048346259815,1.3370048346259873,1.3370048346259844,5.773159728050814e-15,+***
spec_govprot_reform,legal_common,expand_vs_mixed,2,"expand, mixed",-1.3370048346259873,-1.3370048346259815,-1.3370048346259844,5.773159728050814e-15,-***
spec_im_attack,legal_common,expand_vs_mixed,2,"expand, mixed",-1.218116694510639,-1.2181166945106332,-1.218116694510636,5.773159728050814e-15,-***
spec_im_attack,legal_common,contract_vs_expand,2,"contract, expand",1.89539263776249,1.8953926377624957,1.8953926377624928,5.773159728050814e-15,+***
spec_c_attack,v2x_polyarchy_lag1,expand_vs_contract,2,"contract, expand",3.444402475291411,3.4444024752914166,3.4444024752914135,5.773159728050814e-15,+***
spec_p_reform,v2x_polyarchy_lag1,mixed_vs_expand,2,"expand, mixed",2.035874285442374,2.0358742854423797,2.035874285442377,5.773159728050814e-15,+***
spec_extended_3_spline,j_ind_lag1,expand_vs_contract,2,"contract, expand",0.211711889751242,0.2117118897512477,0.21171188975124483,5.689893001203927e-15,0
spec_extended_3_spline,j_ind_lag1,contract_vs_expand,2,"contract, expand",-0.2117118897512477,-0.211711889751242,-0.21171188975124483,5.689893001203927e-15,0
spec_extended_2,legal_common,contract_vs_mixed,2,"contract, mixed",0.5300304684169892,0.5300304684169949,0.5300304684169921,5.662137425588298e-15,0
spec_extended_2,legal_common,mixed_vs_contract,2,"contract, mixed",-0.5300304684169949,-0.5300304684169892,-0.5300304684169921,5.662137425588298e-15,0
spec_c_pack,v2jureview_lag1,expand_vs_mixed,2,"expand, mixed",0.4505463974349574,0.450546397434963,0.45054639743496017,5.6066262743570405e-15,0
spec_c_pack,v2jureview_lag1,mixed_vs_expand,2,"expand, mixed",-0.450546397434963,-0.4505463974349574,-0.45054639743496017,5.6066262743570405e-15,0
spec_govprot_reform,legal_civil,mixed_vs_expand,2,"expand, mixed",0.3362838671780361,0.3362838671780416,0.3362838671780388,5.495603971894525e-15,0
spec_govprot_reform,legal_civil,expand_vs_mixed,2,"expand, mixed",-0.3362838671780416,-0.3362838671780361,-0.3362838671780388,5.495603971894525e-15,0
spec_c_pack,j_ind_lag1,expand_vs_contract,2,"contract, expand",0.1436075361757354,0.1436075361757409,0.14360753617573815,5.495603971894525e-15,0
spec_c_reform,v2jureview_lag1,expand_vs_mixed,2,"expand, mixed",0.4589267893242313,0.4589267893242368,0.45892678932423403,5.495603971894525e-15,0
spec_extended_2,v2jureview_lag1,mixed_vs_expand,2,"expand, mixed",-0.4887964182872464,-0.4887964182872409,-0.48879641828724363,5.495603971894525e-15,0
spec_c_reform,v2jureview_lag1,mixed_vs_expand,2,"expand, mixed",-0.4589267893242368,-0.4589267893242313,-0.45892678932423403,5.495603971894525e-15,0
spec_c_pack,j_ind_lag1,contract_vs_expand,2,"contract, expand",-0.1436075361757409,-0.1436075361757354,-0.14360753617573815,5.495603971894525e-15,0
spec_extended_2,v2jureview_lag1,expand_vs_mixed,2,"expand, mixed",0.4887964182872409,0.4887964182872464,0.48879641828724363,5.495603971894525e-15,0
spec_im_reform,legal_common,contract_vs_mixed,2,"contract, mixed",0.9157252699148294,0.9157252699148348,0.9157252699148322,5.440092820663267e-15,+*
spec_im_reform,legal_common,mixed_vs_contract,2,"contract, mixed",-0.9157252699148348,-0.9157252699148294,-0.9157252699148322,5.440092820663267e-15,-*
spec_im_pack,legal_civil,expand_vs_mixed,2,"expand, mixed",0.1562453514324673,0.1562453514324727,0.15624535143246998,5.412337245047638e-15,0
spec_im_pack,legal_civil,mixed_vs_expand,2,"expand, mixed",-0.1562453514324727,-0.1562453514324673,-0.15624535143246998,5.412337245047638e-15,0
spec_c_attack,j_ind_lag1,contract_vs_mixed,2,"contract, mixed",0.2437676471942876,0.243767647194293,0.24376764719429028,5.412337245047638e-15,0
spec_c_attack,j_ind_lag1,mixed_vs_contract,2,"contract, mixed",-0.243767647194293,-0.2437676471942876,-0.24376764719429028,5.412337245047638e-15,0
spec_im_reform,legal_common,mixed_vs_expand,2,"expand, mixed",1.3697867074515788,1.3697867074515842,1.3697867074515815,5.329070518200751e-15,+***
spec_c_reform,v2jureview_lag1,contract_vs_mixed,2,"contract, mixed",-0.3308884100396943,-0.330888410039689,-0.33088841003969166,5.329070518200751e-15,0
spec_im_reform,legal_common,expand_vs_mixed,2,"expand, mixed",-1.3697867074515842,-1.3697867074515788,-1.3697867074515815,5.329070518200751e-15,-***
spec_c_reform,v2jureview_lag1,mixed_vs_contract,2,"contract, mixed",0.330888410039689,0.3308884100396943,0.33088841003969166,5.329070518200751e-15,0
spec_extended_1_spline,j_ind_lag1,contract_vs_mixed,2,"contract, mixed",0.0398901546335005,0.0398901546335057,0.0398901546335031,5.204170427930421e-15,0
spec_extended_1_spline,j_ind_lag1,mixed_vs_contract,2,"contract, mixed",-0.0398901546335057,-0.0398901546335005,-0.0398901546335031,5.204170427930421e-15,0
spec_p_reform_decision,legal_common,expand_vs_mixed,2,"expand, mixed",-1.0267182038643674,-1.0267182038643623,-1.0267182038643647,5.10702591327572e-15,-**
spec_p_reform_decision,legal_common,mixed_vs_expand,2,"expand, mixed",1.0267182038643623,1.0267182038643674,1.0267182038643647,5.10702591327572e-15,+**
spec_c_attack_decision,v2x_polyarchy_lag1,expand_vs_mixed,2,"expand, mixed",-2.566361266341611,-2.566361266341606,-2.566361266341609,4.884981308350689e-15,-***
spec_c_attack_decision,v2x_polyarchy_lag1,mixed_vs_expand,2,"expand, mixed",2.566361266341606,2.566361266341611,2.566361266341609,4.884981308350689e-15,+***
spec_im_pack,j_ind_lag1,mixed_vs_expand,2,"expand, mixed",-0.3600411865587403,-0.3600411865587354,-0.36004118655873785,4.884981308350689e-15,-*
spec_im_pack,j_ind_lag1,expand_vs_mixed,2,"expand, mixed",0.3600411865587354,0.3600411865587403,0.36004118655873785,4.884981308350689e-15,+*
spec_govprot_reform,v2jureview_lag1,contract_vs_expand,2,"contract, expand",-0.8290040462417992,-0.8290040462417945,-0.8290040462417969,4.773959005888173e-15,-**
spec_govprot_reform,v2jureview_lag1,expand_vs_contract,2,"contract, expand",0.8290040462417945,0.8290040462417992,0.8290040462417969,4.773959005888173e-15,+**
spec_p_pack,legal_civil,contract_vs_mixed,2,"contract, mixed",0.2273797617953259,0.2273797617953306,0.22737976179532826,4.690692279041286e-15,0
spec_p_pack,legal_civil,mixed_vs_contract,2,"contract, mixed",-0.2273797617953306,-0.2273797617953259,-0.22737976179532826,4.690692279041286e-15,0
spec_p_reform,legal_common,contract_vs_mixed,2,"contract, mixed",1.1122938069217136,1.1122938069217183,1.1122938069217159,4.6629367034256575e-15,+**
spec_p_reform,legal_common,mixed_vs_contract,2,"contract, mixed",-1.1122938069217183,-1.1122938069217136,-1.1122938069217159,4.6629367034256575e-15,-**
spec_extended_3,legal_common,mixed_vs_expand,2,"expand, mixed",1.1659874834019093,1.165987483401914,1.1659874834019117,4.6629367034256575e-15,+***
spec_extended_3,legal_common,expand_vs_mixed,2,"expand, mixed",-1.165987483401914,-1.1659874834019093,-1.1659874834019117,4.6629367034256575e-15,-***
spec_p_pack,v2jupack_lag1,mixed_vs_contract,2,"contract, mixed",-0.4864104469313401,-0.4864104469313355,-0.48641044693133784,4.6074255521944e-15,-**
spec_c_pack,legal_civil,contract_vs_expand,2,"contract, expand",0.4180033382887451,0.4180033382887497,0.41800333828874736,4.6074255521944e-15,0
spec_p_pack,v2jupack_lag1,contract_vs_mixed,2,"contract, mixed",0.4864104469313355,0.4864104469313401,0.48641044693133784,4.6074255521944e-15,+**
spec_c_pack,legal_civil,expand_vs_contract,2,"contract, expand",-0.4180033382887497,-0.4180033382887451,-0.41800333828874736,4.6074255521944e-15,0
spec_govprot_reform,j_ind_lag1,contract_vs_mixed,2,"contract, mixed",0.1099751397569807,0.1099751397569853,0.109975139756983,4.593547764386585e-15,0
spec_govprot_reform,j_ind_lag1,mixed_vs_contract,2,"contract, mixed",-0.1099751397569853,-0.1099751397569807,-0.109975139756983,4.593547764386585e-15,0
spec_p_pack,j_ind_lag1,expand_vs_contract,2,"contract, expand",0.1368515209186703,0.1368515209186749,0.1368515209186726,4.579669976578771e-15,0
spec_p_pack,j_ind_lag1,contract_vs_expand,2,"contract, expand",-0.1368515209186749,-0.1368515209186703,-0.1368515209186726,4.579669976578771e-15,0
spec_extended_1_spline,legal_civil,expand_vs_mixed,2,"expand, mixed",-0.4091192511093551,-0.4091192511093506,-0.4091192511093529,4.496403249731884e-15,0
spec_extended_1_spline,legal_civil,mixed_vs_expand,2,"expand, mixed",0.4091192511093506,0.4091192511093551,0.4091192511093529,4.496403249731884e-15,0
spec_extended_2,v2jureview_lag1,contract_vs_expand,2,"contract, expand",-0.7729975942232921,-0.7729975942232876,-0.7729975942232898,4.440892098500626e-15,-**
spec_extended_2,v2jureview_lag1,expand_vs_contract,2,"contract, expand",0.7729975942232876,0.7729975942232921,0.7729975942232898,4.440892098500626e-15,+**
spec_extended_3_spline,v2x_polyarchy_lag1,mixed_vs_contract,2,"contract, mixed",6.277015614639558,6.277015614639563,6.277015614639561,4.440892098500626e-15,+***
spec_extended_3_spline,v2x_polyarchy_lag1,contract_vs_mixed,2,"contract, mixed",-6.277015614639563,-6.277015614639558,-6.277015614639561,4.440892098500626e-15,-***
spec_extended_3,legal_common,mixed_vs_contract,2,"contract, mixed",-0.6217378676154867,-0.6217378676154822,-0.6217378676154844,4.440892098500626e-15,0
spec_extended_3,legal_common,contract_vs_mixed,2,"contract, mixed",0.6217378676154822,0.6217378676154867,0.6217378676154844,4.440892098500626e-15,0
spec_extended_3,j_ind_lag1,contract_vs_mixed,2,"contract, mixed",0.1957178746916384,0.1957178746916428,0.1957178746916406,4.413136522884997e-15,0
spec_extended_3,j_ind_lag1,mixed_vs_contract,2,"contract, mixed",-0.1957178746916428,-0.1957178746916384,-0.1957178746916406,4.413136522884997e-15,0
spec_extended_3_spline,wdj_expression_lag1,contract_vs_expand,2,"contract, expand",0.2676914954972076,0.267691495497212,0.26769149549720983,4.385380947269368e-15,0
spec_extended_3_spline,wdj_expression_lag1,expand_vs_contract,2,"contract, expand",-0.267691495497212,-0.2676914954972076,-0.26769149549720983,4.385380947269368e-15,0
spec_govprot_reform,j_ind_lag1,mixed_vs_expand,2,"expand, mixed",-0.373604773925927,-0.3736047739259227,-0.37360477392592484,4.3298697960381105e-15,-*
spec_govprot_reform,j_ind_lag1,expand_vs_mixed,2,"expand, mixed",0.3736047739259227,0.373604773925927,0.37360477392592484,4.3298697960381105e-15,+*
spec_im_pack,v2jupack_lag1,contract_vs_mixed,2,"contract, mixed",0.5634140746584089,0.5634140746584132,0.5634140746584111,4.3298697960381105e-15,+**
spec_im_pack,v2jupack_lag1,mixed_vs_contract,2,"contract, mixed",-0.5634140746584132,-0.5634140746584089,-0.5634140746584111,4.3298697960381105e-15,-**
spec_c_attack,j_ind_lag1,mixed_vs_expand,2,"expand, mixed",-0.3915746845301777,-0.3915746845301734,-0.3915746845301755,4.274358644806853e-15,-**
spec_c_attack,j_ind_lag1,expand_vs_mixed,2,"expand, mixed",0.3915746845301734,0.3915746845301777,0.3915746845301755,4.274358644806853e-15,+**
spec_govprot_pack,legal_common,expand_vs_contract,2,"contract, expand",-1.7943864144699144,-1.7943864144699102,-1.7943864144699124,4.218847493575595e-15,-***
spec_govprot_pack,legal_common,contract_vs_expand,2,"contract, expand",1.7943864144699102,1.7943864144699144,1.7943864144699124,4.218847493575595e-15,+***
spec_im_pack,j_ind_lag1,contract_vs_expand,2,"contract, expand",-0.1316376465751931,-0.1316376465751889,-0.131637646575191,4.218847493575595e-15,0
spec_im_pack,j_ind_lag1,expand_vs_contract,2,"contract, expand",0.1316376465751889,0.1316376465751931,0.131637646575191,4.218847493575595e-15,0
spec_govprot_reform,legal_civil,contract_vs_mixed,2,"contract, mixed",0.3373777247789262,0.3373777247789303,0.33737772477892825,4.107825191113079e-15,0
spec_govprot_reform,legal_civil,mixed_vs_contract,2,"contract, mixed",-0.3373777247789303,-0.3373777247789262,-0.33737772477892825,4.107825191113079e-15,0
spec_govprot_pack,legal_civil,expand_vs_contract,2,"contract, expand",-0.4353832694091454,-0.4353832694091413,-0.43538326940914335,4.107825191113079e-15,0
spec_govprot_pack,legal_civil,contract_vs_expand,2,"contract, expand",0.4353832694091413,0.4353832694091454,0.43538326940914335,4.107825191113079e-15,0
spec_extended_1_spline,wdj_expression_lag1,contract_vs_mixed,2,"contract, mixed",0.3795570984685646,0.3795570984685686,0.3795570984685666,3.9968028886505635e-15,0
spec_c_reform_decision,legal_common,mixed_vs_expand,2,"expand, mixed",1.064946811530088,1.064946811530092,1.06494681153009,3.9968028886505635e-15,+**
spec_im_pack,legal_common,mixed_vs_expand,2,"expand, mixed",1.2170116733362255,1.2170116733362295,1.2170116733362275,3.9968028886505635e-15,+***
spec_im_pack,legal_common,expand_vs_mixed,2,"expand, mixed",-1.2170116733362295,-1.2170116733362255,-1.2170116733362275,3.9968028886505635e-15,-***
spec_p_pack_decision,v2x_polyarchy_lag1,contract_vs_expand,2,"contract, expand",-3.672999388446796,-3.672999388446792,-3.6729993884467937,3.9968028886505635e-15,-***
spec_p_pack_decision,v2x_polyarchy_lag1,expand_vs_contract,2,"contract, expand",3.672999388446792,3.672999388446796,3.6729993884467937,3.9968028886505635e-15,+***
spec_p_reform,j_ind_lag1,mixed_vs_contract,2,"contract, mixed",-0.1641483614499002,-0.1641483614498962,-0.1641483614498982,3.9968028886505635e-15,0
spec_p_reform,j_ind_lag1,contract_vs_mixed,2,"contract, mixed",0.1641483614498962,0.1641483614499002,0.1641483614498982,3.9968028886505635e-15,0
spec_extended_1,legal_common,expand_vs_contract,2,"contract, expand",-2.190248000733217,-2.190248000733213,-2.190248000733215,3.9968028886505635e-15,-***
spec_extended_1,legal_common,contract_vs_expand,2,"contract, expand",2.190248000733213,2.190248000733217,2.190248000733215,3.9968028886505635e-15,+***
spec_c_pack,legal_common,contract_vs_expand,2,"contract, expand",1.86534627372354,1.865346273723544,1.865346273723542,3.9968028886505635e-15,+***
spec_c_pack,legal_common,expand_vs_contract,2,"contract, expand",-1.865346273723544,-1.86534627372354,-1.865346273723542,3.9968028886505635e-15,-***
spec_c_reform_decision,legal_common,expand_vs_mixed,2,"expand, mixed",-1.064946811530092,-1.064946811530088,-1.06494681153009,3.9968028886505635e-15,-**
spec_c_reform_decision,legal_civil,mixed_vs_expand,2,"expand, mixed",0.4537949931439798,0.4537949931439838,0.4537949931439818,3.9968028886505635e-15,0
spec_c_reform_decision,legal_civil,expand_vs_mixed,2,"expand, mixed",-0.4537949931439838,-0.4537949931439798,-0.4537949931439818,3.9968028886505635e-15,0
spec_extended_1_spline,wdj_expression_lag1,mixed_vs_contract,2,"contract, mixed",-0.3795570984685686,-0.3795570984685646,-0.3795570984685666,3.9968028886505635e-15,0
spec_govprot_pack,j_ind_lag1,mixed_vs_expand,2,"expand, mixed",-0.3476866714639907,-0.3476866714639867,-0.3476866714639887,3.9968028886505635e-15,0
spec_govprot_pack,j_ind_lag1,expand_vs_mixed,2,"expand, mixed",0.3476866714639867,0.3476866714639907,0.3476866714639887,3.9968028886505635e-15,0
spec_extended_3_spline,v2jureview_lag1,expand_vs_mixed,2,"expand, mixed",0.4045960355089275,0.4045960355089314,0.4045960355089294,3.941291737419306e-15,0
spec_extended_3_spline,v2jureview_lag1,mixed_vs_expand,2,"expand, mixed",-0.4045960355089314,-0.4045960355089275,-0.4045960355089294,3.941291737419306e-15,0
spec_p_attack,v2jureview_lag1,expand_vs_mixed,2,"expand, mixed",0.462114391148251,0.4621143911482549,0.4621143911482529,3.941291737419306e-15,0
spec_p_attack,v2jureview_lag1,mixed_vs_expand,2,"expand, mixed",-0.4621143911482549,-0.462114391148251,-0.4621143911482529,3.941291737419306e-15,0
spec_extended_2_spline,v2jureview_lag1,mixed_vs_contract,2,"contract, mixed",0.2729145186976264,0.2729145186976303,0.27291451869762834,3.885780586188048e-15,0
spec_extended_2_spline,v2jureview_lag1,contract_vs_mixed,2,"contract, mixed",-0.2729145186976303,-0.2729145186976264,-0.27291451869762834,3.885780586188048e-15,0
spec_c_attack,v2jureview_lag1,expand_vs_contract,2,"contract, expand",0.7588454541255935,0.7588454541255973,0.7588454541255953,3.885780586188048e-15,+**
spec_c_attack,v2jureview_lag1,contract_vs_expand,2,"contract, expand",-0.7588454541255973,-0.7588454541255935,-0.7588454541255953,3.885780586188048e-15,-**
spec_govprot_pack,j_ind_lag1,contract_vs_expand,2,"contract, expand",-0.1736717734207258,-0.1736717734207219,-0.17367177342072385,3.885780586188048e-15,0
spec_govprot_pack,j_ind_lag1,expand_vs_contract,2,"contract, expand",0.1736717734207219,0.1736717734207258,0.17367177342072385,3.885780586188048e-15,0
spec_govprot_attack,j_ind_lag1,expand_vs_mixed,2,"expand, mixed",0.343727134057455,0.3437271340574588,0.3437271340574569,3.83026943495679e-15,0
spec_govprot_attack,j_ind_lag1,mixed_vs_expand,2,"expand, mixed",-0.3437271340574588,-0.343727134057455,-0.3437271340574569,3.83026943495679e-15,0
spec_extended_3_spline_interact,v2jupack_lag1,expand_vs_contract,2,"contract, expand",-0.2962183657046844,-0.2962183657046806,-0.2962183657046825,3.83026943495679e-15,-**
spec_extended_3_spline_interact,v2jupack_lag1,contract_vs_expand,2,"contract, expand",0.2962183657046806,0.2962183657046844,0.2962183657046825,3.83026943495679e-15,+**
spec_c_pack,v2jupack_lag1,expand_vs_mixed,2,"expand, mixed",0.2524319764483939,0.2524319764483977,0.25243197644839577,3.83026943495679e-15,0
spec_c_pack,v2jupack_lag1,mixed_vs_expand,2,"expand, mixed",-0.2524319764483977,-0.2524319764483939,-0.25243197644839577,3.83026943495679e-15,0
spec_c_pack,legal_civil,mixed_vs_contract,2,"contract, mixed",-0.2125928063780119,-0.2125928063780081,-0.21259280637800998,3.802513859341161e-15,0
spec_c_pack,legal_civil,contract_vs_mixed,2,"contract, mixed",0.2125928063780081,0.2125928063780119,0.21259280637800998,3.802513859341161e-15,0
spec_p_attack,v2jureview_lag1,expand_vs_contract,2,"contract, expand",0.8198577851282487,0.8198577851282525,0.8198577851282506,3.774758283725532e-15,+**
spec_p_attack,v2jureview_lag1,contract_vs_expand,2,"contract, expand",-0.8198577851282525,-0.8198577851282487,-0.8198577851282506,3.774758283725532e-15,-**
spec_c_reform,v2jureview_lag1,expand_vs_contract,2,"contract, expand",0.7898151993639244,0.7898151993639282,0.7898151993639263,3.774758283725532e-15,+***
spec_c_reform,v2jureview_lag1,contract_vs_expand,2,"contract, expand",-0.7898151993639282,-0.7898151993639244,-0.7898151993639263,3.774758283725532e-15,-***
spec_p_attack,wdj_press_lag1,contract_vs_expand,2,"contract, expand",0.5753380265347232,0.575338026534727,0.5753380265347251,3.774758283725532e-15,0
spec_p_attack,wdj_press_lag1,expand_vs_contract,2,"contract, expand",-0.575338026534727,-0.5753380265347232,-0.5753380265347251,3.774758283725532e-15,0
spec_c_pack,v2jureview_lag1,expand_vs_contract,2,"contract, expand",0.8678130060451862,0.8678130060451898,0.8678130060451881,3.6637359812630166e-15,+***
spec_c_pack,v2jureview_lag1,contract_vs_expand,2,"contract, expand",-0.8678130060451898,-0.8678130060451862,-0.8678130060451881,3.6637359812630166e-15,-***
spec_p_reform_decision,legal_common,contract_vs_mixed,2,"contract, mixed",0.8698469819359171,0.8698469819359208,0.8698469819359189,3.6637359812630166e-15,+*
spec_p_reform_decision,legal_common,mixed_vs_contract,2,"contract, mixed",-0.8698469819359208,-0.8698469819359171,-0.8698469819359189,3.6637359812630166e-15,-*
spec_govprot_pack,v2jupack_lag1,contract_vs_expand,2,"contract, expand",0.252674379761254,0.2526743797612577,0.25267437976125584,3.6637359812630166e-15,0
spec_govprot_pack,v2jupack_lag1,expand_vs_contract,2,"contract, expand",-0.2526743797612577,-0.252674379761254,-0.25267437976125584,3.6637359812630166e-15,0
spec_c_pack,j_ind_lag1,mixed_vs_contract,2,"contract, mixed",-0.2475993813871608,-0.2475993813871572,-0.247599381387159,3.608224830031759e-15,0
spec_c_reform_decision,j_ind_lag1,mixed_vs_expand,2,"expand, mixed",-0.4205783271009787,-0.4205783271009751,-0.42057832710097687,3.608224830031759e-15,-**
spec_c_reform_decision,j_ind_lag1,expand_vs_mixed,2,"expand, mixed",0.4205783271009751,0.4205783271009787,0.42057832710097687,3.608224830031759e-15,+**
spec_c_pack,j_ind_lag1,contract_vs_mixed,2,"contract, mixed",0.2475993813871572,0.2475993813871608,0.247599381387159,3.608224830031759e-15,0
spec_im_attack,legal_civil,mixed_vs_expand,2,"expand, mixed",0.0118213266843508,0.0118213266843544,0.011821326684352599,3.599551212651875e-15,0
spec_im_attack,legal_civil,expand_vs_mixed,2,"expand, mixed",-0.0118213266843544,-0.0118213266843508,-0.011821326684352599,3.599551212651875e-15,0
spec_p_attack_decision,v2x_polyarchy_lag1,expand_vs_mixed,2,"expand, mixed",-2.654275141531113,-2.6542751415311097,-2.6542751415311114,3.552713678800501e-15,-***
spec_p_attack_decision,v2x_polyarchy_lag1,mixed_vs_expand,2,"expand, mixed",2.6542751415311097,2.654275141531113,2.6542751415311114,3.552713678800501e-15,+***
spec_extended_3_spline,v2x_polyarchy_lag1,mixed_vs_expand,2,"expand, mixed",2.8114520851539795,2.811452085153983,2.8114520851539813,3.552713678800501e-15,+**
spec_extended_3_spline,v2x_polyarchy_lag1,expand_vs_mixed,2,"expand, mixed",-2.811452085153983,-2.8114520851539795,-2.8114520851539813,3.552713678800501e-15,-**
spec_extended_2_spline_interact,v2jupoatck_lag1,mixed_vs_contract,2,"contract, mixed",-0.2235109398334484,-0.2235109398334449,-0.22351093983344666,3.524958103184872e-15,0
spec_extended_2_spline_interact,v2jupoatck_lag1,contract_vs_mixed,2,"contract, mixed",0.2235109398334449,0.2235109398334484,0.22351093983344666,3.524958103184872e-15,0
spec_extended_3_spline_interact,v2jupack_lag1,expand_vs_mixed,2,"expand, mixed",0.2950264326467496,0.2950264326467531,0.2950264326467513,3.497202527569243e-15,0
spec_extended_3_spline_interact,v2jupack_lag1,mixed_vs_expand,2,"expand, mixed",-0.2950264326467531,-0.2950264326467496,-0.2950264326467513,3.497202527569243e-15,0
spec_im_pack,v2jupack_lag1,expand_vs_contract,2,"contract, expand",-0.2139046513796084,-0.2139046513796049,-0.21390465137960665,3.497202527569243e-15,0
spec_im_pack,legal_civil,contract_vs_expand,2,"contract, expand",0.3248188320157175,0.324818832015721,0.32481883201571926,3.497202527569243e-15,0
spec_c_attack,v2jureview_lag1,mixed_vs_contract,2,"contract, mixed",0.2626860180796416,0.2626860180796451,0.2626860180796433,3.497202527569243e-15,0
spec_c_attack,v2jureview_lag1,contract_vs_mixed,2,"contract, mixed",-0.2626860180796451,-0.2626860180796416,-0.2626860180796433,3.497202527569243e-15,0
spec_im_pack,legal_civil,expand_vs_contract,2,"contract, expand",-0.324818832015721,-0.3248188320157175,-0.32481883201571926,3.497202527569243e-15,0
spec_extended_3_spline,legal_common,contract_vs_mixed,2,"contract, mixed",0.437099748903233,0.4370997489032365,0.4370997489032348,3.497202527569243e-15,0
spec_extended_3_spline,legal_common,mixed_vs_contract,2,"contract, mixed",-0.4370997489032365,-0.437099748903233,-0.4370997489032348,3.497202527569243e-15,0
spec_im_pack,v2jupack_lag1,contract_vs_expand,2,"contract, expand",0.2139046513796049,0.2139046513796084,0.21390465137960665,3.497202527569243e-15,0
spec_extended_2_spline,legal_civil,mixed_vs_contract,2,"contract, mixed",-0.1783064771375627,-0.1783064771375593,-0.17830647713756098,3.4139358007223564e-15,0
spec_extended_2_spline,legal_civil,contract_vs_mixed,2,"contract, mixed",0.1783064771375593,0.1783064771375627,0.17830647713756098,3.4139358007223564e-15,0
spec_p_reform,j_ind_lag1,expand_vs_mixed,2,"expand, mixed",0.3895432382533051,0.3895432382533085,0.38954323825330683,3.3861802251067274e-15,+**
spec_govprot_pack,legal_civil,contract_vs_mixed,2,"contract, mixed",0.3870871135798088,0.3870871135798122,0.3870871135798105,3.3861802251067274e-15,0
spec_govprot_pack,legal_civil,mixed_vs_contract,2,"contract, mixed",-0.3870871135798122,-0.3870871135798088,-0.3870871135798105,3.3861802251067274e-15,0
spec_p_reform,j_ind_lag1,mixed_vs_expand,2,"expand, mixed",-0.3895432382533085,-0.3895432382533051,-0.38954323825330683,3.3861802251067274e-15,-**
spec_c_pack,legal_common,mixed_vs_contract,2,"contract, mixed",-0.7387188503933981,-0.7387188503933948,-0.7387188503933965,3.3306690738754696e-15,0
spec_c_pack,legal_common,contract_vs_mixed,2,"contract, mixed",0.7387188503933948,0.7387188503933981,0.7387188503933965,3.3306690738754696e-15,0
spec_extended_2_spline,j_ind_lag1,expand_vs_mixed,2,"expand, mixed",0.3268462353171262,0.3268462353171295,0.32684623531712786,3.2751579226442118e-15,0
spec_p_pack,j_ind_lag1,mixed_vs_expand,2,"expand, mixed",-0.3769810986592523,-0.376981098659249,-0.37698109865925067,3.2751579226442118e-15,-**
spec_p_pack,j_ind_lag1,expand_vs_mixed,2,"expand, mixed",0.376981098659249,0.3769810986592523,0.37698109865925067,3.2751579226442118e-15,+**
spec_govprot_pack,v2jureview_lag1,contract_vs_mixed,2,"contract, mixed",-0.4795912059827275,-0.4795912059827242,-0.47959120598272587,3.2751579226442118e-15,0
spec_govprot_pack,v2jureview_lag1,mixed_vs_contract,2,"contract, mixed",0.4795912059827242,0.4795912059827275,0.47959120598272587,3.2751579226442118e-15,0
spec_extended_2_spline,j_ind_lag1,mixed_vs_expand,2,"expand, mixed",-0.3268462353171295,-0.3268462353171262,-0.32684623531712786,3.2751579226442118e-15,0
spec_im_pack,v2jupack_lag1,mixed_vs_expand,2,"expand, mixed",-0.3495094232788053,-0.3495094232788021,-0.3495094232788037,3.219646771412954e-15,-*
spec_govprot_attack,legal_civil,expand_vs_mixed,2,"expand, mixed",-0.1691916752968279,-0.1691916752968247,-0.1691916752968263,3.219646771412954e-15,0
spec_im_pack,v2jupack_lag1,expand_vs_mixed,2,"expand, mixed",0.3495094232788021,0.3495094232788053,0.3495094232788037,3.219646771412954e-15,+*
spec_govprot_attack,legal_civil,mixed_vs_expand,2,"expand, mixed",0.1691916752968247,0.1691916752968279,0.1691916752968263,3.219646771412954e-15,0
spec_c_reform,v2x_polyarchy_lag1,expand_vs_mixed,2,"expand, mixed",-1.7862228364897854,-1.7862228364897823,-1.7862228364897839,3.1086244689504383e-15,-**
spec_im_reform,legal_civil,expand_vs_mixed,2,"expand, mixed",-0.1892254580537788,-0.1892254580537757,-0.18922545805377725,3.1086244689504383e-15,0
spec_p_reform,legal_common,expand_vs_mixed,2,"expand, mixed",-1.1883900901639388,-1.1883900901639357,-1.1883900901639373,3.1086244689504383e-15,-***
spec_c_reform,v2x_polyarchy_lag1,mixed_vs_expand,2,"expand, mixed",1.7862228364897823,1.7862228364897854,1.7862228364897839,3.1086244689504383e-15,+**
spec_extended_2_spline,legal_common,contract_vs_expand,2,"contract, expand",1.6647909687136018,1.6647909687136049,1.6647909687136033,3.1086244689504383e-15,+***
spec_extended_1,legal_common,expand_vs_mixed,2,"expand, mixed",-1.336783843373958,-1.336783843373955,-1.3367838433739565,3.1086244689504383e-15,-***
spec_p_reform,legal_common,mixed_vs_expand,2,"expand, mixed",1.1883900901639357,1.1883900901639388,1.1883900901639373,3.1086244689504383e-15,+***
spec_extended_2_spline,legal_common,expand_vs_contract,2,"contract, expand",-1.6647909687136049,-1.6647909687136018,-1.6647909687136033,3.1086244689504383e-15,-***
spec_p_pack,wdj_press_lag1,mixed_vs_contract,2,"contract, mixed",-1.4396373832813298,-1.4396373832813267,-1.4396373832813283,3.1086244689504383e-15,-**
spec_extended_1,legal_common,mixed_vs_expand,2,"expand, mixed",1.336783843373955,1.336783843373958,1.3367838433739565,3.1086244689504383e-15,+***
spec_extended_1,v2jureview_lag1,mixed_vs_expand,2,"expand, mixed",-0.447608047125495,-0.4476080471254919,-0.44760804712549346,3.1086244689504383e-15,0
spec_im_reform,legal_civil,mixed_vs_expand,2,"expand, mixed",0.1892254580537757,0.1892254580537788,0.18922545805377725,3.1086244689504383e-15,0
spec_extended_1,v2jureview_lag1,expand_vs_mixed,2,"expand, mixed",0.4476080471254919,0.447608047125495,0.44760804712549346,3.1086244689504383e-15,0
spec_im_reform,v2jureview_lag1,mixed_vs_contract,2,"contract, mixed",0.3534549986919635,0.3534549986919666,0.35345499869196506,3.1086244689504383e-15,0
spec_im_reform,v2jureview_lag1,contract_vs_mixed,2,"contract, mixed",-0.3534549986919666,-0.3534549986919635,-0.35345499869196506,3.1086244689504383e-15,0
spec_p_pack,wdj_press_lag1,contract_vs_mixed,2,"contract, mixed",1.4396373832813267,1.4396373832813298,1.4396373832813283,3.1086244689504383e-15,+**
spec_im_reform,legal_civil,contract_vs_mixed,2,"contract, mixed",0.3744544971083525,0.3744544971083555,0.374454497108354,2.9976021664879227e-15,0
spec_im_reform_decision,j_ind_lag1,mixed_vs_contract,2,"contract, mixed",-0.172120065162697,-0.172120065162694,-0.1721200651626955,2.9976021664879227e-15,0
spec_im_reform_decision,j_ind_lag1,contract_vs_mixed,2,"contract, mixed",0.172120065162694,0.172120065162697,0.1721200651626955,2.9976021664879227e-15,0
spec_im_reform,legal_civil,mixed_vs_contract,2,"contract, mixed",-0.3744544971083555,-0.3744544971083525,-0.374454497108354,2.9976021664879227e-15,0
spec_extended_2,legal_civil,mixed_vs_expand,2,"expand, mixed",0.1528846553012547,0.1528846553012576,0.15288465530125617,2.914335439641036e-15,0
spec_extended_2,legal_civil,expand_vs_mixed,2,"expand, mixed",-0.1528846553012576,-0.1528846553012547,-0.15288465530125617,2.914335439641036e-15,0
spec_extended_2,legal_common,expand_vs_contract,2,"contract, expand",-1.712319504911708,-1.712319504911705,-1.7123195049117066,2.886579864025407e-15,-***
spec_extended_1_spline,legal_common,contract_vs_mixed,2,"contract, mixed",0.6355143528670896,0.6355143528670925,0.635514352867091,2.886579864025407e-15,0
spec_extended_3_spline,legal_civil,expand_vs_contract,2,"contract, expand",-0.4054218172052751,-0.4054218172052722,-0.40542181720527365,2.886579864025407e-15,0
spec_c_reform,j_ind_lag1,contract_vs_mixed,2,"contract, mixed",0.1789691457134348,0.1789691457134377,0.17896914571343625,2.886579864025407e-15,0
spec_extended_3_spline,legal_civil,contract_vs_expand,2,"contract, expand",0.4054218172052722,0.4054218172052751,0.40542181720527365,2.886579864025407e-15,0
spec_govprot_attack,legal_common,expand_vs_mixed,2,"expand, mixed",-1.1879091233591446,-1.1879091233591417,-1.1879091233591432,2.886579864025407e-15,-***
spec_extended_1_spline,legal_common,mixed_vs_contract,2,"contract, mixed",-0.6355143528670925,-0.6355143528670896,-0.635514352867091,2.886579864025407e-15,0
spec_govprot_attack,legal_common,mixed_vs_expand,2,"expand, mixed",1.1879091233591417,1.1879091233591446,1.1879091233591432,2.886579864025407e-15,+***
spec_c_reform,j_ind_lag1,mixed_vs_contract,2,"contract, mixed",-0.1789691457134377,-0.1789691457134348,-0.17896914571343625,2.886579864025407e-15,0
spec_extended_2,legal_common,contract_vs_expand,2,"contract, expand",1.712319504911705,1.712319504911708,1.7123195049117066,2.886579864025407e-15,+***
spec_extended_1,legal_civil,expand_vs_contract,2,"contract, expand",-0.6711549970475748,-0.6711549970475719,-0.6711549970475733,2.886579864025407e-15,-*
spec_extended_1,legal_civil,contract_vs_expand,2,"contract, expand",0.6711549970475719,0.6711549970475748,0.6711549970475733,2.886579864025407e-15,+*
spec_p_pack,legal_common,mixed_vs_expand,2,"expand, mixed",1.0511474039573412,1.051147403957344,1.0511474039573425,2.886579864025407e-15,+***
spec_p_pack,legal_common,expand_vs_mixed,2,"expand, mixed",-1.051147403957344,-1.0511474039573412,-1.0511474039573425,2.886579864025407e-15,-***
spec_im_attack,j_ind_lag1,expand_vs_mixed,2,"expand, mixed",0.3691347134229512,0.369134713422954,0.36913471342295257,2.831068712794149e-15,+*
spec_extended_2,v2jureview_lag1,contract_vs_mixed,2,"contract, mixed",-0.2842011759360477,-0.2842011759360449,-0.2842011759360463,2.831068712794149e-15,0
spec_extended_2,v2jureview_lag1,mixed_vs_contract,2,"contract, mixed",0.2842011759360449,0.2842011759360477,0.2842011759360463,2.831068712794149e-15,0
spec_im_attack,j_ind_lag1,mixed_vs_expand,2,"expand, mixed",-0.369134713422954,-0.3691347134229512,-0.36913471342295257,2.831068712794149e-15,-*
spec_c_pack,v2jupack_lag1,contract_vs_expand,2,"contract, expand",0.23525340604705,0.2352534060470528,0.23525340604705142,2.8033131371785203e-15,0
spec_im_reform_decision,j_ind_lag1,expand_vs_contract,2,"contract, expand",0.2230144616655809,0.2230144616655837,0.2230144616655823,2.8033131371785203e-15,0
spec_im_reform_decision,j_ind_lag1,contract_vs_expand,2,"contract, expand",-0.2230144616655837,-0.2230144616655809,-0.2230144616655823,2.8033131371785203e-15,0
spec_c_pack,v2jupack_lag1,expand_vs_contract,2,"contract, expand",-0.2352534060470528,-0.23525340604705,-0.23525340604705142,2.8033131371785203e-15,0
spec_p_attack,v2jureview_lag1,mixed_vs_contract,2,"contract, mixed",0.3577433939799966,0.3577433939799994,0.357743393979998,2.7755575615628914e-15,0
spec_p_attack,v2jureview_lag1,contract_vs_mixed,2,"contract, mixed",-0.3577433939799994,-0.3577433939799966,-0.357743393979998,2.7755575615628914e-15,0
spec_govprot_reform,v2jureview_lag1,mixed_vs_expand,2,"expand, mixed",-0.4422263680577343,-0.4422263680577316,-0.44222636805773297,2.7200464103316335e-15,0
spec_govprot_reform,v2jureview_lag1,expand_vs_mixed,2,"expand, mixed",0.4422263680577316,0.4422263680577343,0.44222636805773297,2.7200464103316335e-15,0
spec_p_reform,v2jureview_lag1,contract_vs_mixed,2,"contract, mixed",-0.4138013927526823,-0.4138013927526796,-0.4138013927526809,2.7200464103316335e-15,0
spec_extended_3,j_ind_lag1,mixed_vs_expand,2,"expand, mixed",-0.3573531934252298,-0.3573531934252271,-0.3573531934252284,2.7200464103316335e-15,-*
spec_p_reform,v2jureview_lag1,mixed_vs_contract,2,"contract, mixed",0.4138013927526796,0.4138013927526823,0.4138013927526809,2.7200464103316335e-15,0
spec_extended_3,j_ind_lag1,expand_vs_mixed,2,"expand, mixed",0.3573531934252271,0.3573531934252298,0.3573531934252284,2.7200464103316335e-15,+*
spec_govprot_attack,j_ind_lag1,mixed_vs_contract,2,"contract, mixed",-0.1461594114314059,-0.1461594114314032,-0.14615941143140454,2.6922908347160046e-15,0
spec_govprot_attack,j_ind_lag1,contract_vs_mixed,2,"contract, mixed",0.1461594114314032,0.1461594114314059,0.14615941143140454,2.6922908347160046e-15,0
spec_p_attack,wdj_press_lag1,mixed_vs_contract,2,"contract, mixed",-1.6120075878299225,-1.6120075878299198,-1.6120075878299212,2.6645352591003757e-15,-**
spec_p_attack,wdj_press_lag1,contract_vs_mixed,2,"contract, mixed",1.6120075878299198,1.6120075878299225,1.6120075878299212,2.6645352591003757e-15,+**
spec_extended_3_spline_interact,legal_common,contract_vs_expand,2,"contract, expand",1.769789716529103,1.7697897165291057,1.7697897165291043,2.6645352591003757e-15,+***
spec_extended_3_spline_interact,legal_common,expand_vs_contract,2,"contract, expand",-1.7697897165291057,-1.769789716529103,-1.7697897165291043,2.6645352591003757e-15,-***
spec_p_reform_decision,wdj_press_lag1,contract_vs_mixed,2,"contract, mixed",1.547545442372197,1.5475454423721997,1.5475454423721984,2.6645352591003757e-15,+***
spec_govprot_attack,v2jureview_lag1,expand_vs_contract,2,"contract, expand",0.7780424835559707,0.7780424835559734,0.778042483555972,2.6645352591003757e-15,+**
spec_govprot_attack,v2jureview_lag1,contract_vs_expand,2,"contract, expand",-0.7780424835559734,-0.7780424835559707,-0.778042483555972,2.6645352591003757e-15,-**
spec_govprot_attack_decision,v2x_polyarchy_lag1,mixed_vs_expand,2,"expand, mixed",2.435775331619559,2.4357753316195616,2.4357753316195603,2.6645352591003757e-15,+***
spec_p_pack_decision,legal_common,mixed_vs_contract,2,"contract, mixed",-0.6771544867578287,-0.6771544867578261,-0.6771544867578274,2.6645352591003757e-15,0
spec_im_reform,legal_common,contract_vs_expand,2,"contract, expand",2.2855119773664123,2.285511977366415,2.2855119773664136,2.6645352591003757e-15,+***
spec_govprot_attack_decision,v2x_polyarchy_lag1,expand_vs_mixed,2,"expand, mixed",-2.4357753316195616,-2.435775331619559,-2.4357753316195603,2.6645352591003757e-15,-***
spec_p_pack_decision,legal_common,contract_vs_mixed,2,"contract, mixed",0.6771544867578261,0.6771544867578287,0.6771544867578274,2.6645352591003757e-15,0
spec_im_reform,legal_common,expand_vs_contract,2,"contract, expand",-2.285511977366415,-2.2855119773664123,-2.2855119773664136,2.6645352591003757e-15,-***
spec_p_reform_decision,wdj_press_lag1,mixed_vs_contract,2,"contract, mixed",-1.5475454423721997,-1.547545442372197,-1.5475454423721984,2.6645352591003757e-15,-***
spec_p_attack,j_ind_lag1,contract_vs_mixed,2,"contract, mixed",0.2300532781853131,0.2300532781853157,0.2300532781853144,2.609024107869118e-15,0
spec_im_pack,v2jureview_lag1,mixed_vs_expand,2,"expand, mixed",-0.4256311031177518,-0.4256311031177492,-0.42563110311775054,2.609024107869118e-15,0
spec_p_attack,j_ind_lag1,mixed_vs_contract,2,"contract, mixed",-0.2300532781853157,-0.2300532781853131,-0.2300532781853144,2.609024107869118e-15,0
spec_im_pack,v2jureview_lag1,expand_vs_mixed,2,"expand, mixed",0.4256311031177492,0.4256311031177518,0.42563110311775054,2.609024107869118e-15,0
spec_extended_1_spline,v2jureview_lag1,mixed_vs_expand,2,"expand, mixed",-0.4145619168639405,-0.4145619168639379,-0.4145619168639392,2.609024107869118e-15,0
spec_extended_1_spline,v2jureview_lag1,expand_vs_mixed,2,"expand, mixed",0.4145619168639379,0.4145619168639405,0.4145619168639392,2.609024107869118e-15,0
spec_extended_2_spline,v2jureview_lag1,mixed_vs_expand,2,"expand, mixed",-0.4069363496508527,-0.4069363496508501,-0.4069363496508514,2.55351295663786e-15,0
spec_govprot_reform,legal_common,mixed_vs_contract,2,"contract, mixed",-0.8495681572758693,-0.8495681572758668,-0.849568157275868,2.55351295663786e-15,0
spec_c_attack,legal_common,mixed_vs_contract,2,"contract, mixed",-0.7130685428991186,-0.713068542899116,-0.7130685428991173,2.55351295663786e-15,0
spec_extended_2_spline,v2jureview_lag1,expand_vs_mixed,2,"expand, mixed",0.4069363496508501,0.4069363496508527,0.4069363496508514,2.55351295663786e-15,0
spec_govprot_reform,legal_common,contract_vs_mixed,2,"contract, mixed",0.8495681572758668,0.8495681572758693,0.849568157275868,2.55351295663786e-15,0
spec_c_attack,legal_common,contract_vs_mixed,2,"contract, mixed",0.713068542899116,0.7130685428991186,0.7130685428991173,2.55351295663786e-15,0
spec_extended_2_spline,legal_common,contract_vs_mixed,2,"contract, mixed",0.3574015304017212,0.3574015304017237,0.3574015304017224,2.4980018054066022e-15,0
spec_extended_2_spline,legal_common,mixed_vs_contract,2,"contract, mixed",-0.3574015304017237,-0.3574015304017212,-0.3574015304017224,2.4980018054066022e-15,0
spec_im_pack_decision,v2jureview_lag1,contract_vs_mixed,2,"contract, mixed",-0.4157691340369382,-0.4157691340369357,-0.41576913403693694,2.4980018054066022e-15,0
spec_im_pack_decision,v2jureview_lag1,mixed_vs_contract,2,"contract, mixed",0.4157691340369357,0.4157691340369382,0.41576913403693694,2.4980018054066022e-15,0
spec_extended_1_spline,v2jureview_lag1,mixed_vs_contract,2,"contract, mixed",0.3690547721284773,0.3690547721284798,0.3690547721284786,2.4980018054066022e-15,0
spec_extended_1_spline,v2jureview_lag1,contract_vs_mixed,2,"contract, mixed",-0.3690547721284798,-0.3690547721284773,-0.3690547721284786,2.4980018054066022e-15,0
spec_govprot_attack,v2jureview_lag1,expand_vs_mixed,2,"expand, mixed",0.4902832957530119,0.4902832957530144,0.4902832957530131,2.4980018054066022e-15,0
spec_govprot_attack,v2jureview_lag1,mixed_vs_expand,2,"expand, mixed",-0.4902832957530144,-0.4902832957530119,-0.4902832957530131,2.4980018054066022e-15,0
spec_govprot_reform_decision,j_ind_lag1,expand_vs_mixed,2,"expand, mixed",0.385316469601873,0.3853164696018755,0.38531646960187427,2.4980018054066022e-15,+**
spec_govprot_reform_decision,j_ind_lag1,mixed_vs_expand,2,"expand, mixed",-0.3853164696018755,-0.385316469601873,-0.38531646960187427,2.4980018054066022e-15,-**
spec_extended_3_spline,legal_common,expand_vs_contract,2,"contract, expand",-1.7399866659995062,-1.7399866659995038,-1.739986665999505,2.4424906541753444e-15,-***
spec_extended_3_spline,legal_common,contract_vs_expand,2,"contract, expand",1.7399866659995038,1.7399866659995062,1.739986665999505,2.4424906541753444e-15,+***
spec_extended_1_spline,v2jureview_lag1,expand_vs_contract,2,"contract, expand",0.7836166889924163,0.7836166889924188,0.7836166889924175,2.4424906541753444e-15,+**
spec_extended_1_spline,v2jureview_lag1,contract_vs_expand,2,"contract, expand",-0.7836166889924188,-0.7836166889924163,-0.7836166889924175,2.4424906541753444e-15,-**
spec_govprot_pack_decision,v2jupack_lag1,contract_vs_mixed,2,"contract, mixed",0.5298492814515668,0.5298492814515693,0.5298492814515681,2.4424906541753444e-15,+**
spec_govprot_pack_decision,v2jupack_lag1,mixed_vs_contract,2,"contract, mixed",-0.5298492814515693,-0.5298492814515668,-0.5298492814515681,2.4424906541753444e-15,-**
spec_p_pack,v2jupack_lag1,expand_vs_mixed,2,"expand, mixed",0.2488799652581569,0.2488799652581593,0.2488799652581581,2.4147350785597155e-15,0
spec_im_pack_decision,j_ind_lag1,mixed_vs_contract,2,"contract, mixed",-0.2142889490427608,-0.2142889490427584,-0.21428894904275958,2.4147350785597155e-15,0
spec_p_pack,v2jupack_lag1,mixed_vs_expand,2,"expand, mixed",-0.2488799652581593,-0.2488799652581569,-0.2488799652581581,2.4147350785597155e-15,0
spec_im_pack_decision,j_ind_lag1,contract_vs_mixed,2,"contract, mixed",0.2142889490427584,0.2142889490427608,0.21428894904275958,2.4147350785597155e-15,0
spec_p_reform,j_ind_lag1,expand_vs_contract,2,"contract, expand",0.2253948768034065,0.2253948768034089,0.2253948768034077,2.3869795029440866e-15,0
spec_p_reform,j_ind_lag1,contract_vs_expand,2,"contract, expand",-0.2253948768034089,-0.2253948768034065,-0.2253948768034077,2.3869795029440866e-15,0
spec_im_attack_decision,v2jureview_lag1,expand_vs_mixed,2,"expand, mixed",0.3600363789971252,0.3600363789971276,0.36003637899712637,2.3869795029440866e-15,0
spec_p_pack_decision,v2jureview_lag1,mixed_vs_expand,2,"expand, mixed",-0.2906449407249581,-0.2906449407249557,-0.29064494072495695,2.3869795029440866e-15,0
spec_p_pack_decision,v2jureview_lag1,expand_vs_mixed,2,"expand, mixed",0.2906449407249557,0.2906449407249581,0.29064494072495695,2.3869795029440866e-15,0
spec_im_attack_decision,v2jureview_lag1,mixed_vs_expand,2,"expand, mixed",-0.3600363789971276,-0.3600363789971252,-0.36003637899712637,2.3869795029440866e-15,0
spec_extended_2,legal_civil,contract_vs_mixed,2,"contract, mixed",0.1991011945788415,0.1991011945788439,0.1991011945788427,2.3869795029440866e-15,0
spec_extended_2,legal_civil,mixed_vs_contract,2,"contract, mixed",-0.1991011945788439,-0.1991011945788415,-0.1991011945788427,2.3869795029440866e-15,0
spec_p_pack_decision,legal_common,expand_vs_mixed,2,"expand, mixed",-0.8639066944981634,-0.863906694498161,-0.8639066944981622,2.3314683517128287e-15,-**
spec_p_pack_decision,legal_common,mixed_vs_expand,2,"expand, mixed",0.863906694498161,0.8639066944981634,0.8639066944981622,2.3314683517128287e-15,+**
spec_govprot_reform_decision,legal_civil,expand_vs_mixed,2,"expand, mixed",-0.3146511659603973,-0.314651165960395,-0.31465116596039616,2.3314683517128287e-15,0
spec_govprot_reform_decision,legal_civil,mixed_vs_expand,2,"expand, mixed",0.314651165960395,0.3146511659603973,0.31465116596039616,2.3314683517128287e-15,0
spec_c_pack_decision,v2jureview_lag1,mixed_vs_expand,2,"expand, mixed",-0.298385976320439,-0.2983859763204367,-0.29838597632043784,2.3314683517128287e-15,0
spec_c_pack_decision,v2jureview_lag1,expand_vs_mixed,2,"expand, mixed",0.2983859763204367,0.298385976320439,0.29838597632043784,2.3314683517128287e-15,0
spec_extended_1_spline_interact,high_court,mixed_vs_expand,2,"expand, mixed",0.2101893848848209,0.2101893848848232,0.21018938488482203,2.3037127760972e-15,0
spec_govprot_pack,j_ind_lag1,mixed_vs_contract,2,"contract, mixed",-0.1740148980432649,-0.1740148980432626,-0.17401489804326375,2.3037127760972e-15,0
spec_extended_1_spline_interact,high_court,expand_vs_mixed,2,"expand, mixed",-0.2101893848848232,-0.2101893848848209,-0.21018938488482203,2.3037127760972e-15,0
spec_govprot_pack,j_ind_lag1,contract_vs_mixed,2,"contract, mixed",0.1740148980432626,0.1740148980432649,0.17401489804326375,2.3037127760972e-15,0
spec_c_attack,legal_civil,contract_vs_mixed,2,"contract, mixed",0.0605187668469275,0.0605187668469298,0.060518766846928654,2.2967738821932926e-15,0
spec_c_attack,legal_civil,mixed_vs_contract,2,"contract, mixed",-0.0605187668469298,-0.0605187668469275,-0.060518766846928654,2.2967738821932926e-15,0
spec_im_reform,j_ind_lag1,expand_vs_contract,2,"contract, expand",0.2146129648649827,0.214612964864985,0.21461296486498385,2.275957200481571e-15,0
spec_im_reform,j_ind_lag1,contract_vs_expand,2,"contract, expand",-0.214612964864985,-0.2146129648649827,-0.21461296486498385,2.275957200481571e-15,0
spec_extended_1_spline,v2x_polyarchy_lag1,expand_vs_contract,2,"contract, expand",3.1733348855504184,3.1733348855504206,3.1733348855504193,2.220446049250313e-15,+**
spec_p_attack,legal_common,contract_vs_mixed,2,"contract, mixed",0.849438396857077,0.8494383968570792,0.8494383968570781,2.220446049250313e-15,+*
spec_c_pack_decision,legal_common,expand_vs_contract,2,"contract, expand",-1.4581458017534128,-1.4581458017534106,-1.4581458017534117,2.220446049250313e-15,-***
spec_p_attack,legal_common,mixed_vs_contract,2,"contract, mixed",-0.8494383968570792,-0.849438396857077,-0.8494383968570781,2.220446049250313e-15,-*
spec_extended_1_spline,v2x_polyarchy_lag1,contract_vs_expand,2,"contract, expand",-3.1733348855504206,-3.1733348855504184,-3.1733348855504193,2.220446049250313e-15,-**
spec_c_pack_decision,legal_common,contract_vs_expand,2,"contract, expand",1.4581458017534106,1.4581458017534128,1.4581458017534117,2.220446049250313e-15,+***
spec_im_pack,legal_common,mixed_vs_contract,2,"contract, mixed",-0.6965010607759535,-0.6965010607759513,-0.6965010607759524,2.220446049250313e-15,0
spec_im_pack,legal_common,contract_vs_mixed,2,"contract, mixed",0.6965010607759513,0.6965010607759535,0.6965010607759524,2.220446049250313e-15,0
spec_extended_3,v2jupack_lag1,contract_vs_expand,2,"contract, expand",0.2561006922479872,0.2561006922479894,0.2561006922479883,2.220446049250313e-15,0
spec_extended_3,v2jupack_lag1,expand_vs_contract,2,"contract, expand",-0.2561006922479894,-0.2561006922479872,-0.2561006922479883,2.220446049250313e-15,0
spec_p_reform_decision,legal_civil,contract_vs_mixed,2,"contract, mixed",-0.0683731694916998,-0.0683731694916976,-0.0683731694916987,2.2065682614424986e-15,0
spec_p_reform_decision,legal_civil,mixed_vs_contract,2,"contract, mixed",0.0683731694916976,0.0683731694916998,0.0683731694916987,2.2065682614424986e-15,0
spec_c_reform_decision,j_ind_lag1,contract_vs_mixed,2,"contract, mixed",0.1829754057845609,0.1829754057845631,0.182975405784562,2.192690473634684e-15,0
spec_c_reform_decision,j_ind_lag1,mixed_vs_contract,2,"contract, mixed",-0.1829754057845631,-0.1829754057845609,-0.182975405784562,2.192690473634684e-15,0
spec_extended_2_spline,v2jupoatck_lag1,contract_vs_mixed,2,"contract, mixed",0.2269414554100853,0.2269414554100875,0.22694145541008642,2.192690473634684e-15,0
spec_extended_2_spline,v2jupoatck_lag1,mixed_vs_contract,2,"contract, mixed",-0.2269414554100875,-0.2269414554100853,-0.22694145541008642,2.192690473634684e-15,0
spec_p_reform_decision,legal_civil,expand_vs_mixed,2,"expand, mixed",-0.3814110362231037,-0.3814110362231015,-0.3814110362231026,2.1649348980190553e-15,0
spec_p_reform_decision,legal_civil,mixed_vs_expand,2,"expand, mixed",0.3814110362231015,0.3814110362231037,0.3814110362231026,2.1649348980190553e-15,0
spec_p_pack,legal_civil,mixed_vs_expand,2,"expand, mixed",0.1821932313932379,0.18219323139324,0.18219323139323895,2.1094237467877974e-15,0
spec_p_pack,legal_civil,expand_vs_mixed,2,"expand, mixed",-0.18219323139324,-0.1821932313932379,-0.18219323139323895,2.1094237467877974e-15,0
spec_extended_2_spline,v2jureview_lag1,expand_vs_contract,2,"contract, expand",0.6798508683484776,0.6798508683484797,0.6798508683484787,2.1094237467877974e-15,+**
spec_extended_2_spline,v2jureview_lag1,contract_vs_expand,2,"contract, expand",-0.6798508683484797,-0.6798508683484776,-0.6798508683484787,2.1094237467877974e-15,-**
spec_p_reform,legal_civil,expand_vs_contract,2,"contract, expand",-0.6494186644417083,-0.6494186644417062,-0.6494186644417073,2.1094237467877974e-15,-*
spec_p_reform,legal_civil,contract_vs_expand,2,"contract, expand",0.6494186644417062,0.6494186644417083,0.6494186644417073,2.1094237467877974e-15,+*
spec_c_reform,legal_civil,expand_vs_contract,2,"contract, expand",-0.6585345444481503,-0.6585345444481482,-0.6585345444481492,2.1094237467877974e-15,-*
spec_govprot_reform_decision,j_ind_lag1,mixed_vs_contract,2,"contract, mixed",-0.1214033740275124,-0.1214033740275103,-0.12140337402751135,2.1094237467877974e-15,0
spec_extended_1_spline,wdj_expression_lag1,contract_vs_expand,2,"contract, expand",0.1545342104605513,0.1545342104605534,0.15453421046055235,2.1094237467877974e-15,0
spec_extended_1_spline,wdj_expression_lag1,expand_vs_contract,2,"contract, expand",-0.1545342104605534,-0.1545342104605513,-0.15453421046055235,2.1094237467877974e-15,0
spec_extended_2,wdj_expression_lag1,contract_vs_mixed,2,"contract, mixed",0.3171716406020458,0.3171716406020479,0.31717164060204683,2.1094237467877974e-15,0
spec_extended_2,wdj_expression_lag1,mixed_vs_contract,2,"contract, mixed",-0.3171716406020479,-0.3171716406020458,-0.31717164060204683,2.1094237467877974e-15,0
spec_im_pack_decision,legal_common,mixed_vs_contract,2,"contract, mixed",-0.5231276084078321,-0.52312760840783,-0.5231276084078311,2.1094237467877974e-15,0
spec_im_pack_decision,legal_common,contract_vs_mixed,2,"contract, mixed",0.52312760840783,0.5231276084078321,0.5231276084078311,2.1094237467877974e-15,0
spec_govprot_reform_decision,j_ind_lag1,contract_vs_mixed,2,"contract, mixed",0.1214033740275103,0.1214033740275124,0.12140337402751135,2.1094237467877974e-15,0
spec_c_reform,legal_civil,contract_vs_expand,2,"contract, expand",0.6585345444481482,0.6585345444481503,0.6585345444481492,2.1094237467877974e-15,+*
spec_c_attack,j_ind_lag1,expand_vs_contract,2,"contract, expand",0.1478070373358841,0.1478070373358862,0.14780703733588516,2.1094237467877974e-15,0
spec_c_attack,j_ind_lag1,contract_vs_expand,2,"contract, expand",-0.1478070373358862,-0.1478070373358841,-0.14780703733588516,2.1094237467877974e-15,0
spec_p_reform_decision,wdj_press_lag1,mixed_vs_expand,2,"expand, mixed",-0.7051819160263967,-0.7051819160263946,-0.7051819160263957,2.1094237467877974e-15,-**
spec_p_reform_decision,wdj_press_lag1,expand_vs_mixed,2,"expand, mixed",0.7051819160263946,0.7051819160263967,0.7051819160263957,2.1094237467877974e-15,+**
spec_govprot_pack,v2jupack_lag1,contract_vs_mixed,2,"contract, mixed",0.5658126010818518,0.5658126010818539,0.5658126010818529,2.1094237467877974e-15,+**
spec_govprot_pack,v2jupack_lag1,mixed_vs_contract,2,"contract, mixed",-0.5658126010818539,-0.5658126010818518,-0.5658126010818529,2.1094237467877974e-15,-**
spec_govprot_pack_decision,j_ind_lag1,contract_vs_mixed,2,"contract, mixed",0.17434210176649,0.1743421017664921,0.17434210176649106,2.0816681711721685e-15,0
spec_govprot_pack_decision,j_ind_lag1,mixed_vs_contract,2,"contract, mixed",-0.1743421017664921,-0.17434210176649,-0.17434210176649106,2.0816681711721685e-15,0
spec_extended_2_spline,j_ind_lag1,expand_vs_contract,2,"contract, expand",0.2200953457518836,0.2200953457518857,0.22009534575188466,2.0816681711721685e-15,0
spec_extended_2_spline,j_ind_lag1,contract_vs_expand,2,"contract, expand",-0.2200953457518857,-0.2200953457518836,-0.22009534575188466,2.0816681711721685e-15,0
spec_im_reform,v2jureview_lag1,mixed_vs_expand,2,"expand, mixed",-0.4466992697739247,-0.4466992697739227,-0.4466992697739237,1.9984014443252818e-15,0
spec_im_reform,v2jureview_lag1,expand_vs_mixed,2,"expand, mixed",0.4466992697739227,0.4466992697739247,0.4466992697739237,1.9984014443252818e-15,0
spec_im_pack_decision,j_ind_lag1,expand_vs_contract,2,"contract, expand",0.1445647899105697,0.1445647899105717,0.1445647899105707,1.9984014443252818e-15,0
spec_govprot_pack,v2jureview_lag1,expand_vs_contract,2,"contract, expand",0.9040288362139228,0.9040288362139248,0.9040288362139238,1.9984014443252818e-15,+***
spec_c_reform_decision,legal_common,expand_vs_contract,2,"contract, expand",-1.811721179940078,-1.811721179940076,-1.811721179940077,1.9984014443252818e-15,-***
spec_c_reform,legal_common,expand_vs_mixed,2,"expand, mixed",-1.2873286169669345,-1.2873286169669325,-1.2873286169669336,1.9984014443252818e-15,-***
spec_p_attack,legal_common,mixed_vs_expand,2,"expand, mixed",1.0433152484040868,1.0433152484040888,1.0433152484040877,1.9984014443252818e-15,+***
spec_c_attack_decision,j_ind_lag1,mixed_vs_expand,2,"expand, mixed",-0.3932995417865657,-0.3932995417865637,-0.3932995417865647,1.9984014443252818e-15,-**
spec_govprot_reform,legal_civil,contract_vs_expand,2,"contract, expand",0.6736615919569641,0.6736615919569661,0.6736615919569651,1.9984014443252818e-15,+*
spec_govprot_reform,legal_civil,expand_vs_contract,2,"contract, expand",-0.6736615919569661,-0.6736615919569641,-0.6736615919569651,1.9984014443252818e-15,-*
spec_im_attack_decision,legal_common,mixed_vs_expand,2,"expand, mixed",0.9942856513004794,0.9942856513004814,0.9942856513004804,1.9984014443252818e-15,+**
spec_p_attack,legal_common,expand_vs_mixed,2,"expand, mixed",-1.0433152484040888,-1.0433152484040868,-1.0433152484040877,1.9984014443252818e-15,-***
spec_c_attack,legal_common,contract_vs_expand,2,"contract, expand",1.8345995752637865,1.8345995752637885,1.8345995752637876,1.9984014443252818e-15,+***
spec_c_attack,legal_common,expand_vs_contract,2,"contract, expand",-1.8345995752637885,-1.8345995752637865,-1.8345995752637876,1.9984014443252818e-15,-***
spec_im_attack_decision,legal_common,expand_vs_mixed,2,"expand, mixed",-0.9942856513004814,-0.9942856513004794,-0.9942856513004804,1.9984014443252818e-15,-**
spec_c_attack_decision,j_ind_lag1,expand_vs_mixed,2,"expand, mixed",0.3932995417865637,0.3932995417865657,0.3932995417865647,1.9984014443252818e-15,+**
spec_p_reform_decision,legal_common,contract_vs_expand,2,"contract, expand",1.896565185800282,1.896565185800284,1.896565185800283,1.9984014443252818e-15,+***
spec_govprot_pack,v2jureview_lag1,contract_vs_expand,2,"contract, expand",-0.9040288362139248,-0.9040288362139228,-0.9040288362139238,1.9984014443252818e-15,-***
spec_p_reform_decision,legal_common,expand_vs_contract,2,"contract, expand",-1.896565185800284,-1.896565185800282,-1.896565185800283,1.9984014443252818e-15,-***
spec_c_reform_decision,legal_common,contract_vs_expand,2,"contract, expand",1.811721179940076,1.811721179940078,1.811721179940077,1.9984014443252818e-15,+***
spec_im_pack_decision,j_ind_lag1,contract_vs_expand,2,"contract, expand",-0.1445647899105717,-0.1445647899105697,-0.1445647899105707,1.9984014443252818e-15,0
spec_c_reform,legal_common,contract_vs_mixed,2,"contract, mixed",0.9518746979790244,0.9518746979790264,0.9518746979790254,1.9984014443252818e-15,+*
spec_c_reform,legal_common,mixed_vs_contract,2,"contract, mixed",-0.9518746979790264,-0.9518746979790244,-0.9518746979790254,1.9984014443252818e-15,-*
spec_c_reform,legal_common,mixed_vs_expand,2,"expand, mixed",1.2873286169669325,1.2873286169669345,1.2873286169669336,1.9984014443252818e-15,+***
spec_extended_2,j_ind_lag1,expand_vs_mixed,2,"expand, mixed",0.3591837464545938,0.3591837464545958,0.3591837464545948,1.9984014443252818e-15,+*
spec_extended_2,j_ind_lag1,mixed_vs_expand,2,"expand, mixed",-0.3591837464545958,-0.3591837464545938,-0.3591837464545948,1.9984014443252818e-15,-*
spec_govprot_reform,v2jureview_lag1,mixed_vs_contract,2,"contract, mixed",0.3867776781840645,0.3867776781840665,0.3867776781840655,1.9984014443252818e-15,0
spec_govprot_reform,v2jureview_lag1,contract_vs_mixed,2,"contract, mixed",-0.3867776781840665,-0.3867776781840645,-0.3867776781840655,1.9984014443252818e-15,0
spec_im_reform_decision,j_ind_lag1,expand_vs_mixed,2,"expand, mixed",0.3951345268282774,0.3951345268282793,0.3951345268282783,1.942890293094024e-15,+**
spec_im_reform_decision,j_ind_lag1,mixed_vs_expand,2,"expand, mixed",-0.3951345268282793,-0.3951345268282774,-0.3951345268282783,1.942890293094024e-15,-**
spec_c_attack_decision,v2jureview_lag1,contract_vs_mixed,2,"contract, mixed",-0.2477668220787959,-0.247766822078794,-0.24776682207879497,1.915134717478395e-15,0
spec_c_attack_decision,v2jureview_lag1,mixed_vs_contract,2,"contract, mixed",0.247766822078794,0.2477668220787959,0.24776682207879497,1.915134717478395e-15,0
spec_extended_1_spline_interact,high_court,contract_vs_expand,2,"contract, expand",-0.2208916446271743,-0.2208916446271724,-0.22089164462717337,1.915134717478395e-15,0
spec_extended_1_spline_interact,high_court,expand_vs_contract,2,"contract, expand",0.2208916446271724,0.2208916446271743,0.22089164462717337,1.915134717478395e-15,0
spec_c_reform,j_ind_lag1,expand_vs_contract,2,"contract, expand",0.2329241372194236,0.2329241372194255,0.23292413721942457,1.915134717478395e-15,0
spec_c_reform,j_ind_lag1,contract_vs_expand,2,"contract, expand",-0.2329241372194255,-0.2329241372194236,-0.23292413721942457,1.915134717478395e-15,0
spec_govprot_reform_decision,legal_civil,contract_vs_mixed,2,"contract, mixed",0.0331279265204588,0.0331279265204607,0.03312792652045975,1.8943180357666733e-15,0
spec_govprot_reform_decision,legal_civil,mixed_vs_contract,2,"contract, mixed",-0.0331279265204607,-0.0331279265204588,-0.03312792652045975,1.8943180357666733e-15,0
spec_p_pack,v2jureview_lag1,mixed_vs_expand,2,"expand, mixed",-0.4268195816204055,-0.4268195816204036,-0.42681958162040456,1.887379141862766e-15,0
spec_p_pack,v2jureview_lag1,expand_vs_mixed,2,"expand, mixed",0.4268195816204036,0.4268195816204055,0.42681958162040456,1.887379141862766e-15,0
spec_extended_2_spline,legal_civil,expand_vs_mixed,2,"expand, mixed",-0.1678735050405621,-0.1678735050405602,-0.16787350504056114,1.887379141862766e-15,0
spec_govprot_pack_decision,v2jureview_lag1,contract_vs_mixed,2,"contract, mixed",-0.4377374249435231,-0.4377374249435212,-0.43773742494352214,1.887379141862766e-15,0
spec_govprot_pack_decision,v2jureview_lag1,mixed_vs_contract,2,"contract, mixed",0.4377374249435212,0.4377374249435231,0.43773742494352214,1.887379141862766e-15,0
spec_p_pack,wdj_press_lag1,expand_vs_contract,2,"contract, expand",-0.5090416409655653,-0.5090416409655634,-0.5090416409655643,1.887379141862766e-15,0
spec_extended_2_spline,legal_civil,mixed_vs_expand,2,"expand, mixed",0.1678735050405602,0.1678735050405621,0.16787350504056114,1.887379141862766e-15,0
spec_p_pack,wdj_press_lag1,contract_vs_expand,2,"contract, expand",0.5090416409655634,0.5090416409655653,0.5090416409655643,1.887379141862766e-15,0
spec_govprot_reform_decision,v2jureview_lag1,contract_vs_mixed,2,"contract, mixed",-0.3689121659186449,-0.368912165918643,-0.36891216591864395,1.887379141862766e-15,0
spec_im_pack,wdj_intermediaries_lag1,mixed_vs_expand,2,"expand, mixed",0.623855749772821,0.6238557497728229,0.6238557497728219,1.887379141862766e-15,0
spec_p_attack,j_ind_lag1,mixed_vs_expand,2,"expand, mixed",-0.3729291647015542,-0.3729291647015523,-0.37292916470155324,1.887379141862766e-15,-**
spec_p_attack,j_ind_lag1,expand_vs_mixed,2,"expand, mixed",0.3729291647015523,0.3729291647015542,0.37292916470155324,1.887379141862766e-15,+**
spec_extended_3_spline,v2jupack_lag1,contract_vs_expand,2,"contract, expand",0.2393542300914043,0.2393542300914062,0.23935423009140525,1.887379141862766e-15,0
spec_extended_3_spline,v2jupack_lag1,expand_vs_contract,2,"contract, expand",-0.2393542300914062,-0.2393542300914043,-0.23935423009140525,1.887379141862766e-15,0
spec_im_pack,wdj_intermediaries_lag1,expand_vs_mixed,2,"expand, mixed",-0.6238557497728229,-0.623855749772821,-0.6238557497728219,1.887379141862766e-15,0
spec_govprot_reform_decision,v2jureview_lag1,mixed_vs_contract,2,"contract, mixed",0.368912165918643,0.3689121659186449,0.36891216591864395,1.887379141862766e-15,0
spec_govprot_reform,wdj_govprot_lag1,mixed_vs_expand,2,"expand, mixed",-0.0574512238153112,-0.0574512238153094,-0.0574512238153103,1.8041124150158794e-15,0
spec_govprot_reform,wdj_govprot_lag1,expand_vs_mixed,2,"expand, mixed",0.0574512238153094,0.0574512238153112,0.0574512238153103,1.8041124150158794e-15,0
spec_im_reform_decision,legal_civil,contract_vs_mixed,2,"contract, mixed",0.1092210960231373,0.1092210960231391,0.1092210960231382,1.8041124150158794e-15,0
spec_im_reform_decision,legal_civil,mixed_vs_contract,2,"contract, mixed",-0.1092210960231391,-0.1092210960231373,-0.1092210960231382,1.8041124150158794e-15,0
spec_im_pack_decision,wdj_intermediaries_lag1,contract_vs_mixed,2,"contract, mixed",-0.0436925803841392,-0.0436925803841374,-0.0436925803841383,1.8041124150158794e-15,0
spec_im_pack_decision,wdj_intermediaries_lag1,mixed_vs_contract,2,"contract, mixed",0.0436925803841374,0.0436925803841392,0.0436925803841383,1.8041124150158794e-15,0
spec_im_pack_decision,legal_civil,contract_vs_expand,2,"contract, expand",0.0075728770846548,0.0075728770846566,0.0075728770846556995,1.7997756063259374e-15,0
spec_im_pack_decision,legal_civil,expand_vs_contract,2,"contract, expand",-0.0075728770846566,-0.0075728770846548,-0.0075728770846556995,1.7997756063259374e-15,0
spec_extended_1_spline,legal_common,expand_vs_mixed,2,"expand, mixed",-1.5650622210712897,-1.565062221071288,-1.5650622210712888,1.7763568394002505e-15,-***
spec_extended_1_spline,legal_civil,mixed_vs_contract,2,"contract, mixed",-0.2858330905301173,-0.2858330905301155,-0.2858330905301164,1.7763568394002505e-15,0
spec_p_reform,v2jureview_lag1,contract_vs_expand,2,"contract, expand",-0.8422933345281006,-0.8422933345280988,-0.8422933345280997,1.7763568394002505e-15,-***
spec_p_reform,v2jureview_lag1,expand_vs_contract,2,"contract, expand",0.8422933345280988,0.8422933345281006,0.8422933345280997,1.7763568394002505e-15,+***
spec_p_reform,legal_common,expand_vs_contract,2,"contract, expand",-2.300683897085652,-2.30068389708565,-2.300683897085651,1.7763568394002505e-15,-***
spec_p_reform,legal_common,contract_vs_expand,2,"contract, expand",2.30068389708565,2.300683897085652,2.300683897085651,1.7763568394002505e-15,+***
spec_govprot_pack_decision,legal_civil,mixed_vs_contract,2,"contract, mixed",-0.1341960362597175,-0.1341960362597157,-0.1341960362597166,1.7763568394002505e-15,0
spec_govprot_pack_decision,legal_civil,contract_vs_mixed,2,"contract, mixed",0.1341960362597157,0.1341960362597175,0.1341960362597166,1.7763568394002505e-15,0
spec_im_attack_decision,v2x_polyarchy_lag1,mixed_vs_contract,2,"contract, mixed",5.569311367246779,5.56931136724678,5.5693113672467796,1.7763568394002505e-15,+***
spec_im_attack_decision,v2x_polyarchy_lag1,contract_vs_mixed,2,"contract, mixed",-5.56931136724678,-5.569311367246779,-5.5693113672467796,1.7763568394002505e-15,-***
spec_govprot_attack,legal_common,contract_vs_mixed,2,"contract, mixed",0.5419864357540348,0.5419864357540366,0.5419864357540357,1.7763568394002505e-15,0
spec_c_pack_decision,legal_common,mixed_vs_expand,2,"expand, mixed",0.8880765308484299,0.8880765308484316,0.8880765308484307,1.7763568394002505e-15,+**
spec_c_pack_decision,legal_common,expand_vs_mixed,2,"expand, mixed",-0.8880765308484316,-0.8880765308484299,-0.8880765308484307,1.7763568394002505e-15,-**
spec_govprot_attack,legal_common,mixed_vs_contract,2,"contract, mixed",-0.5419864357540366,-0.5419864357540348,-0.5419864357540357,1.7763568394002505e-15,0
spec_extended_1_spline,legal_civil,contract_vs_mixed,2,"contract, mixed",0.2858330905301155,0.2858330905301173,0.2858330905301164,1.7763568394002505e-15,0
spec_extended_1_spline,legal_common,mixed_vs_expand,2,"expand, mixed",1.565062221071288,1.5650622210712897,1.5650622210712888,1.7763568394002505e-15,+***
spec_govprot_pack_decision,v2jupack_lag1,expand_vs_mixed,2,"expand, mixed",0.2966967323954879,0.2966967323954896,0.29669673239548877,1.7208456881689926e-15,0
spec_govprot_pack_decision,v2jupack_lag1,mixed_vs_expand,2,"expand, mixed",-0.2966967323954896,-0.2966967323954879,-0.29669673239548877,1.7208456881689926e-15,0
spec_govprot_reform_decision,v2jureview_lag1,expand_vs_mixed,2,"expand, mixed",0.2674772926219588,0.2674772926219605,0.26747729262195963,1.7208456881689926e-15,0
spec_govprot_reform_decision,v2jureview_lag1,mixed_vs_expand,2,"expand, mixed",-0.2674772926219605,-0.2674772926219588,-0.26747729262195963,1.7208456881689926e-15,0
spec_p_reform_decision,v2jureview_lag1,mixed_vs_expand,2,"expand, mixed",-0.2658749724820043,-0.2658749724820026,-0.2658749724820034,1.7208456881689926e-15,0
spec_p_reform_decision,v2jureview_lag1,expand_vs_mixed,2,"expand, mixed",0.2658749724820026,0.2658749724820043,0.2658749724820034,1.7208456881689926e-15,0
spec_im_reform,j_ind_lag1,mixed_vs_contract,2,"contract, mixed",-0.1751669587377528,-0.1751669587377511,-0.17516695873775195,1.6930901125533637e-15,0
spec_im_reform,j_ind_lag1,contract_vs_mixed,2,"contract, mixed",0.1751669587377511,0.1751669587377528,0.17516695873775195,1.6930901125533637e-15,0
spec_im_pack_decision,v2jupack_lag1,expand_vs_contract,2,"contract, expand",-0.2004502098186885,-0.2004502098186868,-0.20045020981868766,1.6930901125533637e-15,0
spec_extended_1,j_ind_lag1,contract_vs_expand,2,"contract, expand",-0.2483863422956348,-0.2483863422956331,-0.24838634229563394,1.6930901125533637e-15,0
spec_extended_1,j_ind_lag1,expand_vs_contract,2,"contract, expand",0.2483863422956331,0.2483863422956348,0.24838634229563394,1.6930901125533637e-15,0
spec_im_pack_decision,v2jupack_lag1,contract_vs_expand,2,"contract, expand",0.2004502098186868,0.2004502098186885,0.20045020981868766,1.6930901125533637e-15,0
spec_c_attack_decision,legal_common,expand_vs_mixed,2,"expand, mixed",-0.8876713511818514,-0.8876713511818497,-0.8876713511818506,1.6653345369377348e-15,-**
spec_im_attack_decision,legal_common,contract_vs_mixed,2,"contract, mixed",0.5241720556498439,0.5241720556498456,0.5241720556498448,1.6653345369377348e-15,0
spec_p_pack,legal_civil,expand_vs_contract,2,"contract, expand",-0.409572993188568,-0.4095729931885663,-0.40957299318856716,1.6653345369377348e-15,0
spec_extended_2_spline,wdj_expression_lag1,contract_vs_expand,2,"contract, expand",0.4761370414986522,0.4761370414986539,0.47613704149865305,1.6653345369377348e-15,+*
spec_c_pack_decision,j_ind_lag1,expand_vs_mixed,2,"expand, mixed",0.3951214485572611,0.3951214485572628,0.39512144855726195,1.6653345369377348e-15,+**
spec_c_attack_decision,legal_common,mixed_vs_expand,2,"expand, mixed",0.8876713511818497,0.8876713511818514,0.8876713511818506,1.6653345369377348e-15,+**
spec_extended_2_spline,wdj_expression_lag1,expand_vs_contract,2,"contract, expand",-0.4761370414986539,-0.4761370414986522,-0.47613704149865305,1.6653345369377348e-15,-*
spec_extended_1,legal_civil,mixed_vs_expand,2,"expand, mixed",0.3216933745891775,0.3216933745891792,0.32169337458917835,1.6653345369377348e-15,0
spec_extended_1,legal_civil,expand_vs_mixed,2,"expand, mixed",-0.3216933745891792,-0.3216933745891775,-0.32169337458917835,1.6653345369377348e-15,0
spec_im_attack_decision,legal_common,mixed_vs_contract,2,"contract, mixed",-0.5241720556498456,-0.5241720556498439,-0.5241720556498448,1.6653345369377348e-15,0
spec_c_pack_decision,j_ind_lag1,mixed_vs_expand,2,"expand, mixed",-0.3951214485572628,-0.3951214485572611,-0.39512144855726195,1.6653345369377348e-15,-**
spec_p_pack,legal_civil,contract_vs_expand,2,"contract, expand",0.4095729931885663,0.409572993188568,0.40957299318856716,1.6653345369377348e-15,0
spec_c_pack_decision,v2jupack_lag1,mixed_vs_expand,2,"expand, mixed",-0.2503716330541228,-0.2503716330541212,-0.250371633054122,1.609823385706477e-15,0
spec_c_attack,legal_civil,mixed_vs_expand,2,"expand, mixed",0.3194141329896344,0.319414132989636,0.31941413298963517,1.609823385706477e-15,0
spec_c_pack_decision,v2jupack_lag1,expand_vs_mixed,2,"expand, mixed",0.2503716330541212,0.2503716330541228,0.250371633054122,1.609823385706477e-15,0
spec_extended_2,j_ind_lag1,contract_vs_expand,2,"contract, expand",-0.1806953113276968,-0.1806953113276952,-0.180695311327696,1.609823385706477e-15,0
spec_extended_2,j_ind_lag1,expand_vs_contract,2,"contract, expand",0.1806953113276952,0.1806953113276968,0.180695311327696,1.609823385706477e-15,0
spec_extended_3_spline,v2jureview_lag1,contract_vs_mixed,2,"contract, mixed",-0.4545115304542324,-0.4545115304542308,-0.45451153045423165,1.609823385706477e-15,0
spec_extended_3_spline,v2jureview_lag1,mixed_vs_contract,2,"contract, mixed",0.4545115304542308,0.4545115304542324,0.45451153045423165,1.609823385706477e-15,0
spec_extended_2_spline_interact,high_court,contract_vs_expand,2,"contract, expand",-0.3323731062699437,-0.3323731062699421,-0.3323731062699429,1.609823385706477e-15,0
spec_extended_2_spline_interact,high_court,expand_vs_contract,2,"contract, expand",0.3323731062699421,0.3323731062699437,0.3323731062699429,1.609823385706477e-15,0
spec_c_attack,legal_civil,expand_vs_mixed,2,"expand, mixed",-0.319414132989636,-0.3194141329896344,-0.31941413298963517,1.609823385706477e-15,0
spec_im_reform_decision,legal_civil,expand_vs_contract,2,"contract, expand",-0.2435860489057698,-0.2435860489057682,-0.24358604890576901,1.582067810090848e-15,0
spec_im_reform_decision,legal_civil,contract_vs_expand,2,"contract, expand",0.2435860489057682,0.2435860489057698,0.24358604890576901,1.582067810090848e-15,0
spec_p_reform,wdj_press_lag1,expand_vs_contract,2,"contract, expand",-0.5771709058234273,-0.5771709058234258,-0.5771709058234266,1.5543122344752192e-15,0
spec_govprot_attack_decision,legal_common,contract_vs_expand,2,"contract, expand",1.362198806354672,1.3621988063546735,1.3621988063546726,1.5543122344752192e-15,+***
spec_govprot_attack_decision,legal_common,expand_vs_contract,2,"contract, expand",-1.3621988063546735,-1.362198806354672,-1.3621988063546726,1.5543122344752192e-15,-***
spec_govprot_pack,legal_common,expand_vs_mixed,2,"expand, mixed",-1.1641115851449206,-1.164111585144919,-1.1641115851449197,1.5543122344752192e-15,-***
spec_extended_3_spline,v2jureview_lag1,contract_vs_expand,2,"contract, expand",-0.8591075659631621,-0.8591075659631605,-0.8591075659631613,1.5543122344752192e-15,-***
spec_p_reform,wdj_press_lag1,contract_vs_expand,2,"contract, expand",0.5771709058234258,0.5771709058234273,0.5771709058234266,1.5543122344752192e-15,0
spec_govprot_pack,legal_common,mixed_vs_expand,2,"expand, mixed",1.164111585144919,1.1641115851449206,1.1641115851449197,1.5543122344752192e-15,+***
spec_im_reform,legal_civil,contract_vs_expand,2,"contract, expand",0.5636799551621308,0.5636799551621323,0.5636799551621315,1.5543122344752192e-15,0
spec_extended_1_spline,legal_civil,expand_vs_contract,2,"contract, expand",-0.6949523416394697,-0.6949523416394682,-0.694952341639469,1.5543122344752192e-15,-*
spec_im_reform,legal_civil,expand_vs_contract,2,"contract, expand",-0.5636799551621323,-0.5636799551621308,-0.5636799551621315,1.5543122344752192e-15,0
spec_extended_3_spline,v2jureview_lag1,expand_vs_contract,2,"contract, expand",0.8591075659631605,0.8591075659631621,0.8591075659631613,1.5543122344752192e-15,+***
spec_extended_1_spline,legal_civil,contract_vs_expand,2,"contract, expand",0.6949523416394682,0.6949523416394697,0.694952341639469,1.5543122344752192e-15,+*
spec_extended_3_spline_interact,high_court,contract_vs_mixed,2,"contract, mixed",-0.3925664414726769,-0.3925664414726754,-0.39256644147267616,1.4988010832439613e-15,0
spec_extended_3_spline_interact,high_court,mixed_vs_contract,2,"contract, mixed",0.3925664414726754,0.3925664414726769,0.39256644147267616,1.4988010832439613e-15,0
spec_c_reform_decision,v2jureform_lag1,mixed_vs_expand,2,"expand, mixed",0.1914738120346333,0.1914738120346348,0.19147381203463404,1.4988010832439613e-15,0
spec_p_reform_decision,legal_civil,contract_vs_expand,2,"contract, expand",0.3130378667314026,0.3130378667314041,0.3130378667314033,1.4988010832439613e-15,0
spec_p_reform_decision,j_ind_lag1,contract_vs_expand,2,"contract, expand",-0.2254529514971592,-0.2254529514971577,-0.22545295149715844,1.4988010832439613e-15,0
spec_p_reform_decision,j_ind_lag1,expand_vs_contract,2,"contract, expand",0.2254529514971577,0.2254529514971592,0.22545295149715844,1.4988010832439613e-15,0
spec_p_reform_decision,legal_civil,expand_vs_contract,2,"contract, expand",-0.3130378667314041,-0.3130378667314026,-0.3130378667314033,1.4988010832439613e-15,0
spec_govprot_pack_decision,j_ind_lag1,expand_vs_contract,2,"contract, expand",0.1822352679643036,0.1822352679643051,0.18223526796430434,1.4988010832439613e-15,0
spec_im_attack,wdj_intermediaries_lag1,mixed_vs_contract,2,"contract, mixed",-0.3958369485238837,-0.3958369485238822,-0.39583694852388296,1.4988010832439613e-15,0
spec_govprot_pack_decision,j_ind_lag1,contract_vs_expand,2,"contract, expand",-0.1822352679643051,-0.1822352679643036,-0.18223526796430434,1.4988010832439613e-15,0
spec_extended_2_spline_interact,v2jupoatck_lag1,expand_vs_contract,2,"contract, expand",-0.2792130090806963,-0.2792130090806948,-0.2792130090806956,1.4988010832439613e-15,-***
spec_extended_2_spline_interact,v2jupoatck_lag1,contract_vs_expand,2,"contract, expand",0.2792130090806948,0.2792130090806963,0.2792130090806956,1.4988010832439613e-15,+***
spec_p_pack_decision,legal_civil,mixed_vs_expand,2,"expand, mixed",0.0532336634579733,0.0532336634579748,0.05323366345797405,1.4988010832439613e-15,0
spec_p_pack_decision,legal_civil,expand_vs_mixed,2,"expand, mixed",-0.0532336634579748,-0.0532336634579733,-0.05323366345797405,1.4988010832439613e-15,0
spec_c_pack,v2jupack_lag1,contract_vs_mixed,2,"contract, mixed",0.4876853824954478,0.4876853824954493,0.48768538249544857,1.4988010832439613e-15,+*
spec_im_attack,wdj_intermediaries_lag1,contract_vs_mixed,2,"contract, mixed",0.3958369485238822,0.3958369485238837,0.39583694852388296,1.4988010832439613e-15,0
spec_c_pack_decision,j_ind_lag1,contract_vs_expand,2,"contract, expand",-0.15485650857951,-0.1548565085795085,-0.15485650857950925,1.4988010832439613e-15,0
spec_c_pack,v2jupack_lag1,mixed_vs_contract,2,"contract, mixed",-0.4876853824954493,-0.4876853824954478,-0.48768538249544857,1.4988010832439613e-15,-*
spec_extended_2,j_ind_lag1,mixed_vs_contract,2,"contract, mixed",-0.1784884351268988,-0.1784884351268973,-0.17848843512689805,1.4988010832439613e-15,0
spec_extended_2,j_ind_lag1,contract_vs_mixed,2,"contract, mixed",0.1784884351268973,0.1784884351268988,0.17848843512689805,1.4988010832439613e-15,0
spec_govprot_attack,legal_civil,mixed_vs_contract,2,"contract, mixed",-0.2201163992336758,-0.2201163992336743,-0.22011639923367504,1.4988010832439613e-15,0
spec_c_reform_decision,v2jureform_lag1,expand_vs_mixed,2,"expand, mixed",-0.1914738120346348,-0.1914738120346333,-0.19147381203463404,1.4988010832439613e-15,0
spec_govprot_attack,j_ind_lag1,expand_vs_contract,2,"contract, expand",0.1975677226260508,0.1975677226260523,0.19756772262605155,1.4988010832439613e-15,0
spec_govprot_attack,legal_civil,contract_vs_mixed,2,"contract, mixed",0.2201163992336743,0.2201163992336758,0.22011639923367504,1.4988010832439613e-15,0
spec_govprot_attack,j_ind_lag1,contract_vs_expand,2,"contract, expand",-0.1975677226260523,-0.1975677226260508,-0.19756772262605155,1.4988010832439613e-15,0
spec_c_pack_decision,j_ind_lag1,expand_vs_contract,2,"contract, expand",0.1548565085795085,0.15485650857951,0.15485650857950925,1.4988010832439613e-15,0
spec_im_reform_decision,v2jureview_lag1,expand_vs_contract,2,"contract, expand",0.612508409567691,0.6125084095676925,0.6125084095676918,1.4432899320127035e-15,+**
spec_im_reform_decision,v2jureview_lag1,contract_vs_expand,2,"contract, expand",-0.6125084095676925,-0.612508409567691,-0.6125084095676918,1.4432899320127035e-15,-**
spec_c_pack,wdj_citizen_lag1,mixed_vs_contract,2,"contract, mixed",-0.8546583154292553,-0.8546583154292539,-0.8546583154292546,1.4432899320127035e-15,0
spec_c_pack_decision,v2jureview_lag1,contract_vs_expand,2,"contract, expand",-0.6948851839916144,-0.6948851839916129,-0.6948851839916137,1.4432899320127035e-15,-**
spec_c_pack_decision,v2jureview_lag1,expand_vs_contract,2,"contract, expand",0.6948851839916129,0.6948851839916144,0.6948851839916137,1.4432899320127035e-15,+**
spec_c_pack,wdj_citizen_lag1,contract_vs_mixed,2,"contract, mixed",0.8546583154292539,0.8546583154292553,0.8546583154292546,1.4432899320127035e-15,0
spec_extended_2_spline,wdj_expression_lag1,mixed_vs_expand,2,"expand, mixed",-0.1365234964039686,-0.1365234964039672,-0.13652349640396788,1.4155343563970746e-15,0
spec_extended_2_spline,wdj_expression_lag1,expand_vs_mixed,2,"expand, mixed",0.1365234964039672,0.1365234964039686,0.13652349640396788,1.4155343563970746e-15,0
spec_c_pack_decision,v2jupack_lag1,expand_vs_contract,2,"contract, expand",-0.2203754078603606,-0.2203754078603592,-0.22037540786035992,1.4155343563970746e-15,0
spec_c_pack_decision,v2jupack_lag1,contract_vs_expand,2,"contract, expand",0.2203754078603592,0.2203754078603606,0.22037540786035992,1.4155343563970746e-15,0
spec_c_reform_decision,legal_civil,mixed_vs_contract,2,"contract, mixed",0.1035026190574621,0.1035026190574635,0.1035026190574628,1.4016565685892601e-15,0
spec_c_reform_decision,legal_civil,contract_vs_mixed,2,"contract, mixed",-0.1035026190574635,-0.1035026190574621,-0.1035026190574628,1.4016565685892601e-15,0
spec_p_pack_decision,legal_civil,mixed_vs_contract,2,"contract, mixed",-0.0156550803433072,-0.0156550803433058,-0.0156550803433065,1.4016565685892601e-15,0
spec_p_pack_decision,legal_civil,contract_vs_mixed,2,"contract, mixed",0.0156550803433058,0.0156550803433072,0.0156550803433065,1.4016565685892601e-15,0
spec_im_attack,v2jupoatck_lag1,contract_vs_mixed,2,"contract, mixed",0.1736776651919065,0.1736776651919079,0.1736776651919072,1.3877787807814457e-15,0
spec_im_attack,v2jupoatck_lag1,mixed_vs_contract,2,"contract, mixed",-0.1736776651919079,-0.1736776651919065,-0.1736776651919072,1.3877787807814457e-15,0
spec_p_attack,j_ind_lag1,expand_vs_contract,2,"contract, expand",0.1428758865162375,0.1428758865162389,0.1428758865162382,1.3877787807814457e-15,0
spec_c_reform,j_ind_lag1,mixed_vs_expand,2,"expand, mixed",-0.411893282932862,-0.4118932829328606,-0.4118932829328613,1.3877787807814457e-15,-**
spec_govprot_attack_decision,j_ind_lag1,expand_vs_mixed,2,"expand, mixed",0.3422230695811777,0.3422230695811791,0.34222306958117843,1.3877787807814457e-15,+*
spec_im_attack,v2jureview_lag1,mixed_vs_expand,2,"expand, mixed",-0.4832752173024693,-0.4832752173024679,-0.4832752173024686,1.3877787807814457e-15,0
spec_p_reform_decision,j_ind_lag1,contract_vs_mixed,2,"contract, mixed",0.1801274003889833,0.1801274003889847,0.180127400388984,1.3877787807814457e-15,0
spec_p_reform_decision,j_ind_lag1,mixed_vs_contract,2,"contract, mixed",-0.1801274003889847,-0.1801274003889833,-0.180127400388984,1.3877787807814457e-15,0
spec_c_reform,j_ind_lag1,expand_vs_mixed,2,"expand, mixed",0.4118932829328606,0.411893282932862,0.4118932829328613,1.3877787807814457e-15,+**
spec_p_attack,j_ind_lag1,contract_vs_expand,2,"contract, expand",-0.1428758865162389,-0.1428758865162375,-0.1428758865162382,1.3877787807814457e-15,0
spec_im_attack,v2jureview_lag1,expand_vs_mixed,2,"expand, mixed",0.4832752173024679,0.4832752173024693,0.4832752173024686,1.3877787807814457e-15,0
spec_govprot_attack_decision,j_ind_lag1,mixed_vs_expand,2,"expand, mixed",-0.3422230695811791,-0.3422230695811777,-0.34222306958117843,1.3877787807814457e-15,-*
spec_c_reform,legal_common,contract_vs_expand,2,"contract, expand",2.23920331494596,2.239203314945961,2.2392033149459607,1.3322676295501878e-15,+***
spec_c_reform,legal_common,expand_vs_contract,2,"contract, expand",-2.239203314945961,-2.23920331494596,-2.2392033149459607,1.3322676295501878e-15,-***
spec_im_pack,v2jureview_lag1,mixed_vs_contract,2,"contract, mixed",0.4515452359410684,0.4515452359410697,0.45154523594106905,1.3322676295501878e-15,0
spec_extended_3_spline,legal_common,expand_vs_mixed,2,"expand, mixed",-1.30288691709627,-1.3028869170962687,-1.3028869170962694,1.3322676295501878e-15,-***
spec_p_attack,legal_civil,contract_vs_expand,2,"contract, expand",0.3784670846806898,0.3784670846806911,0.37846708468069046,1.3322676295501878e-15,0
spec_im_pack,v2jureview_lag1,contract_vs_mixed,2,"contract, mixed",-0.4515452359410697,-0.4515452359410684,-0.45154523594106905,1.3322676295501878e-15,0
spec_c_attack_decision,v2x_polyarchy_lag1,expand_vs_contract,2,"contract, expand",3.1014107299109264,3.1014107299109277,3.101410729910927,1.3322676295501878e-15,+***
spec_c_attack_decision,v2x_polyarchy_lag1,contract_vs_expand,2,"contract, expand",-3.1014107299109277,-3.1014107299109264,-3.101410729910927,1.3322676295501878e-15,-***
spec_extended_1,v2jureview_lag1,mixed_vs_contract,2,"contract, mixed",0.3822903153701986,0.3822903153701999,0.38229031537019925,1.3322676295501878e-15,0
spec_extended_1,v2jureview_lag1,contract_vs_mixed,2,"contract, mixed",-0.3822903153701999,-0.3822903153701986,-0.38229031537019925,1.3322676295501878e-15,0
spec_c_reform_decision,legal_civil,contract_vs_expand,2,"contract, expand",0.3502923740865191,0.3502923740865204,0.35029237408651975,1.3322676295501878e-15,0
spec_c_reform_decision,legal_civil,expand_vs_contract,2,"contract, expand",-0.3502923740865204,-0.3502923740865191,-0.35029237408651975,1.3322676295501878e-15,0
spec_im_pack,legal_common,expand_vs_contract,2,"contract, expand",-1.913512734112179,-1.9135127341121776,-1.9135127341121783,1.3322676295501878e-15,-***
spec_im_pack,legal_common,contract_vs_expand,2,"contract, expand",1.9135127341121776,1.913512734112179,1.9135127341121783,1.3322676295501878e-15,+***
spec_p_attack,legal_civil,expand_vs_contract,2,"contract, expand",-0.3784670846806911,-0.3784670846806898,-0.37846708468069046,1.3322676295501878e-15,0
spec_extended_3_spline,legal_common,mixed_vs_expand,2,"expand, mixed",1.3028869170962687,1.30288691709627,1.3028869170962694,1.3322676295501878e-15,+***
spec_p_reform_decision,v2jureform_lag1,contract_vs_mixed,2,"contract, mixed",0.141946658581374,0.1419466585813753,0.14194665858137467,1.304512053934559e-15,0
spec_p_reform_decision,v2jureform_lag1,mixed_vs_contract,2,"contract, mixed",-0.1419466585813753,-0.141946658581374,-0.14194665858137467,1.304512053934559e-15,0
spec_extended_2_spline,v2jupoatck_lag1,mixed_vs_expand,2,"expand, mixed",0.0394975676109051,0.0394975676109064,0.039497567610905754,1.2975731600306517e-15,0
spec_extended_2_spline,v2jupoatck_lag1,expand_vs_mixed,2,"expand, mixed",-0.0394975676109064,-0.0394975676109051,-0.039497567610905754,1.2975731600306517e-15,0
spec_c_reform_decision,v2jureview_lag1,expand_vs_mixed,2,"expand, mixed",0.2768086576992213,0.2768086576992226,0.2768086576992219,1.27675647831893e-15,0
spec_c_reform_decision,v2jureview_lag1,mixed_vs_expand,2,"expand, mixed",-0.2768086576992226,-0.2768086576992213,-0.2768086576992219,1.27675647831893e-15,0
spec_govprot_pack_decision,v2jupack_lag1,expand_vs_contract,2,"contract, expand",-0.2331525490560805,-0.2331525490560792,-0.23315254905607985,1.27675647831893e-15,0
spec_govprot_pack_decision,v2jupack_lag1,contract_vs_expand,2,"contract, expand",0.2331525490560792,0.2331525490560805,0.23315254905607985,1.27675647831893e-15,0
spec_p_reform_decision,v2jureform_lag1,mixed_vs_expand,2,"expand, mixed",0.176103951698294,0.1761039516982952,0.1761039516982946,1.2212453270876722e-15,0
spec_p_reform_decision,wdj_press_lag1,contract_vs_expand,2,"contract, expand",0.8423635263458018,0.842363526345803,0.8423635263458025,1.2212453270876722e-15,+**
spec_p_reform_decision,v2jureform_lag1,expand_vs_mixed,2,"expand, mixed",-0.1761039516982952,-0.176103951698294,-0.1761039516982946,1.2212453270876722e-15,0
spec_p_reform_decision,wdj_press_lag1,expand_vs_contract,2,"contract, expand",-0.842363526345803,-0.8423635263458018,-0.8423635263458025,1.2212453270876722e-15,-**
spec_extended_1_spline,j_ind_lag1,expand_vs_contract,2,"contract, expand",0.3212825542072359,0.3212825542072371,0.3212825542072365,1.2212453270876722e-15,0
spec_extended_1_spline,j_ind_lag1,contract_vs_expand,2,"contract, expand",-0.3212825542072371,-0.3212825542072359,-0.3212825542072365,1.2212453270876722e-15,0
spec_extended_1,legal_common,mixed_vs_contract,2,"contract, mixed",-0.8534641573592558,-0.8534641573592546,-0.8534641573592552,1.2212453270876722e-15,0
spec_extended_1,legal_common,contract_vs_mixed,2,"contract, mixed",0.8534641573592546,0.8534641573592558,0.8534641573592552,1.2212453270876722e-15,0
spec_extended_2_spline,wdj_expression_lag1,contract_vs_mixed,2,"contract, mixed",0.6126605379026173,0.6126605379026185,0.612660537902618,1.2212453270876722e-15,0
spec_im_attack,wdj_intermediaries_lag1,expand_vs_contract,2,"contract, expand",-0.8389641428712517,-0.8389641428712504,-0.8389641428712511,1.2212453270876722e-15,0
spec_govprot_attack_decision,v2jureview_lag1,expand_vs_contract,2,"contract, expand",0.6195422359763728,0.619542235976374,0.6195422359763734,1.2212453270876722e-15,+*
spec_govprot_attack_decision,v2jureview_lag1,contract_vs_expand,2,"contract, expand",-0.619542235976374,-0.6195422359763728,-0.6195422359763734,1.2212453270876722e-15,-*
spec_extended_3_spline,legal_civil,mixed_vs_contract,2,"contract, mixed",-0.3469727925081794,-0.3469727925081782,-0.3469727925081788,1.2212453270876722e-15,0
spec_im_attack,high_court,mixed_vs_contract,2,"contract, mixed",0.5778800944691771,0.5778800944691783,0.5778800944691778,1.2212453270876722e-15,+**
spec_govprot_reform_decision,wdj_govprot_lag1,mixed_vs_contract,2,"contract, mixed",-0.1780390607542524,-0.1780390607542512,-0.1780390607542518,1.2212453270876722e-15,0
spec_im_attack,high_court,contract_vs_mixed,2,"contract, mixed",-0.5778800944691783,-0.5778800944691771,-0.5778800944691778,1.2212453270876722e-15,-**
spec_extended_3_spline,legal_civil,contract_vs_mixed,2,"contract, mixed",0.3469727925081782,0.3469727925081794,0.3469727925081788,1.2212453270876722e-15,0
spec_govprot_reform_decision,wdj_govprot_lag1,contract_vs_mixed,2,"contract, mixed",0.1780390607542512,0.1780390607542524,0.1780390607542518,1.2212453270876722e-15,0
spec_c_pack_decision,v2jupack_lag1,contract_vs_mixed,2,"contract, mixed",0.4707470409144813,0.4707470409144825,0.4707470409144819,1.2212453270876722e-15,+*
spec_c_pack_decision,v2jupack_lag1,mixed_vs_contract,2,"contract, mixed",-0.4707470409144825,-0.4707470409144813,-0.4707470409144819,1.2212453270876722e-15,-*
spec_extended_2_spline,wdj_expression_lag1,mixed_vs_contract,2,"contract, mixed",-0.6126605379026185,-0.6126605379026173,-0.612660537902618,1.2212453270876722e-15,0
spec_im_attack,wdj_intermediaries_lag1,contract_vs_expand,2,"contract, expand",0.8389641428712504,0.8389641428712517,0.8389641428712511,1.2212453270876722e-15,0
spec_govprot_attack_decision,legal_common,expand_vs_mixed,2,"expand, mixed",-0.9450597771157864,-0.9450597771157851,-0.9450597771157858,1.2212453270876722e-15,-**
spec_govprot_attack_decision,legal_common,mixed_vs_expand,2,"expand, mixed",0.9450597771157851,0.9450597771157864,0.9450597771157858,1.2212453270876722e-15,+**
spec_p_pack_decision,v2jureview_lag1,contract_vs_mixed,2,"contract, mixed",-0.4437093316065223,-0.4437093316065211,-0.4437093316065217,1.2212453270876722e-15,0
spec_p_pack_decision,v2jureview_lag1,mixed_vs_contract,2,"contract, mixed",0.4437093316065211,0.4437093316065223,0.4437093316065217,1.2212453270876722e-15,0
spec_extended_2,wdj_expression_lag1,mixed_vs_expand,2,"expand, mixed",-0.0381546046738786,-0.0381546046738774,-0.038154604673878004,1.2004286453759505e-15,0
spec_extended_2,wdj_expression_lag1,expand_vs_mixed,2,"expand, mixed",0.0381546046738774,0.0381546046738786,0.038154604673878004,1.2004286453759505e-15,0
spec_p_attack,v2jupoatck_lag1,mixed_vs_expand,2,"expand, mixed",-0.0229376276258357,-0.0229376276258345,-0.0229376276258351,1.2004286453759505e-15,0
spec_p_attack,v2jupoatck_lag1,expand_vs_mixed,2,"expand, mixed",0.0229376276258345,0.0229376276258357,0.0229376276258351,1.2004286453759505e-15,0
spec_govprot_reform,v2jureform_lag1,mixed_vs_expand,2,"expand, mixed",0.1509964990084797,0.1509964990084809,0.15099649900848028,1.1934897514720433e-15,0
spec_govprot_reform,v2jureform_lag1,expand_vs_mixed,2,"expand, mixed",-0.1509964990084809,-0.1509964990084797,-0.15099649900848028,1.1934897514720433e-15,0
spec_govprot_attack_decision,j_ind_lag1,contract_vs_mixed,2,"contract, mixed",0.142550171532143,0.1425501715321442,0.1425501715321436,1.1934897514720433e-15,0
spec_govprot_attack_decision,j_ind_lag1,mixed_vs_contract,2,"contract, mixed",-0.1425501715321442,-0.142550171532143,-0.1425501715321436,1.1934897514720433e-15,0
spec_govprot_pack,wdj_govprot_lag1,mixed_vs_expand,2,"expand, mixed",-0.0725394852339327,-0.0725394852339315,-0.0725394852339321,1.1934897514720433e-15,0
spec_govprot_pack,wdj_govprot_lag1,expand_vs_mixed,2,"expand, mixed",0.0725394852339315,0.0725394852339327,0.0725394852339321,1.1934897514720433e-15,0
spec_im_reform,wdj_intermediaries_lag1,contract_vs_mixed,2,"contract, mixed",0.3776526630740161,0.3776526630740173,0.3776526630740167,1.1657341758564144e-15,0
spec_im_reform,wdj_intermediaries_lag1,mixed_vs_contract,2,"contract, mixed",-0.3776526630740173,-0.3776526630740161,-0.3776526630740167,1.1657341758564144e-15,0
spec_c_reform_decision,v2jureview_lag1,contract_vs_mixed,2,"contract, mixed",-0.3364903005575289,-0.3364903005575277,-0.33649030055752827,1.1657341758564144e-15,0
spec_c_reform_decision,v2jureview_lag1,mixed_vs_contract,2,"contract, mixed",0.3364903005575277,0.3364903005575289,0.33649030055752827,1.1657341758564144e-15,0
spec_im_attack,v2jureview_lag1,mixed_vs_contract,2,"contract, mixed",0.2899702210757588,0.28997022107576,0.2899702210757594,1.1657341758564144e-15,0
spec_im_attack,v2jureview_lag1,contract_vs_mixed,2,"contract, mixed",-0.28997022107576,-0.2899702210757588,-0.2899702210757594,1.1657341758564144e-15,0
spec_govprot_pack_decision,legal_civil,contract_vs_expand,2,"contract, expand",0.1149929770323961,0.1149929770323972,0.11499297703239665,1.1102230246251565e-15,0
spec_c_reform,v2jureform_lag1,expand_vs_contract,2,"contract, expand",-0.3276369407879572,-0.3276369407879561,-0.32763694078795663,1.1102230246251565e-15,-***
spec_govprot_pack_decision,legal_civil,expand_vs_contract,2,"contract, expand",-0.1149929770323972,-0.1149929770323961,-0.11499297703239665,1.1102230246251565e-15,0
spec_p_reform,wdj_press_lag1,contract_vs_mixed,2,"contract, mixed",1.6167296259429953,1.6167296259429964,1.616729625942996,1.1102230246251565e-15,+***
spec_c_reform,v2jureform_lag1,contract_vs_expand,2,"contract, expand",0.3276369407879561,0.3276369407879572,0.32763694078795663,1.1102230246251565e-15,+***
spec_extended_2,high_court,mixed_vs_contract,2,"contract, mixed",0.5374338034320993,0.5374338034321005,0.5374338034320999,1.1102230246251565e-15,+**
spec_c_attack_decision,v2jureview_lag1,contract_vs_expand,2,"contract, expand",-0.6135402437699462,-0.6135402437699451,-0.6135402437699456,1.1102230246251565e-15,-**
spec_p_reform,wdj_press_lag1,mixed_vs_contract,2,"contract, mixed",-1.6167296259429964,-1.6167296259429953,-1.616729625942996,1.1102230246251565e-15,-***
spec_extended_2,high_court,contract_vs_mixed,2,"contract, mixed",-0.5374338034321005,-0.5374338034320993,-0.5374338034320999,1.1102230246251565e-15,-**
spec_c_attack_decision,v2jureview_lag1,expand_vs_contract,2,"contract, expand",0.6135402437699451,0.6135402437699462,0.6135402437699456,1.1102230246251565e-15,+**
spec_govprot_pack_decision,legal_civil,expand_vs_mixed,2,"expand, mixed",0.0192030592273199,0.019203059227321,0.01920305922732045,1.0998146837692957e-15,0
spec_govprot_pack_decision,legal_civil,mixed_vs_expand,2,"expand, mixed",-0.019203059227321,-0.0192030592273199,-0.01920305922732045,1.0998146837692957e-15,0
spec_extended_1,j_ind_lag1,mixed_vs_contract,2,"contract, mixed",-0.1381504426205579,-0.1381504426205568,-0.13815044262055737,1.0824674490095276e-15,0
spec_im_attack,j_ind_lag1,expand_vs_contract,2,"contract, expand",0.1368996928496452,0.1368996928496463,0.13689969284964576,1.0824674490095276e-15,0
spec_im_attack,j_ind_lag1,contract_vs_expand,2,"contract, expand",-0.1368996928496463,-0.1368996928496452,-0.13689969284964576,1.0824674490095276e-15,0
spec_extended_1,j_ind_lag1,contract_vs_mixed,2,"contract, mixed",0.1381504426205568,0.1381504426205579,0.13815044262055737,1.0824674490095276e-15,0
spec_im_reform_decision,legal_civil,mixed_vs_expand,2,"expand, mixed",0.1343649528826298,0.1343649528826309,0.13436495288263034,1.0824674490095276e-15,0
spec_im_reform_decision,legal_civil,expand_vs_mixed,2,"expand, mixed",-0.1343649528826309,-0.1343649528826298,-0.13436495288263034,1.0824674490095276e-15,0
spec_extended_2,wdj_expression_lag1,expand_vs_contract,2,"contract, expand",-0.2790170359281692,-0.2790170359281681,-0.2790170359281686,1.0547118733938987e-15,0
spec_extended_2,wdj_expression_lag1,contract_vs_expand,2,"contract, expand",0.2790170359281681,0.2790170359281692,0.2790170359281686,1.0547118733938987e-15,0
spec_govprot_pack,legal_civil,mixed_vs_expand,2,"expand, mixed",0.0482961558293311,0.0482961558293321,0.0482961558293316,1.0061396160665481e-15,0
spec_govprot_pack,legal_civil,expand_vs_mixed,2,"expand, mixed",-0.0482961558293321,-0.0482961558293311,-0.0482961558293316,1.0061396160665481e-15,0
spec_extended_1,j_ind_lag1,expand_vs_mixed,2,"expand, mixed",0.3865367849161935,0.3865367849161945,0.386536784916194,9.992007221626409e-16,+*
spec_im_reform,v2jureform_lag1,expand_vs_mixed,2,"expand, mixed",-0.1474136236269382,-0.1474136236269372,-0.1474136236269377,9.992007221626409e-16,0
spec_govprot_attack_decision,legal_common,contract_vs_mixed,2,"contract, mixed",0.417139029238887,0.417139029238888,0.4171390292388875,9.992007221626409e-16,0
spec_govprot_attack_decision,legal_common,mixed_vs_contract,2,"contract, mixed",-0.417139029238888,-0.417139029238887,-0.4171390292388875,9.992007221626409e-16,0
spec_im_reform_decision,wdj_intermediaries_lag1,expand_vs_contract,2,"contract, expand",-0.7855858885282037,-0.7855858885282027,-0.7855858885282032,9.992007221626409e-16,0
spec_extended_1,j_ind_lag1,mixed_vs_expand,2,"expand, mixed",-0.3865367849161945,-0.3865367849161935,-0.386536784916194,9.992007221626409e-16,-*
spec_extended_1_spline,v2jureform_lag1,contract_vs_expand,2,"contract, expand",0.3651950811949923,0.3651950811949933,0.3651950811949928,9.992007221626409e-16,+***
spec_extended_1_spline,wdj_expression_lag1,mixed_vs_expand,2,"expand, mixed",-0.2250228880080146,-0.2250228880080136,-0.2250228880080141,9.992007221626409e-16,0
spec_extended_1_spline,wdj_expression_lag1,expand_vs_mixed,2,"expand, mixed",0.2250228880080136,0.2250228880080146,0.2250228880080141,9.992007221626409e-16,0
spec_extended_1_spline,v2jureform_lag1,expand_vs_contract,2,"contract, expand",-0.3651950811949933,-0.3651950811949923,-0.3651950811949928,9.992007221626409e-16,-***
spec_extended_2_spline,legal_civil,expand_vs_contract,2,"contract, expand",-0.3461799821781219,-0.3461799821781209,-0.3461799821781214,9.992007221626409e-16,0
spec_im_pack,high_court,contract_vs_expand,2,"contract, expand",-0.4435598513943657,-0.4435598513943647,-0.4435598513943652,9.992007221626409e-16,-*
spec_im_attack_decision,v2jureview_lag1,mixed_vs_contract,2,"contract, mixed",0.2617716377048054,0.2617716377048064,0.2617716377048059,9.992007221626409e-16,0
spec_im_reform_decision,wdj_intermediaries_lag1,contract_vs_expand,2,"contract, expand",0.7855858885282027,0.7855858885282037,0.7855858885282032,9.992007221626409e-16,0
spec_govprot_pack,v2jureview_lag1,expand_vs_mixed,2,"expand, mixed",0.4244376302311971,0.4244376302311981,0.4244376302311976,9.992007221626409e-16,0
spec_im_reform,v2jureform_lag1,mixed_vs_expand,2,"expand, mixed",0.1474136236269372,0.1474136236269382,0.1474136236269377,9.992007221626409e-16,0
spec_p_attack_decision,j_ind_lag1,expand_vs_mixed,2,"expand, mixed",0.3816995888252562,0.3816995888252572,0.3816995888252567,9.992007221626409e-16,+**
spec_p_attack_decision,j_ind_lag1,mixed_vs_expand,2,"expand, mixed",-0.3816995888252572,-0.3816995888252562,-0.3816995888252567,9.992007221626409e-16,-**
spec_im_pack,high_court,expand_vs_contract,2,"contract, expand",0.4435598513943647,0.4435598513943657,0.4435598513943652,9.992007221626409e-16,+*
spec_govprot_pack,v2jureview_lag1,mixed_vs_expand,2,"expand, mixed",-0.4244376302311981,-0.4244376302311971,-0.4244376302311976,9.992007221626409e-16,0
spec_govprot_attack,v2jupoatck_lag1,contract_vs_mixed,2,"contract, mixed",0.2514562516351579,0.2514562516351589,0.2514562516351584,9.992007221626409e-16,+**
spec_base_2,wdj_expression_lag1,mixed_vs_contract,2,"contract, mixed",0.1831132473554362,0.1831132473554372,0.1831132473554367,9.992007221626409e-16,0
spec_extended_2_spline,legal_civil,contract_vs_expand,2,"contract, expand",0.3461799821781209,0.3461799821781219,0.3461799821781214,9.992007221626409e-16,0
spec_govprot_attack,v2jupoatck_lag1,mixed_vs_contract,2,"contract, mixed",-0.2514562516351589,-0.2514562516351579,-0.2514562516351584,9.992007221626409e-16,-**
spec_im_attack_decision,v2jureview_lag1,contract_vs_mixed,2,"contract, mixed",-0.2617716377048064,-0.2617716377048054,-0.2617716377048059,9.992007221626409e-16,0
spec_base_2,wdj_expression_lag1,contract_vs_mixed,2,"contract, mixed",-0.1831132473554372,-0.1831132473554362,-0.1831132473554367,9.992007221626409e-16,0
spec_im_attack,legal_civil,contract_vs_expand,2,"contract, expand",0.2981526871396338,0.2981526871396347,0.2981526871396343,9.43689570931383e-16,0
spec_im_attack,legal_civil,expand_vs_contract,2,"contract, expand",-0.2981526871396347,-0.2981526871396338,-0.2981526871396343,9.43689570931383e-16,0
spec_extended_2,v2jupoatck_lag1,expand_vs_contract,2,"contract, expand",-0.1934599453212202,-0.1934599453212193,-0.19345994532121974,9.159339953157541e-16,-*
spec_p_reform,v2jureform_lag1,mixed_vs_expand,2,"expand, mixed",0.1323458498288982,0.1323458498288991,0.13234584982889863,9.159339953157541e-16,0
spec_govprot_reform_decision,v2jureform_lag1,contract_vs_mixed,2,"contract, mixed",0.1344140709062573,0.1344140709062582,0.13441407090625773,9.159339953157541e-16,0
spec_p_reform,v2jureform_lag1,expand_vs_mixed,2,"expand, mixed",-0.1323458498288991,-0.1323458498288982,-0.13234584982889863,9.159339953157541e-16,0
spec_govprot_reform_decision,v2jureform_lag1,mixed_vs_contract,2,"contract, mixed",-0.1344140709062582,-0.1344140709062573,-0.13441407090625773,9.159339953157541e-16,0
spec_extended_2,v2jupoatck_lag1,contract_vs_expand,2,"contract, expand",0.1934599453212193,0.1934599453212202,0.19345994532121974,9.159339953157541e-16,+*
spec_govprot_attack_decision,legal_civil,contract_vs_mixed,2,"contract, mixed",-0.0309765430399569,-0.030976543039956,-0.03097654303995645,9.020562075079397e-16,0
spec_govprot_attack_decision,legal_civil,mixed_vs_contract,2,"contract, mixed",0.030976543039956,0.0309765430399569,0.03097654303995645,9.020562075079397e-16,0
spec_base_3,wdj_expression_lag1,contract_vs_mixed,2,"contract, mixed",-0.0695518284173982,-0.0695518284173973,-0.06955182841739774,9.020562075079397e-16,0
spec_base_3,wdj_expression_lag1,mixed_vs_contract,2,"contract, mixed",0.0695518284173973,0.0695518284173982,0.06955182841739774,9.020562075079397e-16,0
spec_extended_2,high_court,expand_vs_mixed,2,"expand, mixed",-0.0241982869202142,-0.0241982869202133,-0.024198286920213752,8.98586760555986e-16,0
spec_extended_2,high_court,mixed_vs_expand,2,"expand, mixed",0.0241982869202133,0.0241982869202142,0.024198286920213752,8.98586760555986e-16,0
spec_govprot_pack_decision,j_ind_lag1,expand_vs_mixed,2,"expand, mixed",0.356577369730796,0.3565773697307969,0.35657736973079646,8.881784197001252e-16,+*
spec_govprot_pack_decision,j_ind_lag1,mixed_vs_expand,2,"expand, mixed",-0.3565773697307969,-0.356577369730796,-0.35657736973079646,8.881784197001252e-16,-*
spec_p_pack,legal_common,mixed_vs_contract,2,"contract, mixed",-0.861258009800423,-0.8612580098004221,-0.8612580098004226,8.881784197001252e-16,-*
spec_im_reform_decision,v2jureview_lag1,mixed_vs_contract,2,"contract, mixed",0.3410076542925996,0.3410076542926005,0.34100765429260005,8.881784197001252e-16,0
spec_p_pack_decision,v2jupack_lag1,mixed_vs_contract,2,"contract, mixed",-0.4612591835795783,-0.4612591835795774,-0.46125918357957785,8.881784197001252e-16,-*
spec_im_reform_decision,v2jureview_lag1,contract_vs_mixed,2,"contract, mixed",-0.3410076542926005,-0.3410076542925996,-0.34100765429260005,8.881784197001252e-16,0
spec_govprot_pack_decision,legal_common,contract_vs_expand,2,"contract, expand",1.3949239758579226,1.3949239758579235,1.394923975857923,8.881784197001252e-16,+***
spec_p_pack,legal_common,contract_vs_mixed,2,"contract, mixed",0.8612580098004221,0.861258009800423,0.8612580098004226,8.881784197001252e-16,+*
spec_p_attack_decision,wdj_press_lag1,mixed_vs_contract,2,"contract, mixed",-1.5189300653501496,-1.5189300653501487,-1.5189300653501492,8.881784197001252e-16,-***
spec_p_pack_decision,j_ind_lag1,expand_vs_mixed,2,"expand, mixed",0.386393610050713,0.3863936100507139,0.38639361005071343,8.881784197001252e-16,+**
spec_p_attack_decision,wdj_press_lag1,contract_vs_mixed,2,"contract, mixed",1.5189300653501487,1.5189300653501496,1.5189300653501492,8.881784197001252e-16,+***
spec_p_pack_decision,j_ind_lag1,mixed_vs_expand,2,"expand, mixed",-0.3863936100507139,-0.386393610050713,-0.38639361005071343,8.881784197001252e-16,-**
spec_p_attack_decision,legal_common,expand_vs_contract,2,"contract, expand",-1.5454638041304547,-1.5454638041304538,-1.5454638041304543,8.881784197001252e-16,-***
spec_p_attack_decision,legal_common,contract_vs_expand,2,"contract, expand",1.5454638041304538,1.5454638041304547,1.5454638041304543,8.881784197001252e-16,+***
spec_extended_1,v2x_polyarchy_lag1,mixed_vs_contract,2,"contract, mixed",5.1820321764770885,5.182032176477089,5.1820321764770885,8.881784197001252e-16,+***
spec_extended_1,v2x_polyarchy_lag1,contract_vs_mixed,2,"contract, mixed",-5.182032176477089,-5.1820321764770885,-5.1820321764770885,8.881784197001252e-16,-***
spec_extended_1,v2jureview_lag1,expand_vs_contract,2,"contract, expand",0.8298983624956936,0.8298983624956945,0.829898362495694,8.881784197001252e-16,+**
spec_govprot_pack_decision,legal_common,expand_vs_contract,2,"contract, expand",-1.3949239758579235,-1.3949239758579226,-1.394923975857923,8.881784197001252e-16,-***
spec_p_pack_decision,v2jupack_lag1,contract_vs_mixed,2,"contract, mixed",0.4612591835795774,0.4612591835795783,0.46125918357957785,8.881784197001252e-16,+*
spec_govprot_reform,v2jureform_lag1,expand_vs_contract,2,"contract, expand",-0.3356103783062492,-0.3356103783062483,-0.33561037830624874,8.881784197001252e-16,-***
spec_extended_2,legal_civil,expand_vs_contract,2,"contract, expand",-0.3519858498800998,-0.3519858498800989,-0.35198584988009934,8.881784197001252e-16,0
spec_govprot_reform,v2jureform_lag1,contract_vs_expand,2,"contract, expand",0.3356103783062483,0.3356103783062492,0.33561037830624874,8.881784197001252e-16,+***
spec_c_attack,wdj_citizen_lag1,mixed_vs_expand,2,"expand, mixed",-0.6601695817178621,-0.6601695817178612,-0.6601695817178617,8.881784197001252e-16,0
spec_im_pack_decision,j_ind_lag1,mixed_vs_expand,2,"expand, mixed",-0.3588537389533309,-0.35885373895333,-0.35885373895333045,8.881784197001252e-16,-**
spec_im_pack_decision,j_ind_lag1,expand_vs_mixed,2,"expand, mixed",0.35885373895333,0.3588537389533309,0.35885373895333045,8.881784197001252e-16,+**
spec_extended_1_spline,v2jureform_lag1,mixed_vs_contract,2,"contract, mixed",-0.156466357240139,-0.1564663572401381,-0.15646635724013855,8.881784197001252e-16,0
spec_govprot_attack,wdj_govprot_lag1,mixed_vs_contract,2,"contract, mixed",-0.4252482618034294,-0.4252482618034285,-0.42524826180342895,8.881784197001252e-16,0
spec_extended_1,v2jureview_lag1,contract_vs_expand,2,"contract, expand",-0.8298983624956945,-0.8298983624956936,-0.829898362495694,8.881784197001252e-16,-**
spec_extended_2,legal_civil,contract_vs_expand,2,"contract, expand",0.3519858498800989,0.3519858498800998,0.35198584988009934,8.881784197001252e-16,0
spec_extended_1_spline,v2jureform_lag1,contract_vs_mixed,2,"contract, mixed",0.1564663572401381,0.156466357240139,0.15646635724013855,8.881784197001252e-16,0
spec_extended_3_spline,wdj_expression_lag1,mixed_vs_expand,2,"expand, mixed",-0.1861937926606736,-0.1861937926606727,-0.18619379266067315,8.881784197001252e-16,0
spec_extended_3_spline,wdj_expression_lag1,mixed_vs_contract,2,"contract, mixed",-0.4538852881578804,-0.4538852881578795,-0.45388528815787993,8.881784197001252e-16,0
spec_c_attack,legal_civil,expand_vs_contract,2,"contract, expand",-0.3799328998365647,-0.3799328998365638,-0.37993289983656425,8.881784197001252e-16,0
spec_c_attack,wdj_citizen_lag1,expand_vs_mixed,2,"expand, mixed",0.6601695817178612,0.6601695817178621,0.6601695817178617,8.881784197001252e-16,0
spec_im_attack_decision,v2x_polyarchy_lag1,mixed_vs_expand,2,"expand, mixed",2.3958803608009056,2.3958803608009065,2.395880360800906,8.881784197001252e-16,+***
spec_im_attack_decision,v2x_polyarchy_lag1,expand_vs_mixed,2,"expand, mixed",-2.3958803608009065,-2.3958803608009056,-2.395880360800906,8.881784197001252e-16,-***
spec_im_attack_decision,v2x_polyarchy_lag1,expand_vs_contract,2,"contract, expand",3.173431006445871,3.1734310064458717,3.1734310064458713,8.881784197001252e-16,+***
spec_im_attack_decision,v2x_polyarchy_lag1,contract_vs_expand,2,"contract, expand",-3.1734310064458717,-3.173431006445871,-3.1734310064458713,8.881784197001252e-16,-***
spec_govprot_attack,legal_civil,expand_vs_contract,2,"contract, expand",-0.3893080745305027,-0.3893080745305018,-0.38930807453050226,8.881784197001252e-16,0
spec_govprot_attack,wdj_govprot_lag1,contract_vs_mixed,2,"contract, mixed",0.4252482618034285,0.4252482618034294,0.42524826180342895,8.881784197001252e-16,0
spec_govprot_attack,legal_civil,contract_vs_expand,2,"contract, expand",0.3893080745305018,0.3893080745305027,0.38930807453050226,8.881784197001252e-16,0
spec_govprot_reform_decision,v2jureview_lag1,expand_vs_contract,2,"contract, expand",0.6363894585406035,0.6363894585406044,0.6363894585406039,8.881784197001252e-16,+**
spec_extended_3_spline,wdj_expression_lag1,expand_vs_mixed,2,"expand, mixed",0.1861937926606727,0.1861937926606736,0.18619379266067315,8.881784197001252e-16,0
spec_govprot_reform_decision,v2jureview_lag1,contract_vs_expand,2,"contract, expand",-0.6363894585406044,-0.6363894585406035,-0.6363894585406039,8.881784197001252e-16,-**
spec_extended_3_spline,wdj_expression_lag1,contract_vs_mixed,2,"contract, mixed",0.4538852881578795,0.4538852881578804,0.45388528815787993,8.881784197001252e-16,0
spec_c_attack,legal_civil,contract_vs_expand,2,"contract, expand",0.3799328998365638,0.3799328998365647,0.37993289983656425,8.881784197001252e-16,0
spec_govprot_reform_decision,v2jureform_lag1,expand_vs_mixed,2,"expand, mixed",-0.1890891425981197,-0.1890891425981189,-0.18908914259811932,8.049116928532385e-16,0
spec_govprot_reform_decision,v2jureform_lag1,mixed_vs_expand,2,"expand, mixed",0.1890891425981189,0.1890891425981197,0.18908914259811932,8.049116928532385e-16,0
spec_im_attack_decision,legal_civil,contract_vs_mixed,2,"contract, mixed",0.0638559170855591,0.0638559170855599,0.0638559170855595,8.049116928532385e-16,0
spec_base_3,wdj_expression_lag1,contract_vs_expand,2,"contract, expand",-0.0742993741781771,-0.0742993741781763,-0.0742993741781767,8.049116928532385e-16,0
spec_im_attack_decision,legal_civil,mixed_vs_contract,2,"contract, mixed",-0.0638559170855599,-0.0638559170855591,-0.0638559170855595,8.049116928532385e-16,0
spec_p_attack_decision,j_ind_lag1,contract_vs_mixed,2,"contract, mixed",0.2287124508600539,0.2287124508600547,0.22871245086005432,8.049116928532385e-16,0
spec_p_attack_decision,j_ind_lag1,mixed_vs_contract,2,"contract, mixed",-0.2287124508600547,-0.2287124508600539,-0.22871245086005432,8.049116928532385e-16,0
spec_p_reform,v2jureform_lag1,contract_vs_mixed,2,"contract, mixed",0.1991023124642195,0.1991023124642203,0.1991023124642199,8.049116928532385e-16,0
spec_p_reform,v2jureform_lag1,mixed_vs_contract,2,"contract, mixed",-0.1991023124642203,-0.1991023124642195,-0.1991023124642199,8.049116928532385e-16,0
spec_base_3,wdj_expression_lag1,expand_vs_contract,2,"contract, expand",0.0742993741781763,0.0742993741781771,0.0742993741781767,8.049116928532385e-16,0
spec_im_attack,v2jupoatck_lag1,mixed_vs_expand,2,"expand, mixed",-0.0253172837058656,-0.0253172837058648,-0.025317283705865203,8.014422459012849e-16,0
spec_im_attack,v2jupoatck_lag1,expand_vs_mixed,2,"expand, mixed",0.0253172837058648,0.0253172837058656,0.025317283705865203,8.014422459012849e-16,0
spec_base_3,wdj_expression_lag1,expand_vs_mixed,2,"expand, mixed",0.0047475457607787,0.0047475457607795,0.0047475457607791,7.997075224253081e-16,0
spec_base_3,wdj_expression_lag1,mixed_vs_expand,2,"expand, mixed",-0.0047475457607795,-0.0047475457607787,-0.0047475457607791,7.997075224253081e-16,0
spec_c_attack,v2jupoatck_lag1,mixed_vs_expand,2,"expand, mixed",-0.0316976904829714,-0.0316976904829706,-0.031697690482971,7.979727989493313e-16,0
spec_c_attack,v2jupoatck_lag1,expand_vs_mixed,2,"expand, mixed",0.0316976904829706,0.0316976904829714,0.031697690482971,7.979727989493313e-16,0
spec_govprot_reform_decision,wdj_govprot_lag1,expand_vs_mixed,2,"expand, mixed",0.0488569170650777,0.0488569170650785,0.048856917065078095,7.979727989493313e-16,0
spec_govprot_reform_decision,wdj_govprot_lag1,mixed_vs_expand,2,"expand, mixed",-0.0488569170650785,-0.0488569170650777,-0.048856917065078095,7.979727989493313e-16,0
spec_c_reform,wdj_citizen_lag1,contract_vs_expand,2,"contract, expand",0.2654875824841903,0.2654875824841911,0.2654875824841907,7.771561172376096e-16,0
spec_c_reform,wdj_citizen_lag1,expand_vs_contract,2,"contract, expand",-0.2654875824841911,-0.2654875824841903,-0.2654875824841907,7.771561172376096e-16,0
spec_im_reform_decision,v2jureview_lag1,expand_vs_mixed,2,"expand, mixed",0.2715007552750913,0.2715007552750921,0.2715007552750917,7.771561172376096e-16,0
spec_im_reform_decision,v2jureview_lag1,mixed_vs_expand,2,"expand, mixed",-0.2715007552750921,-0.2715007552750913,-0.2715007552750917,7.771561172376096e-16,0
spec_im_reform_decision,legal_common,mixed_vs_contract,2,"contract, mixed",-0.7012504996195341,-0.7012504996195333,-0.7012504996195337,7.771561172376096e-16,0
spec_im_reform_decision,legal_common,contract_vs_mixed,2,"contract, mixed",0.7012504996195333,0.7012504996195341,0.7012504996195337,7.771561172376096e-16,0
spec_extended_1,v2jureform_lag1,contract_vs_expand,2,"contract, expand",0.3347437869690959,0.3347437869690967,0.3347437869690963,7.771561172376096e-16,+***
spec_im_pack_decision,wdj_intermediaries_lag1,expand_vs_contract,2,"contract, expand",-0.7460105500567661,-0.7460105500567653,-0.7460105500567658,7.771561172376096e-16,0
spec_extended_1,v2jureform_lag1,expand_vs_contract,2,"contract, expand",-0.3347437869690967,-0.3347437869690959,-0.3347437869690963,7.771561172376096e-16,-***
spec_im_reform,v2jureview_lag1,contract_vs_expand,2,"contract, expand",-0.8001542684658889,-0.8001542684658881,-0.8001542684658884,7.771561172376096e-16,-***
spec_im_reform,v2jureview_lag1,expand_vs_contract,2,"contract, expand",0.8001542684658881,0.8001542684658889,0.8001542684658884,7.771561172376096e-16,+***
spec_im_pack_decision,wdj_intermediaries_lag1,contract_vs_expand,2,"contract, expand",0.7460105500567653,0.7460105500567661,0.7460105500567658,7.771561172376096e-16,0
spec_govprot_attack,wdj_govprot_lag1,contract_vs_expand,2,"contract, expand",0.3210529777774257,0.3210529777774265,0.3210529777774261,7.771561172376096e-16,0
spec_c_pack_decision,legal_common,mixed_vs_contract,2,"contract, mixed",-0.570069270904982,-0.5700692709049813,-0.5700692709049817,7.771561172376096e-16,0
spec_c_pack_decision,legal_common,contract_vs_mixed,2,"contract, mixed",0.5700692709049813,0.570069270904982,0.5700692709049817,7.771561172376096e-16,0
spec_govprot_attack,wdj_govprot_lag1,expand_vs_contract,2,"contract, expand",-0.3210529777774265,-0.3210529777774257,-0.3210529777774261,7.771561172376096e-16,0
spec_extended_3,high_court,contract_vs_expand,2,"contract, expand",-0.4210709330286871,-0.4210709330286863,-0.4210709330286867,7.771561172376096e-16,0
spec_im_attack,wdj_intermediaries_lag1,mixed_vs_expand,2,"expand, mixed",0.443127194347368,0.4431271943473688,0.4431271943473684,7.771561172376096e-16,0
spec_im_attack,wdj_intermediaries_lag1,expand_vs_mixed,2,"expand, mixed",-0.4431271943473688,-0.443127194347368,-0.4431271943473684,7.771561172376096e-16,0
spec_extended_3,high_court,expand_vs_contract,2,"contract, expand",0.4210709330286863,0.4210709330286871,0.4210709330286867,7.771561172376096e-16,0
spec_extended_3_spline_interact,legal_common,mixed_vs_contract,2,"contract, mixed",-0.3698839046046801,-0.3698839046046794,-0.3698839046046798,7.216449660063518e-16,0
spec_extended_3_spline_interact,legal_common,contract_vs_mixed,2,"contract, mixed",0.3698839046046794,0.3698839046046801,0.3698839046046798,7.216449660063518e-16,0
spec_p_pack_decision,v2jupack_lag1,mixed_vs_expand,2,"expand, mixed",-0.2551631844109456,-0.2551631844109449,-0.2551631844109452,7.216449660063518e-16,0
spec_p_pack_decision,v2jupack_lag1,expand_vs_mixed,2,"expand, mixed",0.2551631844109449,0.2551631844109456,0.2551631844109452,7.216449660063518e-16,0
spec_extended_3,legal_civil,contract_vs_expand,2,"contract, expand",0.4229064704465324,0.4229064704465331,0.42290647044653273,7.216449660063518e-16,0
spec_extended_2_spline,v2jupoatck_lag1,expand_vs_contract,2,"contract, expand",-0.2664390230209927,-0.266439023020992,-0.2664390230209923,7.216449660063518e-16,-***
spec_extended_2_spline,v2jupoatck_lag1,contract_vs_expand,2,"contract, expand",0.266439023020992,0.2664390230209927,0.2664390230209923,7.216449660063518e-16,+***
spec_extended_3,legal_civil,expand_vs_contract,2,"contract, expand",-0.4229064704465331,-0.4229064704465324,-0.42290647044653273,7.216449660063518e-16,0
spec_extended_3_spline,high_court,contract_vs_expand,2,"contract, expand",-0.3125138756864479,-0.3125138756864472,-0.3125138756864475,7.216449660063518e-16,0
spec_extended_3_spline,high_court,expand_vs_contract,2,"contract, expand",0.3125138756864472,0.3125138756864479,0.3125138756864475,7.216449660063518e-16,0
spec_c_pack,wdj_citizen_lag1,contract_vs_expand,2,"contract, expand",0.2716039757924484,0.2716039757924491,0.27160397579244877,7.216449660063518e-16,0
spec_c_pack,wdj_citizen_lag1,expand_vs_contract,2,"contract, expand",-0.2716039757924491,-0.2716039757924484,-0.27160397579244877,7.216449660063518e-16,0
spec_p_attack,legal_civil,mixed_vs_contract,2,"contract, mixed",-0.0764067484054043,-0.0764067484054036,-0.07640674840540396,7.077671781985373e-16,0
spec_p_attack,legal_civil,contract_vs_mixed,2,"contract, mixed",0.0764067484054036,0.0764067484054043,0.07640674840540396,7.077671781985373e-16,0
spec_p_pack,high_court,expand_vs_mixed,2,"expand, mixed",-0.0056567082654004,-0.0056567082653997,-0.005656708265400051,6.999609225566417e-16,0
spec_p_pack,high_court,mixed_vs_expand,2,"expand, mixed",0.0056567082653997,0.0056567082654004,0.005656708265400051,6.999609225566417e-16,0
spec_extended_3,wdj_expression_lag1,contract_vs_mixed,2,"contract, mixed",0.1731318911216227,0.1731318911216234,0.17313189112162303,6.938893903907228e-16,0
spec_extended_3,wdj_expression_lag1,mixed_vs_contract,2,"contract, mixed",-0.1731318911216234,-0.1731318911216227,-0.17313189112162303,6.938893903907228e-16,0
spec_govprot_attack,v2jupoatck_lag1,expand_vs_contract,2,"contract, expand",-0.1962679752995773,-0.1962679752995766,-0.19626797529957696,6.938893903907228e-16,-*
spec_c_pack_decision,legal_civil,expand_vs_mixed,2,"expand, mixed",-0.1079968192713519,-0.1079968192713512,-0.10799681927135155,6.938893903907228e-16,0
spec_govprot_attack,v2jupoatck_lag1,contract_vs_expand,2,"contract, expand",0.1962679752995766,0.1962679752995773,0.19626797529957696,6.938893903907228e-16,+*
spec_c_pack_decision,legal_civil,mixed_vs_expand,2,"expand, mixed",0.1079968192713512,0.1079968192713519,0.10799681927135155,6.938893903907228e-16,0
spec_im_reform,v2jureform_lag1,contract_vs_mixed,2,"contract, mixed",0.1767969582281187,0.1767969582281194,0.17679695822811903,6.938893903907228e-16,0
spec_im_reform,v2jureform_lag1,mixed_vs_contract,2,"contract, mixed",-0.1767969582281194,-0.1767969582281187,-0.17679695822811903,6.938893903907228e-16,0
spec_extended_3,legal_common,expand_vs_contract,2,"contract, expand",-1.787725351017398,-1.7877253510173974,-1.7877253510173978,6.661338147750939e-16,-***
spec_c_attack_decision,wdj_citizen_lag1,mixed_vs_expand,2,"expand, mixed",-0.5690610876938279,-0.5690610876938272,-0.5690610876938276,6.661338147750939e-16,0
spec_im_attack,high_court,contract_vs_expand,2,"contract, expand",-0.5430244238517729,-0.5430244238517722,-0.5430244238517725,6.661338147750939e-16,-**
spec_extended_3,legal_common,contract_vs_expand,2,"contract, expand",1.7877253510173974,1.787725351017398,1.7877253510173978,6.661338147750939e-16,+***
spec_p_attack,legal_civil,expand_vs_mixed,2,"expand, mixed",-0.3020603362752868,-0.3020603362752861,-0.30206033627528645,6.661338147750939e-16,0
spec_im_attack,high_court,expand_vs_contract,2,"contract, expand",0.5430244238517722,0.5430244238517729,0.5430244238517725,6.661338147750939e-16,+**
spec_p_attack,legal_civil,mixed_vs_expand,2,"expand, mixed",0.3020603362752861,0.3020603362752868,0.30206033627528645,6.661338147750939e-16,0
spec_im_pack_decision,legal_common,expand_vs_contract,2,"contract, expand",-1.513429471279354,-1.5134294712793532,-1.5134294712793537,6.661338147750939e-16,-***
spec_im_pack_decision,legal_civil,expand_vs_mixed,2,"expand, mixed",0.2527268875878979,0.2527268875878986,0.25272688758789824,6.661338147750939e-16,0
spec_im_pack_decision,legal_civil,mixed_vs_expand,2,"expand, mixed",-0.2527268875878986,-0.2527268875878979,-0.25272688758789824,6.661338147750939e-16,0
spec_p_pack_decision,wdj_press_lag1,contract_vs_mixed,2,"contract, mixed",1.3895984027560606,1.3895984027560613,1.3895984027560608,6.661338147750939e-16,+**
spec_p_reform,v2jureform_lag1,expand_vs_contract,2,"contract, expand",-0.3314481622931186,-0.3314481622931179,-0.33144816229311824,6.661338147750939e-16,-***
spec_govprot_reform_decision,legal_common,contract_vs_mixed,2,"contract, mixed",0.6557074589241089,0.6557074589241095,0.6557074589241092,6.661338147750939e-16,0
spec_im_pack,v2jureview_lag1,contract_vs_expand,2,"contract, expand",-0.8771763390588186,-0.877176339058818,-0.8771763390588183,6.661338147750939e-16,-***
spec_p_reform,wdj_press_lag1,mixed_vs_expand,2,"expand, mixed",-1.0395587201195695,-1.0395587201195688,-1.0395587201195693,6.661338147750939e-16,-***
spec_p_pack,v2jureview_lag1,mixed_vs_contract,2,"contract, mixed",0.4908239353031366,0.4908239353031373,0.49082393530313695,6.661338147750939e-16,0
spec_p_pack_decision,wdj_press_lag1,mixed_vs_contract,2,"contract, mixed",-1.3895984027560613,-1.3895984027560606,-1.3895984027560608,6.661338147750939e-16,-**
spec_c_attack_decision,wdj_citizen_lag1,mixed_vs_contract,2,"contract, mixed",-0.8428627170165118,-0.8428627170165112,-0.8428627170165115,6.661338147750939e-16,0
spec_p_reform,v2jureform_lag1,contract_vs_expand,2,"contract, expand",0.3314481622931179,0.3314481622931186,0.33144816229311824,6.661338147750939e-16,+***
spec_im_pack,v2jureview_lag1,expand_vs_contract,2,"contract, expand",0.877176339058818,0.8771763390588186,0.8771763390588183,6.661338147750939e-16,+***
spec_c_attack_decision,legal_common,contract_vs_mixed,2,"contract, mixed",0.5680558260398505,0.5680558260398512,0.5680558260398508,6.661338147750939e-16,0
spec_c_reform_decision,wdj_citizen_lag1,mixed_vs_expand,2,"expand, mixed",-0.5877524594954474,-0.5877524594954467,-0.5877524594954471,6.661338147750939e-16,0
spec_extended_1,legal_civil,contract_vs_mixed,2,"contract, mixed",0.3494616224583914,0.3494616224583921,0.34946162245839174,6.661338147750939e-16,0
spec_govprot_reform_decision,legal_common,mixed_vs_contract,2,"contract, mixed",-0.6557074589241095,-0.6557074589241089,-0.6557074589241092,6.661338147750939e-16,0
spec_c_attack_decision,wdj_citizen_lag1,contract_vs_mixed,2,"contract, mixed",0.8428627170165112,0.8428627170165118,0.8428627170165115,6.661338147750939e-16,0
spec_extended_1,legal_civil,mixed_vs_contract,2,"contract, mixed",-0.3494616224583921,-0.3494616224583914,-0.34946162245839174,6.661338147750939e-16,0
spec_govprot_attack,high_court,mixed_vs_contract,2,"contract, mixed",0.5276774081405923,0.5276774081405929,0.5276774081405926,6.661338147750939e-16,+*
spec_p_reform,wdj_press_lag1,expand_vs_mixed,2,"expand, mixed",1.0395587201195688,1.0395587201195695,1.0395587201195693,6.661338147750939e-16,+***
spec_p_pack,v2jureview_lag1,contract_vs_mixed,2,"contract, mixed",-0.4908239353031373,-0.4908239353031366,-0.49082393530313695,6.661338147750939e-16,0
spec_govprot_attack,high_court,contract_vs_mixed,2,"contract, mixed",-0.5276774081405929,-0.5276774081405923,-0.5276774081405926,6.661338147750939e-16,-*
spec_c_attack,legal_common,mixed_vs_expand,2,"expand, mixed",1.121531032364668,1.1215310323646686,1.1215310323646683,6.661338147750939e-16,+***
spec_c_attack_decision,wdj_citizen_lag1,expand_vs_mixed,2,"expand, mixed",0.5690610876938272,0.5690610876938279,0.5690610876938276,6.661338147750939e-16,0
spec_c_attack,legal_common,expand_vs_mixed,2,"expand, mixed",-1.1215310323646686,-1.121531032364668,-1.1215310323646683,6.661338147750939e-16,-***
spec_c_reform_decision,wdj_citizen_lag1,expand_vs_mixed,2,"expand, mixed",0.5877524594954467,0.5877524594954474,0.5877524594954471,6.661338147750939e-16,0
spec_im_pack_decision,legal_common,contract_vs_expand,2,"contract, expand",1.5134294712793532,1.513429471279354,1.5134294712793537,6.661338147750939e-16,+***
spec_c_attack_decision,legal_common,mixed_vs_contract,2,"contract, mixed",-0.5680558260398512,-0.5680558260398505,-0.5680558260398508,6.661338147750939e-16,0
spec_c_reform_decision,j_ind_lag1,contract_vs_expand,2,"contract, expand",-0.2376029213164148,-0.2376029213164142,-0.2376029213164145,6.106226635438361e-16,0
spec_c_attack_decision,high_court,expand_vs_mixed,2,"expand, mixed",-0.0962510700850446,-0.096251070085044,-0.0962510700850443,6.106226635438361e-16,0
spec_c_reform_decision,j_ind_lag1,expand_vs_contract,2,"contract, expand",0.2376029213164142,0.2376029213164148,0.2376029213164145,6.106226635438361e-16,0
spec_c_reform,v2jureform_lag1,expand_vs_mixed,2,"expand, mixed",-0.1542144453344397,-0.1542144453344391,-0.1542144453344394,6.106226635438361e-16,0
spec_p_pack,v2jupack_lag1,contract_vs_expand,2,"contract, expand",0.2375304816731789,0.2375304816731795,0.2375304816731792,6.106226635438361e-16,0
spec_govprot_attack_decision,v2jureview_lag1,mixed_vs_contract,2,"contract, mixed",0.2539053026303731,0.2539053026303737,0.25390530263037336,6.106226635438361e-16,0
spec_govprot_pack,wdj_govprot_lag1,contract_vs_expand,2,"contract, expand",0.1753859852524256,0.1753859852524262,0.1753859852524259,6.106226635438361e-16,0
spec_c_reform,v2jureform_lag1,mixed_vs_expand,2,"expand, mixed",0.1542144453344391,0.1542144453344397,0.1542144453344394,6.106226635438361e-16,0
spec_c_attack_decision,high_court,mixed_vs_expand,2,"expand, mixed",0.096251070085044,0.0962510700850446,0.0962510700850443,6.106226635438361e-16,0
spec_extended_3_spline,j_ind_lag1,mixed_vs_expand,2,"expand, mixed",-0.3276029651585662,-0.3276029651585656,-0.3276029651585659,6.106226635438361e-16,0
spec_govprot_attack_decision,v2jureview_lag1,contract_vs_mixed,2,"contract, mixed",-0.2539053026303737,-0.2539053026303731,-0.25390530263037336,6.106226635438361e-16,0
spec_extended_3_spline,j_ind_lag1,expand_vs_mixed,2,"expand, mixed",0.3276029651585656,0.3276029651585662,0.3276029651585659,6.106226635438361e-16,0
spec_govprot_pack,wdj_govprot_lag1,expand_vs_contract,2,"contract, expand",-0.1753859852524262,-0.1753859852524256,-0.1753859852524259,6.106226635438361e-16,0
spec_c_reform_decision,v2jureform_lag1,expand_vs_contract,2,"contract, expand",-0.3194008856526146,-0.319400885652614,-0.31940088565261426,6.106226635438361e-16,-**
spec_p_pack,v2jupack_lag1,expand_vs_contract,2,"contract, expand",-0.2375304816731795,-0.2375304816731789,-0.2375304816731792,6.106226635438361e-16,0
spec_base_2,wdj_expression_lag1,mixed_vs_expand,2,"expand, mixed",0.1408545952405998,0.1408545952406004,0.1408545952406001,6.106226635438361e-16,0
spec_base_2,wdj_expression_lag1,expand_vs_mixed,2,"expand, mixed",-0.1408545952406004,-0.1408545952405998,-0.1408545952406001,6.106226635438361e-16,0
spec_c_attack,v2jupoatck_lag1,contract_vs_mixed,2,"contract, mixed",0.1814084548281841,0.1814084548281847,0.1814084548281844,6.106226635438361e-16,+*
spec_c_attack,v2jupoatck_lag1,mixed_vs_contract,2,"contract, mixed",-0.1814084548281847,-0.1814084548281841,-0.1814084548281844,6.106226635438361e-16,-*
spec_c_attack_decision,v2jureview_lag1,expand_vs_mixed,2,"expand, mixed",0.3657734216911499,0.3657734216911505,0.36577342169115024,6.106226635438361e-16,0
spec_c_reform_decision,v2jureform_lag1,contract_vs_expand,2,"contract, expand",0.319400885652614,0.3194008856526146,0.31940088565261426,6.106226635438361e-16,+**
spec_c_attack_decision,v2jureview_lag1,mixed_vs_expand,2,"expand, mixed",-0.3657734216911505,-0.3657734216911499,-0.36577342169115024,6.106226635438361e-16,0
spec_govprot_attack,v2jupoatck_lag1,mixed_vs_expand,2,"expand, mixed",-0.055188276335582,-0.0551882763355814,-0.055188276335581696,6.036837696399289e-16,0
spec_govprot_attack,v2jupoatck_lag1,expand_vs_mixed,2,"expand, mixed",0.0551882763355814,0.055188276335582,0.055188276335581696,6.036837696399289e-16,0
spec_extended_2_spline_interact,v2jupoatck_lag1,expand_vs_mixed,2,"expand, mixed",-0.0557020692472493,-0.0557020692472487,-0.055702069247249,5.967448757360216e-16,0
spec_extended_2_spline_interact,v2jupoatck_lag1,mixed_vs_expand,2,"expand, mixed",0.0557020692472487,0.0557020692472493,0.055702069247249,5.967448757360216e-16,0
spec_im_attack,high_court,expand_vs_mixed,2,"expand, mixed",-0.0348556706174055,-0.0348556706174049,-0.0348556706174052,5.967448757360216e-16,0
spec_im_reform,high_court,mixed_vs_expand,2,"expand, mixed",0.0490383423774143,0.0490383423774149,0.0490383423774146,5.967448757360216e-16,0
spec_im_reform,high_court,expand_vs_mixed,2,"expand, mixed",-0.0490383423774149,-0.0490383423774143,-0.0490383423774146,5.967448757360216e-16,0
spec_im_attack,high_court,mixed_vs_expand,2,"expand, mixed",0.0348556706174049,0.0348556706174055,0.0348556706174052,5.967448757360216e-16,0
spec_extended_3,j_ind_lag1,expand_vs_contract,2,"contract, expand",0.1616353187335881,0.1616353187335887,0.16163531873358838,5.828670879282072e-16,0
spec_govprot_attack_decision,wdj_govprot_lag1,mixed_vs_expand,2,"expand, mixed",-0.1266383312256445,-0.1266383312256439,-0.12663833122564422,5.828670879282072e-16,0
spec_extended_3,j_ind_lag1,contract_vs_expand,2,"contract, expand",-0.1616353187335887,-0.1616353187335881,-0.16163531873358838,5.828670879282072e-16,0
spec_govprot_attack_decision,wdj_govprot_lag1,expand_vs_mixed,2,"expand, mixed",0.1266383312256439,0.1266383312256445,0.12663833122564422,5.828670879282072e-16,0
spec_p_pack_decision,wdj_press_lag1,expand_vs_mixed,2,"expand, mixed",0.6122283614825826,0.6122283614825832,0.612228361482583,5.551115123125783e-16,0
spec_c_reform_decision,legal_common,contract_vs_mixed,2,"contract, mixed",0.7467743684099858,0.7467743684099863,0.7467743684099861,5.551115123125783e-16,0
spec_im_pack_decision,v2jupack_lag1,mixed_vs_contract,2,"contract, mixed",-0.5364016022978517,-0.5364016022978512,-0.5364016022978515,5.551115123125783e-16,-**
spec_im_pack_decision,v2jupack_lag1,contract_vs_mixed,2,"contract, mixed",0.5364016022978512,0.5364016022978517,0.5364016022978515,5.551115123125783e-16,+**
spec_c_attack_decision,high_court,contract_vs_mixed,2,"contract, mixed",-0.5861151499210777,-0.5861151499210772,-0.5861151499210775,5.551115123125783e-16,-**
spec_p_pack_decision,wdj_press_lag1,mixed_vs_expand,2,"expand, mixed",-0.6122283614825832,-0.6122283614825826,-0.612228361482583,5.551115123125783e-16,0
spec_p_pack,wdj_press_lag1,expand_vs_mixed,2,"expand, mixed",0.9305957423157638,0.9305957423157644,0.930595742315764,5.551115123125783e-16,+**
spec_p_pack,wdj_press_lag1,mixed_vs_expand,2,"expand, mixed",-0.9305957423157644,-0.9305957423157638,-0.930595742315764,5.551115123125783e-16,-**
spec_c_pack_decision,wdj_citizen_lag1,mixed_vs_contract,2,"contract, mixed",-0.7271011641823943,-0.7271011641823938,-0.7271011641823941,5.551115123125783e-16,0
spec_c_pack_decision,wdj_citizen_lag1,contract_vs_mixed,2,"contract, mixed",0.7271011641823938,0.7271011641823943,0.7271011641823941,5.551115123125783e-16,0
spec_c_attack_decision,high_court,mixed_vs_contract,2,"contract, mixed",0.5861151499210772,0.5861151499210777,0.5861151499210775,5.551115123125783e-16,+**
spec_c_reform_decision,legal_common,mixed_vs_contract,2,"contract, mixed",-0.7467743684099863,-0.7467743684099858,-0.7467743684099861,5.551115123125783e-16,0
spec_extended_2,v2jupoatck_lag1,mixed_vs_contract,2,"contract, mixed",-0.233449173879824,-0.2334491738798235,-0.23344917387982375,4.996003610813204e-16,-*
spec_im_attack_decision,v2jupoatck_lag1,mixed_vs_expand,2,"expand, mixed",-0.0574180976067401,-0.0574180976067396,-0.05741809760673985,4.996003610813204e-16,0
spec_govprot_reform,wdj_govprot_lag1,contract_vs_mixed,2,"contract, mixed",0.2127637284607222,0.2127637284607227,0.21276372846072245,4.996003610813204e-16,0
spec_govprot_pack,high_court,expand_vs_contract,2,"contract, expand",0.4165527555444829,0.4165527555444834,0.4165527555444831,4.996003610813204e-16,0
spec_govprot_pack_decision,legal_common,contract_vs_mixed,2,"contract, mixed",0.4739915476326662,0.4739915476326667,0.4739915476326665,4.996003610813204e-16,0
spec_c_pack_decision,legal_civil,expand_vs_contract,2,"contract, expand",-0.1101638281422233,-0.1101638281422228,-0.11016382814222304,4.996003610813204e-16,0
spec_govprot_attack,wdj_govprot_lag1,mixed_vs_expand,2,"expand, mixed",-0.1041952840260031,-0.1041952840260026,-0.10419528402600285,4.996003610813204e-16,0
spec_govprot_pack_decision,legal_common,mixed_vs_contract,2,"contract, mixed",-0.4739915476326667,-0.4739915476326662,-0.4739915476326665,4.996003610813204e-16,0
spec_extended_3_spline,v2jupack_lag1,mixed_vs_expand,2,"expand, mixed",-0.282152680032469,-0.2821526800324685,-0.28215268003246874,4.996003610813204e-16,0
spec_extended_3_spline,v2jupack_lag1,expand_vs_mixed,2,"expand, mixed",0.2821526800324685,0.282152680032469,0.28215268003246874,4.996003610813204e-16,0
spec_p_reform,high_court,expand_vs_mixed,2,"expand, mixed",-0.0503848915820609,-0.0503848915820604,-0.05038489158206065,4.996003610813204e-16,0
spec_govprot_attack_decision,legal_civil,expand_vs_mixed,2,"expand, mixed",-0.1068234629756622,-0.1068234629756617,-0.10682346297566195,4.996003610813204e-16,0
spec_im_pack_decision,legal_civil,mixed_vs_contract,2,"contract, mixed",-0.2602997646725535,-0.260299764672553,-0.2602997646725532,4.996003610813204e-16,0
spec_govprot_attack_decision,legal_civil,mixed_vs_expand,2,"expand, mixed",0.1068234629756617,0.1068234629756622,0.10682346297566195,4.996003610813204e-16,0
spec_p_reform,high_court,mixed_vs_expand,2,"expand, mixed",0.0503848915820604,0.0503848915820609,0.05038489158206065,4.996003610813204e-16,0
spec_extended_3,wdj_expression_lag1,mixed_vs_expand,2,"expand, mixed",-0.03623597632439,-0.0362359763243895,-0.03623597632438975,4.996003610813204e-16,0
spec_c_attack_decision,j_ind_lag1,contract_vs_expand,2,"contract, expand",-0.159126496043066,-0.1591264960430655,-0.15912649604306575,4.996003610813204e-16,0
spec_c_attack_decision,j_ind_lag1,expand_vs_contract,2,"contract, expand",0.1591264960430655,0.159126496043066,0.15912649604306575,4.996003610813204e-16,0
spec_c_attack_decision,legal_civil,contract_vs_mixed,2,"contract, mixed",-0.1513104772192698,-0.1513104772192693,-0.15131047721926955,4.996003610813204e-16,0
spec_c_pack_decision,legal_civil,contract_vs_expand,2,"contract, expand",0.1101638281422228,0.1101638281422233,0.11016382814222304,4.996003610813204e-16,0
spec_p_reform_decision,j_ind_lag1,expand_vs_mixed,2,"expand, mixed",0.4055803518861418,0.4055803518861423,0.40558035188614205,4.996003610813204e-16,+**
spec_p_pack_decision,j_ind_lag1,contract_vs_mixed,2,"contract, mixed",0.2397244506556479,0.2397244506556484,0.23972445065564815,4.996003610813204e-16,0
spec_im_attack_decision,v2jupoatck_lag1,expand_vs_mixed,2,"expand, mixed",0.0574180976067396,0.0574180976067401,0.05741809760673985,4.996003610813204e-16,0
spec_extended_3,wdj_expression_lag1,expand_vs_mixed,2,"expand, mixed",0.0362359763243895,0.03623597632439,0.03623597632438975,4.996003610813204e-16,0
spec_p_pack_decision,j_ind_lag1,expand_vs_contract,2,"contract, expand",0.1466691593950654,0.1466691593950659,0.14666915939506564,4.996003610813204e-16,0
spec_govprot_pack,high_court,contract_vs_expand,2,"contract, expand",-0.4165527555444834,-0.4165527555444829,-0.4165527555444831,4.996003610813204e-16,0
spec_c_pack,high_court,expand_vs_contract,2,"contract, expand",0.4489343364082847,0.4489343364082852,0.44893433640828495,4.996003610813204e-16,+*
spec_p_pack_decision,j_ind_lag1,mixed_vs_contract,2,"contract, mixed",-0.2397244506556484,-0.2397244506556479,-0.23972445065564815,4.996003610813204e-16,0
spec_p_pack_decision,j_ind_lag1,contract_vs_expand,2,"contract, expand",-0.1466691593950659,-0.1466691593950654,-0.14666915939506564,4.996003610813204e-16,0
spec_base_2,wdj_expression_lag1,contract_vs_expand,2,"contract, expand",-0.0422586521148366,-0.0422586521148361,-0.04225865211483635,4.996003610813204e-16,0
spec_c_pack,high_court,contract_vs_expand,2,"contract, expand",-0.4489343364082852,-0.4489343364082847,-0.44893433640828495,4.996003610813204e-16,-*
spec_base_1,wdj_expression_lag1,expand_vs_mixed,2,"expand, mixed",-0.0681172870290237,-0.0681172870290232,-0.06811728702902345,4.996003610813204e-16,0
spec_p_reform_decision,j_ind_lag1,mixed_vs_expand,2,"expand, mixed",-0.4055803518861423,-0.4055803518861418,-0.40558035188614205,4.996003610813204e-16,-**
spec_base_1,wdj_expression_lag1,mixed_vs_expand,2,"expand, mixed",0.0681172870290232,0.0681172870290237,0.06811728702902345,4.996003610813204e-16,0
spec_base_2,wdj_expression_lag1,expand_vs_contract,2,"contract, expand",0.0422586521148361,0.0422586521148366,0.04225865211483635,4.996003610813204e-16,0
spec_extended_1_spline,v2jureform_lag1,mixed_vs_expand,2,"expand, mixed",0.2087287239548541,0.2087287239548546,0.20872872395485434,4.996003610813204e-16,0
spec_govprot_attack,v2jureview_lag1,mixed_vs_contract,2,"contract, mixed",0.2877591878029575,0.287759187802958,0.2877591878029577,4.996003610813204e-16,0
spec_govprot_reform,wdj_govprot_lag1,mixed_vs_contract,2,"contract, mixed",-0.2127637284607227,-0.2127637284607222,-0.21276372846072245,4.996003610813204e-16,0
spec_govprot_pack_decision,v2jureview_lag1,expand_vs_mixed,2,"expand, mixed",0.2784864733289294,0.2784864733289299,0.2784864733289296,4.996003610813204e-16,0
spec_im_pack_decision,v2jupack_lag1,expand_vs_mixed,2,"expand, mixed",0.3359513924791641,0.3359513924791646,0.3359513924791644,4.996003610813204e-16,0
spec_extended_1_spline,v2jureform_lag1,expand_vs_mixed,2,"expand, mixed",-0.2087287239548546,-0.2087287239548541,-0.20872872395485434,4.996003610813204e-16,0
spec_govprot_attack,wdj_govprot_lag1,expand_vs_mixed,2,"expand, mixed",0.1041952840260026,0.1041952840260031,0.10419528402600285,4.996003610813204e-16,0
spec_c_attack_decision,legal_civil,mixed_vs_contract,2,"contract, mixed",0.1513104772192693,0.1513104772192698,0.15131047721926955,4.996003610813204e-16,0
spec_im_pack_decision,legal_civil,contract_vs_mixed,2,"contract, mixed",0.260299764672553,0.2602997646725535,0.2602997646725532,4.996003610813204e-16,0
spec_extended_2,v2jupoatck_lag1,contract_vs_mixed,2,"contract, mixed",0.2334491738798235,0.233449173879824,0.23344917387982375,4.996003610813204e-16,+*
spec_govprot_reform,v2jureform_lag1,contract_vs_mixed,2,"contract, mixed",0.1846138792977687,0.1846138792977692,0.18461387929776896,4.996003610813204e-16,0
spec_govprot_attack,v2jureview_lag1,contract_vs_mixed,2,"contract, mixed",-0.287759187802958,-0.2877591878029575,-0.2877591878029577,4.996003610813204e-16,0
spec_govprot_reform,v2jureform_lag1,mixed_vs_contract,2,"contract, mixed",-0.1846138792977692,-0.1846138792977687,-0.18461387929776896,4.996003610813204e-16,0
spec_im_pack_decision,v2jupack_lag1,mixed_vs_expand,2,"expand, mixed",-0.3359513924791646,-0.3359513924791641,-0.3359513924791644,4.996003610813204e-16,0
spec_govprot_pack_decision,v2jureview_lag1,mixed_vs_expand,2,"expand, mixed",-0.2784864733289299,-0.2784864733289294,-0.2784864733289296,4.996003610813204e-16,0
spec_c_attack_decision,legal_common,contract_vs_expand,2,"contract, expand",1.455727177221702,1.4557271772217024,1.4557271772217022,4.440892098500626e-16,+***
spec_c_reform,wdj_citizen_lag1,contract_vs_mixed,2,"contract, mixed",0.9453468471866076,0.945346847186608,0.9453468471866078,4.440892098500626e-16,0
spec_govprot_reform_decision,legal_common,expand_vs_mixed,2,"expand, mixed",-1.108060268004681,-1.1080602680046805,-1.1080602680046807,4.440892098500626e-16,-**
spec_c_attack_decision,legal_common,expand_vs_contract,2,"contract, expand",-1.4557271772217024,-1.455727177221702,-1.4557271772217022,4.440892098500626e-16,-***
spec_c_reform,wdj_citizen_lag1,mixed_vs_contract,2,"contract, mixed",-0.945346847186608,-0.9453468471866076,-0.9453468471866078,4.440892098500626e-16,0
spec_c_reform_decision,wdj_citizen_lag1,mixed_vs_contract,2,"contract, mixed",-0.7966292889894043,-0.7966292889894039,-0.7966292889894041,4.440892098500626e-16,0
spec_govprot_attack,high_court,expand_vs_contract,2,"contract, expand",0.5096735051969928,0.5096735051969933,0.5096735051969931,4.440892098500626e-16,+*
spec_govprot_reform_decision,legal_common,mixed_vs_expand,2,"expand, mixed",1.1080602680046805,1.108060268004681,1.1080602680046807,4.440892098500626e-16,+**
spec_govprot_reform_decision,v2x_polyarchy_lag1,expand_vs_contract,2,"contract, expand",3.1647044146602834,3.164704414660284,3.1647044146602834,4.440892098500626e-16,+***
spec_im_pack_decision,legal_common,mixed_vs_expand,2,"expand, mixed",0.9903018628715216,0.990301862871522,0.9903018628715218,4.440892098500626e-16,+**
spec_c_reform_decision,wdj_citizen_lag1,contract_vs_mixed,2,"contract, mixed",0.7966292889894039,0.7966292889894043,0.7966292889894041,4.440892098500626e-16,0
spec_im_pack_decision,v2jureview_lag1,contract_vs_expand,2,"contract, expand",-0.6982800510354675,-0.6982800510354671,-0.6982800510354673,4.440892098500626e-16,-**
spec_im_pack_decision,v2jureview_lag1,expand_vs_contract,2,"contract, expand",0.6982800510354671,0.6982800510354675,0.6982800510354673,4.440892098500626e-16,+**
spec_govprot_attack,high_court,contract_vs_expand,2,"contract, expand",-0.5096735051969933,-0.5096735051969928,-0.5096735051969931,4.440892098500626e-16,-*
spec_govprot_attack_decision,v2jureview_lag1,mixed_vs_expand,2,"expand, mixed",-0.3656369333460002,-0.3656369333459998,-0.365636933346,4.440892098500626e-16,0
spec_im_attack_decision,wdj_intermediaries_lag1,contract_vs_expand,2,"contract, expand",0.7979490717837933,0.7979490717837937,0.7979490717837935,4.440892098500626e-16,0
spec_extended_2_spline_interact,legal_common,contract_vs_expand,2,"contract, expand",1.6954092989022356,1.695409298902236,1.6954092989022358,4.440892098500626e-16,+***
spec_im_attack_decision,wdj_intermediaries_lag1,expand_vs_contract,2,"contract, expand",-0.7979490717837937,-0.7979490717837933,-0.7979490717837935,4.440892098500626e-16,0
spec_extended_2_spline_interact,legal_common,expand_vs_contract,2,"contract, expand",-1.695409298902236,-1.6954092989022356,-1.6954092989022358,4.440892098500626e-16,-***
spec_im_pack_decision,legal_common,expand_vs_mixed,2,"expand, mixed",-0.990301862871522,-0.9903018628715216,-0.9903018628715218,4.440892098500626e-16,-**
spec_govprot_reform_decision,v2x_polyarchy_lag1,contract_vs_expand,2,"contract, expand",-3.164704414660284,-3.1647044146602834,-3.1647044146602834,4.440892098500626e-16,-***
spec_p_attack_decision,v2x_polyarchy_lag1,contract_vs_expand,2,"contract, expand",-3.2673312194340367,-3.2673312194340363,-3.2673312194340367,4.440892098500626e-16,-***
spec_govprot_attack_decision,v2jureview_lag1,expand_vs_mixed,2,"expand, mixed",0.3656369333459998,0.3656369333460002,0.365636933346,4.440892098500626e-16,0
spec_p_attack_decision,v2x_polyarchy_lag1,expand_vs_contract,2,"contract, expand",3.2673312194340363,3.2673312194340367,3.2673312194340367,4.440892098500626e-16,+***
spec_p_reform,legal_civil,mixed_vs_contract,2,"contract, mixed",-0.1861372747458099,-0.1861372747458095,-0.1861372747458097,4.163336342344337e-16,0
spec_c_reform,legal_civil,contract_vs_mixed,2,"contract, mixed",0.1498633790483307,0.1498633790483311,0.1498633790483309,4.163336342344337e-16,0
spec_p_reform,legal_civil,contract_vs_mixed,2,"contract, mixed",0.1861372747458095,0.1861372747458099,0.1861372747458097,4.163336342344337e-16,0
spec_c_reform,legal_civil,mixed_vs_contract,2,"contract, mixed",-0.1498633790483311,-0.1498633790483307,-0.1498633790483309,4.163336342344337e-16,0
spec_extended_1,wdj_expression_lag1,expand_vs_contract,2,"contract, expand",-0.0805896495937542,-0.0805896495937538,-0.080589649593754,4.0245584642661925e-16,0
spec_extended_1,wdj_expression_lag1,contract_vs_expand,2,"contract, expand",0.0805896495937538,0.0805896495937542,0.080589649593754,4.0245584642661925e-16,0
spec_extended_1,wdj_expression_lag1,expand_vs_mixed,2,"expand, mixed",0.0122811688820556,0.012281168882056,0.0122811688820558,3.9898639947466563e-16,0
spec_extended_1,wdj_expression_lag1,mixed_vs_expand,2,"expand, mixed",-0.012281168882056,-0.0122811688820556,-0.0122811688820558,3.9898639947466563e-16,0
spec_p_attack_decision,v2jupoatck_lag1,contract_vs_mixed,2,"contract, mixed",0.1671231601610578,0.1671231601610582,0.167123160161058,3.885780586188048e-16,+*
spec_p_reform_decision,v2jureform_lag1,expand_vs_contract,2,"contract, expand",-0.3180506102796693,-0.3180506102796689,-0.3180506102796691,3.885780586188048e-16,-***
spec_p_pack_decision,legal_civil,expand_vs_contract,2,"contract, expand",-0.0688887438012808,-0.0688887438012804,-0.0688887438012806,3.885780586188048e-16,0
spec_p_attack_decision,v2jureview_lag1,mixed_vs_expand,2,"expand, mixed",-0.3500470652236812,-0.3500470652236808,-0.350047065223681,3.885780586188048e-16,0
spec_p_attack_decision,v2jureview_lag1,contract_vs_mixed,2,"contract, mixed",-0.3147094249139098,-0.3147094249139094,-0.31470942491390963,3.885780586188048e-16,0
spec_p_pack_decision,legal_civil,contract_vs_expand,2,"contract, expand",0.0688887438012804,0.0688887438012808,0.0688887438012806,3.885780586188048e-16,0
spec_p_reform_decision,v2jureform_lag1,contract_vs_expand,2,"contract, expand",0.3180506102796689,0.3180506102796693,0.3180506102796691,3.885780586188048e-16,+***
spec_p_attack_decision,v2jureview_lag1,expand_vs_mixed,2,"expand, mixed",0.3500470652236808,0.3500470652236812,0.350047065223681,3.885780586188048e-16,0
spec_govprot_pack,wdj_govprot_lag1,contract_vs_mixed,2,"contract, mixed",0.2479254704863584,0.2479254704863588,0.2479254704863586,3.885780586188048e-16,0
spec_p_attack_decision,v2jureview_lag1,mixed_vs_contract,2,"contract, mixed",0.3147094249139094,0.3147094249139098,0.31470942491390963,3.885780586188048e-16,0
spec_extended_3,high_court,mixed_vs_contract,2,"contract, mixed",0.4015333844143729,0.4015333844143733,0.40153338441437314,3.885780586188048e-16,0
spec_c_pack_decision,wdj_citizen_lag1,expand_vs_contract,2,"contract, expand",-0.2234925877334188,-0.2234925877334184,-0.2234925877334186,3.885780586188048e-16,0
spec_p_pack,high_court,contract_vs_expand,2,"contract, expand",-0.4575590010994854,-0.457559001099485,-0.4575590010994852,3.885780586188048e-16,-*
spec_p_reform,high_court,mixed_vs_contract,2,"contract, mixed",0.4876144616210777,0.4876144616210781,0.4876144616210779,3.885780586188048e-16,+*
spec_im_reform,wdj_intermediaries_lag1,mixed_vs_expand,2,"expand, mixed",0.4228919651524204,0.4228919651524208,0.42289196515242056,3.885780586188048e-16,0
spec_im_reform,v2jureform_lag1,expand_vs_contract,2,"contract, expand",-0.3242105818550571,-0.3242105818550567,-0.3242105818550569,3.885780586188048e-16,-***
spec_govprot_reform_decision,high_court,mixed_vs_contract,2,"contract, mixed",0.4547408992771462,0.4547408992771466,0.45474089927714645,3.885780586188048e-16,0
spec_govprot_reform_decision,high_court,contract_vs_mixed,2,"contract, mixed",-0.4547408992771466,-0.4547408992771462,-0.45474089927714645,3.885780586188048e-16,0
spec_govprot_reform_decision,legal_civil,contract_vs_expand,2,"contract, expand",0.3477790924808557,0.3477790924808561,0.3477790924808559,3.885780586188048e-16,0
spec_im_reform,wdj_intermediaries_lag1,expand_vs_mixed,2,"expand, mixed",-0.4228919651524208,-0.4228919651524204,-0.42289196515242056,3.885780586188048e-16,0
spec_extended_1,high_court,contract_vs_expand,2,"contract, expand",-0.4180729147978578,-0.4180729147978574,-0.4180729147978576,3.885780586188048e-16,0
spec_im_reform_decision,v2jureform_lag1,expand_vs_contract,2,"contract, expand",-0.3173533591568286,-0.3173533591568282,-0.3173533591568284,3.885780586188048e-16,-**
spec_govprot_reform_decision,legal_civil,expand_vs_contract,2,"contract, expand",-0.3477790924808561,-0.3477790924808557,-0.3477790924808559,3.885780586188048e-16,0
spec_govprot_attack_decision,v2jupoatck_lag1,mixed_vs_contract,2,"contract, mixed",-0.2521734271439803,-0.2521734271439799,-0.25217342714398006,3.885780586188048e-16,-**
spec_c_attack_decision,v2jupoatck_lag1,contract_vs_mixed,2,"contract, mixed",0.1844061128817235,0.1844061128817239,0.1844061128817237,3.885780586188048e-16,+*
spec_c_attack_decision,v2jupoatck_lag1,mixed_vs_contract,2,"contract, mixed",-0.1844061128817239,-0.1844061128817235,-0.1844061128817237,3.885780586188048e-16,-*
spec_c_reform_decision,high_court,mixed_vs_expand,2,"expand, mixed",0.107456545520361,0.1074565455203614,0.1074565455203612,3.885780586188048e-16,0
spec_extended_1,high_court,expand_vs_contract,2,"contract, expand",0.4180729147978574,0.4180729147978578,0.4180729147978576,3.885780586188048e-16,0
spec_im_reform,v2jureform_lag1,contract_vs_expand,2,"contract, expand",0.3242105818550567,0.3242105818550571,0.3242105818550569,3.885780586188048e-16,+***
spec_c_reform,v2jureform_lag1,contract_vs_mixed,2,"contract, mixed",0.1734224954535169,0.1734224954535173,0.1734224954535171,3.885780586188048e-16,0
spec_c_pack_decision,wdj_citizen_lag1,contract_vs_expand,2,"contract, expand",0.2234925877334184,0.2234925877334188,0.2234925877334186,3.885780586188048e-16,0
spec_p_pack,high_court,expand_vs_contract,2,"contract, expand",0.457559001099485,0.4575590010994854,0.4575590010994852,3.885780586188048e-16,+*
spec_p_attack_decision,j_ind_lag1,contract_vs_expand,2,"contract, expand",-0.1529871379652023,-0.1529871379652019,-0.1529871379652021,3.885780586188048e-16,0
spec_extended_3,high_court,contract_vs_mixed,2,"contract, mixed",-0.4015333844143733,-0.4015333844143729,-0.40153338441437314,3.885780586188048e-16,0
spec_p_reform,high_court,contract_vs_mixed,2,"contract, mixed",-0.4876144616210781,-0.4876144616210777,-0.4876144616210779,3.885780586188048e-16,-*
spec_p_attack_decision,v2jupoatck_lag1,mixed_vs_contract,2,"contract, mixed",-0.1671231601610582,-0.1671231601610578,-0.167123160161058,3.885780586188048e-16,-*
spec_govprot_pack,wdj_govprot_lag1,mixed_vs_contract,2,"contract, mixed",-0.2479254704863588,-0.2479254704863584,-0.2479254704863586,3.885780586188048e-16,0
spec_c_reform,v2jureform_lag1,mixed_vs_contract,2,"contract, mixed",-0.1734224954535173,-0.1734224954535169,-0.1734224954535171,3.885780586188048e-16,0
spec_govprot_attack_decision,v2jupoatck_lag1,contract_vs_mixed,2,"contract, mixed",0.2521734271439799,0.2521734271439803,0.25217342714398006,3.885780586188048e-16,+**
spec_c_reform_decision,high_court,expand_vs_mixed,2,"expand, mixed",-0.1074565455203614,-0.107456545520361,-0.1074565455203612,3.885780586188048e-16,0
spec_im_reform_decision,v2jureform_lag1,contract_vs_expand,2,"contract, expand",0.3173533591568282,0.3173533591568286,0.3173533591568284,3.885780586188048e-16,+**
spec_p_attack_decision,j_ind_lag1,expand_vs_contract,2,"contract, expand",0.1529871379652019,0.1529871379652023,0.1529871379652021,3.885780586188048e-16,0
spec_p_reform_decision,v2jureview_lag1,contract_vs_mixed,2,"contract, mixed",-0.3890045044888639,-0.3890045044888636,-0.38900450448886376,3.3306690738754696e-16,0
spec_p_reform_decision,v2jureview_lag1,mixed_vs_contract,2,"contract, mixed",0.3890045044888636,0.3890045044888639,0.38900450448886376,3.3306690738754696e-16,0
spec_govprot_pack_decision,high_court,mixed_vs_contract,2,"contract, mixed",0.4098451275140911,0.4098451275140914,0.40984512751409125,3.3306690738754696e-16,0
spec_p_attack_decision,legal_common,expand_vs_mixed,2,"expand, mixed",-0.8614329069661877,-0.8614329069661874,-0.8614329069661875,3.3306690738754696e-16,-**
spec_govprot_attack_decision,high_court,mixed_vs_contract,2,"contract, mixed",0.5437128261713545,0.5437128261713549,0.5437128261713546,3.3306690738754696e-16,+*
spec_govprot_attack_decision,high_court,contract_vs_mixed,2,"contract, mixed",-0.5437128261713549,-0.5437128261713545,-0.5437128261713546,3.3306690738754696e-16,-*
spec_extended_2_spline,high_court,contract_vs_mixed,2,"contract, mixed",-0.5413704820717589,-0.5413704820717585,-0.5413704820717586,3.3306690738754696e-16,-*
spec_c_attack,high_court,contract_vs_expand,2,"contract, expand",-0.5534254653467275,-0.5534254653467272,-0.5534254653467274,3.3306690738754696e-16,-**
spec_extended_3_spline,v2jupack_lag1,contract_vs_mixed,2,"contract, mixed",0.5215069101238724,0.5215069101238727,0.5215069101238725,3.3306690738754696e-16,+**
spec_c_pack_decision,wdj_citizen_lag1,expand_vs_mixed,2,"expand, mixed",0.5036085764489748,0.5036085764489752,0.503608576448975,3.3306690738754696e-16,0
spec_govprot_pack,v2jupack_lag1,expand_vs_mixed,2,"expand, mixed",0.3131382213205979,0.3131382213205982,0.31313822132059804,3.3306690738754696e-16,0
spec_govprot_pack,v2jupack_lag1,mixed_vs_expand,2,"expand, mixed",-0.3131382213205982,-0.3131382213205979,-0.31313822132059804,3.3306690738754696e-16,0
spec_c_attack,wdj_citizen_lag1,contract_vs_mixed,2,"contract, mixed",0.9939966292271186,0.993996629227119,0.9939966292271187,3.3306690738754696e-16,0
spec_c_attack,high_court,expand_vs_contract,2,"contract, expand",0.5534254653467272,0.5534254653467275,0.5534254653467274,3.3306690738754696e-16,+**
spec_govprot_pack_decision,high_court,contract_vs_mixed,2,"contract, mixed",-0.4098451275140914,-0.4098451275140911,-0.40984512751409125,3.3306690738754696e-16,0
spec_extended_3,v2jureview_lag1,expand_vs_contract,2,"contract, expand",0.9034207715493152,0.9034207715493155,0.9034207715493154,3.3306690738754696e-16,+***
spec_extended_3,v2jureview_lag1,contract_vs_expand,2,"contract, expand",-0.9034207715493155,-0.9034207715493152,-0.9034207715493154,3.3306690738754696e-16,-***
spec_extended_3_spline,v2jupack_lag1,mixed_vs_contract,2,"contract, mixed",-0.5215069101238727,-0.5215069101238724,-0.5215069101238725,3.3306690738754696e-16,-**
spec_p_attack_decision,legal_common,mixed_vs_expand,2,"expand, mixed",0.8614329069661874,0.8614329069661877,0.8614329069661875,3.3306690738754696e-16,+**
spec_p_attack,high_court,mixed_vs_contract,2,"contract, mixed",0.6002365579938506,0.6002365579938509,0.6002365579938507,3.3306690738754696e-16,+**
spec_p_pack_decision,v2jureview_lag1,contract_vs_expand,2,"contract, expand",-0.7343542723314785,-0.7343542723314782,-0.7343542723314784,3.3306690738754696e-16,-**
spec_p_attack,high_court,contract_vs_mixed,2,"contract, mixed",-0.6002365579938509,-0.6002365579938506,-0.6002365579938507,3.3306690738754696e-16,-**
spec_p_pack_decision,v2jureview_lag1,expand_vs_contract,2,"contract, expand",0.7343542723314782,0.7343542723314785,0.7343542723314784,3.3306690738754696e-16,+**
spec_extended_2_spline,high_court,mixed_vs_contract,2,"contract, mixed",0.5413704820717585,0.5413704820717589,0.5413704820717586,3.3306690738754696e-16,+*
spec_c_pack_decision,wdj_citizen_lag1,mixed_vs_expand,2,"expand, mixed",-0.5036085764489752,-0.5036085764489748,-0.503608576448975,3.3306690738754696e-16,0
spec_c_attack,wdj_citizen_lag1,mixed_vs_contract,2,"contract, mixed",-0.993996629227119,-0.9939966292271186,-0.9939966292271187,3.3306690738754696e-16,0
spec_c_reform_decision,v2jureview_lag1,expand_vs_contract,2,"contract, expand",0.6132989582567506,0.613298958256751,0.6132989582567507,3.3306690738754696e-16,+**
spec_c_reform_decision,v2jureview_lag1,contract_vs_expand,2,"contract, expand",-0.613298958256751,-0.6132989582567506,-0.6132989582567507,3.3306690738754696e-16,-**
spec_im_reform,high_court,mixed_vs_contract,2,"contract, mixed",0.4693939361040251,0.4693939361040254,0.46939393610402524,3.3306690738754696e-16,0
spec_govprot_pack_decision,v2jureview_lag1,expand_vs_contract,2,"contract, expand",0.7162238982724521,0.7162238982724525,0.7162238982724523,3.3306690738754696e-16,+**
spec_govprot_reform,j_ind_lag1,expand_vs_contract,2,"contract, expand",0.263629634168942,0.2636296341689423,0.26362963416894214,3.3306690738754696e-16,0
spec_govprot_reform,j_ind_lag1,contract_vs_expand,2,"contract, expand",-0.2636296341689423,-0.263629634168942,-0.26362963416894214,3.3306690738754696e-16,0
spec_im_pack_decision,wdj_intermediaries_lag1,expand_vs_mixed,2,"expand, mixed",-0.789703130440905,-0.7897031304409047,-0.7897031304409048,3.3306690738754696e-16,0
spec_govprot_pack_decision,v2jureview_lag1,contract_vs_expand,2,"contract, expand",-0.7162238982724525,-0.7162238982724521,-0.7162238982724523,3.3306690738754696e-16,-**
spec_im_reform,high_court,contract_vs_mixed,2,"contract, mixed",-0.4693939361040254,-0.4693939361040251,-0.46939393610402524,3.3306690738754696e-16,0
spec_im_pack_decision,wdj_intermediaries_lag1,mixed_vs_expand,2,"expand, mixed",0.7897031304409047,0.789703130440905,0.7897031304409048,3.3306690738754696e-16,0
spec_c_reform_decision,v2jureform_lag1,contract_vs_mixed,2,"contract, mixed",0.1279270736179798,0.1279270736179801,0.12792707361797995,3.0531133177191805e-16,0
spec_govprot_pack_decision,wdj_govprot_lag1,expand_vs_mixed,2,"expand, mixed",0.0680387495943248,0.0680387495943251,0.06803874959432495,3.0531133177191805e-16,0
spec_c_attack,v2jupoatck_lag1,expand_vs_contract,2,"contract, expand",-0.1497107643452136,-0.1497107643452133,-0.14971076434521347,3.0531133177191805e-16,0
spec_c_attack,v2jupoatck_lag1,contract_vs_expand,2,"contract, expand",0.1497107643452133,0.1497107643452136,0.14971076434521347,3.0531133177191805e-16,0
spec_im_pack,wdj_intermediaries_lag1,mixed_vs_contract,2,"contract, mixed",-0.1382798654836431,-0.1382798654836428,-0.13827986548364296,3.0531133177191805e-16,0
spec_c_attack_decision,legal_civil,mixed_vs_expand,2,"expand, mixed",0.220951966581009,0.2209519665810093,0.22095196658100913,3.0531133177191805e-16,0
spec_c_attack_decision,v2jupoatck_lag1,contract_vs_expand,2,"contract, expand",0.1231695981295906,0.1231695981295909,0.12316959812959075,3.0531133177191805e-16,0
spec_c_attack_decision,v2jupoatck_lag1,expand_vs_contract,2,"contract, expand",-0.1231695981295909,-0.1231695981295906,-0.12316959812959075,3.0531133177191805e-16,0
spec_c_reform_decision,v2jureform_lag1,mixed_vs_contract,2,"contract, mixed",-0.1279270736179801,-0.1279270736179798,-0.12792707361797995,3.0531133177191805e-16,0
spec_im_reform_decision,wdj_intermediaries_lag1,contract_vs_mixed,2,"contract, mixed",0.1622305367820352,0.1622305367820355,0.16223053678203536,3.0531133177191805e-16,0
spec_im_reform_decision,v2jureform_lag1,mixed_vs_contract,2,"contract, mixed",-0.1291502855789984,-0.1291502855789981,-0.12915028557899827,3.0531133177191805e-16,0
spec_im_pack,wdj_intermediaries_lag1,contract_vs_mixed,2,"contract, mixed",0.1382798654836428,0.1382798654836431,0.13827986548364296,3.0531133177191805e-16,0
spec_im_reform_decision,v2jureform_lag1,contract_vs_mixed,2,"contract, mixed",0.1291502855789981,0.1291502855789984,0.12915028557899827,3.0531133177191805e-16,0
spec_govprot_pack_decision,wdj_govprot_lag1,contract_vs_mixed,2,"contract, mixed",0.2219129101795245,0.2219129101795248,0.22191291017952464,3.0531133177191805e-16,0
spec_im_attack_decision,legal_civil,mixed_vs_expand,2,"expand, mixed",-0.0865798561457534,-0.0865798561457531,-0.08657985614575325,3.0531133177191805e-16,0
spec_im_attack_decision,wdj_intermediaries_lag1,mixed_vs_contract,2,"contract, mixed",-0.1642863279898695,-0.1642863279898692,-0.16428632798986936,3.0531133177191805e-16,0
spec_im_reform_decision,wdj_intermediaries_lag1,mixed_vs_contract,2,"contract, mixed",-0.1622305367820355,-0.1622305367820352,-0.16223053678203536,3.0531133177191805e-16,0
spec_govprot_pack_decision,wdj_govprot_lag1,mixed_vs_contract,2,"contract, mixed",-0.2219129101795248,-0.2219129101795245,-0.22191291017952464,3.0531133177191805e-16,0
spec_govprot_pack_decision,wdj_govprot_lag1,mixed_vs_expand,2,"expand, mixed",-0.0680387495943251,-0.0680387495943248,-0.06803874959432495,3.0531133177191805e-16,0
spec_c_attack_decision,legal_civil,expand_vs_mixed,2,"expand, mixed",-0.2209519665810093,-0.220951966581009,-0.22095196658100913,3.0531133177191805e-16,0
spec_c_attack_decision,j_ind_lag1,mixed_vs_contract,2,"contract, mixed",-0.2341730457434995,-0.2341730457434992,-0.23417304574349934,3.0531133177191805e-16,0
spec_c_attack_decision,j_ind_lag1,contract_vs_mixed,2,"contract, mixed",0.2341730457434992,0.2341730457434995,0.23417304574349934,3.0531133177191805e-16,0
spec_p_attack_decision,legal_civil,mixed_vs_expand,2,"expand, mixed",0.1693426240398165,0.1693426240398168,0.16934262403981665,3.0531133177191805e-16,0
spec_p_attack_decision,legal_civil,expand_vs_mixed,2,"expand, mixed",-0.1693426240398168,-0.1693426240398165,-0.16934262403981665,3.0531133177191805e-16,0
spec_im_attack_decision,j_ind_lag1,contract_vs_expand,2,"contract, expand",-0.1501522599788258,-0.1501522599788255,-0.15015225997882564,3.0531133177191805e-16,0
spec_im_attack_decision,j_ind_lag1,expand_vs_contract,2,"contract, expand",0.1501522599788255,0.1501522599788258,0.15015225997882564,3.0531133177191805e-16,0
spec_c_pack_decision,j_ind_lag1,mixed_vs_contract,2,"contract, mixed",-0.2402649399777528,-0.2402649399777525,-0.24026493997775267,3.0531133177191805e-16,0
spec_c_pack_decision,j_ind_lag1,contract_vs_mixed,2,"contract, mixed",0.2402649399777525,0.2402649399777528,0.24026493997775267,3.0531133177191805e-16,0
spec_im_attack_decision,legal_civil,expand_vs_mixed,2,"expand, mixed",0.0865798561457531,0.0865798561457534,0.08657985614575325,3.0531133177191805e-16,0
spec_im_attack_decision,wdj_intermediaries_lag1,contract_vs_mixed,2,"contract, mixed",0.1642863279898692,0.1642863279898695,0.16428632798986936,3.0531133177191805e-16,0
spec_base_3,v2jupack_lag1,expand_vs_contract,2,"contract, expand",0.0322154613246636,0.0322154613246639,0.032215461324663755,2.983724378680108e-16,0
spec_base_3,v2jupack_lag1,contract_vs_expand,2,"contract, expand",-0.0322154613246639,-0.0322154613246636,-0.032215461324663755,2.983724378680108e-16,0
spec_extended_2,v2jupoatck_lag1,mixed_vs_expand,2,"expand, mixed",-0.0399892285586042,-0.0399892285586039,-0.039989228558604054,2.983724378680108e-16,0
spec_govprot_reform,high_court,mixed_vs_expand,2,"expand, mixed",0.0310891436702952,0.0310891436702955,0.03108914367029535,2.983724378680108e-16,0
spec_govprot_reform,high_court,expand_vs_mixed,2,"expand, mixed",-0.0310891436702955,-0.0310891436702952,-0.03108914367029535,2.983724378680108e-16,0
spec_extended_2,v2jupoatck_lag1,expand_vs_mixed,2,"expand, mixed",0.0399892285586039,0.0399892285586042,0.039989228558604054,2.983724378680108e-16,0
spec_govprot_attack_decision,v2jupoatck_lag1,mixed_vs_expand,2,"expand, mixed",-0.0909426062111646,-0.0909426062111643,-0.09094260621116446,2.914335439641036e-16,0
spec_govprot_attack_decision,v2jupoatck_lag1,expand_vs_mixed,2,"expand, mixed",0.0909426062111643,0.0909426062111646,0.09094260621116446,2.914335439641036e-16,0
spec_im_pack_decision,high_court,contract_vs_expand,2,"contract, expand",-0.3945421154250456,-0.3945421154250453,-0.39454211542504547,2.7755575615628914e-16,0
spec_govprot_reform,wdj_govprot_lag1,expand_vs_contract,2,"contract, expand",-0.1553125046454125,-0.1553125046454122,-0.15531250464541235,2.7755575615628914e-16,0
spec_extended_2_spline,high_court,contract_vs_expand,2,"contract, expand",-0.3632930970195369,-0.3632930970195366,-0.3632930970195367,2.7755575615628914e-16,0
spec_extended_2_spline,high_court,expand_vs_contract,2,"contract, expand",0.3632930970195366,0.3632930970195369,0.3632930970195367,2.7755575615628914e-16,0
spec_p_pack,high_court,contract_vs_mixed,2,"contract, mixed",-0.4632157093648856,-0.4632157093648853,-0.46321570936488543,2.7755575615628914e-16,-*
spec_govprot_reform,wdj_govprot_lag1,contract_vs_expand,2,"contract, expand",0.1553125046454122,0.1553125046454125,0.15531250464541235,2.7755575615628914e-16,0
spec_p_pack,high_court,mixed_vs_contract,2,"contract, mixed",0.4632157093648853,0.4632157093648856,0.46321570936488543,2.7755575615628914e-16,+*
spec_im_pack_decision,high_court,expand_vs_contract,2,"contract, expand",0.3945421154250453,0.3945421154250456,0.39454211542504547,2.7755575615628914e-16,0
spec_c_attack_decision,high_court,expand_vs_contract,2,"contract, expand",0.4898640798360329,0.4898640798360332,0.4898640798360331,2.7755575615628914e-16,+*
spec_im_reform,j_ind_lag1,mixed_vs_expand,2,"expand, mixed",-0.3897799236027358,-0.3897799236027355,-0.3897799236027356,2.7755575615628914e-16,-**
spec_im_pack_decision,v2jureview_lag1,expand_vs_mixed,2,"expand, mixed",0.2825109169985292,0.2825109169985295,0.28251091699852937,2.7755575615628914e-16,0
spec_im_reform,j_ind_lag1,expand_vs_mixed,2,"expand, mixed",0.3897799236027355,0.3897799236027358,0.3897799236027356,2.7755575615628914e-16,+**
spec_extended_1,high_court,contract_vs_mixed,2,"contract, mixed",-0.4564806914882958,-0.4564806914882955,-0.4564806914882956,2.7755575615628914e-16,-*
spec_im_pack_decision,v2jureview_lag1,mixed_vs_expand,2,"expand, mixed",-0.2825109169985295,-0.2825109169985292,-0.28251091699852937,2.7755575615628914e-16,0
spec_extended_1,high_court,mixed_vs_contract,2,"contract, mixed",0.4564806914882955,0.4564806914882958,0.4564806914882956,2.7755575615628914e-16,+*
spec_c_attack_decision,high_court,contract_vs_expand,2,"contract, expand",-0.4898640798360332,-0.4898640798360329,-0.4898640798360331,2.7755575615628914e-16,-*
spec_c_reform,high_court,contract_vs_expand,2,"contract, expand",-0.4309835902825646,-0.4309835902825644,-0.4309835902825645,2.220446049250313e-16,-*
spec_im_reform_decision,legal_common,mixed_vs_expand,2,"expand, mixed",1.1642768381756043,1.1642768381756046,1.1642768381756046,2.220446049250313e-16,+***
spec_extended_1_spline,high_court,contract_vs_mixed,2,"contract, mixed",-0.4806523735736387,-0.4806523735736385,-0.4806523735736386,2.220446049250313e-16,-*
spec_im_reform_decision,legal_common,expand_vs_mixed,2,"expand, mixed",-1.1642768381756046,-1.1642768381756043,-1.1642768381756046,2.220446049250313e-16,-***
spec_p_reform_decision,high_court,mixed_vs_contract,2,"contract, mixed",0.4919012070978267,0.4919012070978269,0.4919012070978268,2.220446049250313e-16,0
spec_p_reform_decision,high_court,contract_vs_mixed,2,"contract, mixed",-0.4919012070978269,-0.4919012070978267,-0.4919012070978268,2.220446049250313e-16,0
spec_c_reform_decision,high_court,expand_vs_contract,2,"contract, expand",0.3761167882240012,0.3761167882240014,0.3761167882240013,2.220446049250313e-16,0
spec_extended_1_spline,high_court,mixed_vs_contract,2,"contract, mixed",0.4806523735736385,0.4806523735736387,0.4806523735736386,2.220446049250313e-16,+*
spec_c_reform_decision,high_court,contract_vs_expand,2,"contract, expand",-0.3761167882240014,-0.3761167882240012,-0.3761167882240013,2.220446049250313e-16,0
spec_im_reform_decision,high_court,mixed_vs_contract,2,"contract, mixed",0.4784993786373727,0.4784993786373729,0.4784993786373728,2.220446049250313e-16,0
spec_im_reform_decision,high_court,contract_vs_mixed,2,"contract, mixed",-0.4784993786373729,-0.4784993786373727,-0.4784993786373728,2.220446049250313e-16,0
spec_p_pack_decision,wdj_press_lag1,expand_vs_contract,2,"contract, expand",-0.7773700412734778,-0.7773700412734775,-0.7773700412734776,2.220446049250313e-16,-*
spec_extended_2,high_court,expand_vs_contract,2,"contract, expand",0.5132355165118861,0.5132355165118864,0.5132355165118863,2.220446049250313e-16,+*
spec_govprot_pack_decision,legal_common,mixed_vs_expand,2,"expand, mixed",0.9209324282252562,0.9209324282252564,0.9209324282252563,2.220446049250313e-16,+**
spec_govprot_pack_decision,legal_common,expand_vs_mixed,2,"expand, mixed",-0.9209324282252564,-0.9209324282252562,-0.9209324282252563,2.220446049250313e-16,-**
spec_p_attack_decision,high_court,mixed_vs_contract,2,"contract, mixed",0.5939106066402406,0.5939106066402409,0.5939106066402408,2.220446049250313e-16,+*
spec_p_attack_decision,high_court,expand_vs_contract,2,"contract, expand",0.4948033489144252,0.4948033489144254,0.4948033489144253,2.220446049250313e-16,+*
spec_extended_3_spline,high_court,mixed_vs_contract,2,"contract, mixed",0.4472562272412264,0.4472562272412266,0.4472562272412265,2.220446049250313e-16,0
spec_p_attack_decision,high_court,contract_vs_expand,2,"contract, expand",-0.4948033489144254,-0.4948033489144252,-0.4948033489144253,2.220446049250313e-16,-*
spec_p_attack_decision,legal_common,mixed_vs_contract,2,"contract, mixed",-0.6840308971642672,-0.684030897164267,-0.6840308971642671,2.220446049250313e-16,0
spec_extended_3_spline,high_court,contract_vs_mixed,2,"contract, mixed",-0.4472562272412266,-0.4472562272412264,-0.4472562272412265,2.220446049250313e-16,0
spec_p_attack_decision,high_court,contract_vs_mixed,2,"contract, mixed",-0.5939106066402409,-0.5939106066402406,-0.5939106066402408,2.220446049250313e-16,-*
spec_p_pack,legal_common,contract_vs_expand,2,"contract, expand",1.912405413757765,1.9124054137577653,1.912405413757765,2.220446049250313e-16,+***
spec_govprot_reform_decision,high_court,expand_vs_contract,2,"contract, expand",0.3598313297932389,0.3598313297932391,0.359831329793239,2.220446049250313e-16,0
spec_govprot_pack_decision,high_court,contract_vs_expand,2,"contract, expand",-0.3760386313518823,-0.3760386313518821,-0.3760386313518822,2.220446049250313e-16,0
spec_govprot_pack_decision,high_court,expand_vs_contract,2,"contract, expand",0.3760386313518821,0.3760386313518823,0.3760386313518822,2.220446049250313e-16,0
spec_govprot_reform_decision,high_court,contract_vs_expand,2,"contract, expand",-0.3598313297932391,-0.3598313297932389,-0.359831329793239,2.220446049250313e-16,0
spec_c_attack,v2jureview_lag1,expand_vs_mixed,2,"expand, mixed",0.4961594360459507,0.4961594360459509,0.4961594360459508,2.220446049250313e-16,0
spec_c_attack,v2jureview_lag1,mixed_vs_expand,2,"expand, mixed",-0.4961594360459509,-0.4961594360459507,-0.4961594360459508,2.220446049250313e-16,0
spec_p_pack,legal_common,expand_vs_contract,2,"contract, expand",-1.9124054137577653,-1.912405413757765,-1.912405413757765,2.220446049250313e-16,-***
spec_p_attack_decision,legal_common,contract_vs_mixed,2,"contract, mixed",0.684030897164267,0.6840308971642672,0.6840308971642671,2.220446049250313e-16,0
spec_p_attack,wdj_press_lag1,mixed_vs_expand,2,"expand, mixed",-1.0366695612951955,-1.0366695612951953,-1.0366695612951955,2.220446049250313e-16,-***
spec_c_pack_decision,high_court,contract_vs_expand,2,"contract, expand",-0.3981142858379807,-0.3981142858379805,-0.3981142858379806,2.220446049250313e-16,0
spec_c_pack_decision,high_court,expand_vs_contract,2,"contract, expand",0.3981142858379805,0.3981142858379807,0.3981142858379806,2.220446049250313e-16,0
spec_c_reform,high_court,expand_vs_contract,2,"contract, expand",0.4309835902825644,0.4309835902825646,0.4309835902825645,2.220446049250313e-16,+*
spec_c_reform,high_court,contract_vs_mixed,2,"contract, mixed",-0.4785662243510091,-0.4785662243510089,-0.478566224351009,2.220446049250313e-16,-*
spec_im_attack_decision,legal_common,expand_vs_contract,2,"contract, expand",-1.518457706950326,-1.5184577069503258,-1.518457706950326,2.220446049250313e-16,-***
spec_c_reform,high_court,mixed_vs_contract,2,"contract, mixed",0.4785662243510089,0.4785662243510091,0.478566224351009,2.220446049250313e-16,+*
spec_extended_2,high_court,contract_vs_expand,2,"contract, expand",-0.5132355165118864,-0.5132355165118861,-0.5132355165118863,2.220446049250313e-16,-*
spec_im_attack_decision,legal_common,contract_vs_expand,2,"contract, expand",1.5184577069503258,1.518457706950326,1.518457706950326,2.220446049250313e-16,+***
spec_im_pack,high_court,mixed_vs_contract,2,"contract, mixed",0.4386589102168414,0.4386589102168416,0.4386589102168415,2.220446049250313e-16,0
spec_p_attack,high_court,expand_vs_contract,2,"contract, expand",0.5624347741938349,0.5624347741938351,0.562434774193835,2.220446049250313e-16,+**
spec_p_attack,high_court,contract_vs_expand,2,"contract, expand",-0.5624347741938351,-0.5624347741938349,-0.562434774193835,2.220446049250313e-16,-**
spec_p_pack_decision,wdj_press_lag1,contract_vs_expand,2,"contract, expand",0.7773700412734775,0.7773700412734778,0.7773700412734776,2.220446049250313e-16,+*
spec_im_pack,high_court,contract_vs_mixed,2,"contract, mixed",-0.4386589102168416,-0.4386589102168414,-0.4386589102168415,2.220446049250313e-16,0
spec_p_attack,wdj_press_lag1,expand_vs_mixed,2,"expand, mixed",1.0366695612951953,1.0366695612951955,1.0366695612951955,2.220446049250313e-16,+***
spec_c_reform,legal_civil,mixed_vs_expand,2,"expand, mixed",0.5086711653998177,0.5086711653998179,0.5086711653998178,2.220446049250313e-16,0
spec_c_reform,legal_civil,expand_vs_mixed,2,"expand, mixed",-0.5086711653998179,-0.5086711653998177,-0.5086711653998178,2.220446049250313e-16,0
spec_im_attack_decision,high_court,expand_vs_mixed,2,"expand, mixed",-0.1002230330539276,-0.1002230330539274,-0.10022303305392749,2.0816681711721685e-16,0
spec_im_attack_decision,high_court,mixed_vs_expand,2,"expand, mixed",0.1002230330539274,0.1002230330539276,0.10022303305392749,2.0816681711721685e-16,0
spec_base_2,v2jupoatck_lag1,mixed_vs_contract,2,"contract, mixed",0.0215017620195011,0.0215017620195013,0.0215017620195012,2.0122792321330962e-16,0
spec_im_pack_decision,high_court,expand_vs_mixed,2,"expand, mixed",-0.0533865637654498,-0.0533865637654496,-0.0533865637654497,2.0122792321330962e-16,0
spec_p_attack,high_court,expand_vs_mixed,2,"expand, mixed",-0.0378017838000157,-0.0378017838000155,-0.0378017838000156,2.0122792321330962e-16,0
spec_p_attack,high_court,mixed_vs_expand,2,"expand, mixed",0.0378017838000155,0.0378017838000157,0.0378017838000156,2.0122792321330962e-16,0
spec_base_2,v2jupoatck_lag1,contract_vs_mixed,2,"contract, mixed",-0.0215017620195013,-0.0215017620195011,-0.0215017620195012,2.0122792321330962e-16,0
spec_c_attack_decision,v2jupoatck_lag1,expand_vs_mixed,2,"expand, mixed",0.0612365147521328,0.061236514752133,0.0612365147521329,2.0122792321330962e-16,0
spec_im_pack_decision,high_court,mixed_vs_expand,2,"expand, mixed",0.0533865637654496,0.0533865637654498,0.0533865637654497,2.0122792321330962e-16,0
spec_c_attack_decision,v2jupoatck_lag1,mixed_vs_expand,2,"expand, mixed",-0.061236514752133,-0.0612365147521328,-0.0612365147521329,2.0122792321330962e-16,0
spec_extended_3,high_court,mixed_vs_expand,2,"expand, mixed",-0.0195375486143136,-0.0195375486143134,-0.019537548614313498,1.97758476261356e-16,0
spec_govprot_attack,high_court,mixed_vs_expand,2,"expand, mixed",0.0180039029435993,0.0180039029435995,0.018003902943599402,1.97758476261356e-16,0
spec_govprot_attack,high_court,expand_vs_mixed,2,"expand, mixed",-0.0180039029435995,-0.0180039029435993,-0.018003902943599402,1.97758476261356e-16,0
spec_extended_3,high_court,expand_vs_mixed,2,"expand, mixed",0.0195375486143134,0.0195375486143136,0.019537548614313498,1.97758476261356e-16,0
spec_govprot_attack_decision,legal_civil,contract_vs_expand,2,"contract, expand",0.0758469199357049,0.0758469199357051,0.075846919935705,1.942890293094024e-16,0
spec_govprot_attack_decision,j_ind_lag1,expand_vs_contract,2,"contract, expand",0.1996728980490356,0.1996728980490358,0.1996728980490357,1.942890293094024e-16,0
spec_base_1,wdj_expression_lag1,contract_vs_mixed,2,"contract, mixed",-0.1729397084276866,-0.1729397084276864,-0.17293970842768652,1.942890293094024e-16,0
spec_base_2,v2jupoatck_lag1,mixed_vs_expand,2,"expand, mixed",0.1405091339718276,0.1405091339718278,0.14050913397182768,1.942890293094024e-16,0
spec_extended_1,wdj_expression_lag1,contract_vs_mixed,2,"contract, mixed",0.0928708184758102,0.0928708184758104,0.0928708184758103,1.942890293094024e-16,0
spec_extended_1,wdj_expression_lag1,mixed_vs_contract,2,"contract, mixed",-0.0928708184758104,-0.0928708184758102,-0.0928708184758103,1.942890293094024e-16,0
spec_base_1,wdj_expression_lag1,mixed_vs_contract,2,"contract, mixed",0.1729397084276864,0.1729397084276866,0.17293970842768652,1.942890293094024e-16,0
spec_govprot_attack_decision,legal_civil,expand_vs_contract,2,"contract, expand",-0.0758469199357051,-0.0758469199357049,-0.075846919935705,1.942890293094024e-16,0
spec_base_2,v2jupoatck_lag1,expand_vs_mixed,2,"expand, mixed",-0.1405091339718278,-0.1405091339718276,-0.14050913397182768,1.942890293094024e-16,0
spec_p_attack_decision,high_court,expand_vs_mixed,2,"expand, mixed",-0.0991072577258155,-0.0991072577258153,-0.0991072577258154,1.942890293094024e-16,0
spec_govprot_attack_decision,j_ind_lag1,contract_vs_expand,2,"contract, expand",-0.1996728980490358,-0.1996728980490356,-0.1996728980490357,1.942890293094024e-16,0
spec_p_attack_decision,high_court,mixed_vs_expand,2,"expand, mixed",0.0991072577258153,0.0991072577258155,0.0991072577258154,1.942890293094024e-16,0
spec_p_attack_decision,v2jupoatck_lag1,contract_vs_expand,2,"contract, expand",0.1136647564926861,0.1136647564926863,0.1136647564926862,1.942890293094024e-16,0
spec_p_attack_decision,v2jupoatck_lag1,expand_vs_contract,2,"contract, expand",-0.1136647564926863,-0.1136647564926861,-0.1136647564926862,1.942890293094024e-16,0
spec_p_pack_decision,high_court,contract_vs_expand,2,"contract, expand",-0.4078828888391944,-0.4078828888391942,-0.4078828888391943,1.6653345369377348e-16,0
spec_base_3,v2jupack_lag1,mixed_vs_contract,2,"contract, mixed",0.2559636519399429,0.2559636519399431,0.25596365193994297,1.6653345369377348e-16,0
spec_p_reform,legal_civil,expand_vs_mixed,2,"expand, mixed",-0.4632813896958985,-0.4632813896958983,-0.4632813896958984,1.6653345369377348e-16,0
spec_p_reform,legal_civil,mixed_vs_expand,2,"expand, mixed",0.4632813896958983,0.4632813896958985,0.4632813896958984,1.6653345369377348e-16,0
spec_govprot_attack_decision,high_court,expand_vs_contract,2,"contract, expand",0.4622960497765463,0.4622960497765465,0.46229604977654637,1.6653345369377348e-16,+*
spec_govprot_attack_decision,high_court,contract_vs_expand,2,"contract, expand",-0.4622960497765465,-0.4622960497765463,-0.46229604977654637,1.6653345369377348e-16,-*
spec_extended_3,v2jureview_lag1,mixed_vs_contract,2,"contract, mixed",0.4727265098843764,0.4727265098843766,0.4727265098843765,1.6653345369377348e-16,0
spec_extended_3,v2jureview_lag1,contract_vs_mixed,2,"contract, mixed",-0.4727265098843766,-0.4727265098843764,-0.4727265098843765,1.6653345369377348e-16,0
spec_base_3,v2jupack_lag1,contract_vs_mixed,2,"contract, mixed",-0.2559636519399431,-0.2559636519399429,-0.25596365193994297,1.6653345369377348e-16,0
spec_p_pack_decision,high_court,expand_vs_contract,2,"contract, expand",0.4078828888391942,0.4078828888391944,0.4078828888391943,1.6653345369377348e-16,0
spec_im_pack_decision,high_court,mixed_vs_contract,2,"contract, mixed",0.4479286791904954,0.4479286791904955,0.44792867919049545,1.1102230246251565e-16,0
spec_im_pack_decision,high_court,contract_vs_mixed,2,"contract, mixed",-0.4479286791904955,-0.4479286791904954,-0.44792867919049545,1.1102230246251565e-16,0
spec_extended_1,v2jureform_lag1,mixed_vs_expand,2,"expand, mixed",0.1507768824629247,0.1507768824629248,0.15077688246292476,1.1102230246251565e-16,0
spec_c_reform_decision,wdj_citizen_lag1,expand_vs_contract,2,"contract, expand",-0.2088768294939568,-0.2088768294939567,-0.20887682949395675,1.1102230246251565e-16,0
spec_c_reform_decision,wdj_citizen_lag1,contract_vs_expand,2,"contract, expand",0.2088768294939567,0.2088768294939568,0.20887682949395675,1.1102230246251565e-16,0
spec_im_reform_decision,high_court,expand_vs_contract,2,"contract, expand",0.3651027903340322,0.3651027903340323,0.36510279033403226,1.1102230246251565e-16,0
spec_im_reform_decision,high_court,contract_vs_expand,2,"contract, expand",-0.3651027903340323,-0.3651027903340322,-0.36510279033403226,1.1102230246251565e-16,0
spec_govprot_pack_decision,wdj_govprot_lag1,expand_vs_contract,2,"contract, expand",-0.1538741605851997,-0.1538741605851996,-0.15387416058519965,1.1102230246251565e-16,0
spec_im_reform,wdj_intermediaries_lag1,expand_vs_contract,2,"contract, expand",-0.8005446282264372,-0.8005446282264371,-0.8005446282264372,1.1102230246251565e-16,0
spec_extended_1,v2jureform_lag1,mixed_vs_contract,2,"contract, mixed",-0.1839669045061707,-0.1839669045061706,-0.18396690450617065,1.1102230246251565e-16,0
spec_extended_1_spline,high_court,expand_vs_contract,2,"contract, expand",0.2690797371496649,0.269079737149665,0.26907973714966493,1.1102230246251565e-16,0
spec_extended_1_spline,high_court,contract_vs_expand,2,"contract, expand",-0.269079737149665,-0.2690797371496649,-0.26907973714966493,1.1102230246251565e-16,0
spec_govprot_pack_decision,wdj_govprot_lag1,contract_vs_expand,2,"contract, expand",0.1538741605851996,0.1538741605851997,0.15387416058519965,1.1102230246251565e-16,0
spec_im_reform,wdj_intermediaries_lag1,contract_vs_expand,2,"contract, expand",0.8005446282264371,0.8005446282264372,0.8005446282264372,1.1102230246251565e-16,0
spec_p_reform,v2jureview_lag1,mixed_vs_expand,2,"expand, mixed",-0.4284919417754201,-0.42849194177542,-0.42849194177542005,1.1102230246251565e-16,0
spec_p_reform,v2jureview_lag1,expand_vs_mixed,2,"expand, mixed",0.42849194177542,0.4284919417754201,0.42849194177542005,1.1102230246251565e-16,0
spec_extended_1,v2jureform_lag1,expand_vs_mixed,2,"expand, mixed",-0.1507768824629248,-0.1507768824629247,-0.15077688246292476,1.1102230246251565e-16,0
spec_extended_1,v2jureform_lag1,contract_vs_mixed,2,"contract, mixed",0.1839669045061706,0.1839669045061707,0.18396690450617065,1.1102230246251565e-16,0
spec_govprot_reform,high_court,expand_vs_contract,2,"contract, expand",0.4044491858388045,0.4044491858388046,0.40444918583880457,1.1102230246251565e-16,0
spec_govprot_reform,high_court,contract_vs_expand,2,"contract, expand",-0.4044491858388046,-0.4044491858388045,-0.40444918583880457,1.1102230246251565e-16,0
spec_im_reform_decision,wdj_intermediaries_lag1,expand_vs_mixed,2,"expand, mixed",-0.6233553517461681,-0.623355351746168,-0.6233553517461681,1.1102230246251565e-16,0
spec_p_attack,v2jupoatck_lag1,contract_vs_mixed,2,"contract, mixed",0.168898553165555,0.1688985531655551,0.16889855316555505,1.1102230246251565e-16,+*
spec_p_attack,v2jupoatck_lag1,mixed_vs_contract,2,"contract, mixed",-0.1688985531655551,-0.168898553165555,-0.16889855316555505,1.1102230246251565e-16,-*
spec_im_attack_decision,wdj_intermediaries_lag1,mixed_vs_expand,2,"expand, mixed",0.6336627437939241,0.6336627437939242,0.6336627437939242,1.1102230246251565e-16,0
spec_im_attack_decision,high_court,expand_vs_contract,2,"contract, expand",0.4811175819562575,0.4811175819562576,0.48111758195625753,1.1102230246251565e-16,+*
spec_c_pack_decision,v2jureview_lag1,contract_vs_mixed,2,"contract, mixed",-0.3964992076711762,-0.3964992076711761,-0.39649920767117613,1.1102230246251565e-16,0
spec_c_pack_decision,v2jureview_lag1,mixed_vs_contract,2,"contract, mixed",0.3964992076711761,0.3964992076711762,0.39649920767117613,1.1102230246251565e-16,0
spec_govprot_attack_decision,high_court,expand_vs_mixed,2,"expand, mixed",-0.0814167763948084,-0.0814167763948083,-0.08141677639480835,1.1102230246251565e-16,0
spec_im_attack_decision,v2jureview_lag1,contract_vs_expand,2,"contract, expand",-0.6218080167019332,-0.6218080167019331,-0.6218080167019331,1.1102230246251565e-16,-**
spec_im_attack_decision,v2jureview_lag1,expand_vs_contract,2,"contract, expand",0.6218080167019331,0.6218080167019332,0.6218080167019331,1.1102230246251565e-16,+**
spec_govprot_attack_decision,wdj_govprot_lag1,contract_vs_expand,2,"contract, expand",0.2700990121901476,0.2700990121901477,0.27009901219014765,1.1102230246251565e-16,0
spec_govprot_attack_decision,wdj_govprot_lag1,expand_vs_contract,2,"contract, expand",-0.2700990121901477,-0.2700990121901476,-0.27009901219014765,1.1102230246251565e-16,0
spec_im_attack_decision,wdj_intermediaries_lag1,expand_vs_mixed,2,"expand, mixed",-0.6336627437939242,-0.6336627437939241,-0.6336627437939242,1.1102230246251565e-16,0
spec_govprot_attack_decision,high_court,mixed_vs_expand,2,"expand, mixed",0.0814167763948083,0.0814167763948084,0.08141677639480835,1.1102230246251565e-16,0
spec_im_reform_decision,wdj_intermediaries_lag1,mixed_vs_expand,2,"expand, mixed",0.623355351746168,0.6233553517461681,0.6233553517461681,1.1102230246251565e-16,0
spec_p_pack_decision,v2jupack_lag1,expand_vs_contract,2,"contract, expand",-0.2060959991686325,-0.2060959991686324,-0.20609599916863244,1.1102230246251565e-16,0
spec_im_attack_decision,high_court,mixed_vs_contract,2,"contract, mixed",0.5813406150101851,0.5813406150101852,0.5813406150101852,1.1102230246251565e-16,+*
spec_p_attack_decision,v2jureview_lag1,contract_vs_expand,2,"contract, expand",-0.6647564901375905,-0.6647564901375904,-0.6647564901375904,1.1102230246251565e-16,-**
spec_extended_3,wdj_expression_lag1,expand_vs_contract,2,"contract, expand",-0.1368959147972335,-0.1368959147972334,-0.13689591479723345,1.1102230246251565e-16,0
spec_extended_3,wdj_expression_lag1,contract_vs_expand,2,"contract, expand",0.1368959147972334,0.1368959147972335,0.13689591479723345,1.1102230246251565e-16,0
spec_im_attack,v2jureview_lag1,contract_vs_expand,2,"contract, expand",-0.7732454383782271,-0.773245438378227,-0.773245438378227,1.1102230246251565e-16,-**
spec_im_attack,v2jureview_lag1,expand_vs_contract,2,"contract, expand",0.773245438378227,0.7732454383782271,0.773245438378227,1.1102230246251565e-16,+**
spec_im_attack_decision,high_court,contract_vs_expand,2,"contract, expand",-0.4811175819562576,-0.4811175819562575,-0.48111758195625753,1.1102230246251565e-16,-*
spec_im_attack_decision,high_court,contract_vs_mixed,2,"contract, mixed",-0.5813406150101852,-0.5813406150101851,-0.5813406150101852,1.1102230246251565e-16,-*
spec_p_pack_decision,high_court,mixed_vs_contract,2,"contract, mixed",0.4663222891955556,0.4663222891955557,0.46632228919555563,1.1102230246251565e-16,0
spec_p_attack_decision,wdj_press_lag1,expand_vs_mixed,2,"expand, mixed",0.7003528809712745,0.7003528809712746,0.7003528809712745,1.1102230246251565e-16,+*
spec_p_attack_decision,v2jureview_lag1,expand_vs_contract,2,"contract, expand",0.6647564901375904,0.6647564901375905,0.6647564901375904,1.1102230246251565e-16,+**
spec_p_pack_decision,v2jupack_lag1,contract_vs_expand,2,"contract, expand",0.2060959991686324,0.2060959991686325,0.20609599916863244,1.1102230246251565e-16,0
spec_govprot_reform_decision,j_ind_lag1,contract_vs_expand,2,"contract, expand",-0.2639130955743633,-0.2639130955743632,-0.26391309557436327,1.1102230246251565e-16,0
spec_govprot_reform_decision,j_ind_lag1,expand_vs_contract,2,"contract, expand",0.2639130955743632,0.2639130955743633,0.26391309557436327,1.1102230246251565e-16,0
spec_c_pack,high_court,mixed_vs_contract,2,"contract, mixed",0.4474218839090815,0.4474218839090816,0.44742188390908155,1.1102230246251565e-16,+*
spec_p_attack_decision,wdj_press_lag1,mixed_vs_expand,2,"expand, mixed",-0.7003528809712746,-0.7003528809712745,-0.7003528809712745,1.1102230246251565e-16,-*
spec_p_pack_decision,high_court,contract_vs_mixed,2,"contract, mixed",-0.4663222891955557,-0.4663222891955556,-0.46632228919555563,1.1102230246251565e-16,0
spec_govprot_reform_decision,wdj_govprot_lag1,contract_vs_expand,2,"contract, expand",0.1291821436891737,0.1291821436891738,0.12918214368917375,1.1102230246251565e-16,0
spec_govprot_reform_decision,wdj_govprot_lag1,expand_vs_contract,2,"contract, expand",-0.1291821436891738,-0.1291821436891737,-0.12918214368917375,1.1102230246251565e-16,0
spec_c_pack,high_court,contract_vs_mixed,2,"contract, mixed",-0.4474218839090816,-0.4474218839090815,-0.44742188390908155,1.1102230246251565e-16,-*
spec_p_pack_decision,high_court,expand_vs_mixed,2,"expand, mixed",-0.0584394003563614,-0.0584394003563613,-0.058439400356361346,1.0408340855860843e-16,0
spec_c_pack_decision,high_court,mixed_vs_expand,2,"expand, mixed",0.0525006046352021,0.0525006046352022,0.05250060463520215,1.0408340855860843e-16,0
spec_p_pack_decision,high_court,mixed_vs_expand,2,"expand, mixed",0.0584394003563613,0.0584394003563614,0.058439400356361346,1.0408340855860843e-16,0
spec_p_attack_decision,v2jupoatck_lag1,mixed_vs_expand,2,"expand, mixed",-0.0534584036683719,-0.0534584036683718,-0.053458403668371846,1.0408340855860843e-16,0
spec_p_attack_decision,v2jupoatck_lag1,expand_vs_mixed,2,"expand, mixed",0.0534584036683718,0.0534584036683719,0.053458403668371846,1.0408340855860843e-16,0
spec_c_pack_decision,high_court,expand_vs_mixed,2,"expand, mixed",-0.0525006046352022,-0.0525006046352021,-0.05250060463520215,1.0408340855860843e-16,0
spec_p_attack_decision,legal_civil,contract_vs_expand,2,"contract, expand",0.0427058171604161,0.0427058171604162,0.042705817160416146,1.0408340855860843e-16,0
spec_p_attack_decision,legal_civil,expand_vs_contract,2,"contract, expand",-0.0427058171604162,-0.0427058171604161,-0.042705817160416146,1.0408340855860843e-16,0
spec_im_attack_decision,legal_civil,contract_vs_expand,2,"contract, expand",-0.0227239390601939,-0.0227239390601938,-0.02272393906019385,1.0061396160665481e-16,0
spec_im_attack_decision,legal_civil,expand_vs_contract,2,"contract, expand",0.0227239390601938,0.0227239390601939,0.02272393906019385,1.0061396160665481e-16,0
spec_govprot_pack,high_court,expand_vs_mixed,2,"expand, mixed",0.0254483125884471,0.0254483125884472,0.025448312588447153,1.0061396160665481e-16,0
spec_govprot_pack,high_court,mixed_vs_expand,2,"expand, mixed",-0.0254483125884472,-0.0254483125884471,-0.025448312588447153,1.0061396160665481e-16,0
spec_c_pack,high_court,mixed_vs_expand,2,"expand, mixed",-0.0015124524992034,-0.0015124524992033,-0.0015124524992033502,9.996344030316351e-17,0
spec_c_pack,high_court,expand_vs_mixed,2,"expand, mixed",0.0015124524992033,0.0015124524992034,0.0015124524992033502,9.996344030316351e-17,0
spec_im_pack,high_court,expand_vs_mixed,2,"expand, mixed",0.0049009411775238,0.0049009411775239,0.0049009411775238505,9.974659986866641e-17,0
spec_im_pack,high_court,mixed_vs_expand,2,"expand, mixed",-0.0049009411775239,-0.0049009411775238,-0.0049009411775238505,9.974659986866641e-17,0
spec_c_reform,high_court,expand_vs_mixed,2,"expand, mixed",-0.0475826340684448,-0.0475826340684447,-0.04758263406844475,9.71445146547012e-17,0
spec_c_attack_decision,legal_civil,expand_vs_contract,2,"contract, expand",-0.0696414893617395,-0.0696414893617394,-0.06964148936173944,9.71445146547012e-17,0
spec_p_reform_decision,high_court,expand_vs_mixed,2,"expand, mixed",-0.1101322373450162,-0.1101322373450161,-0.11013223734501615,9.71445146547012e-17,0
spec_extended_3_spline,legal_civil,expand_vs_mixed,2,"expand, mixed",-0.0584490246970934,-0.0584490246970933,-0.05844902469709335,9.71445146547012e-17,0
spec_extended_3_spline,j_ind_lag1,mixed_vs_contract,2,"contract, mixed",-0.1158910754073187,-0.1158910754073186,-0.11589107540731866,9.71445146547012e-17,0
spec_extended_3_spline,legal_civil,mixed_vs_expand,2,"expand, mixed",0.0584490246970933,0.0584490246970934,0.05844902469709335,9.71445146547012e-17,0
spec_im_attack_decision,v2jupoatck_lag1,expand_vs_contract,2,"contract, expand",-0.1202219530620975,-0.1202219530620974,-0.12022195306209746,9.71445146547012e-17,0
spec_c_attack_decision,legal_civil,contract_vs_expand,2,"contract, expand",0.0696414893617394,0.0696414893617395,0.06964148936173944,9.71445146547012e-17,0
spec_extended_1,high_court,expand_vs_mixed,2,"expand, mixed",-0.0384077766904381,-0.038407776690438,-0.03840777669043805,9.71445146547012e-17,0
spec_extended_1,high_court,mixed_vs_expand,2,"expand, mixed",0.038407776690438,0.0384077766904381,0.03840777669043805,9.71445146547012e-17,0
spec_base_2,v2jupoatck_lag1,expand_vs_contract,2,"contract, expand",-0.1190073719523266,-0.1190073719523265,-0.11900737195232655,9.71445146547012e-17,0
spec_base_2,v2jupoatck_lag1,contract_vs_expand,2,"contract, expand",0.1190073719523265,0.1190073719523266,0.11900737195232655,9.71445146547012e-17,0
spec_c_reform,high_court,mixed_vs_expand,2,"expand, mixed",0.0475826340684447,0.0475826340684448,0.04758263406844475,9.71445146547012e-17,0
spec_base_1,v2jureform_lag1,mixed_vs_contract,2,"contract, mixed",-0.0280342550447295,-0.0280342550447294,-0.02803425504472945,9.71445146547012e-17,0
spec_im_attack_decision,v2jupoatck_lag1,contract_vs_expand,2,"contract, expand",0.1202219530620974,0.1202219530620975,0.12022195306209746,9.71445146547012e-17,0
spec_extended_3_spline,j_ind_lag1,contract_vs_mixed,2,"contract, mixed",0.1158910754073186,0.1158910754073187,0.11589107540731866,9.71445146547012e-17,0
spec_govprot_reform_decision,high_court,expand_vs_mixed,2,"expand, mixed",-0.0949095694839074,-0.0949095694839073,-0.09490956948390736,9.71445146547012e-17,0
spec_govprot_reform_decision,high_court,mixed_vs_expand,2,"expand, mixed",0.0949095694839073,0.0949095694839074,0.09490956948390736,9.71445146547012e-17,0
spec_base_1,v2jureform_lag1,contract_vs_mixed,2,"contract, mixed",0.0280342550447294,0.0280342550447295,0.02803425504472945,9.71445146547012e-17,0
spec_govprot_pack_decision,high_court,mixed_vs_expand,2,"expand, mixed",0.0338064961622088,0.0338064961622089,0.03380649616220885,9.71445146547012e-17,0
spec_govprot_pack_decision,high_court,expand_vs_mixed,2,"expand, mixed",-0.0338064961622089,-0.0338064961622088,-0.03380649616220885,9.71445146547012e-17,0
spec_p_reform_decision,high_court,mixed_vs_expand,2,"expand, mixed",0.1101322373450161,0.1101322373450162,0.11013223734501615,9.71445146547012e-17,0
spec_im_attack_decision,v2jupoatck_lag1,mixed_vs_contract,2,"contract, mixed",-0.1776400506688374,-0.1776400506688373,-0.17764005066883737,8.326672684688674e-17,-*
spec_govprot_attack_decision,v2jupoatck_lag1,expand_vs_contract,2,"contract, expand",-0.1612308209328155,-0.1612308209328154,-0.16123082093281543,8.326672684688674e-17,0
spec_govprot_attack_decision,v2jupoatck_lag1,contract_vs_expand,2,"contract, expand",0.1612308209328154,0.1612308209328155,0.16123082093281543,8.326672684688674e-17,0
spec_im_attack_decision,j_ind_lag1,mixed_vs_contract,2,"contract, mixed",-0.2142656375845743,-0.2142656375845742,-0.21426563758457423,8.326672684688674e-17,0
spec_im_attack_decision,v2jupoatck_lag1,contract_vs_mixed,2,"contract, mixed",0.1776400506688373,0.1776400506688374,0.17764005066883737,8.326672684688674e-17,+*
spec_extended_2_spline,high_court,mixed_vs_expand,2,"expand, mixed",0.1780773850522217,0.1780773850522218,0.17807738505222176,8.326672684688674e-17,0
spec_im_attack,v2jupoatck_lag1,contract_vs_expand,2,"contract, expand",0.1483603814860418,0.1483603814860419,0.14836038148604186,8.326672684688674e-17,0
spec_im_attack,v2jupoatck_lag1,expand_vs_contract,2,"contract, expand",-0.1483603814860419,-0.1483603814860418,-0.14836038148604186,8.326672684688674e-17,0
spec_p_attack,v2jupoatck_lag1,contract_vs_expand,2,"contract, expand",0.14596092553972,0.1459609255397201,0.14596092553972007,8.326672684688674e-17,0
spec_p_attack,v2jupoatck_lag1,expand_vs_contract,2,"contract, expand",-0.1459609255397201,-0.14596092553972,-0.14596092553972007,8.326672684688674e-17,0
spec_extended_1_spline,high_court,mixed_vs_expand,2,"expand, mixed",0.2115726364239738,0.2115726364239739,0.21157263642397384,8.326672684688674e-17,0
spec_im_attack_decision,j_ind_lag1,contract_vs_mixed,2,"contract, mixed",0.2142656375845742,0.2142656375845743,0.21426563758457423,8.326672684688674e-17,0
spec_p_attack_decision,legal_civil,mixed_vs_contract,2,"contract, mixed",0.1266368068794004,0.1266368068794005,0.12663680687940043,8.326672684688674e-17,0
spec_p_attack_decision,legal_civil,contract_vs_mixed,2,"contract, mixed",-0.1266368068794005,-0.1266368068794004,-0.12663680687940043,8.326672684688674e-17,0
spec_extended_1_spline,high_court,expand_vs_mixed,2,"expand, mixed",-0.2115726364239739,-0.2115726364239738,-0.21157263642397384,8.326672684688674e-17,0
spec_extended_2_spline,high_court,expand_vs_mixed,2,"expand, mixed",-0.1780773850522218,-0.1780773850522217,-0.17807738505222176,8.326672684688674e-17,0
spec_c_reform_decision,high_court,mixed_vs_contract,2,"contract, mixed",0.4835733337443626,0.4835733337443627,0.4835733337443626,5.551115123125783e-17,0
spec_p_reform,high_court,expand_vs_contract,2,"contract, expand",0.437229570039017,0.4372295700390171,0.4372295700390171,5.551115123125783e-17,+*
spec_p_reform,high_court,contract_vs_expand,2,"contract, expand",-0.4372295700390171,-0.437229570039017,-0.4372295700390171,5.551115123125783e-17,-*
spec_c_reform_decision,high_court,contract_vs_mixed,2,"contract, mixed",-0.4835733337443627,-0.4835733337443626,-0.4835733337443626,5.551115123125783e-17,0
spec_c_pack_decision,high_court,contract_vs_mixed,2,"contract, mixed",-0.4506148904731827,-0.4506148904731827,-0.4506148904731827,0.0,0
spec_base_1,wdj_expression_lag1,expand_vs_contract,2,"contract, expand",0.1048224213986628,0.1048224213986628,0.1048224213986628,0.0,0
spec_base_3,v2jupack_lag1,expand_vs_mixed,2,"expand, mixed",-0.2237481906152791,-0.2237481906152791,-0.2237481906152791,0.0,-**
spec_p_reform_decision,v2jureview_lag1,contract_vs_expand,2,"contract, expand",-0.6548794769708663,-0.6548794769708663,-0.6548794769708663,0.0,-**
spec_im_pack,wdj_intermediaries_lag1,expand_vs_contract,2,"contract, expand",-0.7621356152564651,-0.7621356152564651,-0.7621356152564651,0.0,0
spec_im_pack,wdj_intermediaries_lag1,contract_vs_expand,2,"contract, expand",0.7621356152564651,0.7621356152564651,0.7621356152564651,0.0,0
spec_im_reform,high_court,contract_vs_expand,2,"contract, expand",-0.4203555937266107,-0.4203555937266107,-0.4203555937266107,0.0,0
spec_im_reform,high_court,expand_vs_contract,2,"contract, expand",0.4203555937266107,0.4203555937266107,0.4203555937266107,0.0,0
spec_c_reform,wdj_citizen_lag1,mixed_vs_expand,2,"expand, mixed",-0.6798592647024169,-0.6798592647024169,-0.6798592647024169,0.0,0
spec_im_reform_decision,high_court,expand_vs_mixed,2,"expand, mixed",-0.1133965883033406,-0.1133965883033406,-0.1133965883033406,0.0,0
spec_im_reform_decision,high_court,mixed_vs_expand,2,"expand, mixed",0.1133965883033406,0.1133965883033406,0.1133965883033406,0.0,0
spec_im_reform_decision,legal_common,contract_vs_expand,2,"contract, expand",1.865527337795139,1.865527337795139,1.865527337795139,0.0,+***
spec_im_reform_decision,v2jureform_lag1,expand_vs_mixed,2,"expand, mixed",-0.18820307357783,-0.18820307357783,-0.18820307357783,0.0,0
spec_im_reform_decision,v2jureform_lag1,mixed_vs_expand,2,"expand, mixed",0.18820307357783,0.18820307357783,0.18820307357783,0.0,0
spec_c_reform,wdj_citizen_lag1,expand_vs_mixed,2,"expand, mixed",0.6798592647024169,0.6798592647024169,0.6798592647024169,0.0,0
spec_im_reform_decision,legal_common,expand_vs_contract,2,"contract, expand",-1.865527337795139,-1.865527337795139,-1.865527337795139,0.0,-***
spec_c_pack_decision,legal_civil,mixed_vs_contract,2,"contract, mixed",-0.0021670088708716,-0.0021670088708716,-0.0021670088708716,0.0,0
spec_base_1,v2jureform_lag1,expand_vs_mixed,2,"expand, mixed",-0.1839420382480336,-0.1839420382480336,-0.1839420382480336,0.0,0
spec_base_1,wdj_expression_lag1,contract_vs_expand,2,"contract, expand",-0.1048224213986628,-0.1048224213986628,-0.1048224213986628,0.0,0
spec_base_1,v2jureform_lag1,mixed_vs_expand,2,"expand, mixed",0.1839420382480336,0.1839420382480336,0.1839420382480336,0.0,0
spec_p_pack,v2jureview_lag1,expand_vs_contract,2,"contract, expand",0.9176435169235408,0.9176435169235408,0.9176435169235408,0.0,+***
spec_p_pack,v2jureview_lag1,contract_vs_expand,2,"contract, expand",-0.9176435169235408,-0.9176435169235408,-0.9176435169235408,0.0,-***
spec_c_attack_decision,wdj_citizen_lag1,expand_vs_contract,2,"contract, expand",-0.2738016293226838,-0.2738016293226838,-0.2738016293226838,0.0,0
spec_c_attack_decision,wdj_citizen_lag1,contract_vs_expand,2,"contract, expand",0.2738016293226838,0.2738016293226838,0.2738016293226838,0.0,0
spec_base_3,v2jupack_lag1,mixed_vs_expand,2,"expand, mixed",0.2237481906152791,0.2237481906152791,0.2237481906152791,0.0,+**
spec_c_pack_decision,legal_civil,contract_vs_mixed,2,"contract, mixed",0.0021670088708716,0.0021670088708716,0.0021670088708716,0.0,0
spec_c_pack_decision,high_court,mixed_vs_contract,2,"contract, mixed",0.4506148904731827,0.4506148904731827,0.4506148904731827,0.0,0
spec_c_pack,wdj_citizen_lag1,expand_vs_mixed,2,"expand, mixed",0.583054339636806,0.583054339636806,0.583054339636806,0.0,0
spec_c_pack,v2jureview_lag1,mixed_vs_contract,2,"contract, mixed",0.4172666086102284,0.4172666086102284,0.4172666086102284,0.0,0
spec_c_pack,v2jureview_lag1,contract_vs_mixed,2,"contract, mixed",-0.4172666086102284,-0.4172666086102284,-0.4172666086102284,0.0,0
spec_p_pack_decision,legal_common,contract_vs_expand,2,"contract, expand",1.5410611812559896,1.5410611812559896,1.5410611812559896,0.0,+***
spec_p_pack_decision,legal_common,expand_vs_contract,2,"contract, expand",-1.5410611812559896,-1.5410611812559896,-1.5410611812559896,0.0,-***
spec_p_attack_decision,wdj_press_lag1,contract_vs_expand,2,"contract, expand",0.8185771843788746,0.8185771843788746,0.8185771843788746,0.0,+*
spec_p_attack_decision,wdj_press_lag1,expand_vs_contract,2,"contract, expand",-0.8185771843788746,-0.8185771843788746,-0.8185771843788746,0.0,-*
spec_c_pack,wdj_citizen_lag1,mixed_vs_expand,2,"expand, mixed",-0.583054339636806,-0.583054339636806,-0.583054339636806,0.0,0
spec_im_attack_decision,j_ind_lag1,expand_vs_mixed,2,"expand, mixed",0.3644178975633994,0.3644178975633994,0.3644178975633994,0.0,+**
spec_govprot_reform_decision,legal_common,expand_vs_contract,2,"contract, expand",-1.76376772692879,-1.76376772692879,-1.76376772692879,0.0,-***
spec_govprot_reform_decision,legal_common,contract_vs_expand,2,"contract, expand",1.76376772692879,1.76376772692879,1.76376772692879,0.0,+***
spec_c_attack,wdj_citizen_lag1,contract_vs_expand,2,"contract, expand",0.3338270475092568,0.3338270475092568,0.3338270475092568,0.0,0
spec_c_attack,wdj_citizen_lag1,expand_vs_contract,2,"contract, expand",-0.3338270475092568,-0.3338270475092568,-0.3338270475092568,0.0,0
spec_extended_3_spline,high_court,expand_vs_mixed,2,"expand, mixed",-0.1347423515547787,-0.1347423515547787,-0.1347423515547787,0.0,0
spec_extended_3,v2jureview_lag1,expand_vs_mixed,2,"expand, mixed",0.4306942616649369,0.4306942616649369,0.4306942616649369,0.0,0
spec_im_attack_decision,j_ind_lag1,mixed_vs_expand,2,"expand, mixed",-0.3644178975633994,-0.3644178975633994,-0.3644178975633994,0.0,-**
spec_extended_3,v2jureview_lag1,mixed_vs_expand,2,"expand, mixed",-0.4306942616649369,-0.4306942616649369,-0.4306942616649369,0.0,0
spec_extended_3_spline,high_court,mixed_vs_expand,2,"expand, mixed",0.1347423515547787,0.1347423515547787,0.1347423515547787,0.0,0
spec_extended_2_spline,legal_common,mixed_vs_expand,2,"expand, mixed",1.3073894383118825,1.3073894383118825,1.3073894383118825,0.0,+***
spec_extended_2_spline,legal_common,expand_vs_mixed,2,"expand, mixed",-1.3073894383118825,-1.3073894383118825,-1.3073894383118825,0.0,-***
spec_govprot_attack,legal_common,expand_vs_contract,2,"contract, expand",-1.7298955591131802,-1.7298955591131802,-1.7298955591131802,0.0,-***
spec_govprot_reform,high_court,contract_vs_mixed,2,"contract, mixed",-0.4355383295091001,-0.4355383295091001,-0.4355383295091001,0.0,0
spec_govprot_attack,legal_common,contract_vs_expand,2,"contract, expand",1.7298955591131802,1.7298955591131802,1.7298955591131802,0.0,+***
spec_govprot_reform_decision,v2jureform_lag1,contract_vs_expand,2,"contract, expand",0.3235032135043771,0.3235032135043771,0.3235032135043771,0.0,+***
spec_govprot_reform_decision,v2jureform_lag1,expand_vs_contract,2,"contract, expand",-0.3235032135043771,-0.3235032135043771,-0.3235032135043771,0.0,-***
spec_govprot_pack,high_court,mixed_vs_contract,2,"contract, mixed",0.3911044429560362,0.3911044429560362,0.3911044429560362,0.0,0
spec_govprot_attack_decision,wdj_govprot_lag1,contract_vs_mixed,2,"contract, mixed",0.3967373434157913,0.3967373434157913,0.3967373434157913,0.0,0
spec_govprot_attack_decision,v2x_polyarchy_lag1,expand_vs_contract,2,"contract, expand",3.0331611237037297,3.0331611237037297,3.0331611237037297,0.0,+***
spec_govprot_attack_decision,v2x_polyarchy_lag1,contract_vs_expand,2,"contract, expand",-3.0331611237037297,-3.0331611237037297,-3.0331611237037297,0.0,-***
spec_govprot_reform,high_court,mixed_vs_contract,2,"contract, mixed",0.4355383295091001,0.4355383295091001,0.4355383295091001,0.0,0
spec_c_attack,high_court,contract_vs_mixed,2,"contract, mixed",-0.5885631983408027,-0.5885631983408027,-0.5885631983408027,0.0,-**
spec_govprot_attack_decision,wdj_govprot_lag1,mixed_vs_contract,2,"contract, mixed",-0.3967373434157913,-0.3967373434157913,-0.3967373434157913,0.0,0
spec_p_reform_decision,v2jureview_lag1,expand_vs_contract,2,"contract, expand",0.6548794769708663,0.6548794769708663,0.6548794769708663,0.0,+**
spec_c_attack,high_court,mixed_vs_contract,2,"contract, mixed",0.5885631983408027,0.5885631983408027,0.5885631983408027,0.0,+**
spec_c_attack,high_court,expand_vs_mixed,2,"expand, mixed",-0.0351377329940753,-0.0351377329940753,-0.0351377329940753,0.0,0
spec_govprot_pack,high_court,contract_vs_mixed,2,"contract, mixed",-0.3911044429560362,-0.3911044429560362,-0.3911044429560362,0.0,0
spec_c_attack,high_court,mixed_vs_expand,2,"expand, mixed",0.0351377329940753,0.0351377329940753,0.0351377329940753,0.0,0
spec_p_reform_decision,high_court,expand_vs_contract,2,"contract, expand",0.3817689697528106,0.3817689697528106,0.3817689697528106,0.0,0
spec_p_reform_decision,high_court,contract_vs_expand,2,"contract, expand",-0.3817689697528106,-0.3817689697528106,-0.3817689697528106,0.0,0
spec_base_1,v2jureform_lag1,expand_vs_contract,2,"contract, expand",-0.2119762932927631,-0.2119762932927631,-0.2119762932927631,0.0,0
spec_base_1,v2jureform_lag1,contract_vs_expand,2,"contract, expand",0.2119762932927631,0.2119762932927631,0.2119762932927631,0.0,0
