variable,coef,class_label,outcome,std_err,p_value,spec,base_category,stars,coef_se,source_base,source_base_label,outcome_short,base_short
wdj_expression_lag1,-0.1729397084276866,Contracts Expression,Contracts Expression,0.2886214976718729,0.5490448200002646,spec_base_1,Mixed Outcome,,-0.173 (0.289),mixed,Mixed Outcome,contract,mixed
wdj_expression_lag1,-0.0681172870290237,Expands Expression,Expands Expression,0.1879699515314671,0.7170651574536555,spec_base_1,Mixed Outcome,,-0.068 (0.188),mixed,Mixed Outcome,expand,mixed
v2jureform_lag1,0.0280342550447295,Contracts Expression,Contracts Expression,0.1796953527111565,0.8760252131511893,spec_base_1,Mixed Outcome,,0.028 (0.18),mixed,Mixed Outcome,contract,mixed
v2jureform_lag1,-0.1839420382480336,Expands Expression,Expands Expression,0.1223337208182949,0.1326821679861361,spec_base_1,Mixed Outcome,,-0.184 (0.122),mixed,Mixed Outcome,expand,mixed
wdj_expression_lag1,-0.1831132473554362,Contracts Expression,Contracts Expression,0.3227688344560721,0.5704967235550469,spec_base_2,Mixed Outcome,,-0.183 (0.323),mixed,Mixed Outcome,contract,mixed
wdj_expression_lag1,-0.1408545952405998,Expands Expression,Expands Expression,0.2371833668070487,0.552603269923085,spec_base_2,Mixed Outcome,,-0.141 (0.237),mixed,Mixed Outcome,expand,mixed
v2jupoatck_lag1,-0.0215017620195011,Contracts Expression,Contracts Expression,0.1424206626367282,0.8799965309736948,spec_base_2,Mixed Outcome,,-0.022 (0.142),mixed,Mixed Outcome,contract,mixed
v2jupoatck_lag1,-0.1405091339718276,Expands Expression,Expands Expression,0.1045958766567932,0.1791578549594786,spec_base_2,Mixed Outcome,,-0.141 (0.105),mixed,Mixed Outcome,expand,mixed
wdj_expression_lag1,-0.0695518284173973,Contracts Expression,Contracts Expression,0.2870374095433274,0.8085405225865138,spec_base_3,Mixed Outcome,,-0.07 (0.287),mixed,Mixed Outcome,contract,mixed
wdj_expression_lag1,0.0047475457607795,Expands Expression,Expands Expression,0.214167994489435,0.9823144290829808,spec_base_3,Mixed Outcome,,0.005 (0.214),mixed,Mixed Outcome,expand,mixed
v2jupack_lag1,-0.2559636519399429,Contracts Expression,Contracts Expression,0.1931497036616865,0.185101967645121,spec_base_3,Mixed Outcome,,-0.256 (0.193),mixed,Mixed Outcome,contract,mixed
v2jupack_lag1,-0.2237481906152791,Expands Expression,Expands Expression,0.0877068066605959,0.0107385771699516,spec_base_3,Mixed Outcome,**,-0.224** (0.088),mixed,Mixed Outcome,expand,mixed
wdj_expression_lag1,0.0928708184758102,Contracts Expression,Contracts Expression,0.2409587356037603,0.6999247220067586,spec_extended_1,Mixed Outcome,,0.093 (0.241),mixed,Mixed Outcome,contract,mixed
wdj_expression_lag1,0.0122811688820556,Expands Expression,Expands Expression,0.2222340797780159,0.955929487543665,spec_extended_1,Mixed Outcome,,0.012 (0.222),mixed,Mixed Outcome,expand,mixed
v2jureform_lag1,0.1839669045061706,Contracts Expression,Contracts Expression,0.250397099098681,0.4625218413026197,spec_extended_1,Mixed Outcome,,0.184 (0.25),mixed,Mixed Outcome,contract,mixed
v2jureform_lag1,-0.1507768824629247,Expands Expression,Expands Expression,0.183299673394355,0.410752346963274,spec_extended_1,Mixed Outcome,,-0.151 (0.183),mixed,Mixed Outcome,expand,mixed
v2x_polyarchy_lag1,-5.1820321764770885,Contracts Expression,Contracts Expression,1.440021320478364,0.0003199592144697,spec_extended_1,Mixed Outcome,***,-5.182*** (1.44),mixed,Mixed Outcome,contract,mixed
v2x_polyarchy_lag1,-1.6950080010263289,Expands Expression,Expands Expression,0.8727834800461468,0.0521284342211976,spec_extended_1,Mixed Outcome,*,-1.695* (0.873),mixed,Mixed Outcome,expand,mixed
v2jureview_lag1,-0.3822903153701999,Contracts Expression,Contracts Expression,0.3732216977499732,0.3056944451460869,spec_extended_1,Mixed Outcome,,-0.382 (0.373),mixed,Mixed Outcome,contract,mixed
v2jureview_lag1,0.4476080471254919,Expands Expression,Expands Expression,0.3573159311224808,0.2103165563829262,spec_extended_1,Mixed Outcome,,0.448 (0.357),mixed,Mixed Outcome,expand,mixed
legal_common,0.8534641573592558,Contracts Expression,Contracts Expression,0.5399293379294504,0.1139475580703971,spec_extended_1,Mixed Outcome,,0.853 (0.54),mixed,Mixed Outcome,contract,mixed
legal_common,-1.336783843373955,Expands Expression,Expands Expression,0.4588620487513595,0.0035767817953659,spec_extended_1,Mixed Outcome,***,-1.337*** (0.459),mixed,Mixed Outcome,expand,mixed
legal_civil,0.3494616224583921,Contracts Expression,Contracts Expression,0.4862646046526866,0.4723470106915893,spec_extended_1,Mixed Outcome,,0.349 (0.486),mixed,Mixed Outcome,contract,mixed
legal_civil,-0.3216933745891775,Expands Expression,Expands Expression,0.3750856960771478,0.3910840968326542,spec_extended_1,Mixed Outcome,,-0.322 (0.375),mixed,Mixed Outcome,expand,mixed
high_court,-0.4564806914882958,Contracts Expression,Contracts Expression,0.2745915079614221,0.0964327677340433,spec_extended_1,Mixed Outcome,*,-0.456* (0.275),mixed,Mixed Outcome,contract,mixed
high_court,-0.038407776690438,Expands Expression,Expands Expression,0.1455055756448147,0.7918100795916984,spec_extended_1,Mixed Outcome,,-0.038 (0.146),mixed,Mixed Outcome,expand,mixed
j_ind_lag1,0.1381504426205568,Contracts Expression,Contracts Expression,0.266830585774042,0.6046355666207217,spec_extended_1,Mixed Outcome,,0.138 (0.267),mixed,Mixed Outcome,contract,mixed
j_ind_lag1,0.3865367849161945,Expands Expression,Expands Expression,0.2037364722104923,0.0577963990727558,spec_extended_1,Mixed Outcome,*,0.387* (0.204),mixed,Mixed Outcome,expand,mixed
wdj_expression_lag1,0.3795570984685686,Contracts Expression,Contracts Expression,0.4197346880585959,0.3658476882541279,spec_extended_1_spline,Mixed Outcome,,0.38 (0.42),mixed,Mixed Outcome,contract,mixed
wdj_expression_lag1,0.2250228880080146,Expands Expression,Expands Expression,0.2918038158067113,0.440621326369266,spec_extended_1_spline,Mixed Outcome,,0.225 (0.292),mixed,Mixed Outcome,expand,mixed
v2jureform_lag1,0.156466357240139,Contracts Expression,Contracts Expression,0.2379191423118515,0.5107662097029588,spec_extended_1_spline,Mixed Outcome,,0.156 (0.238),mixed,Mixed Outcome,contract,mixed
v2jureform_lag1,-0.2087287239548546,Expands Expression,Expands Expression,0.1798375835435358,0.2457837368310657,spec_extended_1_spline,Mixed Outcome,,-0.209 (0.18),mixed,Mixed Outcome,expand,mixed
v2x_polyarchy_lag1,-4.428064669789867,Contracts Expression,Contracts Expression,1.5333132577015405,0.003878156595478,spec_extended_1_spline,Mixed Outcome,***,-4.428*** (1.533),mixed,Mixed Outcome,contract,mixed
v2x_polyarchy_lag1,-1.254729784239435,Expands Expression,Expands Expression,0.973447873515566,0.1974139883932223,spec_extended_1_spline,Mixed Outcome,,-1.255 (0.973),mixed,Mixed Outcome,expand,mixed
v2jureview_lag1,-0.3690547721284773,Contracts Expression,Contracts Expression,0.3611092314647047,0.3067794094266375,spec_extended_1_spline,Mixed Outcome,,-0.369 (0.361),mixed,Mixed Outcome,contract,mixed
v2jureview_lag1,0.4145619168639405,Expands Expression,Expands Expression,0.3425987099628527,0.2262593178485661,spec_extended_1_spline,Mixed Outcome,,0.415 (0.343),mixed,Mixed Outcome,expand,mixed
legal_common,0.6355143528670925,Contracts Expression,Contracts Expression,0.5137731738395619,0.2161037484889059,spec_extended_1_spline,Mixed Outcome,,0.636 (0.514),mixed,Mixed Outcome,contract,mixed
legal_common,-1.5650622210712897,Expands Expression,Expands Expression,0.4274872146525459,0.0002511604401454,spec_extended_1_spline,Mixed Outcome,***,-1.565*** (0.427),mixed,Mixed Outcome,expand,mixed
legal_civil,0.2858330905301155,Contracts Expression,Contracts Expression,0.4497530120580778,0.5250805474536264,spec_extended_1_spline,Mixed Outcome,,0.286 (0.45),mixed,Mixed Outcome,contract,mixed
legal_civil,-0.4091192511093551,Expands Expression,Expands Expression,0.3452536087273362,0.2360246333301056,spec_extended_1_spline,Mixed Outcome,,-0.409 (0.345),mixed,Mixed Outcome,expand,mixed
high_court,-0.4806523735736387,Contracts Expression,Contracts Expression,0.2776586607301857,0.0834355578539764,spec_extended_1_spline,Mixed Outcome,*,-0.481* (0.278),mixed,Mixed Outcome,contract,mixed
high_court,-0.2115726364239739,Expands Expression,Expands Expression,0.17542476846238,0.22779470780316,spec_extended_1_spline,Mixed Outcome,,-0.212 (0.175),mixed,Mixed Outcome,expand,mixed
j_ind_lag1,0.0398901546335005,Contracts Expression,Contracts Expression,0.2805081353337461,0.8869166879747961,spec_extended_1_spline,Mixed Outcome,,0.04 (0.281),mixed,Mixed Outcome,contract,mixed
j_ind_lag1,0.3611727088407359,Expands Expression,Expands Expression,0.197775783202998,0.0678242728408657,spec_extended_1_spline,Mixed Outcome,*,0.361* (0.198),mixed,Mixed Outcome,expand,mixed
v2x_polyarchy_lag1,181.40385875094145,Contracts Expression,Contracts Expression,166.6334718934885,0.2763126810549347,spec_extended_1_spline_interact,Mixed Outcome,,181.404 (166.633),mixed,Mixed Outcome,contract,mixed
v2x_polyarchy_lag1,27.032713705019205,Expands Expression,Expands Expression,95.06784785548452,0.7761407926461186,spec_extended_1_spline_interact,Mixed Outcome,,27.033 (95.068),mixed,Mixed Outcome,expand,mixed
wdj_expression_lag1,0.5166472720905633,Contracts Expression,Contracts Expression,0.5072209400777763,0.3084003741364778,spec_extended_1_spline_interact,Mixed Outcome,,0.517 (0.507),mixed,Mixed Outcome,contract,mixed
wdj_expression_lag1,0.3909823949201088,Expands Expression,Expands Expression,0.3047759234549339,0.1995439413533,spec_extended_1_spline_interact,Mixed Outcome,,0.391 (0.305),mixed,Mixed Outcome,expand,mixed
v2jureform_lag1,0.2048699369247475,Contracts Expression,Contracts Expression,0.2332386179089116,0.3797426520244085,spec_extended_1_spline_interact,Mixed Outcome,,0.205 (0.233),mixed,Mixed Outcome,contract,mixed
v2jureform_lag1,-0.2017869543779688,Expands Expression,Expands Expression,0.1803047533747088,0.2630787788343798,spec_extended_1_spline_interact,Mixed Outcome,,-0.202 (0.18),mixed,Mixed Outcome,expand,mixed
v2jureview_lag1,-0.2744822616270798,Contracts Expression,Contracts Expression,0.3632169894965291,0.4498304335554617,spec_extended_1_spline_interact,Mixed Outcome,,-0.274 (0.363),mixed,Mixed Outcome,contract,mixed
v2jureview_lag1,0.5479461962581886,Expands Expression,Expands Expression,0.3457258179520662,0.1129855418216741,spec_extended_1_spline_interact,Mixed Outcome,,0.548 (0.346),mixed,Mixed Outcome,expand,mixed
legal_common,0.6120593390294413,Contracts Expression,Contracts Expression,0.4895881737684199,0.2112442477894873,spec_extended_1_spline_interact,Mixed Outcome,,0.612 (0.49),mixed,Mixed Outcome,contract,mixed
legal_common,-1.675540777516891,Expands Expression,Expands Expression,0.4337835361906648,0.0001121776270187,spec_extended_1_spline_interact,Mixed Outcome,***,-1.676*** (0.434),mixed,Mixed Outcome,expand,mixed
legal_civil,0.3321469066625856,Contracts Expression,Contracts Expression,0.4420947510801021,0.4524706046689033,spec_extended_1_spline_interact,Mixed Outcome,,0.332 (0.442),mixed,Mixed Outcome,contract,mixed
legal_civil,-0.3919558650760342,Expands Expression,Expands Expression,0.3842605164433894,0.307715947966703,spec_extended_1_spline_interact,Mixed Outcome,,-0.392 (0.384),mixed,Mixed Outcome,expand,mixed
high_court,-0.4310810295120013,Contracts Expression,Contracts Expression,0.2808567316023623,0.1248136138613005,spec_extended_1_spline_interact,Mixed Outcome,,-0.431 (0.281),mixed,Mixed Outcome,contract,mixed
high_court,-0.2101893848848232,Expands Expression,Expands Expression,0.1723553121921153,0.2226498945943237,spec_extended_1_spline_interact,Mixed Outcome,,-0.21 (0.172),mixed,Mixed Outcome,expand,mixed
j_ind_lag1,0.051766887889113,Contracts Expression,Contracts Expression,0.2789325931759312,0.8527668924605413,spec_extended_1_spline_interact,Mixed Outcome,,0.052 (0.279),mixed,Mixed Outcome,contract,mixed
j_ind_lag1,0.4017855270141603,Expands Expression,Expands Expression,0.2082330152219357,0.053668865258322,spec_extended_1_spline_interact,Mixed Outcome,*,0.402* (0.208),mixed,Mixed Outcome,expand,mixed
wdj_expression_lag1,0.3171716406020479,Contracts Expression,Contracts Expression,0.2639589522052692,0.2295206508191545,spec_extended_2,Mixed Outcome,,0.317 (0.264),mixed,Mixed Outcome,contract,mixed
wdj_expression_lag1,0.0381546046738786,Expands Expression,Expands Expression,0.2360141724192122,0.8715717583893992,spec_extended_2,Mixed Outcome,,0.038 (0.236),mixed,Mixed Outcome,expand,mixed
v2jupoatck_lag1,0.2334491738798235,Contracts Expression,Contracts Expression,0.1276360693417583,0.0673963183691544,spec_extended_2,Mixed Outcome,*,0.233* (0.128),mixed,Mixed Outcome,contract,mixed
v2jupoatck_lag1,0.0399892285586039,Expands Expression,Expands Expression,0.1115849233405988,0.7200628210215491,spec_extended_2,Mixed Outcome,,0.04 (0.112),mixed,Mixed Outcome,expand,mixed
v2x_polyarchy_lag1,-5.515180377852407,Contracts Expression,Contracts Expression,1.2979429438590335,2.145639261412546e-05,spec_extended_2,Mixed Outcome,***,-5.515*** (1.298),mixed,Mixed Outcome,contract,mixed
v2x_polyarchy_lag1,-2.122720784015016,Expands Expression,Expands Expression,0.9134026718971984,0.0201270798796037,spec_extended_2,Mixed Outcome,**,-2.123** (0.913),mixed,Mixed Outcome,expand,mixed
v2jureview_lag1,-0.2842011759360449,Contracts Expression,Contracts Expression,0.3638650917046389,0.434766063084855,spec_extended_2,Mixed Outcome,,-0.284 (0.364),mixed,Mixed Outcome,contract,mixed
v2jureview_lag1,0.4887964182872464,Expands Expression,Expands Expression,0.3506782681848023,0.1633598789726832,spec_extended_2,Mixed Outcome,,0.489 (0.351),mixed,Mixed Outcome,expand,mixed
legal_common,0.5300304684169892,Contracts Expression,Contracts Expression,0.476574493084964,0.2660663138652374,spec_extended_2,Mixed Outcome,,0.53 (0.477),mixed,Mixed Outcome,contract,mixed
legal_common,-1.182289036494717,Expands Expression,Expands Expression,0.3901570224680867,0.0024431879003051,spec_extended_2,Mixed Outcome,***,-1.182*** (0.39),mixed,Mixed Outcome,expand,mixed
legal_civil,0.1991011945788415,Contracts Expression,Contracts Expression,0.4264834681180234,0.6406115831405674,spec_extended_2,Mixed Outcome,,0.199 (0.426),mixed,Mixed Outcome,contract,mixed
legal_civil,-0.1528846553012576,Expands Expression,Expands Expression,0.3613764025880706,0.6722499623786062,spec_extended_2,Mixed Outcome,,-0.153 (0.361),mixed,Mixed Outcome,expand,mixed
high_court,-0.5374338034320993,Contracts Expression,Contracts Expression,0.2731248056401976,0.0490999847677692,spec_extended_2,Mixed Outcome,**,-0.537** (0.273),mixed,Mixed Outcome,contract,mixed
high_court,-0.0241982869202133,Expands Expression,Expands Expression,0.1567218335842625,0.8772921611782939,spec_extended_2,Mixed Outcome,,-0.024 (0.157),mixed,Mixed Outcome,expand,mixed
j_ind_lag1,0.1784884351268973,Contracts Expression,Contracts Expression,0.2525953108388173,0.4798037971370996,spec_extended_2,Mixed Outcome,,0.178 (0.253),mixed,Mixed Outcome,contract,mixed
j_ind_lag1,0.3591837464545938,Expands Expression,Expands Expression,0.2004246603302013,0.0731147812671136,spec_extended_2,Mixed Outcome,*,0.359* (0.2),mixed,Mixed Outcome,expand,mixed
wdj_expression_lag1,0.6126605379026185,Contracts Expression,Contracts Expression,0.4727251284774752,0.1949690923885165,spec_extended_2_spline,Mixed Outcome,,0.613 (0.473),mixed,Mixed Outcome,contract,mixed
wdj_expression_lag1,0.1365234964039686,Expands Expression,Expands Expression,0.3603556266405741,0.7047935526102522,spec_extended_2_spline,Mixed Outcome,,0.137 (0.36),mixed,Mixed Outcome,expand,mixed
v2jupoatck_lag1,0.2269414554100875,Contracts Expression,Contracts Expression,0.1460604424272819,0.1202439911271534,spec_extended_2_spline,Mixed Outcome,,0.227 (0.146),mixed,Mixed Outcome,contract,mixed
v2jupoatck_lag1,-0.0394975676109051,Expands Expression,Expands Expression,0.1342514552462005,0.7686005873426223,spec_extended_2_spline,Mixed Outcome,,-0.039 (0.134),mixed,Mixed Outcome,expand,mixed
v2x_polyarchy_lag1,-4.894216736745731,Contracts Expression,Contracts Expression,1.5448205420869516,0.0015341455317308,spec_extended_2_spline,Mixed Outcome,***,-4.894*** (1.545),mixed,Mixed Outcome,contract,mixed
v2x_polyarchy_lag1,-1.521091886418196,Expands Expression,Expands Expression,1.1843120210672642,0.1990133940503947,spec_extended_2_spline,Mixed Outcome,,-1.521 (1.184),mixed,Mixed Outcome,expand,mixed
v2jureview_lag1,-0.2729145186976264,Contracts Expression,Contracts Expression,0.3615472943544368,0.4503380871076098,spec_extended_2_spline,Mixed Outcome,,-0.273 (0.362),mixed,Mixed Outcome,contract,mixed
v2jureview_lag1,0.4069363496508527,Expands Expression,Expands Expression,0.3338253380856802,0.2228404831199463,spec_extended_2_spline,Mixed Outcome,,0.407 (0.334),mixed,Mixed Outcome,expand,mixed
legal_common,0.3574015304017212,Contracts Expression,Contracts Expression,0.457336641728345,0.4345175463435743,spec_extended_2_spline,Mixed Outcome,,0.357 (0.457),mixed,Mixed Outcome,contract,mixed
legal_common,-1.3073894383118825,Expands Expression,Expands Expression,0.3700845782842824,0.0004113740689242,spec_extended_2_spline,Mixed Outcome,***,-1.307*** (0.37),mixed,Mixed Outcome,expand,mixed
legal_civil,0.1783064771375627,Contracts Expression,Contracts Expression,0.4084122645765821,0.6624126828576273,spec_extended_2_spline,Mixed Outcome,,0.178 (0.408),mixed,Mixed Outcome,contract,mixed
legal_civil,-0.1678735050405602,Expands Expression,Expands Expression,0.3520263871102003,0.6334492705882052,spec_extended_2_spline,Mixed Outcome,,-0.168 (0.352),mixed,Mixed Outcome,expand,mixed
high_court,-0.5413704820717585,Contracts Expression,Contracts Expression,0.2991354006167985,0.0703292796088585,spec_extended_2_spline,Mixed Outcome,*,-0.541* (0.299),mixed,Mixed Outcome,contract,mixed
high_court,-0.1780773850522217,Expands Expression,Expands Expression,0.1736324961623755,0.3050804472326893,spec_extended_2_spline,Mixed Outcome,,-0.178 (0.174),mixed,Mixed Outcome,expand,mixed
j_ind_lag1,0.1067508895652475,Contracts Expression,Contracts Expression,0.263675556748485,0.6855826423079576,spec_extended_2_spline,Mixed Outcome,,0.107 (0.264),mixed,Mixed Outcome,contract,mixed
j_ind_lag1,0.3268462353171295,Expands Expression,Expands Expression,0.2033366783624706,0.1079635682586139,spec_extended_2_spline,Mixed Outcome,,0.327 (0.203),mixed,Mixed Outcome,expand,mixed
v2x_polyarchy_lag1,188.954858065695,Contracts Expression,Contracts Expression,164.3548476112792,0.2502772568923749,spec_extended_2_spline_interact,Mixed Outcome,,188.955 (164.355),mixed,Mixed Outcome,contract,mixed
v2x_polyarchy_lag1,14.157977369970862,Expands Expression,Expands Expression,94.13122364611102,0.8804436662735944,spec_extended_2_spline_interact,Mixed Outcome,,14.158 (94.131),mixed,Mixed Outcome,expand,mixed
wdj_expression_lag1,0.7689858899060414,Contracts Expression,Contracts Expression,0.5561475679855037,0.1667565146967444,spec_extended_2_spline_interact,Mixed Outcome,,0.769 (0.556),mixed,Mixed Outcome,contract,mixed
wdj_expression_lag1,0.2601419518921286,Expands Expression,Expands Expression,0.3689021436308664,0.4806990048622332,spec_extended_2_spline_interact,Mixed Outcome,,0.26 (0.369),mixed,Mixed Outcome,expand,mixed
v2jupoatck_lag1,0.2235109398334484,Contracts Expression,Contracts Expression,0.1517152183766047,0.1406898657805769,spec_extended_2_spline_interact,Mixed Outcome,,0.224 (0.152),mixed,Mixed Outcome,contract,mixed
v2jupoatck_lag1,-0.0557020692472493,Expands Expression,Expands Expression,0.143434191447507,0.6977601304394472,spec_extended_2_spline_interact,Mixed Outcome,,-0.056 (0.143),mixed,Mixed Outcome,expand,mixed
v2jureview_lag1,-0.1960909313151274,Contracts Expression,Contracts Expression,0.3599620049910075,0.5859223582165036,spec_extended_2_spline_interact,Mixed Outcome,,-0.196 (0.36),mixed,Mixed Outcome,contract,mixed
v2jureview_lag1,0.5356676527369019,Expands Expression,Expands Expression,0.342894237792929,0.1182420657557046,spec_extended_2_spline_interact,Mixed Outcome,,0.536 (0.343),mixed,Mixed Outcome,expand,mixed
legal_common,0.2885473960826571,Contracts Expression,Contracts Expression,0.4514206322495001,0.522693800487918,spec_extended_2_spline_interact,Mixed Outcome,,0.289 (0.451),mixed,Mixed Outcome,contract,mixed
legal_common,-1.4068619028195877,Expands Expression,Expands Expression,0.3662110821042209,0.0001222003624578,spec_extended_2_spline_interact,Mixed Outcome,***,-1.407*** (0.366),mixed,Mixed Outcome,expand,mixed
legal_civil,0.1664610471573128,Contracts Expression,Contracts Expression,0.4072049776818673,0.682694276012717,spec_extended_2_spline_interact,Mixed Outcome,,0.166 (0.407),mixed,Mixed Outcome,contract,mixed
legal_civil,-0.1361587617211614,Expands Expression,Expands Expression,0.3701858625518034,0.7130135027201114,spec_extended_2_spline_interact,Mixed Outcome,,-0.136 (0.37),mixed,Mixed Outcome,expand,mixed
high_court,-0.5079215848709374,Contracts Expression,Contracts Expression,0.3040430968777818,0.0948090421407804,spec_extended_2_spline_interact,Mixed Outcome,*,-0.508* (0.304),mixed,Mixed Outcome,contract,mixed
high_court,-0.1755484786010045,Expands Expression,Expands Expression,0.1754664630567256,0.3170843595457682,spec_extended_2_spline_interact,Mixed Outcome,,-0.176 (0.175),mixed,Mixed Outcome,expand,mixed
j_ind_lag1,0.1345448607937505,Contracts Expression,Contracts Expression,0.2595312419975648,0.6041688266056832,spec_extended_2_spline_interact,Mixed Outcome,,0.135 (0.26),mixed,Mixed Outcome,contract,mixed
j_ind_lag1,0.3607295454318027,Expands Expression,Expands Expression,0.2134104447898811,0.0909688990574286,spec_extended_2_spline_interact,Mixed Outcome,*,0.361* (0.213),mixed,Mixed Outcome,expand,mixed
wdj_expression_lag1,0.1731318911216234,Contracts Expression,Contracts Expression,0.2135309461247419,0.4174778446463811,spec_extended_3,Mixed Outcome,,0.173 (0.214),mixed,Mixed Outcome,contract,mixed
wdj_expression_lag1,0.0362359763243895,Expands Expression,Expands Expression,0.1926051061281796,0.8507699511726182,spec_extended_3,Mixed Outcome,,0.036 (0.193),mixed,Mixed Outcome,expand,mixed
v2jupack_lag1,0.5690310345854016,Contracts Expression,Contracts Expression,0.2398947754608474,0.0176919655260685,spec_extended_3,Mixed Outcome,**,0.569** (0.24),mixed,Mixed Outcome,contract,mixed
v2jupack_lag1,0.3129303423374125,Expands Expression,Expands Expression,0.2083852663485546,0.1331768507754247,spec_extended_3,Mixed Outcome,,0.313 (0.208),mixed,Mixed Outcome,expand,mixed
v2x_polyarchy_lag1,-7.0509334974598765,Contracts Expression,Contracts Expression,1.7728464667840174,6.973671700498168e-05,spec_extended_3,Mixed Outcome,***,-7.051*** (1.773),mixed,Mixed Outcome,contract,mixed
v2x_polyarchy_lag1,-3.220782418479518,Expands Expression,Expands Expression,1.2624507078391611,0.0107348267450355,spec_extended_3,Mixed Outcome,**,-3.221** (1.262),mixed,Mixed Outcome,expand,mixed
v2jureview_lag1,-0.4727265098843764,Contracts Expression,Contracts Expression,0.3824374629000696,0.2164257079166209,spec_extended_3,Mixed Outcome,,-0.473 (0.382),mixed,Mixed Outcome,contract,mixed
v2jureview_lag1,0.4306942616649369,Expands Expression,Expands Expression,0.3603500791586856,0.2320047284701243,spec_extended_3,Mixed Outcome,,0.431 (0.36),mixed,Mixed Outcome,expand,mixed
legal_common,0.6217378676154867,Contracts Expression,Contracts Expression,0.4796281711415156,0.1948751145272613,spec_extended_3,Mixed Outcome,,0.622 (0.48),mixed,Mixed Outcome,contract,mixed
legal_common,-1.1659874834019093,Expands Expression,Expands Expression,0.3921880493692041,0.0029487404367603,spec_extended_3,Mixed Outcome,***,-1.166*** (0.392),mixed,Mixed Outcome,expand,mixed
legal_civil,0.3830127316648025,Contracts Expression,Contracts Expression,0.4254584725838103,0.3679950492852865,spec_extended_3,Mixed Outcome,,0.383 (0.425),mixed,Mixed Outcome,contract,mixed
legal_civil,-0.0398937387817302,Expands Expression,Expands Expression,0.3755106836854379,0.915393025864636,spec_extended_3,Mixed Outcome,,-0.04 (0.376),mixed,Mixed Outcome,expand,mixed
high_court,-0.4015333844143729,Contracts Expression,Contracts Expression,0.2664036841264818,0.1317500206541133,spec_extended_3,Mixed Outcome,,-0.402 (0.266),mixed,Mixed Outcome,contract,mixed
high_court,0.0195375486143134,Expands Expression,Expands Expression,0.1399652720829012,0.8889850921445993,spec_extended_3,Mixed Outcome,,0.02 (0.14),mixed,Mixed Outcome,expand,mixed
j_ind_lag1,0.1957178746916428,Contracts Expression,Contracts Expression,0.2637107528572266,0.457985111502548,spec_extended_3,Mixed Outcome,,0.196 (0.264),mixed,Mixed Outcome,contract,mixed
j_ind_lag1,0.3573531934252298,Expands Expression,Expands Expression,0.2024188614952268,0.0774941279834638,spec_extended_3,Mixed Outcome,*,0.357* (0.202),mixed,Mixed Outcome,expand,mixed
wdj_expression_lag1,0.4538852881578795,Contracts Expression,Contracts Expression,0.3945948891444857,0.2500382915814338,spec_extended_3_spline,Mixed Outcome,,0.454 (0.395),mixed,Mixed Outcome,contract,mixed
wdj_expression_lag1,0.1861937926606736,Expands Expression,Expands Expression,0.2859413172484201,0.5149426563594852,spec_extended_3_spline,Mixed Outcome,,0.186 (0.286),mixed,Mixed Outcome,expand,mixed
v2jupack_lag1,0.5215069101238727,Contracts Expression,Contracts Expression,0.2275184671282037,0.0218968734829912,spec_extended_3_spline,Mixed Outcome,**,0.522** (0.228),mixed,Mixed Outcome,contract,mixed
v2jupack_lag1,0.2821526800324685,Expands Expression,Expands Expression,0.2089760641263588,0.1769622759248653,spec_extended_3_spline,Mixed Outcome,,0.282 (0.209),mixed,Mixed Outcome,expand,mixed
v2x_polyarchy_lag1,-6.277015614639558,Contracts Expression,Contracts Expression,1.741475512319833,0.0003128463329764,spec_extended_3_spline,Mixed Outcome,***,-6.277*** (1.741),mixed,Mixed Outcome,contract,mixed
v2x_polyarchy_lag1,-2.8114520851539795,Expands Expression,Expands Expression,1.2952805028552066,0.0299663156867348,spec_extended_3_spline,Mixed Outcome,**,-2.811** (1.295),mixed,Mixed Outcome,expand,mixed
v2jureview_lag1,-0.4545115304542324,Contracts Expression,Contracts Expression,0.3765358971526365,0.2273986981149031,spec_extended_3_spline,Mixed Outcome,,-0.455 (0.377),mixed,Mixed Outcome,contract,mixed
v2jureview_lag1,0.4045960355089275,Expands Expression,Expands Expression,0.3535625295157367,0.2524823201081478,spec_extended_3_spline,Mixed Outcome,,0.405 (0.354),mixed,Mixed Outcome,expand,mixed
legal_common,0.437099748903233,Contracts Expression,Contracts Expression,0.4731327524265131,0.3555687597242424,spec_extended_3_spline,Mixed Outcome,,0.437 (0.473),mixed,Mixed Outcome,contract,mixed
legal_common,-1.3028869170962687,Expands Expression,Expands Expression,0.3769691191708837,0.00054781498054,spec_extended_3_spline,Mixed Outcome,***,-1.303*** (0.377),mixed,Mixed Outcome,expand,mixed
legal_civil,0.3469727925081782,Contracts Expression,Contracts Expression,0.416845723110697,0.4051961801492807,spec_extended_3_spline,Mixed Outcome,,0.347 (0.417),mixed,Mixed Outcome,contract,mixed
legal_civil,-0.0584490246970934,Expands Expression,Expands Expression,0.3768578395847911,0.8767458840650825,spec_extended_3_spline,Mixed Outcome,,-0.058 (0.377),mixed,Mixed Outcome,expand,mixed
high_court,-0.4472562272412266,Contracts Expression,Contracts Expression,0.2790543549990945,0.1089883877842714,spec_extended_3_spline,Mixed Outcome,,-0.447 (0.279),mixed,Mixed Outcome,contract,mixed
high_court,-0.1347423515547787,Expands Expression,Expands Expression,0.1709301144555403,0.4305276032202748,spec_extended_3_spline,Mixed Outcome,,-0.135 (0.171),mixed,Mixed Outcome,expand,mixed
j_ind_lag1,0.1158910754073186,Contracts Expression,Contracts Expression,0.2810590897716257,0.6800923974425246,spec_extended_3_spline,Mixed Outcome,,0.116 (0.281),mixed,Mixed Outcome,contract,mixed
j_ind_lag1,0.3276029651585662,Expands Expression,Expands Expression,0.2063349641540721,0.1123487739305293,spec_extended_3_spline,Mixed Outcome,,0.328 (0.206),mixed,Mixed Outcome,expand,mixed
v2x_polyarchy_lag1,201.35091470591732,Contracts Expression,Contracts Expression,174.55801717508666,0.2487093491809389,spec_extended_3_spline_interact,Mixed Outcome,,201.351 (174.558),mixed,Mixed Outcome,contract,mixed
v2x_polyarchy_lag1,17.940666165432482,Expands Expression,Expands Expression,96.85846367168732,0.8530520977534428,spec_extended_3_spline_interact,Mixed Outcome,,17.941 (96.858),mixed,Mixed Outcome,expand,mixed
wdj_expression_lag1,0.5974517859875874,Contracts Expression,Contracts Expression,0.4897595627092678,0.222507356711175,spec_extended_3_spline_interact,Mixed Outcome,,0.597 (0.49),mixed,Mixed Outcome,contract,mixed
wdj_expression_lag1,0.3130596634945554,Expands Expression,Expands Expression,0.2916576291904398,0.283100350618803,spec_extended_3_spline_interact,Mixed Outcome,,0.313 (0.292),mixed,Mixed Outcome,expand,mixed
v2jupack_lag1,0.5912447983514443,Contracts Expression,Contracts Expression,0.2364685794974563,0.0124084607459622,spec_extended_3_spline_interact,Mixed Outcome,**,0.591** (0.236),mixed,Mixed Outcome,contract,mixed
v2jupack_lag1,0.2950264326467531,Expands Expression,Expands Expression,0.2147322828768243,0.169464416704174,spec_extended_3_spline_interact,Mixed Outcome,,0.295 (0.215),mixed,Mixed Outcome,expand,mixed
v2jureview_lag1,-0.3668779109593265,Contracts Expression,Contracts Expression,0.3804228684155211,0.3348479296712213,spec_extended_3_spline_interact,Mixed Outcome,,-0.367 (0.38),mixed,Mixed Outcome,contract,mixed
v2jureview_lag1,0.5543544510681249,Expands Expression,Expands Expression,0.3607556947763312,0.1243795761004746,spec_extended_3_spline_interact,Mixed Outcome,,0.554 (0.361),mixed,Mixed Outcome,expand,mixed
legal_common,0.3698839046046794,Contracts Expression,Contracts Expression,0.4663376641595968,0.4276802083087834,spec_extended_3_spline_interact,Mixed Outcome,,0.37 (0.466),mixed,Mixed Outcome,contract,mixed
legal_common,-1.3999058119244288,Expands Expression,Expands Expression,0.3836103796689536,0.0002629653366216,spec_extended_3_spline_interact,Mixed Outcome,***,-1.4*** (0.384),mixed,Mixed Outcome,expand,mixed
legal_civil,0.3632639547893582,Contracts Expression,Contracts Expression,0.4281383017114148,0.3961743877326175,spec_extended_3_spline_interact,Mixed Outcome,,0.363 (0.428),mixed,Mixed Outcome,contract,mixed
legal_civil,-0.0091686158335174,Expands Expression,Expands Expression,0.4094156215521787,0.9821333500388733,spec_extended_3_spline_interact,Mixed Outcome,,-0.009 (0.409),mixed,Mixed Outcome,expand,mixed
high_court,-0.3925664414726754,Contracts Expression,Contracts Expression,0.2806768104077996,0.1619202943944194,spec_extended_3_spline_interact,Mixed Outcome,,-0.393 (0.281),mixed,Mixed Outcome,contract,mixed
high_court,-0.1283509444114395,Expands Expression,Expands Expression,0.1719975393465153,0.4555242023974781,spec_extended_3_spline_interact,Mixed Outcome,,-0.128 (0.172),mixed,Mixed Outcome,expand,mixed
j_ind_lag1,0.1311049209603155,Contracts Expression,Contracts Expression,0.2734941187581466,0.6316753140432816,spec_extended_3_spline_interact,Mixed Outcome,,0.131 (0.273),mixed,Mixed Outcome,contract,mixed
j_ind_lag1,0.3540553237262357,Expands Expression,Expands Expression,0.2123549135192028,0.0954585324153193,spec_extended_3_spline_interact,Mixed Outcome,*,0.354* (0.212),mixed,Mixed Outcome,expand,mixed
wdj_citizen_lag1,0.8546583154292553,Contracts Expression,Contracts Expression,0.6345805385187361,0.178041991479583,spec_c_pack,Mixed Outcome,,0.855 (0.635),mixed,Mixed Outcome,contract,mixed
wdj_citizen_lag1,0.583054339636806,Expands Expression,Expands Expression,0.4128436753530372,0.157865056336888,spec_c_pack,Mixed Outcome,,0.583 (0.413),mixed,Mixed Outcome,expand,mixed
v2jupack_lag1,0.4876853824954493,Contracts Expression,Contracts Expression,0.2493449147892553,0.0504808746793677,spec_c_pack,Mixed Outcome,*,0.488* (0.249),mixed,Mixed Outcome,contract,mixed
v2jupack_lag1,0.2524319764483977,Expands Expression,Expands Expression,0.2215758604695448,0.2545957397846751,spec_c_pack,Mixed Outcome,,0.252 (0.222),mixed,Mixed Outcome,expand,mixed
v2x_polyarchy_lag1,-7.0008296035909146,Contracts Expression,Contracts Expression,1.7748777967462008,7.99997230160744e-05,spec_c_pack,Mixed Outcome,***,-7.001*** (1.775),mixed,Mixed Outcome,contract,mixed
v2x_polyarchy_lag1,-3.1192398796256606,Expands Expression,Expands Expression,1.242755459322294,0.0120752160458212,spec_c_pack,Mixed Outcome,**,-3.119** (1.243),mixed,Mixed Outcome,expand,mixed
v2jureview_lag1,-0.4172666086102284,Contracts Expression,Contracts Expression,0.3557931649580659,0.2408846034381176,spec_c_pack,Mixed Outcome,,-0.417 (0.356),mixed,Mixed Outcome,contract,mixed
v2jureview_lag1,0.4505463974349574,Expands Expression,Expands Expression,0.3593409779853778,0.2099099750201881,spec_c_pack,Mixed Outcome,,0.451 (0.359),mixed,Mixed Outcome,expand,mixed
legal_common,0.7387188503933981,Contracts Expression,Contracts Expression,0.4894647948778785,0.1312379817169372,spec_c_pack,Mixed Outcome,,0.739 (0.489),mixed,Mixed Outcome,contract,mixed
legal_common,-1.126627423330141,Expands Expression,Expands Expression,0.3854572370395008,0.00346861658384,spec_c_pack,Mixed Outcome,***,-1.127*** (0.385),mixed,Mixed Outcome,expand,mixed
legal_civil,0.2125928063780119,Contracts Expression,Contracts Expression,0.4252784172797259,0.6171519074645806,spec_c_pack,Mixed Outcome,,0.213 (0.425),mixed,Mixed Outcome,contract,mixed
legal_civil,-0.2054105319107342,Expands Expression,Expands Expression,0.3578241752746413,0.5659310089853304,spec_c_pack,Mixed Outcome,,-0.205 (0.358),mixed,Mixed Outcome,expand,mixed
high_court,-0.4474218839090816,Contracts Expression,Contracts Expression,0.2662775222447202,0.092902055254324,spec_c_pack,Mixed Outcome,*,-0.447* (0.266),mixed,Mixed Outcome,contract,mixed
high_court,0.0015124524992034,Expands Expression,Expands Expression,0.1308167114832477,0.9907753711275064,spec_c_pack,Mixed Outcome,,0.002 (0.131),mixed,Mixed Outcome,expand,mixed
j_ind_lag1,0.2475993813871608,Contracts Expression,Contracts Expression,0.2482796378925606,0.3186382659964428,spec_c_pack,Mixed Outcome,,0.248 (0.248),mixed,Mixed Outcome,contract,mixed
j_ind_lag1,0.3912069175629001,Expands Expression,Expands Expression,0.1890892247365651,0.0385553621448646,spec_c_pack,Mixed Outcome,**,0.391** (0.189),mixed,Mixed Outcome,expand,mixed
wdj_intermediaries_lag1,0.1382798654836428,Contracts Expression,Contracts Expression,0.960761869524412,0.885557874834833,spec_im_pack,Mixed Outcome,,0.138 (0.961),mixed,Mixed Outcome,contract,mixed
wdj_intermediaries_lag1,-0.6238557497728229,Expands Expression,Expands Expression,0.5421941450933306,0.2498913928939747,spec_im_pack,Mixed Outcome,,-0.624 (0.542),mixed,Mixed Outcome,expand,mixed
v2jupack_lag1,0.5634140746584132,Contracts Expression,Contracts Expression,0.2435157661111814,0.020686066938793,spec_im_pack,Mixed Outcome,**,0.563** (0.244),mixed,Mixed Outcome,contract,mixed
v2jupack_lag1,0.3495094232788053,Expands Expression,Expands Expression,0.2039906460024856,0.0866463213129226,spec_im_pack,Mixed Outcome,*,0.35* (0.204),mixed,Mixed Outcome,expand,mixed
v2x_polyarchy_lag1,-7.23192242194642,Contracts Expression,Contracts Expression,1.7942113847988972,5.561169929550833e-05,spec_im_pack,Mixed Outcome,***,-7.232*** (1.794),mixed,Mixed Outcome,contract,mixed
v2x_polyarchy_lag1,-3.3542267001698005,Expands Expression,Expands Expression,1.2550255639224768,0.007525782669102,spec_im_pack,Mixed Outcome,***,-3.354*** (1.255),mixed,Mixed Outcome,expand,mixed
v2jureview_lag1,-0.4515452359410684,Contracts Expression,Contracts Expression,0.3770842480507847,0.2311253132666455,spec_im_pack,Mixed Outcome,,-0.452 (0.377),mixed,Mixed Outcome,contract,mixed
v2jureview_lag1,0.4256311031177492,Expands Expression,Expands Expression,0.3705196031426063,0.2506627456026318,spec_im_pack,Mixed Outcome,,0.426 (0.371),mixed,Mixed Outcome,expand,mixed
legal_common,0.6965010607759535,Contracts Expression,Contracts Expression,0.517561829799117,0.1783879997050308,spec_im_pack,Mixed Outcome,,0.697 (0.518),mixed,Mixed Outcome,contract,mixed
legal_common,-1.2170116733362255,Expands Expression,Expands Expression,0.3960122858308237,0.0021180030936959,spec_im_pack,Mixed Outcome,***,-1.217*** (0.396),mixed,Mixed Outcome,expand,mixed
legal_civil,0.4810641834481931,Contracts Expression,Contracts Expression,0.4770408694394387,0.3132462063975377,spec_im_pack,Mixed Outcome,,0.481 (0.477),mixed,Mixed Outcome,contract,mixed
legal_civil,0.1562453514324727,Expands Expression,Expands Expression,0.3896119738906649,0.688399432119505,spec_im_pack,Mixed Outcome,,0.156 (0.39),mixed,Mixed Outcome,expand,mixed
high_court,-0.4386589102168414,Contracts Expression,Contracts Expression,0.2671099120493992,0.1005400214857798,spec_im_pack,Mixed Outcome,,-0.439 (0.267),mixed,Mixed Outcome,contract,mixed
high_court,0.0049009411775238,Expands Expression,Expands Expression,0.1386530759831727,0.9718032134943552,spec_im_pack,Mixed Outcome,,0.005 (0.139),mixed,Mixed Outcome,expand,mixed
j_ind_lag1,0.2284035399835502,Contracts Expression,Contracts Expression,0.2533408944701441,0.36728745249348,spec_im_pack,Mixed Outcome,,0.228 (0.253),mixed,Mixed Outcome,contract,mixed
j_ind_lag1,0.3600411865587403,Expands Expression,Expands Expression,0.1881047911978534,0.0556143032580827,spec_im_pack,Mixed Outcome,*,0.36* (0.188),mixed,Mixed Outcome,expand,mixed
wdj_press_lag1,1.4396373832813267,Contracts Expression,Contracts Expression,0.6735910203213534,0.0325770628288047,spec_p_pack,Mixed Outcome,**,1.44** (0.674),mixed,Mixed Outcome,contract,mixed
wdj_press_lag1,0.9305957423157644,Expands Expression,Expands Expression,0.4323139724324298,0.0313507316647586,spec_p_pack,Mixed Outcome,**,0.931** (0.432),mixed,Mixed Outcome,expand,mixed
v2jupack_lag1,0.4864104469313355,Contracts Expression,Contracts Expression,0.2392190475793699,0.0420195399153726,spec_p_pack,Mixed Outcome,**,0.486** (0.239),mixed,Mixed Outcome,contract,mixed
v2jupack_lag1,0.2488799652581569,Expands Expression,Expands Expression,0.2106280999222899,0.2373610565594411,spec_p_pack,Mixed Outcome,,0.249 (0.211),mixed,Mixed Outcome,expand,mixed
v2x_polyarchy_lag1,-7.313539037425714,Contracts Expression,Contracts Expression,1.6915356417191785,1.5349711556165645e-05,spec_p_pack,Mixed Outcome,***,-7.314*** (1.692),mixed,Mixed Outcome,contract,mixed
v2x_polyarchy_lag1,-3.3013378168907286,Expands Expression,Expands Expression,1.1368320962121463,0.0036845154474119,spec_p_pack,Mixed Outcome,***,-3.301*** (1.137),mixed,Mixed Outcome,expand,mixed
v2jureview_lag1,-0.4908239353031373,Contracts Expression,Contracts Expression,0.3882180773691923,0.2061225358765966,spec_p_pack,Mixed Outcome,,-0.491 (0.388),mixed,Mixed Outcome,contract,mixed
v2jureview_lag1,0.4268195816204036,Expands Expression,Expands Expression,0.3538247044957096,0.2277009219813898,spec_p_pack,Mixed Outcome,,0.427 (0.354),mixed,Mixed Outcome,expand,mixed
legal_common,0.8612580098004221,Contracts Expression,Contracts Expression,0.4615365747179201,0.0620320412103396,spec_p_pack,Mixed Outcome,*,0.861* (0.462),mixed,Mixed Outcome,contract,mixed
legal_common,-1.0511474039573412,Expands Expression,Expands Expression,0.3777556861047809,0.0053923294552122,spec_p_pack,Mixed Outcome,***,-1.051*** (0.378),mixed,Mixed Outcome,expand,mixed
legal_civil,0.2273797617953259,Contracts Expression,Contracts Expression,0.4207226213403836,0.5888863716242199,spec_p_pack,Mixed Outcome,,0.227 (0.421),mixed,Mixed Outcome,contract,mixed
legal_civil,-0.18219323139324,Expands Expression,Expands Expression,0.3364085193675915,0.5881056084220895,spec_p_pack,Mixed Outcome,,-0.182 (0.336),mixed,Mixed Outcome,expand,mixed
high_court,-0.4632157093648856,Contracts Expression,Contracts Expression,0.2707700420890886,0.0871300971140892,spec_p_pack,Mixed Outcome,*,-0.463* (0.271),mixed,Mixed Outcome,contract,mixed
high_court,-0.0056567082654004,Expands Expression,Expands Expression,0.132207670445234,0.9658716967899004,spec_p_pack,Mixed Outcome,,-0.006 (0.132),mixed,Mixed Outcome,expand,mixed
j_ind_lag1,0.2401295777405739,Contracts Expression,Contracts Expression,0.246226563607194,0.3294420630674441,spec_p_pack,Mixed Outcome,,0.24 (0.246),mixed,Mixed Outcome,contract,mixed
j_ind_lag1,0.376981098659249,Expands Expression,Expands Expression,0.1769499164795011,0.0331353423441594,spec_p_pack,Mixed Outcome,**,0.377** (0.177),mixed,Mixed Outcome,expand,mixed
wdj_govprot_lag1,0.2479254704863588,Contracts Expression,Contracts Expression,0.2648711158740303,0.3492613186140596,spec_govprot_pack,Mixed Outcome,,0.248 (0.265),mixed,Mixed Outcome,contract,mixed
wdj_govprot_lag1,0.0725394852339315,Expands Expression,Expands Expression,0.2198904404321297,0.7414836713852686,spec_govprot_pack,Mixed Outcome,,0.073 (0.22),mixed,Mixed Outcome,expand,mixed
v2jupack_lag1,0.5658126010818518,Contracts Expression,Contracts Expression,0.2433326941195723,0.0200578815270154,spec_govprot_pack,Mixed Outcome,**,0.566** (0.243),mixed,Mixed Outcome,contract,mixed
v2jupack_lag1,0.3131382213205982,Expands Expression,Expands Expression,0.2119444793781721,0.1395539770821433,spec_govprot_pack,Mixed Outcome,,0.313 (0.212),mixed,Mixed Outcome,expand,mixed
v2x_polyarchy_lag1,-6.98449489373243,Contracts Expression,Contracts Expression,1.8180495187714387,0.0001221593626028,spec_govprot_pack,Mixed Outcome,***,-6.984*** (1.818),mixed,Mixed Outcome,contract,mixed
v2x_polyarchy_lag1,-3.182520452767535,Expands Expression,Expands Expression,1.2897418686721236,0.0136035945568715,spec_govprot_pack,Mixed Outcome,**,-3.183** (1.29),mixed,Mixed Outcome,expand,mixed
v2jureview_lag1,-0.4795912059827242,Contracts Expression,Contracts Expression,0.3829517555113189,0.2104408590871662,spec_govprot_pack,Mixed Outcome,,-0.48 (0.383),mixed,Mixed Outcome,contract,mixed
v2jureview_lag1,0.4244376302311981,Expands Expression,Expands Expression,0.3551009927227292,0.231985883269689,spec_govprot_pack,Mixed Outcome,,0.424 (0.355),mixed,Mixed Outcome,expand,mixed
legal_common,0.6302748293249889,Contracts Expression,Contracts Expression,0.4851240963187967,0.1938741675579628,spec_govprot_pack,Mixed Outcome,,0.63 (0.485),mixed,Mixed Outcome,contract,mixed
legal_common,-1.1641115851449206,Expands Expression,Expands Expression,0.3829692790728842,0.0023681418124867,spec_govprot_pack,Mixed Outcome,***,-1.164*** (0.383),mixed,Mixed Outcome,expand,mixed
legal_civil,0.3870871135798088,Contracts Expression,Contracts Expression,0.4312027603223488,0.3693499670275005,spec_govprot_pack,Mixed Outcome,,0.387 (0.431),mixed,Mixed Outcome,contract,mixed
legal_civil,-0.0482961558293311,Expands Expression,Expands Expression,0.3799541646021218,0.8988529577629,spec_govprot_pack,Mixed Outcome,,-0.048 (0.38),mixed,Mixed Outcome,expand,mixed
high_court,-0.3911044429560362,Contracts Expression,Contracts Expression,0.26675170626334,0.1426008625439926,spec_govprot_pack,Mixed Outcome,,-0.391 (0.267),mixed,Mixed Outcome,contract,mixed
high_court,0.0254483125884472,Expands Expression,Expands Expression,0.1469442938842106,0.8625072704926143,spec_govprot_pack,Mixed Outcome,,0.025 (0.147),mixed,Mixed Outcome,expand,mixed
j_ind_lag1,0.1740148980432626,Contracts Expression,Contracts Expression,0.2821033093603575,0.537334904324289,spec_govprot_pack,Mixed Outcome,,0.174 (0.282),mixed,Mixed Outcome,contract,mixed
j_ind_lag1,0.3476866714639907,Expands Expression,Expands Expression,0.214161158636305,0.1044865225337394,spec_govprot_pack,Mixed Outcome,,0.348 (0.214),mixed,Mixed Outcome,expand,mixed
wdj_citizen_lag1,0.945346847186608,Contracts Expression,Contracts Expression,0.6425469799167708,0.1412236868019552,spec_c_reform,Mixed Outcome,,0.945 (0.643),mixed,Mixed Outcome,contract,mixed
wdj_citizen_lag1,0.6798592647024169,Expands Expression,Expands Expression,0.4137380693909741,0.100339125810311,spec_c_reform,Mixed Outcome,,0.68 (0.414),mixed,Mixed Outcome,expand,mixed
v2jureform_lag1,0.1734224954535173,Contracts Expression,Contracts Expression,0.2330233423576214,0.4567385528043258,spec_c_reform,Mixed Outcome,,0.173 (0.233),mixed,Mixed Outcome,contract,mixed
v2jureform_lag1,-0.1542144453344391,Expands Expression,Expands Expression,0.1669823340699973,0.3557271736589871,spec_c_reform,Mixed Outcome,,-0.154 (0.167),mixed,Mixed Outcome,expand,mixed
v2x_polyarchy_lag1,-5.359902058755802,Contracts Expression,Contracts Expression,1.3409049476005237,6.408871611369455e-05,spec_c_reform,Mixed Outcome,***,-5.36*** (1.341),mixed,Mixed Outcome,contract,mixed
v2x_polyarchy_lag1,-1.7862228364897823,Expands Expression,Expands Expression,0.7888218712939947,0.0235483873533296,spec_c_reform,Mixed Outcome,**,-1.786** (0.789),mixed,Mixed Outcome,expand,mixed
v2jureview_lag1,-0.330888410039689,Contracts Expression,Contracts Expression,0.3413985415915019,0.3324381877917101,spec_c_reform,Mixed Outcome,,-0.331 (0.341),mixed,Mixed Outcome,contract,mixed
v2jureview_lag1,0.4589267893242368,Expands Expression,Expands Expression,0.3589113750922406,0.2010156623937351,spec_c_reform,Mixed Outcome,,0.459 (0.359),mixed,Mixed Outcome,expand,mixed
legal_common,0.9518746979790244,Contracts Expression,Contracts Expression,0.5218581026504467,0.0681504734907919,spec_c_reform,Mixed Outcome,*,0.952* (0.522),mixed,Mixed Outcome,contract,mixed
legal_common,-1.2873286169669345,Expands Expression,Expands Expression,0.4448637338885893,0.0038065970724804,spec_c_reform,Mixed Outcome,***,-1.287*** (0.445),mixed,Mixed Outcome,expand,mixed
legal_civil,0.1498633790483307,Contracts Expression,Contracts Expression,0.4443349900834586,0.7359091029679288,spec_c_reform,Mixed Outcome,,0.15 (0.444),mixed,Mixed Outcome,contract,mixed
legal_civil,-0.5086711653998177,Expands Expression,Expands Expression,0.3095301352353485,0.1003073204005331,spec_c_reform,Mixed Outcome,,-0.509 (0.31),mixed,Mixed Outcome,expand,mixed
high_court,-0.4785662243510089,Contracts Expression,Contracts Expression,0.2858631214786232,0.0941090418871009,spec_c_reform,Mixed Outcome,*,-0.479* (0.286),mixed,Mixed Outcome,contract,mixed
high_court,-0.0475826340684448,Expands Expression,Expands Expression,0.1411333991399911,0.7360064519145166,spec_c_reform,Mixed Outcome,,-0.048 (0.141),mixed,Mixed Outcome,expand,mixed
j_ind_lag1,0.1789691457134348,Contracts Expression,Contracts Expression,0.2399149679821567,0.4556860990096394,spec_c_reform,Mixed Outcome,,0.179 (0.24),mixed,Mixed Outcome,contract,mixed
j_ind_lag1,0.4118932829328606,Expands Expression,Expands Expression,0.1837584002584276,0.024994117935515,spec_c_reform,Mixed Outcome,**,0.412** (0.184),mixed,Mixed Outcome,expand,mixed
wdj_intermediaries_lag1,0.3776526630740161,Contracts Expression,Contracts Expression,0.9504026958447784,0.6911015052994267,spec_im_reform,Mixed Outcome,,0.378 (0.95),mixed,Mixed Outcome,contract,mixed
wdj_intermediaries_lag1,-0.4228919651524208,Expands Expression,Expands Expression,0.5721735396695323,0.459847866535108,spec_im_reform,Mixed Outcome,,-0.423 (0.572),mixed,Mixed Outcome,expand,mixed
v2jureform_lag1,0.1767969582281194,Contracts Expression,Contracts Expression,0.2496959710864029,0.4789148896722844,spec_im_reform,Mixed Outcome,,0.177 (0.25),mixed,Mixed Outcome,contract,mixed
v2jureform_lag1,-0.1474136236269372,Expands Expression,Expands Expression,0.1831406828595648,0.4208657669684701,spec_im_reform,Mixed Outcome,,-0.147 (0.183),mixed,Mixed Outcome,expand,mixed
v2x_polyarchy_lag1,-5.365516790637908,Contracts Expression,Contracts Expression,1.37982098701794,0.000100840714667,spec_im_reform,Mixed Outcome,***,-5.366*** (1.38),mixed,Mixed Outcome,contract,mixed
v2x_polyarchy_lag1,-1.7052074981772882,Expands Expression,Expands Expression,0.8030203328233109,0.0337126195669278,spec_im_reform,Mixed Outcome,**,-1.705** (0.803),mixed,Mixed Outcome,expand,mixed
v2jureview_lag1,-0.3534549986919666,Contracts Expression,Contracts Expression,0.3604013547548865,0.3267278518695943,spec_im_reform,Mixed Outcome,,-0.353 (0.36),mixed,Mixed Outcome,contract,mixed
v2jureview_lag1,0.4466992697739227,Expands Expression,Expands Expression,0.3651054833962865,0.2211484402646218,spec_im_reform,Mixed Outcome,,0.447 (0.365),mixed,Mixed Outcome,expand,mixed
legal_common,0.9157252699148348,Contracts Expression,Contracts Expression,0.5547148507030427,0.0987786857730266,spec_im_reform,Mixed Outcome,*,0.916* (0.555),mixed,Mixed Outcome,contract,mixed
legal_common,-1.3697867074515788,Expands Expression,Expands Expression,0.4428865932221496,0.0019823690869128,spec_im_reform,Mixed Outcome,***,-1.37*** (0.443),mixed,Mixed Outcome,expand,mixed
legal_civil,0.3744544971083555,Contracts Expression,Contracts Expression,0.4982131315411097,0.45229465290075,spec_im_reform,Mixed Outcome,,0.374 (0.498),mixed,Mixed Outcome,contract,mixed
legal_civil,-0.1892254580537757,Expands Expression,Expands Expression,0.3669359628026961,0.6060704614556595,spec_im_reform,Mixed Outcome,,-0.189 (0.367),mixed,Mixed Outcome,expand,mixed
high_court,-0.4693939361040254,Contracts Expression,Contracts Expression,0.2891906220365347,0.1045616459965204,spec_im_reform,Mixed Outcome,,-0.469 (0.289),mixed,Mixed Outcome,contract,mixed
high_court,-0.0490383423774149,Expands Expression,Expands Expression,0.1452467621700564,0.7356488911569498,spec_im_reform,Mixed Outcome,,-0.049 (0.145),mixed,Mixed Outcome,expand,mixed
j_ind_lag1,0.1751669587377528,Contracts Expression,Contracts Expression,0.2554912452006827,0.4929600463027003,spec_im_reform,Mixed Outcome,,0.175 (0.255),mixed,Mixed Outcome,contract,mixed
j_ind_lag1,0.3897799236027358,Expands Expression,Expands Expression,0.1944597492713762,0.0450245861770831,spec_im_reform,Mixed Outcome,**,0.39** (0.194),mixed,Mixed Outcome,expand,mixed
wdj_press_lag1,1.6167296259429953,Contracts Expression,Contracts Expression,0.5603815305745938,0.0039134952459869,spec_p_reform,Mixed Outcome,***,1.617*** (0.56),mixed,Mixed Outcome,contract,mixed
wdj_press_lag1,1.0395587201195688,Expands Expression,Expands Expression,0.3526696145713631,0.0032016374358414,spec_p_reform,Mixed Outcome,***,1.04*** (0.353),mixed,Mixed Outcome,expand,mixed
v2jureform_lag1,0.1991023124642195,Contracts Expression,Contracts Expression,0.2351010230215216,0.3970621106406172,spec_p_reform,Mixed Outcome,,0.199 (0.235),mixed,Mixed Outcome,contract,mixed
v2jureform_lag1,-0.1323458498288991,Expands Expression,Expands Expression,0.1741780133664941,0.4473556248067548,spec_p_reform,Mixed Outcome,,-0.132 (0.174),mixed,Mixed Outcome,expand,mixed
v2x_polyarchy_lag1,-5.755065374621587,Contracts Expression,Contracts Expression,1.289295062025401,8.054495492134225e-06,spec_p_reform,Mixed Outcome,***,-5.755*** (1.289),mixed,Mixed Outcome,contract,mixed
v2x_polyarchy_lag1,-2.0358742854423797,Expands Expression,Expands Expression,0.7833497522121361,0.0093513757778725,spec_p_reform,Mixed Outcome,***,-2.036*** (0.783),mixed,Mixed Outcome,expand,mixed
v2jureview_lag1,-0.4138013927526796,Contracts Expression,Contracts Expression,0.3774638784852404,0.2729617157115508,spec_p_reform,Mixed Outcome,,-0.414 (0.377),mixed,Mixed Outcome,contract,mixed
v2jureview_lag1,0.42849194177542,Expands Expression,Expands Expression,0.3532608594500007,0.2251444108230884,spec_p_reform,Mixed Outcome,,0.428 (0.353),mixed,Mixed Outcome,expand,mixed
legal_common,1.1122938069217136,Contracts Expression,Contracts Expression,0.5298515213256095,0.0357943695177966,spec_p_reform,Mixed Outcome,**,1.112** (0.53),mixed,Mixed Outcome,contract,mixed
legal_common,-1.1883900901639388,Expands Expression,Expands Expression,0.4565396428215557,0.0092401681065219,spec_p_reform,Mixed Outcome,***,-1.188*** (0.457),mixed,Mixed Outcome,expand,mixed
legal_civil,0.1861372747458099,Contracts Expression,Contracts Expression,0.4486222391394279,0.6782087330376563,spec_p_reform,Mixed Outcome,,0.186 (0.449),mixed,Mixed Outcome,contract,mixed
legal_civil,-0.4632813896958983,Expands Expression,Expands Expression,0.3183406435200331,0.145586008308294,spec_p_reform,Mixed Outcome,,-0.463 (0.318),mixed,Mixed Outcome,expand,mixed
high_court,-0.4876144616210777,Contracts Expression,Contracts Expression,0.2860325449062837,0.0882407467390401,spec_p_reform,Mixed Outcome,*,-0.488* (0.286),mixed,Mixed Outcome,contract,mixed
high_court,-0.0503848915820604,Expands Expression,Expands Expression,0.1414600943323555,0.7217077000137282,spec_p_reform,Mixed Outcome,,-0.05 (0.141),mixed,Mixed Outcome,expand,mixed
j_ind_lag1,0.1641483614499002,Contracts Expression,Contracts Expression,0.237091392453501,0.4887224938063891,spec_p_reform,Mixed Outcome,,0.164 (0.237),mixed,Mixed Outcome,contract,mixed
j_ind_lag1,0.3895432382533085,Expands Expression,Expands Expression,0.173253644305784,0.0245507891822896,spec_p_reform,Mixed Outcome,**,0.39** (0.173),mixed,Mixed Outcome,expand,mixed
wdj_govprot_lag1,0.2127637284607227,Contracts Expression,Contracts Expression,0.3176235238185874,0.5029461680533729,spec_govprot_reform,Mixed Outcome,,0.213 (0.318),mixed,Mixed Outcome,contract,mixed
wdj_govprot_lag1,0.0574512238153112,Expands Expression,Expands Expression,0.2542476353491549,0.8212281622961891,spec_govprot_reform,Mixed Outcome,,0.057 (0.254),mixed,Mixed Outcome,expand,mixed
v2jureform_lag1,0.1846138792977687,Contracts Expression,Contracts Expression,0.2476653468690806,0.4560198666039869,spec_govprot_reform,Mixed Outcome,,0.185 (0.248),mixed,Mixed Outcome,contract,mixed
v2jureform_lag1,-0.1509964990084809,Expands Expression,Expands Expression,0.1832427226772391,0.4099256183281903,spec_govprot_reform,Mixed Outcome,,-0.151 (0.183),mixed,Mixed Outcome,expand,mixed
v2x_polyarchy_lag1,-5.096674954105114,Contracts Expression,Contracts Expression,1.4483268308157704,0.0004331622367068,spec_govprot_reform,Mixed Outcome,***,-5.097*** (1.448),mixed,Mixed Outcome,contract,mixed
v2x_polyarchy_lag1,-1.637558439036099,Expands Expression,Expands Expression,0.8760375781587869,0.0615840413911253,spec_govprot_reform,Mixed Outcome,*,-1.638* (0.876),mixed,Mixed Outcome,expand,mixed
v2jureview_lag1,-0.3867776781840645,Contracts Expression,Contracts Expression,0.369960407342891,0.2958118285485802,spec_govprot_reform,Mixed Outcome,,-0.387 (0.37),mixed,Mixed Outcome,contract,mixed
v2jureview_lag1,0.4422263680577343,Expands Expression,Expands Expression,0.3524267420792388,0.2095500413487723,spec_govprot_reform,Mixed Outcome,,0.442 (0.352),mixed,Mixed Outcome,expand,mixed
legal_common,0.8495681572758668,Contracts Expression,Contracts Expression,0.5381361014331228,0.1143994717865083,spec_govprot_reform,Mixed Outcome,,0.85 (0.538),mixed,Mixed Outcome,contract,mixed
legal_common,-1.3370048346259873,Expands Expression,Expands Expression,0.4472989333307691,0.0027983413289684,spec_govprot_reform,Mixed Outcome,***,-1.337*** (0.447),mixed,Mixed Outcome,expand,mixed
legal_civil,0.3373777247789262,Contracts Expression,Contracts Expression,0.4779081567893857,0.4802212340209871,spec_govprot_reform,Mixed Outcome,,0.337 (0.478),mixed,Mixed Outcome,contract,mixed
legal_civil,-0.3362838671780416,Expands Expression,Expands Expression,0.3734408237901589,0.3678536479254569,spec_govprot_reform,Mixed Outcome,,-0.336 (0.373),mixed,Mixed Outcome,expand,mixed
high_court,-0.4355383295091001,Contracts Expression,Contracts Expression,0.2737462595755853,0.1116029739287325,spec_govprot_reform,Mixed Outcome,,-0.436 (0.274),mixed,Mixed Outcome,contract,mixed
high_court,-0.0310891436702952,Expands Expression,Expands Expression,0.1522145750795908,0.8381616482249338,spec_govprot_reform,Mixed Outcome,,-0.031 (0.152),mixed,Mixed Outcome,expand,mixed
j_ind_lag1,0.1099751397569807,Contracts Expression,Contracts Expression,0.2868891984858915,0.7014701797699097,spec_govprot_reform,Mixed Outcome,,0.11 (0.287),mixed,Mixed Outcome,contract,mixed
j_ind_lag1,0.3736047739259227,Expands Expression,Expands Expression,0.2180965635737029,0.0867080179188267,spec_govprot_reform,Mixed Outcome,*,0.374* (0.218),mixed,Mixed Outcome,expand,mixed
wdj_citizen_lag1,0.993996629227119,Contracts Expression,Contracts Expression,0.6421097368262516,0.121618263307271,spec_c_attack,Mixed Outcome,,0.994 (0.642),mixed,Mixed Outcome,contract,mixed
wdj_citizen_lag1,0.6601695817178621,Expands Expression,Expands Expression,0.4247023738062352,0.1200821789057467,spec_c_attack,Mixed Outcome,,0.66 (0.425),mixed,Mixed Outcome,expand,mixed
v2jupoatck_lag1,0.1814084548281847,Contracts Expression,Contracts Expression,0.1025035794206127,0.0767643333153814,spec_c_attack,Mixed Outcome,*,0.181* (0.103),mixed,Mixed Outcome,contract,mixed
v2jupoatck_lag1,0.0316976904829714,Expands Expression,Expands Expression,0.094916597660359,0.7384149619192472,spec_c_attack,Mixed Outcome,,0.032 (0.095),mixed,Mixed Outcome,expand,mixed
v2x_polyarchy_lag1,-5.696540740162546,Contracts Expression,Contracts Expression,1.3155691125690565,1.4904425466267273e-05,spec_c_attack,Mixed Outcome,***,-5.697*** (1.316),mixed,Mixed Outcome,contract,mixed
v2x_polyarchy_lag1,-2.252138264871132,Expands Expression,Expands Expression,0.9113110919078796,0.0134616566030979,spec_c_attack,Mixed Outcome,**,-2.252** (0.911),mixed,Mixed Outcome,expand,mixed
v2jureview_lag1,-0.2626860180796451,Contracts Expression,Contracts Expression,0.3360206902938977,0.434358286038084,spec_c_attack,Mixed Outcome,,-0.263 (0.336),mixed,Mixed Outcome,contract,mixed
v2jureview_lag1,0.4961594360459507,Expands Expression,Expands Expression,0.3631234270242389,0.1718241740067252,spec_c_attack,Mixed Outcome,,0.496 (0.363),mixed,Mixed Outcome,expand,mixed
legal_common,0.7130685428991186,Contracts Expression,Contracts Expression,0.4890898225575822,0.1448543049818527,spec_c_attack,Mixed Outcome,,0.713 (0.489),mixed,Mixed Outcome,contract,mixed
legal_common,-1.1215310323646686,Expands Expression,Expands Expression,0.3801802163820242,0.0031777556882911,spec_c_attack,Mixed Outcome,***,-1.122*** (0.38),mixed,Mixed Outcome,expand,mixed
legal_civil,0.0605187668469298,Contracts Expression,Contracts Expression,0.4046365363560186,0.881109182000778,spec_c_attack,Mixed Outcome,,0.061 (0.405),mixed,Mixed Outcome,contract,mixed
legal_civil,-0.3194141329896344,Expands Expression,Expands Expression,0.3228188825323502,0.322441522324298,spec_c_attack,Mixed Outcome,,-0.319 (0.323),mixed,Mixed Outcome,expand,mixed
high_court,-0.5885631983408027,Contracts Expression,Contracts Expression,0.279329191293812,0.0351124309778134,spec_c_attack,Mixed Outcome,**,-0.589** (0.279),mixed,Mixed Outcome,contract,mixed
high_court,-0.0351377329940753,Expands Expression,Expands Expression,0.1523662981461646,0.8176150395579564,spec_c_attack,Mixed Outcome,,-0.035 (0.152),mixed,Mixed Outcome,expand,mixed
j_ind_lag1,0.243767647194293,Contracts Expression,Contracts Expression,0.2431358847510369,0.3160546717616314,spec_c_attack,Mixed Outcome,,0.244 (0.243),mixed,Mixed Outcome,contract,mixed
j_ind_lag1,0.3915746845301777,Expands Expression,Expands Expression,0.1899033516626404,0.0392107574402492,spec_c_attack,Mixed Outcome,**,0.392** (0.19),mixed,Mixed Outcome,expand,mixed
wdj_intermediaries_lag1,0.3958369485238822,Contracts Expression,Contracts Expression,0.9546369229454564,0.6784006336911321,spec_im_attack,Mixed Outcome,,0.396 (0.955),mixed,Mixed Outcome,contract,mixed
wdj_intermediaries_lag1,-0.4431271943473688,Expands Expression,Expands Expression,0.5484703390439934,0.4191292496330253,spec_im_attack,Mixed Outcome,,-0.443 (0.548),mixed,Mixed Outcome,expand,mixed
v2jupoatck_lag1,0.1736776651919065,Contracts Expression,Contracts Expression,0.1097262450048138,0.1134608967903192,spec_im_attack,Mixed Outcome,,0.174 (0.11),mixed,Mixed Outcome,contract,mixed
v2jupoatck_lag1,0.0253172837058648,Expands Expression,Expands Expression,0.1019400718245315,0.8038600728493678,spec_im_attack,Mixed Outcome,,0.025 (0.102),mixed,Mixed Outcome,expand,mixed
v2x_polyarchy_lag1,-5.634564267949044,Contracts Expression,Contracts Expression,1.3783710144700907,4.354026906866772e-05,spec_im_attack,Mixed Outcome,***,-5.635*** (1.378),mixed,Mixed Outcome,contract,mixed
v2x_polyarchy_lag1,-2.103162513913417,Expands Expression,Expands Expression,0.9179092467278444,0.0219487727101751,spec_im_attack,Mixed Outcome,**,-2.103** (0.918),mixed,Mixed Outcome,expand,mixed
v2jureview_lag1,-0.2899702210757588,Contracts Expression,Contracts Expression,0.3579949476066062,0.4179493050877136,spec_im_attack,Mixed Outcome,,-0.29 (0.358),mixed,Mixed Outcome,contract,mixed
v2jureview_lag1,0.4832752173024693,Expands Expression,Expands Expression,0.3604120442314679,0.1799540870106193,spec_im_attack,Mixed Outcome,,0.483 (0.36),mixed,Mixed Outcome,expand,mixed
legal_common,0.6772759432518538,Contracts Expression,Contracts Expression,0.50075742470121,0.1762144443647459,spec_im_attack,Mixed Outcome,,0.677 (0.501),mixed,Mixed Outcome,contract,mixed
legal_common,-1.218116694510639,Expands Expression,Expands Expression,0.3793069282928881,0.0013207729970717,spec_im_attack,Mixed Outcome,***,-1.218*** (0.379),mixed,Mixed Outcome,expand,mixed
legal_civil,0.2863313604552793,Contracts Expression,Contracts Expression,0.4665368935193542,0.5393885575648603,spec_im_attack,Mixed Outcome,,0.286 (0.467),mixed,Mixed Outcome,contract,mixed
legal_civil,-0.0118213266843544,Expands Expression,Expands Expression,0.3520100020673247,0.9732101888531248,spec_im_attack,Mixed Outcome,,-0.012 (0.352),mixed,Mixed Outcome,expand,mixed
high_court,-0.5778800944691771,Contracts Expression,Contracts Expression,0.2884271247977471,0.0451175695539677,spec_im_attack,Mixed Outcome,**,-0.578** (0.288),mixed,Mixed Outcome,contract,mixed
high_court,-0.0348556706174049,Expands Expression,Expands Expression,0.1601918118727769,0.8277508420980138,spec_im_attack,Mixed Outcome,,-0.035 (0.16),mixed,Mixed Outcome,expand,mixed
j_ind_lag1,0.2322350205733032,Contracts Expression,Contracts Expression,0.2527512282054509,0.3581853063290163,spec_im_attack,Mixed Outcome,,0.232 (0.253),mixed,Mixed Outcome,contract,mixed
j_ind_lag1,0.3691347134229512,Expands Expression,Expands Expression,0.1949597434543301,0.0583061028447169,spec_im_attack,Mixed Outcome,*,0.369* (0.195),mixed,Mixed Outcome,expand,mixed
wdj_press_lag1,1.6120075878299198,Contracts Expression,Contracts Expression,0.6365724729030641,0.0113309319991316,spec_p_attack,Mixed Outcome,**,1.612** (0.637),mixed,Mixed Outcome,contract,mixed
wdj_press_lag1,1.0366695612951953,Expands Expression,Expands Expression,0.3790309294033172,0.0062370292431979,spec_p_attack,Mixed Outcome,***,1.037*** (0.379),mixed,Mixed Outcome,expand,mixed
v2jupoatck_lag1,0.1688985531655551,Contracts Expression,Contracts Expression,0.1024850256048785,0.0993462019914701,spec_p_attack,Mixed Outcome,*,0.169* (0.102),mixed,Mixed Outcome,contract,mixed
v2jupoatck_lag1,0.0229376276258345,Expands Expression,Expands Expression,0.0938680242428438,0.8069517111472331,spec_p_attack,Mixed Outcome,,0.023 (0.094),mixed,Mixed Outcome,expand,mixed
v2x_polyarchy_lag1,-5.994767280374809,Contracts Expression,Contracts Expression,1.3244215765531822,6.001722969008246e-06,spec_p_attack,Mixed Outcome,***,-5.995*** (1.324),mixed,Mixed Outcome,contract,mixed
v2x_polyarchy_lag1,-2.433344219913946,Expands Expression,Expands Expression,0.8569403052784489,0.0045174012810521,spec_p_attack,Mixed Outcome,***,-2.433*** (0.857),mixed,Mixed Outcome,expand,mixed
v2jureview_lag1,-0.3577433939799966,Contracts Expression,Contracts Expression,0.3876711115527136,0.356110779020482,spec_p_attack,Mixed Outcome,,-0.358 (0.388),mixed,Mixed Outcome,contract,mixed
v2jureview_lag1,0.462114391148251,Expands Expression,Expands Expression,0.3638376049057881,0.2040448521532356,spec_p_attack,Mixed Outcome,,0.462 (0.364),mixed,Mixed Outcome,expand,mixed
legal_common,0.849438396857077,Contracts Expression,Contracts Expression,0.4645716254444584,0.0674844937110514,spec_p_attack,Mixed Outcome,*,0.849* (0.465),mixed,Mixed Outcome,contract,mixed
legal_common,-1.0433152484040868,Expands Expression,Expands Expression,0.3745276015152114,0.0053415046527282,spec_p_attack,Mixed Outcome,***,-1.043*** (0.375),mixed,Mixed Outcome,expand,mixed
legal_civil,0.0764067484054036,Contracts Expression,Contracts Expression,0.4118624591627707,0.8528249556547332,spec_p_attack,Mixed Outcome,,0.076 (0.412),mixed,Mixed Outcome,contract,mixed
legal_civil,-0.3020603362752868,Expands Expression,Expands Expression,0.3059865182233179,0.3235599066648936,spec_p_attack,Mixed Outcome,,-0.302 (0.306),mixed,Mixed Outcome,expand,mixed
high_court,-0.6002365579938509,Contracts Expression,Contracts Expression,0.2842782847004379,0.0347345049984391,spec_p_attack,Mixed Outcome,**,-0.6** (0.284),mixed,Mixed Outcome,contract,mixed
high_court,-0.0378017838000155,Expands Expression,Expands Expression,0.1520335461222474,0.8036384355523444,spec_p_attack,Mixed Outcome,,-0.038 (0.152),mixed,Mixed Outcome,expand,mixed
j_ind_lag1,0.2300532781853131,Contracts Expression,Contracts Expression,0.2420331171659015,0.3418565745318664,spec_p_attack,Mixed Outcome,,0.23 (0.242),mixed,Mixed Outcome,contract,mixed
j_ind_lag1,0.3729291647015523,Expands Expression,Expands Expression,0.1766750995873787,0.0347878686403697,spec_p_attack,Mixed Outcome,**,0.373** (0.177),mixed,Mixed Outcome,expand,mixed
wdj_govprot_lag1,0.4252482618034294,Contracts Expression,Contracts Expression,0.3219210801951899,0.1865111887482319,spec_govprot_attack,Mixed Outcome,,0.425 (0.322),mixed,Mixed Outcome,contract,mixed
wdj_govprot_lag1,0.1041952840260031,Expands Expression,Expands Expression,0.2543548664582697,0.6820661369998267,spec_govprot_attack,Mixed Outcome,,0.104 (0.254),mixed,Mixed Outcome,expand,mixed
v2jupoatck_lag1,0.2514562516351589,Contracts Expression,Contracts Expression,0.1252746100852167,0.0447240776150907,spec_govprot_attack,Mixed Outcome,**,0.251** (0.125),mixed,Mixed Outcome,contract,mixed
v2jupoatck_lag1,0.0551882763355814,Expands Expression,Expands Expression,0.1018697599345608,0.5879884818763186,spec_govprot_attack,Mixed Outcome,,0.055 (0.102),mixed,Mixed Outcome,expand,mixed
v2x_polyarchy_lag1,-5.486347268848544,Contracts Expression,Contracts Expression,1.3010052183143843,2.475670048011241e-05,spec_govprot_attack,Mixed Outcome,***,-5.486*** (1.301),mixed,Mixed Outcome,contract,mixed
v2x_polyarchy_lag1,-2.109676945958753,Expands Expression,Expands Expression,0.912993008252823,0.0208479781965315,spec_govprot_attack,Mixed Outcome,**,-2.11** (0.913),mixed,Mixed Outcome,expand,mixed
v2jureview_lag1,-0.2877591878029575,Contracts Expression,Contracts Expression,0.3708073198340937,0.4377287515250623,spec_govprot_attack,Mixed Outcome,,-0.288 (0.371),mixed,Mixed Outcome,contract,mixed
v2jureview_lag1,0.4902832957530144,Expands Expression,Expands Expression,0.352361384568175,0.1640975717307583,spec_govprot_attack,Mixed Outcome,,0.49 (0.352),mixed,Mixed Outcome,expand,mixed
legal_common,0.5419864357540366,Contracts Expression,Contracts Expression,0.4856903189478835,0.2644608795284026,spec_govprot_attack,Mixed Outcome,,0.542 (0.486),mixed,Mixed Outcome,contract,mixed
legal_common,-1.1879091233591446,Expands Expression,Expands Expression,0.3757051994762713,0.0015679087547981,spec_govprot_attack,Mixed Outcome,***,-1.188*** (0.376),mixed,Mixed Outcome,expand,mixed
legal_civil,0.2201163992336758,Contracts Expression,Contracts Expression,0.4287539440432333,0.6076811297266835,spec_govprot_attack,Mixed Outcome,,0.22 (0.429),mixed,Mixed Outcome,contract,mixed
legal_civil,-0.1691916752968279,Expands Expression,Expands Expression,0.3695740906425164,0.6470948592830184,spec_govprot_attack,Mixed Outcome,,-0.169 (0.37),mixed,Mixed Outcome,expand,mixed
high_court,-0.5276774081405929,Contracts Expression,Contracts Expression,0.272270060779739,0.0526151437715735,spec_govprot_attack,Mixed Outcome,*,-0.528* (0.272),mixed,Mixed Outcome,contract,mixed
high_court,-0.0180039029435993,Expands Expression,Expands Expression,0.1622296923455632,0.911633909005896,spec_govprot_attack,Mixed Outcome,,-0.018 (0.162),mixed,Mixed Outcome,expand,mixed
j_ind_lag1,0.1461594114314059,Contracts Expression,Contracts Expression,0.2724849146555448,0.5916859270096224,spec_govprot_attack,Mixed Outcome,,0.146 (0.272),mixed,Mixed Outcome,contract,mixed
j_ind_lag1,0.343727134057455,Expands Expression,Expands Expression,0.2138767102390076,0.1080264106633655,spec_govprot_attack,Mixed Outcome,,0.344 (0.214),mixed,Mixed Outcome,expand,mixed
wdj_citizen_lag1,0.7966292889894043,Contracts Expression,Contracts Expression,0.6345360294473114,0.2093148587554731,spec_c_reform_decision,Mixed Outcome,,0.797 (0.635),mixed,Mixed Outcome,contract,mixed
wdj_citizen_lag1,0.5877524594954474,Expands Expression,Expands Expression,0.3823630997816214,0.1242546470831425,spec_c_reform_decision,Mixed Outcome,,0.588 (0.382),mixed,Mixed Outcome,expand,mixed
v2jureform_lag1,0.1279270736179801,Contracts Expression,Contracts Expression,0.2495709405244839,0.6082395368585178,spec_c_reform_decision,Mixed Outcome,,0.128 (0.25),mixed,Mixed Outcome,contract,mixed
v2jureform_lag1,-0.1914738120346333,Expands Expression,Expands Expression,0.1856076332310418,0.3022570720168889,spec_c_reform_decision,Mixed Outcome,,-0.191 (0.186),mixed,Mixed Outcome,expand,mixed
v2x_polyarchy_lag1,-5.199037601032264,Contracts Expression,Contracts Expression,1.2923841429889276,5.7503777527207774e-05,spec_c_reform_decision,Mixed Outcome,***,-5.199*** (1.292),mixed,Mixed Outcome,contract,mixed
v2x_polyarchy_lag1,-1.9310744999677536,Expands Expression,Expands Expression,0.7907206472278279,0.0145992569303975,spec_c_reform_decision,Mixed Outcome,**,-1.931** (0.791),mixed,Mixed Outcome,expand,mixed
v2jureview_lag1,-0.3364903005575289,Contracts Expression,Contracts Expression,0.342341148621311,0.3256520776577388,spec_c_reform_decision,Mixed Outcome,,-0.336 (0.342),mixed,Mixed Outcome,contract,mixed
v2jureview_lag1,0.2768086576992213,Expands Expression,Expands Expression,0.3574400716680541,0.4386825968072775,spec_c_reform_decision,Mixed Outcome,,0.277 (0.357),mixed,Mixed Outcome,expand,mixed
legal_common,0.7467743684099863,Contracts Expression,Contracts Expression,0.5175753545451833,0.149067756432878,spec_c_reform_decision,Mixed Outcome,,0.747 (0.518),mixed,Mixed Outcome,contract,mixed
legal_common,-1.064946811530088,Expands Expression,Expands Expression,0.4342721158303569,0.0141963250699888,spec_c_reform_decision,Mixed Outcome,**,-1.065** (0.434),mixed,Mixed Outcome,expand,mixed
legal_civil,-0.1035026190574621,Contracts Expression,Contracts Expression,0.4433849922767455,0.8154218105643366,spec_c_reform_decision,Mixed Outcome,,-0.104 (0.443),mixed,Mixed Outcome,contract,mixed
legal_civil,-0.4537949931439798,Expands Expression,Expands Expression,0.2911639073215648,0.1191017167661687,spec_c_reform_decision,Mixed Outcome,,-0.454 (0.291),mixed,Mixed Outcome,expand,mixed
high_court,-0.4835733337443626,Contracts Expression,Contracts Expression,0.3132828776007755,0.1226930926838222,spec_c_reform_decision,Mixed Outcome,,-0.484 (0.313),mixed,Mixed Outcome,contract,mixed
high_court,-0.107456545520361,Expands Expression,Expands Expression,0.156531534007413,0.4924073386049969,spec_c_reform_decision,Mixed Outcome,,-0.107 (0.157),mixed,Mixed Outcome,expand,mixed
j_ind_lag1,0.1829754057845631,Contracts Expression,Contracts Expression,0.2325042882262452,0.4312956360569449,spec_c_reform_decision,Mixed Outcome,,0.183 (0.233),mixed,Mixed Outcome,contract,mixed
j_ind_lag1,0.4205783271009787,Expands Expression,Expands Expression,0.1752504053403388,0.0164008603529475,spec_c_reform_decision,Mixed Outcome,**,0.421** (0.175),mixed,Mixed Outcome,expand,mixed
wdj_intermediaries_lag1,0.1622305367820355,Contracts Expression,Contracts Expression,0.9356316712592904,0.8623437413360713,spec_im_reform_decision,Mixed Outcome,,0.162 (0.936),mixed,Mixed Outcome,contract,mixed
wdj_intermediaries_lag1,-0.6233553517461681,Expands Expression,Expands Expression,0.5442380437927321,0.2520548370893447,spec_im_reform_decision,Mixed Outcome,,-0.623 (0.544),mixed,Mixed Outcome,expand,mixed
v2jureform_lag1,0.1291502855789984,Contracts Expression,Contracts Expression,0.2614494937082032,0.6213217502671704,spec_im_reform_decision,Mixed Outcome,,0.129 (0.261),mixed,Mixed Outcome,contract,mixed
v2jureform_lag1,-0.18820307357783,Expands Expression,Expands Expression,0.1951040053605531,0.3347304324715398,spec_im_reform_decision,Mixed Outcome,,-0.188 (0.195),mixed,Mixed Outcome,expand,mixed
v2x_polyarchy_lag1,-5.173108023653948,Contracts Expression,Contracts Expression,1.341744833258611,0.0001154895236448,spec_im_reform_decision,Mixed Outcome,***,-5.173*** (1.342),mixed,Mixed Outcome,contract,mixed
v2x_polyarchy_lag1,-1.8232361369283987,Expands Expression,Expands Expression,0.8116496308992223,0.0246826243077865,spec_im_reform_decision,Mixed Outcome,**,-1.823** (0.812),mixed,Mixed Outcome,expand,mixed
v2jureview_lag1,-0.3410076542925996,Contracts Expression,Contracts Expression,0.3583888586396976,0.3413496907815506,spec_im_reform_decision,Mixed Outcome,,-0.341 (0.358),mixed,Mixed Outcome,contract,mixed
v2jureview_lag1,0.2715007552750913,Expands Expression,Expands Expression,0.3567780661869775,0.4466693773283688,spec_im_reform_decision,Mixed Outcome,,0.272 (0.357),mixed,Mixed Outcome,expand,mixed
legal_common,0.7012504996195333,Contracts Expression,Contracts Expression,0.542808233906546,0.1963939840771503,spec_im_reform_decision,Mixed Outcome,,0.701 (0.543),mixed,Mixed Outcome,contract,mixed
legal_common,-1.1642768381756046,Expands Expression,Expands Expression,0.4352772742965476,0.0074775285092271,spec_im_reform_decision,Mixed Outcome,***,-1.164*** (0.435),mixed,Mixed Outcome,expand,mixed
legal_civil,0.1092210960231391,Contracts Expression,Contracts Expression,0.4838147053614776,0.8213959858657873,spec_im_reform_decision,Mixed Outcome,,0.109 (0.484),mixed,Mixed Outcome,contract,mixed
legal_civil,-0.1343649528826298,Expands Expression,Expands Expression,0.3315302863487212,0.6852664775162511,spec_im_reform_decision,Mixed Outcome,,-0.134 (0.332),mixed,Mixed Outcome,expand,mixed
high_court,-0.4784993786373727,Contracts Expression,Contracts Expression,0.3123130461918871,0.1254941569025767,spec_im_reform_decision,Mixed Outcome,,-0.478 (0.312),mixed,Mixed Outcome,contract,mixed
high_court,-0.1133965883033406,Expands Expression,Expands Expression,0.1582004040856721,0.4735032122672336,spec_im_reform_decision,Mixed Outcome,,-0.113 (0.158),mixed,Mixed Outcome,expand,mixed
j_ind_lag1,0.172120065162697,Contracts Expression,Contracts Expression,0.2434276464729863,0.4795237970561167,spec_im_reform_decision,Mixed Outcome,,0.172 (0.243),mixed,Mixed Outcome,contract,mixed
j_ind_lag1,0.3951345268282793,Expands Expression,Expands Expression,0.1770719398439071,0.0256485906152295,spec_im_reform_decision,Mixed Outcome,**,0.395** (0.177),mixed,Mixed Outcome,expand,mixed
wdj_press_lag1,1.547545442372197,Contracts Expression,Contracts Expression,0.4464538376229636,0.0005276631359513,spec_p_reform_decision,Mixed Outcome,***,1.548*** (0.446),mixed,Mixed Outcome,contract,mixed
wdj_press_lag1,0.7051819160263946,Expands Expression,Expands Expression,0.3367251375233494,0.036238959443632,spec_p_reform_decision,Mixed Outcome,**,0.705** (0.337),mixed,Mixed Outcome,expand,mixed
v2jureform_lag1,0.141946658581374,Contracts Expression,Contracts Expression,0.2492110296003666,0.5689597645575338,spec_p_reform_decision,Mixed Outcome,,0.142 (0.249),mixed,Mixed Outcome,contract,mixed
v2jureform_lag1,-0.1761039516982952,Expands Expression,Expands Expression,0.1921507102987003,0.3594106397146898,spec_p_reform_decision,Mixed Outcome,,-0.176 (0.192),mixed,Mixed Outcome,expand,mixed
v2x_polyarchy_lag1,-5.543977636227105,Contracts Expression,Contracts Expression,1.1969757175335345,3.627556321739623e-06,spec_p_reform_decision,Mixed Outcome,***,-5.544*** (1.197),mixed,Mixed Outcome,contract,mixed
v2x_polyarchy_lag1,-2.0701443387138605,Expands Expression,Expands Expression,0.788892221718714,0.0086874309209548,spec_p_reform_decision,Mixed Outcome,***,-2.07*** (0.789),mixed,Mixed Outcome,expand,mixed
v2jureview_lag1,-0.3890045044888636,Contracts Expression,Contracts Expression,0.3687796292516971,0.2914972662620883,spec_p_reform_decision,Mixed Outcome,,-0.389 (0.369),mixed,Mixed Outcome,contract,mixed
v2jureview_lag1,0.2658749724820043,Expands Expression,Expands Expression,0.3520318510769382,0.4500940223227001,spec_p_reform_decision,Mixed Outcome,,0.266 (0.352),mixed,Mixed Outcome,expand,mixed
legal_common,0.8698469819359171,Contracts Expression,Contracts Expression,0.5089639409035793,0.087440902552485,spec_p_reform_decision,Mixed Outcome,*,0.87* (0.509),mixed,Mixed Outcome,contract,mixed
legal_common,-1.0267182038643674,Expands Expression,Expands Expression,0.4430198685160494,0.020474096352461,spec_p_reform_decision,Mixed Outcome,**,-1.027** (0.443),mixed,Mixed Outcome,expand,mixed
legal_civil,-0.0683731694916998,Contracts Expression,Contracts Expression,0.4431599693693222,0.8773846083312705,spec_p_reform_decision,Mixed Outcome,,-0.068 (0.443),mixed,Mixed Outcome,contract,mixed
legal_civil,-0.3814110362231037,Expands Expression,Expands Expression,0.3069008941790559,0.2139480221294698,spec_p_reform_decision,Mixed Outcome,,-0.381 (0.307),mixed,Mixed Outcome,expand,mixed
high_court,-0.4919012070978267,Contracts Expression,Contracts Expression,0.3121528089857006,0.1150639186712804,spec_p_reform_decision,Mixed Outcome,,-0.492 (0.312),mixed,Mixed Outcome,contract,mixed
high_court,-0.1101322373450162,Expands Expression,Expands Expression,0.1567247705338443,0.4822358030335359,spec_p_reform_decision,Mixed Outcome,,-0.11 (0.157),mixed,Mixed Outcome,expand,mixed
j_ind_lag1,0.1801274003889833,Contracts Expression,Contracts Expression,0.2270817773511496,0.4276455706966866,spec_p_reform_decision,Mixed Outcome,,0.18 (0.227),mixed,Mixed Outcome,contract,mixed
j_ind_lag1,0.4055803518861418,Expands Expression,Expands Expression,0.1714257969727322,0.0179851516882157,spec_p_reform_decision,Mixed Outcome,**,0.406** (0.171),mixed,Mixed Outcome,expand,mixed
wdj_govprot_lag1,0.1780390607542512,Contracts Expression,Contracts Expression,0.3181617205661038,0.575761392753989,spec_govprot_reform_decision,Mixed Outcome,,0.178 (0.318),mixed,Mixed Outcome,contract,mixed
wdj_govprot_lag1,0.0488569170650777,Expands Expression,Expands Expression,0.2101913075442398,0.8161961009842962,spec_govprot_reform_decision,Mixed Outcome,,0.049 (0.21),mixed,Mixed Outcome,expand,mixed
v2jureform_lag1,0.1344140709062582,Contracts Expression,Contracts Expression,0.2589133724463639,0.6036583149992647,spec_govprot_reform_decision,Mixed Outcome,,0.134 (0.259),mixed,Mixed Outcome,contract,mixed
v2jureform_lag1,-0.1890891425981189,Expands Expression,Expands Expression,0.1973469683072311,0.337984200734271,spec_govprot_reform_decision,Mixed Outcome,,-0.189 (0.197),mixed,Mixed Outcome,expand,mixed
v2x_polyarchy_lag1,-4.951340048716714,Contracts Expression,Contracts Expression,1.4103704102533334,0.0004469849107147,spec_govprot_reform_decision,Mixed Outcome,***,-4.951*** (1.41),mixed,Mixed Outcome,contract,mixed
v2x_polyarchy_lag1,-1.7866356340564284,Expands Expression,Expands Expression,0.8872628745682156,0.0440464413836949,spec_govprot_reform_decision,Mixed Outcome,**,-1.787** (0.887),mixed,Mixed Outcome,expand,mixed
v2jureview_lag1,-0.368912165918643,Contracts Expression,Contracts Expression,0.3659670738364649,0.3134316961084151,spec_govprot_reform_decision,Mixed Outcome,,-0.369 (0.366),mixed,Mixed Outcome,contract,mixed
v2jureview_lag1,0.2674772926219605,Expands Expression,Expands Expression,0.3515641070692761,0.4467640963609363,spec_govprot_reform_decision,Mixed Outcome,,0.267 (0.352),mixed,Mixed Outcome,expand,mixed
legal_common,0.6557074589241095,Contracts Expression,Contracts Expression,0.5329429083289374,0.2185652594066169,spec_govprot_reform_decision,Mixed Outcome,,0.656 (0.533),mixed,Mixed Outcome,contract,mixed
legal_common,-1.1080602680046805,Expands Expression,Expands Expression,0.4406106731134677,0.0119090306785136,spec_govprot_reform_decision,Mixed Outcome,**,-1.108** (0.441),mixed,Mixed Outcome,expand,mixed
legal_civil,0.0331279265204607,Contracts Expression,Contracts Expression,0.455769199732269,0.9420561876872444,spec_govprot_reform_decision,Mixed Outcome,,0.033 (0.456),mixed,Mixed Outcome,contract,mixed
legal_civil,-0.314651165960395,Expands Expression,Expands Expression,0.2932949175471287,0.2833541614405462,spec_govprot_reform_decision,Mixed Outcome,,-0.315 (0.293),mixed,Mixed Outcome,expand,mixed
high_court,-0.4547408992771466,Contracts Expression,Contracts Expression,0.3001378387869915,0.129745344045192,spec_govprot_reform_decision,Mixed Outcome,,-0.455 (0.3),mixed,Mixed Outcome,contract,mixed
high_court,-0.0949095694839074,Expands Expression,Expands Expression,0.1478929976514308,0.5210388638026391,spec_govprot_reform_decision,Mixed Outcome,,-0.095 (0.148),mixed,Mixed Outcome,expand,mixed
j_ind_lag1,0.1214033740275124,Contracts Expression,Contracts Expression,0.2684211908944885,0.6510623503507128,spec_govprot_reform_decision,Mixed Outcome,,0.121 (0.268),mixed,Mixed Outcome,contract,mixed
j_ind_lag1,0.3853164696018755,Expands Expression,Expands Expression,0.1950804531345923,0.0482492016993078,spec_govprot_reform_decision,Mixed Outcome,**,0.385** (0.195),mixed,Mixed Outcome,expand,mixed
wdj_citizen_lag1,0.7271011641823943,Contracts Expression,Contracts Expression,0.6197274609751958,0.2406917366118207,spec_c_pack_decision,Mixed Outcome,,0.727 (0.62),mixed,Mixed Outcome,contract,mixed
wdj_citizen_lag1,0.5036085764489752,Expands Expression,Expands Expression,0.3651685652553713,0.1678600336869401,spec_c_pack_decision,Mixed Outcome,,0.504 (0.365),mixed,Mixed Outcome,expand,mixed
v2jupack_lag1,0.4707470409144813,Contracts Expression,Contracts Expression,0.2578756647862167,0.067928525817818,spec_c_pack_decision,Mixed Outcome,*,0.471* (0.258),mixed,Mixed Outcome,contract,mixed
v2jupack_lag1,0.2503716330541212,Expands Expression,Expands Expression,0.2325002485236896,0.2815400952716079,spec_c_pack_decision,Mixed Outcome,,0.25 (0.233),mixed,Mixed Outcome,expand,mixed
v2x_polyarchy_lag1,-6.844724873065056,Contracts Expression,Contracts Expression,1.7700152875843846,0.0001101630997203,spec_c_pack_decision,Mixed Outcome,***,-6.845*** (1.77),mixed,Mixed Outcome,contract,mixed
v2x_polyarchy_lag1,-3.3161117357657086,Expands Expression,Expands Expression,1.2744095450039217,0.0092661051425655,spec_c_pack_decision,Mixed Outcome,***,-3.316*** (1.274),mixed,Mixed Outcome,expand,mixed
v2jureview_lag1,-0.3964992076711761,Contracts Expression,Contracts Expression,0.3511474862516577,0.2588333324940129,spec_c_pack_decision,Mixed Outcome,,-0.396 (0.351),mixed,Mixed Outcome,contract,mixed
v2jureview_lag1,0.2983859763204367,Expands Expression,Expands Expression,0.3548879982131425,0.4004660697748611,spec_c_pack_decision,Mixed Outcome,,0.298 (0.355),mixed,Mixed Outcome,expand,mixed
legal_common,0.570069270904982,Contracts Expression,Contracts Expression,0.4955629402629906,0.2500010387870747,spec_c_pack_decision,Mixed Outcome,,0.57 (0.496),mixed,Mixed Outcome,contract,mixed
legal_common,-0.8880765308484299,Expands Expression,Expands Expression,0.3860174923193386,0.0214135639629688,spec_c_pack_decision,Mixed Outcome,**,-0.888** (0.386),mixed,Mixed Outcome,expand,mixed
legal_civil,0.0021670088708716,Contracts Expression,Contracts Expression,0.407607045304922,0.9957581332408044,spec_c_pack_decision,Mixed Outcome,,0.002 (0.408),mixed,Mixed Outcome,contract,mixed
legal_civil,-0.1079968192713519,Expands Expression,Expands Expression,0.291000758814238,0.7105465743850149,spec_c_pack_decision,Mixed Outcome,,-0.108 (0.291),mixed,Mixed Outcome,expand,mixed
high_court,-0.4506148904731827,Contracts Expression,Contracts Expression,0.2965433945640837,0.1286220980248554,spec_c_pack_decision,Mixed Outcome,,-0.451 (0.297),mixed,Mixed Outcome,contract,mixed
high_court,-0.0525006046352021,Expands Expression,Expands Expression,0.1438661163169358,0.7151660318649877,spec_c_pack_decision,Mixed Outcome,,-0.053 (0.144),mixed,Mixed Outcome,expand,mixed
j_ind_lag1,0.2402649399777525,Contracts Expression,Contracts Expression,0.2299845574247018,0.2961614984230682,spec_c_pack_decision,Mixed Outcome,,0.24 (0.23),mixed,Mixed Outcome,contract,mixed
j_ind_lag1,0.3951214485572611,Expands Expression,Expands Expression,0.1827755695168169,0.0306347673976298,spec_c_pack_decision,Mixed Outcome,**,0.395** (0.183),mixed,Mixed Outcome,expand,mixed
wdj_intermediaries_lag1,-0.0436925803841392,Contracts Expression,Contracts Expression,0.9364946634704616,0.9627878370297298,spec_im_pack_decision,Mixed Outcome,,-0.044 (0.936),mixed,Mixed Outcome,contract,mixed
wdj_intermediaries_lag1,-0.7897031304409047,Expands Expression,Expands Expression,0.510142599503648,0.1216211702452722,spec_im_pack_decision,Mixed Outcome,,-0.79 (0.51),mixed,Mixed Outcome,expand,mixed
v2jupack_lag1,0.5364016022978512,Contracts Expression,Contracts Expression,0.2540338731214265,0.0347262892945518,spec_im_pack_decision,Mixed Outcome,**,0.536** (0.254),mixed,Mixed Outcome,contract,mixed
v2jupack_lag1,0.3359513924791641,Expands Expression,Expands Expression,0.2168147210347144,0.1212649148630392,spec_im_pack_decision,Mixed Outcome,,0.336 (0.217),mixed,Mixed Outcome,expand,mixed
v2x_polyarchy_lag1,-7.00704068569131,Contracts Expression,Contracts Expression,1.777758733878014,8.097275452025981e-05,spec_im_pack_decision,Mixed Outcome,***,-7.007*** (1.778),mixed,Mixed Outcome,contract,mixed
v2x_polyarchy_lag1,-3.478212887780043,Expands Expression,Expands Expression,1.26643280268151,0.0060241382892738,spec_im_pack_decision,Mixed Outcome,***,-3.478*** (1.266),mixed,Mixed Outcome,expand,mixed
v2jureview_lag1,-0.4157691340369382,Contracts Expression,Contracts Expression,0.3725402726701403,0.26440583096476,spec_im_pack_decision,Mixed Outcome,,-0.416 (0.373),mixed,Mixed Outcome,contract,mixed
v2jureview_lag1,0.2825109169985292,Expands Expression,Expands Expression,0.3632590760720846,0.4367388577584046,spec_im_pack_decision,Mixed Outcome,,0.283 (0.363),mixed,Mixed Outcome,expand,mixed
legal_common,0.5231276084078321,Contracts Expression,Contracts Expression,0.5150888028468995,0.3098167415931655,spec_im_pack_decision,Mixed Outcome,,0.523 (0.515),mixed,Mixed Outcome,contract,mixed
legal_common,-0.9903018628715216,Expands Expression,Expands Expression,0.4039475276321744,0.0142238214383266,spec_im_pack_decision,Mixed Outcome,**,-0.99** (0.404),mixed,Mixed Outcome,expand,mixed
legal_civil,0.260299764672553,Contracts Expression,Contracts Expression,0.4609249540976766,0.5722550415894061,spec_im_pack_decision,Mixed Outcome,,0.26 (0.461),mixed,Mixed Outcome,contract,mixed
legal_civil,0.2527268875878979,Expands Expression,Expands Expression,0.3441609103715382,0.4627490433606001,spec_im_pack_decision,Mixed Outcome,,0.253 (0.344),mixed,Mixed Outcome,expand,mixed
high_court,-0.4479286791904955,Contracts Expression,Contracts Expression,0.2944761506383307,0.1282338869360147,spec_im_pack_decision,Mixed Outcome,,-0.448 (0.294),mixed,Mixed Outcome,contract,mixed
high_court,-0.0533865637654496,Expands Expression,Expands Expression,0.1452049610242108,0.7131241620110453,spec_im_pack_decision,Mixed Outcome,,-0.053 (0.145),mixed,Mixed Outcome,expand,mixed
j_ind_lag1,0.2142889490427584,Contracts Expression,Contracts Expression,0.2314038465819837,0.354425797372327,spec_im_pack_decision,Mixed Outcome,,0.214 (0.231),mixed,Mixed Outcome,contract,mixed
j_ind_lag1,0.35885373895333,Expands Expression,Expands Expression,0.1727498017252529,0.0377735716253879,spec_im_pack_decision,Mixed Outcome,**,0.359** (0.173),mixed,Mixed Outcome,expand,mixed
wdj_press_lag1,1.3895984027560613,Contracts Expression,Contracts Expression,0.5606120121047355,0.0131855958100637,spec_p_pack_decision,Mixed Outcome,**,1.39** (0.561),mixed,Mixed Outcome,contract,mixed
wdj_press_lag1,0.6122283614825832,Expands Expression,Expands Expression,0.4168846433807872,0.1419468001730001,spec_p_pack_decision,Mixed Outcome,,0.612 (0.417),mixed,Mixed Outcome,expand,mixed
v2jupack_lag1,0.4612591835795783,Contracts Expression,Contracts Expression,0.2501668937004339,0.0652114389922622,spec_p_pack_decision,Mixed Outcome,*,0.461* (0.25),mixed,Mixed Outcome,contract,mixed
v2jupack_lag1,0.2551631844109456,Expands Expression,Expands Expression,0.2262821997857243,0.2594751146156334,spec_p_pack_decision,Mixed Outcome,,0.255 (0.226),mixed,Mixed Outcome,expand,mixed
v2x_polyarchy_lag1,-7.108255340385185,Contracts Expression,Contracts Expression,1.6394875154552937,1.4532547823675574e-05,spec_p_pack_decision,Mixed Outcome,***,-7.108*** (1.639),mixed,Mixed Outcome,contract,mixed
v2x_polyarchy_lag1,-3.435255951938387,Expands Expression,Expands Expression,1.1928780023789929,0.0039792129094254,spec_p_pack_decision,Mixed Outcome,***,-3.435*** (1.193),mixed,Mixed Outcome,expand,mixed
v2jureview_lag1,-0.4437093316065223,Contracts Expression,Contracts Expression,0.3782876192687334,0.2408191768052395,spec_p_pack_decision,Mixed Outcome,,-0.444 (0.378),mixed,Mixed Outcome,contract,mixed
v2jureview_lag1,0.2906449407249557,Expands Expression,Expands Expression,0.3521594971822231,0.4091888690768764,spec_p_pack_decision,Mixed Outcome,,0.291 (0.352),mixed,Mixed Outcome,expand,mixed
legal_common,0.6771544867578287,Contracts Expression,Contracts Expression,0.4567053591750854,0.1381556183520005,spec_p_pack_decision,Mixed Outcome,,0.677 (0.457),mixed,Mixed Outcome,contract,mixed
legal_common,-0.863906694498161,Expands Expression,Expands Expression,0.3823950024273913,0.0238709622793644,spec_p_pack_decision,Mixed Outcome,**,-0.864** (0.382),mixed,Mixed Outcome,expand,mixed
legal_civil,0.0156550803433072,Contracts Expression,Contracts Expression,0.4080437017041087,0.969395721200225,spec_p_pack_decision,Mixed Outcome,,0.016 (0.408),mixed,Mixed Outcome,contract,mixed
legal_civil,-0.0532336634579733,Expands Expression,Expands Expression,0.298871435368775,0.8586321950401914,spec_p_pack_decision,Mixed Outcome,,-0.053 (0.299),mixed,Mixed Outcome,expand,mixed
high_court,-0.4663222891955557,Contracts Expression,Contracts Expression,0.2994709342823836,0.1194339854555774,spec_p_pack_decision,Mixed Outcome,,-0.466 (0.299),mixed,Mixed Outcome,contract,mixed
high_court,-0.0584394003563613,Expands Expression,Expands Expression,0.1453244621589287,0.6875879786025585,spec_p_pack_decision,Mixed Outcome,,-0.058 (0.145),mixed,Mixed Outcome,expand,mixed
j_ind_lag1,0.2397244506556484,Contracts Expression,Contracts Expression,0.2228753605813767,0.2821067639498544,spec_p_pack_decision,Mixed Outcome,,0.24 (0.223),mixed,Mixed Outcome,contract,mixed
j_ind_lag1,0.3863936100507139,Expands Expression,Expands Expression,0.1775741848053449,0.0295585519787146,spec_p_pack_decision,Mixed Outcome,**,0.386** (0.178),mixed,Mixed Outcome,expand,mixed
wdj_govprot_lag1,0.2219129101795245,Contracts Expression,Contracts Expression,0.2717804698663211,0.4142054800489876,spec_govprot_pack_decision,Mixed Outcome,,0.222 (0.272),mixed,Mixed Outcome,contract,mixed
wdj_govprot_lag1,0.0680387495943248,Expands Expression,Expands Expression,0.1794163195411608,0.7045224610679164,spec_govprot_pack_decision,Mixed Outcome,,0.068 (0.179),mixed,Mixed Outcome,expand,mixed
v2jupack_lag1,0.5298492814515693,Contracts Expression,Contracts Expression,0.2566474525012484,0.0389701066513593,spec_govprot_pack_decision,Mixed Outcome,**,0.53** (0.257),mixed,Mixed Outcome,contract,mixed
v2jupack_lag1,0.2966967323954896,Expands Expression,Expands Expression,0.2283606076179497,0.1938593297984527,spec_govprot_pack_decision,Mixed Outcome,,0.297 (0.228),mixed,Mixed Outcome,expand,mixed
v2x_polyarchy_lag1,-6.776495040269953,Contracts Expression,Contracts Expression,1.8069470675985009,0.0001766615523883,spec_govprot_pack_decision,Mixed Outcome,***,-6.776*** (1.807),mixed,Mixed Outcome,contract,mixed
v2x_polyarchy_lag1,-3.3305488421085263,Expands Expression,Expands Expression,1.3209723345227826,0.0116926826579073,spec_govprot_pack_decision,Mixed Outcome,**,-3.331** (1.321),mixed,Mixed Outcome,expand,mixed
v2jureview_lag1,-0.4377374249435212,Contracts Expression,Contracts Expression,0.3768221601911442,0.2453755469058335,spec_govprot_pack_decision,Mixed Outcome,,-0.438 (0.377),mixed,Mixed Outcome,contract,mixed
v2jureview_lag1,0.2784864733289299,Expands Expression,Expands Expression,0.3521284193347752,0.4290220601342333,spec_govprot_pack_decision,Mixed Outcome,,0.278 (0.352),mixed,Mixed Outcome,expand,mixed
legal_common,0.4739915476326662,Contracts Expression,Contracts Expression,0.491298276627629,0.3346582822405031,spec_govprot_pack_decision,Mixed Outcome,,0.474 (0.491),mixed,Mixed Outcome,contract,mixed
legal_common,-0.9209324282252564,Expands Expression,Expands Expression,0.3876413557432606,0.0175141226745148,spec_govprot_pack_decision,Mixed Outcome,**,-0.921** (0.388),mixed,Mixed Outcome,expand,mixed
legal_civil,0.1341960362597175,Contracts Expression,Contracts Expression,0.4135686677521032,0.7455723279837511,spec_govprot_pack_decision,Mixed Outcome,,0.134 (0.414),mixed,Mixed Outcome,contract,mixed
legal_civil,0.019203059227321,Expands Expression,Expands Expression,0.2902784075061183,0.9472552700432496,spec_govprot_pack_decision,Mixed Outcome,,0.019 (0.29),mixed,Mixed Outcome,expand,mixed
high_court,-0.4098451275140911,Contracts Expression,Contracts Expression,0.2951654898621656,0.1649767574318903,spec_govprot_pack_decision,Mixed Outcome,,-0.41 (0.295),mixed,Mixed Outcome,contract,mixed
high_court,-0.0338064961622088,Expands Expression,Expands Expression,0.1380598944867874,0.8065583822567504,spec_govprot_pack_decision,Mixed Outcome,,-0.034 (0.138),mixed,Mixed Outcome,expand,mixed
j_ind_lag1,0.1743421017664921,Contracts Expression,Contracts Expression,0.2583169912701339,0.4997295495206456,spec_govprot_pack_decision,Mixed Outcome,,0.174 (0.258),mixed,Mixed Outcome,contract,mixed
j_ind_lag1,0.3565773697307969,Expands Expression,Expands Expression,0.200089485370477,0.0747346387906906,spec_govprot_pack_decision,Mixed Outcome,*,0.357* (0.2),mixed,Mixed Outcome,expand,mixed
wdj_citizen_lag1,0.8428627170165112,Contracts Expression,Contracts Expression,0.6304516232193227,0.181249097119259,spec_c_attack_decision,Mixed Outcome,,0.843 (0.63),mixed,Mixed Outcome,contract,mixed
wdj_citizen_lag1,0.5690610876938279,Expands Expression,Expands Expression,0.3903325335204708,0.1448714372286011,spec_c_attack_decision,Mixed Outcome,,0.569 (0.39),mixed,Mixed Outcome,expand,mixed
v2jupoatck_lag1,0.1844061128817235,Contracts Expression,Contracts Expression,0.0984354889314663,0.0610172802970613,spec_c_attack_decision,Mixed Outcome,*,0.184* (0.098),mixed,Mixed Outcome,contract,mixed
v2jupoatck_lag1,0.0612365147521328,Expands Expression,Expands Expression,0.0816664908092715,0.4533531892484054,spec_c_attack_decision,Mixed Outcome,,0.061 (0.082),mixed,Mixed Outcome,expand,mixed
v2x_polyarchy_lag1,-5.667771996252534,Contracts Expression,Contracts Expression,1.290914843118908,1.130861341704431e-05,spec_c_attack_decision,Mixed Outcome,***,-5.668*** (1.291),mixed,Mixed Outcome,contract,mixed
v2x_polyarchy_lag1,-2.566361266341611,Expands Expression,Expands Expression,0.9158094520218418,0.0050741651752772,spec_c_attack_decision,Mixed Outcome,***,-2.566*** (0.916),mixed,Mixed Outcome,expand,mixed
v2jureview_lag1,-0.2477668220787959,Contracts Expression,Contracts Expression,0.3330438094498739,0.4569087591926896,spec_c_attack_decision,Mixed Outcome,,-0.248 (0.333),mixed,Mixed Outcome,contract,mixed
v2jureview_lag1,0.3657734216911505,Expands Expression,Expands Expression,0.3639678984982268,0.314915790393804,spec_c_attack_decision,Mixed Outcome,,0.366 (0.364),mixed,Mixed Outcome,expand,mixed
legal_common,0.5680558260398505,Contracts Expression,Contracts Expression,0.4884498770464505,0.2448389560482373,spec_c_attack_decision,Mixed Outcome,,0.568 (0.488),mixed,Mixed Outcome,contract,mixed
legal_common,-0.8876713511818514,Expands Expression,Expands Expression,0.3780517003662322,0.018873722614238,spec_c_attack_decision,Mixed Outcome,**,-0.888** (0.378),mixed,Mixed Outcome,expand,mixed
legal_civil,-0.1513104772192698,Contracts Expression,Contracts Expression,0.3809644216663132,0.6912366104167744,spec_c_attack_decision,Mixed Outcome,,-0.151 (0.381),mixed,Mixed Outcome,contract,mixed
legal_civil,-0.220951966581009,Expands Expression,Expands Expression,0.2698042691639489,0.4128239069540788,spec_c_attack_decision,Mixed Outcome,,-0.221 (0.27),mixed,Mixed Outcome,expand,mixed
high_court,-0.5861151499210772,Contracts Expression,Contracts Expression,0.298942125573139,0.0499221024288352,spec_c_attack_decision,Mixed Outcome,**,-0.586** (0.299),mixed,Mixed Outcome,contract,mixed
high_court,-0.096251070085044,Expands Expression,Expands Expression,0.1515147021059175,0.525259543751585,spec_c_attack_decision,Mixed Outcome,,-0.096 (0.152),mixed,Mixed Outcome,expand,mixed
j_ind_lag1,0.2341730457434995,Contracts Expression,Contracts Expression,0.2251649643833163,0.2983368411691069,spec_c_attack_decision,Mixed Outcome,,0.234 (0.225),mixed,Mixed Outcome,contract,mixed
j_ind_lag1,0.3932995417865657,Expands Expression,Expands Expression,0.1788240820484972,0.0278519337204693,spec_c_attack_decision,Mixed Outcome,**,0.393** (0.179),mixed,Mixed Outcome,expand,mixed
wdj_intermediaries_lag1,0.1642863279898695,Contracts Expression,Contracts Expression,0.9362999785389108,0.8607155688446985,spec_im_attack_decision,Mixed Outcome,,0.164 (0.936),mixed,Mixed Outcome,contract,mixed
wdj_intermediaries_lag1,-0.6336627437939241,Expands Expression,Expands Expression,0.5128654730002032,0.2166318202533204,spec_im_attack_decision,Mixed Outcome,,-0.634 (0.513),mixed,Mixed Outcome,expand,mixed
v2jupoatck_lag1,0.1776400506688373,Contracts Expression,Contracts Expression,0.106065484351271,0.0939705598880032,spec_im_attack_decision,Mixed Outcome,*,0.178* (0.106),mixed,Mixed Outcome,contract,mixed
v2jupoatck_lag1,0.0574180976067396,Expands Expression,Expands Expression,0.0812612691313744,0.4798236195216073,spec_im_attack_decision,Mixed Outcome,,0.057 (0.081),mixed,Mixed Outcome,expand,mixed
v2x_polyarchy_lag1,-5.56931136724678,Contracts Expression,Contracts Expression,1.3688753557198072,4.73105345711372e-05,spec_im_attack_decision,Mixed Outcome,***,-5.569*** (1.369),mixed,Mixed Outcome,contract,mixed
v2x_polyarchy_lag1,-2.3958803608009056,Expands Expression,Expands Expression,0.9285099034552636,0.0098700276489908,spec_im_attack_decision,Mixed Outcome,***,-2.396*** (0.929),mixed,Mixed Outcome,expand,mixed
v2jureview_lag1,-0.2617716377048064,Contracts Expression,Contracts Expression,0.3558154086567955,0.461916297912546,spec_im_attack_decision,Mixed Outcome,,-0.262 (0.356),mixed,Mixed Outcome,contract,mixed
v2jureview_lag1,0.3600363789971252,Expands Expression,Expands Expression,0.3623059823861383,0.3203515709757062,spec_im_attack_decision,Mixed Outcome,,0.36 (0.362),mixed,Mixed Outcome,expand,mixed
legal_common,0.5241720556498456,Contracts Expression,Contracts Expression,0.4962670352316489,0.2908632168384771,spec_im_attack_decision,Mixed Outcome,,0.524 (0.496),mixed,Mixed Outcome,contract,mixed
legal_common,-0.9942856513004794,Expands Expression,Expands Expression,0.3864753923174134,0.0100908325259123,spec_im_attack_decision,Mixed Outcome,**,-0.994** (0.386),mixed,Mixed Outcome,expand,mixed
legal_civil,0.0638559170855599,Contracts Expression,Contracts Expression,0.4377108860793201,0.8840113354629024,spec_im_attack_decision,Mixed Outcome,,0.064 (0.438),mixed,Mixed Outcome,contract,mixed
legal_civil,0.0865798561457534,Expands Expression,Expands Expression,0.3016863832121834,0.7741228171646775,spec_im_attack_decision,Mixed Outcome,,0.087 (0.302),mixed,Mixed Outcome,expand,mixed
high_court,-0.5813406150101852,Contracts Expression,Contracts Expression,0.3052162196635067,0.0568210897967599,spec_im_attack_decision,Mixed Outcome,*,-0.581* (0.305),mixed,Mixed Outcome,contract,mixed
high_court,-0.1002230330539274,Expands Expression,Expands Expression,0.1546637922624881,0.5169812047220174,spec_im_attack_decision,Mixed Outcome,,-0.1 (0.155),mixed,Mixed Outcome,expand,mixed
j_ind_lag1,0.2142656375845743,Contracts Expression,Contracts Expression,0.2329991423320274,0.3577826651859225,spec_im_attack_decision,Mixed Outcome,,0.214 (0.233),mixed,Mixed Outcome,contract,mixed
j_ind_lag1,0.3644178975633994,Expands Expression,Expands Expression,0.1753238817739432,0.0376595476768238,spec_im_attack_decision,Mixed Outcome,**,0.364** (0.175),mixed,Mixed Outcome,expand,mixed
wdj_press_lag1,1.5189300653501496,Contracts Expression,Contracts Expression,0.507314342108559,0.0027529093746565,spec_p_attack_decision,Mixed Outcome,***,1.519*** (0.507),mixed,Mixed Outcome,contract,mixed
wdj_press_lag1,0.7003528809712746,Expands Expression,Expands Expression,0.3730710568125088,0.0604819136009448,spec_p_attack_decision,Mixed Outcome,*,0.7* (0.373),mixed,Mixed Outcome,expand,mixed
v2jupoatck_lag1,0.1671231601610582,Contracts Expression,Contracts Expression,0.1000552494992033,0.0948582900302097,spec_p_attack_decision,Mixed Outcome,*,0.167* (0.1),mixed,Mixed Outcome,contract,mixed
v2jupoatck_lag1,0.0534584036683719,Expands Expression,Expands Expression,0.0822268900786398,0.5156064015466674,spec_p_attack_decision,Mixed Outcome,,0.053 (0.082),mixed,Mixed Outcome,expand,mixed
v2x_polyarchy_lag1,-5.92160636096515,Contracts Expression,Contracts Expression,1.25577341460974,2.4111145757528134e-06,spec_p_attack_decision,Mixed Outcome,***,-5.922*** (1.256),mixed,Mixed Outcome,contract,mixed
v2x_polyarchy_lag1,-2.654275141531113,Expands Expression,Expands Expression,0.8862210822619357,0.0027440118812325,spec_p_attack_decision,Mixed Outcome,***,-2.654*** (0.886),mixed,Mixed Outcome,expand,mixed
v2jureview_lag1,-0.3147094249139098,Contracts Expression,Contracts Expression,0.3750586059268465,0.4014165642310416,spec_p_attack_decision,Mixed Outcome,,-0.315 (0.375),mixed,Mixed Outcome,contract,mixed
v2jureview_lag1,0.3500470652236808,Expands Expression,Expands Expression,0.3630172286263662,0.3349099669154514,spec_p_attack_decision,Mixed Outcome,,0.35 (0.363),mixed,Mixed Outcome,expand,mixed
legal_common,0.6840308971642672,Contracts Expression,Contracts Expression,0.4532040547216486,0.1312164888102285,spec_p_attack_decision,Mixed Outcome,,0.684 (0.453),mixed,Mixed Outcome,contract,mixed
legal_common,-0.8614329069661877,Expands Expression,Expands Expression,0.3758102713488623,0.0218940124173162,spec_p_attack_decision,Mixed Outcome,**,-0.861** (0.376),mixed,Mixed Outcome,expand,mixed
legal_civil,-0.1266368068794004,Contracts Expression,Contracts Expression,0.3909374487060961,0.7459901803883965,spec_p_attack_decision,Mixed Outcome,,-0.127 (0.391),mixed,Mixed Outcome,contract,mixed
legal_civil,-0.1693426240398165,Expands Expression,Expands Expression,0.276458194356962,0.5401783366047588,spec_p_attack_decision,Mixed Outcome,,-0.169 (0.276),mixed,Mixed Outcome,expand,mixed
high_court,-0.5939106066402409,Contracts Expression,Contracts Expression,0.3032626248720127,0.0501826764166515,spec_p_attack_decision,Mixed Outcome,*,-0.594* (0.303),mixed,Mixed Outcome,contract,mixed
high_court,-0.0991072577258155,Expands Expression,Expands Expression,0.1527877695884753,0.5165584050875862,spec_p_attack_decision,Mixed Outcome,,-0.099 (0.153),mixed,Mixed Outcome,expand,mixed
j_ind_lag1,0.2287124508600547,Contracts Expression,Contracts Expression,0.2192871404163652,0.2969568183165149,spec_p_attack_decision,Mixed Outcome,,0.229 (0.219),mixed,Mixed Outcome,contract,mixed
j_ind_lag1,0.3816995888252572,Expands Expression,Expands Expression,0.1737109531470669,0.0279971741133573,spec_p_attack_decision,Mixed Outcome,**,0.382** (0.174),mixed,Mixed Outcome,expand,mixed
wdj_govprot_lag1,0.3967373434157913,Contracts Expression,Contracts Expression,0.3253326845970221,0.2226613146919824,spec_govprot_attack_decision,Mixed Outcome,,0.397 (0.325),mixed,Mixed Outcome,contract,mixed
wdj_govprot_lag1,0.1266383312256439,Expands Expression,Expands Expression,0.2160339566693662,0.5577435296004096,spec_govprot_attack_decision,Mixed Outcome,,0.127 (0.216),mixed,Mixed Outcome,expand,mixed
v2jupoatck_lag1,0.2521734271439799,Contracts Expression,Contracts Expression,0.1212593382861495,0.0375603389468216,spec_govprot_attack_decision,Mixed Outcome,**,0.252** (0.121),mixed,Mixed Outcome,contract,mixed
v2jupoatck_lag1,0.0909426062111643,Expands Expression,Expands Expression,0.0930761778148672,0.3285309609603133,spec_govprot_attack_decision,Mixed Outcome,,0.091 (0.093),mixed,Mixed Outcome,expand,mixed
v2x_polyarchy_lag1,-5.468936455323292,Contracts Expression,Contracts Expression,1.291875499243985,2.302553401921649e-05,spec_govprot_attack_decision,Mixed Outcome,***,-5.469*** (1.292),mixed,Mixed Outcome,contract,mixed
v2x_polyarchy_lag1,-2.4357753316195616,Expands Expression,Expands Expression,0.9357562246801364,0.0092411412516549,spec_govprot_attack_decision,Mixed Outcome,***,-2.436*** (0.936),mixed,Mixed Outcome,expand,mixed
v2jureview_lag1,-0.2539053026303731,Contracts Expression,Contracts Expression,0.3637111446717124,0.4851171467609516,spec_govprot_attack_decision,Mixed Outcome,,-0.254 (0.364),mixed,Mixed Outcome,contract,mixed
v2jureview_lag1,0.3656369333460002,Expands Expression,Expands Expression,0.3539056219964946,0.3015345801511461,spec_govprot_attack_decision,Mixed Outcome,,0.366 (0.354),mixed,Mixed Outcome,expand,mixed
legal_common,0.417139029238887,Contracts Expression,Contracts Expression,0.4874855990239347,0.3921664616777621,spec_govprot_attack_decision,Mixed Outcome,,0.417 (0.487),mixed,Mixed Outcome,contract,mixed
legal_common,-0.9450597771157864,Expands Expression,Expands Expression,0.3784486985737795,0.0125180491241709,spec_govprot_attack_decision,Mixed Outcome,**,-0.945** (0.378),mixed,Mixed Outcome,expand,mixed
legal_civil,-0.0309765430399569,Contracts Expression,Contracts Expression,0.393816436843631,0.9373051989125124,spec_govprot_attack_decision,Mixed Outcome,,-0.031 (0.394),mixed,Mixed Outcome,contract,mixed
legal_civil,-0.1068234629756617,Expands Expression,Expands Expression,0.277252690861581,0.7000205022597386,spec_govprot_attack_decision,Mixed Outcome,,-0.107 (0.277),mixed,Mixed Outcome,expand,mixed
high_court,-0.5437128261713549,Contracts Expression,Contracts Expression,0.2904756203473542,0.061234011463857,spec_govprot_attack_decision,Mixed Outcome,*,-0.544* (0.29),mixed,Mixed Outcome,contract,mixed
high_court,-0.0814167763948084,Expands Expression,Expands Expression,0.1459458021819363,0.5769425555356539,spec_govprot_attack_decision,Mixed Outcome,,-0.081 (0.146),mixed,Mixed Outcome,expand,mixed
j_ind_lag1,0.142550171532143,Contracts Expression,Contracts Expression,0.2482720662232629,0.5658533151969913,spec_govprot_attack_decision,Mixed Outcome,,0.143 (0.248),mixed,Mixed Outcome,contract,mixed
j_ind_lag1,0.3422230695811791,Expands Expression,Expands Expression,0.1968364457246693,0.0821022625955446,spec_govprot_attack_decision,Mixed Outcome,*,0.342* (0.197),mixed,Mixed Outcome,expand,mixed
wdj_expression_lag1,0.1048224213986628,Expands Expression,Expands Expression,0.2809740308819084,0.7090978301079354,spec_base_1,Contracts Expression,,0.105 (0.281),contract,Contracts Expression,expand,contract
wdj_expression_lag1,0.1729397084276864,Mixed Outcome,Mixed Outcome,0.288621497671872,0.5490448200002638,spec_base_1,Contracts Expression,,0.173 (0.289),contract,Contracts Expression,mixed,contract
v2jureform_lag1,-0.2119762932927631,Expands Expression,Expands Expression,0.1530716326853804,0.1661082433011401,spec_base_1,Contracts Expression,,-0.212 (0.153),contract,Contracts Expression,expand,contract
v2jureform_lag1,-0.0280342550447294,Mixed Outcome,Mixed Outcome,0.1796953527111565,0.8760252131511899,spec_base_1,Contracts Expression,,-0.028 (0.18),contract,Contracts Expression,mixed,contract
wdj_expression_lag1,0.0422586521148366,Expands Expression,Expands Expression,0.308597139643875,0.891079860989495,spec_base_2,Contracts Expression,,0.042 (0.309),contract,Contracts Expression,expand,contract
wdj_expression_lag1,0.1831132473554372,Mixed Outcome,Mixed Outcome,0.3227688344560709,0.5704967235550433,spec_base_2,Contracts Expression,,0.183 (0.323),contract,Contracts Expression,mixed,contract
v2jupoatck_lag1,-0.1190073719523265,Expands Expression,Expands Expression,0.1213137018649988,0.3265983088569223,spec_base_2,Contracts Expression,,-0.119 (0.121),contract,Contracts Expression,expand,contract
v2jupoatck_lag1,0.0215017620195013,Mixed Outcome,Mixed Outcome,0.1424206626367285,0.8799965309736935,spec_base_2,Contracts Expression,,0.022 (0.142),contract,Contracts Expression,mixed,contract
wdj_expression_lag1,0.0742993741781771,Expands Expression,Expands Expression,0.2870381912511717,0.7957522186961419,spec_base_3,Contracts Expression,,0.074 (0.287),contract,Contracts Expression,expand,contract
wdj_expression_lag1,0.0695518284173982,Mixed Outcome,Mixed Outcome,0.2870374095433268,0.8085405225865111,spec_base_3,Contracts Expression,,0.07 (0.287),contract,Contracts Expression,mixed,contract
v2jupack_lag1,0.0322154613246636,Expands Expression,Expands Expression,0.1605750519158035,0.8409913625716805,spec_base_3,Contracts Expression,,0.032 (0.161),contract,Contracts Expression,expand,contract
v2jupack_lag1,0.2559636519399431,Mixed Outcome,Mixed Outcome,0.1931497036616858,0.1851019676451192,spec_base_3,Contracts Expression,,0.256 (0.193),contract,Contracts Expression,mixed,contract
wdj_expression_lag1,-0.0805896495937538,Expands Expression,Expands Expression,0.1961946839972414,0.6812458306483871,spec_extended_1,Contracts Expression,,-0.081 (0.196),contract,Contracts Expression,expand,contract
wdj_expression_lag1,-0.0928708184758104,Mixed Outcome,Mixed Outcome,0.2409587356037625,0.6999247220067604,spec_extended_1,Contracts Expression,,-0.093 (0.241),contract,Contracts Expression,mixed,contract
v2jureform_lag1,-0.3347437869690967,Expands Expression,Expands Expression,0.1238966973496676,0.0068965751594733,spec_extended_1,Contracts Expression,***,-0.335*** (0.124),contract,Contracts Expression,expand,contract
v2jureform_lag1,-0.1839669045061707,Mixed Outcome,Mixed Outcome,0.2503970990986772,0.4625218413026126,spec_extended_1,Contracts Expression,,-0.184 (0.25),contract,Contracts Expression,mixed,contract
v2x_polyarchy_lag1,3.4870241754507907,Expands Expression,Expands Expression,1.2153318028064442,0.0041151774517157,spec_extended_1,Contracts Expression,***,3.487*** (1.215),contract,Contracts Expression,expand,contract
v2x_polyarchy_lag1,5.182032176477089,Mixed Outcome,Mixed Outcome,1.4400213204780967,0.0003199592144689,spec_extended_1,Contracts Expression,***,5.182*** (1.44),contract,Contracts Expression,mixed,contract
v2jureview_lag1,0.8298983624956945,Expands Expression,Expands Expression,0.3226043928899029,0.010096825631112,spec_extended_1,Contracts Expression,**,0.83** (0.323),contract,Contracts Expression,expand,contract
v2jureview_lag1,0.3822903153701986,Mixed Outcome,Mixed Outcome,0.3732216977499961,0.3056944451461181,spec_extended_1,Contracts Expression,,0.382 (0.373),contract,Contracts Expression,mixed,contract
legal_common,-2.190248000733217,Expands Expression,Expands Expression,0.3491915186725637,3.5566140401459436e-10,spec_extended_1,Contracts Expression,***,-2.19*** (0.349),contract,Contracts Expression,expand,contract
legal_common,-0.8534641573592546,Mixed Outcome,Mixed Outcome,0.5399293379294566,0.1139475580704018,spec_extended_1,Contracts Expression,,-0.853 (0.54),contract,Contracts Expression,mixed,contract
legal_civil,-0.6711549970475748,Expands Expression,Expands Expression,0.3679223459699098,0.0681255164902306,spec_extended_1,Contracts Expression,*,-0.671* (0.368),contract,Contracts Expression,expand,contract
legal_civil,-0.3494616224583914,Mixed Outcome,Mixed Outcome,0.4862646046526771,0.4723470106915814,spec_extended_1,Contracts Expression,,-0.349 (0.486),contract,Contracts Expression,mixed,contract
high_court,0.4180729147978574,Expands Expression,Expands Expression,0.2787670529427246,0.13368658492969,spec_extended_1,Contracts Expression,,0.418 (0.279),contract,Contracts Expression,expand,contract
high_court,0.4564806914882955,Mixed Outcome,Mixed Outcome,0.2745915079614206,0.0964327677340418,spec_extended_1,Contracts Expression,*,0.456* (0.275),contract,Contracts Expression,mixed,contract
j_ind_lag1,0.2483863422956331,Expands Expression,Expands Expression,0.2645733677154308,0.3478239969450424,spec_extended_1,Contracts Expression,,0.248 (0.265),contract,Contracts Expression,expand,contract
j_ind_lag1,-0.1381504426205579,Mixed Outcome,Mixed Outcome,0.2668305857740212,0.6046355666206906,spec_extended_1,Contracts Expression,,-0.138 (0.267),contract,Contracts Expression,mixed,contract
wdj_expression_lag1,-0.1545342104605513,Expands Expression,Expands Expression,0.2669298522365204,0.5626351146530444,spec_extended_1_spline,Contracts Expression,,-0.155 (0.267),contract,Contracts Expression,expand,contract
wdj_expression_lag1,-0.3795570984685646,Mixed Outcome,Mixed Outcome,0.4197346880588091,0.3658476882543765,spec_extended_1_spline,Contracts Expression,,-0.38 (0.42),contract,Contracts Expression,mixed,contract
v2jureform_lag1,-0.3651950811949923,Expands Expression,Expands Expression,0.1185411890920697,0.0020648395425495,spec_extended_1_spline,Contracts Expression,***,-0.365*** (0.119),contract,Contracts Expression,expand,contract
v2jureform_lag1,-0.1564663572401381,Mixed Outcome,Mixed Outcome,0.2379191423118476,0.5107662097029544,spec_extended_1_spline,Contracts Expression,,-0.156 (0.238),contract,Contracts Expression,mixed,contract
v2x_polyarchy_lag1,3.1733348855504184,Expands Expression,Expands Expression,1.233297213033892,0.0100806763285842,spec_extended_1_spline,Contracts Expression,**,3.173** (1.233),contract,Contracts Expression,expand,contract
v2x_polyarchy_lag1,4.428064669789881,Mixed Outcome,Mixed Outcome,1.5333132577015074,0.0038781565954771,spec_extended_1_spline,Contracts Expression,***,4.428*** (1.533),contract,Contracts Expression,mixed,contract
v2jureview_lag1,0.7836166889924163,Expands Expression,Expands Expression,0.328559728410581,0.017078875953832,spec_extended_1_spline,Contracts Expression,**,0.784** (0.329),contract,Contracts Expression,expand,contract
v2jureview_lag1,0.3690547721284798,Mixed Outcome,Mixed Outcome,0.3611092314646966,0.3067794094266233,spec_extended_1_spline,Contracts Expression,,0.369 (0.361),contract,Contracts Expression,mixed,contract
legal_common,-2.200576573938376,Expands Expression,Expands Expression,0.3749428598129982,4.381710896722055e-09,spec_extended_1_spline,Contracts Expression,***,-2.201*** (0.375),contract,Contracts Expression,expand,contract
legal_common,-0.6355143528670896,Mixed Outcome,Mixed Outcome,0.5137731738395435,0.2161037484888915,spec_extended_1_spline,Contracts Expression,,-0.636 (0.514),contract,Contracts Expression,mixed,contract
legal_civil,-0.6949523416394682,Expands Expression,Expands Expression,0.3606894689994425,0.0540128995751485,spec_extended_1_spline,Contracts Expression,*,-0.695* (0.361),contract,Contracts Expression,expand,contract
legal_civil,-0.2858330905301173,Mixed Outcome,Mixed Outcome,0.4497530120580587,0.5250805474536062,spec_extended_1_spline,Contracts Expression,,-0.286 (0.45),contract,Contracts Expression,mixed,contract
high_court,0.269079737149665,Expands Expression,Expands Expression,0.3164991583674708,0.3952276842839307,spec_extended_1_spline,Contracts Expression,,0.269 (0.316),contract,Contracts Expression,expand,contract
high_court,0.4806523735736385,Mixed Outcome,Mixed Outcome,0.2776586607301406,0.0834355578539264,spec_extended_1_spline,Contracts Expression,*,0.481* (0.278),contract,Contracts Expression,mixed,contract
j_ind_lag1,0.3212825542072359,Expands Expression,Expands Expression,0.2675203553352198,0.2297648208707334,spec_extended_1_spline,Contracts Expression,,0.321 (0.268),contract,Contracts Expression,expand,contract
j_ind_lag1,-0.0398901546335057,Mixed Outcome,Mixed Outcome,0.2805081353337402,0.8869166879747793,spec_extended_1_spline,Contracts Expression,,-0.04 (0.281),contract,Contracts Expression,mixed,contract
v2x_polyarchy_lag1,-154.3711450460839,Expands Expression,Expands Expression,102.98758207191204,0.133891871661379,spec_extended_1_spline_interact,Contracts Expression,,-154.371 (102.988),contract,Contracts Expression,expand,contract
v2x_polyarchy_lag1,-181.4038587514762,Mixed Outcome,Mixed Outcome,166.63347130958206,0.2763126793706274,spec_extended_1_spline_interact,Contracts Expression,,-181.404 (166.633),contract,Contracts Expression,mixed,contract
wdj_expression_lag1,-0.1256648771705754,Expands Expression,Expands Expression,0.3669425828757656,0.7320012140127121,spec_extended_1_spline_interact,Contracts Expression,,-0.126 (0.367),contract,Contracts Expression,expand,contract
wdj_expression_lag1,-0.5166472720910246,Mixed Outcome,Mixed Outcome,0.507220939569276,0.3084003736510503,spec_extended_1_spline_interact,Contracts Expression,,-0.517 (0.507),contract,Contracts Expression,mixed,contract
v2jureform_lag1,-0.4066568913027084,Expands Expression,Expands Expression,0.1280933527914995,0.0014999582672614,spec_extended_1_spline_interact,Contracts Expression,***,-0.407*** (0.128),contract,Contracts Expression,expand,contract
v2jureform_lag1,-0.2048699369246862,Mixed Outcome,Mixed Outcome,0.2332386179071158,0.3797426520208821,spec_extended_1_spline_interact,Contracts Expression,,-0.205 (0.233),contract,Contracts Expression,mixed,contract
v2jureview_lag1,0.822428457885262,Expands Expression,Expands Expression,0.3153570702217546,0.0091092176157111,spec_extended_1_spline_interact,Contracts Expression,***,0.822*** (0.315),contract,Contracts Expression,expand,contract
v2jureview_lag1,0.2744822616271168,Mixed Outcome,Mixed Outcome,0.363216989502965,0.4498304335634305,spec_extended_1_spline_interact,Contracts Expression,,0.274 (0.363),contract,Contracts Expression,mixed,contract
legal_common,-2.287600116546324,Expands Expression,Expands Expression,0.3883714584509298,3.856410570857282e-09,spec_extended_1_spline_interact,Contracts Expression,***,-2.288*** (0.388),contract,Contracts Expression,expand,contract
legal_common,-0.6120593390293257,Mixed Outcome,Mixed Outcome,0.4895881737874663,0.2112442478073365,spec_extended_1_spline_interact,Contracts Expression,,-0.612 (0.49),contract,Contracts Expression,mixed,contract
legal_civil,-0.7241027717386053,Expands Expression,Expands Expression,0.364414289837077,0.0469188761848922,spec_extended_1_spline_interact,Contracts Expression,**,-0.724** (0.364),contract,Contracts Expression,expand,contract
legal_civil,-0.3321469066624674,Mixed Outcome,Mixed Outcome,0.4420947511090639,0.4524706046986783,spec_extended_1_spline_interact,Contracts Expression,,-0.332 (0.442),contract,Contracts Expression,mixed,contract
high_court,0.2208916446271724,Expands Expression,Expands Expression,0.3186736057548726,0.488209446634856,spec_extended_1_spline_interact,Contracts Expression,,0.221 (0.319),contract,Contracts Expression,expand,contract
high_court,0.4310810295119867,Mixed Outcome,Mixed Outcome,0.280856731574371,0.1248136138237307,spec_extended_1_spline_interact,Contracts Expression,,0.431 (0.281),contract,Contracts Expression,mixed,contract
j_ind_lag1,0.3500186391250158,Expands Expression,Expands Expression,0.2715641139171512,0.1974332987395565,spec_extended_1_spline_interact,Contracts Expression,,0.35 (0.272),contract,Contracts Expression,expand,contract
j_ind_lag1,-0.0517668878892137,Mixed Outcome,Mixed Outcome,0.2789325930726561,0.8527668924063678,spec_extended_1_spline_interact,Contracts Expression,,-0.052 (0.279),contract,Contracts Expression,mixed,contract
wdj_expression_lag1,-0.2790170359281681,Expands Expression,Expands Expression,0.212486656018821,0.1891479728469564,spec_extended_2,Contracts Expression,,-0.279 (0.212),contract,Contracts Expression,expand,contract
wdj_expression_lag1,-0.3171716406020458,Mixed Outcome,Mixed Outcome,0.2639589522052704,0.2295206508191596,spec_extended_2,Contracts Expression,,-0.317 (0.264),contract,Contracts Expression,mixed,contract
v2jupoatck_lag1,-0.1934599453212193,Expands Expression,Expands Expression,0.1017361457636037,0.057225409149407,spec_extended_2,Contracts Expression,*,-0.193* (0.102),contract,Contracts Expression,expand,contract
v2jupoatck_lag1,-0.233449173879824,Mixed Outcome,Mixed Outcome,0.1276360693417597,0.0673963183691569,spec_extended_2,Contracts Expression,*,-0.233* (0.128),contract,Contracts Expression,mixed,contract
v2x_polyarchy_lag1,3.3924595938373896,Expands Expression,Expands Expression,1.1085991309945602,0.0022123951435302,spec_extended_2,Contracts Expression,***,3.392*** (1.109),contract,Contracts Expression,expand,contract
v2x_polyarchy_lag1,5.515180377852426,Mixed Outcome,Mixed Outcome,1.2979429438592875,2.145639261420366e-05,spec_extended_2,Contracts Expression,***,5.515*** (1.298),contract,Contracts Expression,mixed,contract
v2jureview_lag1,0.7729975942232921,Expands Expression,Expands Expression,0.3215703684735855,0.0162247170235032,spec_extended_2,Contracts Expression,**,0.773** (0.322),contract,Contracts Expression,expand,contract
v2jureview_lag1,0.2842011759360477,Mixed Outcome,Mixed Outcome,0.3638650917046538,0.4347660630848692,spec_extended_2,Contracts Expression,,0.284 (0.364),contract,Contracts Expression,mixed,contract
legal_common,-1.712319504911708,Expands Expression,Expands Expression,0.3252605000325699,1.406052701051132e-07,spec_extended_2,Contracts Expression,***,-1.712*** (0.325),contract,Contracts Expression,expand,contract
legal_common,-0.5300304684169949,Mixed Outcome,Mixed Outcome,0.4765744930849706,0.2660663138652389,spec_extended_2,Contracts Expression,,-0.53 (0.477),contract,Contracts Expression,mixed,contract
legal_civil,-0.3519858498800989,Expands Expression,Expands Expression,0.3277137338152067,0.2827935521938337,spec_extended_2,Contracts Expression,,-0.352 (0.328),contract,Contracts Expression,expand,contract
legal_civil,-0.1991011945788439,Mixed Outcome,Mixed Outcome,0.4264834681180258,0.6406115831405652,spec_extended_2,Contracts Expression,,-0.199 (0.426),contract,Contracts Expression,mixed,contract
high_court,0.5132355165118864,Expands Expression,Expands Expression,0.2819957152354668,0.0687572148237656,spec_extended_2,Contracts Expression,*,0.513* (0.282),contract,Contracts Expression,expand,contract
high_court,0.5374338034321005,Mixed Outcome,Mixed Outcome,0.273124805640197,0.0490999847677682,spec_extended_2,Contracts Expression,**,0.537** (0.273),contract,Contracts Expression,mixed,contract
j_ind_lag1,0.1806953113276968,Expands Expression,Expands Expression,0.2678971557724503,0.4999966178203748,spec_extended_2,Contracts Expression,,0.181 (0.268),contract,Contracts Expression,expand,contract
j_ind_lag1,-0.1784884351268988,Mixed Outcome,Mixed Outcome,0.2525953108388495,0.4798037971371518,spec_extended_2,Contracts Expression,,-0.178 (0.253),contract,Contracts Expression,mixed,contract
wdj_expression_lag1,-0.4761370414986539,Expands Expression,Expands Expression,0.276558528742417,0.0851329067907861,spec_extended_2_spline,Contracts Expression,*,-0.476* (0.277),contract,Contracts Expression,expand,contract
wdj_expression_lag1,-0.6126605379026173,Mixed Outcome,Mixed Outcome,0.4727251284775084,0.1949690923885489,spec_extended_2_spline,Contracts Expression,,-0.613 (0.473),contract,Contracts Expression,mixed,contract
v2jupoatck_lag1,-0.266439023020992,Expands Expression,Expands Expression,0.0989466402065402,0.0070864401501047,spec_extended_2_spline,Contracts Expression,***,-0.266*** (0.099),contract,Contracts Expression,expand,contract
v2jupoatck_lag1,-0.2269414554100853,Mixed Outcome,Mixed Outcome,0.1460604424273098,0.1202439911272279,spec_extended_2_spline,Contracts Expression,,-0.227 (0.146),contract,Contracts Expression,mixed,contract
v2x_polyarchy_lag1,3.373124850327517,Expands Expression,Expands Expression,1.193614036864502,0.0047136767403739,spec_extended_2_spline,Contracts Expression,***,3.373*** (1.194),contract,Contracts Expression,expand,contract
v2x_polyarchy_lag1,4.894216736745683,Mixed Outcome,Mixed Outcome,1.54482054208719,0.0015341455317336,spec_extended_2_spline,Contracts Expression,***,4.894*** (1.545),contract,Contracts Expression,mixed,contract
v2jureview_lag1,0.6798508683484797,Expands Expression,Expands Expression,0.320847235283328,0.0340969005434113,spec_extended_2_spline,Contracts Expression,**,0.68** (0.321),contract,Contracts Expression,expand,contract
v2jureview_lag1,0.2729145186976303,Mixed Outcome,Mixed Outcome,0.3615472943544526,0.4503380871076232,spec_extended_2_spline,Contracts Expression,,0.273 (0.362),contract,Contracts Expression,mixed,contract
legal_common,-1.6647909687136049,Expands Expression,Expands Expression,0.3252222541683566,3.072688897718553e-07,spec_extended_2_spline,Contracts Expression,***,-1.665*** (0.325),contract,Contracts Expression,expand,contract
legal_common,-0.3574015304017237,Mixed Outcome,Mixed Outcome,0.4573366417283395,0.4345175463435655,spec_extended_2_spline,Contracts Expression,,-0.357 (0.457),contract,Contracts Expression,mixed,contract
legal_civil,-0.3461799821781209,Expands Expression,Expands Expression,0.3120774570231527,0.2673112058020689,spec_extended_2_spline,Contracts Expression,,-0.346 (0.312),contract,Contracts Expression,expand,contract
legal_civil,-0.1783064771375593,Mixed Outcome,Mixed Outcome,0.4084122645765904,0.6624126828576399,spec_extended_2_spline,Contracts Expression,,-0.178 (0.408),contract,Contracts Expression,mixed,contract
high_court,0.3632930970195369,Expands Expression,Expands Expression,0.335192115937483,0.2784377652140374,spec_extended_2_spline,Contracts Expression,,0.363 (0.335),contract,Contracts Expression,expand,contract
high_court,0.5413704820717589,Mixed Outcome,Mixed Outcome,0.2991354006167688,0.0703292796088304,spec_extended_2_spline,Contracts Expression,*,0.541* (0.299),contract,Contracts Expression,mixed,contract
j_ind_lag1,0.2200953457518857,Expands Expression,Expands Expression,0.2638230283214446,0.4041380187898382,spec_extended_2_spline,Contracts Expression,,0.22 (0.264),contract,Contracts Expression,expand,contract
j_ind_lag1,-0.1067508895652402,Mixed Outcome,Mixed Outcome,0.2636755567485143,0.685582642308011,spec_extended_2_spline,Contracts Expression,,-0.107 (0.264),contract,Contracts Expression,mixed,contract
v2x_polyarchy_lag1,-174.79688069566564,Expands Expression,Expands Expression,102.53753497352513,0.0882483065120618,spec_extended_2_spline_interact,Contracts Expression,*,-174.797* (102.538),contract,Contracts Expression,expand,contract
v2x_polyarchy_lag1,-188.95485806503672,Mixed Outcome,Mixed Outcome,164.35484732529196,0.2502772560697651,spec_extended_2_spline_interact,Contracts Expression,,-188.955 (164.355),contract,Contracts Expression,mixed,contract
wdj_expression_lag1,-0.5088439380138793,Expands Expression,Expands Expression,0.366046317181606,0.1644960643501276,spec_extended_2_spline_interact,Contracts Expression,,-0.509 (0.366),contract,Contracts Expression,expand,contract
wdj_expression_lag1,-0.768985889905499,Mixed Outcome,Mixed Outcome,0.5561475676789444,0.1667565144632475,spec_extended_2_spline_interact,Contracts Expression,,-0.769 (0.556),contract,Contracts Expression,mixed,contract
v2jupoatck_lag1,-0.2792130090806963,Expands Expression,Expands Expression,0.0887292339810125,0.001650687471648,spec_extended_2_spline_interact,Contracts Expression,***,-0.279*** (0.089),contract,Contracts Expression,expand,contract
v2jupoatck_lag1,-0.2235109398334449,Mixed Outcome,Mixed Outcome,0.1517152184151974,0.1406898658815991,spec_extended_2_spline_interact,Contracts Expression,,-0.224 (0.152),contract,Contracts Expression,mixed,contract
v2jureview_lag1,0.731758584052056,Expands Expression,Expands Expression,0.3015669956670938,0.0152443769370935,spec_extended_2_spline_interact,Contracts Expression,**,0.732** (0.302),contract,Contracts Expression,expand,contract
v2jureview_lag1,0.1960909313151046,Mixed Outcome,Mixed Outcome,0.3599620049855709,0.5859223582108878,spec_extended_2_spline_interact,Contracts Expression,,0.196 (0.36),contract,Contracts Expression,mixed,contract
legal_common,-1.6954092989022356,Expands Expression,Expands Expression,0.3257650845682356,1.94632457114718e-07,spec_extended_2_spline_interact,Contracts Expression,***,-1.695*** (0.326),contract,Contracts Expression,expand,contract
legal_common,-0.2885473960827294,Mixed Outcome,Mixed Outcome,0.4514206322742544,0.5226938005106132,spec_extended_2_spline_interact,Contracts Expression,,-0.289 (0.451),contract,Contracts Expression,mixed,contract
legal_civil,-0.3026198088784649,Expands Expression,Expands Expression,0.3038802777505154,0.3193220178971981,spec_extended_2_spline_interact,Contracts Expression,,-0.303 (0.304),contract,Contracts Expression,expand,contract
legal_civil,-0.166461047157399,Mixed Outcome,Mixed Outcome,0.4072049777214715,0.6826942760417416,spec_extended_2_spline_interact,Contracts Expression,,-0.166 (0.407),contract,Contracts Expression,mixed,contract
high_court,0.3323731062699421,Expands Expression,Expands Expression,0.3446427844402135,0.3348459966915792,spec_extended_2_spline_interact,Contracts Expression,,0.332 (0.345),contract,Contracts Expression,expand,contract
high_court,0.5079215848709752,Mixed Outcome,Mixed Outcome,0.3040430968584073,0.0948090421197137,spec_extended_2_spline_interact,Contracts Expression,*,0.508* (0.304),contract,Contracts Expression,mixed,contract
j_ind_lag1,0.2261846846380625,Expands Expression,Expands Expression,0.2666120046246273,0.3962339111700022,spec_extended_2_spline_interact,Contracts Expression,,0.226 (0.267),contract,Contracts Expression,expand,contract
j_ind_lag1,-0.1345448607936652,Mixed Outcome,Mixed Outcome,0.2595312421071186,0.6041688267585621,spec_extended_2_spline_interact,Contracts Expression,,-0.135 (0.26),contract,Contracts Expression,mixed,contract
wdj_expression_lag1,-0.1368959147972334,Expands Expression,Expands Expression,0.2095319719004073,0.513536199105628,spec_extended_3,Contracts Expression,,-0.137 (0.21),contract,Contracts Expression,expand,contract
wdj_expression_lag1,-0.1731318911216227,Mixed Outcome,Mixed Outcome,0.2135309461247443,0.4174778446463884,spec_extended_3,Contracts Expression,,-0.173 (0.214),contract,Contracts Expression,mixed,contract
v2jupack_lag1,-0.2561006922479872,Expands Expression,Expands Expression,0.1569222469033168,0.1026746731661062,spec_extended_3,Contracts Expression,,-0.256 (0.157),contract,Contracts Expression,expand,contract
v2jupack_lag1,-0.5690310345853926,Mixed Outcome,Mixed Outcome,0.2398947754608675,0.0176919655260798,spec_extended_3,Contracts Expression,**,-0.569** (0.24),contract,Contracts Expression,mixed,contract
v2x_polyarchy_lag1,3.830151078980344,Expands Expression,Expands Expression,1.207176973342618,0.001509678836945,spec_extended_3,Contracts Expression,***,3.83*** (1.207),contract,Contracts Expression,expand,contract
v2x_polyarchy_lag1,7.050933497459797,Mixed Outcome,Mixed Outcome,1.7728464667844237,6.973671700526207e-05,spec_extended_3,Contracts Expression,***,7.051*** (1.773),contract,Contracts Expression,mixed,contract
v2jureview_lag1,0.9034207715493155,Expands Expression,Expands Expression,0.3229083684235087,0.0051458009938852,spec_extended_3,Contracts Expression,***,0.903*** (0.323),contract,Contracts Expression,expand,contract
v2jureview_lag1,0.4727265098843766,Mixed Outcome,Mixed Outcome,0.3824374629000565,0.2164257079166052,spec_extended_3,Contracts Expression,,0.473 (0.382),contract,Contracts Expression,mixed,contract
legal_common,-1.7877253510173974,Expands Expression,Expands Expression,0.3398650831359936,1.4397471321589772e-07,spec_extended_3,Contracts Expression,***,-1.788*** (0.34),contract,Contracts Expression,expand,contract
legal_common,-0.6217378676154822,Mixed Outcome,Mixed Outcome,0.47962817114153,0.194875114527278,spec_extended_3,Contracts Expression,,-0.622 (0.48),contract,Contracts Expression,mixed,contract
legal_civil,-0.4229064704465324,Expands Expression,Expands Expression,0.3396350827663015,0.2130659625236607,spec_extended_3,Contracts Expression,,-0.423 (0.34),contract,Contracts Expression,expand,contract
legal_civil,-0.3830127316647957,Mixed Outcome,Mixed Outcome,0.4254584725838342,0.3679950492853218,spec_extended_3,Contracts Expression,,-0.383 (0.425),contract,Contracts Expression,mixed,contract
high_court,0.4210709330286871,Expands Expression,Expands Expression,0.2849743708198365,0.1395216385236354,spec_extended_3,Contracts Expression,,0.421 (0.285),contract,Contracts Expression,expand,contract
high_court,0.4015333844143733,Mixed Outcome,Mixed Outcome,0.2664036841264808,0.1317500206541114,spec_extended_3,Contracts Expression,,0.402 (0.266),contract,Contracts Expression,mixed,contract
j_ind_lag1,0.1616353187335887,Expands Expression,Expands Expression,0.2798819093241856,0.5635932545460758,spec_extended_3,Contracts Expression,,0.162 (0.28),contract,Contracts Expression,expand,contract
j_ind_lag1,-0.1957178746916384,Mixed Outcome,Mixed Outcome,0.2637107528572479,0.4579851115025942,spec_extended_3,Contracts Expression,,-0.196 (0.264),contract,Contracts Expression,mixed,contract
wdj_expression_lag1,-0.267691495497212,Expands Expression,Expands Expression,0.2803263410674831,0.3396140669077281,spec_extended_3_spline,Contracts Expression,,-0.268 (0.28),contract,Contracts Expression,expand,contract
wdj_expression_lag1,-0.4538852881578804,Mixed Outcome,Mixed Outcome,0.3945948891446184,0.2500382915815922,spec_extended_3_spline,Contracts Expression,,-0.454 (0.395),contract,Contracts Expression,mixed,contract
v2jupack_lag1,-0.2393542300914062,Expands Expression,Expands Expression,0.1562419768025547,0.1255358260626445,spec_extended_3_spline,Contracts Expression,,-0.239 (0.156),contract,Contracts Expression,expand,contract
v2jupack_lag1,-0.5215069101238724,Mixed Outcome,Mixed Outcome,0.2275184671282022,0.0218968734829904,spec_extended_3_spline,Contracts Expression,**,-0.522** (0.228),contract,Contracts Expression,mixed,contract
v2x_polyarchy_lag1,3.4655635294856197,Expands Expression,Expands Expression,1.1901038514492923,0.0035914088075465,spec_extended_3_spline,Contracts Expression,***,3.466*** (1.19),contract,Contracts Expression,expand,contract
v2x_polyarchy_lag1,6.277015614639563,Mixed Outcome,Mixed Outcome,1.7414755123201855,0.0003128463329773,spec_extended_3_spline,Contracts Expression,***,6.277*** (1.741),contract,Contracts Expression,mixed,contract
v2jureview_lag1,0.8591075659631621,Expands Expression,Expands Expression,0.3300164450519171,0.00923509104052,spec_extended_3_spline,Contracts Expression,***,0.859*** (0.33),contract,Contracts Expression,expand,contract
v2jureview_lag1,0.4545115304542308,Mixed Outcome,Mixed Outcome,0.3765358971526455,0.2273986981149157,spec_extended_3_spline,Contracts Expression,,0.455 (0.377),contract,Contracts Expression,mixed,contract
legal_common,-1.7399866659995062,Expands Expression,Expands Expression,0.3633789811886321,1.6815605953359138e-06,spec_extended_3_spline,Contracts Expression,***,-1.74*** (0.363),contract,Contracts Expression,expand,contract
legal_common,-0.4370997489032365,Mixed Outcome,Mixed Outcome,0.4731327524265038,0.3555687597242291,spec_extended_3_spline,Contracts Expression,,-0.437 (0.473),contract,Contracts Expression,mixed,contract
legal_civil,-0.4054218172052751,Expands Expression,Expands Expression,0.3460300385162038,0.2413425699749606,spec_extended_3_spline,Contracts Expression,,-0.405 (0.346),contract,Contracts Expression,expand,contract
legal_civil,-0.3469727925081794,Mixed Outcome,Mixed Outcome,0.4168457231107016,0.405196180149284,spec_extended_3_spline,Contracts Expression,,-0.347 (0.417),contract,Contracts Expression,mixed,contract
high_court,0.3125138756864472,Expands Expression,Expands Expression,0.330747523203662,0.3447245337032378,spec_extended_3_spline,Contracts Expression,,0.313 (0.331),contract,Contracts Expression,expand,contract
high_court,0.4472562272412264,Mixed Outcome,Mixed Outcome,0.2790543549990346,0.1089883877841956,spec_extended_3_spline,Contracts Expression,,0.447 (0.279),contract,Contracts Expression,mixed,contract
j_ind_lag1,0.211711889751242,Expands Expression,Expands Expression,0.2786804828063365,0.447437518101459,spec_extended_3_spline,Contracts Expression,,0.212 (0.279),contract,Contracts Expression,expand,contract
j_ind_lag1,-0.1158910754073187,Mixed Outcome,Mixed Outcome,0.2810590897717,0.6800923974426045,spec_extended_3_spline,Contracts Expression,,-0.116 (0.281),contract,Contracts Expression,mixed,contract
v2x_polyarchy_lag1,-183.41024854028208,Expands Expression,Expands Expression,107.38680214497757,0.0876474179217215,spec_extended_3_spline_interact,Contracts Expression,*,-183.41* (107.387),contract,Contracts Expression,expand,contract
v2x_polyarchy_lag1,-201.3509147057758,Mixed Outcome,Mixed Outcome,174.55801764498,0.24870935045504,spec_extended_3_spline_interact,Contracts Expression,,-201.351 (174.558),contract,Contracts Expression,mixed,contract
wdj_expression_lag1,-0.2843921224928786,Expands Expression,Expands Expression,0.3851773909828501,0.4603074746132632,spec_extended_3_spline_interact,Contracts Expression,,-0.284 (0.385),contract,Contracts Expression,expand,contract
wdj_expression_lag1,-0.5974517859874813,Mixed Outcome,Mixed Outcome,0.4897595624443949,0.2225073564611234,spec_extended_3_spline_interact,Contracts Expression,,-0.597 (0.49),contract,Contracts Expression,mixed,contract
v2jupack_lag1,-0.2962183657046844,Expands Expression,Expands Expression,0.1506889335308898,0.0493262730709587,spec_extended_3_spline_interact,Contracts Expression,**,-0.296** (0.151),contract,Contracts Expression,expand,contract
v2jupack_lag1,-0.591244798351438,Mixed Outcome,Mixed Outcome,0.2364685794990793,0.0124084607465642,spec_extended_3_spline_interact,Contracts Expression,**,-0.591** (0.236),contract,Contracts Expression,mixed,contract
v2jureview_lag1,0.9212323620274232,Expands Expression,Expands Expression,0.3149188650522477,0.0034412357408319,spec_extended_3_spline_interact,Contracts Expression,***,0.921*** (0.315),contract,Contracts Expression,expand,contract
v2jureview_lag1,0.366877910959318,Mixed Outcome,Mixed Outcome,0.38042286842002,0.3348479296769483,spec_extended_3_spline_interact,Contracts Expression,,0.367 (0.38),contract,Contracts Expression,mixed,contract
legal_common,-1.7697897165291057,Expands Expression,Expands Expression,0.3581335393123768,7.744298025988703e-07,spec_extended_3_spline_interact,Contracts Expression,***,-1.77*** (0.358),contract,Contracts Expression,expand,contract
legal_common,-0.3698839046046801,Mixed Outcome,Mixed Outcome,0.4663376641493825,0.427680208298662,spec_extended_3_spline_interact,Contracts Expression,,-0.37 (0.466),contract,Contracts Expression,mixed,contract
legal_civil,-0.3724325706228971,Expands Expression,Expands Expression,0.3402338517444206,0.2736756889483668,spec_extended_3_spline_interact,Contracts Expression,,-0.372 (0.34),contract,Contracts Expression,expand,contract
legal_civil,-0.3632639547893696,Mixed Outcome,Mixed Outcome,0.4281383016990495,0.3961743877189609,spec_extended_3_spline_interact,Contracts Expression,,-0.363 (0.428),contract,Contracts Expression,mixed,contract
high_court,0.2642154970612394,Expands Expression,Expands Expression,0.3387940089811156,0.435467027780183,spec_extended_3_spline_interact,Contracts Expression,,0.264 (0.339),contract,Contracts Expression,expand,contract
high_court,0.3925664414726769,Mixed Outcome,Mixed Outcome,0.2806768104272687,0.161920294423525,spec_extended_3_spline_interact,Contracts Expression,,0.393 (0.281),contract,Contracts Expression,mixed,contract
j_ind_lag1,0.2229504027659523,Expands Expression,Expands Expression,0.2856070010743812,0.4350263020642272,spec_extended_3_spline_interact,Contracts Expression,,0.223 (0.286),contract,Contracts Expression,expand,contract
j_ind_lag1,-0.1311049209602872,Mixed Outcome,Mixed Outcome,0.2734941186888635,0.6316753139569793,spec_extended_3_spline_interact,Contracts Expression,,-0.131 (0.273),contract,Contracts Expression,mixed,contract
wdj_citizen_lag1,-0.2716039757924491,Expands Expression,Expands Expression,0.4282966931015355,0.5259835016480263,spec_c_pack,Contracts Expression,,-0.272 (0.428),contract,Contracts Expression,expand,contract
wdj_citizen_lag1,-0.8546583154292539,Mixed Outcome,Mixed Outcome,0.6345805385187355,0.1780419914795834,spec_c_pack,Contracts Expression,,-0.855 (0.635),contract,Contracts Expression,mixed,contract
v2jupack_lag1,-0.23525340604705,Expands Expression,Expands Expression,0.1616303157868629,0.1455300662408483,spec_c_pack,Contracts Expression,,-0.235 (0.162),contract,Contracts Expression,expand,contract
v2jupack_lag1,-0.4876853824954478,Mixed Outcome,Mixed Outcome,0.2493449147892479,0.0504808746793616,spec_c_pack,Contracts Expression,*,-0.488* (0.249),contract,Contracts Expression,mixed,contract
v2x_polyarchy_lag1,3.8815897239652406,Expands Expression,Expands Expression,1.2027618411302192,0.0012499471570909,spec_c_pack,Contracts Expression,***,3.882*** (1.203),contract,Contracts Expression,expand,contract
v2x_polyarchy_lag1,7.000829603590883,Mixed Outcome,Mixed Outcome,1.7748777967459954,7.999972301592806e-05,spec_c_pack,Contracts Expression,***,7.001*** (1.775),contract,Contracts Expression,mixed,contract
v2jureview_lag1,0.8678130060451862,Expands Expression,Expands Expression,0.3014818912573272,0.0039958228135997,spec_c_pack,Contracts Expression,***,0.868*** (0.301),contract,Contracts Expression,expand,contract
v2jureview_lag1,0.4172666086102284,Mixed Outcome,Mixed Outcome,0.355793164958074,0.2408846034381284,spec_c_pack,Contracts Expression,,0.417 (0.356),contract,Contracts Expression,mixed,contract
legal_common,-1.86534627372354,Expands Expression,Expands Expression,0.3606774928932138,2.318688820262473e-07,spec_c_pack,Contracts Expression,***,-1.865*** (0.361),contract,Contracts Expression,expand,contract
legal_common,-0.7387188503933948,Mixed Outcome,Mixed Outcome,0.4894647948778805,0.1312379817169406,spec_c_pack,Contracts Expression,,-0.739 (0.489),contract,Contracts Expression,mixed,contract
legal_civil,-0.4180033382887451,Expands Expression,Expands Expression,0.3443165533188234,0.2247443498206338,spec_c_pack,Contracts Expression,,-0.418 (0.344),contract,Contracts Expression,expand,contract
legal_civil,-0.2125928063780081,Mixed Outcome,Mixed Outcome,0.425278417279721,0.6171519074645829,spec_c_pack,Contracts Expression,,-0.213 (0.425),contract,Contracts Expression,mixed,contract
high_court,0.4489343364082852,Expands Expression,Expands Expression,0.2586586081244903,0.082630169623038,spec_c_pack,Contracts Expression,*,0.449* (0.259),contract,Contracts Expression,expand,contract
high_court,0.4474218839090815,Mixed Outcome,Mixed Outcome,0.2662775222447192,0.0929020552543228,spec_c_pack,Contracts Expression,*,0.447* (0.266),contract,Contracts Expression,mixed,contract
j_ind_lag1,0.1436075361757409,Expands Expression,Expands Expression,0.2738083934575411,0.5999434317452368,spec_c_pack,Contracts Expression,,0.144 (0.274),contract,Contracts Expression,expand,contract
j_ind_lag1,-0.2475993813871572,Mixed Outcome,Mixed Outcome,0.2482796378925439,0.3186382659964175,spec_c_pack,Contracts Expression,,-0.248 (0.248),contract,Contracts Expression,mixed,contract
wdj_intermediaries_lag1,-0.7621356152564651,Expands Expression,Expands Expression,0.6361327756262417,0.2308873063727868,spec_im_pack,Contracts Expression,,-0.762 (0.636),contract,Contracts Expression,expand,contract
wdj_intermediaries_lag1,-0.1382798654836431,Mixed Outcome,Mixed Outcome,0.960761869524406,0.8855578748348321,spec_im_pack,Contracts Expression,,-0.138 (0.961),contract,Contracts Expression,mixed,contract
v2jupack_lag1,-0.2139046513796049,Expands Expression,Expands Expression,0.1516993132171584,0.1585229055725033,spec_im_pack,Contracts Expression,,-0.214 (0.152),contract,Contracts Expression,expand,contract
v2jupack_lag1,-0.5634140746584089,Mixed Outcome,Mixed Outcome,0.243515766111127,0.0206860669387657,spec_im_pack,Contracts Expression,**,-0.563** (0.244),contract,Contracts Expression,mixed,contract
v2x_polyarchy_lag1,3.87769572177659,Expands Expression,Expands Expression,1.2198479868223508,0.0014786813512557,spec_im_pack,Contracts Expression,***,3.878*** (1.22),contract,Contracts Expression,expand,contract
v2x_polyarchy_lag1,7.231922421946352,Mixed Outcome,Mixed Outcome,1.794211384798306,5.561169929520308e-05,spec_im_pack,Contracts Expression,***,7.232*** (1.794),contract,Contracts Expression,mixed,contract
v2jureview_lag1,0.877176339058818,Expands Expression,Expands Expression,0.3061700004338337,0.0041701230542597,spec_im_pack,Contracts Expression,***,0.877*** (0.306),contract,Contracts Expression,expand,contract
v2jureview_lag1,0.4515452359410697,Mixed Outcome,Mixed Outcome,0.377084248050767,0.2311253132666224,spec_im_pack,Contracts Expression,,0.452 (0.377),contract,Contracts Expression,mixed,contract
legal_common,-1.9135127341121776,Expands Expression,Expands Expression,0.3628230896949985,1.335144856976394e-07,spec_im_pack,Contracts Expression,***,-1.914*** (0.363),contract,Contracts Expression,expand,contract
legal_common,-0.6965010607759513,Mixed Outcome,Mixed Outcome,0.5175618297990942,0.1783879997050128,spec_im_pack,Contracts Expression,,-0.697 (0.518),contract,Contracts Expression,mixed,contract
legal_civil,-0.3248188320157175,Expands Expression,Expands Expression,0.3343790163381074,0.3313445798821743,spec_im_pack,Contracts Expression,,-0.325 (0.334),contract,Contracts Expression,expand,contract
legal_civil,-0.4810641834481872,Mixed Outcome,Mixed Outcome,0.4770408694393938,0.313246206397498,spec_im_pack,Contracts Expression,,-0.481 (0.477),contract,Contracts Expression,mixed,contract
high_court,0.4435598513943657,Expands Expression,Expands Expression,0.2613553749930705,0.0896678881989756,spec_im_pack,Contracts Expression,*,0.444* (0.261),contract,Contracts Expression,expand,contract
high_court,0.4386589102168416,Mixed Outcome,Mixed Outcome,0.2671099120494007,0.1005400214857815,spec_im_pack,Contracts Expression,,0.439 (0.267),contract,Contracts Expression,mixed,contract
j_ind_lag1,0.1316376465751931,Expands Expression,Expands Expression,0.2704223542045066,0.6264104369646706,spec_im_pack,Contracts Expression,,0.132 (0.27),contract,Contracts Expression,expand,contract
j_ind_lag1,-0.2284035399835431,Mixed Outcome,Mixed Outcome,0.2533408944701332,0.3672874524934743,spec_im_pack,Contracts Expression,,-0.228 (0.253),contract,Contracts Expression,mixed,contract
wdj_press_lag1,-0.5090416409655653,Expands Expression,Expands Expression,0.6103532455099405,0.4042744895223749,spec_p_pack,Contracts Expression,,-0.509 (0.61),contract,Contracts Expression,expand,contract
wdj_press_lag1,-1.4396373832813298,Mixed Outcome,Mixed Outcome,0.6735910203213608,0.0325770628288062,spec_p_pack,Contracts Expression,**,-1.44** (0.674),contract,Contracts Expression,mixed,contract
v2jupack_lag1,-0.2375304816731795,Expands Expression,Expands Expression,0.1582502422418494,0.1333606805257724,spec_p_pack,Contracts Expression,,-0.238 (0.158),contract,Contracts Expression,expand,contract
v2jupack_lag1,-0.4864104469313401,Mixed Outcome,Mixed Outcome,0.2392190475793652,0.0420195399153667,spec_p_pack,Contracts Expression,**,-0.486** (0.239),contract,Contracts Expression,mixed,contract
v2x_polyarchy_lag1,4.012201220535018,Expands Expression,Expands Expression,1.2104722807711337,0.0009178253784588,spec_p_pack,Contracts Expression,***,4.012*** (1.21),contract,Contracts Expression,expand,contract
v2x_polyarchy_lag1,7.313539037425776,Mixed Outcome,Mixed Outcome,1.6915356417192586,1.5349711556177435e-05,spec_p_pack,Contracts Expression,***,7.314*** (1.692),contract,Contracts Expression,mixed,contract
v2jureview_lag1,0.9176435169235408,Expands Expression,Expands Expression,0.3258988827785429,0.0048666428928908,spec_p_pack,Contracts Expression,***,0.918*** (0.326),contract,Contracts Expression,expand,contract
v2jureview_lag1,0.4908239353031366,Mixed Outcome,Mixed Outcome,0.3882180773691603,0.2061225358765601,spec_p_pack,Contracts Expression,,0.491 (0.388),contract,Contracts Expression,mixed,contract
legal_common,-1.9124054137577653,Expands Expression,Expands Expression,0.3608904320511915,1.1635559563468997e-07,spec_p_pack,Contracts Expression,***,-1.912*** (0.361),contract,Contracts Expression,expand,contract
legal_common,-0.861258009800423,Mixed Outcome,Mixed Outcome,0.4615365747178896,0.0620320412103221,spec_p_pack,Contracts Expression,*,-0.861* (0.462),contract,Contracts Expression,mixed,contract
legal_civil,-0.409572993188568,Expands Expression,Expands Expression,0.3525674725731368,0.2453626930944954,spec_p_pack,Contracts Expression,,-0.41 (0.353),contract,Contracts Expression,expand,contract
legal_civil,-0.2273797617953306,Mixed Outcome,Mixed Outcome,0.4207226213403773,0.5888863716242063,spec_p_pack,Contracts Expression,,-0.227 (0.421),contract,Contracts Expression,mixed,contract
high_court,0.457559001099485,Expands Expression,Expands Expression,0.2602695097637379,0.0787441079797659,spec_p_pack,Contracts Expression,*,0.458* (0.26),contract,Contracts Expression,expand,contract
high_court,0.4632157093648853,Mixed Outcome,Mixed Outcome,0.2707700420890883,0.0871300971140891,spec_p_pack,Contracts Expression,*,0.463* (0.271),contract,Contracts Expression,mixed,contract
j_ind_lag1,0.1368515209186703,Expands Expression,Expands Expression,0.2757114057775315,0.619641956935415,spec_p_pack,Contracts Expression,,0.137 (0.276),contract,Contracts Expression,expand,contract
j_ind_lag1,-0.2401295777405813,Mixed Outcome,Mixed Outcome,0.2462265636071967,0.3294420630674345,spec_p_pack,Contracts Expression,,-0.24 (0.246),contract,Contracts Expression,mixed,contract
wdj_govprot_lag1,-0.1753859852524256,Expands Expression,Expands Expression,0.2478250968361102,0.4791311658269327,spec_govprot_pack,Contracts Expression,,-0.175 (0.248),contract,Contracts Expression,expand,contract
wdj_govprot_lag1,-0.2479254704863584,Mixed Outcome,Mixed Outcome,0.2648711158740306,0.349261318614061,spec_govprot_pack,Contracts Expression,,-0.248 (0.265),contract,Contracts Expression,mixed,contract
v2jupack_lag1,-0.2526743797612577,Expands Expression,Expands Expression,0.1550038237352609,0.103076755579234,spec_govprot_pack,Contracts Expression,,-0.253 (0.155),contract,Contracts Expression,expand,contract
v2jupack_lag1,-0.5658126010818539,Mixed Outcome,Mixed Outcome,0.2433326941195762,0.020057881527017,spec_govprot_pack,Contracts Expression,**,-0.566** (0.243),contract,Contracts Expression,mixed,contract
v2x_polyarchy_lag1,3.801974440964948,Expands Expression,Expands Expression,1.2301338706868603,0.0019968544523884,spec_govprot_pack,Contracts Expression,***,3.802*** (1.23),contract,Contracts Expression,expand,contract
v2x_polyarchy_lag1,6.984494893732455,Mixed Outcome,Mixed Outcome,1.8180495187714516,0.0001221593626028,spec_govprot_pack,Contracts Expression,***,6.984*** (1.818),contract,Contracts Expression,mixed,contract
v2jureview_lag1,0.9040288362139248,Expands Expression,Expands Expression,0.325259157204573,0.005445759640565,spec_govprot_pack,Contracts Expression,***,0.904*** (0.325),contract,Contracts Expression,expand,contract
v2jureview_lag1,0.4795912059827275,Mixed Outcome,Mixed Outcome,0.3829517555113113,0.210440859087154,spec_govprot_pack,Contracts Expression,,0.48 (0.383),contract,Contracts Expression,mixed,contract
legal_common,-1.7943864144699144,Expands Expression,Expands Expression,0.342273422853261,1.5837024486220717e-07,spec_govprot_pack,Contracts Expression,***,-1.794*** (0.342),contract,Contracts Expression,expand,contract
legal_common,-0.6302748293249956,Mixed Outcome,Mixed Outcome,0.4851240963187948,0.1938741675579565,spec_govprot_pack,Contracts Expression,,-0.63 (0.485),contract,Contracts Expression,mixed,contract
legal_civil,-0.4353832694091454,Expands Expression,Expands Expression,0.3425925007878633,0.2037824430842746,spec_govprot_pack,Contracts Expression,,-0.435 (0.343),contract,Contracts Expression,expand,contract
legal_civil,-0.3870871135798122,Mixed Outcome,Mixed Outcome,0.4312027603223566,0.3693499670275049,spec_govprot_pack,Contracts Expression,,-0.387 (0.431),contract,Contracts Expression,mixed,contract
high_court,0.4165527555444829,Expands Expression,Expands Expression,0.2804438256438835,0.1374553636547131,spec_govprot_pack,Contracts Expression,,0.417 (0.28),contract,Contracts Expression,expand,contract
high_court,0.3911044429560362,Mixed Outcome,Mixed Outcome,0.2667517062633405,0.1426008625439935,spec_govprot_pack,Contracts Expression,,0.391 (0.267),contract,Contracts Expression,mixed,contract
j_ind_lag1,0.1736717734207219,Expands Expression,Expands Expression,0.2998725132980326,0.5624865984699534,spec_govprot_pack,Contracts Expression,,0.174 (0.3),contract,Contracts Expression,expand,contract
j_ind_lag1,-0.1740148980432649,Mixed Outcome,Mixed Outcome,0.2821033093603717,0.5373349043243043,spec_govprot_pack,Contracts Expression,,-0.174 (0.282),contract,Contracts Expression,mixed,contract
wdj_citizen_lag1,-0.2654875824841903,Expands Expression,Expands Expression,0.4149811491510078,0.5223298281594027,spec_c_reform,Contracts Expression,,-0.265 (0.415),contract,Contracts Expression,expand,contract
wdj_citizen_lag1,-0.9453468471866076,Mixed Outcome,Mixed Outcome,0.6425469799167699,0.1412236868019548,spec_c_reform,Contracts Expression,,-0.945 (0.643),contract,Contracts Expression,mixed,contract
v2jureform_lag1,-0.3276369407879561,Expands Expression,Expands Expression,0.1231639777943772,0.0078101555139929,spec_c_reform,Contracts Expression,***,-0.328*** (0.123),contract,Contracts Expression,expand,contract
v2jureform_lag1,-0.1734224954535169,Mixed Outcome,Mixed Outcome,0.2330233423576172,0.4567385528043185,spec_c_reform,Contracts Expression,,-0.173 (0.233),contract,Contracts Expression,mixed,contract
v2x_polyarchy_lag1,3.5736792222660174,Expands Expression,Expands Expression,1.2298069966708147,0.0036621457139505,spec_c_reform,Contracts Expression,***,3.574*** (1.23),contract,Contracts Expression,expand,contract
v2x_polyarchy_lag1,5.359902058755812,Mixed Outcome,Mixed Outcome,1.3409049476003116,6.408871611352147e-05,spec_c_reform,Contracts Expression,***,5.36*** (1.341),contract,Contracts Expression,mixed,contract
v2jureview_lag1,0.7898151993639282,Expands Expression,Expands Expression,0.2996335245492819,0.0083905220917417,spec_c_reform,Contracts Expression,***,0.79*** (0.3),contract,Contracts Expression,expand,contract
v2jureview_lag1,0.3308884100396943,Mixed Outcome,Mixed Outcome,0.3413985415914858,0.3324381877916798,spec_c_reform,Contracts Expression,,0.331 (0.341),contract,Contracts Expression,mixed,contract
legal_common,-2.23920331494596,Expands Expression,Expands Expression,0.3603586180282945,5.171201186267567e-10,spec_c_reform,Contracts Expression,***,-2.239*** (0.36),contract,Contracts Expression,expand,contract
legal_common,-0.9518746979790264,Mixed Outcome,Mixed Outcome,0.521858102650417,0.0681504734907755,spec_c_reform,Contracts Expression,*,-0.952* (0.522),contract,Contracts Expression,mixed,contract
legal_civil,-0.6585345444481482,Expands Expression,Expands Expression,0.3587577844026176,0.0664173506321888,spec_c_reform,Contracts Expression,*,-0.659* (0.359),contract,Contracts Expression,expand,contract
legal_civil,-0.1498633790483311,Mixed Outcome,Mixed Outcome,0.4443349900834534,0.7359091029679251,spec_c_reform,Contracts Expression,,-0.15 (0.444),contract,Contracts Expression,mixed,contract
high_court,0.4309835902825646,Expands Expression,Expands Expression,0.2617556666026358,0.0996585926178217,spec_c_reform,Contracts Expression,*,0.431* (0.262),contract,Contracts Expression,expand,contract
high_court,0.4785662243510091,Mixed Outcome,Mixed Outcome,0.2858631214786228,0.0941090418871003,spec_c_reform,Contracts Expression,*,0.479* (0.286),contract,Contracts Expression,mixed,contract
j_ind_lag1,0.2329241372194255,Expands Expression,Expands Expression,0.2573555170157244,0.3654295815274211,spec_c_reform,Contracts Expression,,0.233 (0.257),contract,Contracts Expression,expand,contract
j_ind_lag1,-0.1789691457134377,Mixed Outcome,Mixed Outcome,0.2399149679821381,0.4556860990095969,spec_c_reform,Contracts Expression,,-0.179 (0.24),contract,Contracts Expression,mixed,contract
wdj_intermediaries_lag1,-0.8005446282264371,Expands Expression,Expands Expression,0.6067668583139761,0.1870483988414658,spec_im_reform,Contracts Expression,,-0.801 (0.607),contract,Contracts Expression,expand,contract
wdj_intermediaries_lag1,-0.3776526630740173,Mixed Outcome,Mixed Outcome,0.950402695844778,0.6911015052994256,spec_im_reform,Contracts Expression,,-0.378 (0.95),contract,Contracts Expression,mixed,contract
v2jureform_lag1,-0.3242105818550567,Expands Expression,Expands Expression,0.1198651537319595,0.0068346702230664,spec_im_reform,Contracts Expression,***,-0.324*** (0.12),contract,Contracts Expression,expand,contract
v2jureform_lag1,-0.1767969582281187,Mixed Outcome,Mixed Outcome,0.2496959710863998,0.4789148896722808,spec_im_reform,Contracts Expression,,-0.177 (0.25),contract,Contracts Expression,mixed,contract
v2x_polyarchy_lag1,3.6603092924606098,Expands Expression,Expands Expression,1.1953919906396615,0.0021985176769459,spec_im_reform,Contracts Expression,***,3.66*** (1.195),contract,Contracts Expression,expand,contract
v2x_polyarchy_lag1,5.365516790637891,Mixed Outcome,Mixed Outcome,1.3798209870175646,0.0001008407146666,spec_im_reform,Contracts Expression,***,5.366*** (1.38),contract,Contracts Expression,mixed,contract
v2jureview_lag1,0.8001542684658881,Expands Expression,Expands Expression,0.3054526853249772,0.0088041058711521,spec_im_reform,Contracts Expression,***,0.8*** (0.305),contract,Contracts Expression,expand,contract
v2jureview_lag1,0.3534549986919635,Mixed Outcome,Mixed Outcome,0.3604013547548759,0.3267278518695841,spec_im_reform,Contracts Expression,,0.353 (0.36),contract,Contracts Expression,mixed,contract
legal_common,-2.2855119773664123,Expands Expression,Expands Expression,0.3672156119566086,4.849569347233865e-10,spec_im_reform,Contracts Expression,***,-2.286*** (0.367),contract,Contracts Expression,expand,contract
legal_common,-0.9157252699148294,Mixed Outcome,Mixed Outcome,0.5547148507030157,0.0987786857730122,spec_im_reform,Contracts Expression,*,-0.916* (0.555),contract,Contracts Expression,mixed,contract
legal_civil,-0.5636799551621308,Expands Expression,Expands Expression,0.3475576284041143,0.1048394038083603,spec_im_reform,Contracts Expression,,-0.564 (0.348),contract,Contracts Expression,expand,contract
legal_civil,-0.3744544971083525,Mixed Outcome,Mixed Outcome,0.4982131315410935,0.452294652900739,spec_im_reform,Contracts Expression,,-0.374 (0.498),contract,Contracts Expression,mixed,contract
high_court,0.4203555937266107,Expands Expression,Expands Expression,0.2625306674149941,0.1093398070922219,spec_im_reform,Contracts Expression,,0.42 (0.263),contract,Contracts Expression,expand,contract
high_court,0.4693939361040251,Mixed Outcome,Mixed Outcome,0.2891906220365353,0.1045616459965214,spec_im_reform,Contracts Expression,,0.469 (0.289),contract,Contracts Expression,mixed,contract
j_ind_lag1,0.214612964864985,Expands Expression,Expands Expression,0.2515256782475718,0.3935235910226858,spec_im_reform,Contracts Expression,,0.215 (0.252),contract,Contracts Expression,expand,contract
j_ind_lag1,-0.1751669587377511,Mixed Outcome,Mixed Outcome,0.2554912452006407,0.4929600463026335,spec_im_reform,Contracts Expression,,-0.175 (0.255),contract,Contracts Expression,mixed,contract
wdj_press_lag1,-0.5771709058234258,Expands Expression,Expands Expression,0.5274447436321386,0.2738332982876801,spec_p_reform,Contracts Expression,,-0.577 (0.527),contract,Contracts Expression,expand,contract
wdj_press_lag1,-1.6167296259429964,Mixed Outcome,Mixed Outcome,0.5603815305745942,0.0039134952459869,spec_p_reform,Contracts Expression,***,-1.617*** (0.56),contract,Contracts Expression,mixed,contract
v2jureform_lag1,-0.3314481622931179,Expands Expression,Expands Expression,0.119582794921036,0.005576364513533,spec_p_reform,Contracts Expression,***,-0.331*** (0.12),contract,Contracts Expression,expand,contract
v2jureform_lag1,-0.1991023124642203,Mixed Outcome,Mixed Outcome,0.2351010230215241,0.3970621106406204,spec_p_reform,Contracts Expression,,-0.199 (0.235),contract,Contracts Expression,mixed,contract
v2x_polyarchy_lag1,3.719191089179197,Expands Expression,Expands Expression,1.2016734421635251,0.0019680638916333,spec_p_reform,Contracts Expression,***,3.719*** (1.202),contract,Contracts Expression,expand,contract
v2x_polyarchy_lag1,5.755065374621576,Mixed Outcome,Mixed Outcome,1.2892950620254218,8.054495492137323e-06,spec_p_reform,Contracts Expression,***,5.755*** (1.289),contract,Contracts Expression,mixed,contract
v2jureview_lag1,0.8422933345281006,Expands Expression,Expands Expression,0.3229984760156904,0.0091144388000177,spec_p_reform,Contracts Expression,***,0.842*** (0.323),contract,Contracts Expression,expand,contract
v2jureview_lag1,0.4138013927526823,Mixed Outcome,Mixed Outcome,0.3774638784852341,0.2729617157115397,spec_p_reform,Contracts Expression,,0.414 (0.377),contract,Contracts Expression,mixed,contract
legal_common,-2.30068389708565,Expands Expression,Expands Expression,0.3788929233520208,1.2623130017643701e-09,spec_p_reform,Contracts Expression,***,-2.301*** (0.379),contract,Contracts Expression,expand,contract
legal_common,-1.1122938069217183,Mixed Outcome,Mixed Outcome,0.5298515213256135,0.0357943695177972,spec_p_reform,Contracts Expression,**,-1.112** (0.53),contract,Contracts Expression,mixed,contract
legal_civil,-0.6494186644417062,Expands Expression,Expands Expression,0.359421473992687,0.0707865493523441,spec_p_reform,Contracts Expression,*,-0.649* (0.359),contract,Contracts Expression,expand,contract
legal_civil,-0.1861372747458095,Mixed Outcome,Mixed Outcome,0.4486222391394298,0.6782087330376583,spec_p_reform,Contracts Expression,,-0.186 (0.449),contract,Contracts Expression,mixed,contract
high_court,0.4372295700390171,Expands Expression,Expands Expression,0.2616697080417927,0.0947371623302109,spec_p_reform,Contracts Expression,*,0.437* (0.262),contract,Contracts Expression,expand,contract
high_court,0.4876144616210781,Mixed Outcome,Mixed Outcome,0.286032544906285,0.0882407467390412,spec_p_reform,Contracts Expression,*,0.488* (0.286),contract,Contracts Expression,mixed,contract
j_ind_lag1,0.2253948768034089,Expands Expression,Expands Expression,0.2555360591093397,0.3777512592017151,spec_p_reform,Contracts Expression,,0.225 (0.256),contract,Contracts Expression,expand,contract
j_ind_lag1,-0.1641483614498962,Mixed Outcome,Mixed Outcome,0.2370913924534971,0.4887224938063927,spec_p_reform,Contracts Expression,,-0.164 (0.237),contract,Contracts Expression,mixed,contract
wdj_govprot_lag1,-0.1553125046454125,Expands Expression,Expands Expression,0.2433757625437733,0.5233699924041348,spec_govprot_reform,Contracts Expression,,-0.155 (0.243),contract,Contracts Expression,expand,contract
wdj_govprot_lag1,-0.2127637284607222,Mixed Outcome,Mixed Outcome,0.31762352381859,0.5029461680533774,spec_govprot_reform,Contracts Expression,,-0.213 (0.318),contract,Contracts Expression,mixed,contract
v2jureform_lag1,-0.3356103783062483,Expands Expression,Expands Expression,0.1221276737874227,0.0059954722369585,spec_govprot_reform,Contracts Expression,***,-0.336*** (0.122),contract,Contracts Expression,expand,contract
v2jureform_lag1,-0.1846138792977692,Mixed Outcome,Mixed Outcome,0.2476653468690822,0.4560198666039884,spec_govprot_reform,Contracts Expression,,-0.185 (0.248),contract,Contracts Expression,mixed,contract
v2x_polyarchy_lag1,3.459116515069003,Expands Expression,Expands Expression,1.2315100197460094,0.0049720110591126,spec_govprot_reform,Contracts Expression,***,3.459*** (1.232),contract,Contracts Expression,expand,contract
v2x_polyarchy_lag1,5.096674954105146,Mixed Outcome,Mixed Outcome,1.4483268308158874,0.0004331622367072,spec_govprot_reform,Contracts Expression,***,5.097*** (1.448),contract,Contracts Expression,mixed,contract
v2jureview_lag1,0.8290040462417945,Expands Expression,Expands Expression,0.32306946254964,0.0102871662664274,spec_govprot_reform,Contracts Expression,**,0.829** (0.323),contract,Contracts Expression,expand,contract
v2jureview_lag1,0.3867776781840665,Mixed Outcome,Mixed Outcome,0.3699604073428812,0.2958118285485651,spec_govprot_reform,Contracts Expression,,0.387 (0.37),contract,Contracts Expression,mixed,contract
legal_common,-2.1865729919018464,Expands Expression,Expands Expression,0.3519848106521275,5.227343156276243e-10,spec_govprot_reform,Contracts Expression,***,-2.187*** (0.352),contract,Contracts Expression,expand,contract
legal_common,-0.8495681572758693,Mixed Outcome,Mixed Outcome,0.5381361014331185,0.1143994717865043,spec_govprot_reform,Contracts Expression,,-0.85 (0.538),contract,Contracts Expression,mixed,contract
legal_civil,-0.6736615919569641,Expands Expression,Expands Expression,0.3684277215207429,0.0674780038080097,spec_govprot_reform,Contracts Expression,*,-0.674* (0.368),contract,Contracts Expression,expand,contract
legal_civil,-0.3373777247789303,Mixed Outcome,Mixed Outcome,0.4779081567893905,0.480221234020986,spec_govprot_reform,Contracts Expression,,-0.337 (0.478),contract,Contracts Expression,mixed,contract
high_court,0.4044491858388045,Expands Expression,Expands Expression,0.2746812112019079,0.1409044726606337,spec_govprot_reform,Contracts Expression,,0.404 (0.275),contract,Contracts Expression,expand,contract
high_court,0.4355383295091001,Mixed Outcome,Mixed Outcome,0.2737462595755858,0.1116029739287333,spec_govprot_reform,Contracts Expression,,0.436 (0.274),contract,Contracts Expression,mixed,contract
j_ind_lag1,0.2636296341689423,Expands Expression,Expands Expression,0.283278852496766,0.3520416374039625,spec_govprot_reform,Contracts Expression,,0.264 (0.283),contract,Contracts Expression,expand,contract
j_ind_lag1,-0.1099751397569853,Mixed Outcome,Mixed Outcome,0.2868891984859059,0.7014701797699123,spec_govprot_reform,Contracts Expression,,-0.11 (0.287),contract,Contracts Expression,mixed,contract
wdj_citizen_lag1,-0.3338270475092568,Expands Expression,Expands Expression,0.4045533935108674,0.4092726640899305,spec_c_attack,Contracts Expression,,-0.334 (0.405),contract,Contracts Expression,expand,contract
wdj_citizen_lag1,-0.9939966292271186,Mixed Outcome,Mixed Outcome,0.6421097368262516,0.1216182633072712,spec_c_attack,Contracts Expression,,-0.994 (0.642),contract,Contracts Expression,mixed,contract
v2jupoatck_lag1,-0.1497107643452136,Expands Expression,Expands Expression,0.122443264886035,0.2214449267261559,spec_c_attack,Contracts Expression,,-0.15 (0.122),contract,Contracts Expression,expand,contract
v2jupoatck_lag1,-0.1814084548281841,Mixed Outcome,Mixed Outcome,0.1025035794206185,0.076764333315399,spec_c_attack,Contracts Expression,*,-0.181* (0.103),contract,Contracts Expression,mixed,contract
v2x_polyarchy_lag1,3.444402475291411,Expands Expression,Expands Expression,1.1663897908023817,0.0031465527277262,spec_c_attack,Contracts Expression,***,3.444*** (1.166),contract,Contracts Expression,expand,contract
v2x_polyarchy_lag1,5.696540740162513,Mixed Outcome,Mixed Outcome,1.315569112569518,1.4904425466371888e-05,spec_c_attack,Contracts Expression,***,5.697*** (1.316),contract,Contracts Expression,mixed,contract
v2jureview_lag1,0.7588454541255935,Expands Expression,Expands Expression,0.3031682725635865,0.0123128022277821,spec_c_attack,Contracts Expression,**,0.759** (0.303),contract,Contracts Expression,expand,contract
v2jureview_lag1,0.2626860180796416,Mixed Outcome,Mixed Outcome,0.336020690293891,0.4343582860380809,spec_c_attack,Contracts Expression,,0.263 (0.336),contract,Contracts Expression,mixed,contract
legal_common,-1.8345995752637865,Expands Expression,Expands Expression,0.3452481047668488,1.0732797342429163e-07,spec_c_attack,Contracts Expression,***,-1.835*** (0.345),contract,Contracts Expression,expand,contract
legal_common,-0.713068542899116,Mixed Outcome,Mixed Outcome,0.4890898225575734,0.144854304981847,spec_c_attack,Contracts Expression,,-0.713 (0.489),contract,Contracts Expression,mixed,contract
legal_civil,-0.3799328998365638,Expands Expression,Expands Expression,0.3473897016936426,0.2740956887698642,spec_c_attack,Contracts Expression,,-0.38 (0.347),contract,Contracts Expression,expand,contract
legal_civil,-0.0605187668469275,Mixed Outcome,Mixed Outcome,0.4046365363560199,0.8811091820007829,spec_c_attack,Contracts Expression,,-0.061 (0.405),contract,Contracts Expression,mixed,contract
high_court,0.5534254653467275,Expands Expression,Expands Expression,0.2748840817613823,0.0440825644976678,spec_c_attack,Contracts Expression,**,0.553** (0.275),contract,Contracts Expression,expand,contract
high_court,0.5885631983408027,Mixed Outcome,Mixed Outcome,0.279329191293814,0.0351124309778147,spec_c_attack,Contracts Expression,**,0.589** (0.279),contract,Contracts Expression,mixed,contract
j_ind_lag1,0.1478070373358862,Expands Expression,Expands Expression,0.2711391091012902,0.5856616384864524,spec_c_attack,Contracts Expression,,0.148 (0.271),contract,Contracts Expression,expand,contract
j_ind_lag1,-0.2437676471942876,Mixed Outcome,Mixed Outcome,0.2431358847510936,0.3160546717617549,spec_c_attack,Contracts Expression,,-0.244 (0.243),contract,Contracts Expression,mixed,contract
wdj_intermediaries_lag1,-0.8389641428712517,Expands Expression,Expands Expression,0.6360622038204062,0.1871701131979716,spec_im_attack,Contracts Expression,,-0.839 (0.636),contract,Contracts Expression,expand,contract
wdj_intermediaries_lag1,-0.3958369485238837,Mixed Outcome,Mixed Outcome,0.954636922945457,0.6784006336911312,spec_im_attack,Contracts Expression,,-0.396 (0.955),contract,Contracts Expression,mixed,contract
v2jupoatck_lag1,-0.1483603814860419,Expands Expression,Expands Expression,0.1177861884039363,0.2078231991881128,spec_im_attack,Contracts Expression,,-0.148 (0.118),contract,Contracts Expression,expand,contract
v2jupoatck_lag1,-0.1736776651919079,Mixed Outcome,Mixed Outcome,0.1097262450048148,0.1134608967903195,spec_im_attack,Contracts Expression,,-0.174 (0.11),contract,Contracts Expression,mixed,contract
v2x_polyarchy_lag1,3.531401754035649,Expands Expression,Expands Expression,1.1301388307533833,0.001779559948366,spec_im_attack,Contracts Expression,***,3.531*** (1.13),contract,Contracts Expression,expand,contract
v2x_polyarchy_lag1,5.634564267949112,Mixed Outcome,Mixed Outcome,1.3783710144700938,4.354026906866005e-05,spec_im_attack,Contracts Expression,***,5.635*** (1.378),contract,Contracts Expression,mixed,contract
v2jureview_lag1,0.7732454383782271,Expands Expression,Expands Expression,0.3050998513393247,0.0112639676402129,spec_im_attack,Contracts Expression,**,0.773** (0.305),contract,Contracts Expression,expand,contract
v2jureview_lag1,0.28997022107576,Mixed Outcome,Mixed Outcome,0.3579949476066059,0.4179493050877115,spec_im_attack,Contracts Expression,,0.29 (0.358),contract,Contracts Expression,mixed,contract
legal_common,-1.8953926377624957,Expands Expression,Expands Expression,0.3465966425859968,4.5364666162112255e-08,spec_im_attack,Contracts Expression,***,-1.895*** (0.347),contract,Contracts Expression,expand,contract
legal_common,-0.6772759432518632,Mixed Outcome,Mixed Outcome,0.5007574247012125,0.1762144443647424,spec_im_attack,Contracts Expression,,-0.677 (0.501),contract,Contracts Expression,mixed,contract
legal_civil,-0.2981526871396347,Expands Expression,Expands Expression,0.3311983270833531,0.368001049546662,spec_im_attack,Contracts Expression,,-0.298 (0.331),contract,Contracts Expression,expand,contract
legal_civil,-0.2863313604552853,Mixed Outcome,Mixed Outcome,0.4665368935193566,0.5393885575648537,spec_im_attack,Contracts Expression,,-0.286 (0.467),contract,Contracts Expression,mixed,contract
high_court,0.5430244238517729,Expands Expression,Expands Expression,0.2750225013291141,0.0483280173883512,spec_im_attack,Contracts Expression,**,0.543** (0.275),contract,Contracts Expression,expand,contract
high_court,0.5778800944691783,Mixed Outcome,Mixed Outcome,0.288427124797746,0.0451175695539665,spec_im_attack,Contracts Expression,**,0.578** (0.288),contract,Contracts Expression,mixed,contract
j_ind_lag1,0.1368996928496452,Expands Expression,Expands Expression,0.2673961941641818,0.6086697461234869,spec_im_attack,Contracts Expression,,0.137 (0.267),contract,Contracts Expression,expand,contract
j_ind_lag1,-0.2322350205733107,Mixed Outcome,Mixed Outcome,0.2527512282054455,0.3581853063289906,spec_im_attack,Contracts Expression,,-0.232 (0.253),contract,Contracts Expression,mixed,contract
wdj_press_lag1,-0.575338026534727,Expands Expression,Expands Expression,0.5957744880620888,0.3341954928365933,spec_p_attack,Contracts Expression,,-0.575 (0.596),contract,Contracts Expression,expand,contract
wdj_press_lag1,-1.6120075878299225,Mixed Outcome,Mixed Outcome,0.6365724729030648,0.0113309319991316,spec_p_attack,Contracts Expression,**,-1.612** (0.637),contract,Contracts Expression,mixed,contract
v2jupoatck_lag1,-0.14596092553972,Expands Expression,Expands Expression,0.1236961487020025,0.2380019188200293,spec_p_attack,Contracts Expression,,-0.146 (0.124),contract,Contracts Expression,expand,contract
v2jupoatck_lag1,-0.168898553165555,Mixed Outcome,Mixed Outcome,0.1024850256048804,0.0993462019914766,spec_p_attack,Contracts Expression,*,-0.169* (0.102),contract,Contracts Expression,mixed,contract
v2x_polyarchy_lag1,3.56142306046087,Expands Expression,Expands Expression,1.174039262786862,0.0024175180141393,spec_p_attack,Contracts Expression,***,3.561*** (1.174),contract,Contracts Expression,expand,contract
v2x_polyarchy_lag1,5.99476728037482,Mixed Outcome,Mixed Outcome,1.3244215765533014,6.001722969019564e-06,spec_p_attack,Contracts Expression,***,5.995*** (1.324),contract,Contracts Expression,mixed,contract
v2jureview_lag1,0.8198577851282525,Expands Expression,Expands Expression,0.3356680340014757,0.0145873006049216,spec_p_attack,Contracts Expression,**,0.82** (0.336),contract,Contracts Expression,expand,contract
v2jureview_lag1,0.3577433939799994,Mixed Outcome,Mixed Outcome,0.3876711115526939,0.3561107790204537,spec_p_attack,Contracts Expression,,0.358 (0.388),contract,Contracts Expression,mixed,contract
legal_common,-1.892753645261168,Expands Expression,Expands Expression,0.347323851289243,5.0501552604307325e-08,spec_p_attack,Contracts Expression,***,-1.893*** (0.347),contract,Contracts Expression,expand,contract
legal_common,-0.8494383968570792,Mixed Outcome,Mixed Outcome,0.4645716254444531,0.0674844937110475,spec_p_attack,Contracts Expression,*,-0.849* (0.465),contract,Contracts Expression,mixed,contract
legal_civil,-0.3784670846806911,Expands Expression,Expands Expression,0.355304526762256,0.2867896322247814,spec_p_attack,Contracts Expression,,-0.378 (0.355),contract,Contracts Expression,expand,contract
legal_civil,-0.0764067484054043,Mixed Outcome,Mixed Outcome,0.4118624591627709,0.8528249556547319,spec_p_attack,Contracts Expression,,-0.076 (0.412),contract,Contracts Expression,mixed,contract
high_court,0.5624347741938351,Expands Expression,Expands Expression,0.2772166013360204,0.042472147519696,spec_p_attack,Contracts Expression,**,0.562** (0.277),contract,Contracts Expression,expand,contract
high_court,0.6002365579938506,Mixed Outcome,Mixed Outcome,0.2842782847004377,0.034734504998439,spec_p_attack,Contracts Expression,**,0.6** (0.284),contract,Contracts Expression,mixed,contract
j_ind_lag1,0.1428758865162375,Expands Expression,Expands Expression,0.2741773513359648,0.6022918550486422,spec_p_attack,Contracts Expression,,0.143 (0.274),contract,Contracts Expression,expand,contract
j_ind_lag1,-0.2300532781853157,Mixed Outcome,Mixed Outcome,0.242033117165912,0.3418565745318819,spec_p_attack,Contracts Expression,,-0.23 (0.242),contract,Contracts Expression,mixed,contract
wdj_govprot_lag1,-0.3210529777774257,Expands Expression,Expands Expression,0.2563473305754407,0.2104190587480943,spec_govprot_attack,Contracts Expression,,-0.321 (0.256),contract,Contracts Expression,expand,contract
wdj_govprot_lag1,-0.4252482618034285,Mixed Outcome,Mixed Outcome,0.3219210801951856,0.1865111887482269,spec_govprot_attack,Contracts Expression,,-0.425 (0.322),contract,Contracts Expression,mixed,contract
v2jupoatck_lag1,-0.1962679752995766,Expands Expression,Expands Expression,0.1042616448818769,0.0597741073868785,spec_govprot_attack,Contracts Expression,*,-0.196* (0.104),contract,Contracts Expression,expand,contract
v2jupoatck_lag1,-0.2514562516351579,Mixed Outcome,Mixed Outcome,0.1252746100852145,0.0447240776150877,spec_govprot_attack,Contracts Expression,**,-0.251** (0.125),contract,Contracts Expression,mixed,contract
v2x_polyarchy_lag1,3.3766703228897668,Expands Expression,Expands Expression,1.1078427178421026,0.0023039365059508,spec_govprot_attack,Contracts Expression,***,3.377*** (1.108),contract,Contracts Expression,expand,contract
v2x_polyarchy_lag1,5.48634726884852,Mixed Outcome,Mixed Outcome,1.301005218314518,2.475670048016205e-05,spec_govprot_attack,Contracts Expression,***,5.486*** (1.301),contract,Contracts Expression,mixed,contract
v2jureview_lag1,0.7780424835559734,Expands Expression,Expands Expression,0.3296582331041646,0.0182676060397706,spec_govprot_attack,Contracts Expression,**,0.778** (0.33),contract,Contracts Expression,expand,contract
v2jureview_lag1,0.287759187802958,Mixed Outcome,Mixed Outcome,0.3708073198340866,0.4377287515250528,spec_govprot_attack,Contracts Expression,,0.288 (0.371),contract,Contracts Expression,mixed,contract
legal_common,-1.7298955591131802,Expands Expression,Expands Expression,0.3346414445614274,2.3484647370606377e-07,spec_govprot_attack,Contracts Expression,***,-1.73*** (0.335),contract,Contracts Expression,expand,contract
legal_common,-0.5419864357540348,Mixed Outcome,Mixed Outcome,0.4856903189478848,0.2644608795284053,spec_govprot_attack,Contracts Expression,,-0.542 (0.486),contract,Contracts Expression,mixed,contract
legal_civil,-0.3893080745305018,Expands Expression,Expands Expression,0.3296232737562571,0.2375750193835863,spec_govprot_attack,Contracts Expression,,-0.389 (0.33),contract,Contracts Expression,expand,contract
legal_civil,-0.2201163992336743,Mixed Outcome,Mixed Outcome,0.4287539440432387,0.6076811297266904,spec_govprot_attack,Contracts Expression,,-0.22 (0.429),contract,Contracts Expression,mixed,contract
high_court,0.5096735051969928,Expands Expression,Expands Expression,0.2798685791981622,0.0685890313654932,spec_govprot_attack,Contracts Expression,*,0.51* (0.28),contract,Contracts Expression,expand,contract
high_court,0.5276774081405923,Mixed Outcome,Mixed Outcome,0.2722700607797386,0.0526151437715735,spec_govprot_attack,Contracts Expression,*,0.528* (0.272),contract,Contracts Expression,mixed,contract
j_ind_lag1,0.1975677226260523,Expands Expression,Expands Expression,0.2872299504328285,0.4915546981867519,spec_govprot_attack,Contracts Expression,,0.198 (0.287),contract,Contracts Expression,expand,contract
j_ind_lag1,-0.1461594114314032,Mixed Outcome,Mixed Outcome,0.2724849146555579,0.5916859270096473,spec_govprot_attack,Contracts Expression,,-0.146 (0.272),contract,Contracts Expression,mixed,contract
wdj_citizen_lag1,-0.2088768294939568,Expands Expression,Expands Expression,0.3937329448488741,0.5957626643589634,spec_c_reform_decision,Contracts Expression,,-0.209 (0.394),contract,Contracts Expression,expand,contract
wdj_citizen_lag1,-0.7966292889894039,Mixed Outcome,Mixed Outcome,0.6345360294473108,0.2093148587554729,spec_c_reform_decision,Contracts Expression,,-0.797 (0.635),contract,Contracts Expression,mixed,contract
v2jureform_lag1,-0.3194008856526146,Expands Expression,Expands Expression,0.1244865058525961,0.0102953875317333,spec_c_reform_decision,Contracts Expression,**,-0.319** (0.124),contract,Contracts Expression,expand,contract
v2jureform_lag1,-0.1279270736179798,Mixed Outcome,Mixed Outcome,0.2495709405244854,0.608239536858521,spec_c_reform_decision,Contracts Expression,,-0.128 (0.25),contract,Contracts Expression,mixed,contract
v2x_polyarchy_lag1,3.267963101064525,Expands Expression,Expands Expression,1.1605981165599224,0.0048662349933319,spec_c_reform_decision,Contracts Expression,***,3.268*** (1.161),contract,Contracts Expression,expand,contract
v2x_polyarchy_lag1,5.199037601032249,Mixed Outcome,Mixed Outcome,1.292384142988906,5.750377752719418e-05,spec_c_reform_decision,Contracts Expression,***,5.199*** (1.292),contract,Contracts Expression,mixed,contract
v2jureview_lag1,0.6132989582567506,Expands Expression,Expands Expression,0.2985129037064799,0.0399259638192606,spec_c_reform_decision,Contracts Expression,**,0.613** (0.299),contract,Contracts Expression,expand,contract
v2jureview_lag1,0.3364903005575277,Mixed Outcome,Mixed Outcome,0.3423411486213176,0.32565207765775,spec_c_reform_decision,Contracts Expression,,0.336 (0.342),contract,Contracts Expression,mixed,contract
legal_common,-1.811721179940078,Expands Expression,Expands Expression,0.3736605227692445,1.2435133047834456e-06,spec_c_reform_decision,Contracts Expression,***,-1.812*** (0.374),contract,Contracts Expression,expand,contract
legal_common,-0.7467743684099858,Mixed Outcome,Mixed Outcome,0.5175753545451923,0.1490677564328853,spec_c_reform_decision,Contracts Expression,,-0.747 (0.518),contract,Contracts Expression,mixed,contract
legal_civil,-0.3502923740865204,Expands Expression,Expands Expression,0.3368990955350436,0.2984539406944203,spec_c_reform_decision,Contracts Expression,,-0.35 (0.337),contract,Contracts Expression,expand,contract
legal_civil,0.1035026190574635,Mixed Outcome,Mixed Outcome,0.4433849922767492,0.8154218105643357,spec_c_reform_decision,Contracts Expression,,0.104 (0.443),contract,Contracts Expression,mixed,contract
high_court,0.3761167882240012,Expands Expression,Expands Expression,0.2470916916676009,0.1279652451447856,spec_c_reform_decision,Contracts Expression,,0.376 (0.247),contract,Contracts Expression,expand,contract
high_court,0.4835733337443627,Mixed Outcome,Mixed Outcome,0.3132828776007753,0.1226930926838219,spec_c_reform_decision,Contracts Expression,,0.484 (0.313),contract,Contracts Expression,mixed,contract
j_ind_lag1,0.2376029213164142,Expands Expression,Expands Expression,0.2462815622372631,0.3346643814275991,spec_c_reform_decision,Contracts Expression,,0.238 (0.246),contract,Contracts Expression,expand,contract
j_ind_lag1,-0.1829754057845609,Mixed Outcome,Mixed Outcome,0.2325042882262336,0.4312956360569276,spec_c_reform_decision,Contracts Expression,,-0.183 (0.233),contract,Contracts Expression,mixed,contract
wdj_intermediaries_lag1,-0.7855858885282027,Expands Expression,Expands Expression,0.5807412475008545,0.1761420233240124,spec_im_reform_decision,Contracts Expression,,-0.786 (0.581),contract,Contracts Expression,expand,contract
wdj_intermediaries_lag1,-0.1622305367820352,Mixed Outcome,Mixed Outcome,0.9356316712592888,0.8623437413360713,spec_im_reform_decision,Contracts Expression,,-0.162 (0.936),contract,Contracts Expression,mixed,contract
v2jureform_lag1,-0.3173533591568282,Expands Expression,Expands Expression,0.1239588564072527,0.0104626767393503,spec_im_reform_decision,Contracts Expression,**,-0.317** (0.124),contract,Contracts Expression,expand,contract
v2jureform_lag1,-0.1291502855789981,Mixed Outcome,Mixed Outcome,0.2614494937082031,0.6213217502671711,spec_im_reform_decision,Contracts Expression,,-0.129 (0.261),contract,Contracts Expression,mixed,contract
v2x_polyarchy_lag1,3.3498718867255417,Expands Expression,Expands Expression,1.1067688375881266,0.0024722837923522,spec_im_reform_decision,Contracts Expression,***,3.35*** (1.107),contract,Contracts Expression,expand,contract
v2x_polyarchy_lag1,5.173108023653931,Mixed Outcome,Mixed Outcome,1.3417448332585311,0.0001154895236447,spec_im_reform_decision,Contracts Expression,***,5.173*** (1.342),contract,Contracts Expression,mixed,contract
v2jureview_lag1,0.6125084095676925,Expands Expression,Expands Expression,0.2979738751676611,0.0398232531624239,spec_im_reform_decision,Contracts Expression,**,0.613** (0.298),contract,Contracts Expression,expand,contract
v2jureview_lag1,0.3410076542926005,Mixed Outcome,Mixed Outcome,0.3583888586396896,0.3413496907815386,spec_im_reform_decision,Contracts Expression,,0.341 (0.358),contract,Contracts Expression,mixed,contract
legal_common,-1.865527337795139,Expands Expression,Expands Expression,0.386628931428263,1.3992562887031817e-06,spec_im_reform_decision,Contracts Expression,***,-1.866*** (0.387),contract,Contracts Expression,expand,contract
legal_common,-0.7012504996195341,Mixed Outcome,Mixed Outcome,0.5428082339065482,0.1963939840771515,spec_im_reform_decision,Contracts Expression,,-0.701 (0.543),contract,Contracts Expression,mixed,contract
legal_civil,-0.2435860489057682,Expands Expression,Expands Expression,0.3236314502533127,0.4516512779576456,spec_im_reform_decision,Contracts Expression,,-0.244 (0.324),contract,Contracts Expression,expand,contract
legal_civil,-0.1092210960231373,Mixed Outcome,Mixed Outcome,0.4838147053614795,0.8213959858657909,spec_im_reform_decision,Contracts Expression,,-0.109 (0.484),contract,Contracts Expression,mixed,contract
high_court,0.3651027903340323,Expands Expression,Expands Expression,0.2480821411364381,0.1411015774049374,spec_im_reform_decision,Contracts Expression,,0.365 (0.248),contract,Contracts Expression,expand,contract
high_court,0.4784993786373729,Mixed Outcome,Mixed Outcome,0.3123130461918883,0.1254941569025779,spec_im_reform_decision,Contracts Expression,,0.478 (0.312),contract,Contracts Expression,mixed,contract
j_ind_lag1,0.2230144616655837,Expands Expression,Expands Expression,0.2369908093677977,0.3466916471884176,spec_im_reform_decision,Contracts Expression,,0.223 (0.237),contract,Contracts Expression,expand,contract
j_ind_lag1,-0.172120065162694,Mixed Outcome,Mixed Outcome,0.2434276464729729,0.4795237970561001,spec_im_reform_decision,Contracts Expression,,-0.172 (0.243),contract,Contracts Expression,mixed,contract
wdj_press_lag1,-0.8423635263458018,Expands Expression,Expands Expression,0.3848489270247503,0.0286102092837038,spec_p_reform_decision,Contracts Expression,**,-0.842** (0.385),contract,Contracts Expression,expand,contract
wdj_press_lag1,-1.5475454423721997,Mixed Outcome,Mixed Outcome,0.4464538376229623,0.0005276631359512,spec_p_reform_decision,Contracts Expression,***,-1.548*** (0.446),contract,Contracts Expression,mixed,contract
v2jureform_lag1,-0.3180506102796689,Expands Expression,Expands Expression,0.119249526373003,0.0076508524252835,spec_p_reform_decision,Contracts Expression,***,-0.318*** (0.119),contract,Contracts Expression,expand,contract
v2jureform_lag1,-0.1419466585813753,Mixed Outcome,Mixed Outcome,0.2492110296003659,0.5689597645575291,spec_p_reform_decision,Contracts Expression,,-0.142 (0.249),contract,Contracts Expression,mixed,contract
v2x_polyarchy_lag1,3.4738332975132376,Expands Expression,Expands Expression,1.0790112403760077,0.0012843237309699,spec_p_reform_decision,Contracts Expression,***,3.474*** (1.079),contract,Contracts Expression,expand,contract
v2x_polyarchy_lag1,5.543977636227124,Mixed Outcome,Mixed Outcome,1.1969757175335725,3.627556321741915e-06,spec_p_reform_decision,Contracts Expression,***,5.544*** (1.197),contract,Contracts Expression,mixed,contract
v2jureview_lag1,0.6548794769708663,Expands Expression,Expands Expression,0.3171140310659699,0.0389113643733372,spec_p_reform_decision,Contracts Expression,**,0.655** (0.317),contract,Contracts Expression,expand,contract
v2jureview_lag1,0.3890045044888639,Mixed Outcome,Mixed Outcome,0.3687796292516931,0.2914972662620826,spec_p_reform_decision,Contracts Expression,,0.389 (0.369),contract,Contracts Expression,mixed,contract
legal_common,-1.896565185800282,Expands Expression,Expands Expression,0.3707218681551436,3.12296757416914e-07,spec_p_reform_decision,Contracts Expression,***,-1.897*** (0.371),contract,Contracts Expression,expand,contract
legal_common,-0.8698469819359208,Mixed Outcome,Mixed Outcome,0.5089639409035777,0.0874409025524826,spec_p_reform_decision,Contracts Expression,*,-0.87* (0.509),contract,Contracts Expression,mixed,contract
legal_civil,-0.3130378667314026,Expands Expression,Expands Expression,0.3254855930332532,0.3361719615631521,spec_p_reform_decision,Contracts Expression,,-0.313 (0.325),contract,Contracts Expression,expand,contract
legal_civil,0.0683731694916976,Mixed Outcome,Mixed Outcome,0.4431599693693231,0.8773846083312747,spec_p_reform_decision,Contracts Expression,,0.068 (0.443),contract,Contracts Expression,mixed,contract
high_court,0.3817689697528106,Expands Expression,Expands Expression,0.2465244098504573,0.1214766680949739,spec_p_reform_decision,Contracts Expression,,0.382 (0.247),contract,Contracts Expression,expand,contract
high_court,0.4919012070978269,Mixed Outcome,Mixed Outcome,0.3121528089857004,0.11506391867128,spec_p_reform_decision,Contracts Expression,,0.492 (0.312),contract,Contracts Expression,mixed,contract
j_ind_lag1,0.2254529514971592,Expands Expression,Expands Expression,0.2382792620158219,0.3440613238784893,spec_p_reform_decision,Contracts Expression,,0.225 (0.238),contract,Contracts Expression,expand,contract
j_ind_lag1,-0.1801274003889847,Mixed Outcome,Mixed Outcome,0.2270817773511665,0.4276455706967175,spec_p_reform_decision,Contracts Expression,,-0.18 (0.227),contract,Contracts Expression,mixed,contract
wdj_govprot_lag1,-0.1291821436891738,Expands Expression,Expands Expression,0.2468568562404404,0.6007600024637674,spec_govprot_reform_decision,Contracts Expression,,-0.129 (0.247),contract,Contracts Expression,expand,contract
wdj_govprot_lag1,-0.1780390607542524,Mixed Outcome,Mixed Outcome,0.3181617205661061,0.5757613927539893,spec_govprot_reform_decision,Contracts Expression,,-0.178 (0.318),contract,Contracts Expression,mixed,contract
v2jureform_lag1,-0.3235032135043771,Expands Expression,Expands Expression,0.1239311116793781,0.0090450405436369,spec_govprot_reform_decision,Contracts Expression,***,-0.324*** (0.124),contract,Contracts Expression,expand,contract
v2jureform_lag1,-0.1344140709062573,Mixed Outcome,Mixed Outcome,0.2589133724463635,0.6036583149992664,spec_govprot_reform_decision,Contracts Expression,,-0.134 (0.259),contract,Contracts Expression,mixed,contract
v2x_polyarchy_lag1,3.1647044146602834,Expands Expression,Expands Expression,1.1853384754269414,0.007587970810089,spec_govprot_reform_decision,Contracts Expression,***,3.165*** (1.185),contract,Contracts Expression,expand,contract
v2x_polyarchy_lag1,4.951340048716694,Mixed Outcome,Mixed Outcome,1.410370410253324,0.0004469849107147,spec_govprot_reform_decision,Contracts Expression,***,4.951*** (1.41),contract,Contracts Expression,mixed,contract
v2jureview_lag1,0.6363894585406044,Expands Expression,Expands Expression,0.3196292255866649,0.0464782490233932,spec_govprot_reform_decision,Contracts Expression,**,0.636** (0.32),contract,Contracts Expression,expand,contract
v2jureview_lag1,0.3689121659186449,Mixed Outcome,Mixed Outcome,0.3659670738364705,0.31343169610842,spec_govprot_reform_decision,Contracts Expression,,0.369 (0.366),contract,Contracts Expression,mixed,contract
legal_common,-1.76376772692879,Expands Expression,Expands Expression,0.3654410737969564,1.3901755842226386e-06,spec_govprot_reform_decision,Contracts Expression,***,-1.764*** (0.365),contract,Contracts Expression,expand,contract
legal_common,-0.6557074589241089,Mixed Outcome,Mixed Outcome,0.5329429083289465,0.2185652594066252,spec_govprot_reform_decision,Contracts Expression,,-0.656 (0.533),contract,Contracts Expression,mixed,contract
legal_civil,-0.3477790924808557,Expands Expression,Expands Expression,0.3409327425285552,0.3076899363056902,spec_govprot_reform_decision,Contracts Expression,,-0.348 (0.341),contract,Contracts Expression,expand,contract
legal_civil,-0.0331279265204588,Mixed Outcome,Mixed Outcome,0.4557691997322721,0.9420561876872482,spec_govprot_reform_decision,Contracts Expression,,-0.033 (0.456),contract,Contracts Expression,mixed,contract
high_court,0.3598313297932389,Expands Expression,Expands Expression,0.250466892313438,0.1508196605893469,spec_govprot_reform_decision,Contracts Expression,,0.36 (0.25),contract,Contracts Expression,expand,contract
high_court,0.4547408992771462,Mixed Outcome,Mixed Outcome,0.3001378387869909,0.1297453440451917,spec_govprot_reform_decision,Contracts Expression,,0.455 (0.3),contract,Contracts Expression,mixed,contract
j_ind_lag1,0.2639130955743632,Expands Expression,Expands Expression,0.2692727608435504,0.3270388438764,spec_govprot_reform_decision,Contracts Expression,,0.264 (0.269),contract,Contracts Expression,expand,contract
j_ind_lag1,-0.1214033740275103,Mixed Outcome,Mixed Outcome,0.2684211908944783,0.651062350350706,spec_govprot_reform_decision,Contracts Expression,,-0.121 (0.268),contract,Contracts Expression,mixed,contract
wdj_citizen_lag1,-0.2234925877334184,Expands Expression,Expands Expression,0.3999764203685485,0.576322516035563,spec_c_pack_decision,Contracts Expression,,-0.223 (0.4),contract,Contracts Expression,expand,contract
wdj_citizen_lag1,-0.7271011641823938,Mixed Outcome,Mixed Outcome,0.619727460975194,0.2406917366118198,spec_c_pack_decision,Contracts Expression,,-0.727 (0.62),contract,Contracts Expression,mixed,contract
v2jupack_lag1,-0.2203754078603606,Expands Expression,Expands Expression,0.1709293838912921,0.1973016320508623,spec_c_pack_decision,Contracts Expression,,-0.22 (0.171),contract,Contracts Expression,expand,contract
v2jupack_lag1,-0.4707470409144825,Mixed Outcome,Mixed Outcome,0.257875664786225,0.0679285258178262,spec_c_pack_decision,Contracts Expression,*,-0.471* (0.258),contract,Contracts Expression,mixed,contract
v2x_polyarchy_lag1,3.528613137299349,Expands Expression,Expands Expression,1.110832856041131,0.001490394703817,spec_c_pack_decision,Contracts Expression,***,3.529*** (1.111),contract,Contracts Expression,expand,contract
v2x_polyarchy_lag1,6.844724873065064,Mixed Outcome,Mixed Outcome,1.7700152875845157,0.0001101630997205,spec_c_pack_decision,Contracts Expression,***,6.845*** (1.77),contract,Contracts Expression,mixed,contract
v2jureview_lag1,0.6948851839916129,Expands Expression,Expands Expression,0.2947438383587356,0.0183939861598515,spec_c_pack_decision,Contracts Expression,**,0.695** (0.295),contract,Contracts Expression,expand,contract
v2jureview_lag1,0.3964992076711762,Mixed Outcome,Mixed Outcome,0.3511474862516588,0.2588333324940143,spec_c_pack_decision,Contracts Expression,,0.396 (0.351),contract,Contracts Expression,mixed,contract
legal_common,-1.4581458017534106,Expands Expression,Expands Expression,0.3635725339570831,6.056337385491372e-05,spec_c_pack_decision,Contracts Expression,***,-1.458*** (0.364),contract,Contracts Expression,expand,contract
legal_common,-0.5700692709049813,Mixed Outcome,Mixed Outcome,0.495562940262988,0.2500010387870728,spec_c_pack_decision,Contracts Expression,,-0.57 (0.496),contract,Contracts Expression,mixed,contract
legal_civil,-0.1101638281422233,Expands Expression,Expands Expression,0.3163701687262897,0.7276811212809624,spec_c_pack_decision,Contracts Expression,,-0.11 (0.316),contract,Contracts Expression,expand,contract
legal_civil,-0.0021670088708716,Mixed Outcome,Mixed Outcome,0.4076070453049223,0.9957581332408044,spec_c_pack_decision,Contracts Expression,,-0.002 (0.408),contract,Contracts Expression,mixed,contract
high_court,0.3981142858379805,Expands Expression,Expands Expression,0.2479711197678562,0.1083867812084647,spec_c_pack_decision,Contracts Expression,,0.398 (0.248),contract,Contracts Expression,expand,contract
high_court,0.4506148904731827,Mixed Outcome,Mixed Outcome,0.2965433945640836,0.1286220980248553,spec_c_pack_decision,Contracts Expression,,0.451 (0.297),contract,Contracts Expression,mixed,contract
j_ind_lag1,0.1548565085795085,Expands Expression,Expands Expression,0.2545227438098278,0.542909521127648,spec_c_pack_decision,Contracts Expression,,0.155 (0.255),contract,Contracts Expression,expand,contract
j_ind_lag1,-0.2402649399777528,Mixed Outcome,Mixed Outcome,0.2299845574247069,0.2961614984230785,spec_c_pack_decision,Contracts Expression,,-0.24 (0.23),contract,Contracts Expression,mixed,contract
wdj_intermediaries_lag1,-0.7460105500567661,Expands Expression,Expands Expression,0.6056034472096995,0.2180063904658064,spec_im_pack_decision,Contracts Expression,,-0.746 (0.606),contract,Contracts Expression,expand,contract
wdj_intermediaries_lag1,0.0436925803841374,Mixed Outcome,Mixed Outcome,0.936494663470461,0.9627878370297314,spec_im_pack_decision,Contracts Expression,,0.044 (0.936),contract,Contracts Expression,mixed,contract
v2jupack_lag1,-0.2004502098186885,Expands Expression,Expands Expression,0.1633117129639629,0.2196690353271621,spec_im_pack_decision,Contracts Expression,,-0.2 (0.163),contract,Contracts Expression,expand,contract
v2jupack_lag1,-0.5364016022978517,Mixed Outcome,Mixed Outcome,0.2540338731214293,0.0347262892945536,spec_im_pack_decision,Contracts Expression,**,-0.536** (0.254),contract,Contracts Expression,mixed,contract
v2x_polyarchy_lag1,3.528827797911285,Expands Expression,Expands Expression,1.1101390502140993,0.0014792388022335,spec_im_pack_decision,Contracts Expression,***,3.529*** (1.11),contract,Contracts Expression,expand,contract
v2x_polyarchy_lag1,7.007040685691326,Mixed Outcome,Mixed Outcome,1.7777587338779877,8.097275452023707e-05,spec_im_pack_decision,Contracts Expression,***,7.007*** (1.778),contract,Contracts Expression,mixed,contract
v2jureview_lag1,0.6982800510354671,Expands Expression,Expands Expression,0.2948447463863371,0.0178701639723495,spec_im_pack_decision,Contracts Expression,**,0.698** (0.295),contract,Contracts Expression,expand,contract
v2jureview_lag1,0.4157691340369357,Mixed Outcome,Mixed Outcome,0.3725402726701477,0.2644058309647726,spec_im_pack_decision,Contracts Expression,,0.416 (0.373),contract,Contracts Expression,mixed,contract
legal_common,-1.513429471279354,Expands Expression,Expands Expression,0.3673075797091397,3.783255192016298e-05,spec_im_pack_decision,Contracts Expression,***,-1.513*** (0.367),contract,Contracts Expression,expand,contract
legal_common,-0.52312760840783,Mixed Outcome,Mixed Outcome,0.5150888028469058,0.3098167415931737,spec_im_pack_decision,Contracts Expression,,-0.523 (0.515),contract,Contracts Expression,mixed,contract
legal_civil,-0.0075728770846566,Expands Expression,Expands Expression,0.3067262142694914,0.9803027337697956,spec_im_pack_decision,Contracts Expression,,-0.008 (0.307),contract,Contracts Expression,expand,contract
legal_civil,-0.2602997646725535,Mixed Outcome,Mixed Outcome,0.460924954097678,0.5722550415894065,spec_im_pack_decision,Contracts Expression,,-0.26 (0.461),contract,Contracts Expression,mixed,contract
high_court,0.3945421154250453,Expands Expression,Expands Expression,0.2505319135340197,0.1152985079084124,spec_im_pack_decision,Contracts Expression,,0.395 (0.251),contract,Contracts Expression,expand,contract
high_court,0.4479286791904954,Mixed Outcome,Mixed Outcome,0.2944761506383306,0.1282338869360147,spec_im_pack_decision,Contracts Expression,,0.448 (0.294),contract,Contracts Expression,mixed,contract
j_ind_lag1,0.1445647899105697,Expands Expression,Expands Expression,0.2474484779571368,0.5590711108600548,spec_im_pack_decision,Contracts Expression,,0.145 (0.247),contract,Contracts Expression,expand,contract
j_ind_lag1,-0.2142889490427608,Mixed Outcome,Mixed Outcome,0.2314038465819875,0.3544257973723295,spec_im_pack_decision,Contracts Expression,,-0.214 (0.231),contract,Contracts Expression,mixed,contract
wdj_press_lag1,-0.7773700412734775,Expands Expression,Expands Expression,0.4384804862133267,0.0762498192516785,spec_p_pack_decision,Contracts Expression,*,-0.777* (0.438),contract,Contracts Expression,expand,contract
wdj_press_lag1,-1.3895984027560606,Mixed Outcome,Mixed Outcome,0.5606120121047352,0.0131855958100636,spec_p_pack_decision,Contracts Expression,**,-1.39** (0.561),contract,Contracts Expression,mixed,contract
v2jupack_lag1,-0.2060959991686324,Expands Expression,Expands Expression,0.1694257390269218,0.2238179088856013,spec_p_pack_decision,Contracts Expression,,-0.206 (0.169),contract,Contracts Expression,expand,contract
v2jupack_lag1,-0.4612591835795774,Mixed Outcome,Mixed Outcome,0.2501668937004341,0.0652114389922629,spec_p_pack_decision,Contracts Expression,*,-0.461* (0.25),contract,Contracts Expression,mixed,contract
v2x_polyarchy_lag1,3.672999388446792,Expands Expression,Expands Expression,1.074444288617941,0.0006296482244263,spec_p_pack_decision,Contracts Expression,***,3.673*** (1.074),contract,Contracts Expression,expand,contract
v2x_polyarchy_lag1,7.108255340385172,Mixed Outcome,Mixed Outcome,1.6394875154554476,1.4532547823703026e-05,spec_p_pack_decision,Contracts Expression,***,7.108*** (1.639),contract,Contracts Expression,mixed,contract
v2jureview_lag1,0.7343542723314785,Expands Expression,Expands Expression,0.3159989639204111,0.0201301281774553,spec_p_pack_decision,Contracts Expression,**,0.734** (0.316),contract,Contracts Expression,expand,contract
v2jureview_lag1,0.4437093316065211,Mixed Outcome,Mixed Outcome,0.3782876192687301,0.2408191768052368,spec_p_pack_decision,Contracts Expression,,0.444 (0.378),contract,Contracts Expression,mixed,contract
legal_common,-1.5410611812559896,Expands Expression,Expands Expression,0.3411474991351421,6.263696709949509e-06,spec_p_pack_decision,Contracts Expression,***,-1.541*** (0.341),contract,Contracts Expression,expand,contract
legal_common,-0.6771544867578261,Mixed Outcome,Mixed Outcome,0.4567053591750842,0.1381556183520011,spec_p_pack_decision,Contracts Expression,,-0.677 (0.457),contract,Contracts Expression,mixed,contract
legal_civil,-0.0688887438012804,Expands Expression,Expands Expression,0.3113742927477778,0.8249048270066291,spec_p_pack_decision,Contracts Expression,,-0.069 (0.311),contract,Contracts Expression,expand,contract
legal_civil,-0.0156550803433058,Mixed Outcome,Mixed Outcome,0.4080437017041144,0.9693957212002282,spec_p_pack_decision,Contracts Expression,,-0.016 (0.408),contract,Contracts Expression,mixed,contract
high_court,0.4078828888391942,Expands Expression,Expands Expression,0.2496665205564853,0.102319591405484,spec_p_pack_decision,Contracts Expression,,0.408 (0.25),contract,Contracts Expression,expand,contract
high_court,0.4663222891955556,Mixed Outcome,Mixed Outcome,0.2994709342823842,0.1194339854555782,spec_p_pack_decision,Contracts Expression,,0.466 (0.299),contract,Contracts Expression,mixed,contract
j_ind_lag1,0.1466691593950659,Expands Expression,Expands Expression,0.2499688848651082,0.557371846988826,spec_p_pack_decision,Contracts Expression,,0.147 (0.25),contract,Contracts Expression,expand,contract
j_ind_lag1,-0.2397244506556479,Mixed Outcome,Mixed Outcome,0.2228753605813906,0.2821067639498854,spec_p_pack_decision,Contracts Expression,,-0.24 (0.223),contract,Contracts Expression,mixed,contract
wdj_govprot_lag1,-0.1538741605851997,Expands Expression,Expands Expression,0.2453358407460366,0.5305294221687951,spec_govprot_pack_decision,Contracts Expression,,-0.154 (0.245),contract,Contracts Expression,expand,contract
wdj_govprot_lag1,-0.2219129101795248,Mixed Outcome,Mixed Outcome,0.2717804698663235,0.4142054800489912,spec_govprot_pack_decision,Contracts Expression,,-0.222 (0.272),contract,Contracts Expression,mixed,contract
v2jupack_lag1,-0.2331525490560792,Expands Expression,Expands Expression,0.1666692782667368,0.1618449597775373,spec_govprot_pack_decision,Contracts Expression,,-0.233 (0.167),contract,Contracts Expression,expand,contract
v2jupack_lag1,-0.5298492814515668,Mixed Outcome,Mixed Outcome,0.2566474525012624,0.0389701066513709,spec_govprot_pack_decision,Contracts Expression,**,-0.53** (0.257),contract,Contracts Expression,mixed,contract
v2x_polyarchy_lag1,3.44594619816142,Expands Expression,Expands Expression,1.1409749463420753,0.002526270710561,spec_govprot_pack_decision,Contracts Expression,***,3.446*** (1.141),contract,Contracts Expression,expand,contract
v2x_polyarchy_lag1,6.776495040269926,Mixed Outcome,Mixed Outcome,1.80694706759862,0.0001766615523885,spec_govprot_pack_decision,Contracts Expression,***,6.776*** (1.807),contract,Contracts Expression,mixed,contract
v2jureview_lag1,0.7162238982724525,Expands Expression,Expands Expression,0.3171824608232488,0.02394056869864,spec_govprot_pack_decision,Contracts Expression,**,0.716** (0.317),contract,Contracts Expression,expand,contract
v2jureview_lag1,0.4377374249435231,Mixed Outcome,Mixed Outcome,0.3768221601911516,0.2453755469058408,spec_govprot_pack_decision,Contracts Expression,,0.438 (0.377),contract,Contracts Expression,mixed,contract
legal_common,-1.3949239758579226,Expands Expression,Expands Expression,0.3460594725297684,5.556856809851708e-05,spec_govprot_pack_decision,Contracts Expression,***,-1.395*** (0.346),contract,Contracts Expression,expand,contract
legal_common,-0.4739915476326667,Mixed Outcome,Mixed Outcome,0.4912982766276274,0.3346582822405011,spec_govprot_pack_decision,Contracts Expression,,-0.474 (0.491),contract,Contracts Expression,mixed,contract
legal_civil,-0.1149929770323961,Expands Expression,Expands Expression,0.3138560354839546,0.714075829738045,spec_govprot_pack_decision,Contracts Expression,,-0.115 (0.314),contract,Contracts Expression,expand,contract
legal_civil,-0.1341960362597157,Mixed Outcome,Mixed Outcome,0.413568667752105,0.7455723279837554,spec_govprot_pack_decision,Contracts Expression,,-0.134 (0.414),contract,Contracts Expression,mixed,contract
high_court,0.3760386313518823,Expands Expression,Expands Expression,0.257213795371717,0.1437496665205282,spec_govprot_pack_decision,Contracts Expression,,0.376 (0.257),contract,Contracts Expression,expand,contract
high_court,0.4098451275140914,Mixed Outcome,Mixed Outcome,0.2951654898621659,0.1649767574318905,spec_govprot_pack_decision,Contracts Expression,,0.41 (0.295),contract,Contracts Expression,mixed,contract
j_ind_lag1,0.1822352679643051,Expands Expression,Expands Expression,0.2779010446519184,0.5119811529199095,spec_govprot_pack_decision,Contracts Expression,,0.182 (0.278),contract,Contracts Expression,expand,contract
j_ind_lag1,-0.17434210176649,Mixed Outcome,Mixed Outcome,0.2583169912701551,0.4997295495206859,spec_govprot_pack_decision,Contracts Expression,,-0.174 (0.258),contract,Contracts Expression,mixed,contract
wdj_citizen_lag1,-0.2738016293226838,Expands Expression,Expands Expression,0.3855737119480756,0.4776329010309889,spec_c_attack_decision,Contracts Expression,,-0.274 (0.386),contract,Contracts Expression,expand,contract
wdj_citizen_lag1,-0.8428627170165118,Mixed Outcome,Mixed Outcome,0.6304516232193252,0.1812490971192604,spec_c_attack_decision,Contracts Expression,,-0.843 (0.63),contract,Contracts Expression,mixed,contract
v2jupoatck_lag1,-0.1231695981295909,Expands Expression,Expands Expression,0.1063351356829886,0.2467354530188483,spec_c_attack_decision,Contracts Expression,,-0.123 (0.106),contract,Contracts Expression,expand,contract
v2jupoatck_lag1,-0.1844061128817239,Mixed Outcome,Mixed Outcome,0.098435488931467,0.0610172802970625,spec_c_attack_decision,Contracts Expression,*,-0.184* (0.098),contract,Contracts Expression,mixed,contract
v2x_polyarchy_lag1,3.1014107299109264,Expands Expression,Expands Expression,1.081019605803781,0.0041181337176089,spec_c_attack_decision,Contracts Expression,***,3.101*** (1.081),contract,Contracts Expression,expand,contract
v2x_polyarchy_lag1,5.66777199625254,Mixed Outcome,Mixed Outcome,1.2909148431189732,1.1308613417055544e-05,spec_c_attack_decision,Contracts Expression,***,5.668*** (1.291),contract,Contracts Expression,mixed,contract
v2jureview_lag1,0.6135402437699451,Expands Expression,Expands Expression,0.3079535130260135,0.0463365637216309,spec_c_attack_decision,Contracts Expression,**,0.614** (0.308),contract,Contracts Expression,expand,contract
v2jureview_lag1,0.247766822078794,Mixed Outcome,Mixed Outcome,0.333043809449876,0.4569087591926961,spec_c_attack_decision,Contracts Expression,,0.248 (0.333),contract,Contracts Expression,mixed,contract
legal_common,-1.455727177221702,Expands Expression,Expands Expression,0.3547013502194833,4.059049166050807e-05,spec_c_attack_decision,Contracts Expression,***,-1.456*** (0.355),contract,Contracts Expression,expand,contract
legal_common,-0.5680558260398512,Mixed Outcome,Mixed Outcome,0.4884498770464544,0.2448389560482405,spec_c_attack_decision,Contracts Expression,,-0.568 (0.488),contract,Contracts Expression,mixed,contract
legal_civil,-0.0696414893617395,Expands Expression,Expands Expression,0.3359618364753626,0.8357834757204077,spec_c_attack_decision,Contracts Expression,,-0.07 (0.336),contract,Contracts Expression,expand,contract
legal_civil,0.1513104772192693,Mixed Outcome,Mixed Outcome,0.3809644216663151,0.6912366104167769,spec_c_attack_decision,Contracts Expression,,0.151 (0.381),contract,Contracts Expression,mixed,contract
high_court,0.4898640798360332,Expands Expression,Expands Expression,0.2639711634922286,0.0634894201411779,spec_c_attack_decision,Contracts Expression,*,0.49* (0.264),contract,Contracts Expression,expand,contract
high_court,0.5861151499210777,Mixed Outcome,Mixed Outcome,0.2989421255731391,0.049922102428835,spec_c_attack_decision,Contracts Expression,**,0.586** (0.299),contract,Contracts Expression,mixed,contract
j_ind_lag1,0.159126496043066,Expands Expression,Expands Expression,0.2530471800965254,0.5294530148068748,spec_c_attack_decision,Contracts Expression,,0.159 (0.253),contract,Contracts Expression,expand,contract
j_ind_lag1,-0.2341730457434992,Mixed Outcome,Mixed Outcome,0.2251649643833289,0.2983368411691346,spec_c_attack_decision,Contracts Expression,,-0.234 (0.225),contract,Contracts Expression,mixed,contract
wdj_intermediaries_lag1,-0.7979490717837933,Expands Expression,Expands Expression,0.6078642111379634,0.1892808845392894,spec_im_attack_decision,Contracts Expression,,-0.798 (0.608),contract,Contracts Expression,expand,contract
wdj_intermediaries_lag1,-0.1642863279898692,Mixed Outcome,Mixed Outcome,0.9362999785389092,0.8607155688446986,spec_im_attack_decision,Contracts Expression,,-0.164 (0.936),contract,Contracts Expression,mixed,contract
v2jupoatck_lag1,-0.1202219530620975,Expands Expression,Expands Expression,0.1030659786499042,0.2434300347987914,spec_im_attack_decision,Contracts Expression,,-0.12 (0.103),contract,Contracts Expression,expand,contract
v2jupoatck_lag1,-0.1776400506688374,Mixed Outcome,Mixed Outcome,0.1060654843512719,0.0939705598880058,spec_im_attack_decision,Contracts Expression,*,-0.178* (0.106),contract,Contracts Expression,mixed,contract
v2x_polyarchy_lag1,3.173431006445871,Expands Expression,Expands Expression,1.0321240063729469,0.0021074223179429,spec_im_attack_decision,Contracts Expression,***,3.173*** (1.032),contract,Contracts Expression,expand,contract
v2x_polyarchy_lag1,5.569311367246779,Mixed Outcome,Mixed Outcome,1.3688753557198432,4.731053457115919e-05,spec_im_attack_decision,Contracts Expression,***,5.569*** (1.369),contract,Contracts Expression,mixed,contract
v2jureview_lag1,0.6218080167019332,Expands Expression,Expands Expression,0.3058551368871273,0.0420510288499785,spec_im_attack_decision,Contracts Expression,**,0.622** (0.306),contract,Contracts Expression,expand,contract
v2jureview_lag1,0.2617716377048054,Mixed Outcome,Mixed Outcome,0.3558154086567939,0.4619162979125457,spec_im_attack_decision,Contracts Expression,,0.262 (0.356),contract,Contracts Expression,mixed,contract
legal_common,-1.5184577069503258,Expands Expression,Expands Expression,0.3584618490953296,2.2749916159104752e-05,spec_im_attack_decision,Contracts Expression,***,-1.518*** (0.358),contract,Contracts Expression,expand,contract
legal_common,-0.5241720556498439,Mixed Outcome,Mixed Outcome,0.4962670352316468,0.2908632168384766,spec_im_attack_decision,Contracts Expression,,-0.524 (0.496),contract,Contracts Expression,mixed,contract
legal_civil,0.0227239390601939,Expands Expression,Expands Expression,0.3201026938069589,0.943406090119656,spec_im_attack_decision,Contracts Expression,,0.023 (0.32),contract,Contracts Expression,expand,contract
legal_civil,-0.0638559170855591,Mixed Outcome,Mixed Outcome,0.4377108860793207,0.8840113354629041,spec_im_attack_decision,Contracts Expression,,-0.064 (0.438),contract,Contracts Expression,mixed,contract
high_court,0.4811175819562576,Expands Expression,Expands Expression,0.2647999846188677,0.0692309866724517,spec_im_attack_decision,Contracts Expression,*,0.481* (0.265),contract,Contracts Expression,expand,contract
high_court,0.5813406150101851,Mixed Outcome,Mixed Outcome,0.3052162196635073,0.0568210897967604,spec_im_attack_decision,Contracts Expression,*,0.581* (0.305),contract,Contracts Expression,mixed,contract
j_ind_lag1,0.1501522599788258,Expands Expression,Expands Expression,0.2463506838560152,0.5421889892023467,spec_im_attack_decision,Contracts Expression,,0.15 (0.246),contract,Contracts Expression,expand,contract
j_ind_lag1,-0.2142656375845742,Mixed Outcome,Mixed Outcome,0.2329991423320339,0.3577826651859359,spec_im_attack_decision,Contracts Expression,,-0.214 (0.233),contract,Contracts Expression,mixed,contract
wdj_press_lag1,-0.8185771843788746,Expands Expression,Expands Expression,0.426996102325759,0.0552302987098889,spec_p_attack_decision,Contracts Expression,*,-0.819* (0.427),contract,Contracts Expression,expand,contract
wdj_press_lag1,-1.5189300653501487,Mixed Outcome,Mixed Outcome,0.5073143421085599,0.0027529093746565,spec_p_attack_decision,Contracts Expression,***,-1.519*** (0.507),contract,Contracts Expression,mixed,contract
v2jupoatck_lag1,-0.1136647564926861,Expands Expression,Expands Expression,0.1067508249530907,0.2869813784021781,spec_p_attack_decision,Contracts Expression,,-0.114 (0.107),contract,Contracts Expression,expand,contract
v2jupoatck_lag1,-0.1671231601610578,Mixed Outcome,Mixed Outcome,0.1000552494992052,0.0948582900302165,spec_p_attack_decision,Contracts Expression,*,-0.167* (0.1),contract,Contracts Expression,mixed,contract
v2x_polyarchy_lag1,3.2673312194340363,Expands Expression,Expands Expression,1.0361936481954794,0.0016148823577852,spec_p_attack_decision,Contracts Expression,***,3.267*** (1.036),contract,Contracts Expression,expand,contract
v2x_polyarchy_lag1,5.921606360965143,Mixed Outcome,Mixed Outcome,1.2557734146099102,2.411114575760457e-06,spec_p_attack_decision,Contracts Expression,***,5.922*** (1.256),contract,Contracts Expression,mixed,contract
v2jureview_lag1,0.6647564901375904,Expands Expression,Expands Expression,0.3319644455195218,0.0452317314156709,spec_p_attack_decision,Contracts Expression,**,0.665** (0.332),contract,Contracts Expression,expand,contract
v2jureview_lag1,0.3147094249139094,Mixed Outcome,Mixed Outcome,0.375058605926842,0.4014165642310368,spec_p_attack_decision,Contracts Expression,,0.315 (0.375),contract,Contracts Expression,mixed,contract
legal_common,-1.5454638041304547,Expands Expression,Expands Expression,0.3351144392858957,3.992942605136995e-06,spec_p_attack_decision,Contracts Expression,***,-1.545*** (0.335),contract,Contracts Expression,expand,contract
legal_common,-0.684030897164267,Mixed Outcome,Mixed Outcome,0.4532040547216451,0.1312164888102256,spec_p_attack_decision,Contracts Expression,,-0.684 (0.453),contract,Contracts Expression,mixed,contract
legal_civil,-0.0427058171604162,Expands Expression,Expands Expression,0.3280046490041801,0.8964091307778024,spec_p_attack_decision,Contracts Expression,,-0.043 (0.328),contract,Contracts Expression,expand,contract
legal_civil,0.1266368068794005,Mixed Outcome,Mixed Outcome,0.3909374487060938,0.7459901803883949,spec_p_attack_decision,Contracts Expression,,0.127 (0.391),contract,Contracts Expression,mixed,contract
high_court,0.4948033489144252,Expands Expression,Expands Expression,0.265226008594674,0.0620985599678304,spec_p_attack_decision,Contracts Expression,*,0.495* (0.265),contract,Contracts Expression,expand,contract
high_court,0.5939106066402406,Mixed Outcome,Mixed Outcome,0.3032626248720124,0.0501826764166514,spec_p_attack_decision,Contracts Expression,*,0.594* (0.303),contract,Contracts Expression,mixed,contract
j_ind_lag1,0.1529871379652023,Expands Expression,Expands Expression,0.2498950557048573,0.5404017754909887,spec_p_attack_decision,Contracts Expression,,0.153 (0.25),contract,Contracts Expression,expand,contract
j_ind_lag1,-0.2287124508600539,Mixed Outcome,Mixed Outcome,0.2192871404163809,0.2969568183165508,spec_p_attack_decision,Contracts Expression,,-0.229 (0.219),contract,Contracts Expression,mixed,contract
wdj_govprot_lag1,-0.2700990121901477,Expands Expression,Expands Expression,0.2623680906112157,0.3032607784945945,spec_govprot_attack_decision,Contracts Expression,,-0.27 (0.262),contract,Contracts Expression,expand,contract
wdj_govprot_lag1,-0.3967373434157913,Mixed Outcome,Mixed Outcome,0.3253326845970254,0.2226613146919872,spec_govprot_attack_decision,Contracts Expression,,-0.397 (0.325),contract,Contracts Expression,mixed,contract
v2jupoatck_lag1,-0.1612308209328154,Expands Expression,Expands Expression,0.0987485406364259,0.1025234166773349,spec_govprot_attack_decision,Contracts Expression,,-0.161 (0.099),contract,Contracts Expression,expand,contract
v2jupoatck_lag1,-0.2521734271439803,Mixed Outcome,Mixed Outcome,0.1212593382861509,0.0375603389468236,spec_govprot_attack_decision,Contracts Expression,**,-0.252** (0.121),contract,Contracts Expression,mixed,contract
v2x_polyarchy_lag1,3.0331611237037297,Expands Expression,Expands Expression,1.0228138863392358,0.0030218505996431,spec_govprot_attack_decision,Contracts Expression,***,3.033*** (1.023),contract,Contracts Expression,expand,contract
v2x_polyarchy_lag1,5.4689364553233,Mixed Outcome,Mixed Outcome,1.291875499243958,2.3025534019206863e-05,spec_govprot_attack_decision,Contracts Expression,***,5.469*** (1.292),contract,Contracts Expression,mixed,contract
v2jureview_lag1,0.619542235976374,Expands Expression,Expands Expression,0.329976787168811,0.0604451083603723,spec_govprot_attack_decision,Contracts Expression,*,0.62* (0.33),contract,Contracts Expression,expand,contract
v2jureview_lag1,0.2539053026303737,Mixed Outcome,Mixed Outcome,0.3637111446717174,0.4851171467609564,spec_govprot_attack_decision,Contracts Expression,,0.254 (0.364),contract,Contracts Expression,mixed,contract
legal_common,-1.3621988063546735,Expands Expression,Expands Expression,0.3423988168550709,6.93811311730215e-05,spec_govprot_attack_decision,Contracts Expression,***,-1.362*** (0.342),contract,Contracts Expression,expand,contract
legal_common,-0.417139029238888,Mixed Outcome,Mixed Outcome,0.4874855990239375,0.3921664616777638,spec_govprot_attack_decision,Contracts Expression,,-0.417 (0.487),contract,Contracts Expression,mixed,contract
legal_civil,-0.0758469199357051,Expands Expression,Expands Expression,0.3186403267618705,0.8118554822496096,spec_govprot_attack_decision,Contracts Expression,,-0.076 (0.319),contract,Contracts Expression,expand,contract
legal_civil,0.030976543039956,Mixed Outcome,Mixed Outcome,0.3938164368436316,0.9373051989125144,spec_govprot_attack_decision,Contracts Expression,,0.031 (0.394),contract,Contracts Expression,mixed,contract
high_court,0.4622960497765463,Expands Expression,Expands Expression,0.2615618812798899,0.07715385354022,spec_govprot_attack_decision,Contracts Expression,*,0.462* (0.262),contract,Contracts Expression,expand,contract
high_court,0.5437128261713545,Mixed Outcome,Mixed Outcome,0.2904756203473534,0.0612340114638565,spec_govprot_attack_decision,Contracts Expression,*,0.544* (0.29),contract,Contracts Expression,mixed,contract
j_ind_lag1,0.1996728980490358,Expands Expression,Expands Expression,0.269200500522552,0.4582536166131441,spec_govprot_attack_decision,Contracts Expression,,0.2 (0.269),contract,Contracts Expression,expand,contract
j_ind_lag1,-0.1425501715321442,Mixed Outcome,Mixed Outcome,0.2482720662232561,0.5658533151969776,spec_govprot_attack_decision,Contracts Expression,,-0.143 (0.248),contract,Contracts Expression,mixed,contract
wdj_expression_lag1,-0.1048224213986628,Contracts Expression,Contracts Expression,0.2809740308819088,0.7090978301079355,spec_base_1,Expands Expression,,-0.105 (0.281),expand,Expands Expression,contract,expand
wdj_expression_lag1,0.0681172870290232,Mixed Outcome,Mixed Outcome,0.187969951531467,0.7170651574536573,spec_base_1,Expands Expression,,0.068 (0.188),expand,Expands Expression,mixed,expand
v2jureform_lag1,0.2119762932927631,Contracts Expression,Contracts Expression,0.1530716326853803,0.1661082433011398,spec_base_1,Expands Expression,,0.212 (0.153),expand,Expands Expression,contract,expand
v2jureform_lag1,0.1839420382480336,Mixed Outcome,Mixed Outcome,0.1223337208182949,0.1326821679861362,spec_base_1,Expands Expression,,0.184 (0.122),expand,Expands Expression,mixed,expand
wdj_expression_lag1,-0.0422586521148361,Contracts Expression,Contracts Expression,0.3085971396438758,0.8910798609894967,spec_base_2,Expands Expression,,-0.042 (0.309),expand,Expands Expression,contract,expand
wdj_expression_lag1,0.1408545952406004,Mixed Outcome,Mixed Outcome,0.2371833668070489,0.5526032699230835,spec_base_2,Expands Expression,,0.141 (0.237),expand,Expands Expression,mixed,expand
v2jupoatck_lag1,0.1190073719523266,Contracts Expression,Contracts Expression,0.1213137018649988,0.3265983088569217,spec_base_2,Expands Expression,,0.119 (0.121),expand,Expands Expression,contract,expand
v2jupoatck_lag1,0.1405091339718278,Mixed Outcome,Mixed Outcome,0.1045958766567934,0.1791578549594786,spec_base_2,Expands Expression,,0.141 (0.105),expand,Expands Expression,mixed,expand
wdj_expression_lag1,-0.0742993741781763,Contracts Expression,Contracts Expression,0.287038191251172,0.795752218696144,spec_base_3,Expands Expression,,-0.074 (0.287),expand,Expands Expression,contract,expand
wdj_expression_lag1,-0.0047475457607787,Mixed Outcome,Mixed Outcome,0.2141679944894349,0.982314429082984,spec_base_3,Expands Expression,,-0.005 (0.214),expand,Expands Expression,mixed,expand
v2jupack_lag1,-0.0322154613246639,Contracts Expression,Contracts Expression,0.160575051915804,0.8409913625716795,spec_base_3,Expands Expression,,-0.032 (0.161),expand,Expands Expression,contract,expand
v2jupack_lag1,0.2237481906152791,Mixed Outcome,Mixed Outcome,0.0877068066605956,0.0107385771699514,spec_base_3,Expands Expression,**,0.224** (0.088),expand,Expands Expression,mixed,expand
wdj_expression_lag1,0.0805896495937542,Contracts Expression,Contracts Expression,0.1961946839972403,0.6812458306483835,spec_extended_1,Expands Expression,,0.081 (0.196),expand,Expands Expression,contract,expand
wdj_expression_lag1,-0.012281168882056,Mixed Outcome,Mixed Outcome,0.2222340797780151,0.9559294875436634,spec_extended_1,Expands Expression,,-0.012 (0.222),expand,Expands Expression,mixed,expand
v2jureform_lag1,0.3347437869690959,Contracts Expression,Contracts Expression,0.12389669734967,0.0068965751594745,spec_extended_1,Expands Expression,***,0.335*** (0.124),expand,Expands Expression,contract,expand
v2jureform_lag1,0.1507768824629248,Mixed Outcome,Mixed Outcome,0.1832996733943528,0.4107523469632679,spec_extended_1,Expands Expression,,0.151 (0.183),expand,Expands Expression,mixed,expand
v2x_polyarchy_lag1,-3.487024175450778,Contracts Expression,Contracts Expression,1.2153318028065618,0.0041151774517195,spec_extended_1,Expands Expression,***,-3.487*** (1.215),expand,Expands Expression,contract,expand
v2x_polyarchy_lag1,1.6950080010263215,Mixed Outcome,Mixed Outcome,0.8727834800460167,0.0521284342211636,spec_extended_1,Expands Expression,*,1.695* (0.873),expand,Expands Expression,mixed,expand
v2jureview_lag1,-0.8298983624956936,Contracts Expression,Contracts Expression,0.3226043928898977,0.0100968256311109,spec_extended_1,Expands Expression,**,-0.83** (0.323),expand,Expands Expression,contract,expand
v2jureview_lag1,-0.447608047125495,Mixed Outcome,Mixed Outcome,0.3573159311224932,0.2103165563829391,spec_extended_1,Expands Expression,,-0.448 (0.357),expand,Expands Expression,mixed,expand
legal_common,2.190248000733213,Contracts Expression,Contracts Expression,0.349191518672567,3.5566140401474837e-10,spec_extended_1,Expands Expression,***,2.19*** (0.349),expand,Expands Expression,contract,expand
legal_common,1.336783843373958,Mixed Outcome,Mixed Outcome,0.458862048751375,0.003576781795367,spec_extended_1,Expands Expression,***,1.337*** (0.459),expand,Expands Expression,mixed,expand
legal_civil,0.6711549970475719,Contracts Expression,Contracts Expression,0.3679223459699133,0.0681255164902344,spec_extended_1,Expands Expression,*,0.671* (0.368),expand,Expands Expression,contract,expand
legal_civil,0.3216933745891792,Mixed Outcome,Mixed Outcome,0.3750856960771518,0.3910840968326566,spec_extended_1,Expands Expression,,0.322 (0.375),expand,Expands Expression,mixed,expand
high_court,-0.4180729147978578,Contracts Expression,Contracts Expression,0.2787670529427257,0.133686584929691,spec_extended_1,Expands Expression,,-0.418 (0.279),expand,Expands Expression,contract,expand
high_court,0.0384077766904381,Mixed Outcome,Mixed Outcome,0.1455055756448147,0.7918100795916979,spec_extended_1,Expands Expression,,0.038 (0.146),expand,Expands Expression,mixed,expand
j_ind_lag1,-0.2483863422956348,Contracts Expression,Contracts Expression,0.2645733677154398,0.3478239969450555,spec_extended_1,Expands Expression,,-0.248 (0.265),expand,Expands Expression,contract,expand
j_ind_lag1,-0.3865367849161935,Mixed Outcome,Mixed Outcome,0.2037364722104838,0.0577963990727461,spec_extended_1,Expands Expression,*,-0.387* (0.204),expand,Expands Expression,mixed,expand
wdj_expression_lag1,0.1545342104605534,Contracts Expression,Contracts Expression,0.266929852236451,0.5626351146529377,spec_extended_1_spline,Expands Expression,,0.155 (0.267),expand,Expands Expression,contract,expand
wdj_expression_lag1,-0.2250228880080136,Mixed Outcome,Mixed Outcome,0.2918038158066994,0.4406213263692493,spec_extended_1_spline,Expands Expression,,-0.225 (0.292),expand,Expands Expression,mixed,expand
v2jureform_lag1,0.3651950811949933,Contracts Expression,Contracts Expression,0.1185411890920687,0.0020648395425493,spec_extended_1_spline,Expands Expression,***,0.365*** (0.119),expand,Expands Expression,contract,expand
v2jureform_lag1,0.2087287239548541,Mixed Outcome,Mixed Outcome,0.1798375835435334,0.2457837368310607,spec_extended_1_spline,Expands Expression,,0.209 (0.18),expand,Expands Expression,mixed,expand
v2x_polyarchy_lag1,-3.1733348855504206,Contracts Expression,Contracts Expression,1.233297213033976,0.0100806763285893,spec_extended_1_spline,Expands Expression,**,-3.173** (1.233),expand,Expands Expression,contract,expand
v2x_polyarchy_lag1,1.254729784239471,Mixed Outcome,Mixed Outcome,0.9734478735155648,0.197413988393209,spec_extended_1_spline,Expands Expression,,1.255 (0.973),expand,Expands Expression,mixed,expand
v2jureview_lag1,-0.7836166889924188,Contracts Expression,Contracts Expression,0.3285597284105784,0.0170788759538308,spec_extended_1_spline,Expands Expression,**,-0.784** (0.329),expand,Expands Expression,contract,expand
v2jureview_lag1,-0.4145619168639379,Mixed Outcome,Mixed Outcome,0.3425987099628462,0.2262593178485602,spec_extended_1_spline,Expands Expression,,-0.415 (0.343),expand,Expands Expression,mixed,expand
legal_common,2.2005765739383825,Contracts Expression,Contracts Expression,0.3749428598130066,4.3817108967251105e-09,spec_extended_1_spline,Expands Expression,***,2.201*** (0.375),expand,Expands Expression,contract,expand
legal_common,1.565062221071288,Mixed Outcome,Mixed Outcome,0.4274872146525496,0.0002511604401454,spec_extended_1_spline,Expands Expression,***,1.565*** (0.427),expand,Expands Expression,mixed,expand
legal_civil,0.6949523416394697,Contracts Expression,Contracts Expression,0.3606894689994441,0.0540128995751491,spec_extended_1_spline,Expands Expression,*,0.695* (0.361),expand,Expands Expression,contract,expand
legal_civil,0.4091192511093506,Mixed Outcome,Mixed Outcome,0.3452536087273369,0.2360246333301118,spec_extended_1_spline,Expands Expression,,0.409 (0.345),expand,Expands Expression,mixed,expand
high_court,-0.2690797371496649,Contracts Expression,Contracts Expression,0.3164991583674602,0.3952276842839151,spec_extended_1_spline,Expands Expression,,-0.269 (0.316),expand,Expands Expression,contract,expand
high_court,0.2115726364239738,Mixed Outcome,Mixed Outcome,0.1754247684623803,0.2277947078031611,spec_extended_1_spline,Expands Expression,,0.212 (0.175),expand,Expands Expression,mixed,expand
j_ind_lag1,-0.3212825542072371,Contracts Expression,Contracts Expression,0.2675203553352358,0.2297648208707594,spec_extended_1_spline,Expands Expression,,-0.321 (0.268),expand,Expands Expression,contract,expand
j_ind_lag1,-0.361172708840743,Mixed Outcome,Mixed Outcome,0.1977757832029956,0.067824272840857,spec_extended_1_spline,Expands Expression,*,-0.361* (0.198),expand,Expands Expression,mixed,expand
v2x_polyarchy_lag1,154.37114504582587,Contracts Expression,Contracts Expression,102.98758265541132,0.1338918738654249,spec_extended_1_spline_interact,Expands Expression,,154.371 (102.988),expand,Expands Expression,contract,expand
v2x_polyarchy_lag1,-27.032713705195174,Mixed Outcome,Mixed Outcome,95.0678478300038,0.7761407925862998,spec_extended_1_spline_interact,Expands Expression,,-27.033 (95.068),expand,Expands Expression,mixed,expand
wdj_expression_lag1,0.1256648771703674,Contracts Expression,Contracts Expression,0.366942583333318,0.7320012143344538,spec_extended_1_spline_interact,Expands Expression,,0.126 (0.367),expand,Expands Expression,contract,expand
wdj_expression_lag1,-0.3909823949202687,Mixed Outcome,Mixed Outcome,0.3047759234317723,0.1995439413189542,spec_extended_1_spline_interact,Expands Expression,,-0.391 (0.305),expand,Expands Expression,mixed,expand
v2jureform_lag1,0.4066568913027316,Contracts Expression,Contracts Expression,0.1280933527868474,0.0014999582666646,spec_extended_1_spline_interact,Expands Expression,***,0.407*** (0.128),expand,Expands Expression,contract,expand
v2jureform_lag1,0.2017869543779952,Mixed Outcome,Mixed Outcome,0.1803047533718515,0.2630787788267524,spec_extended_1_spline_interact,Expands Expression,,0.202 (0.18),expand,Expands Expression,mixed,expand
v2jureview_lag1,-0.822428457885245,Contracts Expression,Contracts Expression,0.3153570701878948,0.0091092176082611,spec_extended_1_spline_interact,Expands Expression,***,-0.822*** (0.315),expand,Expands Expression,contract,expand
v2jureview_lag1,-0.5479461962581504,Mixed Outcome,Mixed Outcome,0.3457258179461634,0.1129855418155502,spec_extended_1_spline_interact,Expands Expression,,-0.548 (0.346),expand,Expands Expression,mixed,expand
legal_common,2.287600116546346,Contracts Expression,Contracts Expression,0.3883714583381638,3.856410530944083e-09,spec_extended_1_spline_interact,Expands Expression,***,2.288*** (0.388),expand,Expands Expression,contract,expand
legal_common,1.6755407775169306,Mixed Outcome,Mixed Outcome,0.433783536197146,0.0001121776270452,spec_extended_1_spline_interact,Expands Expression,***,1.676*** (0.434),expand,Expands Expression,mixed,expand
legal_civil,0.7241027717386537,Contracts Expression,Contracts Expression,0.3644142897643023,0.0469188761409062,spec_extended_1_spline_interact,Expands Expression,**,0.724** (0.364),expand,Expands Expression,contract,expand
legal_civil,0.3919558650760858,Mixed Outcome,Mixed Outcome,0.3842605164436196,0.3077159479669292,spec_extended_1_spline_interact,Expands Expression,,0.392 (0.384),expand,Expands Expression,mixed,expand
high_court,-0.2208916446271743,Contracts Expression,Contracts Expression,0.3186736057518776,0.4882094466307645,spec_extended_1_spline_interact,Expands Expression,,-0.221 (0.319),expand,Expands Expression,contract,expand
high_court,0.2101893848848209,Mixed Outcome,Mixed Outcome,0.1723553121915426,0.2226498945927918,spec_extended_1_spline_interact,Expands Expression,,0.21 (0.172),expand,Expands Expression,mixed,expand
j_ind_lag1,-0.3500186391250606,Contracts Expression,Contracts Expression,0.2715641137740374,0.1974332985033262,spec_extended_1_spline_interact,Expands Expression,,-0.35 (0.272),expand,Expands Expression,contract,expand
j_ind_lag1,-0.4017855270141895,Mixed Outcome,Mixed Outcome,0.2082330152157556,0.0536688652512024,spec_extended_1_spline_interact,Expands Expression,*,-0.402* (0.208),expand,Expands Expression,mixed,expand
wdj_expression_lag1,0.2790170359281692,Contracts Expression,Contracts Expression,0.212486656018821,0.1891479728469546,spec_extended_2,Expands Expression,,0.279 (0.212),expand,Expands Expression,contract,expand
wdj_expression_lag1,-0.0381546046738774,Mixed Outcome,Mixed Outcome,0.2360141724192154,0.8715717583894049,spec_extended_2,Expands Expression,,-0.038 (0.236),expand,Expands Expression,mixed,expand
v2jupoatck_lag1,0.1934599453212202,Contracts Expression,Contracts Expression,0.1017361457636076,0.0572254091494155,spec_extended_2,Expands Expression,*,0.193* (0.102),expand,Expands Expression,contract,expand
v2jupoatck_lag1,-0.0399892285586042,Mixed Outcome,Mixed Outcome,0.1115849233405997,0.7200628210215492,spec_extended_2,Expands Expression,,-0.04 (0.112),expand,Expands Expression,mixed,expand
v2x_polyarchy_lag1,-3.392459593837403,Contracts Expression,Contracts Expression,1.108599130994461,0.0022123951435281,spec_extended_2,Expands Expression,***,-3.392*** (1.109),expand,Expands Expression,contract,expand
v2x_polyarchy_lag1,2.1227207840150357,Mixed Outcome,Mixed Outcome,0.9134026718972856,0.0201270798796145,spec_extended_2,Expands Expression,**,2.123** (0.913),expand,Expands Expression,mixed,expand
v2jureview_lag1,-0.7729975942232876,Contracts Expression,Contracts Expression,0.3215703684735799,0.016224717023502,spec_extended_2,Expands Expression,**,-0.773** (0.322),expand,Expands Expression,contract,expand
v2jureview_lag1,-0.4887964182872409,Mixed Outcome,Mixed Outcome,0.350678268184814,0.1633598789727018,spec_extended_2,Expands Expression,,-0.489 (0.351),expand,Expands Expression,mixed,expand
legal_common,1.712319504911705,Contracts Expression,Contracts Expression,0.3252605000325688,1.4060527010510568e-07,spec_extended_2,Expands Expression,***,1.712*** (0.325),expand,Expands Expression,contract,expand
legal_common,1.1822890364947107,Mixed Outcome,Mixed Outcome,0.3901570224680987,0.0024431879003059,spec_extended_2,Expands Expression,***,1.182*** (0.39),expand,Expands Expression,mixed,expand
legal_civil,0.3519858498800998,Contracts Expression,Contracts Expression,0.3277137338152104,0.282793552193838,spec_extended_2,Expands Expression,,0.352 (0.328),expand,Expands Expression,contract,expand
legal_civil,0.1528846553012547,Mixed Outcome,Mixed Outcome,0.3613764025880732,0.6722499623786142,spec_extended_2,Expands Expression,,0.153 (0.361),expand,Expands Expression,mixed,expand
high_court,-0.5132355165118861,Contracts Expression,Contracts Expression,0.2819957152354677,0.0687572148237666,spec_extended_2,Expands Expression,*,-0.513* (0.282),expand,Expands Expression,contract,expand
high_court,0.0241982869202142,Mixed Outcome,Mixed Outcome,0.1567218335842632,0.8772921611782903,spec_extended_2,Expands Expression,,0.024 (0.157),expand,Expands Expression,mixed,expand
j_ind_lag1,-0.1806953113276952,Contracts Expression,Contracts Expression,0.2678971557724344,0.4999966178203532,spec_extended_2,Expands Expression,,-0.181 (0.268),expand,Expands Expression,contract,expand
j_ind_lag1,-0.3591837464545958,Mixed Outcome,Mixed Outcome,0.2004246603302063,0.0731147812671191,spec_extended_2,Expands Expression,*,-0.359* (0.2),expand,Expands Expression,mixed,expand
wdj_expression_lag1,0.4761370414986522,Contracts Expression,Contracts Expression,0.2765585287424905,0.0851329067908702,spec_extended_2_spline,Expands Expression,*,0.476* (0.277),expand,Expands Expression,contract,expand
wdj_expression_lag1,-0.1365234964039672,Mixed Outcome,Mixed Outcome,0.3603556266405584,0.7047935526102427,spec_extended_2_spline,Expands Expression,,-0.137 (0.36),expand,Expands Expression,mixed,expand
v2jupoatck_lag1,0.2664390230209927,Contracts Expression,Contracts Expression,0.0989466402065461,0.007086440150108,spec_extended_2_spline,Expands Expression,***,0.266*** (0.099),expand,Expands Expression,contract,expand
v2jupoatck_lag1,0.0394975676109064,Mixed Outcome,Mixed Outcome,0.1342514552461988,0.7686005873426118,spec_extended_2_spline,Expands Expression,,0.039 (0.134),expand,Expands Expression,mixed,expand
v2x_polyarchy_lag1,-3.373124850327528,Contracts Expression,Contracts Expression,1.193614036864397,0.0047136767403701,spec_extended_2_spline,Expands Expression,***,-3.373*** (1.194),expand,Expands Expression,contract,expand
v2x_polyarchy_lag1,1.5210918864181668,Mixed Outcome,Mixed Outcome,1.1843120210671398,0.1990133940503561,spec_extended_2_spline,Expands Expression,,1.521 (1.184),expand,Expands Expression,mixed,expand
v2jureview_lag1,-0.6798508683484776,Contracts Expression,Contracts Expression,0.3208472352833311,0.0340969005434136,spec_extended_2_spline,Expands Expression,**,-0.68** (0.321),expand,Expands Expression,contract,expand
v2jureview_lag1,-0.4069363496508501,Mixed Outcome,Mixed Outcome,0.3338253380857032,0.2228404831199811,spec_extended_2_spline,Expands Expression,,-0.407 (0.334),expand,Expands Expression,mixed,expand
legal_common,1.6647909687136018,Contracts Expression,Contracts Expression,0.3252222541683632,3.072688897720408e-07,spec_extended_2_spline,Expands Expression,***,1.665*** (0.325),expand,Expands Expression,contract,expand
legal_common,1.3073894383118825,Mixed Outcome,Mixed Outcome,0.3700845782842929,0.0004113740689244,spec_extended_2_spline,Expands Expression,***,1.307*** (0.37),expand,Expands Expression,mixed,expand
legal_civil,0.3461799821781219,Contracts Expression,Contracts Expression,0.3120774570231445,0.2673112058020548,spec_extended_2_spline,Expands Expression,,0.346 (0.312),expand,Expands Expression,contract,expand
legal_civil,0.1678735050405621,Mixed Outcome,Mixed Outcome,0.3520263871101997,0.6334492705882009,spec_extended_2_spline,Expands Expression,,0.168 (0.352),expand,Expands Expression,mixed,expand
high_court,-0.3632930970195366,Contracts Expression,Contracts Expression,0.3351921159374713,0.2784377652140211,spec_extended_2_spline,Expands Expression,,-0.363 (0.335),expand,Expands Expression,contract,expand
high_court,0.1780773850522218,Mixed Outcome,Mixed Outcome,0.1736324961623755,0.3050804472326892,spec_extended_2_spline,Expands Expression,,0.178 (0.174),expand,Expands Expression,mixed,expand
j_ind_lag1,-0.2200953457518836,Contracts Expression,Contracts Expression,0.2638230283214248,0.4041380187898072,spec_extended_2_spline,Expands Expression,,-0.22 (0.264),expand,Expands Expression,contract,expand
j_ind_lag1,-0.3268462353171262,Mixed Outcome,Mixed Outcome,0.2033366783624628,0.1079635682586039,spec_extended_2_spline,Expands Expression,,-0.327 (0.203),expand,Expands Expression,mixed,expand
v2x_polyarchy_lag1,174.7968806958075,Contracts Expression,Contracts Expression,102.537535562332,0.0882483083383987,spec_extended_2_spline_interact,Expands Expression,*,174.797* (102.538),expand,Expands Expression,contract,expand
v2x_polyarchy_lag1,-14.157977369156432,Mixed Outcome,Mixed Outcome,94.13122296970693,0.8804436654277761,spec_extended_2_spline_interact,Expands Expression,,-14.158 (94.131),expand,Expands Expression,mixed,expand
wdj_expression_lag1,0.5088439380140081,Contracts Expression,Contracts Expression,0.3660463175538652,0.1644960647792435,spec_extended_2_spline_interact,Expands Expression,,0.509 (0.366),expand,Expands Expression,contract,expand
wdj_expression_lag1,-0.2601419518914147,Mixed Outcome,Mixed Outcome,0.3689021433981619,0.4806990045866474,spec_extended_2_spline_interact,Expands Expression,,-0.26 (0.369),expand,Expands Expression,mixed,expand
v2jupoatck_lag1,0.2792130090806948,Contracts Expression,Contracts Expression,0.0887292340124431,0.0016506874779407,spec_extended_2_spline_interact,Expands Expression,***,0.279*** (0.089),expand,Expands Expression,contract,expand
v2jupoatck_lag1,0.0557020692472487,Mixed Outcome,Mixed Outcome,0.1434341914476361,0.6977601304397094,spec_extended_2_spline_interact,Expands Expression,,0.056 (0.143),expand,Expands Expression,mixed,expand
v2jureview_lag1,-0.7317585840520783,Contracts Expression,Contracts Expression,0.3015669956982373,0.0152443769476183,spec_extended_2_spline_interact,Expands Expression,**,-0.732** (0.302),expand,Expands Expression,contract,expand
v2jureview_lag1,-0.535667652736981,Mixed Outcome,Mixed Outcome,0.3428942377952884,0.1182420657581819,spec_extended_2_spline_interact,Expands Expression,,-0.536 (0.343),expand,Expands Expression,mixed,expand
legal_common,1.695409298902236,Contracts Expression,Contracts Expression,0.3257650846038439,1.946324577108897e-07,spec_extended_2_spline_interact,Expands Expression,***,1.695*** (0.326),expand,Expands Expression,contract,expand
legal_common,1.4068619028194866,Mixed Outcome,Mixed Outcome,0.3662110821169083,0.0001222003625242,spec_extended_2_spline_interact,Expands Expression,***,1.407*** (0.366),expand,Expands Expression,mixed,expand
legal_civil,0.3026198088784489,Contracts Expression,Contracts Expression,0.303880277815457,0.3193220180006439,spec_extended_2_spline_interact,Expands Expression,,0.303 (0.304),expand,Expands Expression,contract,expand
legal_civil,0.1361587617210425,Mixed Outcome,Mixed Outcome,0.3701858625390364,0.7130135027108917,spec_extended_2_spline_interact,Expands Expression,,0.136 (0.37),expand,Expands Expression,mixed,expand
high_court,-0.3323731062699437,Contracts Expression,Contracts Expression,0.3446427843656612,0.3348459965870262,spec_extended_2_spline_interact,Expands Expression,,-0.332 (0.345),expand,Expands Expression,contract,expand
high_court,0.1755484786010374,Mixed Outcome,Mixed Outcome,0.1754664630468272,0.3170843595183777,spec_extended_2_spline_interact,Expands Expression,,0.176 (0.175),expand,Expands Expression,mixed,expand
j_ind_lag1,-0.2261846846380405,Contracts Expression,Contracts Expression,0.2666120044430812,0.3962339108484271,spec_extended_2_spline_interact,Expands Expression,,-0.226 (0.267),expand,Expands Expression,contract,expand
j_ind_lag1,-0.3607295454316921,Mixed Outcome,Mixed Outcome,0.2134104447759864,0.0909688990364842,spec_extended_2_spline_interact,Expands Expression,*,-0.361* (0.213),expand,Expands Expression,mixed,expand
wdj_expression_lag1,0.1368959147972335,Contracts Expression,Contracts Expression,0.2095319719004096,0.5135361991056324,spec_extended_3,Expands Expression,,0.137 (0.21),expand,Expands Expression,contract,expand
wdj_expression_lag1,-0.03623597632439,Mixed Outcome,Mixed Outcome,0.1926051061281818,0.8507699511726178,spec_extended_3,Expands Expression,,-0.036 (0.193),expand,Expands Expression,mixed,expand
v2jupack_lag1,0.2561006922479894,Contracts Expression,Contracts Expression,0.1569222469033152,0.1026746731660998,spec_extended_3,Expands Expression,,0.256 (0.157),expand,Expands Expression,contract,expand
v2jupack_lag1,-0.3129303423374048,Mixed Outcome,Mixed Outcome,0.2083852663485723,0.1331768507754673,spec_extended_3,Expands Expression,,-0.313 (0.208),expand,Expands Expression,mixed,expand
v2x_polyarchy_lag1,-3.830151078980357,Contracts Expression,Contracts Expression,1.2071769733425064,0.0015096788369434,spec_extended_3,Expands Expression,***,-3.83*** (1.207),expand,Expands Expression,contract,expand
v2x_polyarchy_lag1,3.220782418479451,Mixed Outcome,Mixed Outcome,1.262450707839409,0.0107348267450526,spec_extended_3,Expands Expression,**,3.221** (1.262),expand,Expands Expression,mixed,expand
v2jureview_lag1,-0.9034207715493152,Contracts Expression,Contracts Expression,0.3229083684235284,0.0051458009938879,spec_extended_3,Expands Expression,***,-0.903*** (0.323),expand,Expands Expression,contract,expand
v2jureview_lag1,-0.4306942616649369,Mixed Outcome,Mixed Outcome,0.3603500791586863,0.2320047284701252,spec_extended_3,Expands Expression,,-0.431 (0.36),expand,Expands Expression,mixed,expand
legal_common,1.787725351017398,Contracts Expression,Contracts Expression,0.3398650831360058,1.4397471321604468e-07,spec_extended_3,Expands Expression,***,1.788*** (0.34),expand,Expands Expression,contract,expand
legal_common,1.165987483401914,Mixed Outcome,Mixed Outcome,0.3921880493692255,0.0029487404367618,spec_extended_3,Expands Expression,***,1.166*** (0.392),expand,Expands Expression,mixed,expand
legal_civil,0.4229064704465331,Contracts Expression,Contracts Expression,0.3396350827663118,0.2130659625236738,spec_extended_3,Expands Expression,,0.423 (0.34),expand,Expands Expression,contract,expand
legal_civil,0.0398937387817367,Mixed Outcome,Mixed Outcome,0.3755106836854569,0.9153930258646265,spec_extended_3,Expands Expression,,0.04 (0.376),expand,Expands Expression,mixed,expand
high_court,-0.4210709330286863,Contracts Expression,Contracts Expression,0.2849743708198353,0.1395216385236342,spec_extended_3,Expands Expression,,-0.421 (0.285),expand,Expands Expression,contract,expand
high_court,-0.0195375486143136,Mixed Outcome,Mixed Outcome,0.1399652720829012,0.8889850921445983,spec_extended_3,Expands Expression,,-0.02 (0.14),expand,Expands Expression,mixed,expand
j_ind_lag1,-0.1616353187335881,Contracts Expression,Contracts Expression,0.2798819093241875,0.5635932545460798,spec_extended_3,Expands Expression,,-0.162 (0.28),expand,Expands Expression,contract,expand
j_ind_lag1,-0.3573531934252271,Mixed Outcome,Mixed Outcome,0.2024188614952359,0.0774941279834795,spec_extended_3,Expands Expression,*,-0.357* (0.202),expand,Expands Expression,mixed,expand
wdj_expression_lag1,0.2676914954972076,Contracts Expression,Contracts Expression,0.280326341067484,0.3396140669077374,spec_extended_3_spline,Expands Expression,,0.268 (0.28),expand,Expands Expression,contract,expand
wdj_expression_lag1,-0.1861937926606727,Mixed Outcome,Mixed Outcome,0.2859413172484001,0.5149426563594579,spec_extended_3_spline,Expands Expression,,-0.186 (0.286),expand,Expands Expression,mixed,expand
v2jupack_lag1,0.2393542300914043,Contracts Expression,Contracts Expression,0.1562419768025524,0.125535826062642,spec_extended_3_spline,Expands Expression,,0.239 (0.156),expand,Expands Expression,contract,expand
v2jupack_lag1,-0.282152680032469,Mixed Outcome,Mixed Outcome,0.2089760641263715,0.1769622759248907,spec_extended_3_spline,Expands Expression,,-0.282 (0.209),expand,Expands Expression,mixed,expand
v2x_polyarchy_lag1,-3.465563529485582,Contracts Expression,Contracts Expression,1.1901038514491182,0.003591408807542,spec_extended_3_spline,Expands Expression,***,-3.466*** (1.19),expand,Expands Expression,contract,expand
v2x_polyarchy_lag1,2.811452085153983,Mixed Outcome,Mixed Outcome,1.2952805028552703,0.0299663156867427,spec_extended_3_spline,Expands Expression,**,2.811** (1.295),expand,Expands Expression,mixed,expand
v2jureview_lag1,-0.8591075659631605,Contracts Expression,Contracts Expression,0.3300164450519136,0.0092350910405194,spec_extended_3_spline,Expands Expression,***,-0.859*** (0.33),expand,Expands Expression,contract,expand
v2jureview_lag1,-0.4045960355089314,Mixed Outcome,Mixed Outcome,0.3535625295157432,0.2524823201081521,spec_extended_3_spline,Expands Expression,,-0.405 (0.354),expand,Expands Expression,mixed,expand
legal_common,1.7399866659995038,Contracts Expression,Contracts Expression,0.3633789811886391,1.6815605953367473e-06,spec_extended_3_spline,Expands Expression,***,1.74*** (0.363),expand,Expands Expression,contract,expand
legal_common,1.30288691709627,Mixed Outcome,Mixed Outcome,0.3769691191708827,0.00054781498054,spec_extended_3_spline,Expands Expression,***,1.303*** (0.377),expand,Expands Expression,mixed,expand
legal_civil,0.4054218172052722,Contracts Expression,Contracts Expression,0.3460300385161649,0.2413425699749111,spec_extended_3_spline,Expands Expression,,0.405 (0.346),expand,Expands Expression,contract,expand
legal_civil,0.0584490246970933,Mixed Outcome,Mixed Outcome,0.3768578395847882,0.8767458840650818,spec_extended_3_spline,Expands Expression,,0.058 (0.377),expand,Expands Expression,mixed,expand
high_court,-0.3125138756864479,Contracts Expression,Contracts Expression,0.3307475232036678,0.3447245337032452,spec_extended_3_spline,Expands Expression,,-0.313 (0.331),expand,Expands Expression,contract,expand
high_court,0.1347423515547787,Mixed Outcome,Mixed Outcome,0.170930114455541,0.4305276032202766,spec_extended_3_spline,Expands Expression,,0.135 (0.171),expand,Expands Expression,mixed,expand
j_ind_lag1,-0.2117118897512477,Contracts Expression,Contracts Expression,0.2786804828062962,0.4474375181013813,spec_extended_3_spline,Expands Expression,,-0.212 (0.279),expand,Expands Expression,contract,expand
j_ind_lag1,-0.3276029651585656,Mixed Outcome,Mixed Outcome,0.2063349641540645,0.1123487739305167,spec_extended_3_spline,Expands Expression,,-0.328 (0.206),expand,Expands Expression,mixed,expand
v2x_polyarchy_lag1,183.4102485401648,Contracts Expression,Contracts Expression,107.38680137805632,0.0876474156584213,spec_extended_3_spline_interact,Expands Expression,*,183.41* (107.387),expand,Expands Expression,contract,expand
v2x_polyarchy_lag1,-17.940666165370025,Mixed Outcome,Mixed Outcome,96.85846334060864,0.8530520972573737,spec_extended_3_spline_interact,Expands Expression,,-17.941 (96.858),expand,Expands Expression,mixed,expand
wdj_expression_lag1,0.2843921224927775,Contracts Expression,Contracts Expression,0.3851773907437458,0.4603074743349734,spec_extended_3_spline_interact,Expands Expression,,0.284 (0.385),expand,Expands Expression,contract,expand
wdj_expression_lag1,-0.3130596634944986,Mixed Outcome,Mixed Outcome,0.2916576290417174,0.2831003503734126,spec_extended_3_spline_interact,Expands Expression,,-0.313 (0.292),expand,Expands Expression,mixed,expand
v2jupack_lag1,0.2962183657046806,Contracts Expression,Contracts Expression,0.1506889335052579,0.0493262730323192,spec_extended_3_spline_interact,Expands Expression,**,0.296** (0.151),expand,Expands Expression,contract,expand
v2jupack_lag1,-0.2950264326467496,Mixed Outcome,Mixed Outcome,0.2147322828771123,0.1694644167047514,spec_extended_3_spline_interact,Expands Expression,,-0.295 (0.215),expand,Expands Expression,mixed,expand
v2jureview_lag1,-0.9212323620274092,Contracts Expression,Contracts Expression,0.3149188651801698,0.0034412357539739,spec_extended_3_spline_interact,Expands Expression,***,-0.921*** (0.315),expand,Expands Expression,contract,expand
v2jureview_lag1,-0.5543544510680966,Mixed Outcome,Mixed Outcome,0.3607556947833865,0.1243795761078571,spec_extended_3_spline_interact,Expands Expression,,-0.554 (0.361),expand,Expands Expression,mixed,expand
legal_common,1.769789716529103,Contracts Expression,Contracts Expression,0.358133539338503,7.744298040311516e-07,spec_extended_3_spline_interact,Expands Expression,***,1.77*** (0.358),expand,Expands Expression,contract,expand
legal_common,1.399905811924397,Mixed Outcome,Mixed Outcome,0.3836103796659895,0.0002629653365929,spec_extended_3_spline_interact,Expands Expression,***,1.4*** (0.384),expand,Expands Expression,mixed,expand
legal_civil,0.3724325706229067,Contracts Expression,Contracts Expression,0.340233851777797,0.2736756889954173,spec_extended_3_spline_interact,Expands Expression,,0.372 (0.34),expand,Expands Expression,contract,expand
legal_civil,0.0091686158335114,Mixed Outcome,Mixed Outcome,0.4094156215441232,0.9821333500385334,spec_extended_3_spline_interact,Expands Expression,,0.009 (0.409),expand,Expands Expression,mixed,expand
high_court,-0.2642154970612455,Contracts Expression,Contracts Expression,0.3387940088997985,0.4354670276699828,spec_extended_3_spline_interact,Expands Expression,,-0.264 (0.339),expand,Expands Expression,contract,expand
high_court,0.1283509444114482,Mixed Outcome,Mixed Outcome,0.1719975393402065,0.4555242023809159,spec_extended_3_spline_interact,Expands Expression,,0.128 (0.172),expand,Expands Expression,mixed,expand
j_ind_lag1,-0.2229504027659734,Contracts Expression,Contracts Expression,0.2856070009609696,0.4350263018818169,spec_extended_3_spline_interact,Expands Expression,,-0.223 (0.286),expand,Expands Expression,contract,expand
j_ind_lag1,-0.354055323726223,Mixed Outcome,Mixed Outcome,0.2123549135212912,0.0954585324185901,spec_extended_3_spline_interact,Expands Expression,*,-0.354* (0.212),expand,Expands Expression,mixed,expand
wdj_citizen_lag1,0.2716039757924484,Contracts Expression,Contracts Expression,0.4282966931015369,0.5259835016480288,spec_c_pack,Expands Expression,,0.272 (0.428),expand,Expands Expression,contract,expand
wdj_citizen_lag1,-0.583054339636806,Mixed Outcome,Mixed Outcome,0.4128436753530378,0.1578650563368886,spec_c_pack,Expands Expression,,-0.583 (0.413),expand,Expands Expression,mixed,expand
v2jupack_lag1,0.2352534060470528,Contracts Expression,Contracts Expression,0.1616303157868638,0.1455300662408457,spec_c_pack,Expands Expression,,0.235 (0.162),expand,Expands Expression,contract,expand
v2jupack_lag1,-0.2524319764483939,Mixed Outcome,Mixed Outcome,0.221575860469562,0.2545957397847193,spec_c_pack,Expands Expression,,-0.252 (0.222),expand,Expands Expression,mixed,expand
v2x_polyarchy_lag1,-3.881589723965282,Contracts Expression,Contracts Expression,1.2027618411302767,0.0012499471570915,spec_c_pack,Expands Expression,***,-3.882*** (1.203),expand,Expands Expression,contract,expand
v2x_polyarchy_lag1,3.1192398796255976,Mixed Outcome,Mixed Outcome,1.2427554593224726,0.0120752160458353,spec_c_pack,Expands Expression,**,3.119** (1.243),expand,Expands Expression,mixed,expand
v2jureview_lag1,-0.8678130060451898,Contracts Expression,Contracts Expression,0.3014818912573242,0.0039958228135992,spec_c_pack,Expands Expression,***,-0.868*** (0.301),expand,Expands Expression,contract,expand
v2jureview_lag1,-0.450546397434963,Mixed Outcome,Mixed Outcome,0.3593409779853829,0.209909975020189,spec_c_pack,Expands Expression,,-0.451 (0.359),expand,Expands Expression,mixed,expand
legal_common,1.865346273723544,Contracts Expression,Contracts Expression,0.3606774928932182,2.3186888202631257e-07,spec_c_pack,Expands Expression,***,1.865*** (0.361),expand,Expands Expression,contract,expand
legal_common,1.1266274233301488,Mixed Outcome,Mixed Outcome,0.385457237039512,0.0034686165838407,spec_c_pack,Expands Expression,***,1.127*** (0.385),expand,Expands Expression,mixed,expand
legal_civil,0.4180033382887497,Contracts Expression,Contracts Expression,0.3443165533188221,0.2247443498206268,spec_c_pack,Expands Expression,,0.418 (0.344),expand,Expands Expression,contract,expand
legal_civil,0.2054105319107408,Mixed Outcome,Mixed Outcome,0.3578241752746497,0.5659310089853271,spec_c_pack,Expands Expression,,0.205 (0.358),expand,Expands Expression,mixed,expand
high_court,-0.4489343364082847,Contracts Expression,Contracts Expression,0.2586586081244904,0.0826301696230385,spec_c_pack,Expands Expression,*,-0.449* (0.259),expand,Expands Expression,contract,expand
high_court,-0.0015124524992033,Mixed Outcome,Mixed Outcome,0.1308167114832479,0.9907753711275066,spec_c_pack,Expands Expression,,-0.002 (0.131),expand,Expands Expression,mixed,expand
j_ind_lag1,-0.1436075361757354,Contracts Expression,Contracts Expression,0.2738083934575475,0.5999434317452592,spec_c_pack,Expands Expression,,-0.144 (0.274),expand,Expands Expression,contract,expand
j_ind_lag1,-0.3912069175628939,Mixed Outcome,Mixed Outcome,0.1890892247365757,0.0385553621448786,spec_c_pack,Expands Expression,**,-0.391** (0.189),expand,Expands Expression,mixed,expand
wdj_intermediaries_lag1,0.7621356152564651,Contracts Expression,Contracts Expression,0.6361327756262409,0.2308873063727863,spec_im_pack,Expands Expression,,0.762 (0.636),expand,Expands Expression,contract,expand
wdj_intermediaries_lag1,0.623855749772821,Mixed Outcome,Mixed Outcome,0.5421941450933195,0.2498913928939665,spec_im_pack,Expands Expression,,0.624 (0.542),expand,Expands Expression,mixed,expand
v2jupack_lag1,0.2139046513796084,Contracts Expression,Contracts Expression,0.1516993132171523,0.1585229055724797,spec_im_pack,Expands Expression,,0.214 (0.152),expand,Expands Expression,contract,expand
v2jupack_lag1,-0.3495094232788021,Mixed Outcome,Mixed Outcome,0.2039906460024282,0.0866463213128369,spec_im_pack,Expands Expression,*,-0.35* (0.204),expand,Expands Expression,mixed,expand
v2x_polyarchy_lag1,-3.8776957217766257,Contracts Expression,Contracts Expression,1.2198479868221297,0.0014786813512526,spec_im_pack,Expands Expression,***,-3.878*** (1.22),expand,Expands Expression,contract,expand
v2x_polyarchy_lag1,3.354226700169749,Mixed Outcome,Mixed Outcome,1.2550255639217915,0.0075257826690702,spec_im_pack,Expands Expression,***,3.354*** (1.255),expand,Expands Expression,mixed,expand
v2jureview_lag1,-0.8771763390588186,Contracts Expression,Contracts Expression,0.3061700004338206,0.004170123054258,spec_im_pack,Expands Expression,***,-0.877*** (0.306),expand,Expands Expression,contract,expand
v2jureview_lag1,-0.4256311031177518,Mixed Outcome,Mixed Outcome,0.3705196031425742,0.2506627456025878,spec_im_pack,Expands Expression,,-0.426 (0.371),expand,Expands Expression,mixed,expand
legal_common,1.913512734112179,Contracts Expression,Contracts Expression,0.3628230896949988,1.3351448569764066e-07,spec_im_pack,Expands Expression,***,1.914*** (0.363),expand,Expands Expression,contract,expand
legal_common,1.2170116733362295,Mixed Outcome,Mixed Outcome,0.3960122858307879,0.0021180030936938,spec_im_pack,Expands Expression,***,1.217*** (0.396),expand,Expands Expression,mixed,expand
legal_civil,0.324818832015721,Contracts Expression,Contracts Expression,0.3343790163381113,0.3313445798821748,spec_im_pack,Expands Expression,,0.325 (0.334),expand,Expands Expression,contract,expand
legal_civil,-0.1562453514324673,Mixed Outcome,Mixed Outcome,0.3896119738906164,0.6883994321194785,spec_im_pack,Expands Expression,,-0.156 (0.39),expand,Expands Expression,mixed,expand
high_court,-0.4435598513943647,Contracts Expression,Contracts Expression,0.261355374993067,0.0896678881989721,spec_im_pack,Expands Expression,*,-0.444* (0.261),expand,Expands Expression,contract,expand
high_court,-0.0049009411775239,Mixed Outcome,Mixed Outcome,0.138653075983173,0.9718032134943544,spec_im_pack,Expands Expression,,-0.005 (0.139),expand,Expands Expression,mixed,expand
j_ind_lag1,-0.1316376465751889,Contracts Expression,Contracts Expression,0.2704223542044855,0.6264104369646546,spec_im_pack,Expands Expression,,-0.132 (0.27),expand,Expands Expression,contract,expand
j_ind_lag1,-0.3600411865587354,Mixed Outcome,Mixed Outcome,0.1881047911978334,0.0556143032580601,spec_im_pack,Expands Expression,*,-0.36* (0.188),expand,Expands Expression,mixed,expand
wdj_press_lag1,0.5090416409655634,Contracts Expression,Contracts Expression,0.6103532455099349,0.4042744895223722,spec_p_pack,Expands Expression,,0.509 (0.61),expand,Expands Expression,contract,expand
wdj_press_lag1,-0.9305957423157638,Mixed Outcome,Mixed Outcome,0.4323139724324342,0.0313507316647604,spec_p_pack,Expands Expression,**,-0.931** (0.432),expand,Expands Expression,mixed,expand
v2jupack_lag1,0.2375304816731789,Contracts Expression,Contracts Expression,0.1582502422418566,0.1333606805257912,spec_p_pack,Expands Expression,,0.238 (0.158),expand,Expands Expression,contract,expand
v2jupack_lag1,-0.2488799652581593,Mixed Outcome,Mixed Outcome,0.2106280999222947,0.2373610565594474,spec_p_pack,Expands Expression,,-0.249 (0.211),expand,Expands Expression,mixed,expand
v2x_polyarchy_lag1,-4.01220122053499,Contracts Expression,Contracts Expression,1.2104722807709951,0.0009178253784577,spec_p_pack,Expands Expression,***,-4.012*** (1.21),expand,Expands Expression,contract,expand
v2x_polyarchy_lag1,3.301337816890753,Mixed Outcome,Mixed Outcome,1.136832096212106,0.0036845154474105,spec_p_pack,Expands Expression,***,3.301*** (1.137),expand,Expands Expression,mixed,expand
v2jureview_lag1,-0.9176435169235408,Contracts Expression,Contracts Expression,0.3258988827785374,0.0048666428928901,spec_p_pack,Expands Expression,***,-0.918*** (0.326),expand,Expands Expression,contract,expand
v2jureview_lag1,-0.4268195816204055,Mixed Outcome,Mixed Outcome,0.3538247044956872,0.2277009219813583,spec_p_pack,Expands Expression,,-0.427 (0.354),expand,Expands Expression,mixed,expand
legal_common,1.912405413757765,Contracts Expression,Contracts Expression,0.3608904320511855,1.1635559563463503e-07,spec_p_pack,Expands Expression,***,1.912*** (0.361),expand,Expands Expression,contract,expand
legal_common,1.051147403957344,Mixed Outcome,Mixed Outcome,0.3777556861047567,0.0053923294552091,spec_p_pack,Expands Expression,***,1.051*** (0.378),expand,Expands Expression,mixed,expand
legal_civil,0.4095729931885663,Contracts Expression,Contracts Expression,0.352567472573136,0.2453626930944965,spec_p_pack,Expands Expression,,0.41 (0.353),expand,Expands Expression,contract,expand
legal_civil,0.1821932313932379,Mixed Outcome,Mixed Outcome,0.3364085193675813,0.5881056084220824,spec_p_pack,Expands Expression,,0.182 (0.336),expand,Expands Expression,mixed,expand
high_court,-0.4575590010994854,Contracts Expression,Contracts Expression,0.2602695097637388,0.0787441079797667,spec_p_pack,Expands Expression,*,-0.458* (0.26),expand,Expands Expression,contract,expand
high_court,0.0056567082653997,Mixed Outcome,Mixed Outcome,0.1322076704452341,0.9658716967899046,spec_p_pack,Expands Expression,,0.006 (0.132),expand,Expands Expression,mixed,expand
j_ind_lag1,-0.1368515209186749,Contracts Expression,Contracts Expression,0.2757114057775092,0.619641956935375,spec_p_pack,Expands Expression,,-0.137 (0.276),expand,Expands Expression,contract,expand
j_ind_lag1,-0.3769810986592523,Mixed Outcome,Mixed Outcome,0.1769499164794848,0.0331353423441418,spec_p_pack,Expands Expression,**,-0.377** (0.177),expand,Expands Expression,mixed,expand
wdj_govprot_lag1,0.1753859852524262,Contracts Expression,Contracts Expression,0.2478250968361131,0.4791311658269365,spec_govprot_pack,Expands Expression,,0.175 (0.248),expand,Expands Expression,contract,expand
wdj_govprot_lag1,-0.0725394852339327,Mixed Outcome,Mixed Outcome,0.219890440432129,0.7414836713852635,spec_govprot_pack,Expands Expression,,-0.073 (0.22),expand,Expands Expression,mixed,expand
v2jupack_lag1,0.252674379761254,Contracts Expression,Contracts Expression,0.1550038237352512,0.1030767555792175,spec_govprot_pack,Expands Expression,,0.253 (0.155),expand,Expands Expression,contract,expand
v2jupack_lag1,-0.3131382213205979,Mixed Outcome,Mixed Outcome,0.2119444793781587,0.1395539770821187,spec_govprot_pack,Expands Expression,,-0.313 (0.212),expand,Expands Expression,mixed,expand
v2x_polyarchy_lag1,-3.801974440964909,Contracts Expression,Contracts Expression,1.2301338706867662,0.001996854452387,spec_govprot_pack,Expands Expression,***,-3.802*** (1.23),expand,Expands Expression,contract,expand
v2x_polyarchy_lag1,3.182520452767514,Mixed Outcome,Mixed Outcome,1.2897418686719964,0.0136035945568629,spec_govprot_pack,Expands Expression,**,3.183** (1.29),expand,Expands Expression,mixed,expand
v2jureview_lag1,-0.9040288362139228,Contracts Expression,Contracts Expression,0.3252591572045762,0.0054457596405656,spec_govprot_pack,Expands Expression,***,-0.904*** (0.325),expand,Expands Expression,contract,expand
v2jureview_lag1,-0.4244376302311971,Mixed Outcome,Mixed Outcome,0.3551009927227299,0.2319858832696911,spec_govprot_pack,Expands Expression,,-0.424 (0.355),expand,Expands Expression,mixed,expand
legal_common,1.7943864144699102,Contracts Expression,Contracts Expression,0.3422734228532675,1.5837024486230317e-07,spec_govprot_pack,Expands Expression,***,1.794*** (0.342),expand,Expands Expression,contract,expand
legal_common,1.164111585144919,Mixed Outcome,Mixed Outcome,0.382969279072889,0.002368141812487,spec_govprot_pack,Expands Expression,***,1.164*** (0.383),expand,Expands Expression,mixed,expand
legal_civil,0.4353832694091413,Contracts Expression,Contracts Expression,0.3425925007878633,0.2037824430842789,spec_govprot_pack,Expands Expression,,0.435 (0.343),expand,Expands Expression,contract,expand
legal_civil,0.0482961558293321,Mixed Outcome,Mixed Outcome,0.3799541646021269,0.8988529577628994,spec_govprot_pack,Expands Expression,,0.048 (0.38),expand,Expands Expression,mixed,expand
high_court,-0.4165527555444834,Contracts Expression,Contracts Expression,0.2804438256438833,0.1374553636547124,spec_govprot_pack,Expands Expression,,-0.417 (0.28),expand,Expands Expression,contract,expand
high_court,-0.0254483125884471,Mixed Outcome,Mixed Outcome,0.1469442938842105,0.8625072704926149,spec_govprot_pack,Expands Expression,,-0.025 (0.147),expand,Expands Expression,mixed,expand
j_ind_lag1,-0.1736717734207258,Contracts Expression,Contracts Expression,0.299872513298029,0.5624865984699398,spec_govprot_pack,Expands Expression,,-0.174 (0.3),expand,Expands Expression,contract,expand
j_ind_lag1,-0.3476866714639867,Mixed Outcome,Mixed Outcome,0.2141611586363149,0.1044865225337593,spec_govprot_pack,Expands Expression,,-0.348 (0.214),expand,Expands Expression,mixed,expand
wdj_citizen_lag1,0.2654875824841911,Contracts Expression,Contracts Expression,0.4149811491510079,0.5223298281594015,spec_c_reform,Expands Expression,,0.265 (0.415),expand,Expands Expression,contract,expand
wdj_citizen_lag1,-0.6798592647024169,Mixed Outcome,Mixed Outcome,0.4137380693909744,0.1003391258103113,spec_c_reform,Expands Expression,,-0.68 (0.414),expand,Expands Expression,mixed,expand
v2jureform_lag1,0.3276369407879572,Contracts Expression,Contracts Expression,0.1231639777943786,0.0078101555139934,spec_c_reform,Expands Expression,***,0.328*** (0.123),expand,Expands Expression,contract,expand
v2jureform_lag1,0.1542144453344397,Mixed Outcome,Mixed Outcome,0.166982334069994,0.3557271736589754,spec_c_reform,Expands Expression,,0.154 (0.167),expand,Expands Expression,mixed,expand
v2x_polyarchy_lag1,-3.573679222266038,Contracts Expression,Contracts Expression,1.2298069966708371,0.0036621457139509,spec_c_reform,Expands Expression,***,-3.574*** (1.23),expand,Expands Expression,contract,expand
v2x_polyarchy_lag1,1.7862228364897854,Mixed Outcome,Mixed Outcome,0.7888218712938839,0.0235483873533099,spec_c_reform,Expands Expression,**,1.786** (0.789),expand,Expands Expression,mixed,expand
v2jureview_lag1,-0.7898151993639244,Contracts Expression,Contracts Expression,0.2996335245492746,0.0083905220917404,spec_c_reform,Expands Expression,***,-0.79*** (0.3),expand,Expands Expression,contract,expand
v2jureview_lag1,-0.4589267893242313,Mixed Outcome,Mixed Outcome,0.3589113750922029,0.2010156623936932,spec_c_reform,Expands Expression,,-0.459 (0.359),expand,Expands Expression,mixed,expand
legal_common,2.239203314945961,Contracts Expression,Contracts Expression,0.3603586180282915,5.171201186265797e-10,spec_c_reform,Expands Expression,***,2.239*** (0.36),expand,Expands Expression,contract,expand
legal_common,1.2873286169669325,Mixed Outcome,Mixed Outcome,0.4448637338885456,0.003806597072477,spec_c_reform,Expands Expression,***,1.287*** (0.445),expand,Expands Expression,mixed,expand
legal_civil,0.6585345444481503,Contracts Expression,Contracts Expression,0.3587577844026208,0.0664173506321905,spec_c_reform,Expands Expression,*,0.659* (0.359),expand,Expands Expression,contract,expand
legal_civil,0.5086711653998179,Mixed Outcome,Mixed Outcome,0.3095301352353432,0.1003073204005271,spec_c_reform,Expands Expression,,0.509 (0.31),expand,Expands Expression,mixed,expand
high_court,-0.4309835902825644,Contracts Expression,Contracts Expression,0.261755666602635,0.0996585926178209,spec_c_reform,Expands Expression,*,-0.431* (0.262),expand,Expands Expression,contract,expand
high_court,0.0475826340684447,Mixed Outcome,Mixed Outcome,0.1411333991399912,0.7360064519145177,spec_c_reform,Expands Expression,,0.048 (0.141),expand,Expands Expression,mixed,expand
j_ind_lag1,-0.2329241372194236,Contracts Expression,Contracts Expression,0.2573555170157232,0.3654295815274225,spec_c_reform,Expands Expression,,-0.233 (0.257),expand,Expands Expression,contract,expand
j_ind_lag1,-0.411893282932862,Mixed Outcome,Mixed Outcome,0.183758400258415,0.0249941179355046,spec_c_reform,Expands Expression,**,-0.412** (0.184),expand,Expands Expression,mixed,expand
wdj_intermediaries_lag1,0.8005446282264372,Contracts Expression,Contracts Expression,0.6067668583139768,0.1870483988414664,spec_im_reform,Expands Expression,,0.801 (0.607),expand,Expands Expression,contract,expand
wdj_intermediaries_lag1,0.4228919651524204,Mixed Outcome,Mixed Outcome,0.5721735396695311,0.4598478665351075,spec_im_reform,Expands Expression,,0.423 (0.572),expand,Expands Expression,mixed,expand
v2jureform_lag1,0.3242105818550571,Contracts Expression,Contracts Expression,0.1198651537319615,0.0068346702230673,spec_im_reform,Expands Expression,***,0.324*** (0.12),expand,Expands Expression,contract,expand
v2jureform_lag1,0.1474136236269382,Mixed Outcome,Mixed Outcome,0.1831406828595629,0.4208657669684621,spec_im_reform,Expands Expression,,0.147 (0.183),expand,Expands Expression,mixed,expand
v2x_polyarchy_lag1,-3.660309292460625,Contracts Expression,Contracts Expression,1.1953919906398287,0.0021985176769489,spec_im_reform,Expands Expression,***,-3.66*** (1.195),expand,Expands Expression,contract,expand
v2x_polyarchy_lag1,1.7052074981772751,Mixed Outcome,Mixed Outcome,0.8030203328231453,0.0337126195668925,spec_im_reform,Expands Expression,**,1.705** (0.803),expand,Expands Expression,mixed,expand
v2jureview_lag1,-0.8001542684658889,Contracts Expression,Contracts Expression,0.3054526853249772,0.008804105871152,spec_im_reform,Expands Expression,***,-0.8*** (0.305),expand,Expands Expression,contract,expand
v2jureview_lag1,-0.4466992697739247,Mixed Outcome,Mixed Outcome,0.3651054833962762,0.2211484402646065,spec_im_reform,Expands Expression,,-0.447 (0.365),expand,Expands Expression,mixed,expand
legal_common,2.285511977366415,Contracts Expression,Contracts Expression,0.3672156119566082,4.849569347233443e-10,spec_im_reform,Expands Expression,***,2.286*** (0.367),expand,Expands Expression,contract,expand
legal_common,1.3697867074515842,Mixed Outcome,Mixed Outcome,0.4428865932221277,0.0019823690869117,spec_im_reform,Expands Expression,***,1.37*** (0.443),expand,Expands Expression,mixed,expand
legal_civil,0.5636799551621323,Contracts Expression,Contracts Expression,0.3475576284041103,0.1048394038083553,spec_im_reform,Expands Expression,,0.564 (0.348),expand,Expands Expression,contract,expand
legal_civil,0.1892254580537788,Mixed Outcome,Mixed Outcome,0.3669359628026831,0.6060704614556409,spec_im_reform,Expands Expression,,0.189 (0.367),expand,Expands Expression,mixed,expand
high_court,-0.4203555937266107,Contracts Expression,Contracts Expression,0.2625306674149938,0.1093398070922216,spec_im_reform,Expands Expression,,-0.42 (0.263),expand,Expands Expression,contract,expand
high_court,0.0490383423774143,Mixed Outcome,Mixed Outcome,0.1452467621700564,0.7356488911569528,spec_im_reform,Expands Expression,,0.049 (0.145),expand,Expands Expression,mixed,expand
j_ind_lag1,-0.2146129648649827,Contracts Expression,Contracts Expression,0.2515256782475926,0.3935235910227298,spec_im_reform,Expands Expression,,-0.215 (0.252),expand,Expands Expression,contract,expand
j_ind_lag1,-0.3897799236027355,Mixed Outcome,Mixed Outcome,0.1944597492713651,0.045024586177071,spec_im_reform,Expands Expression,**,-0.39** (0.194),expand,Expands Expression,mixed,expand
wdj_press_lag1,0.5771709058234273,Contracts Expression,Contracts Expression,0.5274447436321403,0.2738332982876805,spec_p_reform,Expands Expression,,0.577 (0.527),expand,Expands Expression,contract,expand
wdj_press_lag1,-1.0395587201195695,Mixed Outcome,Mixed Outcome,0.3526696145713652,0.0032016374358415,spec_p_reform,Expands Expression,***,-1.04*** (0.353),expand,Expands Expression,mixed,expand
v2jureform_lag1,0.3314481622931186,Contracts Expression,Contracts Expression,0.1195827949210368,0.0055763645135332,spec_p_reform,Expands Expression,***,0.331*** (0.12),expand,Expands Expression,contract,expand
v2jureform_lag1,0.1323458498288982,Mixed Outcome,Mixed Outcome,0.1741780133664967,0.4473556248067648,spec_p_reform,Expands Expression,,0.132 (0.174),expand,Expands Expression,mixed,expand
v2x_polyarchy_lag1,-3.719191089179216,Contracts Expression,Contracts Expression,1.2016734421635853,0.0019680638916342,spec_p_reform,Expands Expression,***,-3.719*** (1.202),expand,Expands Expression,contract,expand
v2x_polyarchy_lag1,2.035874285442374,Mixed Outcome,Mixed Outcome,0.7833497522122473,0.0093513757778827,spec_p_reform,Expands Expression,***,2.036*** (0.783),expand,Expands Expression,mixed,expand
v2jureview_lag1,-0.8422933345280988,Contracts Expression,Contracts Expression,0.3229984760156742,0.0091144388000143,spec_p_reform,Expands Expression,***,-0.842*** (0.323),expand,Expands Expression,contract,expand
v2jureview_lag1,-0.4284919417754201,Mixed Outcome,Mixed Outcome,0.3532608594499699,0.2251444108230482,spec_p_reform,Expands Expression,,-0.428 (0.353),expand,Expands Expression,mixed,expand
legal_common,2.300683897085652,Contracts Expression,Contracts Expression,0.3788929233520202,1.2623130017642504e-09,spec_p_reform,Expands Expression,***,2.301*** (0.379),expand,Expands Expression,contract,expand
legal_common,1.1883900901639357,Mixed Outcome,Mixed Outcome,0.4565396428215489,0.0092401681065211,spec_p_reform,Expands Expression,***,1.188*** (0.457),expand,Expands Expression,mixed,expand
legal_civil,0.6494186644417083,Contracts Expression,Contracts Expression,0.3594214739926895,0.0707865493523451,spec_p_reform,Expands Expression,*,0.649* (0.359),expand,Expands Expression,contract,expand
legal_civil,0.4632813896958985,Mixed Outcome,Mixed Outcome,0.3183406435200344,0.1455860083082955,spec_p_reform,Expands Expression,,0.463 (0.318),expand,Expands Expression,mixed,expand
high_court,-0.437229570039017,Contracts Expression,Contracts Expression,0.2616697080417924,0.0947371623302108,spec_p_reform,Expands Expression,*,-0.437* (0.262),expand,Expands Expression,contract,expand
high_court,0.0503848915820609,Mixed Outcome,Mixed Outcome,0.1414600943323557,0.7217077000137258,spec_p_reform,Expands Expression,,0.05 (0.141),expand,Expands Expression,mixed,expand
j_ind_lag1,-0.2253948768034065,Contracts Expression,Contracts Expression,0.255536059109344,0.3777512592017283,spec_p_reform,Expands Expression,,-0.225 (0.256),expand,Expands Expression,contract,expand
j_ind_lag1,-0.3895432382533051,Mixed Outcome,Mixed Outcome,0.1732536443057878,0.024550789182294,spec_p_reform,Expands Expression,**,-0.39** (0.173),expand,Expands Expression,mixed,expand
wdj_govprot_lag1,0.1553125046454122,Contracts Expression,Contracts Expression,0.2433757625437703,0.5233699924041307,spec_govprot_reform,Expands Expression,,0.155 (0.243),expand,Expands Expression,contract,expand
wdj_govprot_lag1,-0.0574512238153094,Mixed Outcome,Mixed Outcome,0.2542476353491549,0.8212281622961943,spec_govprot_reform,Expands Expression,,-0.057 (0.254),expand,Expands Expression,mixed,expand
v2jureform_lag1,0.3356103783062492,Contracts Expression,Contracts Expression,0.1221276737874217,0.005995472236958,spec_govprot_reform,Expands Expression,***,0.336*** (0.122),expand,Expands Expression,contract,expand
v2jureform_lag1,0.1509964990084797,Mixed Outcome,Mixed Outcome,0.1832427226772404,0.4099256183281968,spec_govprot_reform,Expands Expression,,0.151 (0.183),expand,Expands Expression,mixed,expand
v2x_polyarchy_lag1,-3.459116515069011,Contracts Expression,Contracts Expression,1.2315100197458777,0.0049720110591078,spec_govprot_reform,Expands Expression,***,-3.459*** (1.232),expand,Expands Expression,contract,expand
v2x_polyarchy_lag1,1.637558439036133,Mixed Outcome,Mixed Outcome,0.8760375781587588,0.0615840413911116,spec_govprot_reform,Expands Expression,*,1.638* (0.876),expand,Expands Expression,mixed,expand
v2jureview_lag1,-0.8290040462417992,Contracts Expression,Contracts Expression,0.3230694625496316,0.010287166266425,spec_govprot_reform,Expands Expression,**,-0.829** (0.323),expand,Expands Expression,contract,expand
v2jureview_lag1,-0.4422263680577316,Mixed Outcome,Mixed Outcome,0.3524267420792045,0.2095500413487306,spec_govprot_reform,Expands Expression,,-0.442 (0.352),expand,Expands Expression,mixed,expand
legal_common,2.1865729919018526,Contracts Expression,Contracts Expression,0.3519848106521156,5.227343156268668e-10,spec_govprot_reform,Expands Expression,***,2.187*** (0.352),expand,Expands Expression,contract,expand
legal_common,1.3370048346259815,Mixed Outcome,Mixed Outcome,0.4472989333307329,0.0027983413289663,spec_govprot_reform,Expands Expression,***,1.337*** (0.447),expand,Expands Expression,mixed,expand
legal_civil,0.6736615919569661,Contracts Expression,Contracts Expression,0.3684277215207394,0.0674780038080062,spec_govprot_reform,Expands Expression,*,0.674* (0.368),expand,Expands Expression,contract,expand
legal_civil,0.3362838671780361,Mixed Outcome,Mixed Outcome,0.3734408237901459,0.367853647925448,spec_govprot_reform,Expands Expression,,0.336 (0.373),expand,Expands Expression,mixed,expand
high_court,-0.4044491858388046,Contracts Expression,Contracts Expression,0.2746812112019068,0.140904472660632,spec_govprot_reform,Expands Expression,,-0.404 (0.275),expand,Expands Expression,contract,expand
high_court,0.0310891436702955,Mixed Outcome,Mixed Outcome,0.1522145750795909,0.8381616482249321,spec_govprot_reform,Expands Expression,,0.031 (0.152),expand,Expands Expression,mixed,expand
j_ind_lag1,-0.263629634168942,Contracts Expression,Contracts Expression,0.2832788524967499,0.3520416374039358,spec_govprot_reform,Expands Expression,,-0.264 (0.283),expand,Expands Expression,contract,expand
j_ind_lag1,-0.373604773925927,Mixed Outcome,Mixed Outcome,0.2180965635736979,0.0867080179188159,spec_govprot_reform,Expands Expression,*,-0.374* (0.218),expand,Expands Expression,mixed,expand
wdj_citizen_lag1,0.3338270475092568,Contracts Expression,Contracts Expression,0.4045533935108666,0.4092726640899295,spec_c_attack,Expands Expression,,0.334 (0.405),expand,Expands Expression,contract,expand
wdj_citizen_lag1,-0.6601695817178612,Mixed Outcome,Mixed Outcome,0.4247023738062347,0.1200821789057467,spec_c_attack,Expands Expression,,-0.66 (0.425),expand,Expands Expression,mixed,expand
v2jupoatck_lag1,0.1497107643452133,Contracts Expression,Contracts Expression,0.1224432648860394,0.2214449267261733,spec_c_attack,Expands Expression,,0.15 (0.122),expand,Expands Expression,contract,expand
v2jupoatck_lag1,-0.0316976904829706,Mixed Outcome,Mixed Outcome,0.0949165976603612,0.7384149619192591,spec_c_attack,Expands Expression,,-0.032 (0.095),expand,Expands Expression,mixed,expand
v2x_polyarchy_lag1,-3.4444024752914166,Contracts Expression,Contracts Expression,1.1663897908022454,0.0031465527277227,spec_c_attack,Expands Expression,***,-3.444*** (1.166),expand,Expands Expression,contract,expand
v2x_polyarchy_lag1,2.252138264871105,Mixed Outcome,Mixed Outcome,0.9113110919080448,0.0134616566031159,spec_c_attack,Expands Expression,**,2.252** (0.911),expand,Expands Expression,mixed,expand
v2jureview_lag1,-0.7588454541255973,Contracts Expression,Contracts Expression,0.3031682725635805,0.0123128022277799,spec_c_attack,Expands Expression,**,-0.759** (0.303),expand,Expands Expression,contract,expand
v2jureview_lag1,-0.4961594360459509,Mixed Outcome,Mixed Outcome,0.3631234270242269,0.1718241740067109,spec_c_attack,Expands Expression,,-0.496 (0.363),expand,Expands Expression,mixed,expand
legal_common,1.8345995752637885,Contracts Expression,Contracts Expression,0.3452481047668514,1.073279734243119e-07,spec_c_attack,Expands Expression,***,1.835*** (0.345),expand,Expands Expression,contract,expand
legal_common,1.121531032364668,Mixed Outcome,Mixed Outcome,0.38018021638202,0.0031777556882908,spec_c_attack,Expands Expression,***,1.122*** (0.38),expand,Expands Expression,mixed,expand
legal_civil,0.3799328998365647,Contracts Expression,Contracts Expression,0.3473897016936456,0.2740956887698674,spec_c_attack,Expands Expression,,0.38 (0.347),expand,Expands Expression,contract,expand
legal_civil,0.319414132989636,Mixed Outcome,Mixed Outcome,0.3228188825323496,0.3224415223242947,spec_c_attack,Expands Expression,,0.319 (0.323),expand,Expands Expression,mixed,expand
high_court,-0.5534254653467272,Contracts Expression,Contracts Expression,0.2748840817613827,0.0440825644976683,spec_c_attack,Expands Expression,**,-0.553** (0.275),expand,Expands Expression,contract,expand
high_court,0.0351377329940753,Mixed Outcome,Mixed Outcome,0.1523662981461654,0.8176150395579574,spec_c_attack,Expands Expression,,0.035 (0.152),expand,Expands Expression,mixed,expand
j_ind_lag1,-0.1478070373358841,Contracts Expression,Contracts Expression,0.2711391091012692,0.5856616384864286,spec_c_attack,Expands Expression,,-0.148 (0.271),expand,Expands Expression,contract,expand
j_ind_lag1,-0.3915746845301734,Mixed Outcome,Mixed Outcome,0.1899033516626616,0.0392107574402732,spec_c_attack,Expands Expression,**,-0.392** (0.19),expand,Expands Expression,mixed,expand
wdj_intermediaries_lag1,0.8389641428712504,Contracts Expression,Contracts Expression,0.6360622038204057,0.1871701131979719,spec_im_attack,Expands Expression,,0.839 (0.636),expand,Expands Expression,contract,expand
wdj_intermediaries_lag1,0.443127194347368,Mixed Outcome,Mixed Outcome,0.5484703390439952,0.4191292496330279,spec_im_attack,Expands Expression,,0.443 (0.548),expand,Expands Expression,mixed,expand
v2jupoatck_lag1,0.1483603814860418,Contracts Expression,Contracts Expression,0.1177861884039378,0.2078231991881191,spec_im_attack,Expands Expression,,0.148 (0.118),expand,Expands Expression,contract,expand
v2jupoatck_lag1,-0.0253172837058656,Mixed Outcome,Mixed Outcome,0.1019400718245329,0.803860072849364,spec_im_attack,Expands Expression,,-0.025 (0.102),expand,Expands Expression,mixed,expand
v2x_polyarchy_lag1,-3.5314017540356297,Contracts Expression,Contracts Expression,1.1301388307534013,0.0017795599483664,spec_im_attack,Expands Expression,***,-3.531*** (1.13),expand,Expands Expression,contract,expand
v2x_polyarchy_lag1,2.1031625139134515,Mixed Outcome,Mixed Outcome,0.9179092467279656,0.0219487727101904,spec_im_attack,Expands Expression,**,2.103** (0.918),expand,Expands Expression,mixed,expand
v2jureview_lag1,-0.773245438378227,Contracts Expression,Contracts Expression,0.3050998513393225,0.0112639676402123,spec_im_attack,Expands Expression,**,-0.773** (0.305),expand,Expands Expression,contract,expand
v2jureview_lag1,-0.4832752173024679,Mixed Outcome,Mixed Outcome,0.3604120442314537,0.1799540870106034,spec_im_attack,Expands Expression,,-0.483 (0.36),expand,Expands Expression,mixed,expand
legal_common,1.89539263776249,Contracts Expression,Contracts Expression,0.3465966425859958,4.5364666162112255e-08,spec_im_attack,Expands Expression,***,1.895*** (0.347),expand,Expands Expression,contract,expand
legal_common,1.2181166945106332,Mixed Outcome,Mixed Outcome,0.3793069282928876,0.0013207729970718,spec_im_attack,Expands Expression,***,1.218*** (0.379),expand,Expands Expression,mixed,expand
legal_civil,0.2981526871396338,Contracts Expression,Contracts Expression,0.3311983270833563,0.3680010495466682,spec_im_attack,Expands Expression,,0.298 (0.331),expand,Expands Expression,contract,expand
legal_civil,0.0118213266843508,Mixed Outcome,Mixed Outcome,0.3520100020673317,0.9732101888531336,spec_im_attack,Expands Expression,,0.012 (0.352),expand,Expands Expression,mixed,expand
high_court,-0.5430244238517722,Contracts Expression,Contracts Expression,0.2750225013291138,0.0483280173883512,spec_im_attack,Expands Expression,**,-0.543** (0.275),expand,Expands Expression,contract,expand
high_court,0.0348556706174055,Mixed Outcome,Mixed Outcome,0.1601918118727768,0.8277508420980105,spec_im_attack,Expands Expression,,0.035 (0.16),expand,Expands Expression,mixed,expand
j_ind_lag1,-0.1368996928496463,Contracts Expression,Contracts Expression,0.2673961941641877,0.6086697461234918,spec_im_attack,Expands Expression,,-0.137 (0.267),expand,Expands Expression,contract,expand
j_ind_lag1,-0.369134713422954,Mixed Outcome,Mixed Outcome,0.1949597434543434,0.0583061028447322,spec_im_attack,Expands Expression,*,-0.369* (0.195),expand,Expands Expression,mixed,expand
wdj_press_lag1,0.5753380265347232,Contracts Expression,Contracts Expression,0.595774488062088,0.3341954928365959,spec_p_attack,Expands Expression,,0.575 (0.596),expand,Expands Expression,contract,expand
wdj_press_lag1,-1.0366695612951955,Mixed Outcome,Mixed Outcome,0.3790309294033139,0.0062370292431975,spec_p_attack,Expands Expression,***,-1.037*** (0.379),expand,Expands Expression,mixed,expand
v2jupoatck_lag1,0.1459609255397201,Contracts Expression,Contracts Expression,0.1236961487020042,0.2380019188200354,spec_p_attack,Expands Expression,,0.146 (0.124),expand,Expands Expression,contract,expand
v2jupoatck_lag1,-0.0229376276258357,Mixed Outcome,Mixed Outcome,0.0938680242428501,0.8069517111472364,spec_p_attack,Expands Expression,,-0.023 (0.094),expand,Expands Expression,mixed,expand
v2x_polyarchy_lag1,-3.5614230604608568,Contracts Expression,Contracts Expression,1.1740392627869145,0.0024175180141405,spec_p_attack,Expands Expression,***,-3.561*** (1.174),expand,Expands Expression,contract,expand
v2x_polyarchy_lag1,2.4333442199139634,Mixed Outcome,Mixed Outcome,0.8569403052785931,0.0045174012810586,spec_p_attack,Expands Expression,***,2.433*** (0.857),expand,Expands Expression,mixed,expand
v2jureview_lag1,-0.8198577851282487,Contracts Expression,Contracts Expression,0.3356680340015063,0.014587300604931,spec_p_attack,Expands Expression,**,-0.82** (0.336),expand,Expands Expression,contract,expand
v2jureview_lag1,-0.4621143911482549,Mixed Outcome,Mixed Outcome,0.3638376049057992,0.2040448521532455,spec_p_attack,Expands Expression,,-0.462 (0.364),expand,Expands Expression,mixed,expand
legal_common,1.8927536452611613,Contracts Expression,Contracts Expression,0.3473238512892462,5.050155260432672e-08,spec_p_attack,Expands Expression,***,1.893*** (0.347),expand,Expands Expression,contract,expand
legal_common,1.0433152484040888,Mixed Outcome,Mixed Outcome,0.3745276015152097,0.0053415046527279,spec_p_attack,Expands Expression,***,1.043*** (0.375),expand,Expands Expression,mixed,expand
legal_civil,0.3784670846806898,Contracts Expression,Contracts Expression,0.3553045267622565,0.2867896322247838,spec_p_attack,Expands Expression,,0.378 (0.355),expand,Expands Expression,contract,expand
legal_civil,0.3020603362752861,Mixed Outcome,Mixed Outcome,0.3059865182233182,0.3235599066648953,spec_p_attack,Expands Expression,,0.302 (0.306),expand,Expands Expression,mixed,expand
high_court,-0.5624347741938349,Contracts Expression,Contracts Expression,0.2772166013360209,0.0424721475196965,spec_p_attack,Expands Expression,**,-0.562** (0.277),expand,Expands Expression,contract,expand
high_court,0.0378017838000157,Mixed Outcome,Mixed Outcome,0.1520335461222485,0.8036384355523444,spec_p_attack,Expands Expression,,0.038 (0.152),expand,Expands Expression,mixed,expand
j_ind_lag1,-0.1428758865162389,Contracts Expression,Contracts Expression,0.2741773513359828,0.6022918550486622,spec_p_attack,Expands Expression,,-0.143 (0.274),expand,Expands Expression,contract,expand
j_ind_lag1,-0.3729291647015542,Mixed Outcome,Mixed Outcome,0.1766750995874001,0.0347878686403907,spec_p_attack,Expands Expression,**,-0.373** (0.177),expand,Expands Expression,mixed,expand
wdj_govprot_lag1,0.3210529777774265,Contracts Expression,Contracts Expression,0.2563473305754424,0.2104190587480962,spec_govprot_attack,Expands Expression,,0.321 (0.256),expand,Expands Expression,contract,expand
wdj_govprot_lag1,-0.1041952840260026,Mixed Outcome,Mixed Outcome,0.2543548664582684,0.6820661369998264,spec_govprot_attack,Expands Expression,,-0.104 (0.254),expand,Expands Expression,mixed,expand
v2jupoatck_lag1,0.1962679752995773,Contracts Expression,Contracts Expression,0.1042616448818806,0.0597741073868866,spec_govprot_attack,Expands Expression,*,0.196* (0.104),expand,Expands Expression,contract,expand
v2jupoatck_lag1,-0.055188276335582,Mixed Outcome,Mixed Outcome,0.1018697599345613,0.5879884818763158,spec_govprot_attack,Expands Expression,,-0.055 (0.102),expand,Expands Expression,mixed,expand
v2x_polyarchy_lag1,-3.3766703228897805,Contracts Expression,Contracts Expression,1.1078427178420251,0.002303936505949,spec_govprot_attack,Expands Expression,***,-3.377*** (1.108),expand,Expands Expression,contract,expand
v2x_polyarchy_lag1,2.1096769459587787,Mixed Outcome,Mixed Outcome,0.9129930082528628,0.0208479781965355,spec_govprot_attack,Expands Expression,**,2.11** (0.913),expand,Expands Expression,mixed,expand
v2jureview_lag1,-0.7780424835559707,Contracts Expression,Contracts Expression,0.3296582331041732,0.018267606039774,spec_govprot_attack,Expands Expression,**,-0.778** (0.33),expand,Expands Expression,contract,expand
v2jureview_lag1,-0.4902832957530119,Mixed Outcome,Mixed Outcome,0.3523613845681969,0.1640975717307865,spec_govprot_attack,Expands Expression,,-0.49 (0.352),expand,Expands Expression,mixed,expand
legal_common,1.7298955591131802,Contracts Expression,Contracts Expression,0.3346414445614299,2.3484647370611335e-07,spec_govprot_attack,Expands Expression,***,1.73*** (0.335),expand,Expands Expression,contract,expand
legal_common,1.1879091233591417,Mixed Outcome,Mixed Outcome,0.3757051994762849,0.0015679087547987,spec_govprot_attack,Expands Expression,***,1.188*** (0.376),expand,Expands Expression,mixed,expand
legal_civil,0.3893080745305027,Contracts Expression,Contracts Expression,0.3296232737562578,0.2375750193835862,spec_govprot_attack,Expands Expression,,0.389 (0.33),expand,Expands Expression,contract,expand
legal_civil,0.1691916752968247,Mixed Outcome,Mixed Outcome,0.3695740906425218,0.6470948592830292,spec_govprot_attack,Expands Expression,,0.169 (0.37),expand,Expands Expression,mixed,expand
high_court,-0.5096735051969933,Contracts Expression,Contracts Expression,0.2798685791981635,0.0685890313654943,spec_govprot_attack,Expands Expression,*,-0.51* (0.28),expand,Expands Expression,contract,expand
high_court,0.0180039029435995,Mixed Outcome,Mixed Outcome,0.1622296923455632,0.9116339090058954,spec_govprot_attack,Expands Expression,,0.018 (0.162),expand,Expands Expression,mixed,expand
j_ind_lag1,-0.1975677226260508,Contracts Expression,Contracts Expression,0.2872299504328215,0.4915546981867443,spec_govprot_attack,Expands Expression,,-0.198 (0.287),expand,Expands Expression,contract,expand
j_ind_lag1,-0.3437271340574588,Mixed Outcome,Mixed Outcome,0.2138767102390196,0.1080264106633814,spec_govprot_attack,Expands Expression,,-0.344 (0.214),expand,Expands Expression,mixed,expand
wdj_citizen_lag1,0.2088768294939567,Contracts Expression,Contracts Expression,0.3937329448488741,0.5957626643589636,spec_c_reform_decision,Expands Expression,,0.209 (0.394),expand,Expands Expression,contract,expand
wdj_citizen_lag1,-0.5877524594954467,Mixed Outcome,Mixed Outcome,0.3823630997816207,0.1242546470831422,spec_c_reform_decision,Expands Expression,,-0.588 (0.382),expand,Expands Expression,mixed,expand
v2jureform_lag1,0.319400885652614,Contracts Expression,Contracts Expression,0.1244865058525942,0.0102953875317323,spec_c_reform_decision,Expands Expression,**,0.319** (0.124),expand,Expands Expression,contract,expand
v2jureform_lag1,0.1914738120346348,Mixed Outcome,Mixed Outcome,0.1856076332310431,0.3022570720168883,spec_c_reform_decision,Expands Expression,,0.191 (0.186),expand,Expands Expression,mixed,expand
v2x_polyarchy_lag1,-3.267963101064516,Contracts Expression,Contracts Expression,1.1605981165599186,0.0048662349933319,spec_c_reform_decision,Expands Expression,***,-3.268*** (1.161),expand,Expands Expression,contract,expand
v2x_polyarchy_lag1,1.9310744999677243,Mixed Outcome,Mixed Outcome,0.7907206472278009,0.0145992569303956,spec_c_reform_decision,Expands Expression,**,1.931** (0.791),expand,Expands Expression,mixed,expand
v2jureview_lag1,-0.613298958256751,Contracts Expression,Contracts Expression,0.298512903706475,0.0399259638192572,spec_c_reform_decision,Expands Expression,**,-0.613** (0.299),expand,Expands Expression,contract,expand
v2jureview_lag1,-0.2768086576992226,Mixed Outcome,Mixed Outcome,0.3574400716680505,0.4386825968072708,spec_c_reform_decision,Expands Expression,,-0.277 (0.357),expand,Expands Expression,mixed,expand
legal_common,1.811721179940076,Contracts Expression,Contracts Expression,0.373660522769238,1.243513304782961e-06,spec_c_reform_decision,Expands Expression,***,1.812*** (0.374),expand,Expands Expression,contract,expand
legal_common,1.064946811530092,Mixed Outcome,Mixed Outcome,0.4342721158303581,0.0141963250699887,spec_c_reform_decision,Expands Expression,**,1.065** (0.434),expand,Expands Expression,mixed,expand
legal_civil,0.3502923740865191,Contracts Expression,Contracts Expression,0.3368990955350454,0.2984539406944245,spec_c_reform_decision,Expands Expression,,0.35 (0.337),expand,Expands Expression,contract,expand
legal_civil,0.4537949931439838,Mixed Outcome,Mixed Outcome,0.2911639073215657,0.1191017167661666,spec_c_reform_decision,Expands Expression,,0.454 (0.291),expand,Expands Expression,mixed,expand
high_court,-0.3761167882240014,Contracts Expression,Contracts Expression,0.247091691667602,0.1279652451447871,spec_c_reform_decision,Expands Expression,,-0.376 (0.247),expand,Expands Expression,contract,expand
high_court,0.1074565455203614,Mixed Outcome,Mixed Outcome,0.1565315340074132,0.4924073386049957,spec_c_reform_decision,Expands Expression,,0.107 (0.157),expand,Expands Expression,mixed,expand
j_ind_lag1,-0.2376029213164148,Contracts Expression,Contracts Expression,0.2462815622372662,0.334664381427604,spec_c_reform_decision,Expands Expression,,-0.238 (0.246),expand,Expands Expression,contract,expand
j_ind_lag1,-0.4205783271009751,Mixed Outcome,Mixed Outcome,0.1752504053403337,0.0164008603529453,spec_c_reform_decision,Expands Expression,**,-0.421** (0.175),expand,Expands Expression,mixed,expand
wdj_intermediaries_lag1,0.7855858885282037,Contracts Expression,Contracts Expression,0.5807412475008557,0.1761420233240126,spec_im_reform_decision,Expands Expression,,0.786 (0.581),expand,Expands Expression,contract,expand
wdj_intermediaries_lag1,0.623355351746168,Mixed Outcome,Mixed Outcome,0.5442380437927324,0.2520548370893452,spec_im_reform_decision,Expands Expression,,0.623 (0.544),expand,Expands Expression,mixed,expand
v2jureform_lag1,0.3173533591568286,Contracts Expression,Contracts Expression,0.1239588564072528,0.0104626767393503,spec_im_reform_decision,Expands Expression,**,0.317** (0.124),expand,Expands Expression,contract,expand
v2jureform_lag1,0.18820307357783,Mixed Outcome,Mixed Outcome,0.195104005360552,0.3347304324715372,spec_im_reform_decision,Expands Expression,,0.188 (0.195),expand,Expands Expression,mixed,expand
v2x_polyarchy_lag1,-3.349871886725558,Contracts Expression,Contracts Expression,1.1067688375881837,0.0024722837923533,spec_im_reform_decision,Expands Expression,***,-3.35*** (1.107),expand,Expands Expression,contract,expand
v2x_polyarchy_lag1,1.8232361369283892,Mixed Outcome,Mixed Outcome,0.8116496308990753,0.0246826243077612,spec_im_reform_decision,Expands Expression,**,1.823** (0.812),expand,Expands Expression,mixed,expand
v2jureview_lag1,-0.612508409567691,Contracts Expression,Contracts Expression,0.2979738751676609,0.0398232531624242,spec_im_reform_decision,Expands Expression,**,-0.613** (0.298),expand,Expands Expression,contract,expand
v2jureview_lag1,-0.2715007552750921,Mixed Outcome,Mixed Outcome,0.3567780661869702,0.4466693773283582,spec_im_reform_decision,Expands Expression,,-0.272 (0.357),expand,Expands Expression,mixed,expand
legal_common,1.865527337795139,Contracts Expression,Contracts Expression,0.3866289314282605,1.3992562887029663e-06,spec_im_reform_decision,Expands Expression,***,1.866*** (0.387),expand,Expands Expression,contract,expand
legal_common,1.1642768381756043,Mixed Outcome,Mixed Outcome,0.4352772742965498,0.0074775285092275,spec_im_reform_decision,Expands Expression,***,1.164*** (0.435),expand,Expands Expression,mixed,expand
legal_civil,0.2435860489057698,Contracts Expression,Contracts Expression,0.3236314502533132,0.4516512779576433,spec_im_reform_decision,Expands Expression,,0.244 (0.324),expand,Expands Expression,contract,expand
legal_civil,0.1343649528826309,Mixed Outcome,Mixed Outcome,0.3315302863487194,0.6852664775162471,spec_im_reform_decision,Expands Expression,,0.134 (0.332),expand,Expands Expression,mixed,expand
high_court,-0.3651027903340322,Contracts Expression,Contracts Expression,0.2480821411364377,0.1411015774049369,spec_im_reform_decision,Expands Expression,,-0.365 (0.248),expand,Expands Expression,contract,expand
high_court,0.1133965883033406,Mixed Outcome,Mixed Outcome,0.1582004040856728,0.4735032122672356,spec_im_reform_decision,Expands Expression,,0.113 (0.158),expand,Expands Expression,mixed,expand
j_ind_lag1,-0.2230144616655809,Contracts Expression,Contracts Expression,0.2369908093678037,0.3466916471884356,spec_im_reform_decision,Expands Expression,,-0.223 (0.237),expand,Expands Expression,contract,expand
j_ind_lag1,-0.3951345268282774,Mixed Outcome,Mixed Outcome,0.1770719398438929,0.0256485906152184,spec_im_reform_decision,Expands Expression,**,-0.395** (0.177),expand,Expands Expression,mixed,expand
wdj_press_lag1,0.842363526345803,Contracts Expression,Contracts Expression,0.3848489270247531,0.0286102092837047,spec_p_reform_decision,Expands Expression,**,0.842** (0.385),expand,Expands Expression,contract,expand
wdj_press_lag1,-0.7051819160263967,Mixed Outcome,Mixed Outcome,0.3367251375233464,0.0362389594436297,spec_p_reform_decision,Expands Expression,**,-0.705** (0.337),expand,Expands Expression,mixed,expand
v2jureform_lag1,0.3180506102796693,Contracts Expression,Contracts Expression,0.1192495263730031,0.0076508524252835,spec_p_reform_decision,Expands Expression,***,0.318*** (0.119),expand,Expands Expression,contract,expand
v2jureform_lag1,0.176103951698294,Mixed Outcome,Mixed Outcome,0.1921507102986986,0.3594106397146888,spec_p_reform_decision,Expands Expression,,0.176 (0.192),expand,Expands Expression,mixed,expand
v2x_polyarchy_lag1,-3.4738332975132487,Contracts Expression,Contracts Expression,1.0790112403759178,0.0012843237309686,spec_p_reform_decision,Expands Expression,***,-3.474*** (1.079),expand,Expands Expression,contract,expand
v2x_polyarchy_lag1,2.070144338713874,Mixed Outcome,Mixed Outcome,0.7888922217186928,0.0086874309209526,spec_p_reform_decision,Expands Expression,***,2.07*** (0.789),expand,Expands Expression,mixed,expand
v2jureview_lag1,-0.6548794769708663,Contracts Expression,Contracts Expression,0.3171140310659757,0.0389113643733409,spec_p_reform_decision,Expands Expression,**,-0.655** (0.317),expand,Expands Expression,contract,expand
v2jureview_lag1,-0.2658749724820026,Mixed Outcome,Mixed Outcome,0.3520318510769381,0.4500940223227029,spec_p_reform_decision,Expands Expression,,-0.266 (0.352),expand,Expands Expression,mixed,expand
legal_common,1.896565185800284,Contracts Expression,Contracts Expression,0.3707218681551488,3.122967574170273e-07,spec_p_reform_decision,Expands Expression,***,1.897*** (0.371),expand,Expands Expression,contract,expand
legal_common,1.0267182038643623,Mixed Outcome,Mixed Outcome,0.4430198685160494,0.0204740963524616,spec_p_reform_decision,Expands Expression,**,1.027** (0.443),expand,Expands Expression,mixed,expand
legal_civil,0.3130378667314041,Contracts Expression,Contracts Expression,0.3254855930332496,0.3361719615631444,spec_p_reform_decision,Expands Expression,,0.313 (0.325),expand,Expands Expression,contract,expand
legal_civil,0.3814110362231015,Mixed Outcome,Mixed Outcome,0.3069008941790563,0.2139480221294734,spec_p_reform_decision,Expands Expression,,0.381 (0.307),expand,Expands Expression,mixed,expand
high_court,-0.3817689697528106,Contracts Expression,Contracts Expression,0.2465244098504572,0.1214766680949737,spec_p_reform_decision,Expands Expression,,-0.382 (0.247),expand,Expands Expression,contract,expand
high_court,0.1101322373450161,Mixed Outcome,Mixed Outcome,0.1567247705338439,0.4822358030335355,spec_p_reform_decision,Expands Expression,,0.11 (0.157),expand,Expands Expression,mixed,expand
j_ind_lag1,-0.2254529514971577,Contracts Expression,Contracts Expression,0.2382792620158108,0.3440613238784697,spec_p_reform_decision,Expands Expression,,-0.225 (0.238),expand,Expands Expression,contract,expand
j_ind_lag1,-0.4055803518861423,Mixed Outcome,Mixed Outcome,0.171425796972737,0.0179851516882187,spec_p_reform_decision,Expands Expression,**,-0.406** (0.171),expand,Expands Expression,mixed,expand
wdj_govprot_lag1,0.1291821436891737,Contracts Expression,Contracts Expression,0.24685685624044,0.6007600024637669,spec_govprot_reform_decision,Expands Expression,,0.129 (0.247),expand,Expands Expression,contract,expand
wdj_govprot_lag1,-0.0488569170650785,Mixed Outcome,Mixed Outcome,0.2101913075442386,0.8161961009842922,spec_govprot_reform_decision,Expands Expression,,-0.049 (0.21),expand,Expands Expression,mixed,expand
v2jureform_lag1,0.3235032135043771,Contracts Expression,Contracts Expression,0.1239311116793786,0.0090450405436372,spec_govprot_reform_decision,Expands Expression,***,0.324*** (0.124),expand,Expands Expression,contract,expand
v2jureform_lag1,0.1890891425981197,Mixed Outcome,Mixed Outcome,0.1973469683072292,0.3379842007342644,spec_govprot_reform_decision,Expands Expression,,0.189 (0.197),expand,Expands Expression,mixed,expand
v2x_polyarchy_lag1,-3.164704414660284,Contracts Expression,Contracts Expression,1.1853384754269192,0.0075879708100879,spec_govprot_reform_decision,Expands Expression,***,-3.165*** (1.185),expand,Expands Expression,contract,expand
v2x_polyarchy_lag1,1.786635634056409,Mixed Outcome,Mixed Outcome,0.8872628745680039,0.0440464413836467,spec_govprot_reform_decision,Expands Expression,**,1.787** (0.887),expand,Expands Expression,mixed,expand
v2jureview_lag1,-0.6363894585406035,Contracts Expression,Contracts Expression,0.319629225586663,0.0464782490233922,spec_govprot_reform_decision,Expands Expression,**,-0.636** (0.32),expand,Expands Expression,contract,expand
v2jureview_lag1,-0.2674772926219588,Mixed Outcome,Mixed Outcome,0.3515641070692745,0.4467640963609374,spec_govprot_reform_decision,Expands Expression,,-0.267 (0.352),expand,Expands Expression,mixed,expand
legal_common,1.76376772692879,Contracts Expression,Contracts Expression,0.3654410737969514,1.3901755842221742e-06,spec_govprot_reform_decision,Expands Expression,***,1.764*** (0.365),expand,Expands Expression,contract,expand
legal_common,1.108060268004681,Mixed Outcome,Mixed Outcome,0.4406106731134657,0.0119090306785132,spec_govprot_reform_decision,Expands Expression,**,1.108** (0.441),expand,Expands Expression,mixed,expand
legal_civil,0.3477790924808561,Contracts Expression,Contracts Expression,0.340932742528552,0.3076899363056848,spec_govprot_reform_decision,Expands Expression,,0.348 (0.341),expand,Expands Expression,contract,expand
legal_civil,0.3146511659603973,Mixed Outcome,Mixed Outcome,0.2932949175471205,0.2833541614405295,spec_govprot_reform_decision,Expands Expression,,0.315 (0.293),expand,Expands Expression,mixed,expand
high_court,-0.3598313297932391,Contracts Expression,Contracts Expression,0.2504668923134381,0.1508196605893469,spec_govprot_reform_decision,Expands Expression,,-0.36 (0.25),expand,Expands Expression,contract,expand
high_court,0.0949095694839073,Mixed Outcome,Mixed Outcome,0.1478929976514305,0.5210388638026386,spec_govprot_reform_decision,Expands Expression,,0.095 (0.148),expand,Expands Expression,mixed,expand
j_ind_lag1,-0.2639130955743633,Contracts Expression,Contracts Expression,0.2692727608435503,0.3270388438763995,spec_govprot_reform_decision,Expands Expression,,-0.264 (0.269),expand,Expands Expression,contract,expand
j_ind_lag1,-0.385316469601873,Mixed Outcome,Mixed Outcome,0.1950804531345658,0.0482492016992788,spec_govprot_reform_decision,Expands Expression,**,-0.385** (0.195),expand,Expands Expression,mixed,expand
wdj_citizen_lag1,0.2234925877334188,Contracts Expression,Contracts Expression,0.3999764203685485,0.5763225160355625,spec_c_pack_decision,Expands Expression,,0.223 (0.4),expand,Expands Expression,contract,expand
wdj_citizen_lag1,-0.5036085764489748,Mixed Outcome,Mixed Outcome,0.3651685652553707,0.1678600336869397,spec_c_pack_decision,Expands Expression,,-0.504 (0.365),expand,Expands Expression,mixed,expand
v2jupack_lag1,0.2203754078603592,Contracts Expression,Contracts Expression,0.1709293838912927,0.1973016320508669,spec_c_pack_decision,Expands Expression,,0.22 (0.171),expand,Expands Expression,contract,expand
v2jupack_lag1,-0.2503716330541228,Mixed Outcome,Mixed Outcome,0.2325002485236899,0.2815400952716055,spec_c_pack_decision,Expands Expression,,-0.25 (0.233),expand,Expands Expression,mixed,expand
v2x_polyarchy_lag1,-3.528613137299337,Contracts Expression,Contracts Expression,1.110832856041166,0.0014903947038176,spec_c_pack_decision,Expands Expression,***,-3.529*** (1.111),expand,Expands Expression,contract,expand
v2x_polyarchy_lag1,3.316111735765725,Mixed Outcome,Mixed Outcome,1.2744095450039854,0.0092661051425687,spec_c_pack_decision,Expands Expression,***,3.316*** (1.274),expand,Expands Expression,mixed,expand
v2jureview_lag1,-0.6948851839916144,Contracts Expression,Contracts Expression,0.2947438383587376,0.018393986159852,spec_c_pack_decision,Expands Expression,**,-0.695** (0.295),expand,Expands Expression,contract,expand
v2jureview_lag1,-0.298385976320439,Mixed Outcome,Mixed Outcome,0.3548879982131366,0.4004660697748496,spec_c_pack_decision,Expands Expression,,-0.298 (0.355),expand,Expands Expression,mixed,expand
legal_common,1.4581458017534128,Contracts Expression,Contracts Expression,0.3635725339570856,6.056337385491919e-05,spec_c_pack_decision,Expands Expression,***,1.458*** (0.364),expand,Expands Expression,contract,expand
legal_common,0.8880765308484316,Mixed Outcome,Mixed Outcome,0.3860174923193311,0.0214135639629661,spec_c_pack_decision,Expands Expression,**,0.888** (0.386),expand,Expands Expression,mixed,expand
legal_civil,0.1101638281422228,Contracts Expression,Contracts Expression,0.3163701687262915,0.727681121280965,spec_c_pack_decision,Expands Expression,,0.11 (0.316),expand,Expands Expression,contract,expand
legal_civil,0.1079968192713512,Mixed Outcome,Mixed Outcome,0.2910007588142372,0.7105465743850161,spec_c_pack_decision,Expands Expression,,0.108 (0.291),expand,Expands Expression,mixed,expand
high_court,-0.3981142858379807,Contracts Expression,Contracts Expression,0.2479711197678563,0.1083867812084647,spec_c_pack_decision,Expands Expression,,-0.398 (0.248),expand,Expands Expression,contract,expand
high_court,0.0525006046352022,Mixed Outcome,Mixed Outcome,0.1438661163169352,0.715166031864986,spec_c_pack_decision,Expands Expression,,0.053 (0.144),expand,Expands Expression,mixed,expand
j_ind_lag1,-0.15485650857951,Contracts Expression,Contracts Expression,0.2545227438098286,0.5429095211276453,spec_c_pack_decision,Expands Expression,,-0.155 (0.255),expand,Expands Expression,contract,expand
j_ind_lag1,-0.3951214485572628,Mixed Outcome,Mixed Outcome,0.1827755695168238,0.0306347673976354,spec_c_pack_decision,Expands Expression,**,-0.395** (0.183),expand,Expands Expression,mixed,expand
wdj_intermediaries_lag1,0.7460105500567653,Contracts Expression,Contracts Expression,0.6056034472096997,0.218006390465807,spec_im_pack_decision,Expands Expression,,0.746 (0.606),expand,Expands Expression,contract,expand
wdj_intermediaries_lag1,0.789703130440905,Mixed Outcome,Mixed Outcome,0.5101425995036495,0.1216211702452732,spec_im_pack_decision,Expands Expression,,0.79 (0.51),expand,Expands Expression,mixed,expand
v2jupack_lag1,0.2004502098186868,Contracts Expression,Contracts Expression,0.1633117129639672,0.2196690353271779,spec_im_pack_decision,Expands Expression,,0.2 (0.163),expand,Expands Expression,contract,expand
v2jupack_lag1,-0.3359513924791646,Mixed Outcome,Mixed Outcome,0.2168147210347248,0.1212649148630563,spec_im_pack_decision,Expands Expression,,-0.336 (0.217),expand,Expands Expression,mixed,expand
v2x_polyarchy_lag1,-3.528827797911266,Contracts Expression,Contracts Expression,1.1101390502140775,0.0014792388022333,spec_im_pack_decision,Expands Expression,***,-3.529*** (1.11),expand,Expands Expression,contract,expand
v2x_polyarchy_lag1,3.47821288778005,Mixed Outcome,Mixed Outcome,1.266432802681621,0.0060241382892781,spec_im_pack_decision,Expands Expression,***,3.478*** (1.266),expand,Expands Expression,mixed,expand
v2jureview_lag1,-0.6982800510354675,Contracts Expression,Contracts Expression,0.2948447463863436,0.0178701639723519,spec_im_pack_decision,Expands Expression,**,-0.698** (0.295),expand,Expands Expression,contract,expand
v2jureview_lag1,-0.2825109169985295,Mixed Outcome,Mixed Outcome,0.3632590760720982,0.4367388577584212,spec_im_pack_decision,Expands Expression,,-0.283 (0.363),expand,Expands Expression,mixed,expand
legal_common,1.5134294712793532,Contracts Expression,Contracts Expression,0.3673075797091385,3.7832551920161286e-05,spec_im_pack_decision,Expands Expression,***,1.513*** (0.367),expand,Expands Expression,contract,expand
legal_common,0.990301862871522,Mixed Outcome,Mixed Outcome,0.4039475276321821,0.0142238214383284,spec_im_pack_decision,Expands Expression,**,0.99** (0.404),expand,Expands Expression,mixed,expand
legal_civil,0.0075728770846548,Contracts Expression,Contracts Expression,0.306726214269492,0.9803027337698004,spec_im_pack_decision,Expands Expression,,0.008 (0.307),expand,Expands Expression,contract,expand
legal_civil,-0.2527268875878986,Mixed Outcome,Mixed Outcome,0.3441609103715438,0.4627490433606062,spec_im_pack_decision,Expands Expression,,-0.253 (0.344),expand,Expands Expression,mixed,expand
high_court,-0.3945421154250456,Contracts Expression,Contracts Expression,0.2505319135340195,0.1152985079084119,spec_im_pack_decision,Expands Expression,,-0.395 (0.251),expand,Expands Expression,contract,expand
high_court,0.0533865637654498,Mixed Outcome,Mixed Outcome,0.1452049610242106,0.7131241620110442,spec_im_pack_decision,Expands Expression,,0.053 (0.145),expand,Expands Expression,mixed,expand
j_ind_lag1,-0.1445647899105717,Contracts Expression,Contracts Expression,0.2474484779571289,0.5590711108600369,spec_im_pack_decision,Expands Expression,,-0.145 (0.247),expand,Expands Expression,contract,expand
j_ind_lag1,-0.3588537389533309,Mixed Outcome,Mixed Outcome,0.172749801725251,0.0377735716253853,spec_im_pack_decision,Expands Expression,**,-0.359** (0.173),expand,Expands Expression,mixed,expand
wdj_press_lag1,0.7773700412734778,Contracts Expression,Contracts Expression,0.4384804862133244,0.0762498192516768,spec_p_pack_decision,Expands Expression,*,0.777* (0.438),expand,Expands Expression,contract,expand
wdj_press_lag1,-0.6122283614825826,Mixed Outcome,Mixed Outcome,0.4168846433807879,0.1419468001730012,spec_p_pack_decision,Expands Expression,,-0.612 (0.417),expand,Expands Expression,mixed,expand
v2jupack_lag1,0.2060959991686325,Contracts Expression,Contracts Expression,0.1694257390269199,0.223817908885596,spec_p_pack_decision,Expands Expression,,0.206 (0.169),expand,Expands Expression,contract,expand
v2jupack_lag1,-0.2551631844109449,Mixed Outcome,Mixed Outcome,0.2262821997857217,0.2594751146156292,spec_p_pack_decision,Expands Expression,,-0.255 (0.226),expand,Expands Expression,mixed,expand
v2x_polyarchy_lag1,-3.672999388446796,Contracts Expression,Contracts Expression,1.0744442886178212,0.0006296482244254,spec_p_pack_decision,Expands Expression,***,-3.673*** (1.074),expand,Expands Expression,contract,expand
v2x_polyarchy_lag1,3.435255951938378,Mixed Outcome,Mixed Outcome,1.192878002378984,0.0039792129094252,spec_p_pack_decision,Expands Expression,***,3.435*** (1.193),expand,Expands Expression,mixed,expand
v2jureview_lag1,-0.7343542723314782,Contracts Expression,Contracts Expression,0.3159989639204132,0.0201301281774562,spec_p_pack_decision,Expands Expression,**,-0.734** (0.316),expand,Expands Expression,contract,expand
v2jureview_lag1,-0.2906449407249581,Mixed Outcome,Mixed Outcome,0.3521594971822191,0.409188869076867,spec_p_pack_decision,Expands Expression,,-0.291 (0.352),expand,Expands Expression,mixed,expand
legal_common,1.5410611812559896,Contracts Expression,Contracts Expression,0.3411474991351397,6.263696709948602e-06,spec_p_pack_decision,Expands Expression,***,1.541*** (0.341),expand,Expands Expression,contract,expand
legal_common,0.8639066944981634,Mixed Outcome,Mixed Outcome,0.3823950024273831,0.023870962279361,spec_p_pack_decision,Expands Expression,**,0.864** (0.382),expand,Expands Expression,mixed,expand
legal_civil,0.0688887438012808,Contracts Expression,Contracts Expression,0.3113742927477805,0.8249048270066298,spec_p_pack_decision,Expands Expression,,0.069 (0.311),expand,Expands Expression,contract,expand
legal_civil,0.0532336634579748,Mixed Outcome,Mixed Outcome,0.2988714353687764,0.8586321950401878,spec_p_pack_decision,Expands Expression,,0.053 (0.299),expand,Expands Expression,mixed,expand
high_court,-0.4078828888391944,Contracts Expression,Contracts Expression,0.2496665205564856,0.1023195914054843,spec_p_pack_decision,Expands Expression,,-0.408 (0.25),expand,Expands Expression,contract,expand
high_court,0.0584394003563614,Mixed Outcome,Mixed Outcome,0.1453244621589286,0.6875879786025582,spec_p_pack_decision,Expands Expression,,0.058 (0.145),expand,Expands Expression,mixed,expand
j_ind_lag1,-0.1466691593950654,Contracts Expression,Contracts Expression,0.2499688848650882,0.5573718469887958,spec_p_pack_decision,Expands Expression,,-0.147 (0.25),expand,Expands Expression,contract,expand
j_ind_lag1,-0.386393610050713,Mixed Outcome,Mixed Outcome,0.1775741848053464,0.0295585519787163,spec_p_pack_decision,Expands Expression,**,-0.386** (0.178),expand,Expands Expression,mixed,expand
wdj_govprot_lag1,0.1538741605851996,Contracts Expression,Contracts Expression,0.2453358407460359,0.5305294221687942,spec_govprot_pack_decision,Expands Expression,,0.154 (0.245),expand,Expands Expression,contract,expand
wdj_govprot_lag1,-0.0680387495943251,Mixed Outcome,Mixed Outcome,0.1794163195411614,0.7045224610679157,spec_govprot_pack_decision,Expands Expression,,-0.068 (0.179),expand,Expands Expression,mixed,expand
v2jupack_lag1,0.2331525490560805,Contracts Expression,Contracts Expression,0.1666692782667248,0.1618449597775051,spec_govprot_pack_decision,Expands Expression,,0.233 (0.167),expand,Expands Expression,contract,expand
v2jupack_lag1,-0.2966967323954879,Mixed Outcome,Mixed Outcome,0.2283606076179549,0.1938593297984656,spec_govprot_pack_decision,Expands Expression,,-0.297 (0.228),expand,Expands Expression,mixed,expand
v2x_polyarchy_lag1,-3.4459461981614368,Contracts Expression,Contracts Expression,1.1409749463419323,0.0025262707105577,spec_govprot_pack_decision,Expands Expression,***,-3.446*** (1.141),expand,Expands Expression,contract,expand
v2x_polyarchy_lag1,3.330548842108512,Mixed Outcome,Mixed Outcome,1.3209723345227795,0.0116926826579075,spec_govprot_pack_decision,Expands Expression,**,3.331** (1.321),expand,Expands Expression,mixed,expand
v2jureview_lag1,-0.7162238982724521,Contracts Expression,Contracts Expression,0.3171824608232471,0.0239405686986393,spec_govprot_pack_decision,Expands Expression,**,-0.716** (0.317),expand,Expands Expression,contract,expand
v2jureview_lag1,-0.2784864733289294,Mixed Outcome,Mixed Outcome,0.3521284193347795,0.4290220601342397,spec_govprot_pack_decision,Expands Expression,,-0.278 (0.352),expand,Expands Expression,mixed,expand
legal_common,1.3949239758579235,Contracts Expression,Contracts Expression,0.3460594725297694,5.5568568098519074e-05,spec_govprot_pack_decision,Expands Expression,***,1.395*** (0.346),expand,Expands Expression,contract,expand
legal_common,0.9209324282252562,Mixed Outcome,Mixed Outcome,0.3876413557432634,0.0175141226745157,spec_govprot_pack_decision,Expands Expression,**,0.921** (0.388),expand,Expands Expression,mixed,expand
legal_civil,0.1149929770323972,Contracts Expression,Contracts Expression,0.3138560354839522,0.7140758297380404,spec_govprot_pack_decision,Expands Expression,,0.115 (0.314),expand,Expands Expression,contract,expand
legal_civil,-0.0192030592273199,Mixed Outcome,Mixed Outcome,0.2902784075061235,0.9472552700432536,spec_govprot_pack_decision,Expands Expression,,-0.019 (0.29),expand,Expands Expression,mixed,expand
high_court,-0.3760386313518821,Contracts Expression,Contracts Expression,0.2572137953717158,0.1437496665205264,spec_govprot_pack_decision,Expands Expression,,-0.376 (0.257),expand,Expands Expression,contract,expand
high_court,0.0338064961622089,Mixed Outcome,Mixed Outcome,0.1380598944867874,0.8065583822567494,spec_govprot_pack_decision,Expands Expression,,0.034 (0.138),expand,Expands Expression,mixed,expand
j_ind_lag1,-0.1822352679643036,Contracts Expression,Contracts Expression,0.2779010446519087,0.5119811529198981,spec_govprot_pack_decision,Expands Expression,,-0.182 (0.278),expand,Expands Expression,contract,expand
j_ind_lag1,-0.356577369730796,Mixed Outcome,Mixed Outcome,0.2000894853704698,0.074734638790681,spec_govprot_pack_decision,Expands Expression,*,-0.357* (0.2),expand,Expands Expression,mixed,expand
wdj_citizen_lag1,0.2738016293226838,Contracts Expression,Contracts Expression,0.3855737119480741,0.4776329010309872,spec_c_attack_decision,Expands Expression,,0.274 (0.386),expand,Expands Expression,contract,expand
wdj_citizen_lag1,-0.5690610876938272,Mixed Outcome,Mixed Outcome,0.3903325335204707,0.1448714372286015,spec_c_attack_decision,Expands Expression,,-0.569 (0.39),expand,Expands Expression,mixed,expand
v2jupoatck_lag1,0.1231695981295906,Contracts Expression,Contracts Expression,0.1063351356829814,0.2467354530188178,spec_c_attack_decision,Expands Expression,,0.123 (0.106),expand,Expands Expression,contract,expand
v2jupoatck_lag1,-0.061236514752133,Mixed Outcome,Mixed Outcome,0.0816664908092722,0.453353189248408,spec_c_attack_decision,Expands Expression,,-0.061 (0.082),expand,Expands Expression,mixed,expand
v2x_polyarchy_lag1,-3.1014107299109277,Contracts Expression,Contracts Expression,1.0810196058036854,0.0041181337176055,spec_c_attack_decision,Expands Expression,***,-3.101*** (1.081),expand,Expands Expression,contract,expand
v2x_polyarchy_lag1,2.566361266341606,Mixed Outcome,Mixed Outcome,0.9158094520218296,0.0050741651752767,spec_c_attack_decision,Expands Expression,***,2.566*** (0.916),expand,Expands Expression,mixed,expand
v2jureview_lag1,-0.6135402437699462,Contracts Expression,Contracts Expression,0.3079535130260084,0.0463365637216269,spec_c_attack_decision,Expands Expression,**,-0.614** (0.308),expand,Expands Expression,contract,expand
v2jureview_lag1,-0.3657734216911499,Mixed Outcome,Mixed Outcome,0.3639678984982254,0.3149157903938029,spec_c_attack_decision,Expands Expression,,-0.366 (0.364),expand,Expands Expression,mixed,expand
legal_common,1.4557271772217024,Contracts Expression,Contracts Expression,0.3547013502194793,4.059049166049956e-05,spec_c_attack_decision,Expands Expression,***,1.456*** (0.355),expand,Expands Expression,contract,expand
legal_common,0.8876713511818497,Mixed Outcome,Mixed Outcome,0.3780517003662262,0.0188737226142363,spec_c_attack_decision,Expands Expression,**,0.888** (0.378),expand,Expands Expression,mixed,expand
legal_civil,0.0696414893617394,Contracts Expression,Contracts Expression,0.3359618364753641,0.8357834757204086,spec_c_attack_decision,Expands Expression,,0.07 (0.336),expand,Expands Expression,contract,expand
legal_civil,0.2209519665810093,Mixed Outcome,Mixed Outcome,0.2698042691639473,0.4128239069540753,spec_c_attack_decision,Expands Expression,,0.221 (0.27),expand,Expands Expression,mixed,expand
high_court,-0.4898640798360329,Contracts Expression,Contracts Expression,0.2639711634922277,0.0634894201411772,spec_c_attack_decision,Expands Expression,*,-0.49* (0.264),expand,Expands Expression,contract,expand
high_court,0.0962510700850446,Mixed Outcome,Mixed Outcome,0.1515147021059175,0.5252595437515823,spec_c_attack_decision,Expands Expression,,0.096 (0.152),expand,Expands Expression,mixed,expand
j_ind_lag1,-0.1591264960430655,Contracts Expression,Contracts Expression,0.2530471800965131,0.529453014806856,spec_c_attack_decision,Expands Expression,,-0.159 (0.253),expand,Expands Expression,contract,expand
j_ind_lag1,-0.3932995417865637,Mixed Outcome,Mixed Outcome,0.1788240820485015,0.0278519337204738,spec_c_attack_decision,Expands Expression,**,-0.393** (0.179),expand,Expands Expression,mixed,expand
wdj_intermediaries_lag1,0.7979490717837937,Contracts Expression,Contracts Expression,0.6078642111379639,0.1892808845392893,spec_im_attack_decision,Expands Expression,,0.798 (0.608),expand,Expands Expression,contract,expand
wdj_intermediaries_lag1,0.6336627437939242,Mixed Outcome,Mixed Outcome,0.5128654730002012,0.2166318202533184,spec_im_attack_decision,Expands Expression,,0.634 (0.513),expand,Expands Expression,mixed,expand
v2jupoatck_lag1,0.1202219530620974,Contracts Expression,Contracts Expression,0.103065978649899,0.2434300347987681,spec_im_attack_decision,Expands Expression,,0.12 (0.103),expand,Expands Expression,contract,expand
v2jupoatck_lag1,-0.0574180976067401,Mixed Outcome,Mixed Outcome,0.0812612691313733,0.4798236195215976,spec_im_attack_decision,Expands Expression,,-0.057 (0.081),expand,Expands Expression,mixed,expand
v2x_polyarchy_lag1,-3.1734310064458717,Contracts Expression,Contracts Expression,1.0321240063729882,0.0021074223179438,spec_im_attack_decision,Expands Expression,***,-3.173*** (1.032),expand,Expands Expression,contract,expand
v2x_polyarchy_lag1,2.3958803608009065,Mixed Outcome,Mixed Outcome,0.9285099034553164,0.009870027648995,spec_im_attack_decision,Expands Expression,***,2.396*** (0.929),expand,Expands Expression,mixed,expand
v2jureview_lag1,-0.6218080167019331,Contracts Expression,Contracts Expression,0.3058551368871208,0.042051028849974,spec_im_attack_decision,Expands Expression,**,-0.622** (0.306),expand,Expands Expression,contract,expand
v2jureview_lag1,-0.3600363789971276,Mixed Outcome,Mixed Outcome,0.3623059823861391,0.3203515709757041,spec_im_attack_decision,Expands Expression,,-0.36 (0.362),expand,Expands Expression,mixed,expand
legal_common,1.518457706950326,Contracts Expression,Contracts Expression,0.3584618490953288,2.2749916159103858e-05,spec_im_attack_decision,Expands Expression,***,1.518*** (0.358),expand,Expands Expression,contract,expand
legal_common,0.9942856513004814,Mixed Outcome,Mixed Outcome,0.3864753923174108,0.0100908325259117,spec_im_attack_decision,Expands Expression,**,0.994** (0.386),expand,Expands Expression,mixed,expand
legal_civil,-0.0227239390601938,Contracts Expression,Contracts Expression,0.3201026938069611,0.9434060901196568,spec_im_attack_decision,Expands Expression,,-0.023 (0.32),expand,Expands Expression,contract,expand
legal_civil,-0.0865798561457531,Mixed Outcome,Mixed Outcome,0.3016863832121861,0.7741228171646802,spec_im_attack_decision,Expands Expression,,-0.087 (0.302),expand,Expands Expression,mixed,expand
high_court,-0.4811175819562575,Contracts Expression,Contracts Expression,0.2647999846188666,0.0692309866724506,spec_im_attack_decision,Expands Expression,*,-0.481* (0.265),expand,Expands Expression,contract,expand
high_court,0.1002230330539276,Mixed Outcome,Mixed Outcome,0.154663792262488,0.5169812047220164,spec_im_attack_decision,Expands Expression,,0.1 (0.155),expand,Expands Expression,mixed,expand
j_ind_lag1,-0.1501522599788255,Contracts Expression,Contracts Expression,0.2463506838560228,0.5421889892023599,spec_im_attack_decision,Expands Expression,,-0.15 (0.246),expand,Expands Expression,contract,expand
j_ind_lag1,-0.3644178975633994,Mixed Outcome,Mixed Outcome,0.1753238817739522,0.0376595476768335,spec_im_attack_decision,Expands Expression,**,-0.364** (0.175),expand,Expands Expression,mixed,expand
wdj_press_lag1,0.8185771843788746,Contracts Expression,Contracts Expression,0.4269961023257579,0.0552302987098883,spec_p_attack_decision,Expands Expression,*,0.819* (0.427),expand,Expands Expression,contract,expand
wdj_press_lag1,-0.7003528809712745,Mixed Outcome,Mixed Outcome,0.3730710568125051,0.0604819136009423,spec_p_attack_decision,Expands Expression,*,-0.7* (0.373),expand,Expands Expression,mixed,expand
v2jupoatck_lag1,0.1136647564926863,Contracts Expression,Contracts Expression,0.1067508249530901,0.2869813784021749,spec_p_attack_decision,Expands Expression,,0.114 (0.107),expand,Expands Expression,contract,expand
v2jupoatck_lag1,-0.0534584036683718,Mixed Outcome,Mixed Outcome,0.0822268900786412,0.5156064015466753,spec_p_attack_decision,Expands Expression,,-0.053 (0.082),expand,Expands Expression,mixed,expand
v2x_polyarchy_lag1,-3.2673312194340367,Contracts Expression,Contracts Expression,1.0361936481954268,0.0016148823577843,spec_p_attack_decision,Expands Expression,***,-3.267*** (1.036),expand,Expands Expression,contract,expand
v2x_polyarchy_lag1,2.6542751415311097,Mixed Outcome,Mixed Outcome,0.8862210822619503,0.002744011881233,spec_p_attack_decision,Expands Expression,***,2.654*** (0.886),expand,Expands Expression,mixed,expand
v2jureview_lag1,-0.6647564901375905,Contracts Expression,Contracts Expression,0.3319644455195313,0.0452317314156769,spec_p_attack_decision,Expands Expression,**,-0.665** (0.332),expand,Expands Expression,contract,expand
v2jureview_lag1,-0.3500470652236812,Mixed Outcome,Mixed Outcome,0.3630172286263796,0.3349099669154687,spec_p_attack_decision,Expands Expression,,-0.35 (0.363),expand,Expands Expression,mixed,expand
legal_common,1.5454638041304538,Contracts Expression,Contracts Expression,0.3351144392858981,3.99294260513769e-06,spec_p_attack_decision,Expands Expression,***,1.545*** (0.335),expand,Expands Expression,contract,expand
legal_common,0.8614329069661874,Mixed Outcome,Mixed Outcome,0.3758102713488659,0.0218940124173175,spec_p_attack_decision,Expands Expression,**,0.861** (0.376),expand,Expands Expression,mixed,expand
legal_civil,0.0427058171604161,Contracts Expression,Contracts Expression,0.3280046490041804,0.8964091307778026,spec_p_attack_decision,Expands Expression,,0.043 (0.328),expand,Expands Expression,contract,expand
legal_civil,0.1693426240398168,Mixed Outcome,Mixed Outcome,0.276458194356962,0.5401783366047579,spec_p_attack_decision,Expands Expression,,0.169 (0.276),expand,Expands Expression,mixed,expand
high_court,-0.4948033489144254,Contracts Expression,Contracts Expression,0.2652260085946742,0.0620985599678305,spec_p_attack_decision,Expands Expression,*,-0.495* (0.265),expand,Expands Expression,contract,expand
high_court,0.0991072577258153,Mixed Outcome,Mixed Outcome,0.1527877695884759,0.5165584050875884,spec_p_attack_decision,Expands Expression,,0.099 (0.153),expand,Expands Expression,mixed,expand
j_ind_lag1,-0.1529871379652019,Contracts Expression,Contracts Expression,0.2498950557048553,0.5404017754909864,spec_p_attack_decision,Expands Expression,,-0.153 (0.25),expand,Expands Expression,contract,expand
j_ind_lag1,-0.3816995888252562,Mixed Outcome,Mixed Outcome,0.1737109531470715,0.0279971741133618,spec_p_attack_decision,Expands Expression,**,-0.382** (0.174),expand,Expands Expression,mixed,expand
wdj_govprot_lag1,0.2700990121901476,Contracts Expression,Contracts Expression,0.2623680906112134,0.3032607784945903,spec_govprot_attack_decision,Expands Expression,,0.27 (0.262),expand,Expands Expression,contract,expand
wdj_govprot_lag1,-0.1266383312256445,Mixed Outcome,Mixed Outcome,0.2160339566693658,0.5577435296004072,spec_govprot_attack_decision,Expands Expression,,-0.127 (0.216),expand,Expands Expression,mixed,expand
v2jupoatck_lag1,0.1612308209328155,Contracts Expression,Contracts Expression,0.0987485406364241,0.1025234166773285,spec_govprot_attack_decision,Expands Expression,,0.161 (0.099),expand,Expands Expression,contract,expand
v2jupoatck_lag1,-0.0909426062111646,Mixed Outcome,Mixed Outcome,0.0930761778148688,0.3285309609603201,spec_govprot_attack_decision,Expands Expression,,-0.091 (0.093),expand,Expands Expression,mixed,expand
v2x_polyarchy_lag1,-3.0331611237037297,Contracts Expression,Contracts Expression,1.0228138863393792,0.0030218505996471,spec_govprot_attack_decision,Expands Expression,***,-3.033*** (1.023),expand,Expands Expression,contract,expand
v2x_polyarchy_lag1,2.435775331619559,Mixed Outcome,Mixed Outcome,0.9357562246802512,0.0092411412516636,spec_govprot_attack_decision,Expands Expression,***,2.436*** (0.936),expand,Expands Expression,mixed,expand
v2jureview_lag1,-0.6195422359763728,Contracts Expression,Contracts Expression,0.3299767871688083,0.0604451083603707,spec_govprot_attack_decision,Expands Expression,*,-0.62* (0.33),expand,Expands Expression,contract,expand
v2jureview_lag1,-0.3656369333459998,Mixed Outcome,Mixed Outcome,0.3539056219964988,0.3015345801511523,spec_govprot_attack_decision,Expands Expression,,-0.366 (0.354),expand,Expands Expression,mixed,expand
legal_common,1.362198806354672,Contracts Expression,Contracts Expression,0.3423988168550702,6.938113117302081e-05,spec_govprot_attack_decision,Expands Expression,***,1.362*** (0.342),expand,Expands Expression,contract,expand
legal_common,0.9450597771157851,Mixed Outcome,Mixed Outcome,0.3784486985737801,0.0125180491241711,spec_govprot_attack_decision,Expands Expression,**,0.945** (0.378),expand,Expands Expression,mixed,expand
legal_civil,0.0758469199357049,Contracts Expression,Contracts Expression,0.3186403267618731,0.8118554822496116,spec_govprot_attack_decision,Expands Expression,,0.076 (0.319),expand,Expands Expression,contract,expand
legal_civil,0.1068234629756622,Mixed Outcome,Mixed Outcome,0.2772526908615852,0.7000205022597414,spec_govprot_attack_decision,Expands Expression,,0.107 (0.277),expand,Expands Expression,mixed,expand
high_court,-0.4622960497765465,Contracts Expression,Contracts Expression,0.2615618812798897,0.0771538535402195,spec_govprot_attack_decision,Expands Expression,*,-0.462* (0.262),expand,Expands Expression,contract,expand
high_court,0.0814167763948083,Mixed Outcome,Mixed Outcome,0.1459458021819361,0.576942555535654,spec_govprot_attack_decision,Expands Expression,,0.081 (0.146),expand,Expands Expression,mixed,expand
j_ind_lag1,-0.1996728980490356,Contracts Expression,Contracts Expression,0.2692005005225735,0.4582536166131803,spec_govprot_attack_decision,Expands Expression,,-0.2 (0.269),expand,Expands Expression,contract,expand
j_ind_lag1,-0.3422230695811777,Mixed Outcome,Mixed Outcome,0.1968364457246827,0.0821022625955669,spec_govprot_attack_decision,Expands Expression,*,-0.342* (0.197),expand,Expands Expression,mixed,expand
