source_base,spec,variable,std_err,p_value,contrast,coef,direction,stars,sign_stars
mixed,spec_base_1,wdj_expression_lag1,0.2886214976718729,0.5490448200002646,contract_vs_mixed,-0.1729397084276866,raw,,0
mixed,spec_base_1,wdj_expression_lag1,0.2886214976718729,0.5490448200002646,mixed_vs_contract,0.1729397084276866,reversed,,0
mixed,spec_base_1,wdj_expression_lag1,0.1879699515314671,0.7170651574536555,expand_vs_mixed,-0.0681172870290237,raw,,0
mixed,spec_base_1,wdj_expression_lag1,0.1879699515314671,0.7170651574536555,mixed_vs_expand,0.0681172870290237,reversed,,0
mixed,spec_base_1,v2jureform_lag1,0.1796953527111565,0.8760252131511893,contract_vs_mixed,0.0280342550447295,raw,,0
mixed,spec_base_1,v2jureform_lag1,0.1796953527111565,0.8760252131511893,mixed_vs_contract,-0.0280342550447295,reversed,,0
mixed,spec_base_1,v2jureform_lag1,0.1223337208182949,0.1326821679861361,expand_vs_mixed,-0.1839420382480336,raw,,0
mixed,spec_base_1,v2jureform_lag1,0.1223337208182949,0.1326821679861361,mixed_vs_expand,0.1839420382480336,reversed,,0
mixed,spec_base_2,wdj_expression_lag1,0.3227688344560721,0.5704967235550469,contract_vs_mixed,-0.1831132473554362,raw,,0
mixed,spec_base_2,wdj_expression_lag1,0.3227688344560721,0.5704967235550469,mixed_vs_contract,0.1831132473554362,reversed,,0
mixed,spec_base_2,wdj_expression_lag1,0.2371833668070487,0.552603269923085,expand_vs_mixed,-0.1408545952405998,raw,,0
mixed,spec_base_2,wdj_expression_lag1,0.2371833668070487,0.552603269923085,mixed_vs_expand,0.1408545952405998,reversed,,0
mixed,spec_base_2,v2jupoatck_lag1,0.1424206626367282,0.8799965309736948,contract_vs_mixed,-0.0215017620195011,raw,,0
mixed,spec_base_2,v2jupoatck_lag1,0.1424206626367282,0.8799965309736948,mixed_vs_contract,0.0215017620195011,reversed,,0
mixed,spec_base_2,v2jupoatck_lag1,0.1045958766567932,0.1791578549594786,expand_vs_mixed,-0.1405091339718276,raw,,0
mixed,spec_base_2,v2jupoatck_lag1,0.1045958766567932,0.1791578549594786,mixed_vs_expand,0.1405091339718276,reversed,,0
mixed,spec_base_3,wdj_expression_lag1,0.2870374095433274,0.8085405225865138,contract_vs_mixed,-0.0695518284173973,raw,,0
mixed,spec_base_3,wdj_expression_lag1,0.2870374095433274,0.8085405225865138,mixed_vs_contract,0.0695518284173973,reversed,,0
mixed,spec_base_3,wdj_expression_lag1,0.214167994489435,0.9823144290829808,expand_vs_mixed,0.0047475457607795,raw,,0
mixed,spec_base_3,wdj_expression_lag1,0.214167994489435,0.9823144290829808,mixed_vs_expand,-0.0047475457607795,reversed,,0
mixed,spec_base_3,v2jupack_lag1,0.1931497036616865,0.185101967645121,contract_vs_mixed,-0.2559636519399429,raw,,0
mixed,spec_base_3,v2jupack_lag1,0.1931497036616865,0.185101967645121,mixed_vs_contract,0.2559636519399429,reversed,,0
mixed,spec_base_3,v2jupack_lag1,0.0877068066605959,0.0107385771699516,expand_vs_mixed,-0.2237481906152791,raw,**,-**
mixed,spec_base_3,v2jupack_lag1,0.0877068066605959,0.0107385771699516,mixed_vs_expand,0.2237481906152791,reversed,**,+**
mixed,spec_extended_1,wdj_expression_lag1,0.2409587356037603,0.6999247220067586,contract_vs_mixed,0.0928708184758102,raw,,0
mixed,spec_extended_1,wdj_expression_lag1,0.2409587356037603,0.6999247220067586,mixed_vs_contract,-0.0928708184758102,reversed,,0
mixed,spec_extended_1,wdj_expression_lag1,0.2222340797780159,0.955929487543665,expand_vs_mixed,0.0122811688820556,raw,,0
mixed,spec_extended_1,wdj_expression_lag1,0.2222340797780159,0.955929487543665,mixed_vs_expand,-0.0122811688820556,reversed,,0
mixed,spec_extended_1,v2jureform_lag1,0.250397099098681,0.4625218413026197,contract_vs_mixed,0.1839669045061706,raw,,0
mixed,spec_extended_1,v2jureform_lag1,0.250397099098681,0.4625218413026197,mixed_vs_contract,-0.1839669045061706,reversed,,0
mixed,spec_extended_1,v2jureform_lag1,0.183299673394355,0.410752346963274,expand_vs_mixed,-0.1507768824629247,raw,,0
mixed,spec_extended_1,v2jureform_lag1,0.183299673394355,0.410752346963274,mixed_vs_expand,0.1507768824629247,reversed,,0
mixed,spec_extended_1,v2x_polyarchy_lag1,1.440021320478364,0.0003199592144697,contract_vs_mixed,-5.1820321764770885,raw,***,-***
mixed,spec_extended_1,v2x_polyarchy_lag1,1.440021320478364,0.0003199592144697,mixed_vs_contract,5.1820321764770885,reversed,***,+***
mixed,spec_extended_1,v2x_polyarchy_lag1,0.8727834800461468,0.0521284342211976,expand_vs_mixed,-1.6950080010263289,raw,*,-*
mixed,spec_extended_1,v2x_polyarchy_lag1,0.8727834800461468,0.0521284342211976,mixed_vs_expand,1.6950080010263289,reversed,*,+*
mixed,spec_extended_1,v2jureview_lag1,0.3732216977499732,0.3056944451460869,contract_vs_mixed,-0.3822903153701999,raw,,0
mixed,spec_extended_1,v2jureview_lag1,0.3732216977499732,0.3056944451460869,mixed_vs_contract,0.3822903153701999,reversed,,0
mixed,spec_extended_1,v2jureview_lag1,0.3573159311224808,0.2103165563829262,expand_vs_mixed,0.4476080471254919,raw,,0
mixed,spec_extended_1,v2jureview_lag1,0.3573159311224808,0.2103165563829262,mixed_vs_expand,-0.4476080471254919,reversed,,0
mixed,spec_extended_1,legal_common,0.5399293379294504,0.1139475580703971,contract_vs_mixed,0.8534641573592558,raw,,0
mixed,spec_extended_1,legal_common,0.5399293379294504,0.1139475580703971,mixed_vs_contract,-0.8534641573592558,reversed,,0
mixed,spec_extended_1,legal_common,0.4588620487513595,0.0035767817953659,expand_vs_mixed,-1.336783843373955,raw,***,-***
mixed,spec_extended_1,legal_common,0.4588620487513595,0.0035767817953659,mixed_vs_expand,1.336783843373955,reversed,***,+***
mixed,spec_extended_1,legal_civil,0.4862646046526866,0.4723470106915893,contract_vs_mixed,0.3494616224583921,raw,,0
mixed,spec_extended_1,legal_civil,0.4862646046526866,0.4723470106915893,mixed_vs_contract,-0.3494616224583921,reversed,,0
mixed,spec_extended_1,legal_civil,0.3750856960771478,0.3910840968326542,expand_vs_mixed,-0.3216933745891775,raw,,0
mixed,spec_extended_1,legal_civil,0.3750856960771478,0.3910840968326542,mixed_vs_expand,0.3216933745891775,reversed,,0
mixed,spec_extended_1,high_court,0.2745915079614221,0.0964327677340433,contract_vs_mixed,-0.4564806914882958,raw,*,-*
mixed,spec_extended_1,high_court,0.2745915079614221,0.0964327677340433,mixed_vs_contract,0.4564806914882958,reversed,*,+*
mixed,spec_extended_1,high_court,0.1455055756448147,0.7918100795916984,expand_vs_mixed,-0.038407776690438,raw,,0
mixed,spec_extended_1,high_court,0.1455055756448147,0.7918100795916984,mixed_vs_expand,0.038407776690438,reversed,,0
mixed,spec_extended_1,j_ind_lag1,0.266830585774042,0.6046355666207217,contract_vs_mixed,0.1381504426205568,raw,,0
mixed,spec_extended_1,j_ind_lag1,0.266830585774042,0.6046355666207217,mixed_vs_contract,-0.1381504426205568,reversed,,0
mixed,spec_extended_1,j_ind_lag1,0.2037364722104923,0.0577963990727558,expand_vs_mixed,0.3865367849161945,raw,*,+*
mixed,spec_extended_1,j_ind_lag1,0.2037364722104923,0.0577963990727558,mixed_vs_expand,-0.3865367849161945,reversed,*,-*
mixed,spec_extended_1_spline,wdj_expression_lag1,0.4197346880585959,0.3658476882541279,contract_vs_mixed,0.3795570984685686,raw,,0
mixed,spec_extended_1_spline,wdj_expression_lag1,0.4197346880585959,0.3658476882541279,mixed_vs_contract,-0.3795570984685686,reversed,,0
mixed,spec_extended_1_spline,wdj_expression_lag1,0.2918038158067113,0.440621326369266,expand_vs_mixed,0.2250228880080146,raw,,0
mixed,spec_extended_1_spline,wdj_expression_lag1,0.2918038158067113,0.440621326369266,mixed_vs_expand,-0.2250228880080146,reversed,,0
mixed,spec_extended_1_spline,v2jureform_lag1,0.2379191423118515,0.5107662097029588,contract_vs_mixed,0.156466357240139,raw,,0
mixed,spec_extended_1_spline,v2jureform_lag1,0.2379191423118515,0.5107662097029588,mixed_vs_contract,-0.156466357240139,reversed,,0
mixed,spec_extended_1_spline,v2jureform_lag1,0.1798375835435358,0.2457837368310657,expand_vs_mixed,-0.2087287239548546,raw,,0
mixed,spec_extended_1_spline,v2jureform_lag1,0.1798375835435358,0.2457837368310657,mixed_vs_expand,0.2087287239548546,reversed,,0
mixed,spec_extended_1_spline,v2x_polyarchy_lag1,1.5333132577015405,0.003878156595478,contract_vs_mixed,-4.428064669789867,raw,***,-***
mixed,spec_extended_1_spline,v2x_polyarchy_lag1,1.5333132577015405,0.003878156595478,mixed_vs_contract,4.428064669789867,reversed,***,+***
mixed,spec_extended_1_spline,v2x_polyarchy_lag1,0.973447873515566,0.1974139883932223,expand_vs_mixed,-1.254729784239435,raw,,0
mixed,spec_extended_1_spline,v2x_polyarchy_lag1,0.973447873515566,0.1974139883932223,mixed_vs_expand,1.254729784239435,reversed,,0
mixed,spec_extended_1_spline,v2jureview_lag1,0.3611092314647047,0.3067794094266375,contract_vs_mixed,-0.3690547721284773,raw,,0
mixed,spec_extended_1_spline,v2jureview_lag1,0.3611092314647047,0.3067794094266375,mixed_vs_contract,0.3690547721284773,reversed,,0
mixed,spec_extended_1_spline,v2jureview_lag1,0.3425987099628527,0.2262593178485661,expand_vs_mixed,0.4145619168639405,raw,,0
mixed,spec_extended_1_spline,v2jureview_lag1,0.3425987099628527,0.2262593178485661,mixed_vs_expand,-0.4145619168639405,reversed,,0
mixed,spec_extended_1_spline,legal_common,0.5137731738395619,0.2161037484889059,contract_vs_mixed,0.6355143528670925,raw,,0
mixed,spec_extended_1_spline,legal_common,0.5137731738395619,0.2161037484889059,mixed_vs_contract,-0.6355143528670925,reversed,,0
mixed,spec_extended_1_spline,legal_common,0.4274872146525459,0.0002511604401454,expand_vs_mixed,-1.5650622210712897,raw,***,-***
mixed,spec_extended_1_spline,legal_common,0.4274872146525459,0.0002511604401454,mixed_vs_expand,1.5650622210712897,reversed,***,+***
mixed,spec_extended_1_spline,legal_civil,0.4497530120580778,0.5250805474536264,contract_vs_mixed,0.2858330905301155,raw,,0
mixed,spec_extended_1_spline,legal_civil,0.4497530120580778,0.5250805474536264,mixed_vs_contract,-0.2858330905301155,reversed,,0
mixed,spec_extended_1_spline,legal_civil,0.3452536087273362,0.2360246333301056,expand_vs_mixed,-0.4091192511093551,raw,,0
mixed,spec_extended_1_spline,legal_civil,0.3452536087273362,0.2360246333301056,mixed_vs_expand,0.4091192511093551,reversed,,0
mixed,spec_extended_1_spline,high_court,0.2776586607301857,0.0834355578539764,contract_vs_mixed,-0.4806523735736387,raw,*,-*
mixed,spec_extended_1_spline,high_court,0.2776586607301857,0.0834355578539764,mixed_vs_contract,0.4806523735736387,reversed,*,+*
mixed,spec_extended_1_spline,high_court,0.17542476846238,0.22779470780316,expand_vs_mixed,-0.2115726364239739,raw,,0
mixed,spec_extended_1_spline,high_court,0.17542476846238,0.22779470780316,mixed_vs_expand,0.2115726364239739,reversed,,0
mixed,spec_extended_1_spline,j_ind_lag1,0.2805081353337461,0.8869166879747961,contract_vs_mixed,0.0398901546335005,raw,,0
mixed,spec_extended_1_spline,j_ind_lag1,0.2805081353337461,0.8869166879747961,mixed_vs_contract,-0.0398901546335005,reversed,,0
mixed,spec_extended_1_spline,j_ind_lag1,0.197775783202998,0.0678242728408657,expand_vs_mixed,0.3611727088407359,raw,*,+*
mixed,spec_extended_1_spline,j_ind_lag1,0.197775783202998,0.0678242728408657,mixed_vs_expand,-0.3611727088407359,reversed,*,-*
mixed,spec_extended_1_spline_interact,v2x_polyarchy_lag1,166.6334718934885,0.2763126810549347,contract_vs_mixed,181.40385875094145,raw,,0
mixed,spec_extended_1_spline_interact,v2x_polyarchy_lag1,166.6334718934885,0.2763126810549347,mixed_vs_contract,-181.40385875094145,reversed,,0
mixed,spec_extended_1_spline_interact,v2x_polyarchy_lag1,95.06784785548452,0.7761407926461186,expand_vs_mixed,27.032713705019205,raw,,0
mixed,spec_extended_1_spline_interact,v2x_polyarchy_lag1,95.06784785548452,0.7761407926461186,mixed_vs_expand,-27.032713705019205,reversed,,0
mixed,spec_extended_1_spline_interact,wdj_expression_lag1,0.5072209400777763,0.3084003741364778,contract_vs_mixed,0.5166472720905633,raw,,0
mixed,spec_extended_1_spline_interact,wdj_expression_lag1,0.5072209400777763,0.3084003741364778,mixed_vs_contract,-0.5166472720905633,reversed,,0
mixed,spec_extended_1_spline_interact,wdj_expression_lag1,0.3047759234549339,0.1995439413533,expand_vs_mixed,0.3909823949201088,raw,,0
mixed,spec_extended_1_spline_interact,wdj_expression_lag1,0.3047759234549339,0.1995439413533,mixed_vs_expand,-0.3909823949201088,reversed,,0
mixed,spec_extended_1_spline_interact,v2jureform_lag1,0.2332386179089116,0.3797426520244085,contract_vs_mixed,0.2048699369247475,raw,,0
mixed,spec_extended_1_spline_interact,v2jureform_lag1,0.2332386179089116,0.3797426520244085,mixed_vs_contract,-0.2048699369247475,reversed,,0
mixed,spec_extended_1_spline_interact,v2jureform_lag1,0.1803047533747088,0.2630787788343798,expand_vs_mixed,-0.2017869543779688,raw,,0
mixed,spec_extended_1_spline_interact,v2jureform_lag1,0.1803047533747088,0.2630787788343798,mixed_vs_expand,0.2017869543779688,reversed,,0
mixed,spec_extended_1_spline_interact,v2jureview_lag1,0.3632169894965291,0.4498304335554617,contract_vs_mixed,-0.2744822616270798,raw,,0
mixed,spec_extended_1_spline_interact,v2jureview_lag1,0.3632169894965291,0.4498304335554617,mixed_vs_contract,0.2744822616270798,reversed,,0
mixed,spec_extended_1_spline_interact,v2jureview_lag1,0.3457258179520662,0.1129855418216741,expand_vs_mixed,0.5479461962581886,raw,,0
mixed,spec_extended_1_spline_interact,v2jureview_lag1,0.3457258179520662,0.1129855418216741,mixed_vs_expand,-0.5479461962581886,reversed,,0
mixed,spec_extended_1_spline_interact,legal_common,0.4895881737684199,0.2112442477894873,contract_vs_mixed,0.6120593390294413,raw,,0
mixed,spec_extended_1_spline_interact,legal_common,0.4895881737684199,0.2112442477894873,mixed_vs_contract,-0.6120593390294413,reversed,,0
mixed,spec_extended_1_spline_interact,legal_common,0.4337835361906648,0.0001121776270187,expand_vs_mixed,-1.675540777516891,raw,***,-***
mixed,spec_extended_1_spline_interact,legal_common,0.4337835361906648,0.0001121776270187,mixed_vs_expand,1.675540777516891,reversed,***,+***
mixed,spec_extended_1_spline_interact,legal_civil,0.4420947510801021,0.4524706046689033,contract_vs_mixed,0.3321469066625856,raw,,0
mixed,spec_extended_1_spline_interact,legal_civil,0.4420947510801021,0.4524706046689033,mixed_vs_contract,-0.3321469066625856,reversed,,0
mixed,spec_extended_1_spline_interact,legal_civil,0.3842605164433894,0.307715947966703,expand_vs_mixed,-0.3919558650760342,raw,,0
mixed,spec_extended_1_spline_interact,legal_civil,0.3842605164433894,0.307715947966703,mixed_vs_expand,0.3919558650760342,reversed,,0
mixed,spec_extended_1_spline_interact,high_court,0.2808567316023623,0.1248136138613005,contract_vs_mixed,-0.4310810295120013,raw,,0
mixed,spec_extended_1_spline_interact,high_court,0.2808567316023623,0.1248136138613005,mixed_vs_contract,0.4310810295120013,reversed,,0
mixed,spec_extended_1_spline_interact,high_court,0.1723553121921153,0.2226498945943237,expand_vs_mixed,-0.2101893848848232,raw,,0
mixed,spec_extended_1_spline_interact,high_court,0.1723553121921153,0.2226498945943237,mixed_vs_expand,0.2101893848848232,reversed,,0
mixed,spec_extended_1_spline_interact,j_ind_lag1,0.2789325931759312,0.8527668924605413,contract_vs_mixed,0.051766887889113,raw,,0
mixed,spec_extended_1_spline_interact,j_ind_lag1,0.2789325931759312,0.8527668924605413,mixed_vs_contract,-0.051766887889113,reversed,,0
mixed,spec_extended_1_spline_interact,j_ind_lag1,0.2082330152219357,0.053668865258322,expand_vs_mixed,0.4017855270141603,raw,*,+*
mixed,spec_extended_1_spline_interact,j_ind_lag1,0.2082330152219357,0.053668865258322,mixed_vs_expand,-0.4017855270141603,reversed,*,-*
mixed,spec_extended_2,wdj_expression_lag1,0.2639589522052692,0.2295206508191545,contract_vs_mixed,0.3171716406020479,raw,,0
mixed,spec_extended_2,wdj_expression_lag1,0.2639589522052692,0.2295206508191545,mixed_vs_contract,-0.3171716406020479,reversed,,0
mixed,spec_extended_2,wdj_expression_lag1,0.2360141724192122,0.8715717583893992,expand_vs_mixed,0.0381546046738786,raw,,0
mixed,spec_extended_2,wdj_expression_lag1,0.2360141724192122,0.8715717583893992,mixed_vs_expand,-0.0381546046738786,reversed,,0
mixed,spec_extended_2,v2jupoatck_lag1,0.1276360693417583,0.0673963183691544,contract_vs_mixed,0.2334491738798235,raw,*,+*
mixed,spec_extended_2,v2jupoatck_lag1,0.1276360693417583,0.0673963183691544,mixed_vs_contract,-0.2334491738798235,reversed,*,-*
mixed,spec_extended_2,v2jupoatck_lag1,0.1115849233405988,0.7200628210215491,expand_vs_mixed,0.0399892285586039,raw,,0
mixed,spec_extended_2,v2jupoatck_lag1,0.1115849233405988,0.7200628210215491,mixed_vs_expand,-0.0399892285586039,reversed,,0
mixed,spec_extended_2,v2x_polyarchy_lag1,1.2979429438590335,2.145639261412546e-05,contract_vs_mixed,-5.515180377852407,raw,***,-***
mixed,spec_extended_2,v2x_polyarchy_lag1,1.2979429438590335,2.145639261412546e-05,mixed_vs_contract,5.515180377852407,reversed,***,+***
mixed,spec_extended_2,v2x_polyarchy_lag1,0.9134026718971984,0.0201270798796037,expand_vs_mixed,-2.122720784015016,raw,**,-**
mixed,spec_extended_2,v2x_polyarchy_lag1,0.9134026718971984,0.0201270798796037,mixed_vs_expand,2.122720784015016,reversed,**,+**
mixed,spec_extended_2,v2jureview_lag1,0.3638650917046389,0.434766063084855,contract_vs_mixed,-0.2842011759360449,raw,,0
mixed,spec_extended_2,v2jureview_lag1,0.3638650917046389,0.434766063084855,mixed_vs_contract,0.2842011759360449,reversed,,0
mixed,spec_extended_2,v2jureview_lag1,0.3506782681848023,0.1633598789726832,expand_vs_mixed,0.4887964182872464,raw,,0
mixed,spec_extended_2,v2jureview_lag1,0.3506782681848023,0.1633598789726832,mixed_vs_expand,-0.4887964182872464,reversed,,0
mixed,spec_extended_2,legal_common,0.476574493084964,0.2660663138652374,contract_vs_mixed,0.5300304684169892,raw,,0
mixed,spec_extended_2,legal_common,0.476574493084964,0.2660663138652374,mixed_vs_contract,-0.5300304684169892,reversed,,0
mixed,spec_extended_2,legal_common,0.3901570224680867,0.0024431879003051,expand_vs_mixed,-1.182289036494717,raw,***,-***
mixed,spec_extended_2,legal_common,0.3901570224680867,0.0024431879003051,mixed_vs_expand,1.182289036494717,reversed,***,+***
mixed,spec_extended_2,legal_civil,0.4264834681180234,0.6406115831405674,contract_vs_mixed,0.1991011945788415,raw,,0
mixed,spec_extended_2,legal_civil,0.4264834681180234,0.6406115831405674,mixed_vs_contract,-0.1991011945788415,reversed,,0
mixed,spec_extended_2,legal_civil,0.3613764025880706,0.6722499623786062,expand_vs_mixed,-0.1528846553012576,raw,,0
mixed,spec_extended_2,legal_civil,0.3613764025880706,0.6722499623786062,mixed_vs_expand,0.1528846553012576,reversed,,0
mixed,spec_extended_2,high_court,0.2731248056401976,0.0490999847677692,contract_vs_mixed,-0.5374338034320993,raw,**,-**
mixed,spec_extended_2,high_court,0.2731248056401976,0.0490999847677692,mixed_vs_contract,0.5374338034320993,reversed,**,+**
mixed,spec_extended_2,high_court,0.1567218335842625,0.8772921611782939,expand_vs_mixed,-0.0241982869202133,raw,,0
mixed,spec_extended_2,high_court,0.1567218335842625,0.8772921611782939,mixed_vs_expand,0.0241982869202133,reversed,,0
mixed,spec_extended_2,j_ind_lag1,0.2525953108388173,0.4798037971370996,contract_vs_mixed,0.1784884351268973,raw,,0
mixed,spec_extended_2,j_ind_lag1,0.2525953108388173,0.4798037971370996,mixed_vs_contract,-0.1784884351268973,reversed,,0
mixed,spec_extended_2,j_ind_lag1,0.2004246603302013,0.0731147812671136,expand_vs_mixed,0.3591837464545938,raw,*,+*
mixed,spec_extended_2,j_ind_lag1,0.2004246603302013,0.0731147812671136,mixed_vs_expand,-0.3591837464545938,reversed,*,-*
mixed,spec_extended_2_spline,wdj_expression_lag1,0.4727251284774752,0.1949690923885165,contract_vs_mixed,0.6126605379026185,raw,,0
mixed,spec_extended_2_spline,wdj_expression_lag1,0.4727251284774752,0.1949690923885165,mixed_vs_contract,-0.6126605379026185,reversed,,0
mixed,spec_extended_2_spline,wdj_expression_lag1,0.3603556266405741,0.7047935526102522,expand_vs_mixed,0.1365234964039686,raw,,0
mixed,spec_extended_2_spline,wdj_expression_lag1,0.3603556266405741,0.7047935526102522,mixed_vs_expand,-0.1365234964039686,reversed,,0
mixed,spec_extended_2_spline,v2jupoatck_lag1,0.1460604424272819,0.1202439911271534,contract_vs_mixed,0.2269414554100875,raw,,0
mixed,spec_extended_2_spline,v2jupoatck_lag1,0.1460604424272819,0.1202439911271534,mixed_vs_contract,-0.2269414554100875,reversed,,0
mixed,spec_extended_2_spline,v2jupoatck_lag1,0.1342514552462005,0.7686005873426223,expand_vs_mixed,-0.0394975676109051,raw,,0
mixed,spec_extended_2_spline,v2jupoatck_lag1,0.1342514552462005,0.7686005873426223,mixed_vs_expand,0.0394975676109051,reversed,,0
mixed,spec_extended_2_spline,v2x_polyarchy_lag1,1.5448205420869516,0.0015341455317308,contract_vs_mixed,-4.894216736745731,raw,***,-***
mixed,spec_extended_2_spline,v2x_polyarchy_lag1,1.5448205420869516,0.0015341455317308,mixed_vs_contract,4.894216736745731,reversed,***,+***
mixed,spec_extended_2_spline,v2x_polyarchy_lag1,1.1843120210672642,0.1990133940503947,expand_vs_mixed,-1.521091886418196,raw,,0
mixed,spec_extended_2_spline,v2x_polyarchy_lag1,1.1843120210672642,0.1990133940503947,mixed_vs_expand,1.521091886418196,reversed,,0
mixed,spec_extended_2_spline,v2jureview_lag1,0.3615472943544368,0.4503380871076098,contract_vs_mixed,-0.2729145186976264,raw,,0
mixed,spec_extended_2_spline,v2jureview_lag1,0.3615472943544368,0.4503380871076098,mixed_vs_contract,0.2729145186976264,reversed,,0
mixed,spec_extended_2_spline,v2jureview_lag1,0.3338253380856802,0.2228404831199463,expand_vs_mixed,0.4069363496508527,raw,,0
mixed,spec_extended_2_spline,v2jureview_lag1,0.3338253380856802,0.2228404831199463,mixed_vs_expand,-0.4069363496508527,reversed,,0
mixed,spec_extended_2_spline,legal_common,0.457336641728345,0.4345175463435743,contract_vs_mixed,0.3574015304017212,raw,,0
mixed,spec_extended_2_spline,legal_common,0.457336641728345,0.4345175463435743,mixed_vs_contract,-0.3574015304017212,reversed,,0
mixed,spec_extended_2_spline,legal_common,0.3700845782842824,0.0004113740689242,expand_vs_mixed,-1.3073894383118825,raw,***,-***
mixed,spec_extended_2_spline,legal_common,0.3700845782842824,0.0004113740689242,mixed_vs_expand,1.3073894383118825,reversed,***,+***
mixed,spec_extended_2_spline,legal_civil,0.4084122645765821,0.6624126828576273,contract_vs_mixed,0.1783064771375627,raw,,0
mixed,spec_extended_2_spline,legal_civil,0.4084122645765821,0.6624126828576273,mixed_vs_contract,-0.1783064771375627,reversed,,0
mixed,spec_extended_2_spline,legal_civil,0.3520263871102003,0.6334492705882052,expand_vs_mixed,-0.1678735050405602,raw,,0
mixed,spec_extended_2_spline,legal_civil,0.3520263871102003,0.6334492705882052,mixed_vs_expand,0.1678735050405602,reversed,,0
mixed,spec_extended_2_spline,high_court,0.2991354006167985,0.0703292796088585,contract_vs_mixed,-0.5413704820717585,raw,*,-*
mixed,spec_extended_2_spline,high_court,0.2991354006167985,0.0703292796088585,mixed_vs_contract,0.5413704820717585,reversed,*,+*
mixed,spec_extended_2_spline,high_court,0.1736324961623755,0.3050804472326893,expand_vs_mixed,-0.1780773850522217,raw,,0
mixed,spec_extended_2_spline,high_court,0.1736324961623755,0.3050804472326893,mixed_vs_expand,0.1780773850522217,reversed,,0
mixed,spec_extended_2_spline,j_ind_lag1,0.263675556748485,0.6855826423079576,contract_vs_mixed,0.1067508895652475,raw,,0
mixed,spec_extended_2_spline,j_ind_lag1,0.263675556748485,0.6855826423079576,mixed_vs_contract,-0.1067508895652475,reversed,,0
mixed,spec_extended_2_spline,j_ind_lag1,0.2033366783624706,0.1079635682586139,expand_vs_mixed,0.3268462353171295,raw,,0
mixed,spec_extended_2_spline,j_ind_lag1,0.2033366783624706,0.1079635682586139,mixed_vs_expand,-0.3268462353171295,reversed,,0
mixed,spec_extended_2_spline_interact,v2x_polyarchy_lag1,164.3548476112792,0.2502772568923749,contract_vs_mixed,188.954858065695,raw,,0
mixed,spec_extended_2_spline_interact,v2x_polyarchy_lag1,164.3548476112792,0.2502772568923749,mixed_vs_contract,-188.954858065695,reversed,,0
mixed,spec_extended_2_spline_interact,v2x_polyarchy_lag1,94.13122364611102,0.8804436662735944,expand_vs_mixed,14.157977369970862,raw,,0
mixed,spec_extended_2_spline_interact,v2x_polyarchy_lag1,94.13122364611102,0.8804436662735944,mixed_vs_expand,-14.157977369970862,reversed,,0
mixed,spec_extended_2_spline_interact,wdj_expression_lag1,0.5561475679855037,0.1667565146967444,contract_vs_mixed,0.7689858899060414,raw,,0
mixed,spec_extended_2_spline_interact,wdj_expression_lag1,0.5561475679855037,0.1667565146967444,mixed_vs_contract,-0.7689858899060414,reversed,,0
mixed,spec_extended_2_spline_interact,wdj_expression_lag1,0.3689021436308664,0.4806990048622332,expand_vs_mixed,0.2601419518921286,raw,,0
mixed,spec_extended_2_spline_interact,wdj_expression_lag1,0.3689021436308664,0.4806990048622332,mixed_vs_expand,-0.2601419518921286,reversed,,0
mixed,spec_extended_2_spline_interact,v2jupoatck_lag1,0.1517152183766047,0.1406898657805769,contract_vs_mixed,0.2235109398334484,raw,,0
mixed,spec_extended_2_spline_interact,v2jupoatck_lag1,0.1517152183766047,0.1406898657805769,mixed_vs_contract,-0.2235109398334484,reversed,,0
mixed,spec_extended_2_spline_interact,v2jupoatck_lag1,0.143434191447507,0.6977601304394472,expand_vs_mixed,-0.0557020692472493,raw,,0
mixed,spec_extended_2_spline_interact,v2jupoatck_lag1,0.143434191447507,0.6977601304394472,mixed_vs_expand,0.0557020692472493,reversed,,0
mixed,spec_extended_2_spline_interact,v2jureview_lag1,0.3599620049910075,0.5859223582165036,contract_vs_mixed,-0.1960909313151274,raw,,0
mixed,spec_extended_2_spline_interact,v2jureview_lag1,0.3599620049910075,0.5859223582165036,mixed_vs_contract,0.1960909313151274,reversed,,0
mixed,spec_extended_2_spline_interact,v2jureview_lag1,0.342894237792929,0.1182420657557046,expand_vs_mixed,0.5356676527369019,raw,,0
mixed,spec_extended_2_spline_interact,v2jureview_lag1,0.342894237792929,0.1182420657557046,mixed_vs_expand,-0.5356676527369019,reversed,,0
mixed,spec_extended_2_spline_interact,legal_common,0.4514206322495001,0.522693800487918,contract_vs_mixed,0.2885473960826571,raw,,0
mixed,spec_extended_2_spline_interact,legal_common,0.4514206322495001,0.522693800487918,mixed_vs_contract,-0.2885473960826571,reversed,,0
mixed,spec_extended_2_spline_interact,legal_common,0.3662110821042209,0.0001222003624578,expand_vs_mixed,-1.4068619028195877,raw,***,-***
mixed,spec_extended_2_spline_interact,legal_common,0.3662110821042209,0.0001222003624578,mixed_vs_expand,1.4068619028195877,reversed,***,+***
mixed,spec_extended_2_spline_interact,legal_civil,0.4072049776818673,0.682694276012717,contract_vs_mixed,0.1664610471573128,raw,,0
mixed,spec_extended_2_spline_interact,legal_civil,0.4072049776818673,0.682694276012717,mixed_vs_contract,-0.1664610471573128,reversed,,0
mixed,spec_extended_2_spline_interact,legal_civil,0.3701858625518034,0.7130135027201114,expand_vs_mixed,-0.1361587617211614,raw,,0
mixed,spec_extended_2_spline_interact,legal_civil,0.3701858625518034,0.7130135027201114,mixed_vs_expand,0.1361587617211614,reversed,,0
mixed,spec_extended_2_spline_interact,high_court,0.3040430968777818,0.0948090421407804,contract_vs_mixed,-0.5079215848709374,raw,*,-*
mixed,spec_extended_2_spline_interact,high_court,0.3040430968777818,0.0948090421407804,mixed_vs_contract,0.5079215848709374,reversed,*,+*
mixed,spec_extended_2_spline_interact,high_court,0.1754664630567256,0.3170843595457682,expand_vs_mixed,-0.1755484786010045,raw,,0
mixed,spec_extended_2_spline_interact,high_court,0.1754664630567256,0.3170843595457682,mixed_vs_expand,0.1755484786010045,reversed,,0
mixed,spec_extended_2_spline_interact,j_ind_lag1,0.2595312419975648,0.6041688266056832,contract_vs_mixed,0.1345448607937505,raw,,0
mixed,spec_extended_2_spline_interact,j_ind_lag1,0.2595312419975648,0.6041688266056832,mixed_vs_contract,-0.1345448607937505,reversed,,0
mixed,spec_extended_2_spline_interact,j_ind_lag1,0.2134104447898811,0.0909688990574286,expand_vs_mixed,0.3607295454318027,raw,*,+*
mixed,spec_extended_2_spline_interact,j_ind_lag1,0.2134104447898811,0.0909688990574286,mixed_vs_expand,-0.3607295454318027,reversed,*,-*
mixed,spec_extended_3,wdj_expression_lag1,0.2135309461247419,0.4174778446463811,contract_vs_mixed,0.1731318911216234,raw,,0
mixed,spec_extended_3,wdj_expression_lag1,0.2135309461247419,0.4174778446463811,mixed_vs_contract,-0.1731318911216234,reversed,,0
mixed,spec_extended_3,wdj_expression_lag1,0.1926051061281796,0.8507699511726182,expand_vs_mixed,0.0362359763243895,raw,,0
mixed,spec_extended_3,wdj_expression_lag1,0.1926051061281796,0.8507699511726182,mixed_vs_expand,-0.0362359763243895,reversed,,0
mixed,spec_extended_3,v2jupack_lag1,0.2398947754608474,0.0176919655260685,contract_vs_mixed,0.5690310345854016,raw,**,+**
mixed,spec_extended_3,v2jupack_lag1,0.2398947754608474,0.0176919655260685,mixed_vs_contract,-0.5690310345854016,reversed,**,-**
mixed,spec_extended_3,v2jupack_lag1,0.2083852663485546,0.1331768507754247,expand_vs_mixed,0.3129303423374125,raw,,0
mixed,spec_extended_3,v2jupack_lag1,0.2083852663485546,0.1331768507754247,mixed_vs_expand,-0.3129303423374125,reversed,,0
mixed,spec_extended_3,v2x_polyarchy_lag1,1.7728464667840174,6.973671700498168e-05,contract_vs_mixed,-7.0509334974598765,raw,***,-***
mixed,spec_extended_3,v2x_polyarchy_lag1,1.7728464667840174,6.973671700498168e-05,mixed_vs_contract,7.0509334974598765,reversed,***,+***
mixed,spec_extended_3,v2x_polyarchy_lag1,1.2624507078391611,0.0107348267450355,expand_vs_mixed,-3.220782418479518,raw,**,-**
mixed,spec_extended_3,v2x_polyarchy_lag1,1.2624507078391611,0.0107348267450355,mixed_vs_expand,3.220782418479518,reversed,**,+**
mixed,spec_extended_3,v2jureview_lag1,0.3824374629000696,0.2164257079166209,contract_vs_mixed,-0.4727265098843764,raw,,0
mixed,spec_extended_3,v2jureview_lag1,0.3824374629000696,0.2164257079166209,mixed_vs_contract,0.4727265098843764,reversed,,0
mixed,spec_extended_3,v2jureview_lag1,0.3603500791586856,0.2320047284701243,expand_vs_mixed,0.4306942616649369,raw,,0
mixed,spec_extended_3,v2jureview_lag1,0.3603500791586856,0.2320047284701243,mixed_vs_expand,-0.4306942616649369,reversed,,0
mixed,spec_extended_3,legal_common,0.4796281711415156,0.1948751145272613,contract_vs_mixed,0.6217378676154867,raw,,0
mixed,spec_extended_3,legal_common,0.4796281711415156,0.1948751145272613,mixed_vs_contract,-0.6217378676154867,reversed,,0
mixed,spec_extended_3,legal_common,0.3921880493692041,0.0029487404367603,expand_vs_mixed,-1.1659874834019093,raw,***,-***
mixed,spec_extended_3,legal_common,0.3921880493692041,0.0029487404367603,mixed_vs_expand,1.1659874834019093,reversed,***,+***
mixed,spec_extended_3,legal_civil,0.4254584725838103,0.3679950492852865,contract_vs_mixed,0.3830127316648025,raw,,0
mixed,spec_extended_3,legal_civil,0.4254584725838103,0.3679950492852865,mixed_vs_contract,-0.3830127316648025,reversed,,0
mixed,spec_extended_3,legal_civil,0.3755106836854379,0.915393025864636,expand_vs_mixed,-0.0398937387817302,raw,,0
mixed,spec_extended_3,legal_civil,0.3755106836854379,0.915393025864636,mixed_vs_expand,0.0398937387817302,reversed,,0
mixed,spec_extended_3,high_court,0.2664036841264818,0.1317500206541133,contract_vs_mixed,-0.4015333844143729,raw,,0
mixed,spec_extended_3,high_court,0.2664036841264818,0.1317500206541133,mixed_vs_contract,0.4015333844143729,reversed,,0
mixed,spec_extended_3,high_court,0.1399652720829012,0.8889850921445993,expand_vs_mixed,0.0195375486143134,raw,,0
mixed,spec_extended_3,high_court,0.1399652720829012,0.8889850921445993,mixed_vs_expand,-0.0195375486143134,reversed,,0
mixed,spec_extended_3,j_ind_lag1,0.2637107528572266,0.457985111502548,contract_vs_mixed,0.1957178746916428,raw,,0
mixed,spec_extended_3,j_ind_lag1,0.2637107528572266,0.457985111502548,mixed_vs_contract,-0.1957178746916428,reversed,,0
mixed,spec_extended_3,j_ind_lag1,0.2024188614952268,0.0774941279834638,expand_vs_mixed,0.3573531934252298,raw,*,+*
mixed,spec_extended_3,j_ind_lag1,0.2024188614952268,0.0774941279834638,mixed_vs_expand,-0.3573531934252298,reversed,*,-*
mixed,spec_extended_3_spline,wdj_expression_lag1,0.3945948891444857,0.2500382915814338,contract_vs_mixed,0.4538852881578795,raw,,0
mixed,spec_extended_3_spline,wdj_expression_lag1,0.3945948891444857,0.2500382915814338,mixed_vs_contract,-0.4538852881578795,reversed,,0
mixed,spec_extended_3_spline,wdj_expression_lag1,0.2859413172484201,0.5149426563594852,expand_vs_mixed,0.1861937926606736,raw,,0
mixed,spec_extended_3_spline,wdj_expression_lag1,0.2859413172484201,0.5149426563594852,mixed_vs_expand,-0.1861937926606736,reversed,,0
mixed,spec_extended_3_spline,v2jupack_lag1,0.2275184671282037,0.0218968734829912,contract_vs_mixed,0.5215069101238727,raw,**,+**
mixed,spec_extended_3_spline,v2jupack_lag1,0.2275184671282037,0.0218968734829912,mixed_vs_contract,-0.5215069101238727,reversed,**,-**
mixed,spec_extended_3_spline,v2jupack_lag1,0.2089760641263588,0.1769622759248653,expand_vs_mixed,0.2821526800324685,raw,,0
mixed,spec_extended_3_spline,v2jupack_lag1,0.2089760641263588,0.1769622759248653,mixed_vs_expand,-0.2821526800324685,reversed,,0
mixed,spec_extended_3_spline,v2x_polyarchy_lag1,1.741475512319833,0.0003128463329764,contract_vs_mixed,-6.277015614639558,raw,***,-***
mixed,spec_extended_3_spline,v2x_polyarchy_lag1,1.741475512319833,0.0003128463329764,mixed_vs_contract,6.277015614639558,reversed,***,+***
mixed,spec_extended_3_spline,v2x_polyarchy_lag1,1.2952805028552066,0.0299663156867348,expand_vs_mixed,-2.8114520851539795,raw,**,-**
mixed,spec_extended_3_spline,v2x_polyarchy_lag1,1.2952805028552066,0.0299663156867348,mixed_vs_expand,2.8114520851539795,reversed,**,+**
mixed,spec_extended_3_spline,v2jureview_lag1,0.3765358971526365,0.2273986981149031,contract_vs_mixed,-0.4545115304542324,raw,,0
mixed,spec_extended_3_spline,v2jureview_lag1,0.3765358971526365,0.2273986981149031,mixed_vs_contract,0.4545115304542324,reversed,,0
mixed,spec_extended_3_spline,v2jureview_lag1,0.3535625295157367,0.2524823201081478,expand_vs_mixed,0.4045960355089275,raw,,0
mixed,spec_extended_3_spline,v2jureview_lag1,0.3535625295157367,0.2524823201081478,mixed_vs_expand,-0.4045960355089275,reversed,,0
mixed,spec_extended_3_spline,legal_common,0.4731327524265131,0.3555687597242424,contract_vs_mixed,0.437099748903233,raw,,0
mixed,spec_extended_3_spline,legal_common,0.4731327524265131,0.3555687597242424,mixed_vs_contract,-0.437099748903233,reversed,,0
mixed,spec_extended_3_spline,legal_common,0.3769691191708837,0.00054781498054,expand_vs_mixed,-1.3028869170962687,raw,***,-***
mixed,spec_extended_3_spline,legal_common,0.3769691191708837,0.00054781498054,mixed_vs_expand,1.3028869170962687,reversed,***,+***
mixed,spec_extended_3_spline,legal_civil,0.416845723110697,0.4051961801492807,contract_vs_mixed,0.3469727925081782,raw,,0
mixed,spec_extended_3_spline,legal_civil,0.416845723110697,0.4051961801492807,mixed_vs_contract,-0.3469727925081782,reversed,,0
mixed,spec_extended_3_spline,legal_civil,0.3768578395847911,0.8767458840650825,expand_vs_mixed,-0.0584490246970934,raw,,0
mixed,spec_extended_3_spline,legal_civil,0.3768578395847911,0.8767458840650825,mixed_vs_expand,0.0584490246970934,reversed,,0
mixed,spec_extended_3_spline,high_court,0.2790543549990945,0.1089883877842714,contract_vs_mixed,-0.4472562272412266,raw,,0
mixed,spec_extended_3_spline,high_court,0.2790543549990945,0.1089883877842714,mixed_vs_contract,0.4472562272412266,reversed,,0
mixed,spec_extended_3_spline,high_court,0.1709301144555403,0.4305276032202748,expand_vs_mixed,-0.1347423515547787,raw,,0
mixed,spec_extended_3_spline,high_court,0.1709301144555403,0.4305276032202748,mixed_vs_expand,0.1347423515547787,reversed,,0
mixed,spec_extended_3_spline,j_ind_lag1,0.2810590897716257,0.6800923974425246,contract_vs_mixed,0.1158910754073186,raw,,0
mixed,spec_extended_3_spline,j_ind_lag1,0.2810590897716257,0.6800923974425246,mixed_vs_contract,-0.1158910754073186,reversed,,0
mixed,spec_extended_3_spline,j_ind_lag1,0.2063349641540721,0.1123487739305293,expand_vs_mixed,0.3276029651585662,raw,,0
mixed,spec_extended_3_spline,j_ind_lag1,0.2063349641540721,0.1123487739305293,mixed_vs_expand,-0.3276029651585662,reversed,,0
mixed,spec_extended_3_spline_interact,v2x_polyarchy_lag1,174.55801717508666,0.2487093491809389,contract_vs_mixed,201.35091470591732,raw,,0
mixed,spec_extended_3_spline_interact,v2x_polyarchy_lag1,174.55801717508666,0.2487093491809389,mixed_vs_contract,-201.35091470591732,reversed,,0
mixed,spec_extended_3_spline_interact,v2x_polyarchy_lag1,96.85846367168732,0.8530520977534428,expand_vs_mixed,17.940666165432482,raw,,0
mixed,spec_extended_3_spline_interact,v2x_polyarchy_lag1,96.85846367168732,0.8530520977534428,mixed_vs_expand,-17.940666165432482,reversed,,0
mixed,spec_extended_3_spline_interact,wdj_expression_lag1,0.4897595627092678,0.222507356711175,contract_vs_mixed,0.5974517859875874,raw,,0
mixed,spec_extended_3_spline_interact,wdj_expression_lag1,0.4897595627092678,0.222507356711175,mixed_vs_contract,-0.5974517859875874,reversed,,0
mixed,spec_extended_3_spline_interact,wdj_expression_lag1,0.2916576291904398,0.283100350618803,expand_vs_mixed,0.3130596634945554,raw,,0
mixed,spec_extended_3_spline_interact,wdj_expression_lag1,0.2916576291904398,0.283100350618803,mixed_vs_expand,-0.3130596634945554,reversed,,0
mixed,spec_extended_3_spline_interact,v2jupack_lag1,0.2364685794974563,0.0124084607459622,contract_vs_mixed,0.5912447983514443,raw,**,+**
mixed,spec_extended_3_spline_interact,v2jupack_lag1,0.2364685794974563,0.0124084607459622,mixed_vs_contract,-0.5912447983514443,reversed,**,-**
mixed,spec_extended_3_spline_interact,v2jupack_lag1,0.2147322828768243,0.169464416704174,expand_vs_mixed,0.2950264326467531,raw,,0
mixed,spec_extended_3_spline_interact,v2jupack_lag1,0.2147322828768243,0.169464416704174,mixed_vs_expand,-0.2950264326467531,reversed,,0
mixed,spec_extended_3_spline_interact,v2jureview_lag1,0.3804228684155211,0.3348479296712213,contract_vs_mixed,-0.3668779109593265,raw,,0
mixed,spec_extended_3_spline_interact,v2jureview_lag1,0.3804228684155211,0.3348479296712213,mixed_vs_contract,0.3668779109593265,reversed,,0
mixed,spec_extended_3_spline_interact,v2jureview_lag1,0.3607556947763312,0.1243795761004746,expand_vs_mixed,0.5543544510681249,raw,,0
mixed,spec_extended_3_spline_interact,v2jureview_lag1,0.3607556947763312,0.1243795761004746,mixed_vs_expand,-0.5543544510681249,reversed,,0
mixed,spec_extended_3_spline_interact,legal_common,0.4663376641595968,0.4276802083087834,contract_vs_mixed,0.3698839046046794,raw,,0
mixed,spec_extended_3_spline_interact,legal_common,0.4663376641595968,0.4276802083087834,mixed_vs_contract,-0.3698839046046794,reversed,,0
mixed,spec_extended_3_spline_interact,legal_common,0.3836103796689536,0.0002629653366216,expand_vs_mixed,-1.3999058119244288,raw,***,-***
mixed,spec_extended_3_spline_interact,legal_common,0.3836103796689536,0.0002629653366216,mixed_vs_expand,1.3999058119244288,reversed,***,+***
mixed,spec_extended_3_spline_interact,legal_civil,0.4281383017114148,0.3961743877326175,contract_vs_mixed,0.3632639547893582,raw,,0
mixed,spec_extended_3_spline_interact,legal_civil,0.4281383017114148,0.3961743877326175,mixed_vs_contract,-0.3632639547893582,reversed,,0
mixed,spec_extended_3_spline_interact,legal_civil,0.4094156215521787,0.9821333500388733,expand_vs_mixed,-0.0091686158335174,raw,,0
mixed,spec_extended_3_spline_interact,legal_civil,0.4094156215521787,0.9821333500388733,mixed_vs_expand,0.0091686158335174,reversed,,0
mixed,spec_extended_3_spline_interact,high_court,0.2806768104077996,0.1619202943944194,contract_vs_mixed,-0.3925664414726754,raw,,0
mixed,spec_extended_3_spline_interact,high_court,0.2806768104077996,0.1619202943944194,mixed_vs_contract,0.3925664414726754,reversed,,0
mixed,spec_extended_3_spline_interact,high_court,0.1719975393465153,0.4555242023974781,expand_vs_mixed,-0.1283509444114395,raw,,0
mixed,spec_extended_3_spline_interact,high_court,0.1719975393465153,0.4555242023974781,mixed_vs_expand,0.1283509444114395,reversed,,0
mixed,spec_extended_3_spline_interact,j_ind_lag1,0.2734941187581466,0.6316753140432816,contract_vs_mixed,0.1311049209603155,raw,,0
mixed,spec_extended_3_spline_interact,j_ind_lag1,0.2734941187581466,0.6316753140432816,mixed_vs_contract,-0.1311049209603155,reversed,,0
mixed,spec_extended_3_spline_interact,j_ind_lag1,0.2123549135192028,0.0954585324153193,expand_vs_mixed,0.3540553237262357,raw,*,+*
mixed,spec_extended_3_spline_interact,j_ind_lag1,0.2123549135192028,0.0954585324153193,mixed_vs_expand,-0.3540553237262357,reversed,*,-*
mixed,spec_c_pack,wdj_citizen_lag1,0.6345805385187361,0.178041991479583,contract_vs_mixed,0.8546583154292553,raw,,0
mixed,spec_c_pack,wdj_citizen_lag1,0.6345805385187361,0.178041991479583,mixed_vs_contract,-0.8546583154292553,reversed,,0
mixed,spec_c_pack,wdj_citizen_lag1,0.4128436753530372,0.157865056336888,expand_vs_mixed,0.583054339636806,raw,,0
mixed,spec_c_pack,wdj_citizen_lag1,0.4128436753530372,0.157865056336888,mixed_vs_expand,-0.583054339636806,reversed,,0
mixed,spec_c_pack,v2jupack_lag1,0.2493449147892553,0.0504808746793677,contract_vs_mixed,0.4876853824954493,raw,*,+*
mixed,spec_c_pack,v2jupack_lag1,0.2493449147892553,0.0504808746793677,mixed_vs_contract,-0.4876853824954493,reversed,*,-*
mixed,spec_c_pack,v2jupack_lag1,0.2215758604695448,0.2545957397846751,expand_vs_mixed,0.2524319764483977,raw,,0
mixed,spec_c_pack,v2jupack_lag1,0.2215758604695448,0.2545957397846751,mixed_vs_expand,-0.2524319764483977,reversed,,0
mixed,spec_c_pack,v2x_polyarchy_lag1,1.7748777967462008,7.99997230160744e-05,contract_vs_mixed,-7.0008296035909146,raw,***,-***
mixed,spec_c_pack,v2x_polyarchy_lag1,1.7748777967462008,7.99997230160744e-05,mixed_vs_contract,7.0008296035909146,reversed,***,+***
mixed,spec_c_pack,v2x_polyarchy_lag1,1.242755459322294,0.0120752160458212,expand_vs_mixed,-3.1192398796256606,raw,**,-**
mixed,spec_c_pack,v2x_polyarchy_lag1,1.242755459322294,0.0120752160458212,mixed_vs_expand,3.1192398796256606,reversed,**,+**
mixed,spec_c_pack,v2jureview_lag1,0.3557931649580659,0.2408846034381176,contract_vs_mixed,-0.4172666086102284,raw,,0
mixed,spec_c_pack,v2jureview_lag1,0.3557931649580659,0.2408846034381176,mixed_vs_contract,0.4172666086102284,reversed,,0
mixed,spec_c_pack,v2jureview_lag1,0.3593409779853778,0.2099099750201881,expand_vs_mixed,0.4505463974349574,raw,,0
mixed,spec_c_pack,v2jureview_lag1,0.3593409779853778,0.2099099750201881,mixed_vs_expand,-0.4505463974349574,reversed,,0
mixed,spec_c_pack,legal_common,0.4894647948778785,0.1312379817169372,contract_vs_mixed,0.7387188503933981,raw,,0
mixed,spec_c_pack,legal_common,0.4894647948778785,0.1312379817169372,mixed_vs_contract,-0.7387188503933981,reversed,,0
mixed,spec_c_pack,legal_common,0.3854572370395008,0.00346861658384,expand_vs_mixed,-1.126627423330141,raw,***,-***
mixed,spec_c_pack,legal_common,0.3854572370395008,0.00346861658384,mixed_vs_expand,1.126627423330141,reversed,***,+***
mixed,spec_c_pack,legal_civil,0.4252784172797259,0.6171519074645806,contract_vs_mixed,0.2125928063780119,raw,,0
mixed,spec_c_pack,legal_civil,0.4252784172797259,0.6171519074645806,mixed_vs_contract,-0.2125928063780119,reversed,,0
mixed,spec_c_pack,legal_civil,0.3578241752746413,0.5659310089853304,expand_vs_mixed,-0.2054105319107342,raw,,0
mixed,spec_c_pack,legal_civil,0.3578241752746413,0.5659310089853304,mixed_vs_expand,0.2054105319107342,reversed,,0
mixed,spec_c_pack,high_court,0.2662775222447202,0.092902055254324,contract_vs_mixed,-0.4474218839090816,raw,*,-*
mixed,spec_c_pack,high_court,0.2662775222447202,0.092902055254324,mixed_vs_contract,0.4474218839090816,reversed,*,+*
mixed,spec_c_pack,high_court,0.1308167114832477,0.9907753711275064,expand_vs_mixed,0.0015124524992034,raw,,0
mixed,spec_c_pack,high_court,0.1308167114832477,0.9907753711275064,mixed_vs_expand,-0.0015124524992034,reversed,,0
mixed,spec_c_pack,j_ind_lag1,0.2482796378925606,0.3186382659964428,contract_vs_mixed,0.2475993813871608,raw,,0
mixed,spec_c_pack,j_ind_lag1,0.2482796378925606,0.3186382659964428,mixed_vs_contract,-0.2475993813871608,reversed,,0
mixed,spec_c_pack,j_ind_lag1,0.1890892247365651,0.0385553621448646,expand_vs_mixed,0.3912069175629001,raw,**,+**
mixed,spec_c_pack,j_ind_lag1,0.1890892247365651,0.0385553621448646,mixed_vs_expand,-0.3912069175629001,reversed,**,-**
mixed,spec_im_pack,wdj_intermediaries_lag1,0.960761869524412,0.885557874834833,contract_vs_mixed,0.1382798654836428,raw,,0
mixed,spec_im_pack,wdj_intermediaries_lag1,0.960761869524412,0.885557874834833,mixed_vs_contract,-0.1382798654836428,reversed,,0
mixed,spec_im_pack,wdj_intermediaries_lag1,0.5421941450933306,0.2498913928939747,expand_vs_mixed,-0.6238557497728229,raw,,0
mixed,spec_im_pack,wdj_intermediaries_lag1,0.5421941450933306,0.2498913928939747,mixed_vs_expand,0.6238557497728229,reversed,,0
mixed,spec_im_pack,v2jupack_lag1,0.2435157661111814,0.020686066938793,contract_vs_mixed,0.5634140746584132,raw,**,+**
mixed,spec_im_pack,v2jupack_lag1,0.2435157661111814,0.020686066938793,mixed_vs_contract,-0.5634140746584132,reversed,**,-**
mixed,spec_im_pack,v2jupack_lag1,0.2039906460024856,0.0866463213129226,expand_vs_mixed,0.3495094232788053,raw,*,+*
mixed,spec_im_pack,v2jupack_lag1,0.2039906460024856,0.0866463213129226,mixed_vs_expand,-0.3495094232788053,reversed,*,-*
mixed,spec_im_pack,v2x_polyarchy_lag1,1.7942113847988972,5.561169929550833e-05,contract_vs_mixed,-7.23192242194642,raw,***,-***
mixed,spec_im_pack,v2x_polyarchy_lag1,1.7942113847988972,5.561169929550833e-05,mixed_vs_contract,7.23192242194642,reversed,***,+***
mixed,spec_im_pack,v2x_polyarchy_lag1,1.2550255639224768,0.007525782669102,expand_vs_mixed,-3.3542267001698005,raw,***,-***
mixed,spec_im_pack,v2x_polyarchy_lag1,1.2550255639224768,0.007525782669102,mixed_vs_expand,3.3542267001698005,reversed,***,+***
mixed,spec_im_pack,v2jureview_lag1,0.3770842480507847,0.2311253132666455,contract_vs_mixed,-0.4515452359410684,raw,,0
mixed,spec_im_pack,v2jureview_lag1,0.3770842480507847,0.2311253132666455,mixed_vs_contract,0.4515452359410684,reversed,,0
mixed,spec_im_pack,v2jureview_lag1,0.3705196031426063,0.2506627456026318,expand_vs_mixed,0.4256311031177492,raw,,0
mixed,spec_im_pack,v2jureview_lag1,0.3705196031426063,0.2506627456026318,mixed_vs_expand,-0.4256311031177492,reversed,,0
mixed,spec_im_pack,legal_common,0.517561829799117,0.1783879997050308,contract_vs_mixed,0.6965010607759535,raw,,0
mixed,spec_im_pack,legal_common,0.517561829799117,0.1783879997050308,mixed_vs_contract,-0.6965010607759535,reversed,,0
mixed,spec_im_pack,legal_common,0.3960122858308237,0.0021180030936959,expand_vs_mixed,-1.2170116733362255,raw,***,-***
mixed,spec_im_pack,legal_common,0.3960122858308237,0.0021180030936959,mixed_vs_expand,1.2170116733362255,reversed,***,+***
mixed,spec_im_pack,legal_civil,0.4770408694394387,0.3132462063975377,contract_vs_mixed,0.4810641834481931,raw,,0
mixed,spec_im_pack,legal_civil,0.4770408694394387,0.3132462063975377,mixed_vs_contract,-0.4810641834481931,reversed,,0
mixed,spec_im_pack,legal_civil,0.3896119738906649,0.688399432119505,expand_vs_mixed,0.1562453514324727,raw,,0
mixed,spec_im_pack,legal_civil,0.3896119738906649,0.688399432119505,mixed_vs_expand,-0.1562453514324727,reversed,,0
mixed,spec_im_pack,high_court,0.2671099120493992,0.1005400214857798,contract_vs_mixed,-0.4386589102168414,raw,,0
mixed,spec_im_pack,high_court,0.2671099120493992,0.1005400214857798,mixed_vs_contract,0.4386589102168414,reversed,,0
mixed,spec_im_pack,high_court,0.1386530759831727,0.9718032134943552,expand_vs_mixed,0.0049009411775238,raw,,0
mixed,spec_im_pack,high_court,0.1386530759831727,0.9718032134943552,mixed_vs_expand,-0.0049009411775238,reversed,,0
mixed,spec_im_pack,j_ind_lag1,0.2533408944701441,0.36728745249348,contract_vs_mixed,0.2284035399835502,raw,,0
mixed,spec_im_pack,j_ind_lag1,0.2533408944701441,0.36728745249348,mixed_vs_contract,-0.2284035399835502,reversed,,0
mixed,spec_im_pack,j_ind_lag1,0.1881047911978534,0.0556143032580827,expand_vs_mixed,0.3600411865587403,raw,*,+*
mixed,spec_im_pack,j_ind_lag1,0.1881047911978534,0.0556143032580827,mixed_vs_expand,-0.3600411865587403,reversed,*,-*
mixed,spec_p_pack,wdj_press_lag1,0.6735910203213534,0.0325770628288047,contract_vs_mixed,1.4396373832813267,raw,**,+**
mixed,spec_p_pack,wdj_press_lag1,0.6735910203213534,0.0325770628288047,mixed_vs_contract,-1.4396373832813267,reversed,**,-**
mixed,spec_p_pack,wdj_press_lag1,0.4323139724324298,0.0313507316647586,expand_vs_mixed,0.9305957423157644,raw,**,+**
mixed,spec_p_pack,wdj_press_lag1,0.4323139724324298,0.0313507316647586,mixed_vs_expand,-0.9305957423157644,reversed,**,-**
mixed,spec_p_pack,v2jupack_lag1,0.2392190475793699,0.0420195399153726,contract_vs_mixed,0.4864104469313355,raw,**,+**
mixed,spec_p_pack,v2jupack_lag1,0.2392190475793699,0.0420195399153726,mixed_vs_contract,-0.4864104469313355,reversed,**,-**
mixed,spec_p_pack,v2jupack_lag1,0.2106280999222899,0.2373610565594411,expand_vs_mixed,0.2488799652581569,raw,,0
mixed,spec_p_pack,v2jupack_lag1,0.2106280999222899,0.2373610565594411,mixed_vs_expand,-0.2488799652581569,reversed,,0
mixed,spec_p_pack,v2x_polyarchy_lag1,1.6915356417191785,1.5349711556165645e-05,contract_vs_mixed,-7.313539037425714,raw,***,-***
mixed,spec_p_pack,v2x_polyarchy_lag1,1.6915356417191785,1.5349711556165645e-05,mixed_vs_contract,7.313539037425714,reversed,***,+***
mixed,spec_p_pack,v2x_polyarchy_lag1,1.1368320962121463,0.0036845154474119,expand_vs_mixed,-3.3013378168907286,raw,***,-***
mixed,spec_p_pack,v2x_polyarchy_lag1,1.1368320962121463,0.0036845154474119,mixed_vs_expand,3.3013378168907286,reversed,***,+***
mixed,spec_p_pack,v2jureview_lag1,0.3882180773691923,0.2061225358765966,contract_vs_mixed,-0.4908239353031373,raw,,0
mixed,spec_p_pack,v2jureview_lag1,0.3882180773691923,0.2061225358765966,mixed_vs_contract,0.4908239353031373,reversed,,0
mixed,spec_p_pack,v2jureview_lag1,0.3538247044957096,0.2277009219813898,expand_vs_mixed,0.4268195816204036,raw,,0
mixed,spec_p_pack,v2jureview_lag1,0.3538247044957096,0.2277009219813898,mixed_vs_expand,-0.4268195816204036,reversed,,0
mixed,spec_p_pack,legal_common,0.4615365747179201,0.0620320412103396,contract_vs_mixed,0.8612580098004221,raw,*,+*
mixed,spec_p_pack,legal_common,0.4615365747179201,0.0620320412103396,mixed_vs_contract,-0.8612580098004221,reversed,*,-*
mixed,spec_p_pack,legal_common,0.3777556861047809,0.0053923294552122,expand_vs_mixed,-1.0511474039573412,raw,***,-***
mixed,spec_p_pack,legal_common,0.3777556861047809,0.0053923294552122,mixed_vs_expand,1.0511474039573412,reversed,***,+***
mixed,spec_p_pack,legal_civil,0.4207226213403836,0.5888863716242199,contract_vs_mixed,0.2273797617953259,raw,,0
mixed,spec_p_pack,legal_civil,0.4207226213403836,0.5888863716242199,mixed_vs_contract,-0.2273797617953259,reversed,,0
mixed,spec_p_pack,legal_civil,0.3364085193675915,0.5881056084220895,expand_vs_mixed,-0.18219323139324,raw,,0
mixed,spec_p_pack,legal_civil,0.3364085193675915,0.5881056084220895,mixed_vs_expand,0.18219323139324,reversed,,0
mixed,spec_p_pack,high_court,0.2707700420890886,0.0871300971140892,contract_vs_mixed,-0.4632157093648856,raw,*,-*
mixed,spec_p_pack,high_court,0.2707700420890886,0.0871300971140892,mixed_vs_contract,0.4632157093648856,reversed,*,+*
mixed,spec_p_pack,high_court,0.132207670445234,0.9658716967899004,expand_vs_mixed,-0.0056567082654004,raw,,0
mixed,spec_p_pack,high_court,0.132207670445234,0.9658716967899004,mixed_vs_expand,0.0056567082654004,reversed,,0
mixed,spec_p_pack,j_ind_lag1,0.246226563607194,0.3294420630674441,contract_vs_mixed,0.2401295777405739,raw,,0
mixed,spec_p_pack,j_ind_lag1,0.246226563607194,0.3294420630674441,mixed_vs_contract,-0.2401295777405739,reversed,,0
mixed,spec_p_pack,j_ind_lag1,0.1769499164795011,0.0331353423441594,expand_vs_mixed,0.376981098659249,raw,**,+**
mixed,spec_p_pack,j_ind_lag1,0.1769499164795011,0.0331353423441594,mixed_vs_expand,-0.376981098659249,reversed,**,-**
mixed,spec_govprot_pack,wdj_govprot_lag1,0.2648711158740303,0.3492613186140596,contract_vs_mixed,0.2479254704863588,raw,,0
mixed,spec_govprot_pack,wdj_govprot_lag1,0.2648711158740303,0.3492613186140596,mixed_vs_contract,-0.2479254704863588,reversed,,0
mixed,spec_govprot_pack,wdj_govprot_lag1,0.2198904404321297,0.7414836713852686,expand_vs_mixed,0.0725394852339315,raw,,0
mixed,spec_govprot_pack,wdj_govprot_lag1,0.2198904404321297,0.7414836713852686,mixed_vs_expand,-0.0725394852339315,reversed,,0
mixed,spec_govprot_pack,v2jupack_lag1,0.2433326941195723,0.0200578815270154,contract_vs_mixed,0.5658126010818518,raw,**,+**
mixed,spec_govprot_pack,v2jupack_lag1,0.2433326941195723,0.0200578815270154,mixed_vs_contract,-0.5658126010818518,reversed,**,-**
mixed,spec_govprot_pack,v2jupack_lag1,0.2119444793781721,0.1395539770821433,expand_vs_mixed,0.3131382213205982,raw,,0
mixed,spec_govprot_pack,v2jupack_lag1,0.2119444793781721,0.1395539770821433,mixed_vs_expand,-0.3131382213205982,reversed,,0
mixed,spec_govprot_pack,v2x_polyarchy_lag1,1.8180495187714387,0.0001221593626028,contract_vs_mixed,-6.98449489373243,raw,***,-***
mixed,spec_govprot_pack,v2x_polyarchy_lag1,1.8180495187714387,0.0001221593626028,mixed_vs_contract,6.98449489373243,reversed,***,+***
mixed,spec_govprot_pack,v2x_polyarchy_lag1,1.2897418686721236,0.0136035945568715,expand_vs_mixed,-3.182520452767535,raw,**,-**
mixed,spec_govprot_pack,v2x_polyarchy_lag1,1.2897418686721236,0.0136035945568715,mixed_vs_expand,3.182520452767535,reversed,**,+**
mixed,spec_govprot_pack,v2jureview_lag1,0.3829517555113189,0.2104408590871662,contract_vs_mixed,-0.4795912059827242,raw,,0
mixed,spec_govprot_pack,v2jureview_lag1,0.3829517555113189,0.2104408590871662,mixed_vs_contract,0.4795912059827242,reversed,,0
mixed,spec_govprot_pack,v2jureview_lag1,0.3551009927227292,0.231985883269689,expand_vs_mixed,0.4244376302311981,raw,,0
mixed,spec_govprot_pack,v2jureview_lag1,0.3551009927227292,0.231985883269689,mixed_vs_expand,-0.4244376302311981,reversed,,0
mixed,spec_govprot_pack,legal_common,0.4851240963187967,0.1938741675579628,contract_vs_mixed,0.6302748293249889,raw,,0
mixed,spec_govprot_pack,legal_common,0.4851240963187967,0.1938741675579628,mixed_vs_contract,-0.6302748293249889,reversed,,0
mixed,spec_govprot_pack,legal_common,0.3829692790728842,0.0023681418124867,expand_vs_mixed,-1.1641115851449206,raw,***,-***
mixed,spec_govprot_pack,legal_common,0.3829692790728842,0.0023681418124867,mixed_vs_expand,1.1641115851449206,reversed,***,+***
mixed,spec_govprot_pack,legal_civil,0.4312027603223488,0.3693499670275005,contract_vs_mixed,0.3870871135798088,raw,,0
mixed,spec_govprot_pack,legal_civil,0.4312027603223488,0.3693499670275005,mixed_vs_contract,-0.3870871135798088,reversed,,0
mixed,spec_govprot_pack,legal_civil,0.3799541646021218,0.8988529577629,expand_vs_mixed,-0.0482961558293311,raw,,0
mixed,spec_govprot_pack,legal_civil,0.3799541646021218,0.8988529577629,mixed_vs_expand,0.0482961558293311,reversed,,0
mixed,spec_govprot_pack,high_court,0.26675170626334,0.1426008625439926,contract_vs_mixed,-0.3911044429560362,raw,,0
mixed,spec_govprot_pack,high_court,0.26675170626334,0.1426008625439926,mixed_vs_contract,0.3911044429560362,reversed,,0
mixed,spec_govprot_pack,high_court,0.1469442938842106,0.8625072704926143,expand_vs_mixed,0.0254483125884472,raw,,0
mixed,spec_govprot_pack,high_court,0.1469442938842106,0.8625072704926143,mixed_vs_expand,-0.0254483125884472,reversed,,0
mixed,spec_govprot_pack,j_ind_lag1,0.2821033093603575,0.537334904324289,contract_vs_mixed,0.1740148980432626,raw,,0
mixed,spec_govprot_pack,j_ind_lag1,0.2821033093603575,0.537334904324289,mixed_vs_contract,-0.1740148980432626,reversed,,0
mixed,spec_govprot_pack,j_ind_lag1,0.214161158636305,0.1044865225337394,expand_vs_mixed,0.3476866714639907,raw,,0
mixed,spec_govprot_pack,j_ind_lag1,0.214161158636305,0.1044865225337394,mixed_vs_expand,-0.3476866714639907,reversed,,0
mixed,spec_c_reform,wdj_citizen_lag1,0.6425469799167708,0.1412236868019552,contract_vs_mixed,0.945346847186608,raw,,0
mixed,spec_c_reform,wdj_citizen_lag1,0.6425469799167708,0.1412236868019552,mixed_vs_contract,-0.945346847186608,reversed,,0
mixed,spec_c_reform,wdj_citizen_lag1,0.4137380693909741,0.100339125810311,expand_vs_mixed,0.6798592647024169,raw,,0
mixed,spec_c_reform,wdj_citizen_lag1,0.4137380693909741,0.100339125810311,mixed_vs_expand,-0.6798592647024169,reversed,,0
mixed,spec_c_reform,v2jureform_lag1,0.2330233423576214,0.4567385528043258,contract_vs_mixed,0.1734224954535173,raw,,0
mixed,spec_c_reform,v2jureform_lag1,0.2330233423576214,0.4567385528043258,mixed_vs_contract,-0.1734224954535173,reversed,,0
mixed,spec_c_reform,v2jureform_lag1,0.1669823340699973,0.3557271736589871,expand_vs_mixed,-0.1542144453344391,raw,,0
mixed,spec_c_reform,v2jureform_lag1,0.1669823340699973,0.3557271736589871,mixed_vs_expand,0.1542144453344391,reversed,,0
mixed,spec_c_reform,v2x_polyarchy_lag1,1.3409049476005237,6.408871611369455e-05,contract_vs_mixed,-5.359902058755802,raw,***,-***
mixed,spec_c_reform,v2x_polyarchy_lag1,1.3409049476005237,6.408871611369455e-05,mixed_vs_contract,5.359902058755802,reversed,***,+***
mixed,spec_c_reform,v2x_polyarchy_lag1,0.7888218712939947,0.0235483873533296,expand_vs_mixed,-1.7862228364897823,raw,**,-**
mixed,spec_c_reform,v2x_polyarchy_lag1,0.7888218712939947,0.0235483873533296,mixed_vs_expand,1.7862228364897823,reversed,**,+**
mixed,spec_c_reform,v2jureview_lag1,0.3413985415915019,0.3324381877917101,contract_vs_mixed,-0.330888410039689,raw,,0
mixed,spec_c_reform,v2jureview_lag1,0.3413985415915019,0.3324381877917101,mixed_vs_contract,0.330888410039689,reversed,,0
mixed,spec_c_reform,v2jureview_lag1,0.3589113750922406,0.2010156623937351,expand_vs_mixed,0.4589267893242368,raw,,0
mixed,spec_c_reform,v2jureview_lag1,0.3589113750922406,0.2010156623937351,mixed_vs_expand,-0.4589267893242368,reversed,,0
mixed,spec_c_reform,legal_common,0.5218581026504467,0.0681504734907919,contract_vs_mixed,0.9518746979790244,raw,*,+*
mixed,spec_c_reform,legal_common,0.5218581026504467,0.0681504734907919,mixed_vs_contract,-0.9518746979790244,reversed,*,-*
mixed,spec_c_reform,legal_common,0.4448637338885893,0.0038065970724804,expand_vs_mixed,-1.2873286169669345,raw,***,-***
mixed,spec_c_reform,legal_common,0.4448637338885893,0.0038065970724804,mixed_vs_expand,1.2873286169669345,reversed,***,+***
mixed,spec_c_reform,legal_civil,0.4443349900834586,0.7359091029679288,contract_vs_mixed,0.1498633790483307,raw,,0
mixed,spec_c_reform,legal_civil,0.4443349900834586,0.7359091029679288,mixed_vs_contract,-0.1498633790483307,reversed,,0
mixed,spec_c_reform,legal_civil,0.3095301352353485,0.1003073204005331,expand_vs_mixed,-0.5086711653998177,raw,,0
mixed,spec_c_reform,legal_civil,0.3095301352353485,0.1003073204005331,mixed_vs_expand,0.5086711653998177,reversed,,0
mixed,spec_c_reform,high_court,0.2858631214786232,0.0941090418871009,contract_vs_mixed,-0.4785662243510089,raw,*,-*
mixed,spec_c_reform,high_court,0.2858631214786232,0.0941090418871009,mixed_vs_contract,0.4785662243510089,reversed,*,+*
mixed,spec_c_reform,high_court,0.1411333991399911,0.7360064519145166,expand_vs_mixed,-0.0475826340684448,raw,,0
mixed,spec_c_reform,high_court,0.1411333991399911,0.7360064519145166,mixed_vs_expand,0.0475826340684448,reversed,,0
mixed,spec_c_reform,j_ind_lag1,0.2399149679821567,0.4556860990096394,contract_vs_mixed,0.1789691457134348,raw,,0
mixed,spec_c_reform,j_ind_lag1,0.2399149679821567,0.4556860990096394,mixed_vs_contract,-0.1789691457134348,reversed,,0
mixed,spec_c_reform,j_ind_lag1,0.1837584002584276,0.024994117935515,expand_vs_mixed,0.4118932829328606,raw,**,+**
mixed,spec_c_reform,j_ind_lag1,0.1837584002584276,0.024994117935515,mixed_vs_expand,-0.4118932829328606,reversed,**,-**
mixed,spec_im_reform,wdj_intermediaries_lag1,0.9504026958447784,0.6911015052994267,contract_vs_mixed,0.3776526630740161,raw,,0
mixed,spec_im_reform,wdj_intermediaries_lag1,0.9504026958447784,0.6911015052994267,mixed_vs_contract,-0.3776526630740161,reversed,,0
mixed,spec_im_reform,wdj_intermediaries_lag1,0.5721735396695323,0.459847866535108,expand_vs_mixed,-0.4228919651524208,raw,,0
mixed,spec_im_reform,wdj_intermediaries_lag1,0.5721735396695323,0.459847866535108,mixed_vs_expand,0.4228919651524208,reversed,,0
mixed,spec_im_reform,v2jureform_lag1,0.2496959710864029,0.4789148896722844,contract_vs_mixed,0.1767969582281194,raw,,0
mixed,spec_im_reform,v2jureform_lag1,0.2496959710864029,0.4789148896722844,mixed_vs_contract,-0.1767969582281194,reversed,,0
mixed,spec_im_reform,v2jureform_lag1,0.1831406828595648,0.4208657669684701,expand_vs_mixed,-0.1474136236269372,raw,,0
mixed,spec_im_reform,v2jureform_lag1,0.1831406828595648,0.4208657669684701,mixed_vs_expand,0.1474136236269372,reversed,,0
mixed,spec_im_reform,v2x_polyarchy_lag1,1.37982098701794,0.000100840714667,contract_vs_mixed,-5.365516790637908,raw,***,-***
mixed,spec_im_reform,v2x_polyarchy_lag1,1.37982098701794,0.000100840714667,mixed_vs_contract,5.365516790637908,reversed,***,+***
mixed,spec_im_reform,v2x_polyarchy_lag1,0.8030203328233109,0.0337126195669278,expand_vs_mixed,-1.7052074981772882,raw,**,-**
mixed,spec_im_reform,v2x_polyarchy_lag1,0.8030203328233109,0.0337126195669278,mixed_vs_expand,1.7052074981772882,reversed,**,+**
mixed,spec_im_reform,v2jureview_lag1,0.3604013547548865,0.3267278518695943,contract_vs_mixed,-0.3534549986919666,raw,,0
mixed,spec_im_reform,v2jureview_lag1,0.3604013547548865,0.3267278518695943,mixed_vs_contract,0.3534549986919666,reversed,,0
mixed,spec_im_reform,v2jureview_lag1,0.3651054833962865,0.2211484402646218,expand_vs_mixed,0.4466992697739227,raw,,0
mixed,spec_im_reform,v2jureview_lag1,0.3651054833962865,0.2211484402646218,mixed_vs_expand,-0.4466992697739227,reversed,,0
mixed,spec_im_reform,legal_common,0.5547148507030427,0.0987786857730266,contract_vs_mixed,0.9157252699148348,raw,*,+*
mixed,spec_im_reform,legal_common,0.5547148507030427,0.0987786857730266,mixed_vs_contract,-0.9157252699148348,reversed,*,-*
mixed,spec_im_reform,legal_common,0.4428865932221496,0.0019823690869128,expand_vs_mixed,-1.3697867074515788,raw,***,-***
mixed,spec_im_reform,legal_common,0.4428865932221496,0.0019823690869128,mixed_vs_expand,1.3697867074515788,reversed,***,+***
mixed,spec_im_reform,legal_civil,0.4982131315411097,0.45229465290075,contract_vs_mixed,0.3744544971083555,raw,,0
mixed,spec_im_reform,legal_civil,0.4982131315411097,0.45229465290075,mixed_vs_contract,-0.3744544971083555,reversed,,0
mixed,spec_im_reform,legal_civil,0.3669359628026961,0.6060704614556595,expand_vs_mixed,-0.1892254580537757,raw,,0
mixed,spec_im_reform,legal_civil,0.3669359628026961,0.6060704614556595,mixed_vs_expand,0.1892254580537757,reversed,,0
mixed,spec_im_reform,high_court,0.2891906220365347,0.1045616459965204,contract_vs_mixed,-0.4693939361040254,raw,,0
mixed,spec_im_reform,high_court,0.2891906220365347,0.1045616459965204,mixed_vs_contract,0.4693939361040254,reversed,,0
mixed,spec_im_reform,high_court,0.1452467621700564,0.7356488911569498,expand_vs_mixed,-0.0490383423774149,raw,,0
mixed,spec_im_reform,high_court,0.1452467621700564,0.7356488911569498,mixed_vs_expand,0.0490383423774149,reversed,,0
mixed,spec_im_reform,j_ind_lag1,0.2554912452006827,0.4929600463027003,contract_vs_mixed,0.1751669587377528,raw,,0
mixed,spec_im_reform,j_ind_lag1,0.2554912452006827,0.4929600463027003,mixed_vs_contract,-0.1751669587377528,reversed,,0
mixed,spec_im_reform,j_ind_lag1,0.1944597492713762,0.0450245861770831,expand_vs_mixed,0.3897799236027358,raw,**,+**
mixed,spec_im_reform,j_ind_lag1,0.1944597492713762,0.0450245861770831,mixed_vs_expand,-0.3897799236027358,reversed,**,-**
mixed,spec_p_reform,wdj_press_lag1,0.5603815305745938,0.0039134952459869,contract_vs_mixed,1.6167296259429953,raw,***,+***
mixed,spec_p_reform,wdj_press_lag1,0.5603815305745938,0.0039134952459869,mixed_vs_contract,-1.6167296259429953,reversed,***,-***
mixed,spec_p_reform,wdj_press_lag1,0.3526696145713631,0.0032016374358414,expand_vs_mixed,1.0395587201195688,raw,***,+***
mixed,spec_p_reform,wdj_press_lag1,0.3526696145713631,0.0032016374358414,mixed_vs_expand,-1.0395587201195688,reversed,***,-***
mixed,spec_p_reform,v2jureform_lag1,0.2351010230215216,0.3970621106406172,contract_vs_mixed,0.1991023124642195,raw,,0
mixed,spec_p_reform,v2jureform_lag1,0.2351010230215216,0.3970621106406172,mixed_vs_contract,-0.1991023124642195,reversed,,0
mixed,spec_p_reform,v2jureform_lag1,0.1741780133664941,0.4473556248067548,expand_vs_mixed,-0.1323458498288991,raw,,0
mixed,spec_p_reform,v2jureform_lag1,0.1741780133664941,0.4473556248067548,mixed_vs_expand,0.1323458498288991,reversed,,0
mixed,spec_p_reform,v2x_polyarchy_lag1,1.289295062025401,8.054495492134225e-06,contract_vs_mixed,-5.755065374621587,raw,***,-***
mixed,spec_p_reform,v2x_polyarchy_lag1,1.289295062025401,8.054495492134225e-06,mixed_vs_contract,5.755065374621587,reversed,***,+***
mixed,spec_p_reform,v2x_polyarchy_lag1,0.7833497522121361,0.0093513757778725,expand_vs_mixed,-2.0358742854423797,raw,***,-***
mixed,spec_p_reform,v2x_polyarchy_lag1,0.7833497522121361,0.0093513757778725,mixed_vs_expand,2.0358742854423797,reversed,***,+***
mixed,spec_p_reform,v2jureview_lag1,0.3774638784852404,0.2729617157115508,contract_vs_mixed,-0.4138013927526796,raw,,0
mixed,spec_p_reform,v2jureview_lag1,0.3774638784852404,0.2729617157115508,mixed_vs_contract,0.4138013927526796,reversed,,0
mixed,spec_p_reform,v2jureview_lag1,0.3532608594500007,0.2251444108230884,expand_vs_mixed,0.42849194177542,raw,,0
mixed,spec_p_reform,v2jureview_lag1,0.3532608594500007,0.2251444108230884,mixed_vs_expand,-0.42849194177542,reversed,,0
mixed,spec_p_reform,legal_common,0.5298515213256095,0.0357943695177966,contract_vs_mixed,1.1122938069217136,raw,**,+**
mixed,spec_p_reform,legal_common,0.5298515213256095,0.0357943695177966,mixed_vs_contract,-1.1122938069217136,reversed,**,-**
mixed,spec_p_reform,legal_common,0.4565396428215557,0.0092401681065219,expand_vs_mixed,-1.1883900901639388,raw,***,-***
mixed,spec_p_reform,legal_common,0.4565396428215557,0.0092401681065219,mixed_vs_expand,1.1883900901639388,reversed,***,+***
mixed,spec_p_reform,legal_civil,0.4486222391394279,0.6782087330376563,contract_vs_mixed,0.1861372747458099,raw,,0
mixed,spec_p_reform,legal_civil,0.4486222391394279,0.6782087330376563,mixed_vs_contract,-0.1861372747458099,reversed,,0
mixed,spec_p_reform,legal_civil,0.3183406435200331,0.145586008308294,expand_vs_mixed,-0.4632813896958983,raw,,0
mixed,spec_p_reform,legal_civil,0.3183406435200331,0.145586008308294,mixed_vs_expand,0.4632813896958983,reversed,,0
mixed,spec_p_reform,high_court,0.2860325449062837,0.0882407467390401,contract_vs_mixed,-0.4876144616210777,raw,*,-*
mixed,spec_p_reform,high_court,0.2860325449062837,0.0882407467390401,mixed_vs_contract,0.4876144616210777,reversed,*,+*
mixed,spec_p_reform,high_court,0.1414600943323555,0.7217077000137282,expand_vs_mixed,-0.0503848915820604,raw,,0
mixed,spec_p_reform,high_court,0.1414600943323555,0.7217077000137282,mixed_vs_expand,0.0503848915820604,reversed,,0
mixed,spec_p_reform,j_ind_lag1,0.237091392453501,0.4887224938063891,contract_vs_mixed,0.1641483614499002,raw,,0
mixed,spec_p_reform,j_ind_lag1,0.237091392453501,0.4887224938063891,mixed_vs_contract,-0.1641483614499002,reversed,,0
mixed,spec_p_reform,j_ind_lag1,0.173253644305784,0.0245507891822896,expand_vs_mixed,0.3895432382533085,raw,**,+**
mixed,spec_p_reform,j_ind_lag1,0.173253644305784,0.0245507891822896,mixed_vs_expand,-0.3895432382533085,reversed,**,-**
mixed,spec_govprot_reform,wdj_govprot_lag1,0.3176235238185874,0.5029461680533729,contract_vs_mixed,0.2127637284607227,raw,,0
mixed,spec_govprot_reform,wdj_govprot_lag1,0.3176235238185874,0.5029461680533729,mixed_vs_contract,-0.2127637284607227,reversed,,0
mixed,spec_govprot_reform,wdj_govprot_lag1,0.2542476353491549,0.8212281622961891,expand_vs_mixed,0.0574512238153112,raw,,0
mixed,spec_govprot_reform,wdj_govprot_lag1,0.2542476353491549,0.8212281622961891,mixed_vs_expand,-0.0574512238153112,reversed,,0
mixed,spec_govprot_reform,v2jureform_lag1,0.2476653468690806,0.4560198666039869,contract_vs_mixed,0.1846138792977687,raw,,0
mixed,spec_govprot_reform,v2jureform_lag1,0.2476653468690806,0.4560198666039869,mixed_vs_contract,-0.1846138792977687,reversed,,0
mixed,spec_govprot_reform,v2jureform_lag1,0.1832427226772391,0.4099256183281903,expand_vs_mixed,-0.1509964990084809,raw,,0
mixed,spec_govprot_reform,v2jureform_lag1,0.1832427226772391,0.4099256183281903,mixed_vs_expand,0.1509964990084809,reversed,,0
mixed,spec_govprot_reform,v2x_polyarchy_lag1,1.4483268308157704,0.0004331622367068,contract_vs_mixed,-5.096674954105114,raw,***,-***
mixed,spec_govprot_reform,v2x_polyarchy_lag1,1.4483268308157704,0.0004331622367068,mixed_vs_contract,5.096674954105114,reversed,***,+***
mixed,spec_govprot_reform,v2x_polyarchy_lag1,0.8760375781587869,0.0615840413911253,expand_vs_mixed,-1.637558439036099,raw,*,-*
mixed,spec_govprot_reform,v2x_polyarchy_lag1,0.8760375781587869,0.0615840413911253,mixed_vs_expand,1.637558439036099,reversed,*,+*
mixed,spec_govprot_reform,v2jureview_lag1,0.369960407342891,0.2958118285485802,contract_vs_mixed,-0.3867776781840645,raw,,0
mixed,spec_govprot_reform,v2jureview_lag1,0.369960407342891,0.2958118285485802,mixed_vs_contract,0.3867776781840645,reversed,,0
mixed,spec_govprot_reform,v2jureview_lag1,0.3524267420792388,0.2095500413487723,expand_vs_mixed,0.4422263680577343,raw,,0
mixed,spec_govprot_reform,v2jureview_lag1,0.3524267420792388,0.2095500413487723,mixed_vs_expand,-0.4422263680577343,reversed,,0
mixed,spec_govprot_reform,legal_common,0.5381361014331228,0.1143994717865083,contract_vs_mixed,0.8495681572758668,raw,,0
mixed,spec_govprot_reform,legal_common,0.5381361014331228,0.1143994717865083,mixed_vs_contract,-0.8495681572758668,reversed,,0
mixed,spec_govprot_reform,legal_common,0.4472989333307691,0.0027983413289684,expand_vs_mixed,-1.3370048346259873,raw,***,-***
mixed,spec_govprot_reform,legal_common,0.4472989333307691,0.0027983413289684,mixed_vs_expand,1.3370048346259873,reversed,***,+***
mixed,spec_govprot_reform,legal_civil,0.4779081567893857,0.4802212340209871,contract_vs_mixed,0.3373777247789262,raw,,0
mixed,spec_govprot_reform,legal_civil,0.4779081567893857,0.4802212340209871,mixed_vs_contract,-0.3373777247789262,reversed,,0
mixed,spec_govprot_reform,legal_civil,0.3734408237901589,0.3678536479254569,expand_vs_mixed,-0.3362838671780416,raw,,0
mixed,spec_govprot_reform,legal_civil,0.3734408237901589,0.3678536479254569,mixed_vs_expand,0.3362838671780416,reversed,,0
mixed,spec_govprot_reform,high_court,0.2737462595755853,0.1116029739287325,contract_vs_mixed,-0.4355383295091001,raw,,0
mixed,spec_govprot_reform,high_court,0.2737462595755853,0.1116029739287325,mixed_vs_contract,0.4355383295091001,reversed,,0
mixed,spec_govprot_reform,high_court,0.1522145750795908,0.8381616482249338,expand_vs_mixed,-0.0310891436702952,raw,,0
mixed,spec_govprot_reform,high_court,0.1522145750795908,0.8381616482249338,mixed_vs_expand,0.0310891436702952,reversed,,0
mixed,spec_govprot_reform,j_ind_lag1,0.2868891984858915,0.7014701797699097,contract_vs_mixed,0.1099751397569807,raw,,0
mixed,spec_govprot_reform,j_ind_lag1,0.2868891984858915,0.7014701797699097,mixed_vs_contract,-0.1099751397569807,reversed,,0
mixed,spec_govprot_reform,j_ind_lag1,0.2180965635737029,0.0867080179188267,expand_vs_mixed,0.3736047739259227,raw,*,+*
mixed,spec_govprot_reform,j_ind_lag1,0.2180965635737029,0.0867080179188267,mixed_vs_expand,-0.3736047739259227,reversed,*,-*
mixed,spec_c_attack,wdj_citizen_lag1,0.6421097368262516,0.121618263307271,contract_vs_mixed,0.993996629227119,raw,,0
mixed,spec_c_attack,wdj_citizen_lag1,0.6421097368262516,0.121618263307271,mixed_vs_contract,-0.993996629227119,reversed,,0
mixed,spec_c_attack,wdj_citizen_lag1,0.4247023738062352,0.1200821789057467,expand_vs_mixed,0.6601695817178621,raw,,0
mixed,spec_c_attack,wdj_citizen_lag1,0.4247023738062352,0.1200821789057467,mixed_vs_expand,-0.6601695817178621,reversed,,0
mixed,spec_c_attack,v2jupoatck_lag1,0.1025035794206127,0.0767643333153814,contract_vs_mixed,0.1814084548281847,raw,*,+*
mixed,spec_c_attack,v2jupoatck_lag1,0.1025035794206127,0.0767643333153814,mixed_vs_contract,-0.1814084548281847,reversed,*,-*
mixed,spec_c_attack,v2jupoatck_lag1,0.094916597660359,0.7384149619192472,expand_vs_mixed,0.0316976904829714,raw,,0
mixed,spec_c_attack,v2jupoatck_lag1,0.094916597660359,0.7384149619192472,mixed_vs_expand,-0.0316976904829714,reversed,,0
mixed,spec_c_attack,v2x_polyarchy_lag1,1.3155691125690565,1.4904425466267273e-05,contract_vs_mixed,-5.696540740162546,raw,***,-***
mixed,spec_c_attack,v2x_polyarchy_lag1,1.3155691125690565,1.4904425466267273e-05,mixed_vs_contract,5.696540740162546,reversed,***,+***
mixed,spec_c_attack,v2x_polyarchy_lag1,0.9113110919078796,0.0134616566030979,expand_vs_mixed,-2.252138264871132,raw,**,-**
mixed,spec_c_attack,v2x_polyarchy_lag1,0.9113110919078796,0.0134616566030979,mixed_vs_expand,2.252138264871132,reversed,**,+**
mixed,spec_c_attack,v2jureview_lag1,0.3360206902938977,0.434358286038084,contract_vs_mixed,-0.2626860180796451,raw,,0
mixed,spec_c_attack,v2jureview_lag1,0.3360206902938977,0.434358286038084,mixed_vs_contract,0.2626860180796451,reversed,,0
mixed,spec_c_attack,v2jureview_lag1,0.3631234270242389,0.1718241740067252,expand_vs_mixed,0.4961594360459507,raw,,0
mixed,spec_c_attack,v2jureview_lag1,0.3631234270242389,0.1718241740067252,mixed_vs_expand,-0.4961594360459507,reversed,,0
mixed,spec_c_attack,legal_common,0.4890898225575822,0.1448543049818527,contract_vs_mixed,0.7130685428991186,raw,,0
mixed,spec_c_attack,legal_common,0.4890898225575822,0.1448543049818527,mixed_vs_contract,-0.7130685428991186,reversed,,0
mixed,spec_c_attack,legal_common,0.3801802163820242,0.0031777556882911,expand_vs_mixed,-1.1215310323646686,raw,***,-***
mixed,spec_c_attack,legal_common,0.3801802163820242,0.0031777556882911,mixed_vs_expand,1.1215310323646686,reversed,***,+***
mixed,spec_c_attack,legal_civil,0.4046365363560186,0.881109182000778,contract_vs_mixed,0.0605187668469298,raw,,0
mixed,spec_c_attack,legal_civil,0.4046365363560186,0.881109182000778,mixed_vs_contract,-0.0605187668469298,reversed,,0
mixed,spec_c_attack,legal_civil,0.3228188825323502,0.322441522324298,expand_vs_mixed,-0.3194141329896344,raw,,0
mixed,spec_c_attack,legal_civil,0.3228188825323502,0.322441522324298,mixed_vs_expand,0.3194141329896344,reversed,,0
mixed,spec_c_attack,high_court,0.279329191293812,0.0351124309778134,contract_vs_mixed,-0.5885631983408027,raw,**,-**
mixed,spec_c_attack,high_court,0.279329191293812,0.0351124309778134,mixed_vs_contract,0.5885631983408027,reversed,**,+**
mixed,spec_c_attack,high_court,0.1523662981461646,0.8176150395579564,expand_vs_mixed,-0.0351377329940753,raw,,0
mixed,spec_c_attack,high_court,0.1523662981461646,0.8176150395579564,mixed_vs_expand,0.0351377329940753,reversed,,0
mixed,spec_c_attack,j_ind_lag1,0.2431358847510369,0.3160546717616314,contract_vs_mixed,0.243767647194293,raw,,0
mixed,spec_c_attack,j_ind_lag1,0.2431358847510369,0.3160546717616314,mixed_vs_contract,-0.243767647194293,reversed,,0
mixed,spec_c_attack,j_ind_lag1,0.1899033516626404,0.0392107574402492,expand_vs_mixed,0.3915746845301777,raw,**,+**
mixed,spec_c_attack,j_ind_lag1,0.1899033516626404,0.0392107574402492,mixed_vs_expand,-0.3915746845301777,reversed,**,-**
mixed,spec_im_attack,wdj_intermediaries_lag1,0.9546369229454564,0.6784006336911321,contract_vs_mixed,0.3958369485238822,raw,,0
mixed,spec_im_attack,wdj_intermediaries_lag1,0.9546369229454564,0.6784006336911321,mixed_vs_contract,-0.3958369485238822,reversed,,0
mixed,spec_im_attack,wdj_intermediaries_lag1,0.5484703390439934,0.4191292496330253,expand_vs_mixed,-0.4431271943473688,raw,,0
mixed,spec_im_attack,wdj_intermediaries_lag1,0.5484703390439934,0.4191292496330253,mixed_vs_expand,0.4431271943473688,reversed,,0
mixed,spec_im_attack,v2jupoatck_lag1,0.1097262450048138,0.1134608967903192,contract_vs_mixed,0.1736776651919065,raw,,0
mixed,spec_im_attack,v2jupoatck_lag1,0.1097262450048138,0.1134608967903192,mixed_vs_contract,-0.1736776651919065,reversed,,0
mixed,spec_im_attack,v2jupoatck_lag1,0.1019400718245315,0.8038600728493678,expand_vs_mixed,0.0253172837058648,raw,,0
mixed,spec_im_attack,v2jupoatck_lag1,0.1019400718245315,0.8038600728493678,mixed_vs_expand,-0.0253172837058648,reversed,,0
mixed,spec_im_attack,v2x_polyarchy_lag1,1.3783710144700907,4.354026906866772e-05,contract_vs_mixed,-5.634564267949044,raw,***,-***
mixed,spec_im_attack,v2x_polyarchy_lag1,1.3783710144700907,4.354026906866772e-05,mixed_vs_contract,5.634564267949044,reversed,***,+***
mixed,spec_im_attack,v2x_polyarchy_lag1,0.9179092467278444,0.0219487727101751,expand_vs_mixed,-2.103162513913417,raw,**,-**
mixed,spec_im_attack,v2x_polyarchy_lag1,0.9179092467278444,0.0219487727101751,mixed_vs_expand,2.103162513913417,reversed,**,+**
mixed,spec_im_attack,v2jureview_lag1,0.3579949476066062,0.4179493050877136,contract_vs_mixed,-0.2899702210757588,raw,,0
mixed,spec_im_attack,v2jureview_lag1,0.3579949476066062,0.4179493050877136,mixed_vs_contract,0.2899702210757588,reversed,,0
mixed,spec_im_attack,v2jureview_lag1,0.3604120442314679,0.1799540870106193,expand_vs_mixed,0.4832752173024693,raw,,0
mixed,spec_im_attack,v2jureview_lag1,0.3604120442314679,0.1799540870106193,mixed_vs_expand,-0.4832752173024693,reversed,,0
mixed,spec_im_attack,legal_common,0.50075742470121,0.1762144443647459,contract_vs_mixed,0.6772759432518538,raw,,0
mixed,spec_im_attack,legal_common,0.50075742470121,0.1762144443647459,mixed_vs_contract,-0.6772759432518538,reversed,,0
mixed,spec_im_attack,legal_common,0.3793069282928881,0.0013207729970717,expand_vs_mixed,-1.218116694510639,raw,***,-***
mixed,spec_im_attack,legal_common,0.3793069282928881,0.0013207729970717,mixed_vs_expand,1.218116694510639,reversed,***,+***
mixed,spec_im_attack,legal_civil,0.4665368935193542,0.5393885575648603,contract_vs_mixed,0.2863313604552793,raw,,0
mixed,spec_im_attack,legal_civil,0.4665368935193542,0.5393885575648603,mixed_vs_contract,-0.2863313604552793,reversed,,0
mixed,spec_im_attack,legal_civil,0.3520100020673247,0.9732101888531248,expand_vs_mixed,-0.0118213266843544,raw,,0
mixed,spec_im_attack,legal_civil,0.3520100020673247,0.9732101888531248,mixed_vs_expand,0.0118213266843544,reversed,,0
mixed,spec_im_attack,high_court,0.2884271247977471,0.0451175695539677,contract_vs_mixed,-0.5778800944691771,raw,**,-**
mixed,spec_im_attack,high_court,0.2884271247977471,0.0451175695539677,mixed_vs_contract,0.5778800944691771,reversed,**,+**
mixed,spec_im_attack,high_court,0.1601918118727769,0.8277508420980138,expand_vs_mixed,-0.0348556706174049,raw,,0
mixed,spec_im_attack,high_court,0.1601918118727769,0.8277508420980138,mixed_vs_expand,0.0348556706174049,reversed,,0
mixed,spec_im_attack,j_ind_lag1,0.2527512282054509,0.3581853063290163,contract_vs_mixed,0.2322350205733032,raw,,0
mixed,spec_im_attack,j_ind_lag1,0.2527512282054509,0.3581853063290163,mixed_vs_contract,-0.2322350205733032,reversed,,0
mixed,spec_im_attack,j_ind_lag1,0.1949597434543301,0.0583061028447169,expand_vs_mixed,0.3691347134229512,raw,*,+*
mixed,spec_im_attack,j_ind_lag1,0.1949597434543301,0.0583061028447169,mixed_vs_expand,-0.3691347134229512,reversed,*,-*
mixed,spec_p_attack,wdj_press_lag1,0.6365724729030641,0.0113309319991316,contract_vs_mixed,1.6120075878299198,raw,**,+**
mixed,spec_p_attack,wdj_press_lag1,0.6365724729030641,0.0113309319991316,mixed_vs_contract,-1.6120075878299198,reversed,**,-**
mixed,spec_p_attack,wdj_press_lag1,0.3790309294033172,0.0062370292431979,expand_vs_mixed,1.0366695612951953,raw,***,+***
mixed,spec_p_attack,wdj_press_lag1,0.3790309294033172,0.0062370292431979,mixed_vs_expand,-1.0366695612951953,reversed,***,-***
mixed,spec_p_attack,v2jupoatck_lag1,0.1024850256048785,0.0993462019914701,contract_vs_mixed,0.1688985531655551,raw,*,+*
mixed,spec_p_attack,v2jupoatck_lag1,0.1024850256048785,0.0993462019914701,mixed_vs_contract,-0.1688985531655551,reversed,*,-*
mixed,spec_p_attack,v2jupoatck_lag1,0.0938680242428438,0.8069517111472331,expand_vs_mixed,0.0229376276258345,raw,,0
mixed,spec_p_attack,v2jupoatck_lag1,0.0938680242428438,0.8069517111472331,mixed_vs_expand,-0.0229376276258345,reversed,,0
mixed,spec_p_attack,v2x_polyarchy_lag1,1.3244215765531822,6.001722969008246e-06,contract_vs_mixed,-5.994767280374809,raw,***,-***
mixed,spec_p_attack,v2x_polyarchy_lag1,1.3244215765531822,6.001722969008246e-06,mixed_vs_contract,5.994767280374809,reversed,***,+***
mixed,spec_p_attack,v2x_polyarchy_lag1,0.8569403052784489,0.0045174012810521,expand_vs_mixed,-2.433344219913946,raw,***,-***
mixed,spec_p_attack,v2x_polyarchy_lag1,0.8569403052784489,0.0045174012810521,mixed_vs_expand,2.433344219913946,reversed,***,+***
mixed,spec_p_attack,v2jureview_lag1,0.3876711115527136,0.356110779020482,contract_vs_mixed,-0.3577433939799966,raw,,0
mixed,spec_p_attack,v2jureview_lag1,0.3876711115527136,0.356110779020482,mixed_vs_contract,0.3577433939799966,reversed,,0
mixed,spec_p_attack,v2jureview_lag1,0.3638376049057881,0.2040448521532356,expand_vs_mixed,0.462114391148251,raw,,0
mixed,spec_p_attack,v2jureview_lag1,0.3638376049057881,0.2040448521532356,mixed_vs_expand,-0.462114391148251,reversed,,0
mixed,spec_p_attack,legal_common,0.4645716254444584,0.0674844937110514,contract_vs_mixed,0.849438396857077,raw,*,+*
mixed,spec_p_attack,legal_common,0.4645716254444584,0.0674844937110514,mixed_vs_contract,-0.849438396857077,reversed,*,-*
mixed,spec_p_attack,legal_common,0.3745276015152114,0.0053415046527282,expand_vs_mixed,-1.0433152484040868,raw,***,-***
mixed,spec_p_attack,legal_common,0.3745276015152114,0.0053415046527282,mixed_vs_expand,1.0433152484040868,reversed,***,+***
mixed,spec_p_attack,legal_civil,0.4118624591627707,0.8528249556547332,contract_vs_mixed,0.0764067484054036,raw,,0
mixed,spec_p_attack,legal_civil,0.4118624591627707,0.8528249556547332,mixed_vs_contract,-0.0764067484054036,reversed,,0
mixed,spec_p_attack,legal_civil,0.3059865182233179,0.3235599066648936,expand_vs_mixed,-0.3020603362752868,raw,,0
mixed,spec_p_attack,legal_civil,0.3059865182233179,0.3235599066648936,mixed_vs_expand,0.3020603362752868,reversed,,0
mixed,spec_p_attack,high_court,0.2842782847004379,0.0347345049984391,contract_vs_mixed,-0.6002365579938509,raw,**,-**
mixed,spec_p_attack,high_court,0.2842782847004379,0.0347345049984391,mixed_vs_contract,0.6002365579938509,reversed,**,+**
mixed,spec_p_attack,high_court,0.1520335461222474,0.8036384355523444,expand_vs_mixed,-0.0378017838000155,raw,,0
mixed,spec_p_attack,high_court,0.1520335461222474,0.8036384355523444,mixed_vs_expand,0.0378017838000155,reversed,,0
mixed,spec_p_attack,j_ind_lag1,0.2420331171659015,0.3418565745318664,contract_vs_mixed,0.2300532781853131,raw,,0
mixed,spec_p_attack,j_ind_lag1,0.2420331171659015,0.3418565745318664,mixed_vs_contract,-0.2300532781853131,reversed,,0
mixed,spec_p_attack,j_ind_lag1,0.1766750995873787,0.0347878686403697,expand_vs_mixed,0.3729291647015523,raw,**,+**
mixed,spec_p_attack,j_ind_lag1,0.1766750995873787,0.0347878686403697,mixed_vs_expand,-0.3729291647015523,reversed,**,-**
mixed,spec_govprot_attack,wdj_govprot_lag1,0.3219210801951899,0.1865111887482319,contract_vs_mixed,0.4252482618034294,raw,,0
mixed,spec_govprot_attack,wdj_govprot_lag1,0.3219210801951899,0.1865111887482319,mixed_vs_contract,-0.4252482618034294,reversed,,0
mixed,spec_govprot_attack,wdj_govprot_lag1,0.2543548664582697,0.6820661369998267,expand_vs_mixed,0.1041952840260031,raw,,0
mixed,spec_govprot_attack,wdj_govprot_lag1,0.2543548664582697,0.6820661369998267,mixed_vs_expand,-0.1041952840260031,reversed,,0
mixed,spec_govprot_attack,v2jupoatck_lag1,0.1252746100852167,0.0447240776150907,contract_vs_mixed,0.2514562516351589,raw,**,+**
mixed,spec_govprot_attack,v2jupoatck_lag1,0.1252746100852167,0.0447240776150907,mixed_vs_contract,-0.2514562516351589,reversed,**,-**
mixed,spec_govprot_attack,v2jupoatck_lag1,0.1018697599345608,0.5879884818763186,expand_vs_mixed,0.0551882763355814,raw,,0
mixed,spec_govprot_attack,v2jupoatck_lag1,0.1018697599345608,0.5879884818763186,mixed_vs_expand,-0.0551882763355814,reversed,,0
mixed,spec_govprot_attack,v2x_polyarchy_lag1,1.3010052183143843,2.475670048011241e-05,contract_vs_mixed,-5.486347268848544,raw,***,-***
mixed,spec_govprot_attack,v2x_polyarchy_lag1,1.3010052183143843,2.475670048011241e-05,mixed_vs_contract,5.486347268848544,reversed,***,+***
mixed,spec_govprot_attack,v2x_polyarchy_lag1,0.912993008252823,0.0208479781965315,expand_vs_mixed,-2.109676945958753,raw,**,-**
mixed,spec_govprot_attack,v2x_polyarchy_lag1,0.912993008252823,0.0208479781965315,mixed_vs_expand,2.109676945958753,reversed,**,+**
mixed,spec_govprot_attack,v2jureview_lag1,0.3708073198340937,0.4377287515250623,contract_vs_mixed,-0.2877591878029575,raw,,0
mixed,spec_govprot_attack,v2jureview_lag1,0.3708073198340937,0.4377287515250623,mixed_vs_contract,0.2877591878029575,reversed,,0
mixed,spec_govprot_attack,v2jureview_lag1,0.352361384568175,0.1640975717307583,expand_vs_mixed,0.4902832957530144,raw,,0
mixed,spec_govprot_attack,v2jureview_lag1,0.352361384568175,0.1640975717307583,mixed_vs_expand,-0.4902832957530144,reversed,,0
mixed,spec_govprot_attack,legal_common,0.4856903189478835,0.2644608795284026,contract_vs_mixed,0.5419864357540366,raw,,0
mixed,spec_govprot_attack,legal_common,0.4856903189478835,0.2644608795284026,mixed_vs_contract,-0.5419864357540366,reversed,,0
mixed,spec_govprot_attack,legal_common,0.3757051994762713,0.0015679087547981,expand_vs_mixed,-1.1879091233591446,raw,***,-***
mixed,spec_govprot_attack,legal_common,0.3757051994762713,0.0015679087547981,mixed_vs_expand,1.1879091233591446,reversed,***,+***
mixed,spec_govprot_attack,legal_civil,0.4287539440432333,0.6076811297266835,contract_vs_mixed,0.2201163992336758,raw,,0
mixed,spec_govprot_attack,legal_civil,0.4287539440432333,0.6076811297266835,mixed_vs_contract,-0.2201163992336758,reversed,,0
mixed,spec_govprot_attack,legal_civil,0.3695740906425164,0.6470948592830184,expand_vs_mixed,-0.1691916752968279,raw,,0
mixed,spec_govprot_attack,legal_civil,0.3695740906425164,0.6470948592830184,mixed_vs_expand,0.1691916752968279,reversed,,0
mixed,spec_govprot_attack,high_court,0.272270060779739,0.0526151437715735,contract_vs_mixed,-0.5276774081405929,raw,*,-*
mixed,spec_govprot_attack,high_court,0.272270060779739,0.0526151437715735,mixed_vs_contract,0.5276774081405929,reversed,*,+*
mixed,spec_govprot_attack,high_court,0.1622296923455632,0.911633909005896,expand_vs_mixed,-0.0180039029435993,raw,,0
mixed,spec_govprot_attack,high_court,0.1622296923455632,0.911633909005896,mixed_vs_expand,0.0180039029435993,reversed,,0
mixed,spec_govprot_attack,j_ind_lag1,0.2724849146555448,0.5916859270096224,contract_vs_mixed,0.1461594114314059,raw,,0
mixed,spec_govprot_attack,j_ind_lag1,0.2724849146555448,0.5916859270096224,mixed_vs_contract,-0.1461594114314059,reversed,,0
mixed,spec_govprot_attack,j_ind_lag1,0.2138767102390076,0.1080264106633655,expand_vs_mixed,0.343727134057455,raw,,0
mixed,spec_govprot_attack,j_ind_lag1,0.2138767102390076,0.1080264106633655,mixed_vs_expand,-0.343727134057455,reversed,,0
mixed,spec_c_reform_decision,wdj_citizen_lag1,0.6345360294473114,0.2093148587554731,contract_vs_mixed,0.7966292889894043,raw,,0
mixed,spec_c_reform_decision,wdj_citizen_lag1,0.6345360294473114,0.2093148587554731,mixed_vs_contract,-0.7966292889894043,reversed,,0
mixed,spec_c_reform_decision,wdj_citizen_lag1,0.3823630997816214,0.1242546470831425,expand_vs_mixed,0.5877524594954474,raw,,0
mixed,spec_c_reform_decision,wdj_citizen_lag1,0.3823630997816214,0.1242546470831425,mixed_vs_expand,-0.5877524594954474,reversed,,0
mixed,spec_c_reform_decision,v2jureform_lag1,0.2495709405244839,0.6082395368585178,contract_vs_mixed,0.1279270736179801,raw,,0
mixed,spec_c_reform_decision,v2jureform_lag1,0.2495709405244839,0.6082395368585178,mixed_vs_contract,-0.1279270736179801,reversed,,0
mixed,spec_c_reform_decision,v2jureform_lag1,0.1856076332310418,0.3022570720168889,expand_vs_mixed,-0.1914738120346333,raw,,0
mixed,spec_c_reform_decision,v2jureform_lag1,0.1856076332310418,0.3022570720168889,mixed_vs_expand,0.1914738120346333,reversed,,0
mixed,spec_c_reform_decision,v2x_polyarchy_lag1,1.2923841429889276,5.7503777527207774e-05,contract_vs_mixed,-5.199037601032264,raw,***,-***
mixed,spec_c_reform_decision,v2x_polyarchy_lag1,1.2923841429889276,5.7503777527207774e-05,mixed_vs_contract,5.199037601032264,reversed,***,+***
mixed,spec_c_reform_decision,v2x_polyarchy_lag1,0.7907206472278279,0.0145992569303975,expand_vs_mixed,-1.9310744999677536,raw,**,-**
mixed,spec_c_reform_decision,v2x_polyarchy_lag1,0.7907206472278279,0.0145992569303975,mixed_vs_expand,1.9310744999677536,reversed,**,+**
mixed,spec_c_reform_decision,v2jureview_lag1,0.342341148621311,0.3256520776577388,contract_vs_mixed,-0.3364903005575289,raw,,0
mixed,spec_c_reform_decision,v2jureview_lag1,0.342341148621311,0.3256520776577388,mixed_vs_contract,0.3364903005575289,reversed,,0
mixed,spec_c_reform_decision,v2jureview_lag1,0.3574400716680541,0.4386825968072775,expand_vs_mixed,0.2768086576992213,raw,,0
mixed,spec_c_reform_decision,v2jureview_lag1,0.3574400716680541,0.4386825968072775,mixed_vs_expand,-0.2768086576992213,reversed,,0
mixed,spec_c_reform_decision,legal_common,0.5175753545451833,0.149067756432878,contract_vs_mixed,0.7467743684099863,raw,,0
mixed,spec_c_reform_decision,legal_common,0.5175753545451833,0.149067756432878,mixed_vs_contract,-0.7467743684099863,reversed,,0
mixed,spec_c_reform_decision,legal_common,0.4342721158303569,0.0141963250699888,expand_vs_mixed,-1.064946811530088,raw,**,-**
mixed,spec_c_reform_decision,legal_common,0.4342721158303569,0.0141963250699888,mixed_vs_expand,1.064946811530088,reversed,**,+**
mixed,spec_c_reform_decision,legal_civil,0.4433849922767455,0.8154218105643366,contract_vs_mixed,-0.1035026190574621,raw,,0
mixed,spec_c_reform_decision,legal_civil,0.4433849922767455,0.8154218105643366,mixed_vs_contract,0.1035026190574621,reversed,,0
mixed,spec_c_reform_decision,legal_civil,0.2911639073215648,0.1191017167661687,expand_vs_mixed,-0.4537949931439798,raw,,0
mixed,spec_c_reform_decision,legal_civil,0.2911639073215648,0.1191017167661687,mixed_vs_expand,0.4537949931439798,reversed,,0
mixed,spec_c_reform_decision,high_court,0.3132828776007755,0.1226930926838222,contract_vs_mixed,-0.4835733337443626,raw,,0
mixed,spec_c_reform_decision,high_court,0.3132828776007755,0.1226930926838222,mixed_vs_contract,0.4835733337443626,reversed,,0
mixed,spec_c_reform_decision,high_court,0.156531534007413,0.4924073386049969,expand_vs_mixed,-0.107456545520361,raw,,0
mixed,spec_c_reform_decision,high_court,0.156531534007413,0.4924073386049969,mixed_vs_expand,0.107456545520361,reversed,,0
mixed,spec_c_reform_decision,j_ind_lag1,0.2325042882262452,0.4312956360569449,contract_vs_mixed,0.1829754057845631,raw,,0
mixed,spec_c_reform_decision,j_ind_lag1,0.2325042882262452,0.4312956360569449,mixed_vs_contract,-0.1829754057845631,reversed,,0
mixed,spec_c_reform_decision,j_ind_lag1,0.1752504053403388,0.0164008603529475,expand_vs_mixed,0.4205783271009787,raw,**,+**
mixed,spec_c_reform_decision,j_ind_lag1,0.1752504053403388,0.0164008603529475,mixed_vs_expand,-0.4205783271009787,reversed,**,-**
mixed,spec_im_reform_decision,wdj_intermediaries_lag1,0.9356316712592904,0.8623437413360713,contract_vs_mixed,0.1622305367820355,raw,,0
mixed,spec_im_reform_decision,wdj_intermediaries_lag1,0.9356316712592904,0.8623437413360713,mixed_vs_contract,-0.1622305367820355,reversed,,0
mixed,spec_im_reform_decision,wdj_intermediaries_lag1,0.5442380437927321,0.2520548370893447,expand_vs_mixed,-0.6233553517461681,raw,,0
mixed,spec_im_reform_decision,wdj_intermediaries_lag1,0.5442380437927321,0.2520548370893447,mixed_vs_expand,0.6233553517461681,reversed,,0
mixed,spec_im_reform_decision,v2jureform_lag1,0.2614494937082032,0.6213217502671704,contract_vs_mixed,0.1291502855789984,raw,,0
mixed,spec_im_reform_decision,v2jureform_lag1,0.2614494937082032,0.6213217502671704,mixed_vs_contract,-0.1291502855789984,reversed,,0
mixed,spec_im_reform_decision,v2jureform_lag1,0.1951040053605531,0.3347304324715398,expand_vs_mixed,-0.18820307357783,raw,,0
mixed,spec_im_reform_decision,v2jureform_lag1,0.1951040053605531,0.3347304324715398,mixed_vs_expand,0.18820307357783,reversed,,0
mixed,spec_im_reform_decision,v2x_polyarchy_lag1,1.341744833258611,0.0001154895236448,contract_vs_mixed,-5.173108023653948,raw,***,-***
mixed,spec_im_reform_decision,v2x_polyarchy_lag1,1.341744833258611,0.0001154895236448,mixed_vs_contract,5.173108023653948,reversed,***,+***
mixed,spec_im_reform_decision,v2x_polyarchy_lag1,0.8116496308992223,0.0246826243077865,expand_vs_mixed,-1.8232361369283987,raw,**,-**
mixed,spec_im_reform_decision,v2x_polyarchy_lag1,0.8116496308992223,0.0246826243077865,mixed_vs_expand,1.8232361369283987,reversed,**,+**
mixed,spec_im_reform_decision,v2jureview_lag1,0.3583888586396976,0.3413496907815506,contract_vs_mixed,-0.3410076542925996,raw,,0
mixed,spec_im_reform_decision,v2jureview_lag1,0.3583888586396976,0.3413496907815506,mixed_vs_contract,0.3410076542925996,reversed,,0
mixed,spec_im_reform_decision,v2jureview_lag1,0.3567780661869775,0.4466693773283688,expand_vs_mixed,0.2715007552750913,raw,,0
mixed,spec_im_reform_decision,v2jureview_lag1,0.3567780661869775,0.4466693773283688,mixed_vs_expand,-0.2715007552750913,reversed,,0
mixed,spec_im_reform_decision,legal_common,0.542808233906546,0.1963939840771503,contract_vs_mixed,0.7012504996195333,raw,,0
mixed,spec_im_reform_decision,legal_common,0.542808233906546,0.1963939840771503,mixed_vs_contract,-0.7012504996195333,reversed,,0
mixed,spec_im_reform_decision,legal_common,0.4352772742965476,0.0074775285092271,expand_vs_mixed,-1.1642768381756046,raw,***,-***
mixed,spec_im_reform_decision,legal_common,0.4352772742965476,0.0074775285092271,mixed_vs_expand,1.1642768381756046,reversed,***,+***
mixed,spec_im_reform_decision,legal_civil,0.4838147053614776,0.8213959858657873,contract_vs_mixed,0.1092210960231391,raw,,0
mixed,spec_im_reform_decision,legal_civil,0.4838147053614776,0.8213959858657873,mixed_vs_contract,-0.1092210960231391,reversed,,0
mixed,spec_im_reform_decision,legal_civil,0.3315302863487212,0.6852664775162511,expand_vs_mixed,-0.1343649528826298,raw,,0
mixed,spec_im_reform_decision,legal_civil,0.3315302863487212,0.6852664775162511,mixed_vs_expand,0.1343649528826298,reversed,,0
mixed,spec_im_reform_decision,high_court,0.3123130461918871,0.1254941569025767,contract_vs_mixed,-0.4784993786373727,raw,,0
mixed,spec_im_reform_decision,high_court,0.3123130461918871,0.1254941569025767,mixed_vs_contract,0.4784993786373727,reversed,,0
mixed,spec_im_reform_decision,high_court,0.1582004040856721,0.4735032122672336,expand_vs_mixed,-0.1133965883033406,raw,,0
mixed,spec_im_reform_decision,high_court,0.1582004040856721,0.4735032122672336,mixed_vs_expand,0.1133965883033406,reversed,,0
mixed,spec_im_reform_decision,j_ind_lag1,0.2434276464729863,0.4795237970561167,contract_vs_mixed,0.172120065162697,raw,,0
mixed,spec_im_reform_decision,j_ind_lag1,0.2434276464729863,0.4795237970561167,mixed_vs_contract,-0.172120065162697,reversed,,0
mixed,spec_im_reform_decision,j_ind_lag1,0.1770719398439071,0.0256485906152295,expand_vs_mixed,0.3951345268282793,raw,**,+**
mixed,spec_im_reform_decision,j_ind_lag1,0.1770719398439071,0.0256485906152295,mixed_vs_expand,-0.3951345268282793,reversed,**,-**
mixed,spec_p_reform_decision,wdj_press_lag1,0.4464538376229636,0.0005276631359513,contract_vs_mixed,1.547545442372197,raw,***,+***
mixed,spec_p_reform_decision,wdj_press_lag1,0.4464538376229636,0.0005276631359513,mixed_vs_contract,-1.547545442372197,reversed,***,-***
mixed,spec_p_reform_decision,wdj_press_lag1,0.3367251375233494,0.036238959443632,expand_vs_mixed,0.7051819160263946,raw,**,+**
mixed,spec_p_reform_decision,wdj_press_lag1,0.3367251375233494,0.036238959443632,mixed_vs_expand,-0.7051819160263946,reversed,**,-**
mixed,spec_p_reform_decision,v2jureform_lag1,0.2492110296003666,0.5689597645575338,contract_vs_mixed,0.141946658581374,raw,,0
mixed,spec_p_reform_decision,v2jureform_lag1,0.2492110296003666,0.5689597645575338,mixed_vs_contract,-0.141946658581374,reversed,,0
mixed,spec_p_reform_decision,v2jureform_lag1,0.1921507102987003,0.3594106397146898,expand_vs_mixed,-0.1761039516982952,raw,,0
mixed,spec_p_reform_decision,v2jureform_lag1,0.1921507102987003,0.3594106397146898,mixed_vs_expand,0.1761039516982952,reversed,,0
mixed,spec_p_reform_decision,v2x_polyarchy_lag1,1.1969757175335345,3.627556321739623e-06,contract_vs_mixed,-5.543977636227105,raw,***,-***
mixed,spec_p_reform_decision,v2x_polyarchy_lag1,1.1969757175335345,3.627556321739623e-06,mixed_vs_contract,5.543977636227105,reversed,***,+***
mixed,spec_p_reform_decision,v2x_polyarchy_lag1,0.788892221718714,0.0086874309209548,expand_vs_mixed,-2.0701443387138605,raw,***,-***
mixed,spec_p_reform_decision,v2x_polyarchy_lag1,0.788892221718714,0.0086874309209548,mixed_vs_expand,2.0701443387138605,reversed,***,+***
mixed,spec_p_reform_decision,v2jureview_lag1,0.3687796292516971,0.2914972662620883,contract_vs_mixed,-0.3890045044888636,raw,,0
mixed,spec_p_reform_decision,v2jureview_lag1,0.3687796292516971,0.2914972662620883,mixed_vs_contract,0.3890045044888636,reversed,,0
mixed,spec_p_reform_decision,v2jureview_lag1,0.3520318510769382,0.4500940223227001,expand_vs_mixed,0.2658749724820043,raw,,0
mixed,spec_p_reform_decision,v2jureview_lag1,0.3520318510769382,0.4500940223227001,mixed_vs_expand,-0.2658749724820043,reversed,,0
mixed,spec_p_reform_decision,legal_common,0.5089639409035793,0.087440902552485,contract_vs_mixed,0.8698469819359171,raw,*,+*
mixed,spec_p_reform_decision,legal_common,0.5089639409035793,0.087440902552485,mixed_vs_contract,-0.8698469819359171,reversed,*,-*
mixed,spec_p_reform_decision,legal_common,0.4430198685160494,0.020474096352461,expand_vs_mixed,-1.0267182038643674,raw,**,-**
mixed,spec_p_reform_decision,legal_common,0.4430198685160494,0.020474096352461,mixed_vs_expand,1.0267182038643674,reversed,**,+**
mixed,spec_p_reform_decision,legal_civil,0.4431599693693222,0.8773846083312705,contract_vs_mixed,-0.0683731694916998,raw,,0
mixed,spec_p_reform_decision,legal_civil,0.4431599693693222,0.8773846083312705,mixed_vs_contract,0.0683731694916998,reversed,,0
mixed,spec_p_reform_decision,legal_civil,0.3069008941790559,0.2139480221294698,expand_vs_mixed,-0.3814110362231037,raw,,0
mixed,spec_p_reform_decision,legal_civil,0.3069008941790559,0.2139480221294698,mixed_vs_expand,0.3814110362231037,reversed,,0
mixed,spec_p_reform_decision,high_court,0.3121528089857006,0.1150639186712804,contract_vs_mixed,-0.4919012070978267,raw,,0
mixed,spec_p_reform_decision,high_court,0.3121528089857006,0.1150639186712804,mixed_vs_contract,0.4919012070978267,reversed,,0
mixed,spec_p_reform_decision,high_court,0.1567247705338443,0.4822358030335359,expand_vs_mixed,-0.1101322373450162,raw,,0
mixed,spec_p_reform_decision,high_court,0.1567247705338443,0.4822358030335359,mixed_vs_expand,0.1101322373450162,reversed,,0
mixed,spec_p_reform_decision,j_ind_lag1,0.2270817773511496,0.4276455706966866,contract_vs_mixed,0.1801274003889833,raw,,0
mixed,spec_p_reform_decision,j_ind_lag1,0.2270817773511496,0.4276455706966866,mixed_vs_contract,-0.1801274003889833,reversed,,0
mixed,spec_p_reform_decision,j_ind_lag1,0.1714257969727322,0.0179851516882157,expand_vs_mixed,0.4055803518861418,raw,**,+**
mixed,spec_p_reform_decision,j_ind_lag1,0.1714257969727322,0.0179851516882157,mixed_vs_expand,-0.4055803518861418,reversed,**,-**
mixed,spec_govprot_reform_decision,wdj_govprot_lag1,0.3181617205661038,0.575761392753989,contract_vs_mixed,0.1780390607542512,raw,,0
mixed,spec_govprot_reform_decision,wdj_govprot_lag1,0.3181617205661038,0.575761392753989,mixed_vs_contract,-0.1780390607542512,reversed,,0
mixed,spec_govprot_reform_decision,wdj_govprot_lag1,0.2101913075442398,0.8161961009842962,expand_vs_mixed,0.0488569170650777,raw,,0
mixed,spec_govprot_reform_decision,wdj_govprot_lag1,0.2101913075442398,0.8161961009842962,mixed_vs_expand,-0.0488569170650777,reversed,,0
mixed,spec_govprot_reform_decision,v2jureform_lag1,0.2589133724463639,0.6036583149992647,contract_vs_mixed,0.1344140709062582,raw,,0
mixed,spec_govprot_reform_decision,v2jureform_lag1,0.2589133724463639,0.6036583149992647,mixed_vs_contract,-0.1344140709062582,reversed,,0
mixed,spec_govprot_reform_decision,v2jureform_lag1,0.1973469683072311,0.337984200734271,expand_vs_mixed,-0.1890891425981189,raw,,0
mixed,spec_govprot_reform_decision,v2jureform_lag1,0.1973469683072311,0.337984200734271,mixed_vs_expand,0.1890891425981189,reversed,,0
mixed,spec_govprot_reform_decision,v2x_polyarchy_lag1,1.4103704102533334,0.0004469849107147,contract_vs_mixed,-4.951340048716714,raw,***,-***
mixed,spec_govprot_reform_decision,v2x_polyarchy_lag1,1.4103704102533334,0.0004469849107147,mixed_vs_contract,4.951340048716714,reversed,***,+***
mixed,spec_govprot_reform_decision,v2x_polyarchy_lag1,0.8872628745682156,0.0440464413836949,expand_vs_mixed,-1.7866356340564284,raw,**,-**
mixed,spec_govprot_reform_decision,v2x_polyarchy_lag1,0.8872628745682156,0.0440464413836949,mixed_vs_expand,1.7866356340564284,reversed,**,+**
mixed,spec_govprot_reform_decision,v2jureview_lag1,0.3659670738364649,0.3134316961084151,contract_vs_mixed,-0.368912165918643,raw,,0
mixed,spec_govprot_reform_decision,v2jureview_lag1,0.3659670738364649,0.3134316961084151,mixed_vs_contract,0.368912165918643,reversed,,0
mixed,spec_govprot_reform_decision,v2jureview_lag1,0.3515641070692761,0.4467640963609363,expand_vs_mixed,0.2674772926219605,raw,,0
mixed,spec_govprot_reform_decision,v2jureview_lag1,0.3515641070692761,0.4467640963609363,mixed_vs_expand,-0.2674772926219605,reversed,,0
mixed,spec_govprot_reform_decision,legal_common,0.5329429083289374,0.2185652594066169,contract_vs_mixed,0.6557074589241095,raw,,0
mixed,spec_govprot_reform_decision,legal_common,0.5329429083289374,0.2185652594066169,mixed_vs_contract,-0.6557074589241095,reversed,,0
mixed,spec_govprot_reform_decision,legal_common,0.4406106731134677,0.0119090306785136,expand_vs_mixed,-1.1080602680046805,raw,**,-**
mixed,spec_govprot_reform_decision,legal_common,0.4406106731134677,0.0119090306785136,mixed_vs_expand,1.1080602680046805,reversed,**,+**
mixed,spec_govprot_reform_decision,legal_civil,0.455769199732269,0.9420561876872444,contract_vs_mixed,0.0331279265204607,raw,,0
mixed,spec_govprot_reform_decision,legal_civil,0.455769199732269,0.9420561876872444,mixed_vs_contract,-0.0331279265204607,reversed,,0
mixed,spec_govprot_reform_decision,legal_civil,0.2932949175471287,0.2833541614405462,expand_vs_mixed,-0.314651165960395,raw,,0
mixed,spec_govprot_reform_decision,legal_civil,0.2932949175471287,0.2833541614405462,mixed_vs_expand,0.314651165960395,reversed,,0
mixed,spec_govprot_reform_decision,high_court,0.3001378387869915,0.129745344045192,contract_vs_mixed,-0.4547408992771466,raw,,0
mixed,spec_govprot_reform_decision,high_court,0.3001378387869915,0.129745344045192,mixed_vs_contract,0.4547408992771466,reversed,,0
mixed,spec_govprot_reform_decision,high_court,0.1478929976514308,0.5210388638026391,expand_vs_mixed,-0.0949095694839074,raw,,0
mixed,spec_govprot_reform_decision,high_court,0.1478929976514308,0.5210388638026391,mixed_vs_expand,0.0949095694839074,reversed,,0
mixed,spec_govprot_reform_decision,j_ind_lag1,0.2684211908944885,0.6510623503507128,contract_vs_mixed,0.1214033740275124,raw,,0
mixed,spec_govprot_reform_decision,j_ind_lag1,0.2684211908944885,0.6510623503507128,mixed_vs_contract,-0.1214033740275124,reversed,,0
mixed,spec_govprot_reform_decision,j_ind_lag1,0.1950804531345923,0.0482492016993078,expand_vs_mixed,0.3853164696018755,raw,**,+**
mixed,spec_govprot_reform_decision,j_ind_lag1,0.1950804531345923,0.0482492016993078,mixed_vs_expand,-0.3853164696018755,reversed,**,-**
mixed,spec_c_pack_decision,wdj_citizen_lag1,0.6197274609751958,0.2406917366118207,contract_vs_mixed,0.7271011641823943,raw,,0
mixed,spec_c_pack_decision,wdj_citizen_lag1,0.6197274609751958,0.2406917366118207,mixed_vs_contract,-0.7271011641823943,reversed,,0
mixed,spec_c_pack_decision,wdj_citizen_lag1,0.3651685652553713,0.1678600336869401,expand_vs_mixed,0.5036085764489752,raw,,0
mixed,spec_c_pack_decision,wdj_citizen_lag1,0.3651685652553713,0.1678600336869401,mixed_vs_expand,-0.5036085764489752,reversed,,0
mixed,spec_c_pack_decision,v2jupack_lag1,0.2578756647862167,0.067928525817818,contract_vs_mixed,0.4707470409144813,raw,*,+*
mixed,spec_c_pack_decision,v2jupack_lag1,0.2578756647862167,0.067928525817818,mixed_vs_contract,-0.4707470409144813,reversed,*,-*
mixed,spec_c_pack_decision,v2jupack_lag1,0.2325002485236896,0.2815400952716079,expand_vs_mixed,0.2503716330541212,raw,,0
mixed,spec_c_pack_decision,v2jupack_lag1,0.2325002485236896,0.2815400952716079,mixed_vs_expand,-0.2503716330541212,reversed,,0
mixed,spec_c_pack_decision,v2x_polyarchy_lag1,1.7700152875843846,0.0001101630997203,contract_vs_mixed,-6.844724873065056,raw,***,-***
mixed,spec_c_pack_decision,v2x_polyarchy_lag1,1.7700152875843846,0.0001101630997203,mixed_vs_contract,6.844724873065056,reversed,***,+***
mixed,spec_c_pack_decision,v2x_polyarchy_lag1,1.2744095450039217,0.0092661051425655,expand_vs_mixed,-3.3161117357657086,raw,***,-***
mixed,spec_c_pack_decision,v2x_polyarchy_lag1,1.2744095450039217,0.0092661051425655,mixed_vs_expand,3.3161117357657086,reversed,***,+***
mixed,spec_c_pack_decision,v2jureview_lag1,0.3511474862516577,0.2588333324940129,contract_vs_mixed,-0.3964992076711761,raw,,0
mixed,spec_c_pack_decision,v2jureview_lag1,0.3511474862516577,0.2588333324940129,mixed_vs_contract,0.3964992076711761,reversed,,0
mixed,spec_c_pack_decision,v2jureview_lag1,0.3548879982131425,0.4004660697748611,expand_vs_mixed,0.2983859763204367,raw,,0
mixed,spec_c_pack_decision,v2jureview_lag1,0.3548879982131425,0.4004660697748611,mixed_vs_expand,-0.2983859763204367,reversed,,0
mixed,spec_c_pack_decision,legal_common,0.4955629402629906,0.2500010387870747,contract_vs_mixed,0.570069270904982,raw,,0
mixed,spec_c_pack_decision,legal_common,0.4955629402629906,0.2500010387870747,mixed_vs_contract,-0.570069270904982,reversed,,0
mixed,spec_c_pack_decision,legal_common,0.3860174923193386,0.0214135639629688,expand_vs_mixed,-0.8880765308484299,raw,**,-**
mixed,spec_c_pack_decision,legal_common,0.3860174923193386,0.0214135639629688,mixed_vs_expand,0.8880765308484299,reversed,**,+**
mixed,spec_c_pack_decision,legal_civil,0.407607045304922,0.9957581332408044,contract_vs_mixed,0.0021670088708716,raw,,0
mixed,spec_c_pack_decision,legal_civil,0.407607045304922,0.9957581332408044,mixed_vs_contract,-0.0021670088708716,reversed,,0
mixed,spec_c_pack_decision,legal_civil,0.291000758814238,0.7105465743850149,expand_vs_mixed,-0.1079968192713519,raw,,0
mixed,spec_c_pack_decision,legal_civil,0.291000758814238,0.7105465743850149,mixed_vs_expand,0.1079968192713519,reversed,,0
mixed,spec_c_pack_decision,high_court,0.2965433945640837,0.1286220980248554,contract_vs_mixed,-0.4506148904731827,raw,,0
mixed,spec_c_pack_decision,high_court,0.2965433945640837,0.1286220980248554,mixed_vs_contract,0.4506148904731827,reversed,,0
mixed,spec_c_pack_decision,high_court,0.1438661163169358,0.7151660318649877,expand_vs_mixed,-0.0525006046352021,raw,,0
mixed,spec_c_pack_decision,high_court,0.1438661163169358,0.7151660318649877,mixed_vs_expand,0.0525006046352021,reversed,,0
mixed,spec_c_pack_decision,j_ind_lag1,0.2299845574247018,0.2961614984230682,contract_vs_mixed,0.2402649399777525,raw,,0
mixed,spec_c_pack_decision,j_ind_lag1,0.2299845574247018,0.2961614984230682,mixed_vs_contract,-0.2402649399777525,reversed,,0
mixed,spec_c_pack_decision,j_ind_lag1,0.1827755695168169,0.0306347673976298,expand_vs_mixed,0.3951214485572611,raw,**,+**
mixed,spec_c_pack_decision,j_ind_lag1,0.1827755695168169,0.0306347673976298,mixed_vs_expand,-0.3951214485572611,reversed,**,-**
mixed,spec_im_pack_decision,wdj_intermediaries_lag1,0.9364946634704616,0.9627878370297298,contract_vs_mixed,-0.0436925803841392,raw,,0
mixed,spec_im_pack_decision,wdj_intermediaries_lag1,0.9364946634704616,0.9627878370297298,mixed_vs_contract,0.0436925803841392,reversed,,0
mixed,spec_im_pack_decision,wdj_intermediaries_lag1,0.510142599503648,0.1216211702452722,expand_vs_mixed,-0.7897031304409047,raw,,0
mixed,spec_im_pack_decision,wdj_intermediaries_lag1,0.510142599503648,0.1216211702452722,mixed_vs_expand,0.7897031304409047,reversed,,0
mixed,spec_im_pack_decision,v2jupack_lag1,0.2540338731214265,0.0347262892945518,contract_vs_mixed,0.5364016022978512,raw,**,+**
mixed,spec_im_pack_decision,v2jupack_lag1,0.2540338731214265,0.0347262892945518,mixed_vs_contract,-0.5364016022978512,reversed,**,-**
mixed,spec_im_pack_decision,v2jupack_lag1,0.2168147210347144,0.1212649148630392,expand_vs_mixed,0.3359513924791641,raw,,0
mixed,spec_im_pack_decision,v2jupack_lag1,0.2168147210347144,0.1212649148630392,mixed_vs_expand,-0.3359513924791641,reversed,,0
mixed,spec_im_pack_decision,v2x_polyarchy_lag1,1.777758733878014,8.097275452025981e-05,contract_vs_mixed,-7.00704068569131,raw,***,-***
mixed,spec_im_pack_decision,v2x_polyarchy_lag1,1.777758733878014,8.097275452025981e-05,mixed_vs_contract,7.00704068569131,reversed,***,+***
mixed,spec_im_pack_decision,v2x_polyarchy_lag1,1.26643280268151,0.0060241382892738,expand_vs_mixed,-3.478212887780043,raw,***,-***
mixed,spec_im_pack_decision,v2x_polyarchy_lag1,1.26643280268151,0.0060241382892738,mixed_vs_expand,3.478212887780043,reversed,***,+***
mixed,spec_im_pack_decision,v2jureview_lag1,0.3725402726701403,0.26440583096476,contract_vs_mixed,-0.4157691340369382,raw,,0
mixed,spec_im_pack_decision,v2jureview_lag1,0.3725402726701403,0.26440583096476,mixed_vs_contract,0.4157691340369382,reversed,,0
mixed,spec_im_pack_decision,v2jureview_lag1,0.3632590760720846,0.4367388577584046,expand_vs_mixed,0.2825109169985292,raw,,0
mixed,spec_im_pack_decision,v2jureview_lag1,0.3632590760720846,0.4367388577584046,mixed_vs_expand,-0.2825109169985292,reversed,,0
mixed,spec_im_pack_decision,legal_common,0.5150888028468995,0.3098167415931655,contract_vs_mixed,0.5231276084078321,raw,,0
mixed,spec_im_pack_decision,legal_common,0.5150888028468995,0.3098167415931655,mixed_vs_contract,-0.5231276084078321,reversed,,0
mixed,spec_im_pack_decision,legal_common,0.4039475276321744,0.0142238214383266,expand_vs_mixed,-0.9903018628715216,raw,**,-**
mixed,spec_im_pack_decision,legal_common,0.4039475276321744,0.0142238214383266,mixed_vs_expand,0.9903018628715216,reversed,**,+**
mixed,spec_im_pack_decision,legal_civil,0.4609249540976766,0.5722550415894061,contract_vs_mixed,0.260299764672553,raw,,0
mixed,spec_im_pack_decision,legal_civil,0.4609249540976766,0.5722550415894061,mixed_vs_contract,-0.260299764672553,reversed,,0
mixed,spec_im_pack_decision,legal_civil,0.3441609103715382,0.4627490433606001,expand_vs_mixed,0.2527268875878979,raw,,0
mixed,spec_im_pack_decision,legal_civil,0.3441609103715382,0.4627490433606001,mixed_vs_expand,-0.2527268875878979,reversed,,0
mixed,spec_im_pack_decision,high_court,0.2944761506383307,0.1282338869360147,contract_vs_mixed,-0.4479286791904955,raw,,0
mixed,spec_im_pack_decision,high_court,0.2944761506383307,0.1282338869360147,mixed_vs_contract,0.4479286791904955,reversed,,0
mixed,spec_im_pack_decision,high_court,0.1452049610242108,0.7131241620110453,expand_vs_mixed,-0.0533865637654496,raw,,0
mixed,spec_im_pack_decision,high_court,0.1452049610242108,0.7131241620110453,mixed_vs_expand,0.0533865637654496,reversed,,0
mixed,spec_im_pack_decision,j_ind_lag1,0.2314038465819837,0.354425797372327,contract_vs_mixed,0.2142889490427584,raw,,0
mixed,spec_im_pack_decision,j_ind_lag1,0.2314038465819837,0.354425797372327,mixed_vs_contract,-0.2142889490427584,reversed,,0
mixed,spec_im_pack_decision,j_ind_lag1,0.1727498017252529,0.0377735716253879,expand_vs_mixed,0.35885373895333,raw,**,+**
mixed,spec_im_pack_decision,j_ind_lag1,0.1727498017252529,0.0377735716253879,mixed_vs_expand,-0.35885373895333,reversed,**,-**
mixed,spec_p_pack_decision,wdj_press_lag1,0.5606120121047355,0.0131855958100637,contract_vs_mixed,1.3895984027560613,raw,**,+**
mixed,spec_p_pack_decision,wdj_press_lag1,0.5606120121047355,0.0131855958100637,mixed_vs_contract,-1.3895984027560613,reversed,**,-**
mixed,spec_p_pack_decision,wdj_press_lag1,0.4168846433807872,0.1419468001730001,expand_vs_mixed,0.6122283614825832,raw,,0
mixed,spec_p_pack_decision,wdj_press_lag1,0.4168846433807872,0.1419468001730001,mixed_vs_expand,-0.6122283614825832,reversed,,0
mixed,spec_p_pack_decision,v2jupack_lag1,0.2501668937004339,0.0652114389922622,contract_vs_mixed,0.4612591835795783,raw,*,+*
mixed,spec_p_pack_decision,v2jupack_lag1,0.2501668937004339,0.0652114389922622,mixed_vs_contract,-0.4612591835795783,reversed,*,-*
mixed,spec_p_pack_decision,v2jupack_lag1,0.2262821997857243,0.2594751146156334,expand_vs_mixed,0.2551631844109456,raw,,0
mixed,spec_p_pack_decision,v2jupack_lag1,0.2262821997857243,0.2594751146156334,mixed_vs_expand,-0.2551631844109456,reversed,,0
mixed,spec_p_pack_decision,v2x_polyarchy_lag1,1.6394875154552937,1.4532547823675574e-05,contract_vs_mixed,-7.108255340385185,raw,***,-***
mixed,spec_p_pack_decision,v2x_polyarchy_lag1,1.6394875154552937,1.4532547823675574e-05,mixed_vs_contract,7.108255340385185,reversed,***,+***
mixed,spec_p_pack_decision,v2x_polyarchy_lag1,1.1928780023789929,0.0039792129094254,expand_vs_mixed,-3.435255951938387,raw,***,-***
mixed,spec_p_pack_decision,v2x_polyarchy_lag1,1.1928780023789929,0.0039792129094254,mixed_vs_expand,3.435255951938387,reversed,***,+***
mixed,spec_p_pack_decision,v2jureview_lag1,0.3782876192687334,0.2408191768052395,contract_vs_mixed,-0.4437093316065223,raw,,0
mixed,spec_p_pack_decision,v2jureview_lag1,0.3782876192687334,0.2408191768052395,mixed_vs_contract,0.4437093316065223,reversed,,0
mixed,spec_p_pack_decision,v2jureview_lag1,0.3521594971822231,0.4091888690768764,expand_vs_mixed,0.2906449407249557,raw,,0
mixed,spec_p_pack_decision,v2jureview_lag1,0.3521594971822231,0.4091888690768764,mixed_vs_expand,-0.2906449407249557,reversed,,0
mixed,spec_p_pack_decision,legal_common,0.4567053591750854,0.1381556183520005,contract_vs_mixed,0.6771544867578287,raw,,0
mixed,spec_p_pack_decision,legal_common,0.4567053591750854,0.1381556183520005,mixed_vs_contract,-0.6771544867578287,reversed,,0
mixed,spec_p_pack_decision,legal_common,0.3823950024273913,0.0238709622793644,expand_vs_mixed,-0.863906694498161,raw,**,-**
mixed,spec_p_pack_decision,legal_common,0.3823950024273913,0.0238709622793644,mixed_vs_expand,0.863906694498161,reversed,**,+**
mixed,spec_p_pack_decision,legal_civil,0.4080437017041087,0.969395721200225,contract_vs_mixed,0.0156550803433072,raw,,0
mixed,spec_p_pack_decision,legal_civil,0.4080437017041087,0.969395721200225,mixed_vs_contract,-0.0156550803433072,reversed,,0
mixed,spec_p_pack_decision,legal_civil,0.298871435368775,0.8586321950401914,expand_vs_mixed,-0.0532336634579733,raw,,0
mixed,spec_p_pack_decision,legal_civil,0.298871435368775,0.8586321950401914,mixed_vs_expand,0.0532336634579733,reversed,,0
mixed,spec_p_pack_decision,high_court,0.2994709342823836,0.1194339854555774,contract_vs_mixed,-0.4663222891955557,raw,,0
mixed,spec_p_pack_decision,high_court,0.2994709342823836,0.1194339854555774,mixed_vs_contract,0.4663222891955557,reversed,,0
mixed,spec_p_pack_decision,high_court,0.1453244621589287,0.6875879786025585,expand_vs_mixed,-0.0584394003563613,raw,,0
mixed,spec_p_pack_decision,high_court,0.1453244621589287,0.6875879786025585,mixed_vs_expand,0.0584394003563613,reversed,,0
mixed,spec_p_pack_decision,j_ind_lag1,0.2228753605813767,0.2821067639498544,contract_vs_mixed,0.2397244506556484,raw,,0
mixed,spec_p_pack_decision,j_ind_lag1,0.2228753605813767,0.2821067639498544,mixed_vs_contract,-0.2397244506556484,reversed,,0
mixed,spec_p_pack_decision,j_ind_lag1,0.1775741848053449,0.0295585519787146,expand_vs_mixed,0.3863936100507139,raw,**,+**
mixed,spec_p_pack_decision,j_ind_lag1,0.1775741848053449,0.0295585519787146,mixed_vs_expand,-0.3863936100507139,reversed,**,-**
mixed,spec_govprot_pack_decision,wdj_govprot_lag1,0.2717804698663211,0.4142054800489876,contract_vs_mixed,0.2219129101795245,raw,,0
mixed,spec_govprot_pack_decision,wdj_govprot_lag1,0.2717804698663211,0.4142054800489876,mixed_vs_contract,-0.2219129101795245,reversed,,0
mixed,spec_govprot_pack_decision,wdj_govprot_lag1,0.1794163195411608,0.7045224610679164,expand_vs_mixed,0.0680387495943248,raw,,0
mixed,spec_govprot_pack_decision,wdj_govprot_lag1,0.1794163195411608,0.7045224610679164,mixed_vs_expand,-0.0680387495943248,reversed,,0
mixed,spec_govprot_pack_decision,v2jupack_lag1,0.2566474525012484,0.0389701066513593,contract_vs_mixed,0.5298492814515693,raw,**,+**
mixed,spec_govprot_pack_decision,v2jupack_lag1,0.2566474525012484,0.0389701066513593,mixed_vs_contract,-0.5298492814515693,reversed,**,-**
mixed,spec_govprot_pack_decision,v2jupack_lag1,0.2283606076179497,0.1938593297984527,expand_vs_mixed,0.2966967323954896,raw,,0
mixed,spec_govprot_pack_decision,v2jupack_lag1,0.2283606076179497,0.1938593297984527,mixed_vs_expand,-0.2966967323954896,reversed,,0
mixed,spec_govprot_pack_decision,v2x_polyarchy_lag1,1.8069470675985009,0.0001766615523883,contract_vs_mixed,-6.776495040269953,raw,***,-***
mixed,spec_govprot_pack_decision,v2x_polyarchy_lag1,1.8069470675985009,0.0001766615523883,mixed_vs_contract,6.776495040269953,reversed,***,+***
mixed,spec_govprot_pack_decision,v2x_polyarchy_lag1,1.3209723345227826,0.0116926826579073,expand_vs_mixed,-3.3305488421085263,raw,**,-**
mixed,spec_govprot_pack_decision,v2x_polyarchy_lag1,1.3209723345227826,0.0116926826579073,mixed_vs_expand,3.3305488421085263,reversed,**,+**
mixed,spec_govprot_pack_decision,v2jureview_lag1,0.3768221601911442,0.2453755469058335,contract_vs_mixed,-0.4377374249435212,raw,,0
mixed,spec_govprot_pack_decision,v2jureview_lag1,0.3768221601911442,0.2453755469058335,mixed_vs_contract,0.4377374249435212,reversed,,0
mixed,spec_govprot_pack_decision,v2jureview_lag1,0.3521284193347752,0.4290220601342333,expand_vs_mixed,0.2784864733289299,raw,,0
mixed,spec_govprot_pack_decision,v2jureview_lag1,0.3521284193347752,0.4290220601342333,mixed_vs_expand,-0.2784864733289299,reversed,,0
mixed,spec_govprot_pack_decision,legal_common,0.491298276627629,0.3346582822405031,contract_vs_mixed,0.4739915476326662,raw,,0
mixed,spec_govprot_pack_decision,legal_common,0.491298276627629,0.3346582822405031,mixed_vs_contract,-0.4739915476326662,reversed,,0
mixed,spec_govprot_pack_decision,legal_common,0.3876413557432606,0.0175141226745148,expand_vs_mixed,-0.9209324282252564,raw,**,-**
mixed,spec_govprot_pack_decision,legal_common,0.3876413557432606,0.0175141226745148,mixed_vs_expand,0.9209324282252564,reversed,**,+**
mixed,spec_govprot_pack_decision,legal_civil,0.4135686677521032,0.7455723279837511,contract_vs_mixed,0.1341960362597175,raw,,0
mixed,spec_govprot_pack_decision,legal_civil,0.4135686677521032,0.7455723279837511,mixed_vs_contract,-0.1341960362597175,reversed,,0
mixed,spec_govprot_pack_decision,legal_civil,0.2902784075061183,0.9472552700432496,expand_vs_mixed,0.019203059227321,raw,,0
mixed,spec_govprot_pack_decision,legal_civil,0.2902784075061183,0.9472552700432496,mixed_vs_expand,-0.019203059227321,reversed,,0
mixed,spec_govprot_pack_decision,high_court,0.2951654898621656,0.1649767574318903,contract_vs_mixed,-0.4098451275140911,raw,,0
mixed,spec_govprot_pack_decision,high_court,0.2951654898621656,0.1649767574318903,mixed_vs_contract,0.4098451275140911,reversed,,0
mixed,spec_govprot_pack_decision,high_court,0.1380598944867874,0.8065583822567504,expand_vs_mixed,-0.0338064961622088,raw,,0
mixed,spec_govprot_pack_decision,high_court,0.1380598944867874,0.8065583822567504,mixed_vs_expand,0.0338064961622088,reversed,,0
mixed,spec_govprot_pack_decision,j_ind_lag1,0.2583169912701339,0.4997295495206456,contract_vs_mixed,0.1743421017664921,raw,,0
mixed,spec_govprot_pack_decision,j_ind_lag1,0.2583169912701339,0.4997295495206456,mixed_vs_contract,-0.1743421017664921,reversed,,0
mixed,spec_govprot_pack_decision,j_ind_lag1,0.200089485370477,0.0747346387906906,expand_vs_mixed,0.3565773697307969,raw,*,+*
mixed,spec_govprot_pack_decision,j_ind_lag1,0.200089485370477,0.0747346387906906,mixed_vs_expand,-0.3565773697307969,reversed,*,-*
mixed,spec_c_attack_decision,wdj_citizen_lag1,0.6304516232193227,0.181249097119259,contract_vs_mixed,0.8428627170165112,raw,,0
mixed,spec_c_attack_decision,wdj_citizen_lag1,0.6304516232193227,0.181249097119259,mixed_vs_contract,-0.8428627170165112,reversed,,0
mixed,spec_c_attack_decision,wdj_citizen_lag1,0.3903325335204708,0.1448714372286011,expand_vs_mixed,0.5690610876938279,raw,,0
mixed,spec_c_attack_decision,wdj_citizen_lag1,0.3903325335204708,0.1448714372286011,mixed_vs_expand,-0.5690610876938279,reversed,,0
mixed,spec_c_attack_decision,v2jupoatck_lag1,0.0984354889314663,0.0610172802970613,contract_vs_mixed,0.1844061128817235,raw,*,+*
mixed,spec_c_attack_decision,v2jupoatck_lag1,0.0984354889314663,0.0610172802970613,mixed_vs_contract,-0.1844061128817235,reversed,*,-*
mixed,spec_c_attack_decision,v2jupoatck_lag1,0.0816664908092715,0.4533531892484054,expand_vs_mixed,0.0612365147521328,raw,,0
mixed,spec_c_attack_decision,v2jupoatck_lag1,0.0816664908092715,0.4533531892484054,mixed_vs_expand,-0.0612365147521328,reversed,,0
mixed,spec_c_attack_decision,v2x_polyarchy_lag1,1.290914843118908,1.130861341704431e-05,contract_vs_mixed,-5.667771996252534,raw,***,-***
mixed,spec_c_attack_decision,v2x_polyarchy_lag1,1.290914843118908,1.130861341704431e-05,mixed_vs_contract,5.667771996252534,reversed,***,+***
mixed,spec_c_attack_decision,v2x_polyarchy_lag1,0.9158094520218418,0.0050741651752772,expand_vs_mixed,-2.566361266341611,raw,***,-***
mixed,spec_c_attack_decision,v2x_polyarchy_lag1,0.9158094520218418,0.0050741651752772,mixed_vs_expand,2.566361266341611,reversed,***,+***
mixed,spec_c_attack_decision,v2jureview_lag1,0.3330438094498739,0.4569087591926896,contract_vs_mixed,-0.2477668220787959,raw,,0
mixed,spec_c_attack_decision,v2jureview_lag1,0.3330438094498739,0.4569087591926896,mixed_vs_contract,0.2477668220787959,reversed,,0
mixed,spec_c_attack_decision,v2jureview_lag1,0.3639678984982268,0.314915790393804,expand_vs_mixed,0.3657734216911505,raw,,0
mixed,spec_c_attack_decision,v2jureview_lag1,0.3639678984982268,0.314915790393804,mixed_vs_expand,-0.3657734216911505,reversed,,0
mixed,spec_c_attack_decision,legal_common,0.4884498770464505,0.2448389560482373,contract_vs_mixed,0.5680558260398505,raw,,0
mixed,spec_c_attack_decision,legal_common,0.4884498770464505,0.2448389560482373,mixed_vs_contract,-0.5680558260398505,reversed,,0
mixed,spec_c_attack_decision,legal_common,0.3780517003662322,0.018873722614238,expand_vs_mixed,-0.8876713511818514,raw,**,-**
mixed,spec_c_attack_decision,legal_common,0.3780517003662322,0.018873722614238,mixed_vs_expand,0.8876713511818514,reversed,**,+**
mixed,spec_c_attack_decision,legal_civil,0.3809644216663132,0.6912366104167744,contract_vs_mixed,-0.1513104772192698,raw,,0
mixed,spec_c_attack_decision,legal_civil,0.3809644216663132,0.6912366104167744,mixed_vs_contract,0.1513104772192698,reversed,,0
mixed,spec_c_attack_decision,legal_civil,0.2698042691639489,0.4128239069540788,expand_vs_mixed,-0.220951966581009,raw,,0
mixed,spec_c_attack_decision,legal_civil,0.2698042691639489,0.4128239069540788,mixed_vs_expand,0.220951966581009,reversed,,0
mixed,spec_c_attack_decision,high_court,0.298942125573139,0.0499221024288352,contract_vs_mixed,-0.5861151499210772,raw,**,-**
mixed,spec_c_attack_decision,high_court,0.298942125573139,0.0499221024288352,mixed_vs_contract,0.5861151499210772,reversed,**,+**
mixed,spec_c_attack_decision,high_court,0.1515147021059175,0.525259543751585,expand_vs_mixed,-0.096251070085044,raw,,0
mixed,spec_c_attack_decision,high_court,0.1515147021059175,0.525259543751585,mixed_vs_expand,0.096251070085044,reversed,,0
mixed,spec_c_attack_decision,j_ind_lag1,0.2251649643833163,0.2983368411691069,contract_vs_mixed,0.2341730457434995,raw,,0
mixed,spec_c_attack_decision,j_ind_lag1,0.2251649643833163,0.2983368411691069,mixed_vs_contract,-0.2341730457434995,reversed,,0
mixed,spec_c_attack_decision,j_ind_lag1,0.1788240820484972,0.0278519337204693,expand_vs_mixed,0.3932995417865657,raw,**,+**
mixed,spec_c_attack_decision,j_ind_lag1,0.1788240820484972,0.0278519337204693,mixed_vs_expand,-0.3932995417865657,reversed,**,-**
mixed,spec_im_attack_decision,wdj_intermediaries_lag1,0.9362999785389108,0.8607155688446985,contract_vs_mixed,0.1642863279898695,raw,,0
mixed,spec_im_attack_decision,wdj_intermediaries_lag1,0.9362999785389108,0.8607155688446985,mixed_vs_contract,-0.1642863279898695,reversed,,0
mixed,spec_im_attack_decision,wdj_intermediaries_lag1,0.5128654730002032,0.2166318202533204,expand_vs_mixed,-0.6336627437939241,raw,,0
mixed,spec_im_attack_decision,wdj_intermediaries_lag1,0.5128654730002032,0.2166318202533204,mixed_vs_expand,0.6336627437939241,reversed,,0
mixed,spec_im_attack_decision,v2jupoatck_lag1,0.106065484351271,0.0939705598880032,contract_vs_mixed,0.1776400506688373,raw,*,+*
mixed,spec_im_attack_decision,v2jupoatck_lag1,0.106065484351271,0.0939705598880032,mixed_vs_contract,-0.1776400506688373,reversed,*,-*
mixed,spec_im_attack_decision,v2jupoatck_lag1,0.0812612691313744,0.4798236195216073,expand_vs_mixed,0.0574180976067396,raw,,0
mixed,spec_im_attack_decision,v2jupoatck_lag1,0.0812612691313744,0.4798236195216073,mixed_vs_expand,-0.0574180976067396,reversed,,0
mixed,spec_im_attack_decision,v2x_polyarchy_lag1,1.3688753557198072,4.73105345711372e-05,contract_vs_mixed,-5.56931136724678,raw,***,-***
mixed,spec_im_attack_decision,v2x_polyarchy_lag1,1.3688753557198072,4.73105345711372e-05,mixed_vs_contract,5.56931136724678,reversed,***,+***
mixed,spec_im_attack_decision,v2x_polyarchy_lag1,0.9285099034552636,0.0098700276489908,expand_vs_mixed,-2.3958803608009056,raw,***,-***
mixed,spec_im_attack_decision,v2x_polyarchy_lag1,0.9285099034552636,0.0098700276489908,mixed_vs_expand,2.3958803608009056,reversed,***,+***
mixed,spec_im_attack_decision,v2jureview_lag1,0.3558154086567955,0.461916297912546,contract_vs_mixed,-0.2617716377048064,raw,,0
mixed,spec_im_attack_decision,v2jureview_lag1,0.3558154086567955,0.461916297912546,mixed_vs_contract,0.2617716377048064,reversed,,0
mixed,spec_im_attack_decision,v2jureview_lag1,0.3623059823861383,0.3203515709757062,expand_vs_mixed,0.3600363789971252,raw,,0
mixed,spec_im_attack_decision,v2jureview_lag1,0.3623059823861383,0.3203515709757062,mixed_vs_expand,-0.3600363789971252,reversed,,0
mixed,spec_im_attack_decision,legal_common,0.4962670352316489,0.2908632168384771,contract_vs_mixed,0.5241720556498456,raw,,0
mixed,spec_im_attack_decision,legal_common,0.4962670352316489,0.2908632168384771,mixed_vs_contract,-0.5241720556498456,reversed,,0
mixed,spec_im_attack_decision,legal_common,0.3864753923174134,0.0100908325259123,expand_vs_mixed,-0.9942856513004794,raw,**,-**
mixed,spec_im_attack_decision,legal_common,0.3864753923174134,0.0100908325259123,mixed_vs_expand,0.9942856513004794,reversed,**,+**
mixed,spec_im_attack_decision,legal_civil,0.4377108860793201,0.8840113354629024,contract_vs_mixed,0.0638559170855599,raw,,0
mixed,spec_im_attack_decision,legal_civil,0.4377108860793201,0.8840113354629024,mixed_vs_contract,-0.0638559170855599,reversed,,0
mixed,spec_im_attack_decision,legal_civil,0.3016863832121834,0.7741228171646775,expand_vs_mixed,0.0865798561457534,raw,,0
mixed,spec_im_attack_decision,legal_civil,0.3016863832121834,0.7741228171646775,mixed_vs_expand,-0.0865798561457534,reversed,,0
mixed,spec_im_attack_decision,high_court,0.3052162196635067,0.0568210897967599,contract_vs_mixed,-0.5813406150101852,raw,*,-*
mixed,spec_im_attack_decision,high_court,0.3052162196635067,0.0568210897967599,mixed_vs_contract,0.5813406150101852,reversed,*,+*
mixed,spec_im_attack_decision,high_court,0.1546637922624881,0.5169812047220174,expand_vs_mixed,-0.1002230330539274,raw,,0
mixed,spec_im_attack_decision,high_court,0.1546637922624881,0.5169812047220174,mixed_vs_expand,0.1002230330539274,reversed,,0
mixed,spec_im_attack_decision,j_ind_lag1,0.2329991423320274,0.3577826651859225,contract_vs_mixed,0.2142656375845743,raw,,0
mixed,spec_im_attack_decision,j_ind_lag1,0.2329991423320274,0.3577826651859225,mixed_vs_contract,-0.2142656375845743,reversed,,0
mixed,spec_im_attack_decision,j_ind_lag1,0.1753238817739432,0.0376595476768238,expand_vs_mixed,0.3644178975633994,raw,**,+**
mixed,spec_im_attack_decision,j_ind_lag1,0.1753238817739432,0.0376595476768238,mixed_vs_expand,-0.3644178975633994,reversed,**,-**
mixed,spec_p_attack_decision,wdj_press_lag1,0.507314342108559,0.0027529093746565,contract_vs_mixed,1.5189300653501496,raw,***,+***
mixed,spec_p_attack_decision,wdj_press_lag1,0.507314342108559,0.0027529093746565,mixed_vs_contract,-1.5189300653501496,reversed,***,-***
mixed,spec_p_attack_decision,wdj_press_lag1,0.3730710568125088,0.0604819136009448,expand_vs_mixed,0.7003528809712746,raw,*,+*
mixed,spec_p_attack_decision,wdj_press_lag1,0.3730710568125088,0.0604819136009448,mixed_vs_expand,-0.7003528809712746,reversed,*,-*
mixed,spec_p_attack_decision,v2jupoatck_lag1,0.1000552494992033,0.0948582900302097,contract_vs_mixed,0.1671231601610582,raw,*,+*
mixed,spec_p_attack_decision,v2jupoatck_lag1,0.1000552494992033,0.0948582900302097,mixed_vs_contract,-0.1671231601610582,reversed,*,-*
mixed,spec_p_attack_decision,v2jupoatck_lag1,0.0822268900786398,0.5156064015466674,expand_vs_mixed,0.0534584036683719,raw,,0
mixed,spec_p_attack_decision,v2jupoatck_lag1,0.0822268900786398,0.5156064015466674,mixed_vs_expand,-0.0534584036683719,reversed,,0
mixed,spec_p_attack_decision,v2x_polyarchy_lag1,1.25577341460974,2.4111145757528134e-06,contract_vs_mixed,-5.92160636096515,raw,***,-***
mixed,spec_p_attack_decision,v2x_polyarchy_lag1,1.25577341460974,2.4111145757528134e-06,mixed_vs_contract,5.92160636096515,reversed,***,+***
mixed,spec_p_attack_decision,v2x_polyarchy_lag1,0.8862210822619357,0.0027440118812325,expand_vs_mixed,-2.654275141531113,raw,***,-***
mixed,spec_p_attack_decision,v2x_polyarchy_lag1,0.8862210822619357,0.0027440118812325,mixed_vs_expand,2.654275141531113,reversed,***,+***
mixed,spec_p_attack_decision,v2jureview_lag1,0.3750586059268465,0.4014165642310416,contract_vs_mixed,-0.3147094249139098,raw,,0
mixed,spec_p_attack_decision,v2jureview_lag1,0.3750586059268465,0.4014165642310416,mixed_vs_contract,0.3147094249139098,reversed,,0
mixed,spec_p_attack_decision,v2jureview_lag1,0.3630172286263662,0.3349099669154514,expand_vs_mixed,0.3500470652236808,raw,,0
mixed,spec_p_attack_decision,v2jureview_lag1,0.3630172286263662,0.3349099669154514,mixed_vs_expand,-0.3500470652236808,reversed,,0
mixed,spec_p_attack_decision,legal_common,0.4532040547216486,0.1312164888102285,contract_vs_mixed,0.6840308971642672,raw,,0
mixed,spec_p_attack_decision,legal_common,0.4532040547216486,0.1312164888102285,mixed_vs_contract,-0.6840308971642672,reversed,,0
mixed,spec_p_attack_decision,legal_common,0.3758102713488623,0.0218940124173162,expand_vs_mixed,-0.8614329069661877,raw,**,-**
mixed,spec_p_attack_decision,legal_common,0.3758102713488623,0.0218940124173162,mixed_vs_expand,0.8614329069661877,reversed,**,+**
mixed,spec_p_attack_decision,legal_civil,0.3909374487060961,0.7459901803883965,contract_vs_mixed,-0.1266368068794004,raw,,0
mixed,spec_p_attack_decision,legal_civil,0.3909374487060961,0.7459901803883965,mixed_vs_contract,0.1266368068794004,reversed,,0
mixed,spec_p_attack_decision,legal_civil,0.276458194356962,0.5401783366047588,expand_vs_mixed,-0.1693426240398165,raw,,0
mixed,spec_p_attack_decision,legal_civil,0.276458194356962,0.5401783366047588,mixed_vs_expand,0.1693426240398165,reversed,,0
mixed,spec_p_attack_decision,high_court,0.3032626248720127,0.0501826764166515,contract_vs_mixed,-0.5939106066402409,raw,*,-*
mixed,spec_p_attack_decision,high_court,0.3032626248720127,0.0501826764166515,mixed_vs_contract,0.5939106066402409,reversed,*,+*
mixed,spec_p_attack_decision,high_court,0.1527877695884753,0.5165584050875862,expand_vs_mixed,-0.0991072577258155,raw,,0
mixed,spec_p_attack_decision,high_court,0.1527877695884753,0.5165584050875862,mixed_vs_expand,0.0991072577258155,reversed,,0
mixed,spec_p_attack_decision,j_ind_lag1,0.2192871404163652,0.2969568183165149,contract_vs_mixed,0.2287124508600547,raw,,0
mixed,spec_p_attack_decision,j_ind_lag1,0.2192871404163652,0.2969568183165149,mixed_vs_contract,-0.2287124508600547,reversed,,0
mixed,spec_p_attack_decision,j_ind_lag1,0.1737109531470669,0.0279971741133573,expand_vs_mixed,0.3816995888252572,raw,**,+**
mixed,spec_p_attack_decision,j_ind_lag1,0.1737109531470669,0.0279971741133573,mixed_vs_expand,-0.3816995888252572,reversed,**,-**
mixed,spec_govprot_attack_decision,wdj_govprot_lag1,0.3253326845970221,0.2226613146919824,contract_vs_mixed,0.3967373434157913,raw,,0
mixed,spec_govprot_attack_decision,wdj_govprot_lag1,0.3253326845970221,0.2226613146919824,mixed_vs_contract,-0.3967373434157913,reversed,,0
mixed,spec_govprot_attack_decision,wdj_govprot_lag1,0.2160339566693662,0.5577435296004096,expand_vs_mixed,0.1266383312256439,raw,,0
mixed,spec_govprot_attack_decision,wdj_govprot_lag1,0.2160339566693662,0.5577435296004096,mixed_vs_expand,-0.1266383312256439,reversed,,0
mixed,spec_govprot_attack_decision,v2jupoatck_lag1,0.1212593382861495,0.0375603389468216,contract_vs_mixed,0.2521734271439799,raw,**,+**
mixed,spec_govprot_attack_decision,v2jupoatck_lag1,0.1212593382861495,0.0375603389468216,mixed_vs_contract,-0.2521734271439799,reversed,**,-**
mixed,spec_govprot_attack_decision,v2jupoatck_lag1,0.0930761778148672,0.3285309609603133,expand_vs_mixed,0.0909426062111643,raw,,0
mixed,spec_govprot_attack_decision,v2jupoatck_lag1,0.0930761778148672,0.3285309609603133,mixed_vs_expand,-0.0909426062111643,reversed,,0
mixed,spec_govprot_attack_decision,v2x_polyarchy_lag1,1.291875499243985,2.302553401921649e-05,contract_vs_mixed,-5.468936455323292,raw,***,-***
mixed,spec_govprot_attack_decision,v2x_polyarchy_lag1,1.291875499243985,2.302553401921649e-05,mixed_vs_contract,5.468936455323292,reversed,***,+***
mixed,spec_govprot_attack_decision,v2x_polyarchy_lag1,0.9357562246801364,0.0092411412516549,expand_vs_mixed,-2.4357753316195616,raw,***,-***
mixed,spec_govprot_attack_decision,v2x_polyarchy_lag1,0.9357562246801364,0.0092411412516549,mixed_vs_expand,2.4357753316195616,reversed,***,+***
mixed,spec_govprot_attack_decision,v2jureview_lag1,0.3637111446717124,0.4851171467609516,contract_vs_mixed,-0.2539053026303731,raw,,0
mixed,spec_govprot_attack_decision,v2jureview_lag1,0.3637111446717124,0.4851171467609516,mixed_vs_contract,0.2539053026303731,reversed,,0
mixed,spec_govprot_attack_decision,v2jureview_lag1,0.3539056219964946,0.3015345801511461,expand_vs_mixed,0.3656369333460002,raw,,0
mixed,spec_govprot_attack_decision,v2jureview_lag1,0.3539056219964946,0.3015345801511461,mixed_vs_expand,-0.3656369333460002,reversed,,0
mixed,spec_govprot_attack_decision,legal_common,0.4874855990239347,0.3921664616777621,contract_vs_mixed,0.417139029238887,raw,,0
mixed,spec_govprot_attack_decision,legal_common,0.4874855990239347,0.3921664616777621,mixed_vs_contract,-0.417139029238887,reversed,,0
mixed,spec_govprot_attack_decision,legal_common,0.3784486985737795,0.0125180491241709,expand_vs_mixed,-0.9450597771157864,raw,**,-**
mixed,spec_govprot_attack_decision,legal_common,0.3784486985737795,0.0125180491241709,mixed_vs_expand,0.9450597771157864,reversed,**,+**
mixed,spec_govprot_attack_decision,legal_civil,0.393816436843631,0.9373051989125124,contract_vs_mixed,-0.0309765430399569,raw,,0
mixed,spec_govprot_attack_decision,legal_civil,0.393816436843631,0.9373051989125124,mixed_vs_contract,0.0309765430399569,reversed,,0
mixed,spec_govprot_attack_decision,legal_civil,0.277252690861581,0.7000205022597386,expand_vs_mixed,-0.1068234629756617,raw,,0
mixed,spec_govprot_attack_decision,legal_civil,0.277252690861581,0.7000205022597386,mixed_vs_expand,0.1068234629756617,reversed,,0
mixed,spec_govprot_attack_decision,high_court,0.2904756203473542,0.061234011463857,contract_vs_mixed,-0.5437128261713549,raw,*,-*
mixed,spec_govprot_attack_decision,high_court,0.2904756203473542,0.061234011463857,mixed_vs_contract,0.5437128261713549,reversed,*,+*
mixed,spec_govprot_attack_decision,high_court,0.1459458021819363,0.5769425555356539,expand_vs_mixed,-0.0814167763948084,raw,,0
mixed,spec_govprot_attack_decision,high_court,0.1459458021819363,0.5769425555356539,mixed_vs_expand,0.0814167763948084,reversed,,0
mixed,spec_govprot_attack_decision,j_ind_lag1,0.2482720662232629,0.5658533151969913,contract_vs_mixed,0.142550171532143,raw,,0
mixed,spec_govprot_attack_decision,j_ind_lag1,0.2482720662232629,0.5658533151969913,mixed_vs_contract,-0.142550171532143,reversed,,0
mixed,spec_govprot_attack_decision,j_ind_lag1,0.1968364457246693,0.0821022625955446,expand_vs_mixed,0.3422230695811791,raw,*,+*
mixed,spec_govprot_attack_decision,j_ind_lag1,0.1968364457246693,0.0821022625955446,mixed_vs_expand,-0.3422230695811791,reversed,*,-*
contract,spec_base_1,wdj_expression_lag1,0.2809740308819084,0.7090978301079354,expand_vs_contract,0.1048224213986628,raw,,0
contract,spec_base_1,wdj_expression_lag1,0.2809740308819084,0.7090978301079354,contract_vs_expand,-0.1048224213986628,reversed,,0
contract,spec_base_1,wdj_expression_lag1,0.288621497671872,0.5490448200002638,mixed_vs_contract,0.1729397084276864,raw,,0
contract,spec_base_1,wdj_expression_lag1,0.288621497671872,0.5490448200002638,contract_vs_mixed,-0.1729397084276864,reversed,,0
contract,spec_base_1,v2jureform_lag1,0.1530716326853804,0.1661082433011401,expand_vs_contract,-0.2119762932927631,raw,,0
contract,spec_base_1,v2jureform_lag1,0.1530716326853804,0.1661082433011401,contract_vs_expand,0.2119762932927631,reversed,,0
contract,spec_base_1,v2jureform_lag1,0.1796953527111565,0.8760252131511899,mixed_vs_contract,-0.0280342550447294,raw,,0
contract,spec_base_1,v2jureform_lag1,0.1796953527111565,0.8760252131511899,contract_vs_mixed,0.0280342550447294,reversed,,0
contract,spec_base_2,wdj_expression_lag1,0.308597139643875,0.891079860989495,expand_vs_contract,0.0422586521148366,raw,,0
contract,spec_base_2,wdj_expression_lag1,0.308597139643875,0.891079860989495,contract_vs_expand,-0.0422586521148366,reversed,,0
contract,spec_base_2,wdj_expression_lag1,0.3227688344560709,0.5704967235550433,mixed_vs_contract,0.1831132473554372,raw,,0
contract,spec_base_2,wdj_expression_lag1,0.3227688344560709,0.5704967235550433,contract_vs_mixed,-0.1831132473554372,reversed,,0
contract,spec_base_2,v2jupoatck_lag1,0.1213137018649988,0.3265983088569223,expand_vs_contract,-0.1190073719523265,raw,,0
contract,spec_base_2,v2jupoatck_lag1,0.1213137018649988,0.3265983088569223,contract_vs_expand,0.1190073719523265,reversed,,0
contract,spec_base_2,v2jupoatck_lag1,0.1424206626367285,0.8799965309736935,mixed_vs_contract,0.0215017620195013,raw,,0
contract,spec_base_2,v2jupoatck_lag1,0.1424206626367285,0.8799965309736935,contract_vs_mixed,-0.0215017620195013,reversed,,0
contract,spec_base_3,wdj_expression_lag1,0.2870381912511717,0.7957522186961419,expand_vs_contract,0.0742993741781771,raw,,0
contract,spec_base_3,wdj_expression_lag1,0.2870381912511717,0.7957522186961419,contract_vs_expand,-0.0742993741781771,reversed,,0
contract,spec_base_3,wdj_expression_lag1,0.2870374095433268,0.8085405225865111,mixed_vs_contract,0.0695518284173982,raw,,0
contract,spec_base_3,wdj_expression_lag1,0.2870374095433268,0.8085405225865111,contract_vs_mixed,-0.0695518284173982,reversed,,0
contract,spec_base_3,v2jupack_lag1,0.1605750519158035,0.8409913625716805,expand_vs_contract,0.0322154613246636,raw,,0
contract,spec_base_3,v2jupack_lag1,0.1605750519158035,0.8409913625716805,contract_vs_expand,-0.0322154613246636,reversed,,0
contract,spec_base_3,v2jupack_lag1,0.1931497036616858,0.1851019676451192,mixed_vs_contract,0.2559636519399431,raw,,0
contract,spec_base_3,v2jupack_lag1,0.1931497036616858,0.1851019676451192,contract_vs_mixed,-0.2559636519399431,reversed,,0
contract,spec_extended_1,wdj_expression_lag1,0.1961946839972414,0.6812458306483871,expand_vs_contract,-0.0805896495937538,raw,,0
contract,spec_extended_1,wdj_expression_lag1,0.1961946839972414,0.6812458306483871,contract_vs_expand,0.0805896495937538,reversed,,0
contract,spec_extended_1,wdj_expression_lag1,0.2409587356037625,0.6999247220067604,mixed_vs_contract,-0.0928708184758104,raw,,0
contract,spec_extended_1,wdj_expression_lag1,0.2409587356037625,0.6999247220067604,contract_vs_mixed,0.0928708184758104,reversed,,0
contract,spec_extended_1,v2jureform_lag1,0.1238966973496676,0.0068965751594733,expand_vs_contract,-0.3347437869690967,raw,***,-***
contract,spec_extended_1,v2jureform_lag1,0.1238966973496676,0.0068965751594733,contract_vs_expand,0.3347437869690967,reversed,***,+***
contract,spec_extended_1,v2jureform_lag1,0.2503970990986772,0.4625218413026126,mixed_vs_contract,-0.1839669045061707,raw,,0
contract,spec_extended_1,v2jureform_lag1,0.2503970990986772,0.4625218413026126,contract_vs_mixed,0.1839669045061707,reversed,,0
contract,spec_extended_1,v2x_polyarchy_lag1,1.2153318028064442,0.0041151774517157,expand_vs_contract,3.4870241754507907,raw,***,+***
contract,spec_extended_1,v2x_polyarchy_lag1,1.2153318028064442,0.0041151774517157,contract_vs_expand,-3.4870241754507907,reversed,***,-***
contract,spec_extended_1,v2x_polyarchy_lag1,1.4400213204780967,0.0003199592144689,mixed_vs_contract,5.182032176477089,raw,***,+***
contract,spec_extended_1,v2x_polyarchy_lag1,1.4400213204780967,0.0003199592144689,contract_vs_mixed,-5.182032176477089,reversed,***,-***
contract,spec_extended_1,v2jureview_lag1,0.3226043928899029,0.010096825631112,expand_vs_contract,0.8298983624956945,raw,**,+**
contract,spec_extended_1,v2jureview_lag1,0.3226043928899029,0.010096825631112,contract_vs_expand,-0.8298983624956945,reversed,**,-**
contract,spec_extended_1,v2jureview_lag1,0.3732216977499961,0.3056944451461181,mixed_vs_contract,0.3822903153701986,raw,,0
contract,spec_extended_1,v2jureview_lag1,0.3732216977499961,0.3056944451461181,contract_vs_mixed,-0.3822903153701986,reversed,,0
contract,spec_extended_1,legal_common,0.3491915186725637,3.5566140401459436e-10,expand_vs_contract,-2.190248000733217,raw,***,-***
contract,spec_extended_1,legal_common,0.3491915186725637,3.5566140401459436e-10,contract_vs_expand,2.190248000733217,reversed,***,+***
contract,spec_extended_1,legal_common,0.5399293379294566,0.1139475580704018,mixed_vs_contract,-0.8534641573592546,raw,,0
contract,spec_extended_1,legal_common,0.5399293379294566,0.1139475580704018,contract_vs_mixed,0.8534641573592546,reversed,,0
contract,spec_extended_1,legal_civil,0.3679223459699098,0.0681255164902306,expand_vs_contract,-0.6711549970475748,raw,*,-*
contract,spec_extended_1,legal_civil,0.3679223459699098,0.0681255164902306,contract_vs_expand,0.6711549970475748,reversed,*,+*
contract,spec_extended_1,legal_civil,0.4862646046526771,0.4723470106915814,mixed_vs_contract,-0.3494616224583914,raw,,0
contract,spec_extended_1,legal_civil,0.4862646046526771,0.4723470106915814,contract_vs_mixed,0.3494616224583914,reversed,,0
contract,spec_extended_1,high_court,0.2787670529427246,0.13368658492969,expand_vs_contract,0.4180729147978574,raw,,0
contract,spec_extended_1,high_court,0.2787670529427246,0.13368658492969,contract_vs_expand,-0.4180729147978574,reversed,,0
contract,spec_extended_1,high_court,0.2745915079614206,0.0964327677340418,mixed_vs_contract,0.4564806914882955,raw,*,+*
contract,spec_extended_1,high_court,0.2745915079614206,0.0964327677340418,contract_vs_mixed,-0.4564806914882955,reversed,*,-*
contract,spec_extended_1,j_ind_lag1,0.2645733677154308,0.3478239969450424,expand_vs_contract,0.2483863422956331,raw,,0
contract,spec_extended_1,j_ind_lag1,0.2645733677154308,0.3478239969450424,contract_vs_expand,-0.2483863422956331,reversed,,0
contract,spec_extended_1,j_ind_lag1,0.2668305857740212,0.6046355666206906,mixed_vs_contract,-0.1381504426205579,raw,,0
contract,spec_extended_1,j_ind_lag1,0.2668305857740212,0.6046355666206906,contract_vs_mixed,0.1381504426205579,reversed,,0
contract,spec_extended_1_spline,wdj_expression_lag1,0.2669298522365204,0.5626351146530444,expand_vs_contract,-0.1545342104605513,raw,,0
contract,spec_extended_1_spline,wdj_expression_lag1,0.2669298522365204,0.5626351146530444,contract_vs_expand,0.1545342104605513,reversed,,0
contract,spec_extended_1_spline,wdj_expression_lag1,0.4197346880588091,0.3658476882543765,mixed_vs_contract,-0.3795570984685646,raw,,0
contract,spec_extended_1_spline,wdj_expression_lag1,0.4197346880588091,0.3658476882543765,contract_vs_mixed,0.3795570984685646,reversed,,0
contract,spec_extended_1_spline,v2jureform_lag1,0.1185411890920697,0.0020648395425495,expand_vs_contract,-0.3651950811949923,raw,***,-***
contract,spec_extended_1_spline,v2jureform_lag1,0.1185411890920697,0.0020648395425495,contract_vs_expand,0.3651950811949923,reversed,***,+***
contract,spec_extended_1_spline,v2jureform_lag1,0.2379191423118476,0.5107662097029544,mixed_vs_contract,-0.1564663572401381,raw,,0
contract,spec_extended_1_spline,v2jureform_lag1,0.2379191423118476,0.5107662097029544,contract_vs_mixed,0.1564663572401381,reversed,,0
contract,spec_extended_1_spline,v2x_polyarchy_lag1,1.233297213033892,0.0100806763285842,expand_vs_contract,3.1733348855504184,raw,**,+**
contract,spec_extended_1_spline,v2x_polyarchy_lag1,1.233297213033892,0.0100806763285842,contract_vs_expand,-3.1733348855504184,reversed,**,-**
contract,spec_extended_1_spline,v2x_polyarchy_lag1,1.5333132577015074,0.0038781565954771,mixed_vs_contract,4.428064669789881,raw,***,+***
contract,spec_extended_1_spline,v2x_polyarchy_lag1,1.5333132577015074,0.0038781565954771,contract_vs_mixed,-4.428064669789881,reversed,***,-***
contract,spec_extended_1_spline,v2jureview_lag1,0.328559728410581,0.017078875953832,expand_vs_contract,0.7836166889924163,raw,**,+**
contract,spec_extended_1_spline,v2jureview_lag1,0.328559728410581,0.017078875953832,contract_vs_expand,-0.7836166889924163,reversed,**,-**
contract,spec_extended_1_spline,v2jureview_lag1,0.3611092314646966,0.3067794094266233,mixed_vs_contract,0.3690547721284798,raw,,0
contract,spec_extended_1_spline,v2jureview_lag1,0.3611092314646966,0.3067794094266233,contract_vs_mixed,-0.3690547721284798,reversed,,0
contract,spec_extended_1_spline,legal_common,0.3749428598129982,4.381710896722055e-09,expand_vs_contract,-2.200576573938376,raw,***,-***
contract,spec_extended_1_spline,legal_common,0.3749428598129982,4.381710896722055e-09,contract_vs_expand,2.200576573938376,reversed,***,+***
contract,spec_extended_1_spline,legal_common,0.5137731738395435,0.2161037484888915,mixed_vs_contract,-0.6355143528670896,raw,,0
contract,spec_extended_1_spline,legal_common,0.5137731738395435,0.2161037484888915,contract_vs_mixed,0.6355143528670896,reversed,,0
contract,spec_extended_1_spline,legal_civil,0.3606894689994425,0.0540128995751485,expand_vs_contract,-0.6949523416394682,raw,*,-*
contract,spec_extended_1_spline,legal_civil,0.3606894689994425,0.0540128995751485,contract_vs_expand,0.6949523416394682,reversed,*,+*
contract,spec_extended_1_spline,legal_civil,0.4497530120580587,0.5250805474536062,mixed_vs_contract,-0.2858330905301173,raw,,0
contract,spec_extended_1_spline,legal_civil,0.4497530120580587,0.5250805474536062,contract_vs_mixed,0.2858330905301173,reversed,,0
contract,spec_extended_1_spline,high_court,0.3164991583674708,0.3952276842839307,expand_vs_contract,0.269079737149665,raw,,0
contract,spec_extended_1_spline,high_court,0.3164991583674708,0.3952276842839307,contract_vs_expand,-0.269079737149665,reversed,,0
contract,spec_extended_1_spline,high_court,0.2776586607301406,0.0834355578539264,mixed_vs_contract,0.4806523735736385,raw,*,+*
contract,spec_extended_1_spline,high_court,0.2776586607301406,0.0834355578539264,contract_vs_mixed,-0.4806523735736385,reversed,*,-*
contract,spec_extended_1_spline,j_ind_lag1,0.2675203553352198,0.2297648208707334,expand_vs_contract,0.3212825542072359,raw,,0
contract,spec_extended_1_spline,j_ind_lag1,0.2675203553352198,0.2297648208707334,contract_vs_expand,-0.3212825542072359,reversed,,0
contract,spec_extended_1_spline,j_ind_lag1,0.2805081353337402,0.8869166879747793,mixed_vs_contract,-0.0398901546335057,raw,,0
contract,spec_extended_1_spline,j_ind_lag1,0.2805081353337402,0.8869166879747793,contract_vs_mixed,0.0398901546335057,reversed,,0
contract,spec_extended_1_spline_interact,v2x_polyarchy_lag1,102.98758207191204,0.133891871661379,expand_vs_contract,-154.3711450460839,raw,,0
contract,spec_extended_1_spline_interact,v2x_polyarchy_lag1,102.98758207191204,0.133891871661379,contract_vs_expand,154.3711450460839,reversed,,0
contract,spec_extended_1_spline_interact,v2x_polyarchy_lag1,166.63347130958206,0.2763126793706274,mixed_vs_contract,-181.4038587514762,raw,,0
contract,spec_extended_1_spline_interact,v2x_polyarchy_lag1,166.63347130958206,0.2763126793706274,contract_vs_mixed,181.4038587514762,reversed,,0
contract,spec_extended_1_spline_interact,wdj_expression_lag1,0.3669425828757656,0.7320012140127121,expand_vs_contract,-0.1256648771705754,raw,,0
contract,spec_extended_1_spline_interact,wdj_expression_lag1,0.3669425828757656,0.7320012140127121,contract_vs_expand,0.1256648771705754,reversed,,0
contract,spec_extended_1_spline_interact,wdj_expression_lag1,0.507220939569276,0.3084003736510503,mixed_vs_contract,-0.5166472720910246,raw,,0
contract,spec_extended_1_spline_interact,wdj_expression_lag1,0.507220939569276,0.3084003736510503,contract_vs_mixed,0.5166472720910246,reversed,,0
contract,spec_extended_1_spline_interact,v2jureform_lag1,0.1280933527914995,0.0014999582672614,expand_vs_contract,-0.4066568913027084,raw,***,-***
contract,spec_extended_1_spline_interact,v2jureform_lag1,0.1280933527914995,0.0014999582672614,contract_vs_expand,0.4066568913027084,reversed,***,+***
contract,spec_extended_1_spline_interact,v2jureform_lag1,0.2332386179071158,0.3797426520208821,mixed_vs_contract,-0.2048699369246862,raw,,0
contract,spec_extended_1_spline_interact,v2jureform_lag1,0.2332386179071158,0.3797426520208821,contract_vs_mixed,0.2048699369246862,reversed,,0
contract,spec_extended_1_spline_interact,v2jureview_lag1,0.3153570702217546,0.0091092176157111,expand_vs_contract,0.822428457885262,raw,***,+***
contract,spec_extended_1_spline_interact,v2jureview_lag1,0.3153570702217546,0.0091092176157111,contract_vs_expand,-0.822428457885262,reversed,***,-***
contract,spec_extended_1_spline_interact,v2jureview_lag1,0.363216989502965,0.4498304335634305,mixed_vs_contract,0.2744822616271168,raw,,0
contract,spec_extended_1_spline_interact,v2jureview_lag1,0.363216989502965,0.4498304335634305,contract_vs_mixed,-0.2744822616271168,reversed,,0
contract,spec_extended_1_spline_interact,legal_common,0.3883714584509298,3.856410570857282e-09,expand_vs_contract,-2.287600116546324,raw,***,-***
contract,spec_extended_1_spline_interact,legal_common,0.3883714584509298,3.856410570857282e-09,contract_vs_expand,2.287600116546324,reversed,***,+***
contract,spec_extended_1_spline_interact,legal_common,0.4895881737874663,0.2112442478073365,mixed_vs_contract,-0.6120593390293257,raw,,0
contract,spec_extended_1_spline_interact,legal_common,0.4895881737874663,0.2112442478073365,contract_vs_mixed,0.6120593390293257,reversed,,0
contract,spec_extended_1_spline_interact,legal_civil,0.364414289837077,0.0469188761848922,expand_vs_contract,-0.7241027717386053,raw,**,-**
contract,spec_extended_1_spline_interact,legal_civil,0.364414289837077,0.0469188761848922,contract_vs_expand,0.7241027717386053,reversed,**,+**
contract,spec_extended_1_spline_interact,legal_civil,0.4420947511090639,0.4524706046986783,mixed_vs_contract,-0.3321469066624674,raw,,0
contract,spec_extended_1_spline_interact,legal_civil,0.4420947511090639,0.4524706046986783,contract_vs_mixed,0.3321469066624674,reversed,,0
contract,spec_extended_1_spline_interact,high_court,0.3186736057548726,0.488209446634856,expand_vs_contract,0.2208916446271724,raw,,0
contract,spec_extended_1_spline_interact,high_court,0.3186736057548726,0.488209446634856,contract_vs_expand,-0.2208916446271724,reversed,,0
contract,spec_extended_1_spline_interact,high_court,0.280856731574371,0.1248136138237307,mixed_vs_contract,0.4310810295119867,raw,,0
contract,spec_extended_1_spline_interact,high_court,0.280856731574371,0.1248136138237307,contract_vs_mixed,-0.4310810295119867,reversed,,0
contract,spec_extended_1_spline_interact,j_ind_lag1,0.2715641139171512,0.1974332987395565,expand_vs_contract,0.3500186391250158,raw,,0
contract,spec_extended_1_spline_interact,j_ind_lag1,0.2715641139171512,0.1974332987395565,contract_vs_expand,-0.3500186391250158,reversed,,0
contract,spec_extended_1_spline_interact,j_ind_lag1,0.2789325930726561,0.8527668924063678,mixed_vs_contract,-0.0517668878892137,raw,,0
contract,spec_extended_1_spline_interact,j_ind_lag1,0.2789325930726561,0.8527668924063678,contract_vs_mixed,0.0517668878892137,reversed,,0
contract,spec_extended_2,wdj_expression_lag1,0.212486656018821,0.1891479728469564,expand_vs_contract,-0.2790170359281681,raw,,0
contract,spec_extended_2,wdj_expression_lag1,0.212486656018821,0.1891479728469564,contract_vs_expand,0.2790170359281681,reversed,,0
contract,spec_extended_2,wdj_expression_lag1,0.2639589522052704,0.2295206508191596,mixed_vs_contract,-0.3171716406020458,raw,,0
contract,spec_extended_2,wdj_expression_lag1,0.2639589522052704,0.2295206508191596,contract_vs_mixed,0.3171716406020458,reversed,,0
contract,spec_extended_2,v2jupoatck_lag1,0.1017361457636037,0.057225409149407,expand_vs_contract,-0.1934599453212193,raw,*,-*
contract,spec_extended_2,v2jupoatck_lag1,0.1017361457636037,0.057225409149407,contract_vs_expand,0.1934599453212193,reversed,*,+*
contract,spec_extended_2,v2jupoatck_lag1,0.1276360693417597,0.0673963183691569,mixed_vs_contract,-0.233449173879824,raw,*,-*
contract,spec_extended_2,v2jupoatck_lag1,0.1276360693417597,0.0673963183691569,contract_vs_mixed,0.233449173879824,reversed,*,+*
contract,spec_extended_2,v2x_polyarchy_lag1,1.1085991309945602,0.0022123951435302,expand_vs_contract,3.3924595938373896,raw,***,+***
contract,spec_extended_2,v2x_polyarchy_lag1,1.1085991309945602,0.0022123951435302,contract_vs_expand,-3.3924595938373896,reversed,***,-***
contract,spec_extended_2,v2x_polyarchy_lag1,1.2979429438592875,2.145639261420366e-05,mixed_vs_contract,5.515180377852426,raw,***,+***
contract,spec_extended_2,v2x_polyarchy_lag1,1.2979429438592875,2.145639261420366e-05,contract_vs_mixed,-5.515180377852426,reversed,***,-***
contract,spec_extended_2,v2jureview_lag1,0.3215703684735855,0.0162247170235032,expand_vs_contract,0.7729975942232921,raw,**,+**
contract,spec_extended_2,v2jureview_lag1,0.3215703684735855,0.0162247170235032,contract_vs_expand,-0.7729975942232921,reversed,**,-**
contract,spec_extended_2,v2jureview_lag1,0.3638650917046538,0.4347660630848692,mixed_vs_contract,0.2842011759360477,raw,,0
contract,spec_extended_2,v2jureview_lag1,0.3638650917046538,0.4347660630848692,contract_vs_mixed,-0.2842011759360477,reversed,,0
contract,spec_extended_2,legal_common,0.3252605000325699,1.406052701051132e-07,expand_vs_contract,-1.712319504911708,raw,***,-***
contract,spec_extended_2,legal_common,0.3252605000325699,1.406052701051132e-07,contract_vs_expand,1.712319504911708,reversed,***,+***
contract,spec_extended_2,legal_common,0.4765744930849706,0.2660663138652389,mixed_vs_contract,-0.5300304684169949,raw,,0
contract,spec_extended_2,legal_common,0.4765744930849706,0.2660663138652389,contract_vs_mixed,0.5300304684169949,reversed,,0
contract,spec_extended_2,legal_civil,0.3277137338152067,0.2827935521938337,expand_vs_contract,-0.3519858498800989,raw,,0
contract,spec_extended_2,legal_civil,0.3277137338152067,0.2827935521938337,contract_vs_expand,0.3519858498800989,reversed,,0
contract,spec_extended_2,legal_civil,0.4264834681180258,0.6406115831405652,mixed_vs_contract,-0.1991011945788439,raw,,0
contract,spec_extended_2,legal_civil,0.4264834681180258,0.6406115831405652,contract_vs_mixed,0.1991011945788439,reversed,,0
contract,spec_extended_2,high_court,0.2819957152354668,0.0687572148237656,expand_vs_contract,0.5132355165118864,raw,*,+*
contract,spec_extended_2,high_court,0.2819957152354668,0.0687572148237656,contract_vs_expand,-0.5132355165118864,reversed,*,-*
contract,spec_extended_2,high_court,0.273124805640197,0.0490999847677682,mixed_vs_contract,0.5374338034321005,raw,**,+**
contract,spec_extended_2,high_court,0.273124805640197,0.0490999847677682,contract_vs_mixed,-0.5374338034321005,reversed,**,-**
contract,spec_extended_2,j_ind_lag1,0.2678971557724503,0.4999966178203748,expand_vs_contract,0.1806953113276968,raw,,0
contract,spec_extended_2,j_ind_lag1,0.2678971557724503,0.4999966178203748,contract_vs_expand,-0.1806953113276968,reversed,,0
contract,spec_extended_2,j_ind_lag1,0.2525953108388495,0.4798037971371518,mixed_vs_contract,-0.1784884351268988,raw,,0
contract,spec_extended_2,j_ind_lag1,0.2525953108388495,0.4798037971371518,contract_vs_mixed,0.1784884351268988,reversed,,0
contract,spec_extended_2_spline,wdj_expression_lag1,0.276558528742417,0.0851329067907861,expand_vs_contract,-0.4761370414986539,raw,*,-*
contract,spec_extended_2_spline,wdj_expression_lag1,0.276558528742417,0.0851329067907861,contract_vs_expand,0.4761370414986539,reversed,*,+*
contract,spec_extended_2_spline,wdj_expression_lag1,0.4727251284775084,0.1949690923885489,mixed_vs_contract,-0.6126605379026173,raw,,0
contract,spec_extended_2_spline,wdj_expression_lag1,0.4727251284775084,0.1949690923885489,contract_vs_mixed,0.6126605379026173,reversed,,0
contract,spec_extended_2_spline,v2jupoatck_lag1,0.0989466402065402,0.0070864401501047,expand_vs_contract,-0.266439023020992,raw,***,-***
contract,spec_extended_2_spline,v2jupoatck_lag1,0.0989466402065402,0.0070864401501047,contract_vs_expand,0.266439023020992,reversed,***,+***
contract,spec_extended_2_spline,v2jupoatck_lag1,0.1460604424273098,0.1202439911272279,mixed_vs_contract,-0.2269414554100853,raw,,0
contract,spec_extended_2_spline,v2jupoatck_lag1,0.1460604424273098,0.1202439911272279,contract_vs_mixed,0.2269414554100853,reversed,,0
contract,spec_extended_2_spline,v2x_polyarchy_lag1,1.193614036864502,0.0047136767403739,expand_vs_contract,3.373124850327517,raw,***,+***
contract,spec_extended_2_spline,v2x_polyarchy_lag1,1.193614036864502,0.0047136767403739,contract_vs_expand,-3.373124850327517,reversed,***,-***
contract,spec_extended_2_spline,v2x_polyarchy_lag1,1.54482054208719,0.0015341455317336,mixed_vs_contract,4.894216736745683,raw,***,+***
contract,spec_extended_2_spline,v2x_polyarchy_lag1,1.54482054208719,0.0015341455317336,contract_vs_mixed,-4.894216736745683,reversed,***,-***
contract,spec_extended_2_spline,v2jureview_lag1,0.320847235283328,0.0340969005434113,expand_vs_contract,0.6798508683484797,raw,**,+**
contract,spec_extended_2_spline,v2jureview_lag1,0.320847235283328,0.0340969005434113,contract_vs_expand,-0.6798508683484797,reversed,**,-**
contract,spec_extended_2_spline,v2jureview_lag1,0.3615472943544526,0.4503380871076232,mixed_vs_contract,0.2729145186976303,raw,,0
contract,spec_extended_2_spline,v2jureview_lag1,0.3615472943544526,0.4503380871076232,contract_vs_mixed,-0.2729145186976303,reversed,,0
contract,spec_extended_2_spline,legal_common,0.3252222541683566,3.072688897718553e-07,expand_vs_contract,-1.6647909687136049,raw,***,-***
contract,spec_extended_2_spline,legal_common,0.3252222541683566,3.072688897718553e-07,contract_vs_expand,1.6647909687136049,reversed,***,+***
contract,spec_extended_2_spline,legal_common,0.4573366417283395,0.4345175463435655,mixed_vs_contract,-0.3574015304017237,raw,,0
contract,spec_extended_2_spline,legal_common,0.4573366417283395,0.4345175463435655,contract_vs_mixed,0.3574015304017237,reversed,,0
contract,spec_extended_2_spline,legal_civil,0.3120774570231527,0.2673112058020689,expand_vs_contract,-0.3461799821781209,raw,,0
contract,spec_extended_2_spline,legal_civil,0.3120774570231527,0.2673112058020689,contract_vs_expand,0.3461799821781209,reversed,,0
contract,spec_extended_2_spline,legal_civil,0.4084122645765904,0.6624126828576399,mixed_vs_contract,-0.1783064771375593,raw,,0
contract,spec_extended_2_spline,legal_civil,0.4084122645765904,0.6624126828576399,contract_vs_mixed,0.1783064771375593,reversed,,0
contract,spec_extended_2_spline,high_court,0.335192115937483,0.2784377652140374,expand_vs_contract,0.3632930970195369,raw,,0
contract,spec_extended_2_spline,high_court,0.335192115937483,0.2784377652140374,contract_vs_expand,-0.3632930970195369,reversed,,0
contract,spec_extended_2_spline,high_court,0.2991354006167688,0.0703292796088304,mixed_vs_contract,0.5413704820717589,raw,*,+*
contract,spec_extended_2_spline,high_court,0.2991354006167688,0.0703292796088304,contract_vs_mixed,-0.5413704820717589,reversed,*,-*
contract,spec_extended_2_spline,j_ind_lag1,0.2638230283214446,0.4041380187898382,expand_vs_contract,0.2200953457518857,raw,,0
contract,spec_extended_2_spline,j_ind_lag1,0.2638230283214446,0.4041380187898382,contract_vs_expand,-0.2200953457518857,reversed,,0
contract,spec_extended_2_spline,j_ind_lag1,0.2636755567485143,0.685582642308011,mixed_vs_contract,-0.1067508895652402,raw,,0
contract,spec_extended_2_spline,j_ind_lag1,0.2636755567485143,0.685582642308011,contract_vs_mixed,0.1067508895652402,reversed,,0
contract,spec_extended_2_spline_interact,v2x_polyarchy_lag1,102.53753497352513,0.0882483065120618,expand_vs_contract,-174.79688069566564,raw,*,-*
contract,spec_extended_2_spline_interact,v2x_polyarchy_lag1,102.53753497352513,0.0882483065120618,contract_vs_expand,174.79688069566564,reversed,*,+*
contract,spec_extended_2_spline_interact,v2x_polyarchy_lag1,164.35484732529196,0.2502772560697651,mixed_vs_contract,-188.95485806503672,raw,,0
contract,spec_extended_2_spline_interact,v2x_polyarchy_lag1,164.35484732529196,0.2502772560697651,contract_vs_mixed,188.95485806503672,reversed,,0
contract,spec_extended_2_spline_interact,wdj_expression_lag1,0.366046317181606,0.1644960643501276,expand_vs_contract,-0.5088439380138793,raw,,0
contract,spec_extended_2_spline_interact,wdj_expression_lag1,0.366046317181606,0.1644960643501276,contract_vs_expand,0.5088439380138793,reversed,,0
contract,spec_extended_2_spline_interact,wdj_expression_lag1,0.5561475676789444,0.1667565144632475,mixed_vs_contract,-0.768985889905499,raw,,0
contract,spec_extended_2_spline_interact,wdj_expression_lag1,0.5561475676789444,0.1667565144632475,contract_vs_mixed,0.768985889905499,reversed,,0
contract,spec_extended_2_spline_interact,v2jupoatck_lag1,0.0887292339810125,0.001650687471648,expand_vs_contract,-0.2792130090806963,raw,***,-***
contract,spec_extended_2_spline_interact,v2jupoatck_lag1,0.0887292339810125,0.001650687471648,contract_vs_expand,0.2792130090806963,reversed,***,+***
contract,spec_extended_2_spline_interact,v2jupoatck_lag1,0.1517152184151974,0.1406898658815991,mixed_vs_contract,-0.2235109398334449,raw,,0
contract,spec_extended_2_spline_interact,v2jupoatck_lag1,0.1517152184151974,0.1406898658815991,contract_vs_mixed,0.2235109398334449,reversed,,0
contract,spec_extended_2_spline_interact,v2jureview_lag1,0.3015669956670938,0.0152443769370935,expand_vs_contract,0.731758584052056,raw,**,+**
contract,spec_extended_2_spline_interact,v2jureview_lag1,0.3015669956670938,0.0152443769370935,contract_vs_expand,-0.731758584052056,reversed,**,-**
contract,spec_extended_2_spline_interact,v2jureview_lag1,0.3599620049855709,0.5859223582108878,mixed_vs_contract,0.1960909313151046,raw,,0
contract,spec_extended_2_spline_interact,v2jureview_lag1,0.3599620049855709,0.5859223582108878,contract_vs_mixed,-0.1960909313151046,reversed,,0
contract,spec_extended_2_spline_interact,legal_common,0.3257650845682356,1.94632457114718e-07,expand_vs_contract,-1.6954092989022356,raw,***,-***
contract,spec_extended_2_spline_interact,legal_common,0.3257650845682356,1.94632457114718e-07,contract_vs_expand,1.6954092989022356,reversed,***,+***
contract,spec_extended_2_spline_interact,legal_common,0.4514206322742544,0.5226938005106132,mixed_vs_contract,-0.2885473960827294,raw,,0
contract,spec_extended_2_spline_interact,legal_common,0.4514206322742544,0.5226938005106132,contract_vs_mixed,0.2885473960827294,reversed,,0
contract,spec_extended_2_spline_interact,legal_civil,0.3038802777505154,0.3193220178971981,expand_vs_contract,-0.3026198088784649,raw,,0
contract,spec_extended_2_spline_interact,legal_civil,0.3038802777505154,0.3193220178971981,contract_vs_expand,0.3026198088784649,reversed,,0
contract,spec_extended_2_spline_interact,legal_civil,0.4072049777214715,0.6826942760417416,mixed_vs_contract,-0.166461047157399,raw,,0
contract,spec_extended_2_spline_interact,legal_civil,0.4072049777214715,0.6826942760417416,contract_vs_mixed,0.166461047157399,reversed,,0
contract,spec_extended_2_spline_interact,high_court,0.3446427844402135,0.3348459966915792,expand_vs_contract,0.3323731062699421,raw,,0
contract,spec_extended_2_spline_interact,high_court,0.3446427844402135,0.3348459966915792,contract_vs_expand,-0.3323731062699421,reversed,,0
contract,spec_extended_2_spline_interact,high_court,0.3040430968584073,0.0948090421197137,mixed_vs_contract,0.5079215848709752,raw,*,+*
contract,spec_extended_2_spline_interact,high_court,0.3040430968584073,0.0948090421197137,contract_vs_mixed,-0.5079215848709752,reversed,*,-*
contract,spec_extended_2_spline_interact,j_ind_lag1,0.2666120046246273,0.3962339111700022,expand_vs_contract,0.2261846846380625,raw,,0
contract,spec_extended_2_spline_interact,j_ind_lag1,0.2666120046246273,0.3962339111700022,contract_vs_expand,-0.2261846846380625,reversed,,0
contract,spec_extended_2_spline_interact,j_ind_lag1,0.2595312421071186,0.6041688267585621,mixed_vs_contract,-0.1345448607936652,raw,,0
contract,spec_extended_2_spline_interact,j_ind_lag1,0.2595312421071186,0.6041688267585621,contract_vs_mixed,0.1345448607936652,reversed,,0
contract,spec_extended_3,wdj_expression_lag1,0.2095319719004073,0.513536199105628,expand_vs_contract,-0.1368959147972334,raw,,0
contract,spec_extended_3,wdj_expression_lag1,0.2095319719004073,0.513536199105628,contract_vs_expand,0.1368959147972334,reversed,,0
contract,spec_extended_3,wdj_expression_lag1,0.2135309461247443,0.4174778446463884,mixed_vs_contract,-0.1731318911216227,raw,,0
contract,spec_extended_3,wdj_expression_lag1,0.2135309461247443,0.4174778446463884,contract_vs_mixed,0.1731318911216227,reversed,,0
contract,spec_extended_3,v2jupack_lag1,0.1569222469033168,0.1026746731661062,expand_vs_contract,-0.2561006922479872,raw,,0
contract,spec_extended_3,v2jupack_lag1,0.1569222469033168,0.1026746731661062,contract_vs_expand,0.2561006922479872,reversed,,0
contract,spec_extended_3,v2jupack_lag1,0.2398947754608675,0.0176919655260798,mixed_vs_contract,-0.5690310345853926,raw,**,-**
contract,spec_extended_3,v2jupack_lag1,0.2398947754608675,0.0176919655260798,contract_vs_mixed,0.5690310345853926,reversed,**,+**
contract,spec_extended_3,v2x_polyarchy_lag1,1.207176973342618,0.001509678836945,expand_vs_contract,3.830151078980344,raw,***,+***
contract,spec_extended_3,v2x_polyarchy_lag1,1.207176973342618,0.001509678836945,contract_vs_expand,-3.830151078980344,reversed,***,-***
contract,spec_extended_3,v2x_polyarchy_lag1,1.7728464667844237,6.973671700526207e-05,mixed_vs_contract,7.050933497459797,raw,***,+***
contract,spec_extended_3,v2x_polyarchy_lag1,1.7728464667844237,6.973671700526207e-05,contract_vs_mixed,-7.050933497459797,reversed,***,-***
contract,spec_extended_3,v2jureview_lag1,0.3229083684235087,0.0051458009938852,expand_vs_contract,0.9034207715493155,raw,***,+***
contract,spec_extended_3,v2jureview_lag1,0.3229083684235087,0.0051458009938852,contract_vs_expand,-0.9034207715493155,reversed,***,-***
contract,spec_extended_3,v2jureview_lag1,0.3824374629000565,0.2164257079166052,mixed_vs_contract,0.4727265098843766,raw,,0
contract,spec_extended_3,v2jureview_lag1,0.3824374629000565,0.2164257079166052,contract_vs_mixed,-0.4727265098843766,reversed,,0
contract,spec_extended_3,legal_common,0.3398650831359936,1.4397471321589772e-07,expand_vs_contract,-1.7877253510173974,raw,***,-***
contract,spec_extended_3,legal_common,0.3398650831359936,1.4397471321589772e-07,contract_vs_expand,1.7877253510173974,reversed,***,+***
contract,spec_extended_3,legal_common,0.47962817114153,0.194875114527278,mixed_vs_contract,-0.6217378676154822,raw,,0
contract,spec_extended_3,legal_common,0.47962817114153,0.194875114527278,contract_vs_mixed,0.6217378676154822,reversed,,0
contract,spec_extended_3,legal_civil,0.3396350827663015,0.2130659625236607,expand_vs_contract,-0.4229064704465324,raw,,0
contract,spec_extended_3,legal_civil,0.3396350827663015,0.2130659625236607,contract_vs_expand,0.4229064704465324,reversed,,0
contract,spec_extended_3,legal_civil,0.4254584725838342,0.3679950492853218,mixed_vs_contract,-0.3830127316647957,raw,,0
contract,spec_extended_3,legal_civil,0.4254584725838342,0.3679950492853218,contract_vs_mixed,0.3830127316647957,reversed,,0
contract,spec_extended_3,high_court,0.2849743708198365,0.1395216385236354,expand_vs_contract,0.4210709330286871,raw,,0
contract,spec_extended_3,high_court,0.2849743708198365,0.1395216385236354,contract_vs_expand,-0.4210709330286871,reversed,,0
contract,spec_extended_3,high_court,0.2664036841264808,0.1317500206541114,mixed_vs_contract,0.4015333844143733,raw,,0
contract,spec_extended_3,high_court,0.2664036841264808,0.1317500206541114,contract_vs_mixed,-0.4015333844143733,reversed,,0
contract,spec_extended_3,j_ind_lag1,0.2798819093241856,0.5635932545460758,expand_vs_contract,0.1616353187335887,raw,,0
contract,spec_extended_3,j_ind_lag1,0.2798819093241856,0.5635932545460758,contract_vs_expand,-0.1616353187335887,reversed,,0
contract,spec_extended_3,j_ind_lag1,0.2637107528572479,0.4579851115025942,mixed_vs_contract,-0.1957178746916384,raw,,0
contract,spec_extended_3,j_ind_lag1,0.2637107528572479,0.4579851115025942,contract_vs_mixed,0.1957178746916384,reversed,,0
contract,spec_extended_3_spline,wdj_expression_lag1,0.2803263410674831,0.3396140669077281,expand_vs_contract,-0.267691495497212,raw,,0
contract,spec_extended_3_spline,wdj_expression_lag1,0.2803263410674831,0.3396140669077281,contract_vs_expand,0.267691495497212,reversed,,0
contract,spec_extended_3_spline,wdj_expression_lag1,0.3945948891446184,0.2500382915815922,mixed_vs_contract,-0.4538852881578804,raw,,0
contract,spec_extended_3_spline,wdj_expression_lag1,0.3945948891446184,0.2500382915815922,contract_vs_mixed,0.4538852881578804,reversed,,0
contract,spec_extended_3_spline,v2jupack_lag1,0.1562419768025547,0.1255358260626445,expand_vs_contract,-0.2393542300914062,raw,,0
contract,spec_extended_3_spline,v2jupack_lag1,0.1562419768025547,0.1255358260626445,contract_vs_expand,0.2393542300914062,reversed,,0
contract,spec_extended_3_spline,v2jupack_lag1,0.2275184671282022,0.0218968734829904,mixed_vs_contract,-0.5215069101238724,raw,**,-**
contract,spec_extended_3_spline,v2jupack_lag1,0.2275184671282022,0.0218968734829904,contract_vs_mixed,0.5215069101238724,reversed,**,+**
contract,spec_extended_3_spline,v2x_polyarchy_lag1,1.1901038514492923,0.0035914088075465,expand_vs_contract,3.4655635294856197,raw,***,+***
contract,spec_extended_3_spline,v2x_polyarchy_lag1,1.1901038514492923,0.0035914088075465,contract_vs_expand,-3.4655635294856197,reversed,***,-***
contract,spec_extended_3_spline,v2x_polyarchy_lag1,1.7414755123201855,0.0003128463329773,mixed_vs_contract,6.277015614639563,raw,***,+***
contract,spec_extended_3_spline,v2x_polyarchy_lag1,1.7414755123201855,0.0003128463329773,contract_vs_mixed,-6.277015614639563,reversed,***,-***
contract,spec_extended_3_spline,v2jureview_lag1,0.3300164450519171,0.00923509104052,expand_vs_contract,0.8591075659631621,raw,***,+***
contract,spec_extended_3_spline,v2jureview_lag1,0.3300164450519171,0.00923509104052,contract_vs_expand,-0.8591075659631621,reversed,***,-***
contract,spec_extended_3_spline,v2jureview_lag1,0.3765358971526455,0.2273986981149157,mixed_vs_contract,0.4545115304542308,raw,,0
contract,spec_extended_3_spline,v2jureview_lag1,0.3765358971526455,0.2273986981149157,contract_vs_mixed,-0.4545115304542308,reversed,,0
contract,spec_extended_3_spline,legal_common,0.3633789811886321,1.6815605953359138e-06,expand_vs_contract,-1.7399866659995062,raw,***,-***
contract,spec_extended_3_spline,legal_common,0.3633789811886321,1.6815605953359138e-06,contract_vs_expand,1.7399866659995062,reversed,***,+***
contract,spec_extended_3_spline,legal_common,0.4731327524265038,0.3555687597242291,mixed_vs_contract,-0.4370997489032365,raw,,0
contract,spec_extended_3_spline,legal_common,0.4731327524265038,0.3555687597242291,contract_vs_mixed,0.4370997489032365,reversed,,0
contract,spec_extended_3_spline,legal_civil,0.3460300385162038,0.2413425699749606,expand_vs_contract,-0.4054218172052751,raw,,0
contract,spec_extended_3_spline,legal_civil,0.3460300385162038,0.2413425699749606,contract_vs_expand,0.4054218172052751,reversed,,0
contract,spec_extended_3_spline,legal_civil,0.4168457231107016,0.405196180149284,mixed_vs_contract,-0.3469727925081794,raw,,0
contract,spec_extended_3_spline,legal_civil,0.4168457231107016,0.405196180149284,contract_vs_mixed,0.3469727925081794,reversed,,0
contract,spec_extended_3_spline,high_court,0.330747523203662,0.3447245337032378,expand_vs_contract,0.3125138756864472,raw,,0
contract,spec_extended_3_spline,high_court,0.330747523203662,0.3447245337032378,contract_vs_expand,-0.3125138756864472,reversed,,0
contract,spec_extended_3_spline,high_court,0.2790543549990346,0.1089883877841956,mixed_vs_contract,0.4472562272412264,raw,,0
contract,spec_extended_3_spline,high_court,0.2790543549990346,0.1089883877841956,contract_vs_mixed,-0.4472562272412264,reversed,,0
contract,spec_extended_3_spline,j_ind_lag1,0.2786804828063365,0.447437518101459,expand_vs_contract,0.211711889751242,raw,,0
contract,spec_extended_3_spline,j_ind_lag1,0.2786804828063365,0.447437518101459,contract_vs_expand,-0.211711889751242,reversed,,0
contract,spec_extended_3_spline,j_ind_lag1,0.2810590897717,0.6800923974426045,mixed_vs_contract,-0.1158910754073187,raw,,0
contract,spec_extended_3_spline,j_ind_lag1,0.2810590897717,0.6800923974426045,contract_vs_mixed,0.1158910754073187,reversed,,0
contract,spec_extended_3_spline_interact,v2x_polyarchy_lag1,107.38680214497757,0.0876474179217215,expand_vs_contract,-183.41024854028208,raw,*,-*
contract,spec_extended_3_spline_interact,v2x_polyarchy_lag1,107.38680214497757,0.0876474179217215,contract_vs_expand,183.41024854028208,reversed,*,+*
contract,spec_extended_3_spline_interact,v2x_polyarchy_lag1,174.55801764498,0.24870935045504,mixed_vs_contract,-201.3509147057758,raw,,0
contract,spec_extended_3_spline_interact,v2x_polyarchy_lag1,174.55801764498,0.24870935045504,contract_vs_mixed,201.3509147057758,reversed,,0
contract,spec_extended_3_spline_interact,wdj_expression_lag1,0.3851773909828501,0.4603074746132632,expand_vs_contract,-0.2843921224928786,raw,,0
contract,spec_extended_3_spline_interact,wdj_expression_lag1,0.3851773909828501,0.4603074746132632,contract_vs_expand,0.2843921224928786,reversed,,0
contract,spec_extended_3_spline_interact,wdj_expression_lag1,0.4897595624443949,0.2225073564611234,mixed_vs_contract,-0.5974517859874813,raw,,0
contract,spec_extended_3_spline_interact,wdj_expression_lag1,0.4897595624443949,0.2225073564611234,contract_vs_mixed,0.5974517859874813,reversed,,0
contract,spec_extended_3_spline_interact,v2jupack_lag1,0.1506889335308898,0.0493262730709587,expand_vs_contract,-0.2962183657046844,raw,**,-**
contract,spec_extended_3_spline_interact,v2jupack_lag1,0.1506889335308898,0.0493262730709587,contract_vs_expand,0.2962183657046844,reversed,**,+**
contract,spec_extended_3_spline_interact,v2jupack_lag1,0.2364685794990793,0.0124084607465642,mixed_vs_contract,-0.591244798351438,raw,**,-**
contract,spec_extended_3_spline_interact,v2jupack_lag1,0.2364685794990793,0.0124084607465642,contract_vs_mixed,0.591244798351438,reversed,**,+**
contract,spec_extended_3_spline_interact,v2jureview_lag1,0.3149188650522477,0.0034412357408319,expand_vs_contract,0.9212323620274232,raw,***,+***
contract,spec_extended_3_spline_interact,v2jureview_lag1,0.3149188650522477,0.0034412357408319,contract_vs_expand,-0.9212323620274232,reversed,***,-***
contract,spec_extended_3_spline_interact,v2jureview_lag1,0.38042286842002,0.3348479296769483,mixed_vs_contract,0.366877910959318,raw,,0
contract,spec_extended_3_spline_interact,v2jureview_lag1,0.38042286842002,0.3348479296769483,contract_vs_mixed,-0.366877910959318,reversed,,0
contract,spec_extended_3_spline_interact,legal_common,0.3581335393123768,7.744298025988703e-07,expand_vs_contract,-1.7697897165291057,raw,***,-***
contract,spec_extended_3_spline_interact,legal_common,0.3581335393123768,7.744298025988703e-07,contract_vs_expand,1.7697897165291057,reversed,***,+***
contract,spec_extended_3_spline_interact,legal_common,0.4663376641493825,0.427680208298662,mixed_vs_contract,-0.3698839046046801,raw,,0
contract,spec_extended_3_spline_interact,legal_common,0.4663376641493825,0.427680208298662,contract_vs_mixed,0.3698839046046801,reversed,,0
contract,spec_extended_3_spline_interact,legal_civil,0.3402338517444206,0.2736756889483668,expand_vs_contract,-0.3724325706228971,raw,,0
contract,spec_extended_3_spline_interact,legal_civil,0.3402338517444206,0.2736756889483668,contract_vs_expand,0.3724325706228971,reversed,,0
contract,spec_extended_3_spline_interact,legal_civil,0.4281383016990495,0.3961743877189609,mixed_vs_contract,-0.3632639547893696,raw,,0
contract,spec_extended_3_spline_interact,legal_civil,0.4281383016990495,0.3961743877189609,contract_vs_mixed,0.3632639547893696,reversed,,0
contract,spec_extended_3_spline_interact,high_court,0.3387940089811156,0.435467027780183,expand_vs_contract,0.2642154970612394,raw,,0
contract,spec_extended_3_spline_interact,high_court,0.3387940089811156,0.435467027780183,contract_vs_expand,-0.2642154970612394,reversed,,0
contract,spec_extended_3_spline_interact,high_court,0.2806768104272687,0.161920294423525,mixed_vs_contract,0.3925664414726769,raw,,0
contract,spec_extended_3_spline_interact,high_court,0.2806768104272687,0.161920294423525,contract_vs_mixed,-0.3925664414726769,reversed,,0
contract,spec_extended_3_spline_interact,j_ind_lag1,0.2856070010743812,0.4350263020642272,expand_vs_contract,0.2229504027659523,raw,,0
contract,spec_extended_3_spline_interact,j_ind_lag1,0.2856070010743812,0.4350263020642272,contract_vs_expand,-0.2229504027659523,reversed,,0
contract,spec_extended_3_spline_interact,j_ind_lag1,0.2734941186888635,0.6316753139569793,mixed_vs_contract,-0.1311049209602872,raw,,0
contract,spec_extended_3_spline_interact,j_ind_lag1,0.2734941186888635,0.6316753139569793,contract_vs_mixed,0.1311049209602872,reversed,,0
contract,spec_c_pack,wdj_citizen_lag1,0.4282966931015355,0.5259835016480263,expand_vs_contract,-0.2716039757924491,raw,,0
contract,spec_c_pack,wdj_citizen_lag1,0.4282966931015355,0.5259835016480263,contract_vs_expand,0.2716039757924491,reversed,,0
contract,spec_c_pack,wdj_citizen_lag1,0.6345805385187355,0.1780419914795834,mixed_vs_contract,-0.8546583154292539,raw,,0
contract,spec_c_pack,wdj_citizen_lag1,0.6345805385187355,0.1780419914795834,contract_vs_mixed,0.8546583154292539,reversed,,0
contract,spec_c_pack,v2jupack_lag1,0.1616303157868629,0.1455300662408483,expand_vs_contract,-0.23525340604705,raw,,0
contract,spec_c_pack,v2jupack_lag1,0.1616303157868629,0.1455300662408483,contract_vs_expand,0.23525340604705,reversed,,0
contract,spec_c_pack,v2jupack_lag1,0.2493449147892479,0.0504808746793616,mixed_vs_contract,-0.4876853824954478,raw,*,-*
contract,spec_c_pack,v2jupack_lag1,0.2493449147892479,0.0504808746793616,contract_vs_mixed,0.4876853824954478,reversed,*,+*
contract,spec_c_pack,v2x_polyarchy_lag1,1.2027618411302192,0.0012499471570909,expand_vs_contract,3.8815897239652406,raw,***,+***
contract,spec_c_pack,v2x_polyarchy_lag1,1.2027618411302192,0.0012499471570909,contract_vs_expand,-3.8815897239652406,reversed,***,-***
contract,spec_c_pack,v2x_polyarchy_lag1,1.7748777967459954,7.999972301592806e-05,mixed_vs_contract,7.000829603590883,raw,***,+***
contract,spec_c_pack,v2x_polyarchy_lag1,1.7748777967459954,7.999972301592806e-05,contract_vs_mixed,-7.000829603590883,reversed,***,-***
contract,spec_c_pack,v2jureview_lag1,0.3014818912573272,0.0039958228135997,expand_vs_contract,0.8678130060451862,raw,***,+***
contract,spec_c_pack,v2jureview_lag1,0.3014818912573272,0.0039958228135997,contract_vs_expand,-0.8678130060451862,reversed,***,-***
contract,spec_c_pack,v2jureview_lag1,0.355793164958074,0.2408846034381284,mixed_vs_contract,0.4172666086102284,raw,,0
contract,spec_c_pack,v2jureview_lag1,0.355793164958074,0.2408846034381284,contract_vs_mixed,-0.4172666086102284,reversed,,0
contract,spec_c_pack,legal_common,0.3606774928932138,2.318688820262473e-07,expand_vs_contract,-1.86534627372354,raw,***,-***
contract,spec_c_pack,legal_common,0.3606774928932138,2.318688820262473e-07,contract_vs_expand,1.86534627372354,reversed,***,+***
contract,spec_c_pack,legal_common,0.4894647948778805,0.1312379817169406,mixed_vs_contract,-0.7387188503933948,raw,,0
contract,spec_c_pack,legal_common,0.4894647948778805,0.1312379817169406,contract_vs_mixed,0.7387188503933948,reversed,,0
contract,spec_c_pack,legal_civil,0.3443165533188234,0.2247443498206338,expand_vs_contract,-0.4180033382887451,raw,,0
contract,spec_c_pack,legal_civil,0.3443165533188234,0.2247443498206338,contract_vs_expand,0.4180033382887451,reversed,,0
contract,spec_c_pack,legal_civil,0.425278417279721,0.6171519074645829,mixed_vs_contract,-0.2125928063780081,raw,,0
contract,spec_c_pack,legal_civil,0.425278417279721,0.6171519074645829,contract_vs_mixed,0.2125928063780081,reversed,,0
contract,spec_c_pack,high_court,0.2586586081244903,0.082630169623038,expand_vs_contract,0.4489343364082852,raw,*,+*
contract,spec_c_pack,high_court,0.2586586081244903,0.082630169623038,contract_vs_expand,-0.4489343364082852,reversed,*,-*
contract,spec_c_pack,high_court,0.2662775222447192,0.0929020552543228,mixed_vs_contract,0.4474218839090815,raw,*,+*
contract,spec_c_pack,high_court,0.2662775222447192,0.0929020552543228,contract_vs_mixed,-0.4474218839090815,reversed,*,-*
contract,spec_c_pack,j_ind_lag1,0.2738083934575411,0.5999434317452368,expand_vs_contract,0.1436075361757409,raw,,0
contract,spec_c_pack,j_ind_lag1,0.2738083934575411,0.5999434317452368,contract_vs_expand,-0.1436075361757409,reversed,,0
contract,spec_c_pack,j_ind_lag1,0.2482796378925439,0.3186382659964175,mixed_vs_contract,-0.2475993813871572,raw,,0
contract,spec_c_pack,j_ind_lag1,0.2482796378925439,0.3186382659964175,contract_vs_mixed,0.2475993813871572,reversed,,0
contract,spec_im_pack,wdj_intermediaries_lag1,0.6361327756262417,0.2308873063727868,expand_vs_contract,-0.7621356152564651,raw,,0
contract,spec_im_pack,wdj_intermediaries_lag1,0.6361327756262417,0.2308873063727868,contract_vs_expand,0.7621356152564651,reversed,,0
contract,spec_im_pack,wdj_intermediaries_lag1,0.960761869524406,0.8855578748348321,mixed_vs_contract,-0.1382798654836431,raw,,0
contract,spec_im_pack,wdj_intermediaries_lag1,0.960761869524406,0.8855578748348321,contract_vs_mixed,0.1382798654836431,reversed,,0
contract,spec_im_pack,v2jupack_lag1,0.1516993132171584,0.1585229055725033,expand_vs_contract,-0.2139046513796049,raw,,0
contract,spec_im_pack,v2jupack_lag1,0.1516993132171584,0.1585229055725033,contract_vs_expand,0.2139046513796049,reversed,,0
contract,spec_im_pack,v2jupack_lag1,0.243515766111127,0.0206860669387657,mixed_vs_contract,-0.5634140746584089,raw,**,-**
contract,spec_im_pack,v2jupack_lag1,0.243515766111127,0.0206860669387657,contract_vs_mixed,0.5634140746584089,reversed,**,+**
contract,spec_im_pack,v2x_polyarchy_lag1,1.2198479868223508,0.0014786813512557,expand_vs_contract,3.87769572177659,raw,***,+***
contract,spec_im_pack,v2x_polyarchy_lag1,1.2198479868223508,0.0014786813512557,contract_vs_expand,-3.87769572177659,reversed,***,-***
contract,spec_im_pack,v2x_polyarchy_lag1,1.794211384798306,5.561169929520308e-05,mixed_vs_contract,7.231922421946352,raw,***,+***
contract,spec_im_pack,v2x_polyarchy_lag1,1.794211384798306,5.561169929520308e-05,contract_vs_mixed,-7.231922421946352,reversed,***,-***
contract,spec_im_pack,v2jureview_lag1,0.3061700004338337,0.0041701230542597,expand_vs_contract,0.877176339058818,raw,***,+***
contract,spec_im_pack,v2jureview_lag1,0.3061700004338337,0.0041701230542597,contract_vs_expand,-0.877176339058818,reversed,***,-***
contract,spec_im_pack,v2jureview_lag1,0.377084248050767,0.2311253132666224,mixed_vs_contract,0.4515452359410697,raw,,0
contract,spec_im_pack,v2jureview_lag1,0.377084248050767,0.2311253132666224,contract_vs_mixed,-0.4515452359410697,reversed,,0
contract,spec_im_pack,legal_common,0.3628230896949985,1.335144856976394e-07,expand_vs_contract,-1.9135127341121776,raw,***,-***
contract,spec_im_pack,legal_common,0.3628230896949985,1.335144856976394e-07,contract_vs_expand,1.9135127341121776,reversed,***,+***
contract,spec_im_pack,legal_common,0.5175618297990942,0.1783879997050128,mixed_vs_contract,-0.6965010607759513,raw,,0
contract,spec_im_pack,legal_common,0.5175618297990942,0.1783879997050128,contract_vs_mixed,0.6965010607759513,reversed,,0
contract,spec_im_pack,legal_civil,0.3343790163381074,0.3313445798821743,expand_vs_contract,-0.3248188320157175,raw,,0
contract,spec_im_pack,legal_civil,0.3343790163381074,0.3313445798821743,contract_vs_expand,0.3248188320157175,reversed,,0
contract,spec_im_pack,legal_civil,0.4770408694393938,0.313246206397498,mixed_vs_contract,-0.4810641834481872,raw,,0
contract,spec_im_pack,legal_civil,0.4770408694393938,0.313246206397498,contract_vs_mixed,0.4810641834481872,reversed,,0
contract,spec_im_pack,high_court,0.2613553749930705,0.0896678881989756,expand_vs_contract,0.4435598513943657,raw,*,+*
contract,spec_im_pack,high_court,0.2613553749930705,0.0896678881989756,contract_vs_expand,-0.4435598513943657,reversed,*,-*
contract,spec_im_pack,high_court,0.2671099120494007,0.1005400214857815,mixed_vs_contract,0.4386589102168416,raw,,0
contract,spec_im_pack,high_court,0.2671099120494007,0.1005400214857815,contract_vs_mixed,-0.4386589102168416,reversed,,0
contract,spec_im_pack,j_ind_lag1,0.2704223542045066,0.6264104369646706,expand_vs_contract,0.1316376465751931,raw,,0
contract,spec_im_pack,j_ind_lag1,0.2704223542045066,0.6264104369646706,contract_vs_expand,-0.1316376465751931,reversed,,0
contract,spec_im_pack,j_ind_lag1,0.2533408944701332,0.3672874524934743,mixed_vs_contract,-0.2284035399835431,raw,,0
contract,spec_im_pack,j_ind_lag1,0.2533408944701332,0.3672874524934743,contract_vs_mixed,0.2284035399835431,reversed,,0
contract,spec_p_pack,wdj_press_lag1,0.6103532455099405,0.4042744895223749,expand_vs_contract,-0.5090416409655653,raw,,0
contract,spec_p_pack,wdj_press_lag1,0.6103532455099405,0.4042744895223749,contract_vs_expand,0.5090416409655653,reversed,,0
contract,spec_p_pack,wdj_press_lag1,0.6735910203213608,0.0325770628288062,mixed_vs_contract,-1.4396373832813298,raw,**,-**
contract,spec_p_pack,wdj_press_lag1,0.6735910203213608,0.0325770628288062,contract_vs_mixed,1.4396373832813298,reversed,**,+**
contract,spec_p_pack,v2jupack_lag1,0.1582502422418494,0.1333606805257724,expand_vs_contract,-0.2375304816731795,raw,,0
contract,spec_p_pack,v2jupack_lag1,0.1582502422418494,0.1333606805257724,contract_vs_expand,0.2375304816731795,reversed,,0
contract,spec_p_pack,v2jupack_lag1,0.2392190475793652,0.0420195399153667,mixed_vs_contract,-0.4864104469313401,raw,**,-**
contract,spec_p_pack,v2jupack_lag1,0.2392190475793652,0.0420195399153667,contract_vs_mixed,0.4864104469313401,reversed,**,+**
contract,spec_p_pack,v2x_polyarchy_lag1,1.2104722807711337,0.0009178253784588,expand_vs_contract,4.012201220535018,raw,***,+***
contract,spec_p_pack,v2x_polyarchy_lag1,1.2104722807711337,0.0009178253784588,contract_vs_expand,-4.012201220535018,reversed,***,-***
contract,spec_p_pack,v2x_polyarchy_lag1,1.6915356417192586,1.5349711556177435e-05,mixed_vs_contract,7.313539037425776,raw,***,+***
contract,spec_p_pack,v2x_polyarchy_lag1,1.6915356417192586,1.5349711556177435e-05,contract_vs_mixed,-7.313539037425776,reversed,***,-***
contract,spec_p_pack,v2jureview_lag1,0.3258988827785429,0.0048666428928908,expand_vs_contract,0.9176435169235408,raw,***,+***
contract,spec_p_pack,v2jureview_lag1,0.3258988827785429,0.0048666428928908,contract_vs_expand,-0.9176435169235408,reversed,***,-***
contract,spec_p_pack,v2jureview_lag1,0.3882180773691603,0.2061225358765601,mixed_vs_contract,0.4908239353031366,raw,,0
contract,spec_p_pack,v2jureview_lag1,0.3882180773691603,0.2061225358765601,contract_vs_mixed,-0.4908239353031366,reversed,,0
contract,spec_p_pack,legal_common,0.3608904320511915,1.1635559563468997e-07,expand_vs_contract,-1.9124054137577653,raw,***,-***
contract,spec_p_pack,legal_common,0.3608904320511915,1.1635559563468997e-07,contract_vs_expand,1.9124054137577653,reversed,***,+***
contract,spec_p_pack,legal_common,0.4615365747178896,0.0620320412103221,mixed_vs_contract,-0.861258009800423,raw,*,-*
contract,spec_p_pack,legal_common,0.4615365747178896,0.0620320412103221,contract_vs_mixed,0.861258009800423,reversed,*,+*
contract,spec_p_pack,legal_civil,0.3525674725731368,0.2453626930944954,expand_vs_contract,-0.409572993188568,raw,,0
contract,spec_p_pack,legal_civil,0.3525674725731368,0.2453626930944954,contract_vs_expand,0.409572993188568,reversed,,0
contract,spec_p_pack,legal_civil,0.4207226213403773,0.5888863716242063,mixed_vs_contract,-0.2273797617953306,raw,,0
contract,spec_p_pack,legal_civil,0.4207226213403773,0.5888863716242063,contract_vs_mixed,0.2273797617953306,reversed,,0
contract,spec_p_pack,high_court,0.2602695097637379,0.0787441079797659,expand_vs_contract,0.457559001099485,raw,*,+*
contract,spec_p_pack,high_court,0.2602695097637379,0.0787441079797659,contract_vs_expand,-0.457559001099485,reversed,*,-*
contract,spec_p_pack,high_court,0.2707700420890883,0.0871300971140891,mixed_vs_contract,0.4632157093648853,raw,*,+*
contract,spec_p_pack,high_court,0.2707700420890883,0.0871300971140891,contract_vs_mixed,-0.4632157093648853,reversed,*,-*
contract,spec_p_pack,j_ind_lag1,0.2757114057775315,0.619641956935415,expand_vs_contract,0.1368515209186703,raw,,0
contract,spec_p_pack,j_ind_lag1,0.2757114057775315,0.619641956935415,contract_vs_expand,-0.1368515209186703,reversed,,0
contract,spec_p_pack,j_ind_lag1,0.2462265636071967,0.3294420630674345,mixed_vs_contract,-0.2401295777405813,raw,,0
contract,spec_p_pack,j_ind_lag1,0.2462265636071967,0.3294420630674345,contract_vs_mixed,0.2401295777405813,reversed,,0
contract,spec_govprot_pack,wdj_govprot_lag1,0.2478250968361102,0.4791311658269327,expand_vs_contract,-0.1753859852524256,raw,,0
contract,spec_govprot_pack,wdj_govprot_lag1,0.2478250968361102,0.4791311658269327,contract_vs_expand,0.1753859852524256,reversed,,0
contract,spec_govprot_pack,wdj_govprot_lag1,0.2648711158740306,0.349261318614061,mixed_vs_contract,-0.2479254704863584,raw,,0
contract,spec_govprot_pack,wdj_govprot_lag1,0.2648711158740306,0.349261318614061,contract_vs_mixed,0.2479254704863584,reversed,,0
contract,spec_govprot_pack,v2jupack_lag1,0.1550038237352609,0.103076755579234,expand_vs_contract,-0.2526743797612577,raw,,0
contract,spec_govprot_pack,v2jupack_lag1,0.1550038237352609,0.103076755579234,contract_vs_expand,0.2526743797612577,reversed,,0
contract,spec_govprot_pack,v2jupack_lag1,0.2433326941195762,0.020057881527017,mixed_vs_contract,-0.5658126010818539,raw,**,-**
contract,spec_govprot_pack,v2jupack_lag1,0.2433326941195762,0.020057881527017,contract_vs_mixed,0.5658126010818539,reversed,**,+**
contract,spec_govprot_pack,v2x_polyarchy_lag1,1.2301338706868603,0.0019968544523884,expand_vs_contract,3.801974440964948,raw,***,+***
contract,spec_govprot_pack,v2x_polyarchy_lag1,1.2301338706868603,0.0019968544523884,contract_vs_expand,-3.801974440964948,reversed,***,-***
contract,spec_govprot_pack,v2x_polyarchy_lag1,1.8180495187714516,0.0001221593626028,mixed_vs_contract,6.984494893732455,raw,***,+***
contract,spec_govprot_pack,v2x_polyarchy_lag1,1.8180495187714516,0.0001221593626028,contract_vs_mixed,-6.984494893732455,reversed,***,-***
contract,spec_govprot_pack,v2jureview_lag1,0.325259157204573,0.005445759640565,expand_vs_contract,0.9040288362139248,raw,***,+***
contract,spec_govprot_pack,v2jureview_lag1,0.325259157204573,0.005445759640565,contract_vs_expand,-0.9040288362139248,reversed,***,-***
contract,spec_govprot_pack,v2jureview_lag1,0.3829517555113113,0.210440859087154,mixed_vs_contract,0.4795912059827275,raw,,0
contract,spec_govprot_pack,v2jureview_lag1,0.3829517555113113,0.210440859087154,contract_vs_mixed,-0.4795912059827275,reversed,,0
contract,spec_govprot_pack,legal_common,0.342273422853261,1.5837024486220717e-07,expand_vs_contract,-1.7943864144699144,raw,***,-***
contract,spec_govprot_pack,legal_common,0.342273422853261,1.5837024486220717e-07,contract_vs_expand,1.7943864144699144,reversed,***,+***
contract,spec_govprot_pack,legal_common,0.4851240963187948,0.1938741675579565,mixed_vs_contract,-0.6302748293249956,raw,,0
contract,spec_govprot_pack,legal_common,0.4851240963187948,0.1938741675579565,contract_vs_mixed,0.6302748293249956,reversed,,0
contract,spec_govprot_pack,legal_civil,0.3425925007878633,0.2037824430842746,expand_vs_contract,-0.4353832694091454,raw,,0
contract,spec_govprot_pack,legal_civil,0.3425925007878633,0.2037824430842746,contract_vs_expand,0.4353832694091454,reversed,,0
contract,spec_govprot_pack,legal_civil,0.4312027603223566,0.3693499670275049,mixed_vs_contract,-0.3870871135798122,raw,,0
contract,spec_govprot_pack,legal_civil,0.4312027603223566,0.3693499670275049,contract_vs_mixed,0.3870871135798122,reversed,,0
contract,spec_govprot_pack,high_court,0.2804438256438835,0.1374553636547131,expand_vs_contract,0.4165527555444829,raw,,0
contract,spec_govprot_pack,high_court,0.2804438256438835,0.1374553636547131,contract_vs_expand,-0.4165527555444829,reversed,,0
contract,spec_govprot_pack,high_court,0.2667517062633405,0.1426008625439935,mixed_vs_contract,0.3911044429560362,raw,,0
contract,spec_govprot_pack,high_court,0.2667517062633405,0.1426008625439935,contract_vs_mixed,-0.3911044429560362,reversed,,0
contract,spec_govprot_pack,j_ind_lag1,0.2998725132980326,0.5624865984699534,expand_vs_contract,0.1736717734207219,raw,,0
contract,spec_govprot_pack,j_ind_lag1,0.2998725132980326,0.5624865984699534,contract_vs_expand,-0.1736717734207219,reversed,,0
contract,spec_govprot_pack,j_ind_lag1,0.2821033093603717,0.5373349043243043,mixed_vs_contract,-0.1740148980432649,raw,,0
contract,spec_govprot_pack,j_ind_lag1,0.2821033093603717,0.5373349043243043,contract_vs_mixed,0.1740148980432649,reversed,,0
contract,spec_c_reform,wdj_citizen_lag1,0.4149811491510078,0.5223298281594027,expand_vs_contract,-0.2654875824841903,raw,,0
contract,spec_c_reform,wdj_citizen_lag1,0.4149811491510078,0.5223298281594027,contract_vs_expand,0.2654875824841903,reversed,,0
contract,spec_c_reform,wdj_citizen_lag1,0.6425469799167699,0.1412236868019548,mixed_vs_contract,-0.9453468471866076,raw,,0
contract,spec_c_reform,wdj_citizen_lag1,0.6425469799167699,0.1412236868019548,contract_vs_mixed,0.9453468471866076,reversed,,0
contract,spec_c_reform,v2jureform_lag1,0.1231639777943772,0.0078101555139929,expand_vs_contract,-0.3276369407879561,raw,***,-***
contract,spec_c_reform,v2jureform_lag1,0.1231639777943772,0.0078101555139929,contract_vs_expand,0.3276369407879561,reversed,***,+***
contract,spec_c_reform,v2jureform_lag1,0.2330233423576172,0.4567385528043185,mixed_vs_contract,-0.1734224954535169,raw,,0
contract,spec_c_reform,v2jureform_lag1,0.2330233423576172,0.4567385528043185,contract_vs_mixed,0.1734224954535169,reversed,,0
contract,spec_c_reform,v2x_polyarchy_lag1,1.2298069966708147,0.0036621457139505,expand_vs_contract,3.5736792222660174,raw,***,+***
contract,spec_c_reform,v2x_polyarchy_lag1,1.2298069966708147,0.0036621457139505,contract_vs_expand,-3.5736792222660174,reversed,***,-***
contract,spec_c_reform,v2x_polyarchy_lag1,1.3409049476003116,6.408871611352147e-05,mixed_vs_contract,5.359902058755812,raw,***,+***
contract,spec_c_reform,v2x_polyarchy_lag1,1.3409049476003116,6.408871611352147e-05,contract_vs_mixed,-5.359902058755812,reversed,***,-***
contract,spec_c_reform,v2jureview_lag1,0.2996335245492819,0.0083905220917417,expand_vs_contract,0.7898151993639282,raw,***,+***
contract,spec_c_reform,v2jureview_lag1,0.2996335245492819,0.0083905220917417,contract_vs_expand,-0.7898151993639282,reversed,***,-***
contract,spec_c_reform,v2jureview_lag1,0.3413985415914858,0.3324381877916798,mixed_vs_contract,0.3308884100396943,raw,,0
contract,spec_c_reform,v2jureview_lag1,0.3413985415914858,0.3324381877916798,contract_vs_mixed,-0.3308884100396943,reversed,,0
contract,spec_c_reform,legal_common,0.3603586180282945,5.171201186267567e-10,expand_vs_contract,-2.23920331494596,raw,***,-***
contract,spec_c_reform,legal_common,0.3603586180282945,5.171201186267567e-10,contract_vs_expand,2.23920331494596,reversed,***,+***
contract,spec_c_reform,legal_common,0.521858102650417,0.0681504734907755,mixed_vs_contract,-0.9518746979790264,raw,*,-*
contract,spec_c_reform,legal_common,0.521858102650417,0.0681504734907755,contract_vs_mixed,0.9518746979790264,reversed,*,+*
contract,spec_c_reform,legal_civil,0.3587577844026176,0.0664173506321888,expand_vs_contract,-0.6585345444481482,raw,*,-*
contract,spec_c_reform,legal_civil,0.3587577844026176,0.0664173506321888,contract_vs_expand,0.6585345444481482,reversed,*,+*
contract,spec_c_reform,legal_civil,0.4443349900834534,0.7359091029679251,mixed_vs_contract,-0.1498633790483311,raw,,0
contract,spec_c_reform,legal_civil,0.4443349900834534,0.7359091029679251,contract_vs_mixed,0.1498633790483311,reversed,,0
contract,spec_c_reform,high_court,0.2617556666026358,0.0996585926178217,expand_vs_contract,0.4309835902825646,raw,*,+*
contract,spec_c_reform,high_court,0.2617556666026358,0.0996585926178217,contract_vs_expand,-0.4309835902825646,reversed,*,-*
contract,spec_c_reform,high_court,0.2858631214786228,0.0941090418871003,mixed_vs_contract,0.4785662243510091,raw,*,+*
contract,spec_c_reform,high_court,0.2858631214786228,0.0941090418871003,contract_vs_mixed,-0.4785662243510091,reversed,*,-*
contract,spec_c_reform,j_ind_lag1,0.2573555170157244,0.3654295815274211,expand_vs_contract,0.2329241372194255,raw,,0
contract,spec_c_reform,j_ind_lag1,0.2573555170157244,0.3654295815274211,contract_vs_expand,-0.2329241372194255,reversed,,0
contract,spec_c_reform,j_ind_lag1,0.2399149679821381,0.4556860990095969,mixed_vs_contract,-0.1789691457134377,raw,,0
contract,spec_c_reform,j_ind_lag1,0.2399149679821381,0.4556860990095969,contract_vs_mixed,0.1789691457134377,reversed,,0
contract,spec_im_reform,wdj_intermediaries_lag1,0.6067668583139761,0.1870483988414658,expand_vs_contract,-0.8005446282264371,raw,,0
contract,spec_im_reform,wdj_intermediaries_lag1,0.6067668583139761,0.1870483988414658,contract_vs_expand,0.8005446282264371,reversed,,0
contract,spec_im_reform,wdj_intermediaries_lag1,0.950402695844778,0.6911015052994256,mixed_vs_contract,-0.3776526630740173,raw,,0
contract,spec_im_reform,wdj_intermediaries_lag1,0.950402695844778,0.6911015052994256,contract_vs_mixed,0.3776526630740173,reversed,,0
contract,spec_im_reform,v2jureform_lag1,0.1198651537319595,0.0068346702230664,expand_vs_contract,-0.3242105818550567,raw,***,-***
contract,spec_im_reform,v2jureform_lag1,0.1198651537319595,0.0068346702230664,contract_vs_expand,0.3242105818550567,reversed,***,+***
contract,spec_im_reform,v2jureform_lag1,0.2496959710863998,0.4789148896722808,mixed_vs_contract,-0.1767969582281187,raw,,0
contract,spec_im_reform,v2jureform_lag1,0.2496959710863998,0.4789148896722808,contract_vs_mixed,0.1767969582281187,reversed,,0
contract,spec_im_reform,v2x_polyarchy_lag1,1.1953919906396615,0.0021985176769459,expand_vs_contract,3.6603092924606098,raw,***,+***
contract,spec_im_reform,v2x_polyarchy_lag1,1.1953919906396615,0.0021985176769459,contract_vs_expand,-3.6603092924606098,reversed,***,-***
contract,spec_im_reform,v2x_polyarchy_lag1,1.3798209870175646,0.0001008407146666,mixed_vs_contract,5.365516790637891,raw,***,+***
contract,spec_im_reform,v2x_polyarchy_lag1,1.3798209870175646,0.0001008407146666,contract_vs_mixed,-5.365516790637891,reversed,***,-***
contract,spec_im_reform,v2jureview_lag1,0.3054526853249772,0.0088041058711521,expand_vs_contract,0.8001542684658881,raw,***,+***
contract,spec_im_reform,v2jureview_lag1,0.3054526853249772,0.0088041058711521,contract_vs_expand,-0.8001542684658881,reversed,***,-***
contract,spec_im_reform,v2jureview_lag1,0.3604013547548759,0.3267278518695841,mixed_vs_contract,0.3534549986919635,raw,,0
contract,spec_im_reform,v2jureview_lag1,0.3604013547548759,0.3267278518695841,contract_vs_mixed,-0.3534549986919635,reversed,,0
contract,spec_im_reform,legal_common,0.3672156119566086,4.849569347233865e-10,expand_vs_contract,-2.2855119773664123,raw,***,-***
contract,spec_im_reform,legal_common,0.3672156119566086,4.849569347233865e-10,contract_vs_expand,2.2855119773664123,reversed,***,+***
contract,spec_im_reform,legal_common,0.5547148507030157,0.0987786857730122,mixed_vs_contract,-0.9157252699148294,raw,*,-*
contract,spec_im_reform,legal_common,0.5547148507030157,0.0987786857730122,contract_vs_mixed,0.9157252699148294,reversed,*,+*
contract,spec_im_reform,legal_civil,0.3475576284041143,0.1048394038083603,expand_vs_contract,-0.5636799551621308,raw,,0
contract,spec_im_reform,legal_civil,0.3475576284041143,0.1048394038083603,contract_vs_expand,0.5636799551621308,reversed,,0
contract,spec_im_reform,legal_civil,0.4982131315410935,0.452294652900739,mixed_vs_contract,-0.3744544971083525,raw,,0
contract,spec_im_reform,legal_civil,0.4982131315410935,0.452294652900739,contract_vs_mixed,0.3744544971083525,reversed,,0
contract,spec_im_reform,high_court,0.2625306674149941,0.1093398070922219,expand_vs_contract,0.4203555937266107,raw,,0
contract,spec_im_reform,high_court,0.2625306674149941,0.1093398070922219,contract_vs_expand,-0.4203555937266107,reversed,,0
contract,spec_im_reform,high_court,0.2891906220365353,0.1045616459965214,mixed_vs_contract,0.4693939361040251,raw,,0
contract,spec_im_reform,high_court,0.2891906220365353,0.1045616459965214,contract_vs_mixed,-0.4693939361040251,reversed,,0
contract,spec_im_reform,j_ind_lag1,0.2515256782475718,0.3935235910226858,expand_vs_contract,0.214612964864985,raw,,0
contract,spec_im_reform,j_ind_lag1,0.2515256782475718,0.3935235910226858,contract_vs_expand,-0.214612964864985,reversed,,0
contract,spec_im_reform,j_ind_lag1,0.2554912452006407,0.4929600463026335,mixed_vs_contract,-0.1751669587377511,raw,,0
contract,spec_im_reform,j_ind_lag1,0.2554912452006407,0.4929600463026335,contract_vs_mixed,0.1751669587377511,reversed,,0
contract,spec_p_reform,wdj_press_lag1,0.5274447436321386,0.2738332982876801,expand_vs_contract,-0.5771709058234258,raw,,0
contract,spec_p_reform,wdj_press_lag1,0.5274447436321386,0.2738332982876801,contract_vs_expand,0.5771709058234258,reversed,,0
contract,spec_p_reform,wdj_press_lag1,0.5603815305745942,0.0039134952459869,mixed_vs_contract,-1.6167296259429964,raw,***,-***
contract,spec_p_reform,wdj_press_lag1,0.5603815305745942,0.0039134952459869,contract_vs_mixed,1.6167296259429964,reversed,***,+***
contract,spec_p_reform,v2jureform_lag1,0.119582794921036,0.005576364513533,expand_vs_contract,-0.3314481622931179,raw,***,-***
contract,spec_p_reform,v2jureform_lag1,0.119582794921036,0.005576364513533,contract_vs_expand,0.3314481622931179,reversed,***,+***
contract,spec_p_reform,v2jureform_lag1,0.2351010230215241,0.3970621106406204,mixed_vs_contract,-0.1991023124642203,raw,,0
contract,spec_p_reform,v2jureform_lag1,0.2351010230215241,0.3970621106406204,contract_vs_mixed,0.1991023124642203,reversed,,0
contract,spec_p_reform,v2x_polyarchy_lag1,1.2016734421635251,0.0019680638916333,expand_vs_contract,3.719191089179197,raw,***,+***
contract,spec_p_reform,v2x_polyarchy_lag1,1.2016734421635251,0.0019680638916333,contract_vs_expand,-3.719191089179197,reversed,***,-***
contract,spec_p_reform,v2x_polyarchy_lag1,1.2892950620254218,8.054495492137323e-06,mixed_vs_contract,5.755065374621576,raw,***,+***
contract,spec_p_reform,v2x_polyarchy_lag1,1.2892950620254218,8.054495492137323e-06,contract_vs_mixed,-5.755065374621576,reversed,***,-***
contract,spec_p_reform,v2jureview_lag1,0.3229984760156904,0.0091144388000177,expand_vs_contract,0.8422933345281006,raw,***,+***
contract,spec_p_reform,v2jureview_lag1,0.3229984760156904,0.0091144388000177,contract_vs_expand,-0.8422933345281006,reversed,***,-***
contract,spec_p_reform,v2jureview_lag1,0.3774638784852341,0.2729617157115397,mixed_vs_contract,0.4138013927526823,raw,,0
contract,spec_p_reform,v2jureview_lag1,0.3774638784852341,0.2729617157115397,contract_vs_mixed,-0.4138013927526823,reversed,,0
contract,spec_p_reform,legal_common,0.3788929233520208,1.2623130017643701e-09,expand_vs_contract,-2.30068389708565,raw,***,-***
contract,spec_p_reform,legal_common,0.3788929233520208,1.2623130017643701e-09,contract_vs_expand,2.30068389708565,reversed,***,+***
contract,spec_p_reform,legal_common,0.5298515213256135,0.0357943695177972,mixed_vs_contract,-1.1122938069217183,raw,**,-**
contract,spec_p_reform,legal_common,0.5298515213256135,0.0357943695177972,contract_vs_mixed,1.1122938069217183,reversed,**,+**
contract,spec_p_reform,legal_civil,0.359421473992687,0.0707865493523441,expand_vs_contract,-0.6494186644417062,raw,*,-*
contract,spec_p_reform,legal_civil,0.359421473992687,0.0707865493523441,contract_vs_expand,0.6494186644417062,reversed,*,+*
contract,spec_p_reform,legal_civil,0.4486222391394298,0.6782087330376583,mixed_vs_contract,-0.1861372747458095,raw,,0
contract,spec_p_reform,legal_civil,0.4486222391394298,0.6782087330376583,contract_vs_mixed,0.1861372747458095,reversed,,0
contract,spec_p_reform,high_court,0.2616697080417927,0.0947371623302109,expand_vs_contract,0.4372295700390171,raw,*,+*
contract,spec_p_reform,high_court,0.2616697080417927,0.0947371623302109,contract_vs_expand,-0.4372295700390171,reversed,*,-*
contract,spec_p_reform,high_court,0.286032544906285,0.0882407467390412,mixed_vs_contract,0.4876144616210781,raw,*,+*
contract,spec_p_reform,high_court,0.286032544906285,0.0882407467390412,contract_vs_mixed,-0.4876144616210781,reversed,*,-*
contract,spec_p_reform,j_ind_lag1,0.2555360591093397,0.3777512592017151,expand_vs_contract,0.2253948768034089,raw,,0
contract,spec_p_reform,j_ind_lag1,0.2555360591093397,0.3777512592017151,contract_vs_expand,-0.2253948768034089,reversed,,0
contract,spec_p_reform,j_ind_lag1,0.2370913924534971,0.4887224938063927,mixed_vs_contract,-0.1641483614498962,raw,,0
contract,spec_p_reform,j_ind_lag1,0.2370913924534971,0.4887224938063927,contract_vs_mixed,0.1641483614498962,reversed,,0
contract,spec_govprot_reform,wdj_govprot_lag1,0.2433757625437733,0.5233699924041348,expand_vs_contract,-0.1553125046454125,raw,,0
contract,spec_govprot_reform,wdj_govprot_lag1,0.2433757625437733,0.5233699924041348,contract_vs_expand,0.1553125046454125,reversed,,0
contract,spec_govprot_reform,wdj_govprot_lag1,0.31762352381859,0.5029461680533774,mixed_vs_contract,-0.2127637284607222,raw,,0
contract,spec_govprot_reform,wdj_govprot_lag1,0.31762352381859,0.5029461680533774,contract_vs_mixed,0.2127637284607222,reversed,,0
contract,spec_govprot_reform,v2jureform_lag1,0.1221276737874227,0.0059954722369585,expand_vs_contract,-0.3356103783062483,raw,***,-***
contract,spec_govprot_reform,v2jureform_lag1,0.1221276737874227,0.0059954722369585,contract_vs_expand,0.3356103783062483,reversed,***,+***
contract,spec_govprot_reform,v2jureform_lag1,0.2476653468690822,0.4560198666039884,mixed_vs_contract,-0.1846138792977692,raw,,0
contract,spec_govprot_reform,v2jureform_lag1,0.2476653468690822,0.4560198666039884,contract_vs_mixed,0.1846138792977692,reversed,,0
contract,spec_govprot_reform,v2x_polyarchy_lag1,1.2315100197460094,0.0049720110591126,expand_vs_contract,3.459116515069003,raw,***,+***
contract,spec_govprot_reform,v2x_polyarchy_lag1,1.2315100197460094,0.0049720110591126,contract_vs_expand,-3.459116515069003,reversed,***,-***
contract,spec_govprot_reform,v2x_polyarchy_lag1,1.4483268308158874,0.0004331622367072,mixed_vs_contract,5.096674954105146,raw,***,+***
contract,spec_govprot_reform,v2x_polyarchy_lag1,1.4483268308158874,0.0004331622367072,contract_vs_mixed,-5.096674954105146,reversed,***,-***
contract,spec_govprot_reform,v2jureview_lag1,0.32306946254964,0.0102871662664274,expand_vs_contract,0.8290040462417945,raw,**,+**
contract,spec_govprot_reform,v2jureview_lag1,0.32306946254964,0.0102871662664274,contract_vs_expand,-0.8290040462417945,reversed,**,-**
contract,spec_govprot_reform,v2jureview_lag1,0.3699604073428812,0.2958118285485651,mixed_vs_contract,0.3867776781840665,raw,,0
contract,spec_govprot_reform,v2jureview_lag1,0.3699604073428812,0.2958118285485651,contract_vs_mixed,-0.3867776781840665,reversed,,0
contract,spec_govprot_reform,legal_common,0.3519848106521275,5.227343156276243e-10,expand_vs_contract,-2.1865729919018464,raw,***,-***
contract,spec_govprot_reform,legal_common,0.3519848106521275,5.227343156276243e-10,contract_vs_expand,2.1865729919018464,reversed,***,+***
contract,spec_govprot_reform,legal_common,0.5381361014331185,0.1143994717865043,mixed_vs_contract,-0.8495681572758693,raw,,0
contract,spec_govprot_reform,legal_common,0.5381361014331185,0.1143994717865043,contract_vs_mixed,0.8495681572758693,reversed,,0
contract,spec_govprot_reform,legal_civil,0.3684277215207429,0.0674780038080097,expand_vs_contract,-0.6736615919569641,raw,*,-*
contract,spec_govprot_reform,legal_civil,0.3684277215207429,0.0674780038080097,contract_vs_expand,0.6736615919569641,reversed,*,+*
contract,spec_govprot_reform,legal_civil,0.4779081567893905,0.480221234020986,mixed_vs_contract,-0.3373777247789303,raw,,0
contract,spec_govprot_reform,legal_civil,0.4779081567893905,0.480221234020986,contract_vs_mixed,0.3373777247789303,reversed,,0
contract,spec_govprot_reform,high_court,0.2746812112019079,0.1409044726606337,expand_vs_contract,0.4044491858388045,raw,,0
contract,spec_govprot_reform,high_court,0.2746812112019079,0.1409044726606337,contract_vs_expand,-0.4044491858388045,reversed,,0
contract,spec_govprot_reform,high_court,0.2737462595755858,0.1116029739287333,mixed_vs_contract,0.4355383295091001,raw,,0
contract,spec_govprot_reform,high_court,0.2737462595755858,0.1116029739287333,contract_vs_mixed,-0.4355383295091001,reversed,,0
contract,spec_govprot_reform,j_ind_lag1,0.283278852496766,0.3520416374039625,expand_vs_contract,0.2636296341689423,raw,,0
contract,spec_govprot_reform,j_ind_lag1,0.283278852496766,0.3520416374039625,contract_vs_expand,-0.2636296341689423,reversed,,0
contract,spec_govprot_reform,j_ind_lag1,0.2868891984859059,0.7014701797699123,mixed_vs_contract,-0.1099751397569853,raw,,0
contract,spec_govprot_reform,j_ind_lag1,0.2868891984859059,0.7014701797699123,contract_vs_mixed,0.1099751397569853,reversed,,0
contract,spec_c_attack,wdj_citizen_lag1,0.4045533935108674,0.4092726640899305,expand_vs_contract,-0.3338270475092568,raw,,0
contract,spec_c_attack,wdj_citizen_lag1,0.4045533935108674,0.4092726640899305,contract_vs_expand,0.3338270475092568,reversed,,0
contract,spec_c_attack,wdj_citizen_lag1,0.6421097368262516,0.1216182633072712,mixed_vs_contract,-0.9939966292271186,raw,,0
contract,spec_c_attack,wdj_citizen_lag1,0.6421097368262516,0.1216182633072712,contract_vs_mixed,0.9939966292271186,reversed,,0
contract,spec_c_attack,v2jupoatck_lag1,0.122443264886035,0.2214449267261559,expand_vs_contract,-0.1497107643452136,raw,,0
contract,spec_c_attack,v2jupoatck_lag1,0.122443264886035,0.2214449267261559,contract_vs_expand,0.1497107643452136,reversed,,0
contract,spec_c_attack,v2jupoatck_lag1,0.1025035794206185,0.076764333315399,mixed_vs_contract,-0.1814084548281841,raw,*,-*
contract,spec_c_attack,v2jupoatck_lag1,0.1025035794206185,0.076764333315399,contract_vs_mixed,0.1814084548281841,reversed,*,+*
contract,spec_c_attack,v2x_polyarchy_lag1,1.1663897908023817,0.0031465527277262,expand_vs_contract,3.444402475291411,raw,***,+***
contract,spec_c_attack,v2x_polyarchy_lag1,1.1663897908023817,0.0031465527277262,contract_vs_expand,-3.444402475291411,reversed,***,-***
contract,spec_c_attack,v2x_polyarchy_lag1,1.315569112569518,1.4904425466371888e-05,mixed_vs_contract,5.696540740162513,raw,***,+***
contract,spec_c_attack,v2x_polyarchy_lag1,1.315569112569518,1.4904425466371888e-05,contract_vs_mixed,-5.696540740162513,reversed,***,-***
contract,spec_c_attack,v2jureview_lag1,0.3031682725635865,0.0123128022277821,expand_vs_contract,0.7588454541255935,raw,**,+**
contract,spec_c_attack,v2jureview_lag1,0.3031682725635865,0.0123128022277821,contract_vs_expand,-0.7588454541255935,reversed,**,-**
contract,spec_c_attack,v2jureview_lag1,0.336020690293891,0.4343582860380809,mixed_vs_contract,0.2626860180796416,raw,,0
contract,spec_c_attack,v2jureview_lag1,0.336020690293891,0.4343582860380809,contract_vs_mixed,-0.2626860180796416,reversed,,0
contract,spec_c_attack,legal_common,0.3452481047668488,1.0732797342429163e-07,expand_vs_contract,-1.8345995752637865,raw,***,-***
contract,spec_c_attack,legal_common,0.3452481047668488,1.0732797342429163e-07,contract_vs_expand,1.8345995752637865,reversed,***,+***
contract,spec_c_attack,legal_common,0.4890898225575734,0.144854304981847,mixed_vs_contract,-0.713068542899116,raw,,0
contract,spec_c_attack,legal_common,0.4890898225575734,0.144854304981847,contract_vs_mixed,0.713068542899116,reversed,,0
contract,spec_c_attack,legal_civil,0.3473897016936426,0.2740956887698642,expand_vs_contract,-0.3799328998365638,raw,,0
contract,spec_c_attack,legal_civil,0.3473897016936426,0.2740956887698642,contract_vs_expand,0.3799328998365638,reversed,,0
contract,spec_c_attack,legal_civil,0.4046365363560199,0.8811091820007829,mixed_vs_contract,-0.0605187668469275,raw,,0
contract,spec_c_attack,legal_civil,0.4046365363560199,0.8811091820007829,contract_vs_mixed,0.0605187668469275,reversed,,0
contract,spec_c_attack,high_court,0.2748840817613823,0.0440825644976678,expand_vs_contract,0.5534254653467275,raw,**,+**
contract,spec_c_attack,high_court,0.2748840817613823,0.0440825644976678,contract_vs_expand,-0.5534254653467275,reversed,**,-**
contract,spec_c_attack,high_court,0.279329191293814,0.0351124309778147,mixed_vs_contract,0.5885631983408027,raw,**,+**
contract,spec_c_attack,high_court,0.279329191293814,0.0351124309778147,contract_vs_mixed,-0.5885631983408027,reversed,**,-**
contract,spec_c_attack,j_ind_lag1,0.2711391091012902,0.5856616384864524,expand_vs_contract,0.1478070373358862,raw,,0
contract,spec_c_attack,j_ind_lag1,0.2711391091012902,0.5856616384864524,contract_vs_expand,-0.1478070373358862,reversed,,0
contract,spec_c_attack,j_ind_lag1,0.2431358847510936,0.3160546717617549,mixed_vs_contract,-0.2437676471942876,raw,,0
contract,spec_c_attack,j_ind_lag1,0.2431358847510936,0.3160546717617549,contract_vs_mixed,0.2437676471942876,reversed,,0
contract,spec_im_attack,wdj_intermediaries_lag1,0.6360622038204062,0.1871701131979716,expand_vs_contract,-0.8389641428712517,raw,,0
contract,spec_im_attack,wdj_intermediaries_lag1,0.6360622038204062,0.1871701131979716,contract_vs_expand,0.8389641428712517,reversed,,0
contract,spec_im_attack,wdj_intermediaries_lag1,0.954636922945457,0.6784006336911312,mixed_vs_contract,-0.3958369485238837,raw,,0
contract,spec_im_attack,wdj_intermediaries_lag1,0.954636922945457,0.6784006336911312,contract_vs_mixed,0.3958369485238837,reversed,,0
contract,spec_im_attack,v2jupoatck_lag1,0.1177861884039363,0.2078231991881128,expand_vs_contract,-0.1483603814860419,raw,,0
contract,spec_im_attack,v2jupoatck_lag1,0.1177861884039363,0.2078231991881128,contract_vs_expand,0.1483603814860419,reversed,,0
contract,spec_im_attack,v2jupoatck_lag1,0.1097262450048148,0.1134608967903195,mixed_vs_contract,-0.1736776651919079,raw,,0
contract,spec_im_attack,v2jupoatck_lag1,0.1097262450048148,0.1134608967903195,contract_vs_mixed,0.1736776651919079,reversed,,0
contract,spec_im_attack,v2x_polyarchy_lag1,1.1301388307533833,0.001779559948366,expand_vs_contract,3.531401754035649,raw,***,+***
contract,spec_im_attack,v2x_polyarchy_lag1,1.1301388307533833,0.001779559948366,contract_vs_expand,-3.531401754035649,reversed,***,-***
contract,spec_im_attack,v2x_polyarchy_lag1,1.3783710144700938,4.354026906866005e-05,mixed_vs_contract,5.634564267949112,raw,***,+***
contract,spec_im_attack,v2x_polyarchy_lag1,1.3783710144700938,4.354026906866005e-05,contract_vs_mixed,-5.634564267949112,reversed,***,-***
contract,spec_im_attack,v2jureview_lag1,0.3050998513393247,0.0112639676402129,expand_vs_contract,0.7732454383782271,raw,**,+**
contract,spec_im_attack,v2jureview_lag1,0.3050998513393247,0.0112639676402129,contract_vs_expand,-0.7732454383782271,reversed,**,-**
contract,spec_im_attack,v2jureview_lag1,0.3579949476066059,0.4179493050877115,mixed_vs_contract,0.28997022107576,raw,,0
contract,spec_im_attack,v2jureview_lag1,0.3579949476066059,0.4179493050877115,contract_vs_mixed,-0.28997022107576,reversed,,0
contract,spec_im_attack,legal_common,0.3465966425859968,4.5364666162112255e-08,expand_vs_contract,-1.8953926377624957,raw,***,-***
contract,spec_im_attack,legal_common,0.3465966425859968,4.5364666162112255e-08,contract_vs_expand,1.8953926377624957,reversed,***,+***
contract,spec_im_attack,legal_common,0.5007574247012125,0.1762144443647424,mixed_vs_contract,-0.6772759432518632,raw,,0
contract,spec_im_attack,legal_common,0.5007574247012125,0.1762144443647424,contract_vs_mixed,0.6772759432518632,reversed,,0
contract,spec_im_attack,legal_civil,0.3311983270833531,0.368001049546662,expand_vs_contract,-0.2981526871396347,raw,,0
contract,spec_im_attack,legal_civil,0.3311983270833531,0.368001049546662,contract_vs_expand,0.2981526871396347,reversed,,0
contract,spec_im_attack,legal_civil,0.4665368935193566,0.5393885575648537,mixed_vs_contract,-0.2863313604552853,raw,,0
contract,spec_im_attack,legal_civil,0.4665368935193566,0.5393885575648537,contract_vs_mixed,0.2863313604552853,reversed,,0
contract,spec_im_attack,high_court,0.2750225013291141,0.0483280173883512,expand_vs_contract,0.5430244238517729,raw,**,+**
contract,spec_im_attack,high_court,0.2750225013291141,0.0483280173883512,contract_vs_expand,-0.5430244238517729,reversed,**,-**
contract,spec_im_attack,high_court,0.288427124797746,0.0451175695539665,mixed_vs_contract,0.5778800944691783,raw,**,+**
contract,spec_im_attack,high_court,0.288427124797746,0.0451175695539665,contract_vs_mixed,-0.5778800944691783,reversed,**,-**
contract,spec_im_attack,j_ind_lag1,0.2673961941641818,0.6086697461234869,expand_vs_contract,0.1368996928496452,raw,,0
contract,spec_im_attack,j_ind_lag1,0.2673961941641818,0.6086697461234869,contract_vs_expand,-0.1368996928496452,reversed,,0
contract,spec_im_attack,j_ind_lag1,0.2527512282054455,0.3581853063289906,mixed_vs_contract,-0.2322350205733107,raw,,0
contract,spec_im_attack,j_ind_lag1,0.2527512282054455,0.3581853063289906,contract_vs_mixed,0.2322350205733107,reversed,,0
contract,spec_p_attack,wdj_press_lag1,0.5957744880620888,0.3341954928365933,expand_vs_contract,-0.575338026534727,raw,,0
contract,spec_p_attack,wdj_press_lag1,0.5957744880620888,0.3341954928365933,contract_vs_expand,0.575338026534727,reversed,,0
contract,spec_p_attack,wdj_press_lag1,0.6365724729030648,0.0113309319991316,mixed_vs_contract,-1.6120075878299225,raw,**,-**
contract,spec_p_attack,wdj_press_lag1,0.6365724729030648,0.0113309319991316,contract_vs_mixed,1.6120075878299225,reversed,**,+**
contract,spec_p_attack,v2jupoatck_lag1,0.1236961487020025,0.2380019188200293,expand_vs_contract,-0.14596092553972,raw,,0
contract,spec_p_attack,v2jupoatck_lag1,0.1236961487020025,0.2380019188200293,contract_vs_expand,0.14596092553972,reversed,,0
contract,spec_p_attack,v2jupoatck_lag1,0.1024850256048804,0.0993462019914766,mixed_vs_contract,-0.168898553165555,raw,*,-*
contract,spec_p_attack,v2jupoatck_lag1,0.1024850256048804,0.0993462019914766,contract_vs_mixed,0.168898553165555,reversed,*,+*
contract,spec_p_attack,v2x_polyarchy_lag1,1.174039262786862,0.0024175180141393,expand_vs_contract,3.56142306046087,raw,***,+***
contract,spec_p_attack,v2x_polyarchy_lag1,1.174039262786862,0.0024175180141393,contract_vs_expand,-3.56142306046087,reversed,***,-***
contract,spec_p_attack,v2x_polyarchy_lag1,1.3244215765533014,6.001722969019564e-06,mixed_vs_contract,5.99476728037482,raw,***,+***
contract,spec_p_attack,v2x_polyarchy_lag1,1.3244215765533014,6.001722969019564e-06,contract_vs_mixed,-5.99476728037482,reversed,***,-***
contract,spec_p_attack,v2jureview_lag1,0.3356680340014757,0.0145873006049216,expand_vs_contract,0.8198577851282525,raw,**,+**
contract,spec_p_attack,v2jureview_lag1,0.3356680340014757,0.0145873006049216,contract_vs_expand,-0.8198577851282525,reversed,**,-**
contract,spec_p_attack,v2jureview_lag1,0.3876711115526939,0.3561107790204537,mixed_vs_contract,0.3577433939799994,raw,,0
contract,spec_p_attack,v2jureview_lag1,0.3876711115526939,0.3561107790204537,contract_vs_mixed,-0.3577433939799994,reversed,,0
contract,spec_p_attack,legal_common,0.347323851289243,5.0501552604307325e-08,expand_vs_contract,-1.892753645261168,raw,***,-***
contract,spec_p_attack,legal_common,0.347323851289243,5.0501552604307325e-08,contract_vs_expand,1.892753645261168,reversed,***,+***
contract,spec_p_attack,legal_common,0.4645716254444531,0.0674844937110475,mixed_vs_contract,-0.8494383968570792,raw,*,-*
contract,spec_p_attack,legal_common,0.4645716254444531,0.0674844937110475,contract_vs_mixed,0.8494383968570792,reversed,*,+*
contract,spec_p_attack,legal_civil,0.355304526762256,0.2867896322247814,expand_vs_contract,-0.3784670846806911,raw,,0
contract,spec_p_attack,legal_civil,0.355304526762256,0.2867896322247814,contract_vs_expand,0.3784670846806911,reversed,,0
contract,spec_p_attack,legal_civil,0.4118624591627709,0.8528249556547319,mixed_vs_contract,-0.0764067484054043,raw,,0
contract,spec_p_attack,legal_civil,0.4118624591627709,0.8528249556547319,contract_vs_mixed,0.0764067484054043,reversed,,0
contract,spec_p_attack,high_court,0.2772166013360204,0.042472147519696,expand_vs_contract,0.5624347741938351,raw,**,+**
contract,spec_p_attack,high_court,0.2772166013360204,0.042472147519696,contract_vs_expand,-0.5624347741938351,reversed,**,-**
contract,spec_p_attack,high_court,0.2842782847004377,0.034734504998439,mixed_vs_contract,0.6002365579938506,raw,**,+**
contract,spec_p_attack,high_court,0.2842782847004377,0.034734504998439,contract_vs_mixed,-0.6002365579938506,reversed,**,-**
contract,spec_p_attack,j_ind_lag1,0.2741773513359648,0.6022918550486422,expand_vs_contract,0.1428758865162375,raw,,0
contract,spec_p_attack,j_ind_lag1,0.2741773513359648,0.6022918550486422,contract_vs_expand,-0.1428758865162375,reversed,,0
contract,spec_p_attack,j_ind_lag1,0.242033117165912,0.3418565745318819,mixed_vs_contract,-0.2300532781853157,raw,,0
contract,spec_p_attack,j_ind_lag1,0.242033117165912,0.3418565745318819,contract_vs_mixed,0.2300532781853157,reversed,,0
contract,spec_govprot_attack,wdj_govprot_lag1,0.2563473305754407,0.2104190587480943,expand_vs_contract,-0.3210529777774257,raw,,0
contract,spec_govprot_attack,wdj_govprot_lag1,0.2563473305754407,0.2104190587480943,contract_vs_expand,0.3210529777774257,reversed,,0
contract,spec_govprot_attack,wdj_govprot_lag1,0.3219210801951856,0.1865111887482269,mixed_vs_contract,-0.4252482618034285,raw,,0
contract,spec_govprot_attack,wdj_govprot_lag1,0.3219210801951856,0.1865111887482269,contract_vs_mixed,0.4252482618034285,reversed,,0
contract,spec_govprot_attack,v2jupoatck_lag1,0.1042616448818769,0.0597741073868785,expand_vs_contract,-0.1962679752995766,raw,*,-*
contract,spec_govprot_attack,v2jupoatck_lag1,0.1042616448818769,0.0597741073868785,contract_vs_expand,0.1962679752995766,reversed,*,+*
contract,spec_govprot_attack,v2jupoatck_lag1,0.1252746100852145,0.0447240776150877,mixed_vs_contract,-0.2514562516351579,raw,**,-**
contract,spec_govprot_attack,v2jupoatck_lag1,0.1252746100852145,0.0447240776150877,contract_vs_mixed,0.2514562516351579,reversed,**,+**
contract,spec_govprot_attack,v2x_polyarchy_lag1,1.1078427178421026,0.0023039365059508,expand_vs_contract,3.3766703228897668,raw,***,+***
contract,spec_govprot_attack,v2x_polyarchy_lag1,1.1078427178421026,0.0023039365059508,contract_vs_expand,-3.3766703228897668,reversed,***,-***
contract,spec_govprot_attack,v2x_polyarchy_lag1,1.301005218314518,2.475670048016205e-05,mixed_vs_contract,5.48634726884852,raw,***,+***
contract,spec_govprot_attack,v2x_polyarchy_lag1,1.301005218314518,2.475670048016205e-05,contract_vs_mixed,-5.48634726884852,reversed,***,-***
contract,spec_govprot_attack,v2jureview_lag1,0.3296582331041646,0.0182676060397706,expand_vs_contract,0.7780424835559734,raw,**,+**
contract,spec_govprot_attack,v2jureview_lag1,0.3296582331041646,0.0182676060397706,contract_vs_expand,-0.7780424835559734,reversed,**,-**
contract,spec_govprot_attack,v2jureview_lag1,0.3708073198340866,0.4377287515250528,mixed_vs_contract,0.287759187802958,raw,,0
contract,spec_govprot_attack,v2jureview_lag1,0.3708073198340866,0.4377287515250528,contract_vs_mixed,-0.287759187802958,reversed,,0
contract,spec_govprot_attack,legal_common,0.3346414445614274,2.3484647370606377e-07,expand_vs_contract,-1.7298955591131802,raw,***,-***
contract,spec_govprot_attack,legal_common,0.3346414445614274,2.3484647370606377e-07,contract_vs_expand,1.7298955591131802,reversed,***,+***
contract,spec_govprot_attack,legal_common,0.4856903189478848,0.2644608795284053,mixed_vs_contract,-0.5419864357540348,raw,,0
contract,spec_govprot_attack,legal_common,0.4856903189478848,0.2644608795284053,contract_vs_mixed,0.5419864357540348,reversed,,0
contract,spec_govprot_attack,legal_civil,0.3296232737562571,0.2375750193835863,expand_vs_contract,-0.3893080745305018,raw,,0
contract,spec_govprot_attack,legal_civil,0.3296232737562571,0.2375750193835863,contract_vs_expand,0.3893080745305018,reversed,,0
contract,spec_govprot_attack,legal_civil,0.4287539440432387,0.6076811297266904,mixed_vs_contract,-0.2201163992336743,raw,,0
contract,spec_govprot_attack,legal_civil,0.4287539440432387,0.6076811297266904,contract_vs_mixed,0.2201163992336743,reversed,,0
contract,spec_govprot_attack,high_court,0.2798685791981622,0.0685890313654932,expand_vs_contract,0.5096735051969928,raw,*,+*
contract,spec_govprot_attack,high_court,0.2798685791981622,0.0685890313654932,contract_vs_expand,-0.5096735051969928,reversed,*,-*
contract,spec_govprot_attack,high_court,0.2722700607797386,0.0526151437715735,mixed_vs_contract,0.5276774081405923,raw,*,+*
contract,spec_govprot_attack,high_court,0.2722700607797386,0.0526151437715735,contract_vs_mixed,-0.5276774081405923,reversed,*,-*
contract,spec_govprot_attack,j_ind_lag1,0.2872299504328285,0.4915546981867519,expand_vs_contract,0.1975677226260523,raw,,0
contract,spec_govprot_attack,j_ind_lag1,0.2872299504328285,0.4915546981867519,contract_vs_expand,-0.1975677226260523,reversed,,0
contract,spec_govprot_attack,j_ind_lag1,0.2724849146555579,0.5916859270096473,mixed_vs_contract,-0.1461594114314032,raw,,0
contract,spec_govprot_attack,j_ind_lag1,0.2724849146555579,0.5916859270096473,contract_vs_mixed,0.1461594114314032,reversed,,0
contract,spec_c_reform_decision,wdj_citizen_lag1,0.3937329448488741,0.5957626643589634,expand_vs_contract,-0.2088768294939568,raw,,0
contract,spec_c_reform_decision,wdj_citizen_lag1,0.3937329448488741,0.5957626643589634,contract_vs_expand,0.2088768294939568,reversed,,0
contract,spec_c_reform_decision,wdj_citizen_lag1,0.6345360294473108,0.2093148587554729,mixed_vs_contract,-0.7966292889894039,raw,,0
contract,spec_c_reform_decision,wdj_citizen_lag1,0.6345360294473108,0.2093148587554729,contract_vs_mixed,0.7966292889894039,reversed,,0
contract,spec_c_reform_decision,v2jureform_lag1,0.1244865058525961,0.0102953875317333,expand_vs_contract,-0.3194008856526146,raw,**,-**
contract,spec_c_reform_decision,v2jureform_lag1,0.1244865058525961,0.0102953875317333,contract_vs_expand,0.3194008856526146,reversed,**,+**
contract,spec_c_reform_decision,v2jureform_lag1,0.2495709405244854,0.608239536858521,mixed_vs_contract,-0.1279270736179798,raw,,0
contract,spec_c_reform_decision,v2jureform_lag1,0.2495709405244854,0.608239536858521,contract_vs_mixed,0.1279270736179798,reversed,,0
contract,spec_c_reform_decision,v2x_polyarchy_lag1,1.1605981165599224,0.0048662349933319,expand_vs_contract,3.267963101064525,raw,***,+***
contract,spec_c_reform_decision,v2x_polyarchy_lag1,1.1605981165599224,0.0048662349933319,contract_vs_expand,-3.267963101064525,reversed,***,-***
contract,spec_c_reform_decision,v2x_polyarchy_lag1,1.292384142988906,5.750377752719418e-05,mixed_vs_contract,5.199037601032249,raw,***,+***
contract,spec_c_reform_decision,v2x_polyarchy_lag1,1.292384142988906,5.750377752719418e-05,contract_vs_mixed,-5.199037601032249,reversed,***,-***
contract,spec_c_reform_decision,v2jureview_lag1,0.2985129037064799,0.0399259638192606,expand_vs_contract,0.6132989582567506,raw,**,+**
contract,spec_c_reform_decision,v2jureview_lag1,0.2985129037064799,0.0399259638192606,contract_vs_expand,-0.6132989582567506,reversed,**,-**
contract,spec_c_reform_decision,v2jureview_lag1,0.3423411486213176,0.32565207765775,mixed_vs_contract,0.3364903005575277,raw,,0
contract,spec_c_reform_decision,v2jureview_lag1,0.3423411486213176,0.32565207765775,contract_vs_mixed,-0.3364903005575277,reversed,,0
contract,spec_c_reform_decision,legal_common,0.3736605227692445,1.2435133047834456e-06,expand_vs_contract,-1.811721179940078,raw,***,-***
contract,spec_c_reform_decision,legal_common,0.3736605227692445,1.2435133047834456e-06,contract_vs_expand,1.811721179940078,reversed,***,+***
contract,spec_c_reform_decision,legal_common,0.5175753545451923,0.1490677564328853,mixed_vs_contract,-0.7467743684099858,raw,,0
contract,spec_c_reform_decision,legal_common,0.5175753545451923,0.1490677564328853,contract_vs_mixed,0.7467743684099858,reversed,,0
contract,spec_c_reform_decision,legal_civil,0.3368990955350436,0.2984539406944203,expand_vs_contract,-0.3502923740865204,raw,,0
contract,spec_c_reform_decision,legal_civil,0.3368990955350436,0.2984539406944203,contract_vs_expand,0.3502923740865204,reversed,,0
contract,spec_c_reform_decision,legal_civil,0.4433849922767492,0.8154218105643357,mixed_vs_contract,0.1035026190574635,raw,,0
contract,spec_c_reform_decision,legal_civil,0.4433849922767492,0.8154218105643357,contract_vs_mixed,-0.1035026190574635,reversed,,0
contract,spec_c_reform_decision,high_court,0.2470916916676009,0.1279652451447856,expand_vs_contract,0.3761167882240012,raw,,0
contract,spec_c_reform_decision,high_court,0.2470916916676009,0.1279652451447856,contract_vs_expand,-0.3761167882240012,reversed,,0
contract,spec_c_reform_decision,high_court,0.3132828776007753,0.1226930926838219,mixed_vs_contract,0.4835733337443627,raw,,0
contract,spec_c_reform_decision,high_court,0.3132828776007753,0.1226930926838219,contract_vs_mixed,-0.4835733337443627,reversed,,0
contract,spec_c_reform_decision,j_ind_lag1,0.2462815622372631,0.3346643814275991,expand_vs_contract,0.2376029213164142,raw,,0
contract,spec_c_reform_decision,j_ind_lag1,0.2462815622372631,0.3346643814275991,contract_vs_expand,-0.2376029213164142,reversed,,0
contract,spec_c_reform_decision,j_ind_lag1,0.2325042882262336,0.4312956360569276,mixed_vs_contract,-0.1829754057845609,raw,,0
contract,spec_c_reform_decision,j_ind_lag1,0.2325042882262336,0.4312956360569276,contract_vs_mixed,0.1829754057845609,reversed,,0
contract,spec_im_reform_decision,wdj_intermediaries_lag1,0.5807412475008545,0.1761420233240124,expand_vs_contract,-0.7855858885282027,raw,,0
contract,spec_im_reform_decision,wdj_intermediaries_lag1,0.5807412475008545,0.1761420233240124,contract_vs_expand,0.7855858885282027,reversed,,0
contract,spec_im_reform_decision,wdj_intermediaries_lag1,0.9356316712592888,0.8623437413360713,mixed_vs_contract,-0.1622305367820352,raw,,0
contract,spec_im_reform_decision,wdj_intermediaries_lag1,0.9356316712592888,0.8623437413360713,contract_vs_mixed,0.1622305367820352,reversed,,0
contract,spec_im_reform_decision,v2jureform_lag1,0.1239588564072527,0.0104626767393503,expand_vs_contract,-0.3173533591568282,raw,**,-**
contract,spec_im_reform_decision,v2jureform_lag1,0.1239588564072527,0.0104626767393503,contract_vs_expand,0.3173533591568282,reversed,**,+**
contract,spec_im_reform_decision,v2jureform_lag1,0.2614494937082031,0.6213217502671711,mixed_vs_contract,-0.1291502855789981,raw,,0
contract,spec_im_reform_decision,v2jureform_lag1,0.2614494937082031,0.6213217502671711,contract_vs_mixed,0.1291502855789981,reversed,,0
contract,spec_im_reform_decision,v2x_polyarchy_lag1,1.1067688375881266,0.0024722837923522,expand_vs_contract,3.3498718867255417,raw,***,+***
contract,spec_im_reform_decision,v2x_polyarchy_lag1,1.1067688375881266,0.0024722837923522,contract_vs_expand,-3.3498718867255417,reversed,***,-***
contract,spec_im_reform_decision,v2x_polyarchy_lag1,1.3417448332585311,0.0001154895236447,mixed_vs_contract,5.173108023653931,raw,***,+***
contract,spec_im_reform_decision,v2x_polyarchy_lag1,1.3417448332585311,0.0001154895236447,contract_vs_mixed,-5.173108023653931,reversed,***,-***
contract,spec_im_reform_decision,v2jureview_lag1,0.2979738751676611,0.0398232531624239,expand_vs_contract,0.6125084095676925,raw,**,+**
contract,spec_im_reform_decision,v2jureview_lag1,0.2979738751676611,0.0398232531624239,contract_vs_expand,-0.6125084095676925,reversed,**,-**
contract,spec_im_reform_decision,v2jureview_lag1,0.3583888586396896,0.3413496907815386,mixed_vs_contract,0.3410076542926005,raw,,0
contract,spec_im_reform_decision,v2jureview_lag1,0.3583888586396896,0.3413496907815386,contract_vs_mixed,-0.3410076542926005,reversed,,0
contract,spec_im_reform_decision,legal_common,0.386628931428263,1.3992562887031817e-06,expand_vs_contract,-1.865527337795139,raw,***,-***
contract,spec_im_reform_decision,legal_common,0.386628931428263,1.3992562887031817e-06,contract_vs_expand,1.865527337795139,reversed,***,+***
contract,spec_im_reform_decision,legal_common,0.5428082339065482,0.1963939840771515,mixed_vs_contract,-0.7012504996195341,raw,,0
contract,spec_im_reform_decision,legal_common,0.5428082339065482,0.1963939840771515,contract_vs_mixed,0.7012504996195341,reversed,,0
contract,spec_im_reform_decision,legal_civil,0.3236314502533127,0.4516512779576456,expand_vs_contract,-0.2435860489057682,raw,,0
contract,spec_im_reform_decision,legal_civil,0.3236314502533127,0.4516512779576456,contract_vs_expand,0.2435860489057682,reversed,,0
contract,spec_im_reform_decision,legal_civil,0.4838147053614795,0.8213959858657909,mixed_vs_contract,-0.1092210960231373,raw,,0
contract,spec_im_reform_decision,legal_civil,0.4838147053614795,0.8213959858657909,contract_vs_mixed,0.1092210960231373,reversed,,0
contract,spec_im_reform_decision,high_court,0.2480821411364381,0.1411015774049374,expand_vs_contract,0.3651027903340323,raw,,0
contract,spec_im_reform_decision,high_court,0.2480821411364381,0.1411015774049374,contract_vs_expand,-0.3651027903340323,reversed,,0
contract,spec_im_reform_decision,high_court,0.3123130461918883,0.1254941569025779,mixed_vs_contract,0.4784993786373729,raw,,0
contract,spec_im_reform_decision,high_court,0.3123130461918883,0.1254941569025779,contract_vs_mixed,-0.4784993786373729,reversed,,0
contract,spec_im_reform_decision,j_ind_lag1,0.2369908093677977,0.3466916471884176,expand_vs_contract,0.2230144616655837,raw,,0
contract,spec_im_reform_decision,j_ind_lag1,0.2369908093677977,0.3466916471884176,contract_vs_expand,-0.2230144616655837,reversed,,0
contract,spec_im_reform_decision,j_ind_lag1,0.2434276464729729,0.4795237970561001,mixed_vs_contract,-0.172120065162694,raw,,0
contract,spec_im_reform_decision,j_ind_lag1,0.2434276464729729,0.4795237970561001,contract_vs_mixed,0.172120065162694,reversed,,0
contract,spec_p_reform_decision,wdj_press_lag1,0.3848489270247503,0.0286102092837038,expand_vs_contract,-0.8423635263458018,raw,**,-**
contract,spec_p_reform_decision,wdj_press_lag1,0.3848489270247503,0.0286102092837038,contract_vs_expand,0.8423635263458018,reversed,**,+**
contract,spec_p_reform_decision,wdj_press_lag1,0.4464538376229623,0.0005276631359512,mixed_vs_contract,-1.5475454423721997,raw,***,-***
contract,spec_p_reform_decision,wdj_press_lag1,0.4464538376229623,0.0005276631359512,contract_vs_mixed,1.5475454423721997,reversed,***,+***
contract,spec_p_reform_decision,v2jureform_lag1,0.119249526373003,0.0076508524252835,expand_vs_contract,-0.3180506102796689,raw,***,-***
contract,spec_p_reform_decision,v2jureform_lag1,0.119249526373003,0.0076508524252835,contract_vs_expand,0.3180506102796689,reversed,***,+***
contract,spec_p_reform_decision,v2jureform_lag1,0.2492110296003659,0.5689597645575291,mixed_vs_contract,-0.1419466585813753,raw,,0
contract,spec_p_reform_decision,v2jureform_lag1,0.2492110296003659,0.5689597645575291,contract_vs_mixed,0.1419466585813753,reversed,,0
contract,spec_p_reform_decision,v2x_polyarchy_lag1,1.0790112403760077,0.0012843237309699,expand_vs_contract,3.4738332975132376,raw,***,+***
contract,spec_p_reform_decision,v2x_polyarchy_lag1,1.0790112403760077,0.0012843237309699,contract_vs_expand,-3.4738332975132376,reversed,***,-***
contract,spec_p_reform_decision,v2x_polyarchy_lag1,1.1969757175335725,3.627556321741915e-06,mixed_vs_contract,5.543977636227124,raw,***,+***
contract,spec_p_reform_decision,v2x_polyarchy_lag1,1.1969757175335725,3.627556321741915e-06,contract_vs_mixed,-5.543977636227124,reversed,***,-***
contract,spec_p_reform_decision,v2jureview_lag1,0.3171140310659699,0.0389113643733372,expand_vs_contract,0.6548794769708663,raw,**,+**
contract,spec_p_reform_decision,v2jureview_lag1,0.3171140310659699,0.0389113643733372,contract_vs_expand,-0.6548794769708663,reversed,**,-**
contract,spec_p_reform_decision,v2jureview_lag1,0.3687796292516931,0.2914972662620826,mixed_vs_contract,0.3890045044888639,raw,,0
contract,spec_p_reform_decision,v2jureview_lag1,0.3687796292516931,0.2914972662620826,contract_vs_mixed,-0.3890045044888639,reversed,,0
contract,spec_p_reform_decision,legal_common,0.3707218681551436,3.12296757416914e-07,expand_vs_contract,-1.896565185800282,raw,***,-***
contract,spec_p_reform_decision,legal_common,0.3707218681551436,3.12296757416914e-07,contract_vs_expand,1.896565185800282,reversed,***,+***
contract,spec_p_reform_decision,legal_common,0.5089639409035777,0.0874409025524826,mixed_vs_contract,-0.8698469819359208,raw,*,-*
contract,spec_p_reform_decision,legal_common,0.5089639409035777,0.0874409025524826,contract_vs_mixed,0.8698469819359208,reversed,*,+*
contract,spec_p_reform_decision,legal_civil,0.3254855930332532,0.3361719615631521,expand_vs_contract,-0.3130378667314026,raw,,0
contract,spec_p_reform_decision,legal_civil,0.3254855930332532,0.3361719615631521,contract_vs_expand,0.3130378667314026,reversed,,0
contract,spec_p_reform_decision,legal_civil,0.4431599693693231,0.8773846083312747,mixed_vs_contract,0.0683731694916976,raw,,0
contract,spec_p_reform_decision,legal_civil,0.4431599693693231,0.8773846083312747,contract_vs_mixed,-0.0683731694916976,reversed,,0
contract,spec_p_reform_decision,high_court,0.2465244098504573,0.1214766680949739,expand_vs_contract,0.3817689697528106,raw,,0
contract,spec_p_reform_decision,high_court,0.2465244098504573,0.1214766680949739,contract_vs_expand,-0.3817689697528106,reversed,,0
contract,spec_p_reform_decision,high_court,0.3121528089857004,0.11506391867128,mixed_vs_contract,0.4919012070978269,raw,,0
contract,spec_p_reform_decision,high_court,0.3121528089857004,0.11506391867128,contract_vs_mixed,-0.4919012070978269,reversed,,0
contract,spec_p_reform_decision,j_ind_lag1,0.2382792620158219,0.3440613238784893,expand_vs_contract,0.2254529514971592,raw,,0
contract,spec_p_reform_decision,j_ind_lag1,0.2382792620158219,0.3440613238784893,contract_vs_expand,-0.2254529514971592,reversed,,0
contract,spec_p_reform_decision,j_ind_lag1,0.2270817773511665,0.4276455706967175,mixed_vs_contract,-0.1801274003889847,raw,,0
contract,spec_p_reform_decision,j_ind_lag1,0.2270817773511665,0.4276455706967175,contract_vs_mixed,0.1801274003889847,reversed,,0
contract,spec_govprot_reform_decision,wdj_govprot_lag1,0.2468568562404404,0.6007600024637674,expand_vs_contract,-0.1291821436891738,raw,,0
contract,spec_govprot_reform_decision,wdj_govprot_lag1,0.2468568562404404,0.6007600024637674,contract_vs_expand,0.1291821436891738,reversed,,0
contract,spec_govprot_reform_decision,wdj_govprot_lag1,0.3181617205661061,0.5757613927539893,mixed_vs_contract,-0.1780390607542524,raw,,0
contract,spec_govprot_reform_decision,wdj_govprot_lag1,0.3181617205661061,0.5757613927539893,contract_vs_mixed,0.1780390607542524,reversed,,0
contract,spec_govprot_reform_decision,v2jureform_lag1,0.1239311116793781,0.0090450405436369,expand_vs_contract,-0.3235032135043771,raw,***,-***
contract,spec_govprot_reform_decision,v2jureform_lag1,0.1239311116793781,0.0090450405436369,contract_vs_expand,0.3235032135043771,reversed,***,+***
contract,spec_govprot_reform_decision,v2jureform_lag1,0.2589133724463635,0.6036583149992664,mixed_vs_contract,-0.1344140709062573,raw,,0
contract,spec_govprot_reform_decision,v2jureform_lag1,0.2589133724463635,0.6036583149992664,contract_vs_mixed,0.1344140709062573,reversed,,0
contract,spec_govprot_reform_decision,v2x_polyarchy_lag1,1.1853384754269414,0.007587970810089,expand_vs_contract,3.1647044146602834,raw,***,+***
contract,spec_govprot_reform_decision,v2x_polyarchy_lag1,1.1853384754269414,0.007587970810089,contract_vs_expand,-3.1647044146602834,reversed,***,-***
contract,spec_govprot_reform_decision,v2x_polyarchy_lag1,1.410370410253324,0.0004469849107147,mixed_vs_contract,4.951340048716694,raw,***,+***
contract,spec_govprot_reform_decision,v2x_polyarchy_lag1,1.410370410253324,0.0004469849107147,contract_vs_mixed,-4.951340048716694,reversed,***,-***
contract,spec_govprot_reform_decision,v2jureview_lag1,0.3196292255866649,0.0464782490233932,expand_vs_contract,0.6363894585406044,raw,**,+**
contract,spec_govprot_reform_decision,v2jureview_lag1,0.3196292255866649,0.0464782490233932,contract_vs_expand,-0.6363894585406044,reversed,**,-**
contract,spec_govprot_reform_decision,v2jureview_lag1,0.3659670738364705,0.31343169610842,mixed_vs_contract,0.3689121659186449,raw,,0
contract,spec_govprot_reform_decision,v2jureview_lag1,0.3659670738364705,0.31343169610842,contract_vs_mixed,-0.3689121659186449,reversed,,0
contract,spec_govprot_reform_decision,legal_common,0.3654410737969564,1.3901755842226386e-06,expand_vs_contract,-1.76376772692879,raw,***,-***
contract,spec_govprot_reform_decision,legal_common,0.3654410737969564,1.3901755842226386e-06,contract_vs_expand,1.76376772692879,reversed,***,+***
contract,spec_govprot_reform_decision,legal_common,0.5329429083289465,0.2185652594066252,mixed_vs_contract,-0.6557074589241089,raw,,0
contract,spec_govprot_reform_decision,legal_common,0.5329429083289465,0.2185652594066252,contract_vs_mixed,0.6557074589241089,reversed,,0
contract,spec_govprot_reform_decision,legal_civil,0.3409327425285552,0.3076899363056902,expand_vs_contract,-0.3477790924808557,raw,,0
contract,spec_govprot_reform_decision,legal_civil,0.3409327425285552,0.3076899363056902,contract_vs_expand,0.3477790924808557,reversed,,0
contract,spec_govprot_reform_decision,legal_civil,0.4557691997322721,0.9420561876872482,mixed_vs_contract,-0.0331279265204588,raw,,0
contract,spec_govprot_reform_decision,legal_civil,0.4557691997322721,0.9420561876872482,contract_vs_mixed,0.0331279265204588,reversed,,0
contract,spec_govprot_reform_decision,high_court,0.250466892313438,0.1508196605893469,expand_vs_contract,0.3598313297932389,raw,,0
contract,spec_govprot_reform_decision,high_court,0.250466892313438,0.1508196605893469,contract_vs_expand,-0.3598313297932389,reversed,,0
contract,spec_govprot_reform_decision,high_court,0.3001378387869909,0.1297453440451917,mixed_vs_contract,0.4547408992771462,raw,,0
contract,spec_govprot_reform_decision,high_court,0.3001378387869909,0.1297453440451917,contract_vs_mixed,-0.4547408992771462,reversed,,0
contract,spec_govprot_reform_decision,j_ind_lag1,0.2692727608435504,0.3270388438764,expand_vs_contract,0.2639130955743632,raw,,0
contract,spec_govprot_reform_decision,j_ind_lag1,0.2692727608435504,0.3270388438764,contract_vs_expand,-0.2639130955743632,reversed,,0
contract,spec_govprot_reform_decision,j_ind_lag1,0.2684211908944783,0.651062350350706,mixed_vs_contract,-0.1214033740275103,raw,,0
contract,spec_govprot_reform_decision,j_ind_lag1,0.2684211908944783,0.651062350350706,contract_vs_mixed,0.1214033740275103,reversed,,0
contract,spec_c_pack_decision,wdj_citizen_lag1,0.3999764203685485,0.576322516035563,expand_vs_contract,-0.2234925877334184,raw,,0
contract,spec_c_pack_decision,wdj_citizen_lag1,0.3999764203685485,0.576322516035563,contract_vs_expand,0.2234925877334184,reversed,,0
contract,spec_c_pack_decision,wdj_citizen_lag1,0.619727460975194,0.2406917366118198,mixed_vs_contract,-0.7271011641823938,raw,,0
contract,spec_c_pack_decision,wdj_citizen_lag1,0.619727460975194,0.2406917366118198,contract_vs_mixed,0.7271011641823938,reversed,,0
contract,spec_c_pack_decision,v2jupack_lag1,0.1709293838912921,0.1973016320508623,expand_vs_contract,-0.2203754078603606,raw,,0
contract,spec_c_pack_decision,v2jupack_lag1,0.1709293838912921,0.1973016320508623,contract_vs_expand,0.2203754078603606,reversed,,0
contract,spec_c_pack_decision,v2jupack_lag1,0.257875664786225,0.0679285258178262,mixed_vs_contract,-0.4707470409144825,raw,*,-*
contract,spec_c_pack_decision,v2jupack_lag1,0.257875664786225,0.0679285258178262,contract_vs_mixed,0.4707470409144825,reversed,*,+*
contract,spec_c_pack_decision,v2x_polyarchy_lag1,1.110832856041131,0.001490394703817,expand_vs_contract,3.528613137299349,raw,***,+***
contract,spec_c_pack_decision,v2x_polyarchy_lag1,1.110832856041131,0.001490394703817,contract_vs_expand,-3.528613137299349,reversed,***,-***
contract,spec_c_pack_decision,v2x_polyarchy_lag1,1.7700152875845157,0.0001101630997205,mixed_vs_contract,6.844724873065064,raw,***,+***
contract,spec_c_pack_decision,v2x_polyarchy_lag1,1.7700152875845157,0.0001101630997205,contract_vs_mixed,-6.844724873065064,reversed,***,-***
contract,spec_c_pack_decision,v2jureview_lag1,0.2947438383587356,0.0183939861598515,expand_vs_contract,0.6948851839916129,raw,**,+**
contract,spec_c_pack_decision,v2jureview_lag1,0.2947438383587356,0.0183939861598515,contract_vs_expand,-0.6948851839916129,reversed,**,-**
contract,spec_c_pack_decision,v2jureview_lag1,0.3511474862516588,0.2588333324940143,mixed_vs_contract,0.3964992076711762,raw,,0
contract,spec_c_pack_decision,v2jureview_lag1,0.3511474862516588,0.2588333324940143,contract_vs_mixed,-0.3964992076711762,reversed,,0
contract,spec_c_pack_decision,legal_common,0.3635725339570831,6.056337385491372e-05,expand_vs_contract,-1.4581458017534106,raw,***,-***
contract,spec_c_pack_decision,legal_common,0.3635725339570831,6.056337385491372e-05,contract_vs_expand,1.4581458017534106,reversed,***,+***
contract,spec_c_pack_decision,legal_common,0.495562940262988,0.2500010387870728,mixed_vs_contract,-0.5700692709049813,raw,,0
contract,spec_c_pack_decision,legal_common,0.495562940262988,0.2500010387870728,contract_vs_mixed,0.5700692709049813,reversed,,0
contract,spec_c_pack_decision,legal_civil,0.3163701687262897,0.7276811212809624,expand_vs_contract,-0.1101638281422233,raw,,0
contract,spec_c_pack_decision,legal_civil,0.3163701687262897,0.7276811212809624,contract_vs_expand,0.1101638281422233,reversed,,0
contract,spec_c_pack_decision,legal_civil,0.4076070453049223,0.9957581332408044,mixed_vs_contract,-0.0021670088708716,raw,,0
contract,spec_c_pack_decision,legal_civil,0.4076070453049223,0.9957581332408044,contract_vs_mixed,0.0021670088708716,reversed,,0
contract,spec_c_pack_decision,high_court,0.2479711197678562,0.1083867812084647,expand_vs_contract,0.3981142858379805,raw,,0
contract,spec_c_pack_decision,high_court,0.2479711197678562,0.1083867812084647,contract_vs_expand,-0.3981142858379805,reversed,,0
contract,spec_c_pack_decision,high_court,0.2965433945640836,0.1286220980248553,mixed_vs_contract,0.4506148904731827,raw,,0
contract,spec_c_pack_decision,high_court,0.2965433945640836,0.1286220980248553,contract_vs_mixed,-0.4506148904731827,reversed,,0
contract,spec_c_pack_decision,j_ind_lag1,0.2545227438098278,0.542909521127648,expand_vs_contract,0.1548565085795085,raw,,0
contract,spec_c_pack_decision,j_ind_lag1,0.2545227438098278,0.542909521127648,contract_vs_expand,-0.1548565085795085,reversed,,0
contract,spec_c_pack_decision,j_ind_lag1,0.2299845574247069,0.2961614984230785,mixed_vs_contract,-0.2402649399777528,raw,,0
contract,spec_c_pack_decision,j_ind_lag1,0.2299845574247069,0.2961614984230785,contract_vs_mixed,0.2402649399777528,reversed,,0
contract,spec_im_pack_decision,wdj_intermediaries_lag1,0.6056034472096995,0.2180063904658064,expand_vs_contract,-0.7460105500567661,raw,,0
contract,spec_im_pack_decision,wdj_intermediaries_lag1,0.6056034472096995,0.2180063904658064,contract_vs_expand,0.7460105500567661,reversed,,0
contract,spec_im_pack_decision,wdj_intermediaries_lag1,0.936494663470461,0.9627878370297314,mixed_vs_contract,0.0436925803841374,raw,,0
contract,spec_im_pack_decision,wdj_intermediaries_lag1,0.936494663470461,0.9627878370297314,contract_vs_mixed,-0.0436925803841374,reversed,,0
contract,spec_im_pack_decision,v2jupack_lag1,0.1633117129639629,0.2196690353271621,expand_vs_contract,-0.2004502098186885,raw,,0
contract,spec_im_pack_decision,v2jupack_lag1,0.1633117129639629,0.2196690353271621,contract_vs_expand,0.2004502098186885,reversed,,0
contract,spec_im_pack_decision,v2jupack_lag1,0.2540338731214293,0.0347262892945536,mixed_vs_contract,-0.5364016022978517,raw,**,-**
contract,spec_im_pack_decision,v2jupack_lag1,0.2540338731214293,0.0347262892945536,contract_vs_mixed,0.5364016022978517,reversed,**,+**
contract,spec_im_pack_decision,v2x_polyarchy_lag1,1.1101390502140993,0.0014792388022335,expand_vs_contract,3.528827797911285,raw,***,+***
contract,spec_im_pack_decision,v2x_polyarchy_lag1,1.1101390502140993,0.0014792388022335,contract_vs_expand,-3.528827797911285,reversed,***,-***
contract,spec_im_pack_decision,v2x_polyarchy_lag1,1.7777587338779877,8.097275452023707e-05,mixed_vs_contract,7.007040685691326,raw,***,+***
contract,spec_im_pack_decision,v2x_polyarchy_lag1,1.7777587338779877,8.097275452023707e-05,contract_vs_mixed,-7.007040685691326,reversed,***,-***
contract,spec_im_pack_decision,v2jureview_lag1,0.2948447463863371,0.0178701639723495,expand_vs_contract,0.6982800510354671,raw,**,+**
contract,spec_im_pack_decision,v2jureview_lag1,0.2948447463863371,0.0178701639723495,contract_vs_expand,-0.6982800510354671,reversed,**,-**
contract,spec_im_pack_decision,v2jureview_lag1,0.3725402726701477,0.2644058309647726,mixed_vs_contract,0.4157691340369357,raw,,0
contract,spec_im_pack_decision,v2jureview_lag1,0.3725402726701477,0.2644058309647726,contract_vs_mixed,-0.4157691340369357,reversed,,0
contract,spec_im_pack_decision,legal_common,0.3673075797091397,3.783255192016298e-05,expand_vs_contract,-1.513429471279354,raw,***,-***
contract,spec_im_pack_decision,legal_common,0.3673075797091397,3.783255192016298e-05,contract_vs_expand,1.513429471279354,reversed,***,+***
contract,spec_im_pack_decision,legal_common,0.5150888028469058,0.3098167415931737,mixed_vs_contract,-0.52312760840783,raw,,0
contract,spec_im_pack_decision,legal_common,0.5150888028469058,0.3098167415931737,contract_vs_mixed,0.52312760840783,reversed,,0
contract,spec_im_pack_decision,legal_civil,0.3067262142694914,0.9803027337697956,expand_vs_contract,-0.0075728770846566,raw,,0
contract,spec_im_pack_decision,legal_civil,0.3067262142694914,0.9803027337697956,contract_vs_expand,0.0075728770846566,reversed,,0
contract,spec_im_pack_decision,legal_civil,0.460924954097678,0.5722550415894065,mixed_vs_contract,-0.2602997646725535,raw,,0
contract,spec_im_pack_decision,legal_civil,0.460924954097678,0.5722550415894065,contract_vs_mixed,0.2602997646725535,reversed,,0
contract,spec_im_pack_decision,high_court,0.2505319135340197,0.1152985079084124,expand_vs_contract,0.3945421154250453,raw,,0
contract,spec_im_pack_decision,high_court,0.2505319135340197,0.1152985079084124,contract_vs_expand,-0.3945421154250453,reversed,,0
contract,spec_im_pack_decision,high_court,0.2944761506383306,0.1282338869360147,mixed_vs_contract,0.4479286791904954,raw,,0
contract,spec_im_pack_decision,high_court,0.2944761506383306,0.1282338869360147,contract_vs_mixed,-0.4479286791904954,reversed,,0
contract,spec_im_pack_decision,j_ind_lag1,0.2474484779571368,0.5590711108600548,expand_vs_contract,0.1445647899105697,raw,,0
contract,spec_im_pack_decision,j_ind_lag1,0.2474484779571368,0.5590711108600548,contract_vs_expand,-0.1445647899105697,reversed,,0
contract,spec_im_pack_decision,j_ind_lag1,0.2314038465819875,0.3544257973723295,mixed_vs_contract,-0.2142889490427608,raw,,0
contract,spec_im_pack_decision,j_ind_lag1,0.2314038465819875,0.3544257973723295,contract_vs_mixed,0.2142889490427608,reversed,,0
contract,spec_p_pack_decision,wdj_press_lag1,0.4384804862133267,0.0762498192516785,expand_vs_contract,-0.7773700412734775,raw,*,-*
contract,spec_p_pack_decision,wdj_press_lag1,0.4384804862133267,0.0762498192516785,contract_vs_expand,0.7773700412734775,reversed,*,+*
contract,spec_p_pack_decision,wdj_press_lag1,0.5606120121047352,0.0131855958100636,mixed_vs_contract,-1.3895984027560606,raw,**,-**
contract,spec_p_pack_decision,wdj_press_lag1,0.5606120121047352,0.0131855958100636,contract_vs_mixed,1.3895984027560606,reversed,**,+**
contract,spec_p_pack_decision,v2jupack_lag1,0.1694257390269218,0.2238179088856013,expand_vs_contract,-0.2060959991686324,raw,,0
contract,spec_p_pack_decision,v2jupack_lag1,0.1694257390269218,0.2238179088856013,contract_vs_expand,0.2060959991686324,reversed,,0
contract,spec_p_pack_decision,v2jupack_lag1,0.2501668937004341,0.0652114389922629,mixed_vs_contract,-0.4612591835795774,raw,*,-*
contract,spec_p_pack_decision,v2jupack_lag1,0.2501668937004341,0.0652114389922629,contract_vs_mixed,0.4612591835795774,reversed,*,+*
contract,spec_p_pack_decision,v2x_polyarchy_lag1,1.074444288617941,0.0006296482244263,expand_vs_contract,3.672999388446792,raw,***,+***
contract,spec_p_pack_decision,v2x_polyarchy_lag1,1.074444288617941,0.0006296482244263,contract_vs_expand,-3.672999388446792,reversed,***,-***
contract,spec_p_pack_decision,v2x_polyarchy_lag1,1.6394875154554476,1.4532547823703026e-05,mixed_vs_contract,7.108255340385172,raw,***,+***
contract,spec_p_pack_decision,v2x_polyarchy_lag1,1.6394875154554476,1.4532547823703026e-05,contract_vs_mixed,-7.108255340385172,reversed,***,-***
contract,spec_p_pack_decision,v2jureview_lag1,0.3159989639204111,0.0201301281774553,expand_vs_contract,0.7343542723314785,raw,**,+**
contract,spec_p_pack_decision,v2jureview_lag1,0.3159989639204111,0.0201301281774553,contract_vs_expand,-0.7343542723314785,reversed,**,-**
contract,spec_p_pack_decision,v2jureview_lag1,0.3782876192687301,0.2408191768052368,mixed_vs_contract,0.4437093316065211,raw,,0
contract,spec_p_pack_decision,v2jureview_lag1,0.3782876192687301,0.2408191768052368,contract_vs_mixed,-0.4437093316065211,reversed,,0
contract,spec_p_pack_decision,legal_common,0.3411474991351421,6.263696709949509e-06,expand_vs_contract,-1.5410611812559896,raw,***,-***
contract,spec_p_pack_decision,legal_common,0.3411474991351421,6.263696709949509e-06,contract_vs_expand,1.5410611812559896,reversed,***,+***
contract,spec_p_pack_decision,legal_common,0.4567053591750842,0.1381556183520011,mixed_vs_contract,-0.6771544867578261,raw,,0
contract,spec_p_pack_decision,legal_common,0.4567053591750842,0.1381556183520011,contract_vs_mixed,0.6771544867578261,reversed,,0
contract,spec_p_pack_decision,legal_civil,0.3113742927477778,0.8249048270066291,expand_vs_contract,-0.0688887438012804,raw,,0
contract,spec_p_pack_decision,legal_civil,0.3113742927477778,0.8249048270066291,contract_vs_expand,0.0688887438012804,reversed,,0
contract,spec_p_pack_decision,legal_civil,0.4080437017041144,0.9693957212002282,mixed_vs_contract,-0.0156550803433058,raw,,0
contract,spec_p_pack_decision,legal_civil,0.4080437017041144,0.9693957212002282,contract_vs_mixed,0.0156550803433058,reversed,,0
contract,spec_p_pack_decision,high_court,0.2496665205564853,0.102319591405484,expand_vs_contract,0.4078828888391942,raw,,0
contract,spec_p_pack_decision,high_court,0.2496665205564853,0.102319591405484,contract_vs_expand,-0.4078828888391942,reversed,,0
contract,spec_p_pack_decision,high_court,0.2994709342823842,0.1194339854555782,mixed_vs_contract,0.4663222891955556,raw,,0
contract,spec_p_pack_decision,high_court,0.2994709342823842,0.1194339854555782,contract_vs_mixed,-0.4663222891955556,reversed,,0
contract,spec_p_pack_decision,j_ind_lag1,0.2499688848651082,0.557371846988826,expand_vs_contract,0.1466691593950659,raw,,0
contract,spec_p_pack_decision,j_ind_lag1,0.2499688848651082,0.557371846988826,contract_vs_expand,-0.1466691593950659,reversed,,0
contract,spec_p_pack_decision,j_ind_lag1,0.2228753605813906,0.2821067639498854,mixed_vs_contract,-0.2397244506556479,raw,,0
contract,spec_p_pack_decision,j_ind_lag1,0.2228753605813906,0.2821067639498854,contract_vs_mixed,0.2397244506556479,reversed,,0
contract,spec_govprot_pack_decision,wdj_govprot_lag1,0.2453358407460366,0.5305294221687951,expand_vs_contract,-0.1538741605851997,raw,,0
contract,spec_govprot_pack_decision,wdj_govprot_lag1,0.2453358407460366,0.5305294221687951,contract_vs_expand,0.1538741605851997,reversed,,0
contract,spec_govprot_pack_decision,wdj_govprot_lag1,0.2717804698663235,0.4142054800489912,mixed_vs_contract,-0.2219129101795248,raw,,0
contract,spec_govprot_pack_decision,wdj_govprot_lag1,0.2717804698663235,0.4142054800489912,contract_vs_mixed,0.2219129101795248,reversed,,0
contract,spec_govprot_pack_decision,v2jupack_lag1,0.1666692782667368,0.1618449597775373,expand_vs_contract,-0.2331525490560792,raw,,0
contract,spec_govprot_pack_decision,v2jupack_lag1,0.1666692782667368,0.1618449597775373,contract_vs_expand,0.2331525490560792,reversed,,0
contract,spec_govprot_pack_decision,v2jupack_lag1,0.2566474525012624,0.0389701066513709,mixed_vs_contract,-0.5298492814515668,raw,**,-**
contract,spec_govprot_pack_decision,v2jupack_lag1,0.2566474525012624,0.0389701066513709,contract_vs_mixed,0.5298492814515668,reversed,**,+**
contract,spec_govprot_pack_decision,v2x_polyarchy_lag1,1.1409749463420753,0.002526270710561,expand_vs_contract,3.44594619816142,raw,***,+***
contract,spec_govprot_pack_decision,v2x_polyarchy_lag1,1.1409749463420753,0.002526270710561,contract_vs_expand,-3.44594619816142,reversed,***,-***
contract,spec_govprot_pack_decision,v2x_polyarchy_lag1,1.80694706759862,0.0001766615523885,mixed_vs_contract,6.776495040269926,raw,***,+***
contract,spec_govprot_pack_decision,v2x_polyarchy_lag1,1.80694706759862,0.0001766615523885,contract_vs_mixed,-6.776495040269926,reversed,***,-***
contract,spec_govprot_pack_decision,v2jureview_lag1,0.3171824608232488,0.02394056869864,expand_vs_contract,0.7162238982724525,raw,**,+**
contract,spec_govprot_pack_decision,v2jureview_lag1,0.3171824608232488,0.02394056869864,contract_vs_expand,-0.7162238982724525,reversed,**,-**
contract,spec_govprot_pack_decision,v2jureview_lag1,0.3768221601911516,0.2453755469058408,mixed_vs_contract,0.4377374249435231,raw,,0
contract,spec_govprot_pack_decision,v2jureview_lag1,0.3768221601911516,0.2453755469058408,contract_vs_mixed,-0.4377374249435231,reversed,,0
contract,spec_govprot_pack_decision,legal_common,0.3460594725297684,5.556856809851708e-05,expand_vs_contract,-1.3949239758579226,raw,***,-***
contract,spec_govprot_pack_decision,legal_common,0.3460594725297684,5.556856809851708e-05,contract_vs_expand,1.3949239758579226,reversed,***,+***
contract,spec_govprot_pack_decision,legal_common,0.4912982766276274,0.3346582822405011,mixed_vs_contract,-0.4739915476326667,raw,,0
contract,spec_govprot_pack_decision,legal_common,0.4912982766276274,0.3346582822405011,contract_vs_mixed,0.4739915476326667,reversed,,0
contract,spec_govprot_pack_decision,legal_civil,0.3138560354839546,0.714075829738045,expand_vs_contract,-0.1149929770323961,raw,,0
contract,spec_govprot_pack_decision,legal_civil,0.3138560354839546,0.714075829738045,contract_vs_expand,0.1149929770323961,reversed,,0
contract,spec_govprot_pack_decision,legal_civil,0.413568667752105,0.7455723279837554,mixed_vs_contract,-0.1341960362597157,raw,,0
contract,spec_govprot_pack_decision,legal_civil,0.413568667752105,0.7455723279837554,contract_vs_mixed,0.1341960362597157,reversed,,0
contract,spec_govprot_pack_decision,high_court,0.257213795371717,0.1437496665205282,expand_vs_contract,0.3760386313518823,raw,,0
contract,spec_govprot_pack_decision,high_court,0.257213795371717,0.1437496665205282,contract_vs_expand,-0.3760386313518823,reversed,,0
contract,spec_govprot_pack_decision,high_court,0.2951654898621659,0.1649767574318905,mixed_vs_contract,0.4098451275140914,raw,,0
contract,spec_govprot_pack_decision,high_court,0.2951654898621659,0.1649767574318905,contract_vs_mixed,-0.4098451275140914,reversed,,0
contract,spec_govprot_pack_decision,j_ind_lag1,0.2779010446519184,0.5119811529199095,expand_vs_contract,0.1822352679643051,raw,,0
contract,spec_govprot_pack_decision,j_ind_lag1,0.2779010446519184,0.5119811529199095,contract_vs_expand,-0.1822352679643051,reversed,,0
contract,spec_govprot_pack_decision,j_ind_lag1,0.2583169912701551,0.4997295495206859,mixed_vs_contract,-0.17434210176649,raw,,0
contract,spec_govprot_pack_decision,j_ind_lag1,0.2583169912701551,0.4997295495206859,contract_vs_mixed,0.17434210176649,reversed,,0
contract,spec_c_attack_decision,wdj_citizen_lag1,0.3855737119480756,0.4776329010309889,expand_vs_contract,-0.2738016293226838,raw,,0
contract,spec_c_attack_decision,wdj_citizen_lag1,0.3855737119480756,0.4776329010309889,contract_vs_expand,0.2738016293226838,reversed,,0
contract,spec_c_attack_decision,wdj_citizen_lag1,0.6304516232193252,0.1812490971192604,mixed_vs_contract,-0.8428627170165118,raw,,0
contract,spec_c_attack_decision,wdj_citizen_lag1,0.6304516232193252,0.1812490971192604,contract_vs_mixed,0.8428627170165118,reversed,,0
contract,spec_c_attack_decision,v2jupoatck_lag1,0.1063351356829886,0.2467354530188483,expand_vs_contract,-0.1231695981295909,raw,,0
contract,spec_c_attack_decision,v2jupoatck_lag1,0.1063351356829886,0.2467354530188483,contract_vs_expand,0.1231695981295909,reversed,,0
contract,spec_c_attack_decision,v2jupoatck_lag1,0.098435488931467,0.0610172802970625,mixed_vs_contract,-0.1844061128817239,raw,*,-*
contract,spec_c_attack_decision,v2jupoatck_lag1,0.098435488931467,0.0610172802970625,contract_vs_mixed,0.1844061128817239,reversed,*,+*
contract,spec_c_attack_decision,v2x_polyarchy_lag1,1.081019605803781,0.0041181337176089,expand_vs_contract,3.1014107299109264,raw,***,+***
contract,spec_c_attack_decision,v2x_polyarchy_lag1,1.081019605803781,0.0041181337176089,contract_vs_expand,-3.1014107299109264,reversed,***,-***
contract,spec_c_attack_decision,v2x_polyarchy_lag1,1.2909148431189732,1.1308613417055544e-05,mixed_vs_contract,5.66777199625254,raw,***,+***
contract,spec_c_attack_decision,v2x_polyarchy_lag1,1.2909148431189732,1.1308613417055544e-05,contract_vs_mixed,-5.66777199625254,reversed,***,-***
contract,spec_c_attack_decision,v2jureview_lag1,0.3079535130260135,0.0463365637216309,expand_vs_contract,0.6135402437699451,raw,**,+**
contract,spec_c_attack_decision,v2jureview_lag1,0.3079535130260135,0.0463365637216309,contract_vs_expand,-0.6135402437699451,reversed,**,-**
contract,spec_c_attack_decision,v2jureview_lag1,0.333043809449876,0.4569087591926961,mixed_vs_contract,0.247766822078794,raw,,0
contract,spec_c_attack_decision,v2jureview_lag1,0.333043809449876,0.4569087591926961,contract_vs_mixed,-0.247766822078794,reversed,,0
contract,spec_c_attack_decision,legal_common,0.3547013502194833,4.059049166050807e-05,expand_vs_contract,-1.455727177221702,raw,***,-***
contract,spec_c_attack_decision,legal_common,0.3547013502194833,4.059049166050807e-05,contract_vs_expand,1.455727177221702,reversed,***,+***
contract,spec_c_attack_decision,legal_common,0.4884498770464544,0.2448389560482405,mixed_vs_contract,-0.5680558260398512,raw,,0
contract,spec_c_attack_decision,legal_common,0.4884498770464544,0.2448389560482405,contract_vs_mixed,0.5680558260398512,reversed,,0
contract,spec_c_attack_decision,legal_civil,0.3359618364753626,0.8357834757204077,expand_vs_contract,-0.0696414893617395,raw,,0
contract,spec_c_attack_decision,legal_civil,0.3359618364753626,0.8357834757204077,contract_vs_expand,0.0696414893617395,reversed,,0
contract,spec_c_attack_decision,legal_civil,0.3809644216663151,0.6912366104167769,mixed_vs_contract,0.1513104772192693,raw,,0
contract,spec_c_attack_decision,legal_civil,0.3809644216663151,0.6912366104167769,contract_vs_mixed,-0.1513104772192693,reversed,,0
contract,spec_c_attack_decision,high_court,0.2639711634922286,0.0634894201411779,expand_vs_contract,0.4898640798360332,raw,*,+*
contract,spec_c_attack_decision,high_court,0.2639711634922286,0.0634894201411779,contract_vs_expand,-0.4898640798360332,reversed,*,-*
contract,spec_c_attack_decision,high_court,0.2989421255731391,0.049922102428835,mixed_vs_contract,0.5861151499210777,raw,**,+**
contract,spec_c_attack_decision,high_court,0.2989421255731391,0.049922102428835,contract_vs_mixed,-0.5861151499210777,reversed,**,-**
contract,spec_c_attack_decision,j_ind_lag1,0.2530471800965254,0.5294530148068748,expand_vs_contract,0.159126496043066,raw,,0
contract,spec_c_attack_decision,j_ind_lag1,0.2530471800965254,0.5294530148068748,contract_vs_expand,-0.159126496043066,reversed,,0
contract,spec_c_attack_decision,j_ind_lag1,0.2251649643833289,0.2983368411691346,mixed_vs_contract,-0.2341730457434992,raw,,0
contract,spec_c_attack_decision,j_ind_lag1,0.2251649643833289,0.2983368411691346,contract_vs_mixed,0.2341730457434992,reversed,,0
contract,spec_im_attack_decision,wdj_intermediaries_lag1,0.6078642111379634,0.1892808845392894,expand_vs_contract,-0.7979490717837933,raw,,0
contract,spec_im_attack_decision,wdj_intermediaries_lag1,0.6078642111379634,0.1892808845392894,contract_vs_expand,0.7979490717837933,reversed,,0
contract,spec_im_attack_decision,wdj_intermediaries_lag1,0.9362999785389092,0.8607155688446986,mixed_vs_contract,-0.1642863279898692,raw,,0
contract,spec_im_attack_decision,wdj_intermediaries_lag1,0.9362999785389092,0.8607155688446986,contract_vs_mixed,0.1642863279898692,reversed,,0
contract,spec_im_attack_decision,v2jupoatck_lag1,0.1030659786499042,0.2434300347987914,expand_vs_contract,-0.1202219530620975,raw,,0
contract,spec_im_attack_decision,v2jupoatck_lag1,0.1030659786499042,0.2434300347987914,contract_vs_expand,0.1202219530620975,reversed,,0
contract,spec_im_attack_decision,v2jupoatck_lag1,0.1060654843512719,0.0939705598880058,mixed_vs_contract,-0.1776400506688374,raw,*,-*
contract,spec_im_attack_decision,v2jupoatck_lag1,0.1060654843512719,0.0939705598880058,contract_vs_mixed,0.1776400506688374,reversed,*,+*
contract,spec_im_attack_decision,v2x_polyarchy_lag1,1.0321240063729469,0.0021074223179429,expand_vs_contract,3.173431006445871,raw,***,+***
contract,spec_im_attack_decision,v2x_polyarchy_lag1,1.0321240063729469,0.0021074223179429,contract_vs_expand,-3.173431006445871,reversed,***,-***
contract,spec_im_attack_decision,v2x_polyarchy_lag1,1.3688753557198432,4.731053457115919e-05,mixed_vs_contract,5.569311367246779,raw,***,+***
contract,spec_im_attack_decision,v2x_polyarchy_lag1,1.3688753557198432,4.731053457115919e-05,contract_vs_mixed,-5.569311367246779,reversed,***,-***
contract,spec_im_attack_decision,v2jureview_lag1,0.3058551368871273,0.0420510288499785,expand_vs_contract,0.6218080167019332,raw,**,+**
contract,spec_im_attack_decision,v2jureview_lag1,0.3058551368871273,0.0420510288499785,contract_vs_expand,-0.6218080167019332,reversed,**,-**
contract,spec_im_attack_decision,v2jureview_lag1,0.3558154086567939,0.4619162979125457,mixed_vs_contract,0.2617716377048054,raw,,0
contract,spec_im_attack_decision,v2jureview_lag1,0.3558154086567939,0.4619162979125457,contract_vs_mixed,-0.2617716377048054,reversed,,0
contract,spec_im_attack_decision,legal_common,0.3584618490953296,2.2749916159104752e-05,expand_vs_contract,-1.5184577069503258,raw,***,-***
contract,spec_im_attack_decision,legal_common,0.3584618490953296,2.2749916159104752e-05,contract_vs_expand,1.5184577069503258,reversed,***,+***
contract,spec_im_attack_decision,legal_common,0.4962670352316468,0.2908632168384766,mixed_vs_contract,-0.5241720556498439,raw,,0
contract,spec_im_attack_decision,legal_common,0.4962670352316468,0.2908632168384766,contract_vs_mixed,0.5241720556498439,reversed,,0
contract,spec_im_attack_decision,legal_civil,0.3201026938069589,0.943406090119656,expand_vs_contract,0.0227239390601939,raw,,0
contract,spec_im_attack_decision,legal_civil,0.3201026938069589,0.943406090119656,contract_vs_expand,-0.0227239390601939,reversed,,0
contract,spec_im_attack_decision,legal_civil,0.4377108860793207,0.8840113354629041,mixed_vs_contract,-0.0638559170855591,raw,,0
contract,spec_im_attack_decision,legal_civil,0.4377108860793207,0.8840113354629041,contract_vs_mixed,0.0638559170855591,reversed,,0
contract,spec_im_attack_decision,high_court,0.2647999846188677,0.0692309866724517,expand_vs_contract,0.4811175819562576,raw,*,+*
contract,spec_im_attack_decision,high_court,0.2647999846188677,0.0692309866724517,contract_vs_expand,-0.4811175819562576,reversed,*,-*
contract,spec_im_attack_decision,high_court,0.3052162196635073,0.0568210897967604,mixed_vs_contract,0.5813406150101851,raw,*,+*
contract,spec_im_attack_decision,high_court,0.3052162196635073,0.0568210897967604,contract_vs_mixed,-0.5813406150101851,reversed,*,-*
contract,spec_im_attack_decision,j_ind_lag1,0.2463506838560152,0.5421889892023467,expand_vs_contract,0.1501522599788258,raw,,0
contract,spec_im_attack_decision,j_ind_lag1,0.2463506838560152,0.5421889892023467,contract_vs_expand,-0.1501522599788258,reversed,,0
contract,spec_im_attack_decision,j_ind_lag1,0.2329991423320339,0.3577826651859359,mixed_vs_contract,-0.2142656375845742,raw,,0
contract,spec_im_attack_decision,j_ind_lag1,0.2329991423320339,0.3577826651859359,contract_vs_mixed,0.2142656375845742,reversed,,0
contract,spec_p_attack_decision,wdj_press_lag1,0.426996102325759,0.0552302987098889,expand_vs_contract,-0.8185771843788746,raw,*,-*
contract,spec_p_attack_decision,wdj_press_lag1,0.426996102325759,0.0552302987098889,contract_vs_expand,0.8185771843788746,reversed,*,+*
contract,spec_p_attack_decision,wdj_press_lag1,0.5073143421085599,0.0027529093746565,mixed_vs_contract,-1.5189300653501487,raw,***,-***
contract,spec_p_attack_decision,wdj_press_lag1,0.5073143421085599,0.0027529093746565,contract_vs_mixed,1.5189300653501487,reversed,***,+***
contract,spec_p_attack_decision,v2jupoatck_lag1,0.1067508249530907,0.2869813784021781,expand_vs_contract,-0.1136647564926861,raw,,0
contract,spec_p_attack_decision,v2jupoatck_lag1,0.1067508249530907,0.2869813784021781,contract_vs_expand,0.1136647564926861,reversed,,0
contract,spec_p_attack_decision,v2jupoatck_lag1,0.1000552494992052,0.0948582900302165,mixed_vs_contract,-0.1671231601610578,raw,*,-*
contract,spec_p_attack_decision,v2jupoatck_lag1,0.1000552494992052,0.0948582900302165,contract_vs_mixed,0.1671231601610578,reversed,*,+*
contract,spec_p_attack_decision,v2x_polyarchy_lag1,1.0361936481954794,0.0016148823577852,expand_vs_contract,3.2673312194340363,raw,***,+***
contract,spec_p_attack_decision,v2x_polyarchy_lag1,1.0361936481954794,0.0016148823577852,contract_vs_expand,-3.2673312194340363,reversed,***,-***
contract,spec_p_attack_decision,v2x_polyarchy_lag1,1.2557734146099102,2.411114575760457e-06,mixed_vs_contract,5.921606360965143,raw,***,+***
contract,spec_p_attack_decision,v2x_polyarchy_lag1,1.2557734146099102,2.411114575760457e-06,contract_vs_mixed,-5.921606360965143,reversed,***,-***
contract,spec_p_attack_decision,v2jureview_lag1,0.3319644455195218,0.0452317314156709,expand_vs_contract,0.6647564901375904,raw,**,+**
contract,spec_p_attack_decision,v2jureview_lag1,0.3319644455195218,0.0452317314156709,contract_vs_expand,-0.6647564901375904,reversed,**,-**
contract,spec_p_attack_decision,v2jureview_lag1,0.375058605926842,0.4014165642310368,mixed_vs_contract,0.3147094249139094,raw,,0
contract,spec_p_attack_decision,v2jureview_lag1,0.375058605926842,0.4014165642310368,contract_vs_mixed,-0.3147094249139094,reversed,,0
contract,spec_p_attack_decision,legal_common,0.3351144392858957,3.992942605136995e-06,expand_vs_contract,-1.5454638041304547,raw,***,-***
contract,spec_p_attack_decision,legal_common,0.3351144392858957,3.992942605136995e-06,contract_vs_expand,1.5454638041304547,reversed,***,+***
contract,spec_p_attack_decision,legal_common,0.4532040547216451,0.1312164888102256,mixed_vs_contract,-0.684030897164267,raw,,0
contract,spec_p_attack_decision,legal_common,0.4532040547216451,0.1312164888102256,contract_vs_mixed,0.684030897164267,reversed,,0
contract,spec_p_attack_decision,legal_civil,0.3280046490041801,0.8964091307778024,expand_vs_contract,-0.0427058171604162,raw,,0
contract,spec_p_attack_decision,legal_civil,0.3280046490041801,0.8964091307778024,contract_vs_expand,0.0427058171604162,reversed,,0
contract,spec_p_attack_decision,legal_civil,0.3909374487060938,0.7459901803883949,mixed_vs_contract,0.1266368068794005,raw,,0
contract,spec_p_attack_decision,legal_civil,0.3909374487060938,0.7459901803883949,contract_vs_mixed,-0.1266368068794005,reversed,,0
contract,spec_p_attack_decision,high_court,0.265226008594674,0.0620985599678304,expand_vs_contract,0.4948033489144252,raw,*,+*
contract,spec_p_attack_decision,high_court,0.265226008594674,0.0620985599678304,contract_vs_expand,-0.4948033489144252,reversed,*,-*
contract,spec_p_attack_decision,high_court,0.3032626248720124,0.0501826764166514,mixed_vs_contract,0.5939106066402406,raw,*,+*
contract,spec_p_attack_decision,high_court,0.3032626248720124,0.0501826764166514,contract_vs_mixed,-0.5939106066402406,reversed,*,-*
contract,spec_p_attack_decision,j_ind_lag1,0.2498950557048573,0.5404017754909887,expand_vs_contract,0.1529871379652023,raw,,0
contract,spec_p_attack_decision,j_ind_lag1,0.2498950557048573,0.5404017754909887,contract_vs_expand,-0.1529871379652023,reversed,,0
contract,spec_p_attack_decision,j_ind_lag1,0.2192871404163809,0.2969568183165508,mixed_vs_contract,-0.2287124508600539,raw,,0
contract,spec_p_attack_decision,j_ind_lag1,0.2192871404163809,0.2969568183165508,contract_vs_mixed,0.2287124508600539,reversed,,0
contract,spec_govprot_attack_decision,wdj_govprot_lag1,0.2623680906112157,0.3032607784945945,expand_vs_contract,-0.2700990121901477,raw,,0
contract,spec_govprot_attack_decision,wdj_govprot_lag1,0.2623680906112157,0.3032607784945945,contract_vs_expand,0.2700990121901477,reversed,,0
contract,spec_govprot_attack_decision,wdj_govprot_lag1,0.3253326845970254,0.2226613146919872,mixed_vs_contract,-0.3967373434157913,raw,,0
contract,spec_govprot_attack_decision,wdj_govprot_lag1,0.3253326845970254,0.2226613146919872,contract_vs_mixed,0.3967373434157913,reversed,,0
contract,spec_govprot_attack_decision,v2jupoatck_lag1,0.0987485406364259,0.1025234166773349,expand_vs_contract,-0.1612308209328154,raw,,0
contract,spec_govprot_attack_decision,v2jupoatck_lag1,0.0987485406364259,0.1025234166773349,contract_vs_expand,0.1612308209328154,reversed,,0
contract,spec_govprot_attack_decision,v2jupoatck_lag1,0.1212593382861509,0.0375603389468236,mixed_vs_contract,-0.2521734271439803,raw,**,-**
contract,spec_govprot_attack_decision,v2jupoatck_lag1,0.1212593382861509,0.0375603389468236,contract_vs_mixed,0.2521734271439803,reversed,**,+**
contract,spec_govprot_attack_decision,v2x_polyarchy_lag1,1.0228138863392358,0.0030218505996431,expand_vs_contract,3.0331611237037297,raw,***,+***
contract,spec_govprot_attack_decision,v2x_polyarchy_lag1,1.0228138863392358,0.0030218505996431,contract_vs_expand,-3.0331611237037297,reversed,***,-***
contract,spec_govprot_attack_decision,v2x_polyarchy_lag1,1.291875499243958,2.3025534019206863e-05,mixed_vs_contract,5.4689364553233,raw,***,+***
contract,spec_govprot_attack_decision,v2x_polyarchy_lag1,1.291875499243958,2.3025534019206863e-05,contract_vs_mixed,-5.4689364553233,reversed,***,-***
contract,spec_govprot_attack_decision,v2jureview_lag1,0.329976787168811,0.0604451083603723,expand_vs_contract,0.619542235976374,raw,*,+*
contract,spec_govprot_attack_decision,v2jureview_lag1,0.329976787168811,0.0604451083603723,contract_vs_expand,-0.619542235976374,reversed,*,-*
contract,spec_govprot_attack_decision,v2jureview_lag1,0.3637111446717174,0.4851171467609564,mixed_vs_contract,0.2539053026303737,raw,,0
contract,spec_govprot_attack_decision,v2jureview_lag1,0.3637111446717174,0.4851171467609564,contract_vs_mixed,-0.2539053026303737,reversed,,0
contract,spec_govprot_attack_decision,legal_common,0.3423988168550709,6.93811311730215e-05,expand_vs_contract,-1.3621988063546735,raw,***,-***
contract,spec_govprot_attack_decision,legal_common,0.3423988168550709,6.93811311730215e-05,contract_vs_expand,1.3621988063546735,reversed,***,+***
contract,spec_govprot_attack_decision,legal_common,0.4874855990239375,0.3921664616777638,mixed_vs_contract,-0.417139029238888,raw,,0
contract,spec_govprot_attack_decision,legal_common,0.4874855990239375,0.3921664616777638,contract_vs_mixed,0.417139029238888,reversed,,0
contract,spec_govprot_attack_decision,legal_civil,0.3186403267618705,0.8118554822496096,expand_vs_contract,-0.0758469199357051,raw,,0
contract,spec_govprot_attack_decision,legal_civil,0.3186403267618705,0.8118554822496096,contract_vs_expand,0.0758469199357051,reversed,,0
contract,spec_govprot_attack_decision,legal_civil,0.3938164368436316,0.9373051989125144,mixed_vs_contract,0.030976543039956,raw,,0
contract,spec_govprot_attack_decision,legal_civil,0.3938164368436316,0.9373051989125144,contract_vs_mixed,-0.030976543039956,reversed,,0
contract,spec_govprot_attack_decision,high_court,0.2615618812798899,0.07715385354022,expand_vs_contract,0.4622960497765463,raw,*,+*
contract,spec_govprot_attack_decision,high_court,0.2615618812798899,0.07715385354022,contract_vs_expand,-0.4622960497765463,reversed,*,-*
contract,spec_govprot_attack_decision,high_court,0.2904756203473534,0.0612340114638565,mixed_vs_contract,0.5437128261713545,raw,*,+*
contract,spec_govprot_attack_decision,high_court,0.2904756203473534,0.0612340114638565,contract_vs_mixed,-0.5437128261713545,reversed,*,-*
contract,spec_govprot_attack_decision,j_ind_lag1,0.269200500522552,0.4582536166131441,expand_vs_contract,0.1996728980490358,raw,,0
contract,spec_govprot_attack_decision,j_ind_lag1,0.269200500522552,0.4582536166131441,contract_vs_expand,-0.1996728980490358,reversed,,0
contract,spec_govprot_attack_decision,j_ind_lag1,0.2482720662232561,0.5658533151969776,mixed_vs_contract,-0.1425501715321442,raw,,0
contract,spec_govprot_attack_decision,j_ind_lag1,0.2482720662232561,0.5658533151969776,contract_vs_mixed,0.1425501715321442,reversed,,0
expand,spec_base_1,wdj_expression_lag1,0.2809740308819088,0.7090978301079355,contract_vs_expand,-0.1048224213986628,raw,,0
expand,spec_base_1,wdj_expression_lag1,0.2809740308819088,0.7090978301079355,expand_vs_contract,0.1048224213986628,reversed,,0
expand,spec_base_1,wdj_expression_lag1,0.187969951531467,0.7170651574536573,mixed_vs_expand,0.0681172870290232,raw,,0
expand,spec_base_1,wdj_expression_lag1,0.187969951531467,0.7170651574536573,expand_vs_mixed,-0.0681172870290232,reversed,,0
expand,spec_base_1,v2jureform_lag1,0.1530716326853803,0.1661082433011398,contract_vs_expand,0.2119762932927631,raw,,0
expand,spec_base_1,v2jureform_lag1,0.1530716326853803,0.1661082433011398,expand_vs_contract,-0.2119762932927631,reversed,,0
expand,spec_base_1,v2jureform_lag1,0.1223337208182949,0.1326821679861362,mixed_vs_expand,0.1839420382480336,raw,,0
expand,spec_base_1,v2jureform_lag1,0.1223337208182949,0.1326821679861362,expand_vs_mixed,-0.1839420382480336,reversed,,0
expand,spec_base_2,wdj_expression_lag1,0.3085971396438758,0.8910798609894967,contract_vs_expand,-0.0422586521148361,raw,,0
expand,spec_base_2,wdj_expression_lag1,0.3085971396438758,0.8910798609894967,expand_vs_contract,0.0422586521148361,reversed,,0
expand,spec_base_2,wdj_expression_lag1,0.2371833668070489,0.5526032699230835,mixed_vs_expand,0.1408545952406004,raw,,0
expand,spec_base_2,wdj_expression_lag1,0.2371833668070489,0.5526032699230835,expand_vs_mixed,-0.1408545952406004,reversed,,0
expand,spec_base_2,v2jupoatck_lag1,0.1213137018649988,0.3265983088569217,contract_vs_expand,0.1190073719523266,raw,,0
expand,spec_base_2,v2jupoatck_lag1,0.1213137018649988,0.3265983088569217,expand_vs_contract,-0.1190073719523266,reversed,,0
expand,spec_base_2,v2jupoatck_lag1,0.1045958766567934,0.1791578549594786,mixed_vs_expand,0.1405091339718278,raw,,0
expand,spec_base_2,v2jupoatck_lag1,0.1045958766567934,0.1791578549594786,expand_vs_mixed,-0.1405091339718278,reversed,,0
expand,spec_base_3,wdj_expression_lag1,0.287038191251172,0.795752218696144,contract_vs_expand,-0.0742993741781763,raw,,0
expand,spec_base_3,wdj_expression_lag1,0.287038191251172,0.795752218696144,expand_vs_contract,0.0742993741781763,reversed,,0
expand,spec_base_3,wdj_expression_lag1,0.2141679944894349,0.982314429082984,mixed_vs_expand,-0.0047475457607787,raw,,0
expand,spec_base_3,wdj_expression_lag1,0.2141679944894349,0.982314429082984,expand_vs_mixed,0.0047475457607787,reversed,,0
expand,spec_base_3,v2jupack_lag1,0.160575051915804,0.8409913625716795,contract_vs_expand,-0.0322154613246639,raw,,0
expand,spec_base_3,v2jupack_lag1,0.160575051915804,0.8409913625716795,expand_vs_contract,0.0322154613246639,reversed,,0
expand,spec_base_3,v2jupack_lag1,0.0877068066605956,0.0107385771699514,mixed_vs_expand,0.2237481906152791,raw,**,+**
expand,spec_base_3,v2jupack_lag1,0.0877068066605956,0.0107385771699514,expand_vs_mixed,-0.2237481906152791,reversed,**,-**
expand,spec_extended_1,wdj_expression_lag1,0.1961946839972403,0.6812458306483835,contract_vs_expand,0.0805896495937542,raw,,0
expand,spec_extended_1,wdj_expression_lag1,0.1961946839972403,0.6812458306483835,expand_vs_contract,-0.0805896495937542,reversed,,0
expand,spec_extended_1,wdj_expression_lag1,0.2222340797780151,0.9559294875436634,mixed_vs_expand,-0.012281168882056,raw,,0
expand,spec_extended_1,wdj_expression_lag1,0.2222340797780151,0.9559294875436634,expand_vs_mixed,0.012281168882056,reversed,,0
expand,spec_extended_1,v2jureform_lag1,0.12389669734967,0.0068965751594745,contract_vs_expand,0.3347437869690959,raw,***,+***
expand,spec_extended_1,v2jureform_lag1,0.12389669734967,0.0068965751594745,expand_vs_contract,-0.3347437869690959,reversed,***,-***
expand,spec_extended_1,v2jureform_lag1,0.1832996733943528,0.4107523469632679,mixed_vs_expand,0.1507768824629248,raw,,0
expand,spec_extended_1,v2jureform_lag1,0.1832996733943528,0.4107523469632679,expand_vs_mixed,-0.1507768824629248,reversed,,0
expand,spec_extended_1,v2x_polyarchy_lag1,1.2153318028065618,0.0041151774517195,contract_vs_expand,-3.487024175450778,raw,***,-***
expand,spec_extended_1,v2x_polyarchy_lag1,1.2153318028065618,0.0041151774517195,expand_vs_contract,3.487024175450778,reversed,***,+***
expand,spec_extended_1,v2x_polyarchy_lag1,0.8727834800460167,0.0521284342211636,mixed_vs_expand,1.6950080010263215,raw,*,+*
expand,spec_extended_1,v2x_polyarchy_lag1,0.8727834800460167,0.0521284342211636,expand_vs_mixed,-1.6950080010263215,reversed,*,-*
expand,spec_extended_1,v2jureview_lag1,0.3226043928898977,0.0100968256311109,contract_vs_expand,-0.8298983624956936,raw,**,-**
expand,spec_extended_1,v2jureview_lag1,0.3226043928898977,0.0100968256311109,expand_vs_contract,0.8298983624956936,reversed,**,+**
expand,spec_extended_1,v2jureview_lag1,0.3573159311224932,0.2103165563829391,mixed_vs_expand,-0.447608047125495,raw,,0
expand,spec_extended_1,v2jureview_lag1,0.3573159311224932,0.2103165563829391,expand_vs_mixed,0.447608047125495,reversed,,0
expand,spec_extended_1,legal_common,0.349191518672567,3.5566140401474837e-10,contract_vs_expand,2.190248000733213,raw,***,+***
expand,spec_extended_1,legal_common,0.349191518672567,3.5566140401474837e-10,expand_vs_contract,-2.190248000733213,reversed,***,-***
expand,spec_extended_1,legal_common,0.458862048751375,0.003576781795367,mixed_vs_expand,1.336783843373958,raw,***,+***
expand,spec_extended_1,legal_common,0.458862048751375,0.003576781795367,expand_vs_mixed,-1.336783843373958,reversed,***,-***
expand,spec_extended_1,legal_civil,0.3679223459699133,0.0681255164902344,contract_vs_expand,0.6711549970475719,raw,*,+*
expand,spec_extended_1,legal_civil,0.3679223459699133,0.0681255164902344,expand_vs_contract,-0.6711549970475719,reversed,*,-*
expand,spec_extended_1,legal_civil,0.3750856960771518,0.3910840968326566,mixed_vs_expand,0.3216933745891792,raw,,0
expand,spec_extended_1,legal_civil,0.3750856960771518,0.3910840968326566,expand_vs_mixed,-0.3216933745891792,reversed,,0
expand,spec_extended_1,high_court,0.2787670529427257,0.133686584929691,contract_vs_expand,-0.4180729147978578,raw,,0
expand,spec_extended_1,high_court,0.2787670529427257,0.133686584929691,expand_vs_contract,0.4180729147978578,reversed,,0
expand,spec_extended_1,high_court,0.1455055756448147,0.7918100795916979,mixed_vs_expand,0.0384077766904381,raw,,0
expand,spec_extended_1,high_court,0.1455055756448147,0.7918100795916979,expand_vs_mixed,-0.0384077766904381,reversed,,0
expand,spec_extended_1,j_ind_lag1,0.2645733677154398,0.3478239969450555,contract_vs_expand,-0.2483863422956348,raw,,0
expand,spec_extended_1,j_ind_lag1,0.2645733677154398,0.3478239969450555,expand_vs_contract,0.2483863422956348,reversed,,0
expand,spec_extended_1,j_ind_lag1,0.2037364722104838,0.0577963990727461,mixed_vs_expand,-0.3865367849161935,raw,*,-*
expand,spec_extended_1,j_ind_lag1,0.2037364722104838,0.0577963990727461,expand_vs_mixed,0.3865367849161935,reversed,*,+*
expand,spec_extended_1_spline,wdj_expression_lag1,0.266929852236451,0.5626351146529377,contract_vs_expand,0.1545342104605534,raw,,0
expand,spec_extended_1_spline,wdj_expression_lag1,0.266929852236451,0.5626351146529377,expand_vs_contract,-0.1545342104605534,reversed,,0
expand,spec_extended_1_spline,wdj_expression_lag1,0.2918038158066994,0.4406213263692493,mixed_vs_expand,-0.2250228880080136,raw,,0
expand,spec_extended_1_spline,wdj_expression_lag1,0.2918038158066994,0.4406213263692493,expand_vs_mixed,0.2250228880080136,reversed,,0
expand,spec_extended_1_spline,v2jureform_lag1,0.1185411890920687,0.0020648395425493,contract_vs_expand,0.3651950811949933,raw,***,+***
expand,spec_extended_1_spline,v2jureform_lag1,0.1185411890920687,0.0020648395425493,expand_vs_contract,-0.3651950811949933,reversed,***,-***
expand,spec_extended_1_spline,v2jureform_lag1,0.1798375835435334,0.2457837368310607,mixed_vs_expand,0.2087287239548541,raw,,0
expand,spec_extended_1_spline,v2jureform_lag1,0.1798375835435334,0.2457837368310607,expand_vs_mixed,-0.2087287239548541,reversed,,0
expand,spec_extended_1_spline,v2x_polyarchy_lag1,1.233297213033976,0.0100806763285893,contract_vs_expand,-3.1733348855504206,raw,**,-**
expand,spec_extended_1_spline,v2x_polyarchy_lag1,1.233297213033976,0.0100806763285893,expand_vs_contract,3.1733348855504206,reversed,**,+**
expand,spec_extended_1_spline,v2x_polyarchy_lag1,0.9734478735155648,0.197413988393209,mixed_vs_expand,1.254729784239471,raw,,0
expand,spec_extended_1_spline,v2x_polyarchy_lag1,0.9734478735155648,0.197413988393209,expand_vs_mixed,-1.254729784239471,reversed,,0
expand,spec_extended_1_spline,v2jureview_lag1,0.3285597284105784,0.0170788759538308,contract_vs_expand,-0.7836166889924188,raw,**,-**
expand,spec_extended_1_spline,v2jureview_lag1,0.3285597284105784,0.0170788759538308,expand_vs_contract,0.7836166889924188,reversed,**,+**
expand,spec_extended_1_spline,v2jureview_lag1,0.3425987099628462,0.2262593178485602,mixed_vs_expand,-0.4145619168639379,raw,,0
expand,spec_extended_1_spline,v2jureview_lag1,0.3425987099628462,0.2262593178485602,expand_vs_mixed,0.4145619168639379,reversed,,0
expand,spec_extended_1_spline,legal_common,0.3749428598130066,4.3817108967251105e-09,contract_vs_expand,2.2005765739383825,raw,***,+***
expand,spec_extended_1_spline,legal_common,0.3749428598130066,4.3817108967251105e-09,expand_vs_contract,-2.2005765739383825,reversed,***,-***
expand,spec_extended_1_spline,legal_common,0.4274872146525496,0.0002511604401454,mixed_vs_expand,1.565062221071288,raw,***,+***
expand,spec_extended_1_spline,legal_common,0.4274872146525496,0.0002511604401454,expand_vs_mixed,-1.565062221071288,reversed,***,-***
expand,spec_extended_1_spline,legal_civil,0.3606894689994441,0.0540128995751491,contract_vs_expand,0.6949523416394697,raw,*,+*
expand,spec_extended_1_spline,legal_civil,0.3606894689994441,0.0540128995751491,expand_vs_contract,-0.6949523416394697,reversed,*,-*
expand,spec_extended_1_spline,legal_civil,0.3452536087273369,0.2360246333301118,mixed_vs_expand,0.4091192511093506,raw,,0
expand,spec_extended_1_spline,legal_civil,0.3452536087273369,0.2360246333301118,expand_vs_mixed,-0.4091192511093506,reversed,,0
expand,spec_extended_1_spline,high_court,0.3164991583674602,0.3952276842839151,contract_vs_expand,-0.2690797371496649,raw,,0
expand,spec_extended_1_spline,high_court,0.3164991583674602,0.3952276842839151,expand_vs_contract,0.2690797371496649,reversed,,0
expand,spec_extended_1_spline,high_court,0.1754247684623803,0.2277947078031611,mixed_vs_expand,0.2115726364239738,raw,,0
expand,spec_extended_1_spline,high_court,0.1754247684623803,0.2277947078031611,expand_vs_mixed,-0.2115726364239738,reversed,,0
expand,spec_extended_1_spline,j_ind_lag1,0.2675203553352358,0.2297648208707594,contract_vs_expand,-0.3212825542072371,raw,,0
expand,spec_extended_1_spline,j_ind_lag1,0.2675203553352358,0.2297648208707594,expand_vs_contract,0.3212825542072371,reversed,,0
expand,spec_extended_1_spline,j_ind_lag1,0.1977757832029956,0.067824272840857,mixed_vs_expand,-0.361172708840743,raw,*,-*
expand,spec_extended_1_spline,j_ind_lag1,0.1977757832029956,0.067824272840857,expand_vs_mixed,0.361172708840743,reversed,*,+*
expand,spec_extended_1_spline_interact,v2x_polyarchy_lag1,102.98758265541132,0.1338918738654249,contract_vs_expand,154.37114504582587,raw,,0
expand,spec_extended_1_spline_interact,v2x_polyarchy_lag1,102.98758265541132,0.1338918738654249,expand_vs_contract,-154.37114504582587,reversed,,0
expand,spec_extended_1_spline_interact,v2x_polyarchy_lag1,95.0678478300038,0.7761407925862998,mixed_vs_expand,-27.032713705195174,raw,,0
expand,spec_extended_1_spline_interact,v2x_polyarchy_lag1,95.0678478300038,0.7761407925862998,expand_vs_mixed,27.032713705195174,reversed,,0
expand,spec_extended_1_spline_interact,wdj_expression_lag1,0.366942583333318,0.7320012143344538,contract_vs_expand,0.1256648771703674,raw,,0
expand,spec_extended_1_spline_interact,wdj_expression_lag1,0.366942583333318,0.7320012143344538,expand_vs_contract,-0.1256648771703674,reversed,,0
expand,spec_extended_1_spline_interact,wdj_expression_lag1,0.3047759234317723,0.1995439413189542,mixed_vs_expand,-0.3909823949202687,raw,,0
expand,spec_extended_1_spline_interact,wdj_expression_lag1,0.3047759234317723,0.1995439413189542,expand_vs_mixed,0.3909823949202687,reversed,,0
expand,spec_extended_1_spline_interact,v2jureform_lag1,0.1280933527868474,0.0014999582666646,contract_vs_expand,0.4066568913027316,raw,***,+***
expand,spec_extended_1_spline_interact,v2jureform_lag1,0.1280933527868474,0.0014999582666646,expand_vs_contract,-0.4066568913027316,reversed,***,-***
expand,spec_extended_1_spline_interact,v2jureform_lag1,0.1803047533718515,0.2630787788267524,mixed_vs_expand,0.2017869543779952,raw,,0
expand,spec_extended_1_spline_interact,v2jureform_lag1,0.1803047533718515,0.2630787788267524,expand_vs_mixed,-0.2017869543779952,reversed,,0
expand,spec_extended_1_spline_interact,v2jureview_lag1,0.3153570701878948,0.0091092176082611,contract_vs_expand,-0.822428457885245,raw,***,-***
expand,spec_extended_1_spline_interact,v2jureview_lag1,0.3153570701878948,0.0091092176082611,expand_vs_contract,0.822428457885245,reversed,***,+***
expand,spec_extended_1_spline_interact,v2jureview_lag1,0.3457258179461634,0.1129855418155502,mixed_vs_expand,-0.5479461962581504,raw,,0
expand,spec_extended_1_spline_interact,v2jureview_lag1,0.3457258179461634,0.1129855418155502,expand_vs_mixed,0.5479461962581504,reversed,,0
expand,spec_extended_1_spline_interact,legal_common,0.3883714583381638,3.856410530944083e-09,contract_vs_expand,2.287600116546346,raw,***,+***
expand,spec_extended_1_spline_interact,legal_common,0.3883714583381638,3.856410530944083e-09,expand_vs_contract,-2.287600116546346,reversed,***,-***
expand,spec_extended_1_spline_interact,legal_common,0.433783536197146,0.0001121776270452,mixed_vs_expand,1.6755407775169306,raw,***,+***
expand,spec_extended_1_spline_interact,legal_common,0.433783536197146,0.0001121776270452,expand_vs_mixed,-1.6755407775169306,reversed,***,-***
expand,spec_extended_1_spline_interact,legal_civil,0.3644142897643023,0.0469188761409062,contract_vs_expand,0.7241027717386537,raw,**,+**
expand,spec_extended_1_spline_interact,legal_civil,0.3644142897643023,0.0469188761409062,expand_vs_contract,-0.7241027717386537,reversed,**,-**
expand,spec_extended_1_spline_interact,legal_civil,0.3842605164436196,0.3077159479669292,mixed_vs_expand,0.3919558650760858,raw,,0
expand,spec_extended_1_spline_interact,legal_civil,0.3842605164436196,0.3077159479669292,expand_vs_mixed,-0.3919558650760858,reversed,,0
expand,spec_extended_1_spline_interact,high_court,0.3186736057518776,0.4882094466307645,contract_vs_expand,-0.2208916446271743,raw,,0
expand,spec_extended_1_spline_interact,high_court,0.3186736057518776,0.4882094466307645,expand_vs_contract,0.2208916446271743,reversed,,0
expand,spec_extended_1_spline_interact,high_court,0.1723553121915426,0.2226498945927918,mixed_vs_expand,0.2101893848848209,raw,,0
expand,spec_extended_1_spline_interact,high_court,0.1723553121915426,0.2226498945927918,expand_vs_mixed,-0.2101893848848209,reversed,,0
expand,spec_extended_1_spline_interact,j_ind_lag1,0.2715641137740374,0.1974332985033262,contract_vs_expand,-0.3500186391250606,raw,,0
expand,spec_extended_1_spline_interact,j_ind_lag1,0.2715641137740374,0.1974332985033262,expand_vs_contract,0.3500186391250606,reversed,,0
expand,spec_extended_1_spline_interact,j_ind_lag1,0.2082330152157556,0.0536688652512024,mixed_vs_expand,-0.4017855270141895,raw,*,-*
expand,spec_extended_1_spline_interact,j_ind_lag1,0.2082330152157556,0.0536688652512024,expand_vs_mixed,0.4017855270141895,reversed,*,+*
expand,spec_extended_2,wdj_expression_lag1,0.212486656018821,0.1891479728469546,contract_vs_expand,0.2790170359281692,raw,,0
expand,spec_extended_2,wdj_expression_lag1,0.212486656018821,0.1891479728469546,expand_vs_contract,-0.2790170359281692,reversed,,0
expand,spec_extended_2,wdj_expression_lag1,0.2360141724192154,0.8715717583894049,mixed_vs_expand,-0.0381546046738774,raw,,0
expand,spec_extended_2,wdj_expression_lag1,0.2360141724192154,0.8715717583894049,expand_vs_mixed,0.0381546046738774,reversed,,0
expand,spec_extended_2,v2jupoatck_lag1,0.1017361457636076,0.0572254091494155,contract_vs_expand,0.1934599453212202,raw,*,+*
expand,spec_extended_2,v2jupoatck_lag1,0.1017361457636076,0.0572254091494155,expand_vs_contract,-0.1934599453212202,reversed,*,-*
expand,spec_extended_2,v2jupoatck_lag1,0.1115849233405997,0.7200628210215492,mixed_vs_expand,-0.0399892285586042,raw,,0
expand,spec_extended_2,v2jupoatck_lag1,0.1115849233405997,0.7200628210215492,expand_vs_mixed,0.0399892285586042,reversed,,0
expand,spec_extended_2,v2x_polyarchy_lag1,1.108599130994461,0.0022123951435281,contract_vs_expand,-3.392459593837403,raw,***,-***
expand,spec_extended_2,v2x_polyarchy_lag1,1.108599130994461,0.0022123951435281,expand_vs_contract,3.392459593837403,reversed,***,+***
expand,spec_extended_2,v2x_polyarchy_lag1,0.9134026718972856,0.0201270798796145,mixed_vs_expand,2.1227207840150357,raw,**,+**
expand,spec_extended_2,v2x_polyarchy_lag1,0.9134026718972856,0.0201270798796145,expand_vs_mixed,-2.1227207840150357,reversed,**,-**
expand,spec_extended_2,v2jureview_lag1,0.3215703684735799,0.016224717023502,contract_vs_expand,-0.7729975942232876,raw,**,-**
expand,spec_extended_2,v2jureview_lag1,0.3215703684735799,0.016224717023502,expand_vs_contract,0.7729975942232876,reversed,**,+**
expand,spec_extended_2,v2jureview_lag1,0.350678268184814,0.1633598789727018,mixed_vs_expand,-0.4887964182872409,raw,,0
expand,spec_extended_2,v2jureview_lag1,0.350678268184814,0.1633598789727018,expand_vs_mixed,0.4887964182872409,reversed,,0
expand,spec_extended_2,legal_common,0.3252605000325688,1.4060527010510568e-07,contract_vs_expand,1.712319504911705,raw,***,+***
expand,spec_extended_2,legal_common,0.3252605000325688,1.4060527010510568e-07,expand_vs_contract,-1.712319504911705,reversed,***,-***
expand,spec_extended_2,legal_common,0.3901570224680987,0.0024431879003059,mixed_vs_expand,1.1822890364947107,raw,***,+***
expand,spec_extended_2,legal_common,0.3901570224680987,0.0024431879003059,expand_vs_mixed,-1.1822890364947107,reversed,***,-***
expand,spec_extended_2,legal_civil,0.3277137338152104,0.282793552193838,contract_vs_expand,0.3519858498800998,raw,,0
expand,spec_extended_2,legal_civil,0.3277137338152104,0.282793552193838,expand_vs_contract,-0.3519858498800998,reversed,,0
expand,spec_extended_2,legal_civil,0.3613764025880732,0.6722499623786142,mixed_vs_expand,0.1528846553012547,raw,,0
expand,spec_extended_2,legal_civil,0.3613764025880732,0.6722499623786142,expand_vs_mixed,-0.1528846553012547,reversed,,0
expand,spec_extended_2,high_court,0.2819957152354677,0.0687572148237666,contract_vs_expand,-0.5132355165118861,raw,*,-*
expand,spec_extended_2,high_court,0.2819957152354677,0.0687572148237666,expand_vs_contract,0.5132355165118861,reversed,*,+*
expand,spec_extended_2,high_court,0.1567218335842632,0.8772921611782903,mixed_vs_expand,0.0241982869202142,raw,,0
expand,spec_extended_2,high_court,0.1567218335842632,0.8772921611782903,expand_vs_mixed,-0.0241982869202142,reversed,,0
expand,spec_extended_2,j_ind_lag1,0.2678971557724344,0.4999966178203532,contract_vs_expand,-0.1806953113276952,raw,,0
expand,spec_extended_2,j_ind_lag1,0.2678971557724344,0.4999966178203532,expand_vs_contract,0.1806953113276952,reversed,,0
expand,spec_extended_2,j_ind_lag1,0.2004246603302063,0.0731147812671191,mixed_vs_expand,-0.3591837464545958,raw,*,-*
expand,spec_extended_2,j_ind_lag1,0.2004246603302063,0.0731147812671191,expand_vs_mixed,0.3591837464545958,reversed,*,+*
expand,spec_extended_2_spline,wdj_expression_lag1,0.2765585287424905,0.0851329067908702,contract_vs_expand,0.4761370414986522,raw,*,+*
expand,spec_extended_2_spline,wdj_expression_lag1,0.2765585287424905,0.0851329067908702,expand_vs_contract,-0.4761370414986522,reversed,*,-*
expand,spec_extended_2_spline,wdj_expression_lag1,0.3603556266405584,0.7047935526102427,mixed_vs_expand,-0.1365234964039672,raw,,0
expand,spec_extended_2_spline,wdj_expression_lag1,0.3603556266405584,0.7047935526102427,expand_vs_mixed,0.1365234964039672,reversed,,0
expand,spec_extended_2_spline,v2jupoatck_lag1,0.0989466402065461,0.007086440150108,contract_vs_expand,0.2664390230209927,raw,***,+***
expand,spec_extended_2_spline,v2jupoatck_lag1,0.0989466402065461,0.007086440150108,expand_vs_contract,-0.2664390230209927,reversed,***,-***
expand,spec_extended_2_spline,v2jupoatck_lag1,0.1342514552461988,0.7686005873426118,mixed_vs_expand,0.0394975676109064,raw,,0
expand,spec_extended_2_spline,v2jupoatck_lag1,0.1342514552461988,0.7686005873426118,expand_vs_mixed,-0.0394975676109064,reversed,,0
expand,spec_extended_2_spline,v2x_polyarchy_lag1,1.193614036864397,0.0047136767403701,contract_vs_expand,-3.373124850327528,raw,***,-***
expand,spec_extended_2_spline,v2x_polyarchy_lag1,1.193614036864397,0.0047136767403701,expand_vs_contract,3.373124850327528,reversed,***,+***
expand,spec_extended_2_spline,v2x_polyarchy_lag1,1.1843120210671398,0.1990133940503561,mixed_vs_expand,1.5210918864181668,raw,,0
expand,spec_extended_2_spline,v2x_polyarchy_lag1,1.1843120210671398,0.1990133940503561,expand_vs_mixed,-1.5210918864181668,reversed,,0
expand,spec_extended_2_spline,v2jureview_lag1,0.3208472352833311,0.0340969005434136,contract_vs_expand,-0.6798508683484776,raw,**,-**
expand,spec_extended_2_spline,v2jureview_lag1,0.3208472352833311,0.0340969005434136,expand_vs_contract,0.6798508683484776,reversed,**,+**
expand,spec_extended_2_spline,v2jureview_lag1,0.3338253380857032,0.2228404831199811,mixed_vs_expand,-0.4069363496508501,raw,,0
expand,spec_extended_2_spline,v2jureview_lag1,0.3338253380857032,0.2228404831199811,expand_vs_mixed,0.4069363496508501,reversed,,0
expand,spec_extended_2_spline,legal_common,0.3252222541683632,3.072688897720408e-07,contract_vs_expand,1.6647909687136018,raw,***,+***
expand,spec_extended_2_spline,legal_common,0.3252222541683632,3.072688897720408e-07,expand_vs_contract,-1.6647909687136018,reversed,***,-***
expand,spec_extended_2_spline,legal_common,0.3700845782842929,0.0004113740689244,mixed_vs_expand,1.3073894383118825,raw,***,+***
expand,spec_extended_2_spline,legal_common,0.3700845782842929,0.0004113740689244,expand_vs_mixed,-1.3073894383118825,reversed,***,-***
expand,spec_extended_2_spline,legal_civil,0.3120774570231445,0.2673112058020548,contract_vs_expand,0.3461799821781219,raw,,0
expand,spec_extended_2_spline,legal_civil,0.3120774570231445,0.2673112058020548,expand_vs_contract,-0.3461799821781219,reversed,,0
expand,spec_extended_2_spline,legal_civil,0.3520263871101997,0.6334492705882009,mixed_vs_expand,0.1678735050405621,raw,,0
expand,spec_extended_2_spline,legal_civil,0.3520263871101997,0.6334492705882009,expand_vs_mixed,-0.1678735050405621,reversed,,0
expand,spec_extended_2_spline,high_court,0.3351921159374713,0.2784377652140211,contract_vs_expand,-0.3632930970195366,raw,,0
expand,spec_extended_2_spline,high_court,0.3351921159374713,0.2784377652140211,expand_vs_contract,0.3632930970195366,reversed,,0
expand,spec_extended_2_spline,high_court,0.1736324961623755,0.3050804472326892,mixed_vs_expand,0.1780773850522218,raw,,0
expand,spec_extended_2_spline,high_court,0.1736324961623755,0.3050804472326892,expand_vs_mixed,-0.1780773850522218,reversed,,0
expand,spec_extended_2_spline,j_ind_lag1,0.2638230283214248,0.4041380187898072,contract_vs_expand,-0.2200953457518836,raw,,0
expand,spec_extended_2_spline,j_ind_lag1,0.2638230283214248,0.4041380187898072,expand_vs_contract,0.2200953457518836,reversed,,0
expand,spec_extended_2_spline,j_ind_lag1,0.2033366783624628,0.1079635682586039,mixed_vs_expand,-0.3268462353171262,raw,,0
expand,spec_extended_2_spline,j_ind_lag1,0.2033366783624628,0.1079635682586039,expand_vs_mixed,0.3268462353171262,reversed,,0
expand,spec_extended_2_spline_interact,v2x_polyarchy_lag1,102.537535562332,0.0882483083383987,contract_vs_expand,174.7968806958075,raw,*,+*
expand,spec_extended_2_spline_interact,v2x_polyarchy_lag1,102.537535562332,0.0882483083383987,expand_vs_contract,-174.7968806958075,reversed,*,-*
expand,spec_extended_2_spline_interact,v2x_polyarchy_lag1,94.13122296970693,0.8804436654277761,mixed_vs_expand,-14.157977369156432,raw,,0
expand,spec_extended_2_spline_interact,v2x_polyarchy_lag1,94.13122296970693,0.8804436654277761,expand_vs_mixed,14.157977369156432,reversed,,0
expand,spec_extended_2_spline_interact,wdj_expression_lag1,0.3660463175538652,0.1644960647792435,contract_vs_expand,0.5088439380140081,raw,,0
expand,spec_extended_2_spline_interact,wdj_expression_lag1,0.3660463175538652,0.1644960647792435,expand_vs_contract,-0.5088439380140081,reversed,,0
expand,spec_extended_2_spline_interact,wdj_expression_lag1,0.3689021433981619,0.4806990045866474,mixed_vs_expand,-0.2601419518914147,raw,,0
expand,spec_extended_2_spline_interact,wdj_expression_lag1,0.3689021433981619,0.4806990045866474,expand_vs_mixed,0.2601419518914147,reversed,,0
expand,spec_extended_2_spline_interact,v2jupoatck_lag1,0.0887292340124431,0.0016506874779407,contract_vs_expand,0.2792130090806948,raw,***,+***
expand,spec_extended_2_spline_interact,v2jupoatck_lag1,0.0887292340124431,0.0016506874779407,expand_vs_contract,-0.2792130090806948,reversed,***,-***
expand,spec_extended_2_spline_interact,v2jupoatck_lag1,0.1434341914476361,0.6977601304397094,mixed_vs_expand,0.0557020692472487,raw,,0
expand,spec_extended_2_spline_interact,v2jupoatck_lag1,0.1434341914476361,0.6977601304397094,expand_vs_mixed,-0.0557020692472487,reversed,,0
expand,spec_extended_2_spline_interact,v2jureview_lag1,0.3015669956982373,0.0152443769476183,contract_vs_expand,-0.7317585840520783,raw,**,-**
expand,spec_extended_2_spline_interact,v2jureview_lag1,0.3015669956982373,0.0152443769476183,expand_vs_contract,0.7317585840520783,reversed,**,+**
expand,spec_extended_2_spline_interact,v2jureview_lag1,0.3428942377952884,0.1182420657581819,mixed_vs_expand,-0.535667652736981,raw,,0
expand,spec_extended_2_spline_interact,v2jureview_lag1,0.3428942377952884,0.1182420657581819,expand_vs_mixed,0.535667652736981,reversed,,0
expand,spec_extended_2_spline_interact,legal_common,0.3257650846038439,1.946324577108897e-07,contract_vs_expand,1.695409298902236,raw,***,+***
expand,spec_extended_2_spline_interact,legal_common,0.3257650846038439,1.946324577108897e-07,expand_vs_contract,-1.695409298902236,reversed,***,-***
expand,spec_extended_2_spline_interact,legal_common,0.3662110821169083,0.0001222003625242,mixed_vs_expand,1.4068619028194866,raw,***,+***
expand,spec_extended_2_spline_interact,legal_common,0.3662110821169083,0.0001222003625242,expand_vs_mixed,-1.4068619028194866,reversed,***,-***
expand,spec_extended_2_spline_interact,legal_civil,0.303880277815457,0.3193220180006439,contract_vs_expand,0.3026198088784489,raw,,0
expand,spec_extended_2_spline_interact,legal_civil,0.303880277815457,0.3193220180006439,expand_vs_contract,-0.3026198088784489,reversed,,0
expand,spec_extended_2_spline_interact,legal_civil,0.3701858625390364,0.7130135027108917,mixed_vs_expand,0.1361587617210425,raw,,0
expand,spec_extended_2_spline_interact,legal_civil,0.3701858625390364,0.7130135027108917,expand_vs_mixed,-0.1361587617210425,reversed,,0
expand,spec_extended_2_spline_interact,high_court,0.3446427843656612,0.3348459965870262,contract_vs_expand,-0.3323731062699437,raw,,0
expand,spec_extended_2_spline_interact,high_court,0.3446427843656612,0.3348459965870262,expand_vs_contract,0.3323731062699437,reversed,,0
expand,spec_extended_2_spline_interact,high_court,0.1754664630468272,0.3170843595183777,mixed_vs_expand,0.1755484786010374,raw,,0
expand,spec_extended_2_spline_interact,high_court,0.1754664630468272,0.3170843595183777,expand_vs_mixed,-0.1755484786010374,reversed,,0
expand,spec_extended_2_spline_interact,j_ind_lag1,0.2666120044430812,0.3962339108484271,contract_vs_expand,-0.2261846846380405,raw,,0
expand,spec_extended_2_spline_interact,j_ind_lag1,0.2666120044430812,0.3962339108484271,expand_vs_contract,0.2261846846380405,reversed,,0
expand,spec_extended_2_spline_interact,j_ind_lag1,0.2134104447759864,0.0909688990364842,mixed_vs_expand,-0.3607295454316921,raw,*,-*
expand,spec_extended_2_spline_interact,j_ind_lag1,0.2134104447759864,0.0909688990364842,expand_vs_mixed,0.3607295454316921,reversed,*,+*
expand,spec_extended_3,wdj_expression_lag1,0.2095319719004096,0.5135361991056324,contract_vs_expand,0.1368959147972335,raw,,0
expand,spec_extended_3,wdj_expression_lag1,0.2095319719004096,0.5135361991056324,expand_vs_contract,-0.1368959147972335,reversed,,0
expand,spec_extended_3,wdj_expression_lag1,0.1926051061281818,0.8507699511726178,mixed_vs_expand,-0.03623597632439,raw,,0
expand,spec_extended_3,wdj_expression_lag1,0.1926051061281818,0.8507699511726178,expand_vs_mixed,0.03623597632439,reversed,,0
expand,spec_extended_3,v2jupack_lag1,0.1569222469033152,0.1026746731660998,contract_vs_expand,0.2561006922479894,raw,,0
expand,spec_extended_3,v2jupack_lag1,0.1569222469033152,0.1026746731660998,expand_vs_contract,-0.2561006922479894,reversed,,0
expand,spec_extended_3,v2jupack_lag1,0.2083852663485723,0.1331768507754673,mixed_vs_expand,-0.3129303423374048,raw,,0
expand,spec_extended_3,v2jupack_lag1,0.2083852663485723,0.1331768507754673,expand_vs_mixed,0.3129303423374048,reversed,,0
expand,spec_extended_3,v2x_polyarchy_lag1,1.2071769733425064,0.0015096788369434,contract_vs_expand,-3.830151078980357,raw,***,-***
expand,spec_extended_3,v2x_polyarchy_lag1,1.2071769733425064,0.0015096788369434,expand_vs_contract,3.830151078980357,reversed,***,+***
expand,spec_extended_3,v2x_polyarchy_lag1,1.262450707839409,0.0107348267450526,mixed_vs_expand,3.220782418479451,raw,**,+**
expand,spec_extended_3,v2x_polyarchy_lag1,1.262450707839409,0.0107348267450526,expand_vs_mixed,-3.220782418479451,reversed,**,-**
expand,spec_extended_3,v2jureview_lag1,0.3229083684235284,0.0051458009938879,contract_vs_expand,-0.9034207715493152,raw,***,-***
expand,spec_extended_3,v2jureview_lag1,0.3229083684235284,0.0051458009938879,expand_vs_contract,0.9034207715493152,reversed,***,+***
expand,spec_extended_3,v2jureview_lag1,0.3603500791586863,0.2320047284701252,mixed_vs_expand,-0.4306942616649369,raw,,0
expand,spec_extended_3,v2jureview_lag1,0.3603500791586863,0.2320047284701252,expand_vs_mixed,0.4306942616649369,reversed,,0
expand,spec_extended_3,legal_common,0.3398650831360058,1.4397471321604468e-07,contract_vs_expand,1.787725351017398,raw,***,+***
expand,spec_extended_3,legal_common,0.3398650831360058,1.4397471321604468e-07,expand_vs_contract,-1.787725351017398,reversed,***,-***
expand,spec_extended_3,legal_common,0.3921880493692255,0.0029487404367618,mixed_vs_expand,1.165987483401914,raw,***,+***
expand,spec_extended_3,legal_common,0.3921880493692255,0.0029487404367618,expand_vs_mixed,-1.165987483401914,reversed,***,-***
expand,spec_extended_3,legal_civil,0.3396350827663118,0.2130659625236738,contract_vs_expand,0.4229064704465331,raw,,0
expand,spec_extended_3,legal_civil,0.3396350827663118,0.2130659625236738,expand_vs_contract,-0.4229064704465331,reversed,,0
expand,spec_extended_3,legal_civil,0.3755106836854569,0.9153930258646265,mixed_vs_expand,0.0398937387817367,raw,,0
expand,spec_extended_3,legal_civil,0.3755106836854569,0.9153930258646265,expand_vs_mixed,-0.0398937387817367,reversed,,0
expand,spec_extended_3,high_court,0.2849743708198353,0.1395216385236342,contract_vs_expand,-0.4210709330286863,raw,,0
expand,spec_extended_3,high_court,0.2849743708198353,0.1395216385236342,expand_vs_contract,0.4210709330286863,reversed,,0
expand,spec_extended_3,high_court,0.1399652720829012,0.8889850921445983,mixed_vs_expand,-0.0195375486143136,raw,,0
expand,spec_extended_3,high_court,0.1399652720829012,0.8889850921445983,expand_vs_mixed,0.0195375486143136,reversed,,0
expand,spec_extended_3,j_ind_lag1,0.2798819093241875,0.5635932545460798,contract_vs_expand,-0.1616353187335881,raw,,0
expand,spec_extended_3,j_ind_lag1,0.2798819093241875,0.5635932545460798,expand_vs_contract,0.1616353187335881,reversed,,0
expand,spec_extended_3,j_ind_lag1,0.2024188614952359,0.0774941279834795,mixed_vs_expand,-0.3573531934252271,raw,*,-*
expand,spec_extended_3,j_ind_lag1,0.2024188614952359,0.0774941279834795,expand_vs_mixed,0.3573531934252271,reversed,*,+*
expand,spec_extended_3_spline,wdj_expression_lag1,0.280326341067484,0.3396140669077374,contract_vs_expand,0.2676914954972076,raw,,0
expand,spec_extended_3_spline,wdj_expression_lag1,0.280326341067484,0.3396140669077374,expand_vs_contract,-0.2676914954972076,reversed,,0
expand,spec_extended_3_spline,wdj_expression_lag1,0.2859413172484001,0.5149426563594579,mixed_vs_expand,-0.1861937926606727,raw,,0
expand,spec_extended_3_spline,wdj_expression_lag1,0.2859413172484001,0.5149426563594579,expand_vs_mixed,0.1861937926606727,reversed,,0
expand,spec_extended_3_spline,v2jupack_lag1,0.1562419768025524,0.125535826062642,contract_vs_expand,0.2393542300914043,raw,,0
expand,spec_extended_3_spline,v2jupack_lag1,0.1562419768025524,0.125535826062642,expand_vs_contract,-0.2393542300914043,reversed,,0
expand,spec_extended_3_spline,v2jupack_lag1,0.2089760641263715,0.1769622759248907,mixed_vs_expand,-0.282152680032469,raw,,0
expand,spec_extended_3_spline,v2jupack_lag1,0.2089760641263715,0.1769622759248907,expand_vs_mixed,0.282152680032469,reversed,,0
expand,spec_extended_3_spline,v2x_polyarchy_lag1,1.1901038514491182,0.003591408807542,contract_vs_expand,-3.465563529485582,raw,***,-***
expand,spec_extended_3_spline,v2x_polyarchy_lag1,1.1901038514491182,0.003591408807542,expand_vs_contract,3.465563529485582,reversed,***,+***
expand,spec_extended_3_spline,v2x_polyarchy_lag1,1.2952805028552703,0.0299663156867427,mixed_vs_expand,2.811452085153983,raw,**,+**
expand,spec_extended_3_spline,v2x_polyarchy_lag1,1.2952805028552703,0.0299663156867427,expand_vs_mixed,-2.811452085153983,reversed,**,-**
expand,spec_extended_3_spline,v2jureview_lag1,0.3300164450519136,0.0092350910405194,contract_vs_expand,-0.8591075659631605,raw,***,-***
expand,spec_extended_3_spline,v2jureview_lag1,0.3300164450519136,0.0092350910405194,expand_vs_contract,0.8591075659631605,reversed,***,+***
expand,spec_extended_3_spline,v2jureview_lag1,0.3535625295157432,0.2524823201081521,mixed_vs_expand,-0.4045960355089314,raw,,0
expand,spec_extended_3_spline,v2jureview_lag1,0.3535625295157432,0.2524823201081521,expand_vs_mixed,0.4045960355089314,reversed,,0
expand,spec_extended_3_spline,legal_common,0.3633789811886391,1.6815605953367473e-06,contract_vs_expand,1.7399866659995038,raw,***,+***
expand,spec_extended_3_spline,legal_common,0.3633789811886391,1.6815605953367473e-06,expand_vs_contract,-1.7399866659995038,reversed,***,-***
expand,spec_extended_3_spline,legal_common,0.3769691191708827,0.00054781498054,mixed_vs_expand,1.30288691709627,raw,***,+***
expand,spec_extended_3_spline,legal_common,0.3769691191708827,0.00054781498054,expand_vs_mixed,-1.30288691709627,reversed,***,-***
expand,spec_extended_3_spline,legal_civil,0.3460300385161649,0.2413425699749111,contract_vs_expand,0.4054218172052722,raw,,0
expand,spec_extended_3_spline,legal_civil,0.3460300385161649,0.2413425699749111,expand_vs_contract,-0.4054218172052722,reversed,,0
expand,spec_extended_3_spline,legal_civil,0.3768578395847882,0.8767458840650818,mixed_vs_expand,0.0584490246970933,raw,,0
expand,spec_extended_3_spline,legal_civil,0.3768578395847882,0.8767458840650818,expand_vs_mixed,-0.0584490246970933,reversed,,0
expand,spec_extended_3_spline,high_court,0.3307475232036678,0.3447245337032452,contract_vs_expand,-0.3125138756864479,raw,,0
expand,spec_extended_3_spline,high_court,0.3307475232036678,0.3447245337032452,expand_vs_contract,0.3125138756864479,reversed,,0
expand,spec_extended_3_spline,high_court,0.170930114455541,0.4305276032202766,mixed_vs_expand,0.1347423515547787,raw,,0
expand,spec_extended_3_spline,high_court,0.170930114455541,0.4305276032202766,expand_vs_mixed,-0.1347423515547787,reversed,,0
expand,spec_extended_3_spline,j_ind_lag1,0.2786804828062962,0.4474375181013813,contract_vs_expand,-0.2117118897512477,raw,,0
expand,spec_extended_3_spline,j_ind_lag1,0.2786804828062962,0.4474375181013813,expand_vs_contract,0.2117118897512477,reversed,,0
expand,spec_extended_3_spline,j_ind_lag1,0.2063349641540645,0.1123487739305167,mixed_vs_expand,-0.3276029651585656,raw,,0
expand,spec_extended_3_spline,j_ind_lag1,0.2063349641540645,0.1123487739305167,expand_vs_mixed,0.3276029651585656,reversed,,0
expand,spec_extended_3_spline_interact,v2x_polyarchy_lag1,107.38680137805632,0.0876474156584213,contract_vs_expand,183.4102485401648,raw,*,+*
expand,spec_extended_3_spline_interact,v2x_polyarchy_lag1,107.38680137805632,0.0876474156584213,expand_vs_contract,-183.4102485401648,reversed,*,-*
expand,spec_extended_3_spline_interact,v2x_polyarchy_lag1,96.85846334060864,0.8530520972573737,mixed_vs_expand,-17.940666165370025,raw,,0
expand,spec_extended_3_spline_interact,v2x_polyarchy_lag1,96.85846334060864,0.8530520972573737,expand_vs_mixed,17.940666165370025,reversed,,0
expand,spec_extended_3_spline_interact,wdj_expression_lag1,0.3851773907437458,0.4603074743349734,contract_vs_expand,0.2843921224927775,raw,,0
expand,spec_extended_3_spline_interact,wdj_expression_lag1,0.3851773907437458,0.4603074743349734,expand_vs_contract,-0.2843921224927775,reversed,,0
expand,spec_extended_3_spline_interact,wdj_expression_lag1,0.2916576290417174,0.2831003503734126,mixed_vs_expand,-0.3130596634944986,raw,,0
expand,spec_extended_3_spline_interact,wdj_expression_lag1,0.2916576290417174,0.2831003503734126,expand_vs_mixed,0.3130596634944986,reversed,,0
expand,spec_extended_3_spline_interact,v2jupack_lag1,0.1506889335052579,0.0493262730323192,contract_vs_expand,0.2962183657046806,raw,**,+**
expand,spec_extended_3_spline_interact,v2jupack_lag1,0.1506889335052579,0.0493262730323192,expand_vs_contract,-0.2962183657046806,reversed,**,-**
expand,spec_extended_3_spline_interact,v2jupack_lag1,0.2147322828771123,0.1694644167047514,mixed_vs_expand,-0.2950264326467496,raw,,0
expand,spec_extended_3_spline_interact,v2jupack_lag1,0.2147322828771123,0.1694644167047514,expand_vs_mixed,0.2950264326467496,reversed,,0
expand,spec_extended_3_spline_interact,v2jureview_lag1,0.3149188651801698,0.0034412357539739,contract_vs_expand,-0.9212323620274092,raw,***,-***
expand,spec_extended_3_spline_interact,v2jureview_lag1,0.3149188651801698,0.0034412357539739,expand_vs_contract,0.9212323620274092,reversed,***,+***
expand,spec_extended_3_spline_interact,v2jureview_lag1,0.3607556947833865,0.1243795761078571,mixed_vs_expand,-0.5543544510680966,raw,,0
expand,spec_extended_3_spline_interact,v2jureview_lag1,0.3607556947833865,0.1243795761078571,expand_vs_mixed,0.5543544510680966,reversed,,0
expand,spec_extended_3_spline_interact,legal_common,0.358133539338503,7.744298040311516e-07,contract_vs_expand,1.769789716529103,raw,***,+***
expand,spec_extended_3_spline_interact,legal_common,0.358133539338503,7.744298040311516e-07,expand_vs_contract,-1.769789716529103,reversed,***,-***
expand,spec_extended_3_spline_interact,legal_common,0.3836103796659895,0.0002629653365929,mixed_vs_expand,1.399905811924397,raw,***,+***
expand,spec_extended_3_spline_interact,legal_common,0.3836103796659895,0.0002629653365929,expand_vs_mixed,-1.399905811924397,reversed,***,-***
expand,spec_extended_3_spline_interact,legal_civil,0.340233851777797,0.2736756889954173,contract_vs_expand,0.3724325706229067,raw,,0
expand,spec_extended_3_spline_interact,legal_civil,0.340233851777797,0.2736756889954173,expand_vs_contract,-0.3724325706229067,reversed,,0
expand,spec_extended_3_spline_interact,legal_civil,0.4094156215441232,0.9821333500385334,mixed_vs_expand,0.0091686158335114,raw,,0
expand,spec_extended_3_spline_interact,legal_civil,0.4094156215441232,0.9821333500385334,expand_vs_mixed,-0.0091686158335114,reversed,,0
expand,spec_extended_3_spline_interact,high_court,0.3387940088997985,0.4354670276699828,contract_vs_expand,-0.2642154970612455,raw,,0
expand,spec_extended_3_spline_interact,high_court,0.3387940088997985,0.4354670276699828,expand_vs_contract,0.2642154970612455,reversed,,0
expand,spec_extended_3_spline_interact,high_court,0.1719975393402065,0.4555242023809159,mixed_vs_expand,0.1283509444114482,raw,,0
expand,spec_extended_3_spline_interact,high_court,0.1719975393402065,0.4555242023809159,expand_vs_mixed,-0.1283509444114482,reversed,,0
expand,spec_extended_3_spline_interact,j_ind_lag1,0.2856070009609696,0.4350263018818169,contract_vs_expand,-0.2229504027659734,raw,,0
expand,spec_extended_3_spline_interact,j_ind_lag1,0.2856070009609696,0.4350263018818169,expand_vs_contract,0.2229504027659734,reversed,,0
expand,spec_extended_3_spline_interact,j_ind_lag1,0.2123549135212912,0.0954585324185901,mixed_vs_expand,-0.354055323726223,raw,*,-*
expand,spec_extended_3_spline_interact,j_ind_lag1,0.2123549135212912,0.0954585324185901,expand_vs_mixed,0.354055323726223,reversed,*,+*
expand,spec_c_pack,wdj_citizen_lag1,0.4282966931015369,0.5259835016480288,contract_vs_expand,0.2716039757924484,raw,,0
expand,spec_c_pack,wdj_citizen_lag1,0.4282966931015369,0.5259835016480288,expand_vs_contract,-0.2716039757924484,reversed,,0
expand,spec_c_pack,wdj_citizen_lag1,0.4128436753530378,0.1578650563368886,mixed_vs_expand,-0.583054339636806,raw,,0
expand,spec_c_pack,wdj_citizen_lag1,0.4128436753530378,0.1578650563368886,expand_vs_mixed,0.583054339636806,reversed,,0
expand,spec_c_pack,v2jupack_lag1,0.1616303157868638,0.1455300662408457,contract_vs_expand,0.2352534060470528,raw,,0
expand,spec_c_pack,v2jupack_lag1,0.1616303157868638,0.1455300662408457,expand_vs_contract,-0.2352534060470528,reversed,,0
expand,spec_c_pack,v2jupack_lag1,0.221575860469562,0.2545957397847193,mixed_vs_expand,-0.2524319764483939,raw,,0
expand,spec_c_pack,v2jupack_lag1,0.221575860469562,0.2545957397847193,expand_vs_mixed,0.2524319764483939,reversed,,0
expand,spec_c_pack,v2x_polyarchy_lag1,1.2027618411302767,0.0012499471570915,contract_vs_expand,-3.881589723965282,raw,***,-***
expand,spec_c_pack,v2x_polyarchy_lag1,1.2027618411302767,0.0012499471570915,expand_vs_contract,3.881589723965282,reversed,***,+***
expand,spec_c_pack,v2x_polyarchy_lag1,1.2427554593224726,0.0120752160458353,mixed_vs_expand,3.1192398796255976,raw,**,+**
expand,spec_c_pack,v2x_polyarchy_lag1,1.2427554593224726,0.0120752160458353,expand_vs_mixed,-3.1192398796255976,reversed,**,-**
expand,spec_c_pack,v2jureview_lag1,0.3014818912573242,0.0039958228135992,contract_vs_expand,-0.8678130060451898,raw,***,-***
expand,spec_c_pack,v2jureview_lag1,0.3014818912573242,0.0039958228135992,expand_vs_contract,0.8678130060451898,reversed,***,+***
expand,spec_c_pack,v2jureview_lag1,0.3593409779853829,0.209909975020189,mixed_vs_expand,-0.450546397434963,raw,,0
expand,spec_c_pack,v2jureview_lag1,0.3593409779853829,0.209909975020189,expand_vs_mixed,0.450546397434963,reversed,,0
expand,spec_c_pack,legal_common,0.3606774928932182,2.3186888202631257e-07,contract_vs_expand,1.865346273723544,raw,***,+***
expand,spec_c_pack,legal_common,0.3606774928932182,2.3186888202631257e-07,expand_vs_contract,-1.865346273723544,reversed,***,-***
expand,spec_c_pack,legal_common,0.385457237039512,0.0034686165838407,mixed_vs_expand,1.1266274233301488,raw,***,+***
expand,spec_c_pack,legal_common,0.385457237039512,0.0034686165838407,expand_vs_mixed,-1.1266274233301488,reversed,***,-***
expand,spec_c_pack,legal_civil,0.3443165533188221,0.2247443498206268,contract_vs_expand,0.4180033382887497,raw,,0
expand,spec_c_pack,legal_civil,0.3443165533188221,0.2247443498206268,expand_vs_contract,-0.4180033382887497,reversed,,0
expand,spec_c_pack,legal_civil,0.3578241752746497,0.5659310089853271,mixed_vs_expand,0.2054105319107408,raw,,0
expand,spec_c_pack,legal_civil,0.3578241752746497,0.5659310089853271,expand_vs_mixed,-0.2054105319107408,reversed,,0
expand,spec_c_pack,high_court,0.2586586081244904,0.0826301696230385,contract_vs_expand,-0.4489343364082847,raw,*,-*
expand,spec_c_pack,high_court,0.2586586081244904,0.0826301696230385,expand_vs_contract,0.4489343364082847,reversed,*,+*
expand,spec_c_pack,high_court,0.1308167114832479,0.9907753711275066,mixed_vs_expand,-0.0015124524992033,raw,,0
expand,spec_c_pack,high_court,0.1308167114832479,0.9907753711275066,expand_vs_mixed,0.0015124524992033,reversed,,0
expand,spec_c_pack,j_ind_lag1,0.2738083934575475,0.5999434317452592,contract_vs_expand,-0.1436075361757354,raw,,0
expand,spec_c_pack,j_ind_lag1,0.2738083934575475,0.5999434317452592,expand_vs_contract,0.1436075361757354,reversed,,0
expand,spec_c_pack,j_ind_lag1,0.1890892247365757,0.0385553621448786,mixed_vs_expand,-0.3912069175628939,raw,**,-**
expand,spec_c_pack,j_ind_lag1,0.1890892247365757,0.0385553621448786,expand_vs_mixed,0.3912069175628939,reversed,**,+**
expand,spec_im_pack,wdj_intermediaries_lag1,0.6361327756262409,0.2308873063727863,contract_vs_expand,0.7621356152564651,raw,,0
expand,spec_im_pack,wdj_intermediaries_lag1,0.6361327756262409,0.2308873063727863,expand_vs_contract,-0.7621356152564651,reversed,,0
expand,spec_im_pack,wdj_intermediaries_lag1,0.5421941450933195,0.2498913928939665,mixed_vs_expand,0.623855749772821,raw,,0
expand,spec_im_pack,wdj_intermediaries_lag1,0.5421941450933195,0.2498913928939665,expand_vs_mixed,-0.623855749772821,reversed,,0
expand,spec_im_pack,v2jupack_lag1,0.1516993132171523,0.1585229055724797,contract_vs_expand,0.2139046513796084,raw,,0
expand,spec_im_pack,v2jupack_lag1,0.1516993132171523,0.1585229055724797,expand_vs_contract,-0.2139046513796084,reversed,,0
expand,spec_im_pack,v2jupack_lag1,0.2039906460024282,0.0866463213128369,mixed_vs_expand,-0.3495094232788021,raw,*,-*
expand,spec_im_pack,v2jupack_lag1,0.2039906460024282,0.0866463213128369,expand_vs_mixed,0.3495094232788021,reversed,*,+*
expand,spec_im_pack,v2x_polyarchy_lag1,1.2198479868221297,0.0014786813512526,contract_vs_expand,-3.8776957217766257,raw,***,-***
expand,spec_im_pack,v2x_polyarchy_lag1,1.2198479868221297,0.0014786813512526,expand_vs_contract,3.8776957217766257,reversed,***,+***
expand,spec_im_pack,v2x_polyarchy_lag1,1.2550255639217915,0.0075257826690702,mixed_vs_expand,3.354226700169749,raw,***,+***
expand,spec_im_pack,v2x_polyarchy_lag1,1.2550255639217915,0.0075257826690702,expand_vs_mixed,-3.354226700169749,reversed,***,-***
expand,spec_im_pack,v2jureview_lag1,0.3061700004338206,0.004170123054258,contract_vs_expand,-0.8771763390588186,raw,***,-***
expand,spec_im_pack,v2jureview_lag1,0.3061700004338206,0.004170123054258,expand_vs_contract,0.8771763390588186,reversed,***,+***
expand,spec_im_pack,v2jureview_lag1,0.3705196031425742,0.2506627456025878,mixed_vs_expand,-0.4256311031177518,raw,,0
expand,spec_im_pack,v2jureview_lag1,0.3705196031425742,0.2506627456025878,expand_vs_mixed,0.4256311031177518,reversed,,0
expand,spec_im_pack,legal_common,0.3628230896949988,1.3351448569764066e-07,contract_vs_expand,1.913512734112179,raw,***,+***
expand,spec_im_pack,legal_common,0.3628230896949988,1.3351448569764066e-07,expand_vs_contract,-1.913512734112179,reversed,***,-***
expand,spec_im_pack,legal_common,0.3960122858307879,0.0021180030936938,mixed_vs_expand,1.2170116733362295,raw,***,+***
expand,spec_im_pack,legal_common,0.3960122858307879,0.0021180030936938,expand_vs_mixed,-1.2170116733362295,reversed,***,-***
expand,spec_im_pack,legal_civil,0.3343790163381113,0.3313445798821748,contract_vs_expand,0.324818832015721,raw,,0
expand,spec_im_pack,legal_civil,0.3343790163381113,0.3313445798821748,expand_vs_contract,-0.324818832015721,reversed,,0
expand,spec_im_pack,legal_civil,0.3896119738906164,0.6883994321194785,mixed_vs_expand,-0.1562453514324673,raw,,0
expand,spec_im_pack,legal_civil,0.3896119738906164,0.6883994321194785,expand_vs_mixed,0.1562453514324673,reversed,,0
expand,spec_im_pack,high_court,0.261355374993067,0.0896678881989721,contract_vs_expand,-0.4435598513943647,raw,*,-*
expand,spec_im_pack,high_court,0.261355374993067,0.0896678881989721,expand_vs_contract,0.4435598513943647,reversed,*,+*
expand,spec_im_pack,high_court,0.138653075983173,0.9718032134943544,mixed_vs_expand,-0.0049009411775239,raw,,0
expand,spec_im_pack,high_court,0.138653075983173,0.9718032134943544,expand_vs_mixed,0.0049009411775239,reversed,,0
expand,spec_im_pack,j_ind_lag1,0.2704223542044855,0.6264104369646546,contract_vs_expand,-0.1316376465751889,raw,,0
expand,spec_im_pack,j_ind_lag1,0.2704223542044855,0.6264104369646546,expand_vs_contract,0.1316376465751889,reversed,,0
expand,spec_im_pack,j_ind_lag1,0.1881047911978334,0.0556143032580601,mixed_vs_expand,-0.3600411865587354,raw,*,-*
expand,spec_im_pack,j_ind_lag1,0.1881047911978334,0.0556143032580601,expand_vs_mixed,0.3600411865587354,reversed,*,+*
expand,spec_p_pack,wdj_press_lag1,0.6103532455099349,0.4042744895223722,contract_vs_expand,0.5090416409655634,raw,,0
expand,spec_p_pack,wdj_press_lag1,0.6103532455099349,0.4042744895223722,expand_vs_contract,-0.5090416409655634,reversed,,0
expand,spec_p_pack,wdj_press_lag1,0.4323139724324342,0.0313507316647604,mixed_vs_expand,-0.9305957423157638,raw,**,-**
expand,spec_p_pack,wdj_press_lag1,0.4323139724324342,0.0313507316647604,expand_vs_mixed,0.9305957423157638,reversed,**,+**
expand,spec_p_pack,v2jupack_lag1,0.1582502422418566,0.1333606805257912,contract_vs_expand,0.2375304816731789,raw,,0
expand,spec_p_pack,v2jupack_lag1,0.1582502422418566,0.1333606805257912,expand_vs_contract,-0.2375304816731789,reversed,,0
expand,spec_p_pack,v2jupack_lag1,0.2106280999222947,0.2373610565594474,mixed_vs_expand,-0.2488799652581593,raw,,0
expand,spec_p_pack,v2jupack_lag1,0.2106280999222947,0.2373610565594474,expand_vs_mixed,0.2488799652581593,reversed,,0
expand,spec_p_pack,v2x_polyarchy_lag1,1.2104722807709951,0.0009178253784577,contract_vs_expand,-4.01220122053499,raw,***,-***
expand,spec_p_pack,v2x_polyarchy_lag1,1.2104722807709951,0.0009178253784577,expand_vs_contract,4.01220122053499,reversed,***,+***
expand,spec_p_pack,v2x_polyarchy_lag1,1.136832096212106,0.0036845154474105,mixed_vs_expand,3.301337816890753,raw,***,+***
expand,spec_p_pack,v2x_polyarchy_lag1,1.136832096212106,0.0036845154474105,expand_vs_mixed,-3.301337816890753,reversed,***,-***
expand,spec_p_pack,v2jureview_lag1,0.3258988827785374,0.0048666428928901,contract_vs_expand,-0.9176435169235408,raw,***,-***
expand,spec_p_pack,v2jureview_lag1,0.3258988827785374,0.0048666428928901,expand_vs_contract,0.9176435169235408,reversed,***,+***
expand,spec_p_pack,v2jureview_lag1,0.3538247044956872,0.2277009219813583,mixed_vs_expand,-0.4268195816204055,raw,,0
expand,spec_p_pack,v2jureview_lag1,0.3538247044956872,0.2277009219813583,expand_vs_mixed,0.4268195816204055,reversed,,0
expand,spec_p_pack,legal_common,0.3608904320511855,1.1635559563463503e-07,contract_vs_expand,1.912405413757765,raw,***,+***
expand,spec_p_pack,legal_common,0.3608904320511855,1.1635559563463503e-07,expand_vs_contract,-1.912405413757765,reversed,***,-***
expand,spec_p_pack,legal_common,0.3777556861047567,0.0053923294552091,mixed_vs_expand,1.051147403957344,raw,***,+***
expand,spec_p_pack,legal_common,0.3777556861047567,0.0053923294552091,expand_vs_mixed,-1.051147403957344,reversed,***,-***
expand,spec_p_pack,legal_civil,0.352567472573136,0.2453626930944965,contract_vs_expand,0.4095729931885663,raw,,0
expand,spec_p_pack,legal_civil,0.352567472573136,0.2453626930944965,expand_vs_contract,-0.4095729931885663,reversed,,0
expand,spec_p_pack,legal_civil,0.3364085193675813,0.5881056084220824,mixed_vs_expand,0.1821932313932379,raw,,0
expand,spec_p_pack,legal_civil,0.3364085193675813,0.5881056084220824,expand_vs_mixed,-0.1821932313932379,reversed,,0
expand,spec_p_pack,high_court,0.2602695097637388,0.0787441079797667,contract_vs_expand,-0.4575590010994854,raw,*,-*
expand,spec_p_pack,high_court,0.2602695097637388,0.0787441079797667,expand_vs_contract,0.4575590010994854,reversed,*,+*
expand,spec_p_pack,high_court,0.1322076704452341,0.9658716967899046,mixed_vs_expand,0.0056567082653997,raw,,0
expand,spec_p_pack,high_court,0.1322076704452341,0.9658716967899046,expand_vs_mixed,-0.0056567082653997,reversed,,0
expand,spec_p_pack,j_ind_lag1,0.2757114057775092,0.619641956935375,contract_vs_expand,-0.1368515209186749,raw,,0
expand,spec_p_pack,j_ind_lag1,0.2757114057775092,0.619641956935375,expand_vs_contract,0.1368515209186749,reversed,,0
expand,spec_p_pack,j_ind_lag1,0.1769499164794848,0.0331353423441418,mixed_vs_expand,-0.3769810986592523,raw,**,-**
expand,spec_p_pack,j_ind_lag1,0.1769499164794848,0.0331353423441418,expand_vs_mixed,0.3769810986592523,reversed,**,+**
expand,spec_govprot_pack,wdj_govprot_lag1,0.2478250968361131,0.4791311658269365,contract_vs_expand,0.1753859852524262,raw,,0
expand,spec_govprot_pack,wdj_govprot_lag1,0.2478250968361131,0.4791311658269365,expand_vs_contract,-0.1753859852524262,reversed,,0
expand,spec_govprot_pack,wdj_govprot_lag1,0.219890440432129,0.7414836713852635,mixed_vs_expand,-0.0725394852339327,raw,,0
expand,spec_govprot_pack,wdj_govprot_lag1,0.219890440432129,0.7414836713852635,expand_vs_mixed,0.0725394852339327,reversed,,0
expand,spec_govprot_pack,v2jupack_lag1,0.1550038237352512,0.1030767555792175,contract_vs_expand,0.252674379761254,raw,,0
expand,spec_govprot_pack,v2jupack_lag1,0.1550038237352512,0.1030767555792175,expand_vs_contract,-0.252674379761254,reversed,,0
expand,spec_govprot_pack,v2jupack_lag1,0.2119444793781587,0.1395539770821187,mixed_vs_expand,-0.3131382213205979,raw,,0
expand,spec_govprot_pack,v2jupack_lag1,0.2119444793781587,0.1395539770821187,expand_vs_mixed,0.3131382213205979,reversed,,0
expand,spec_govprot_pack,v2x_polyarchy_lag1,1.2301338706867662,0.001996854452387,contract_vs_expand,-3.801974440964909,raw,***,-***
expand,spec_govprot_pack,v2x_polyarchy_lag1,1.2301338706867662,0.001996854452387,expand_vs_contract,3.801974440964909,reversed,***,+***
expand,spec_govprot_pack,v2x_polyarchy_lag1,1.2897418686719964,0.0136035945568629,mixed_vs_expand,3.182520452767514,raw,**,+**
expand,spec_govprot_pack,v2x_polyarchy_lag1,1.2897418686719964,0.0136035945568629,expand_vs_mixed,-3.182520452767514,reversed,**,-**
expand,spec_govprot_pack,v2jureview_lag1,0.3252591572045762,0.0054457596405656,contract_vs_expand,-0.9040288362139228,raw,***,-***
expand,spec_govprot_pack,v2jureview_lag1,0.3252591572045762,0.0054457596405656,expand_vs_contract,0.9040288362139228,reversed,***,+***
expand,spec_govprot_pack,v2jureview_lag1,0.3551009927227299,0.2319858832696911,mixed_vs_expand,-0.4244376302311971,raw,,0
expand,spec_govprot_pack,v2jureview_lag1,0.3551009927227299,0.2319858832696911,expand_vs_mixed,0.4244376302311971,reversed,,0
expand,spec_govprot_pack,legal_common,0.3422734228532675,1.5837024486230317e-07,contract_vs_expand,1.7943864144699102,raw,***,+***
expand,spec_govprot_pack,legal_common,0.3422734228532675,1.5837024486230317e-07,expand_vs_contract,-1.7943864144699102,reversed,***,-***
expand,spec_govprot_pack,legal_common,0.382969279072889,0.002368141812487,mixed_vs_expand,1.164111585144919,raw,***,+***
expand,spec_govprot_pack,legal_common,0.382969279072889,0.002368141812487,expand_vs_mixed,-1.164111585144919,reversed,***,-***
expand,spec_govprot_pack,legal_civil,0.3425925007878633,0.2037824430842789,contract_vs_expand,0.4353832694091413,raw,,0
expand,spec_govprot_pack,legal_civil,0.3425925007878633,0.2037824430842789,expand_vs_contract,-0.4353832694091413,reversed,,0
expand,spec_govprot_pack,legal_civil,0.3799541646021269,0.8988529577628994,mixed_vs_expand,0.0482961558293321,raw,,0
expand,spec_govprot_pack,legal_civil,0.3799541646021269,0.8988529577628994,expand_vs_mixed,-0.0482961558293321,reversed,,0
expand,spec_govprot_pack,high_court,0.2804438256438833,0.1374553636547124,contract_vs_expand,-0.4165527555444834,raw,,0
expand,spec_govprot_pack,high_court,0.2804438256438833,0.1374553636547124,expand_vs_contract,0.4165527555444834,reversed,,0
expand,spec_govprot_pack,high_court,0.1469442938842105,0.8625072704926149,mixed_vs_expand,-0.0254483125884471,raw,,0
expand,spec_govprot_pack,high_court,0.1469442938842105,0.8625072704926149,expand_vs_mixed,0.0254483125884471,reversed,,0
expand,spec_govprot_pack,j_ind_lag1,0.299872513298029,0.5624865984699398,contract_vs_expand,-0.1736717734207258,raw,,0
expand,spec_govprot_pack,j_ind_lag1,0.299872513298029,0.5624865984699398,expand_vs_contract,0.1736717734207258,reversed,,0
expand,spec_govprot_pack,j_ind_lag1,0.2141611586363149,0.1044865225337593,mixed_vs_expand,-0.3476866714639867,raw,,0
expand,spec_govprot_pack,j_ind_lag1,0.2141611586363149,0.1044865225337593,expand_vs_mixed,0.3476866714639867,reversed,,0
expand,spec_c_reform,wdj_citizen_lag1,0.4149811491510079,0.5223298281594015,contract_vs_expand,0.2654875824841911,raw,,0
expand,spec_c_reform,wdj_citizen_lag1,0.4149811491510079,0.5223298281594015,expand_vs_contract,-0.2654875824841911,reversed,,0
expand,spec_c_reform,wdj_citizen_lag1,0.4137380693909744,0.1003391258103113,mixed_vs_expand,-0.6798592647024169,raw,,0
expand,spec_c_reform,wdj_citizen_lag1,0.4137380693909744,0.1003391258103113,expand_vs_mixed,0.6798592647024169,reversed,,0
expand,spec_c_reform,v2jureform_lag1,0.1231639777943786,0.0078101555139934,contract_vs_expand,0.3276369407879572,raw,***,+***
expand,spec_c_reform,v2jureform_lag1,0.1231639777943786,0.0078101555139934,expand_vs_contract,-0.3276369407879572,reversed,***,-***
expand,spec_c_reform,v2jureform_lag1,0.166982334069994,0.3557271736589754,mixed_vs_expand,0.1542144453344397,raw,,0
expand,spec_c_reform,v2jureform_lag1,0.166982334069994,0.3557271736589754,expand_vs_mixed,-0.1542144453344397,reversed,,0
expand,spec_c_reform,v2x_polyarchy_lag1,1.2298069966708371,0.0036621457139509,contract_vs_expand,-3.573679222266038,raw,***,-***
expand,spec_c_reform,v2x_polyarchy_lag1,1.2298069966708371,0.0036621457139509,expand_vs_contract,3.573679222266038,reversed,***,+***
expand,spec_c_reform,v2x_polyarchy_lag1,0.7888218712938839,0.0235483873533099,mixed_vs_expand,1.7862228364897854,raw,**,+**
expand,spec_c_reform,v2x_polyarchy_lag1,0.7888218712938839,0.0235483873533099,expand_vs_mixed,-1.7862228364897854,reversed,**,-**
expand,spec_c_reform,v2jureview_lag1,0.2996335245492746,0.0083905220917404,contract_vs_expand,-0.7898151993639244,raw,***,-***
expand,spec_c_reform,v2jureview_lag1,0.2996335245492746,0.0083905220917404,expand_vs_contract,0.7898151993639244,reversed,***,+***
expand,spec_c_reform,v2jureview_lag1,0.3589113750922029,0.2010156623936932,mixed_vs_expand,-0.4589267893242313,raw,,0
expand,spec_c_reform,v2jureview_lag1,0.3589113750922029,0.2010156623936932,expand_vs_mixed,0.4589267893242313,reversed,,0
expand,spec_c_reform,legal_common,0.3603586180282915,5.171201186265797e-10,contract_vs_expand,2.239203314945961,raw,***,+***
expand,spec_c_reform,legal_common,0.3603586180282915,5.171201186265797e-10,expand_vs_contract,-2.239203314945961,reversed,***,-***
expand,spec_c_reform,legal_common,0.4448637338885456,0.003806597072477,mixed_vs_expand,1.2873286169669325,raw,***,+***
expand,spec_c_reform,legal_common,0.4448637338885456,0.003806597072477,expand_vs_mixed,-1.2873286169669325,reversed,***,-***
expand,spec_c_reform,legal_civil,0.3587577844026208,0.0664173506321905,contract_vs_expand,0.6585345444481503,raw,*,+*
expand,spec_c_reform,legal_civil,0.3587577844026208,0.0664173506321905,expand_vs_contract,-0.6585345444481503,reversed,*,-*
expand,spec_c_reform,legal_civil,0.3095301352353432,0.1003073204005271,mixed_vs_expand,0.5086711653998179,raw,,0
expand,spec_c_reform,legal_civil,0.3095301352353432,0.1003073204005271,expand_vs_mixed,-0.5086711653998179,reversed,,0
expand,spec_c_reform,high_court,0.261755666602635,0.0996585926178209,contract_vs_expand,-0.4309835902825644,raw,*,-*
expand,spec_c_reform,high_court,0.261755666602635,0.0996585926178209,expand_vs_contract,0.4309835902825644,reversed,*,+*
expand,spec_c_reform,high_court,0.1411333991399912,0.7360064519145177,mixed_vs_expand,0.0475826340684447,raw,,0
expand,spec_c_reform,high_court,0.1411333991399912,0.7360064519145177,expand_vs_mixed,-0.0475826340684447,reversed,,0
expand,spec_c_reform,j_ind_lag1,0.2573555170157232,0.3654295815274225,contract_vs_expand,-0.2329241372194236,raw,,0
expand,spec_c_reform,j_ind_lag1,0.2573555170157232,0.3654295815274225,expand_vs_contract,0.2329241372194236,reversed,,0
expand,spec_c_reform,j_ind_lag1,0.183758400258415,0.0249941179355046,mixed_vs_expand,-0.411893282932862,raw,**,-**
expand,spec_c_reform,j_ind_lag1,0.183758400258415,0.0249941179355046,expand_vs_mixed,0.411893282932862,reversed,**,+**
expand,spec_im_reform,wdj_intermediaries_lag1,0.6067668583139768,0.1870483988414664,contract_vs_expand,0.8005446282264372,raw,,0
expand,spec_im_reform,wdj_intermediaries_lag1,0.6067668583139768,0.1870483988414664,expand_vs_contract,-0.8005446282264372,reversed,,0
expand,spec_im_reform,wdj_intermediaries_lag1,0.5721735396695311,0.4598478665351075,mixed_vs_expand,0.4228919651524204,raw,,0
expand,spec_im_reform,wdj_intermediaries_lag1,0.5721735396695311,0.4598478665351075,expand_vs_mixed,-0.4228919651524204,reversed,,0
expand,spec_im_reform,v2jureform_lag1,0.1198651537319615,0.0068346702230673,contract_vs_expand,0.3242105818550571,raw,***,+***
expand,spec_im_reform,v2jureform_lag1,0.1198651537319615,0.0068346702230673,expand_vs_contract,-0.3242105818550571,reversed,***,-***
expand,spec_im_reform,v2jureform_lag1,0.1831406828595629,0.4208657669684621,mixed_vs_expand,0.1474136236269382,raw,,0
expand,spec_im_reform,v2jureform_lag1,0.1831406828595629,0.4208657669684621,expand_vs_mixed,-0.1474136236269382,reversed,,0
expand,spec_im_reform,v2x_polyarchy_lag1,1.1953919906398287,0.0021985176769489,contract_vs_expand,-3.660309292460625,raw,***,-***
expand,spec_im_reform,v2x_polyarchy_lag1,1.1953919906398287,0.0021985176769489,expand_vs_contract,3.660309292460625,reversed,***,+***
expand,spec_im_reform,v2x_polyarchy_lag1,0.8030203328231453,0.0337126195668925,mixed_vs_expand,1.7052074981772751,raw,**,+**
expand,spec_im_reform,v2x_polyarchy_lag1,0.8030203328231453,0.0337126195668925,expand_vs_mixed,-1.7052074981772751,reversed,**,-**
expand,spec_im_reform,v2jureview_lag1,0.3054526853249772,0.008804105871152,contract_vs_expand,-0.8001542684658889,raw,***,-***
expand,spec_im_reform,v2jureview_lag1,0.3054526853249772,0.008804105871152,expand_vs_contract,0.8001542684658889,reversed,***,+***
expand,spec_im_reform,v2jureview_lag1,0.3651054833962762,0.2211484402646065,mixed_vs_expand,-0.4466992697739247,raw,,0
expand,spec_im_reform,v2jureview_lag1,0.3651054833962762,0.2211484402646065,expand_vs_mixed,0.4466992697739247,reversed,,0
expand,spec_im_reform,legal_common,0.3672156119566082,4.849569347233443e-10,contract_vs_expand,2.285511977366415,raw,***,+***
expand,spec_im_reform,legal_common,0.3672156119566082,4.849569347233443e-10,expand_vs_contract,-2.285511977366415,reversed,***,-***
expand,spec_im_reform,legal_common,0.4428865932221277,0.0019823690869117,mixed_vs_expand,1.3697867074515842,raw,***,+***
expand,spec_im_reform,legal_common,0.4428865932221277,0.0019823690869117,expand_vs_mixed,-1.3697867074515842,reversed,***,-***
expand,spec_im_reform,legal_civil,0.3475576284041103,0.1048394038083553,contract_vs_expand,0.5636799551621323,raw,,0
expand,spec_im_reform,legal_civil,0.3475576284041103,0.1048394038083553,expand_vs_contract,-0.5636799551621323,reversed,,0
expand,spec_im_reform,legal_civil,0.3669359628026831,0.6060704614556409,mixed_vs_expand,0.1892254580537788,raw,,0
expand,spec_im_reform,legal_civil,0.3669359628026831,0.6060704614556409,expand_vs_mixed,-0.1892254580537788,reversed,,0
expand,spec_im_reform,high_court,0.2625306674149938,0.1093398070922216,contract_vs_expand,-0.4203555937266107,raw,,0
expand,spec_im_reform,high_court,0.2625306674149938,0.1093398070922216,expand_vs_contract,0.4203555937266107,reversed,,0
expand,spec_im_reform,high_court,0.1452467621700564,0.7356488911569528,mixed_vs_expand,0.0490383423774143,raw,,0
expand,spec_im_reform,high_court,0.1452467621700564,0.7356488911569528,expand_vs_mixed,-0.0490383423774143,reversed,,0
expand,spec_im_reform,j_ind_lag1,0.2515256782475926,0.3935235910227298,contract_vs_expand,-0.2146129648649827,raw,,0
expand,spec_im_reform,j_ind_lag1,0.2515256782475926,0.3935235910227298,expand_vs_contract,0.2146129648649827,reversed,,0
expand,spec_im_reform,j_ind_lag1,0.1944597492713651,0.045024586177071,mixed_vs_expand,-0.3897799236027355,raw,**,-**
expand,spec_im_reform,j_ind_lag1,0.1944597492713651,0.045024586177071,expand_vs_mixed,0.3897799236027355,reversed,**,+**
expand,spec_p_reform,wdj_press_lag1,0.5274447436321403,0.2738332982876805,contract_vs_expand,0.5771709058234273,raw,,0
expand,spec_p_reform,wdj_press_lag1,0.5274447436321403,0.2738332982876805,expand_vs_contract,-0.5771709058234273,reversed,,0
expand,spec_p_reform,wdj_press_lag1,0.3526696145713652,0.0032016374358415,mixed_vs_expand,-1.0395587201195695,raw,***,-***
expand,spec_p_reform,wdj_press_lag1,0.3526696145713652,0.0032016374358415,expand_vs_mixed,1.0395587201195695,reversed,***,+***
expand,spec_p_reform,v2jureform_lag1,0.1195827949210368,0.0055763645135332,contract_vs_expand,0.3314481622931186,raw,***,+***
expand,spec_p_reform,v2jureform_lag1,0.1195827949210368,0.0055763645135332,expand_vs_contract,-0.3314481622931186,reversed,***,-***
expand,spec_p_reform,v2jureform_lag1,0.1741780133664967,0.4473556248067648,mixed_vs_expand,0.1323458498288982,raw,,0
expand,spec_p_reform,v2jureform_lag1,0.1741780133664967,0.4473556248067648,expand_vs_mixed,-0.1323458498288982,reversed,,0
expand,spec_p_reform,v2x_polyarchy_lag1,1.2016734421635853,0.0019680638916342,contract_vs_expand,-3.719191089179216,raw,***,-***
expand,spec_p_reform,v2x_polyarchy_lag1,1.2016734421635853,0.0019680638916342,expand_vs_contract,3.719191089179216,reversed,***,+***
expand,spec_p_reform,v2x_polyarchy_lag1,0.7833497522122473,0.0093513757778827,mixed_vs_expand,2.035874285442374,raw,***,+***
expand,spec_p_reform,v2x_polyarchy_lag1,0.7833497522122473,0.0093513757778827,expand_vs_mixed,-2.035874285442374,reversed,***,-***
expand,spec_p_reform,v2jureview_lag1,0.3229984760156742,0.0091144388000143,contract_vs_expand,-0.8422933345280988,raw,***,-***
expand,spec_p_reform,v2jureview_lag1,0.3229984760156742,0.0091144388000143,expand_vs_contract,0.8422933345280988,reversed,***,+***
expand,spec_p_reform,v2jureview_lag1,0.3532608594499699,0.2251444108230482,mixed_vs_expand,-0.4284919417754201,raw,,0
expand,spec_p_reform,v2jureview_lag1,0.3532608594499699,0.2251444108230482,expand_vs_mixed,0.4284919417754201,reversed,,0
expand,spec_p_reform,legal_common,0.3788929233520202,1.2623130017642504e-09,contract_vs_expand,2.300683897085652,raw,***,+***
expand,spec_p_reform,legal_common,0.3788929233520202,1.2623130017642504e-09,expand_vs_contract,-2.300683897085652,reversed,***,-***
expand,spec_p_reform,legal_common,0.4565396428215489,0.0092401681065211,mixed_vs_expand,1.1883900901639357,raw,***,+***
expand,spec_p_reform,legal_common,0.4565396428215489,0.0092401681065211,expand_vs_mixed,-1.1883900901639357,reversed,***,-***
expand,spec_p_reform,legal_civil,0.3594214739926895,0.0707865493523451,contract_vs_expand,0.6494186644417083,raw,*,+*
expand,spec_p_reform,legal_civil,0.3594214739926895,0.0707865493523451,expand_vs_contract,-0.6494186644417083,reversed,*,-*
expand,spec_p_reform,legal_civil,0.3183406435200344,0.1455860083082955,mixed_vs_expand,0.4632813896958985,raw,,0
expand,spec_p_reform,legal_civil,0.3183406435200344,0.1455860083082955,expand_vs_mixed,-0.4632813896958985,reversed,,0
expand,spec_p_reform,high_court,0.2616697080417924,0.0947371623302108,contract_vs_expand,-0.437229570039017,raw,*,-*
expand,spec_p_reform,high_court,0.2616697080417924,0.0947371623302108,expand_vs_contract,0.437229570039017,reversed,*,+*
expand,spec_p_reform,high_court,0.1414600943323557,0.7217077000137258,mixed_vs_expand,0.0503848915820609,raw,,0
expand,spec_p_reform,high_court,0.1414600943323557,0.7217077000137258,expand_vs_mixed,-0.0503848915820609,reversed,,0
expand,spec_p_reform,j_ind_lag1,0.255536059109344,0.3777512592017283,contract_vs_expand,-0.2253948768034065,raw,,0
expand,spec_p_reform,j_ind_lag1,0.255536059109344,0.3777512592017283,expand_vs_contract,0.2253948768034065,reversed,,0
expand,spec_p_reform,j_ind_lag1,0.1732536443057878,0.024550789182294,mixed_vs_expand,-0.3895432382533051,raw,**,-**
expand,spec_p_reform,j_ind_lag1,0.1732536443057878,0.024550789182294,expand_vs_mixed,0.3895432382533051,reversed,**,+**
expand,spec_govprot_reform,wdj_govprot_lag1,0.2433757625437703,0.5233699924041307,contract_vs_expand,0.1553125046454122,raw,,0
expand,spec_govprot_reform,wdj_govprot_lag1,0.2433757625437703,0.5233699924041307,expand_vs_contract,-0.1553125046454122,reversed,,0
expand,spec_govprot_reform,wdj_govprot_lag1,0.2542476353491549,0.8212281622961943,mixed_vs_expand,-0.0574512238153094,raw,,0
expand,spec_govprot_reform,wdj_govprot_lag1,0.2542476353491549,0.8212281622961943,expand_vs_mixed,0.0574512238153094,reversed,,0
expand,spec_govprot_reform,v2jureform_lag1,0.1221276737874217,0.005995472236958,contract_vs_expand,0.3356103783062492,raw,***,+***
expand,spec_govprot_reform,v2jureform_lag1,0.1221276737874217,0.005995472236958,expand_vs_contract,-0.3356103783062492,reversed,***,-***
expand,spec_govprot_reform,v2jureform_lag1,0.1832427226772404,0.4099256183281968,mixed_vs_expand,0.1509964990084797,raw,,0
expand,spec_govprot_reform,v2jureform_lag1,0.1832427226772404,0.4099256183281968,expand_vs_mixed,-0.1509964990084797,reversed,,0
expand,spec_govprot_reform,v2x_polyarchy_lag1,1.2315100197458777,0.0049720110591078,contract_vs_expand,-3.459116515069011,raw,***,-***
expand,spec_govprot_reform,v2x_polyarchy_lag1,1.2315100197458777,0.0049720110591078,expand_vs_contract,3.459116515069011,reversed,***,+***
expand,spec_govprot_reform,v2x_polyarchy_lag1,0.8760375781587588,0.0615840413911116,mixed_vs_expand,1.637558439036133,raw,*,+*
expand,spec_govprot_reform,v2x_polyarchy_lag1,0.8760375781587588,0.0615840413911116,expand_vs_mixed,-1.637558439036133,reversed,*,-*
expand,spec_govprot_reform,v2jureview_lag1,0.3230694625496316,0.010287166266425,contract_vs_expand,-0.8290040462417992,raw,**,-**
expand,spec_govprot_reform,v2jureview_lag1,0.3230694625496316,0.010287166266425,expand_vs_contract,0.8290040462417992,reversed,**,+**
expand,spec_govprot_reform,v2jureview_lag1,0.3524267420792045,0.2095500413487306,mixed_vs_expand,-0.4422263680577316,raw,,0
expand,spec_govprot_reform,v2jureview_lag1,0.3524267420792045,0.2095500413487306,expand_vs_mixed,0.4422263680577316,reversed,,0
expand,spec_govprot_reform,legal_common,0.3519848106521156,5.227343156268668e-10,contract_vs_expand,2.1865729919018526,raw,***,+***
expand,spec_govprot_reform,legal_common,0.3519848106521156,5.227343156268668e-10,expand_vs_contract,-2.1865729919018526,reversed,***,-***
expand,spec_govprot_reform,legal_common,0.4472989333307329,0.0027983413289663,mixed_vs_expand,1.3370048346259815,raw,***,+***
expand,spec_govprot_reform,legal_common,0.4472989333307329,0.0027983413289663,expand_vs_mixed,-1.3370048346259815,reversed,***,-***
expand,spec_govprot_reform,legal_civil,0.3684277215207394,0.0674780038080062,contract_vs_expand,0.6736615919569661,raw,*,+*
expand,spec_govprot_reform,legal_civil,0.3684277215207394,0.0674780038080062,expand_vs_contract,-0.6736615919569661,reversed,*,-*
expand,spec_govprot_reform,legal_civil,0.3734408237901459,0.367853647925448,mixed_vs_expand,0.3362838671780361,raw,,0
expand,spec_govprot_reform,legal_civil,0.3734408237901459,0.367853647925448,expand_vs_mixed,-0.3362838671780361,reversed,,0
expand,spec_govprot_reform,high_court,0.2746812112019068,0.140904472660632,contract_vs_expand,-0.4044491858388046,raw,,0
expand,spec_govprot_reform,high_court,0.2746812112019068,0.140904472660632,expand_vs_contract,0.4044491858388046,reversed,,0
expand,spec_govprot_reform,high_court,0.1522145750795909,0.8381616482249321,mixed_vs_expand,0.0310891436702955,raw,,0
expand,spec_govprot_reform,high_court,0.1522145750795909,0.8381616482249321,expand_vs_mixed,-0.0310891436702955,reversed,,0
expand,spec_govprot_reform,j_ind_lag1,0.2832788524967499,0.3520416374039358,contract_vs_expand,-0.263629634168942,raw,,0
expand,spec_govprot_reform,j_ind_lag1,0.2832788524967499,0.3520416374039358,expand_vs_contract,0.263629634168942,reversed,,0
expand,spec_govprot_reform,j_ind_lag1,0.2180965635736979,0.0867080179188159,mixed_vs_expand,-0.373604773925927,raw,*,-*
expand,spec_govprot_reform,j_ind_lag1,0.2180965635736979,0.0867080179188159,expand_vs_mixed,0.373604773925927,reversed,*,+*
expand,spec_c_attack,wdj_citizen_lag1,0.4045533935108666,0.4092726640899295,contract_vs_expand,0.3338270475092568,raw,,0
expand,spec_c_attack,wdj_citizen_lag1,0.4045533935108666,0.4092726640899295,expand_vs_contract,-0.3338270475092568,reversed,,0
expand,spec_c_attack,wdj_citizen_lag1,0.4247023738062347,0.1200821789057467,mixed_vs_expand,-0.6601695817178612,raw,,0
expand,spec_c_attack,wdj_citizen_lag1,0.4247023738062347,0.1200821789057467,expand_vs_mixed,0.6601695817178612,reversed,,0
expand,spec_c_attack,v2jupoatck_lag1,0.1224432648860394,0.2214449267261733,contract_vs_expand,0.1497107643452133,raw,,0
expand,spec_c_attack,v2jupoatck_lag1,0.1224432648860394,0.2214449267261733,expand_vs_contract,-0.1497107643452133,reversed,,0
expand,spec_c_attack,v2jupoatck_lag1,0.0949165976603612,0.7384149619192591,mixed_vs_expand,-0.0316976904829706,raw,,0
expand,spec_c_attack,v2jupoatck_lag1,0.0949165976603612,0.7384149619192591,expand_vs_mixed,0.0316976904829706,reversed,,0
expand,spec_c_attack,v2x_polyarchy_lag1,1.1663897908022454,0.0031465527277227,contract_vs_expand,-3.4444024752914166,raw,***,-***
expand,spec_c_attack,v2x_polyarchy_lag1,1.1663897908022454,0.0031465527277227,expand_vs_contract,3.4444024752914166,reversed,***,+***
expand,spec_c_attack,v2x_polyarchy_lag1,0.9113110919080448,0.0134616566031159,mixed_vs_expand,2.252138264871105,raw,**,+**
expand,spec_c_attack,v2x_polyarchy_lag1,0.9113110919080448,0.0134616566031159,expand_vs_mixed,-2.252138264871105,reversed,**,-**
expand,spec_c_attack,v2jureview_lag1,0.3031682725635805,0.0123128022277799,contract_vs_expand,-0.7588454541255973,raw,**,-**
expand,spec_c_attack,v2jureview_lag1,0.3031682725635805,0.0123128022277799,expand_vs_contract,0.7588454541255973,reversed,**,+**
expand,spec_c_attack,v2jureview_lag1,0.3631234270242269,0.1718241740067109,mixed_vs_expand,-0.4961594360459509,raw,,0
expand,spec_c_attack,v2jureview_lag1,0.3631234270242269,0.1718241740067109,expand_vs_mixed,0.4961594360459509,reversed,,0
expand,spec_c_attack,legal_common,0.3452481047668514,1.073279734243119e-07,contract_vs_expand,1.8345995752637885,raw,***,+***
expand,spec_c_attack,legal_common,0.3452481047668514,1.073279734243119e-07,expand_vs_contract,-1.8345995752637885,reversed,***,-***
expand,spec_c_attack,legal_common,0.38018021638202,0.0031777556882908,mixed_vs_expand,1.121531032364668,raw,***,+***
expand,spec_c_attack,legal_common,0.38018021638202,0.0031777556882908,expand_vs_mixed,-1.121531032364668,reversed,***,-***
expand,spec_c_attack,legal_civil,0.3473897016936456,0.2740956887698674,contract_vs_expand,0.3799328998365647,raw,,0
expand,spec_c_attack,legal_civil,0.3473897016936456,0.2740956887698674,expand_vs_contract,-0.3799328998365647,reversed,,0
expand,spec_c_attack,legal_civil,0.3228188825323496,0.3224415223242947,mixed_vs_expand,0.319414132989636,raw,,0
expand,spec_c_attack,legal_civil,0.3228188825323496,0.3224415223242947,expand_vs_mixed,-0.319414132989636,reversed,,0
expand,spec_c_attack,high_court,0.2748840817613827,0.0440825644976683,contract_vs_expand,-0.5534254653467272,raw,**,-**
expand,spec_c_attack,high_court,0.2748840817613827,0.0440825644976683,expand_vs_contract,0.5534254653467272,reversed,**,+**
expand,spec_c_attack,high_court,0.1523662981461654,0.8176150395579574,mixed_vs_expand,0.0351377329940753,raw,,0
expand,spec_c_attack,high_court,0.1523662981461654,0.8176150395579574,expand_vs_mixed,-0.0351377329940753,reversed,,0
expand,spec_c_attack,j_ind_lag1,0.2711391091012692,0.5856616384864286,contract_vs_expand,-0.1478070373358841,raw,,0
expand,spec_c_attack,j_ind_lag1,0.2711391091012692,0.5856616384864286,expand_vs_contract,0.1478070373358841,reversed,,0
expand,spec_c_attack,j_ind_lag1,0.1899033516626616,0.0392107574402732,mixed_vs_expand,-0.3915746845301734,raw,**,-**
expand,spec_c_attack,j_ind_lag1,0.1899033516626616,0.0392107574402732,expand_vs_mixed,0.3915746845301734,reversed,**,+**
expand,spec_im_attack,wdj_intermediaries_lag1,0.6360622038204057,0.1871701131979719,contract_vs_expand,0.8389641428712504,raw,,0
expand,spec_im_attack,wdj_intermediaries_lag1,0.6360622038204057,0.1871701131979719,expand_vs_contract,-0.8389641428712504,reversed,,0
expand,spec_im_attack,wdj_intermediaries_lag1,0.5484703390439952,0.4191292496330279,mixed_vs_expand,0.443127194347368,raw,,0
expand,spec_im_attack,wdj_intermediaries_lag1,0.5484703390439952,0.4191292496330279,expand_vs_mixed,-0.443127194347368,reversed,,0
expand,spec_im_attack,v2jupoatck_lag1,0.1177861884039378,0.2078231991881191,contract_vs_expand,0.1483603814860418,raw,,0
expand,spec_im_attack,v2jupoatck_lag1,0.1177861884039378,0.2078231991881191,expand_vs_contract,-0.1483603814860418,reversed,,0
expand,spec_im_attack,v2jupoatck_lag1,0.1019400718245329,0.803860072849364,mixed_vs_expand,-0.0253172837058656,raw,,0
expand,spec_im_attack,v2jupoatck_lag1,0.1019400718245329,0.803860072849364,expand_vs_mixed,0.0253172837058656,reversed,,0
expand,spec_im_attack,v2x_polyarchy_lag1,1.1301388307534013,0.0017795599483664,contract_vs_expand,-3.5314017540356297,raw,***,-***
expand,spec_im_attack,v2x_polyarchy_lag1,1.1301388307534013,0.0017795599483664,expand_vs_contract,3.5314017540356297,reversed,***,+***
expand,spec_im_attack,v2x_polyarchy_lag1,0.9179092467279656,0.0219487727101904,mixed_vs_expand,2.1031625139134515,raw,**,+**
expand,spec_im_attack,v2x_polyarchy_lag1,0.9179092467279656,0.0219487727101904,expand_vs_mixed,-2.1031625139134515,reversed,**,-**
expand,spec_im_attack,v2jureview_lag1,0.3050998513393225,0.0112639676402123,contract_vs_expand,-0.773245438378227,raw,**,-**
expand,spec_im_attack,v2jureview_lag1,0.3050998513393225,0.0112639676402123,expand_vs_contract,0.773245438378227,reversed,**,+**
expand,spec_im_attack,v2jureview_lag1,0.3604120442314537,0.1799540870106034,mixed_vs_expand,-0.4832752173024679,raw,,0
expand,spec_im_attack,v2jureview_lag1,0.3604120442314537,0.1799540870106034,expand_vs_mixed,0.4832752173024679,reversed,,0
expand,spec_im_attack,legal_common,0.3465966425859958,4.5364666162112255e-08,contract_vs_expand,1.89539263776249,raw,***,+***
expand,spec_im_attack,legal_common,0.3465966425859958,4.5364666162112255e-08,expand_vs_contract,-1.89539263776249,reversed,***,-***
expand,spec_im_attack,legal_common,0.3793069282928876,0.0013207729970718,mixed_vs_expand,1.2181166945106332,raw,***,+***
expand,spec_im_attack,legal_common,0.3793069282928876,0.0013207729970718,expand_vs_mixed,-1.2181166945106332,reversed,***,-***
expand,spec_im_attack,legal_civil,0.3311983270833563,0.3680010495466682,contract_vs_expand,0.2981526871396338,raw,,0
expand,spec_im_attack,legal_civil,0.3311983270833563,0.3680010495466682,expand_vs_contract,-0.2981526871396338,reversed,,0
expand,spec_im_attack,legal_civil,0.3520100020673317,0.9732101888531336,mixed_vs_expand,0.0118213266843508,raw,,0
expand,spec_im_attack,legal_civil,0.3520100020673317,0.9732101888531336,expand_vs_mixed,-0.0118213266843508,reversed,,0
expand,spec_im_attack,high_court,0.2750225013291138,0.0483280173883512,contract_vs_expand,-0.5430244238517722,raw,**,-**
expand,spec_im_attack,high_court,0.2750225013291138,0.0483280173883512,expand_vs_contract,0.5430244238517722,reversed,**,+**
expand,spec_im_attack,high_court,0.1601918118727768,0.8277508420980105,mixed_vs_expand,0.0348556706174055,raw,,0
expand,spec_im_attack,high_court,0.1601918118727768,0.8277508420980105,expand_vs_mixed,-0.0348556706174055,reversed,,0
expand,spec_im_attack,j_ind_lag1,0.2673961941641877,0.6086697461234918,contract_vs_expand,-0.1368996928496463,raw,,0
expand,spec_im_attack,j_ind_lag1,0.2673961941641877,0.6086697461234918,expand_vs_contract,0.1368996928496463,reversed,,0
expand,spec_im_attack,j_ind_lag1,0.1949597434543434,0.0583061028447322,mixed_vs_expand,-0.369134713422954,raw,*,-*
expand,spec_im_attack,j_ind_lag1,0.1949597434543434,0.0583061028447322,expand_vs_mixed,0.369134713422954,reversed,*,+*
expand,spec_p_attack,wdj_press_lag1,0.595774488062088,0.3341954928365959,contract_vs_expand,0.5753380265347232,raw,,0
expand,spec_p_attack,wdj_press_lag1,0.595774488062088,0.3341954928365959,expand_vs_contract,-0.5753380265347232,reversed,,0
expand,spec_p_attack,wdj_press_lag1,0.3790309294033139,0.0062370292431975,mixed_vs_expand,-1.0366695612951955,raw,***,-***
expand,spec_p_attack,wdj_press_lag1,0.3790309294033139,0.0062370292431975,expand_vs_mixed,1.0366695612951955,reversed,***,+***
expand,spec_p_attack,v2jupoatck_lag1,0.1236961487020042,0.2380019188200354,contract_vs_expand,0.1459609255397201,raw,,0
expand,spec_p_attack,v2jupoatck_lag1,0.1236961487020042,0.2380019188200354,expand_vs_contract,-0.1459609255397201,reversed,,0
expand,spec_p_attack,v2jupoatck_lag1,0.0938680242428501,0.8069517111472364,mixed_vs_expand,-0.0229376276258357,raw,,0
expand,spec_p_attack,v2jupoatck_lag1,0.0938680242428501,0.8069517111472364,expand_vs_mixed,0.0229376276258357,reversed,,0
expand,spec_p_attack,v2x_polyarchy_lag1,1.1740392627869145,0.0024175180141405,contract_vs_expand,-3.5614230604608568,raw,***,-***
expand,spec_p_attack,v2x_polyarchy_lag1,1.1740392627869145,0.0024175180141405,expand_vs_contract,3.5614230604608568,reversed,***,+***
expand,spec_p_attack,v2x_polyarchy_lag1,0.8569403052785931,0.0045174012810586,mixed_vs_expand,2.4333442199139634,raw,***,+***
expand,spec_p_attack,v2x_polyarchy_lag1,0.8569403052785931,0.0045174012810586,expand_vs_mixed,-2.4333442199139634,reversed,***,-***
expand,spec_p_attack,v2jureview_lag1,0.3356680340015063,0.014587300604931,contract_vs_expand,-0.8198577851282487,raw,**,-**
expand,spec_p_attack,v2jureview_lag1,0.3356680340015063,0.014587300604931,expand_vs_contract,0.8198577851282487,reversed,**,+**
expand,spec_p_attack,v2jureview_lag1,0.3638376049057992,0.2040448521532455,mixed_vs_expand,-0.4621143911482549,raw,,0
expand,spec_p_attack,v2jureview_lag1,0.3638376049057992,0.2040448521532455,expand_vs_mixed,0.4621143911482549,reversed,,0
expand,spec_p_attack,legal_common,0.3473238512892462,5.050155260432672e-08,contract_vs_expand,1.8927536452611613,raw,***,+***
expand,spec_p_attack,legal_common,0.3473238512892462,5.050155260432672e-08,expand_vs_contract,-1.8927536452611613,reversed,***,-***
expand,spec_p_attack,legal_common,0.3745276015152097,0.0053415046527279,mixed_vs_expand,1.0433152484040888,raw,***,+***
expand,spec_p_attack,legal_common,0.3745276015152097,0.0053415046527279,expand_vs_mixed,-1.0433152484040888,reversed,***,-***
expand,spec_p_attack,legal_civil,0.3553045267622565,0.2867896322247838,contract_vs_expand,0.3784670846806898,raw,,0
expand,spec_p_attack,legal_civil,0.3553045267622565,0.2867896322247838,expand_vs_contract,-0.3784670846806898,reversed,,0
expand,spec_p_attack,legal_civil,0.3059865182233182,0.3235599066648953,mixed_vs_expand,0.3020603362752861,raw,,0
expand,spec_p_attack,legal_civil,0.3059865182233182,0.3235599066648953,expand_vs_mixed,-0.3020603362752861,reversed,,0
expand,spec_p_attack,high_court,0.2772166013360209,0.0424721475196965,contract_vs_expand,-0.5624347741938349,raw,**,-**
expand,spec_p_attack,high_court,0.2772166013360209,0.0424721475196965,expand_vs_contract,0.5624347741938349,reversed,**,+**
expand,spec_p_attack,high_court,0.1520335461222485,0.8036384355523444,mixed_vs_expand,0.0378017838000157,raw,,0
expand,spec_p_attack,high_court,0.1520335461222485,0.8036384355523444,expand_vs_mixed,-0.0378017838000157,reversed,,0
expand,spec_p_attack,j_ind_lag1,0.2741773513359828,0.6022918550486622,contract_vs_expand,-0.1428758865162389,raw,,0
expand,spec_p_attack,j_ind_lag1,0.2741773513359828,0.6022918550486622,expand_vs_contract,0.1428758865162389,reversed,,0
expand,spec_p_attack,j_ind_lag1,0.1766750995874001,0.0347878686403907,mixed_vs_expand,-0.3729291647015542,raw,**,-**
expand,spec_p_attack,j_ind_lag1,0.1766750995874001,0.0347878686403907,expand_vs_mixed,0.3729291647015542,reversed,**,+**
expand,spec_govprot_attack,wdj_govprot_lag1,0.2563473305754424,0.2104190587480962,contract_vs_expand,0.3210529777774265,raw,,0
expand,spec_govprot_attack,wdj_govprot_lag1,0.2563473305754424,0.2104190587480962,expand_vs_contract,-0.3210529777774265,reversed,,0
expand,spec_govprot_attack,wdj_govprot_lag1,0.2543548664582684,0.6820661369998264,mixed_vs_expand,-0.1041952840260026,raw,,0
expand,spec_govprot_attack,wdj_govprot_lag1,0.2543548664582684,0.6820661369998264,expand_vs_mixed,0.1041952840260026,reversed,,0
expand,spec_govprot_attack,v2jupoatck_lag1,0.1042616448818806,0.0597741073868866,contract_vs_expand,0.1962679752995773,raw,*,+*
expand,spec_govprot_attack,v2jupoatck_lag1,0.1042616448818806,0.0597741073868866,expand_vs_contract,-0.1962679752995773,reversed,*,-*
expand,spec_govprot_attack,v2jupoatck_lag1,0.1018697599345613,0.5879884818763158,mixed_vs_expand,-0.055188276335582,raw,,0
expand,spec_govprot_attack,v2jupoatck_lag1,0.1018697599345613,0.5879884818763158,expand_vs_mixed,0.055188276335582,reversed,,0
expand,spec_govprot_attack,v2x_polyarchy_lag1,1.1078427178420251,0.002303936505949,contract_vs_expand,-3.3766703228897805,raw,***,-***
expand,spec_govprot_attack,v2x_polyarchy_lag1,1.1078427178420251,0.002303936505949,expand_vs_contract,3.3766703228897805,reversed,***,+***
expand,spec_govprot_attack,v2x_polyarchy_lag1,0.9129930082528628,0.0208479781965355,mixed_vs_expand,2.1096769459587787,raw,**,+**
expand,spec_govprot_attack,v2x_polyarchy_lag1,0.9129930082528628,0.0208479781965355,expand_vs_mixed,-2.1096769459587787,reversed,**,-**
expand,spec_govprot_attack,v2jureview_lag1,0.3296582331041732,0.018267606039774,contract_vs_expand,-0.7780424835559707,raw,**,-**
expand,spec_govprot_attack,v2jureview_lag1,0.3296582331041732,0.018267606039774,expand_vs_contract,0.7780424835559707,reversed,**,+**
expand,spec_govprot_attack,v2jureview_lag1,0.3523613845681969,0.1640975717307865,mixed_vs_expand,-0.4902832957530119,raw,,0
expand,spec_govprot_attack,v2jureview_lag1,0.3523613845681969,0.1640975717307865,expand_vs_mixed,0.4902832957530119,reversed,,0
expand,spec_govprot_attack,legal_common,0.3346414445614299,2.3484647370611335e-07,contract_vs_expand,1.7298955591131802,raw,***,+***
expand,spec_govprot_attack,legal_common,0.3346414445614299,2.3484647370611335e-07,expand_vs_contract,-1.7298955591131802,reversed,***,-***
expand,spec_govprot_attack,legal_common,0.3757051994762849,0.0015679087547987,mixed_vs_expand,1.1879091233591417,raw,***,+***
expand,spec_govprot_attack,legal_common,0.3757051994762849,0.0015679087547987,expand_vs_mixed,-1.1879091233591417,reversed,***,-***
expand,spec_govprot_attack,legal_civil,0.3296232737562578,0.2375750193835862,contract_vs_expand,0.3893080745305027,raw,,0
expand,spec_govprot_attack,legal_civil,0.3296232737562578,0.2375750193835862,expand_vs_contract,-0.3893080745305027,reversed,,0
expand,spec_govprot_attack,legal_civil,0.3695740906425218,0.6470948592830292,mixed_vs_expand,0.1691916752968247,raw,,0
expand,spec_govprot_attack,legal_civil,0.3695740906425218,0.6470948592830292,expand_vs_mixed,-0.1691916752968247,reversed,,0
expand,spec_govprot_attack,high_court,0.2798685791981635,0.0685890313654943,contract_vs_expand,-0.5096735051969933,raw,*,-*
expand,spec_govprot_attack,high_court,0.2798685791981635,0.0685890313654943,expand_vs_contract,0.5096735051969933,reversed,*,+*
expand,spec_govprot_attack,high_court,0.1622296923455632,0.9116339090058954,mixed_vs_expand,0.0180039029435995,raw,,0
expand,spec_govprot_attack,high_court,0.1622296923455632,0.9116339090058954,expand_vs_mixed,-0.0180039029435995,reversed,,0
expand,spec_govprot_attack,j_ind_lag1,0.2872299504328215,0.4915546981867443,contract_vs_expand,-0.1975677226260508,raw,,0
expand,spec_govprot_attack,j_ind_lag1,0.2872299504328215,0.4915546981867443,expand_vs_contract,0.1975677226260508,reversed,,0
expand,spec_govprot_attack,j_ind_lag1,0.2138767102390196,0.1080264106633814,mixed_vs_expand,-0.3437271340574588,raw,,0
expand,spec_govprot_attack,j_ind_lag1,0.2138767102390196,0.1080264106633814,expand_vs_mixed,0.3437271340574588,reversed,,0
expand,spec_c_reform_decision,wdj_citizen_lag1,0.3937329448488741,0.5957626643589636,contract_vs_expand,0.2088768294939567,raw,,0
expand,spec_c_reform_decision,wdj_citizen_lag1,0.3937329448488741,0.5957626643589636,expand_vs_contract,-0.2088768294939567,reversed,,0
expand,spec_c_reform_decision,wdj_citizen_lag1,0.3823630997816207,0.1242546470831422,mixed_vs_expand,-0.5877524594954467,raw,,0
expand,spec_c_reform_decision,wdj_citizen_lag1,0.3823630997816207,0.1242546470831422,expand_vs_mixed,0.5877524594954467,reversed,,0
expand,spec_c_reform_decision,v2jureform_lag1,0.1244865058525942,0.0102953875317323,contract_vs_expand,0.319400885652614,raw,**,+**
expand,spec_c_reform_decision,v2jureform_lag1,0.1244865058525942,0.0102953875317323,expand_vs_contract,-0.319400885652614,reversed,**,-**
expand,spec_c_reform_decision,v2jureform_lag1,0.1856076332310431,0.3022570720168883,mixed_vs_expand,0.1914738120346348,raw,,0
expand,spec_c_reform_decision,v2jureform_lag1,0.1856076332310431,0.3022570720168883,expand_vs_mixed,-0.1914738120346348,reversed,,0
expand,spec_c_reform_decision,v2x_polyarchy_lag1,1.1605981165599186,0.0048662349933319,contract_vs_expand,-3.267963101064516,raw,***,-***
expand,spec_c_reform_decision,v2x_polyarchy_lag1,1.1605981165599186,0.0048662349933319,expand_vs_contract,3.267963101064516,reversed,***,+***
expand,spec_c_reform_decision,v2x_polyarchy_lag1,0.7907206472278009,0.0145992569303956,mixed_vs_expand,1.9310744999677243,raw,**,+**
expand,spec_c_reform_decision,v2x_polyarchy_lag1,0.7907206472278009,0.0145992569303956,expand_vs_mixed,-1.9310744999677243,reversed,**,-**
expand,spec_c_reform_decision,v2jureview_lag1,0.298512903706475,0.0399259638192572,contract_vs_expand,-0.613298958256751,raw,**,-**
expand,spec_c_reform_decision,v2jureview_lag1,0.298512903706475,0.0399259638192572,expand_vs_contract,0.613298958256751,reversed,**,+**
expand,spec_c_reform_decision,v2jureview_lag1,0.3574400716680505,0.4386825968072708,mixed_vs_expand,-0.2768086576992226,raw,,0
expand,spec_c_reform_decision,v2jureview_lag1,0.3574400716680505,0.4386825968072708,expand_vs_mixed,0.2768086576992226,reversed,,0
expand,spec_c_reform_decision,legal_common,0.373660522769238,1.243513304782961e-06,contract_vs_expand,1.811721179940076,raw,***,+***
expand,spec_c_reform_decision,legal_common,0.373660522769238,1.243513304782961e-06,expand_vs_contract,-1.811721179940076,reversed,***,-***
expand,spec_c_reform_decision,legal_common,0.4342721158303581,0.0141963250699887,mixed_vs_expand,1.064946811530092,raw,**,+**
expand,spec_c_reform_decision,legal_common,0.4342721158303581,0.0141963250699887,expand_vs_mixed,-1.064946811530092,reversed,**,-**
expand,spec_c_reform_decision,legal_civil,0.3368990955350454,0.2984539406944245,contract_vs_expand,0.3502923740865191,raw,,0
expand,spec_c_reform_decision,legal_civil,0.3368990955350454,0.2984539406944245,expand_vs_contract,-0.3502923740865191,reversed,,0
expand,spec_c_reform_decision,legal_civil,0.2911639073215657,0.1191017167661666,mixed_vs_expand,0.4537949931439838,raw,,0
expand,spec_c_reform_decision,legal_civil,0.2911639073215657,0.1191017167661666,expand_vs_mixed,-0.4537949931439838,reversed,,0
expand,spec_c_reform_decision,high_court,0.247091691667602,0.1279652451447871,contract_vs_expand,-0.3761167882240014,raw,,0
expand,spec_c_reform_decision,high_court,0.247091691667602,0.1279652451447871,expand_vs_contract,0.3761167882240014,reversed,,0
expand,spec_c_reform_decision,high_court,0.1565315340074132,0.4924073386049957,mixed_vs_expand,0.1074565455203614,raw,,0
expand,spec_c_reform_decision,high_court,0.1565315340074132,0.4924073386049957,expand_vs_mixed,-0.1074565455203614,reversed,,0
expand,spec_c_reform_decision,j_ind_lag1,0.2462815622372662,0.334664381427604,contract_vs_expand,-0.2376029213164148,raw,,0
expand,spec_c_reform_decision,j_ind_lag1,0.2462815622372662,0.334664381427604,expand_vs_contract,0.2376029213164148,reversed,,0
expand,spec_c_reform_decision,j_ind_lag1,0.1752504053403337,0.0164008603529453,mixed_vs_expand,-0.4205783271009751,raw,**,-**
expand,spec_c_reform_decision,j_ind_lag1,0.1752504053403337,0.0164008603529453,expand_vs_mixed,0.4205783271009751,reversed,**,+**
expand,spec_im_reform_decision,wdj_intermediaries_lag1,0.5807412475008557,0.1761420233240126,contract_vs_expand,0.7855858885282037,raw,,0
expand,spec_im_reform_decision,wdj_intermediaries_lag1,0.5807412475008557,0.1761420233240126,expand_vs_contract,-0.7855858885282037,reversed,,0
expand,spec_im_reform_decision,wdj_intermediaries_lag1,0.5442380437927324,0.2520548370893452,mixed_vs_expand,0.623355351746168,raw,,0
expand,spec_im_reform_decision,wdj_intermediaries_lag1,0.5442380437927324,0.2520548370893452,expand_vs_mixed,-0.623355351746168,reversed,,0
expand,spec_im_reform_decision,v2jureform_lag1,0.1239588564072528,0.0104626767393503,contract_vs_expand,0.3173533591568286,raw,**,+**
expand,spec_im_reform_decision,v2jureform_lag1,0.1239588564072528,0.0104626767393503,expand_vs_contract,-0.3173533591568286,reversed,**,-**
expand,spec_im_reform_decision,v2jureform_lag1,0.195104005360552,0.3347304324715372,mixed_vs_expand,0.18820307357783,raw,,0
expand,spec_im_reform_decision,v2jureform_lag1,0.195104005360552,0.3347304324715372,expand_vs_mixed,-0.18820307357783,reversed,,0
expand,spec_im_reform_decision,v2x_polyarchy_lag1,1.1067688375881837,0.0024722837923533,contract_vs_expand,-3.349871886725558,raw,***,-***
expand,spec_im_reform_decision,v2x_polyarchy_lag1,1.1067688375881837,0.0024722837923533,expand_vs_contract,3.349871886725558,reversed,***,+***
expand,spec_im_reform_decision,v2x_polyarchy_lag1,0.8116496308990753,0.0246826243077612,mixed_vs_expand,1.8232361369283892,raw,**,+**
expand,spec_im_reform_decision,v2x_polyarchy_lag1,0.8116496308990753,0.0246826243077612,expand_vs_mixed,-1.8232361369283892,reversed,**,-**
expand,spec_im_reform_decision,v2jureview_lag1,0.2979738751676609,0.0398232531624242,contract_vs_expand,-0.612508409567691,raw,**,-**
expand,spec_im_reform_decision,v2jureview_lag1,0.2979738751676609,0.0398232531624242,expand_vs_contract,0.612508409567691,reversed,**,+**
expand,spec_im_reform_decision,v2jureview_lag1,0.3567780661869702,0.4466693773283582,mixed_vs_expand,-0.2715007552750921,raw,,0
expand,spec_im_reform_decision,v2jureview_lag1,0.3567780661869702,0.4466693773283582,expand_vs_mixed,0.2715007552750921,reversed,,0
expand,spec_im_reform_decision,legal_common,0.3866289314282605,1.3992562887029663e-06,contract_vs_expand,1.865527337795139,raw,***,+***
expand,spec_im_reform_decision,legal_common,0.3866289314282605,1.3992562887029663e-06,expand_vs_contract,-1.865527337795139,reversed,***,-***
expand,spec_im_reform_decision,legal_common,0.4352772742965498,0.0074775285092275,mixed_vs_expand,1.1642768381756043,raw,***,+***
expand,spec_im_reform_decision,legal_common,0.4352772742965498,0.0074775285092275,expand_vs_mixed,-1.1642768381756043,reversed,***,-***
expand,spec_im_reform_decision,legal_civil,0.3236314502533132,0.4516512779576433,contract_vs_expand,0.2435860489057698,raw,,0
expand,spec_im_reform_decision,legal_civil,0.3236314502533132,0.4516512779576433,expand_vs_contract,-0.2435860489057698,reversed,,0
expand,spec_im_reform_decision,legal_civil,0.3315302863487194,0.6852664775162471,mixed_vs_expand,0.1343649528826309,raw,,0
expand,spec_im_reform_decision,legal_civil,0.3315302863487194,0.6852664775162471,expand_vs_mixed,-0.1343649528826309,reversed,,0
expand,spec_im_reform_decision,high_court,0.2480821411364377,0.1411015774049369,contract_vs_expand,-0.3651027903340322,raw,,0
expand,spec_im_reform_decision,high_court,0.2480821411364377,0.1411015774049369,expand_vs_contract,0.3651027903340322,reversed,,0
expand,spec_im_reform_decision,high_court,0.1582004040856728,0.4735032122672356,mixed_vs_expand,0.1133965883033406,raw,,0
expand,spec_im_reform_decision,high_court,0.1582004040856728,0.4735032122672356,expand_vs_mixed,-0.1133965883033406,reversed,,0
expand,spec_im_reform_decision,j_ind_lag1,0.2369908093678037,0.3466916471884356,contract_vs_expand,-0.2230144616655809,raw,,0
expand,spec_im_reform_decision,j_ind_lag1,0.2369908093678037,0.3466916471884356,expand_vs_contract,0.2230144616655809,reversed,,0
expand,spec_im_reform_decision,j_ind_lag1,0.1770719398438929,0.0256485906152184,mixed_vs_expand,-0.3951345268282774,raw,**,-**
expand,spec_im_reform_decision,j_ind_lag1,0.1770719398438929,0.0256485906152184,expand_vs_mixed,0.3951345268282774,reversed,**,+**
expand,spec_p_reform_decision,wdj_press_lag1,0.3848489270247531,0.0286102092837047,contract_vs_expand,0.842363526345803,raw,**,+**
expand,spec_p_reform_decision,wdj_press_lag1,0.3848489270247531,0.0286102092837047,expand_vs_contract,-0.842363526345803,reversed,**,-**
expand,spec_p_reform_decision,wdj_press_lag1,0.3367251375233464,0.0362389594436297,mixed_vs_expand,-0.7051819160263967,raw,**,-**
expand,spec_p_reform_decision,wdj_press_lag1,0.3367251375233464,0.0362389594436297,expand_vs_mixed,0.7051819160263967,reversed,**,+**
expand,spec_p_reform_decision,v2jureform_lag1,0.1192495263730031,0.0076508524252835,contract_vs_expand,0.3180506102796693,raw,***,+***
expand,spec_p_reform_decision,v2jureform_lag1,0.1192495263730031,0.0076508524252835,expand_vs_contract,-0.3180506102796693,reversed,***,-***
expand,spec_p_reform_decision,v2jureform_lag1,0.1921507102986986,0.3594106397146888,mixed_vs_expand,0.176103951698294,raw,,0
expand,spec_p_reform_decision,v2jureform_lag1,0.1921507102986986,0.3594106397146888,expand_vs_mixed,-0.176103951698294,reversed,,0
expand,spec_p_reform_decision,v2x_polyarchy_lag1,1.0790112403759178,0.0012843237309686,contract_vs_expand,-3.4738332975132487,raw,***,-***
expand,spec_p_reform_decision,v2x_polyarchy_lag1,1.0790112403759178,0.0012843237309686,expand_vs_contract,3.4738332975132487,reversed,***,+***
expand,spec_p_reform_decision,v2x_polyarchy_lag1,0.7888922217186928,0.0086874309209526,mixed_vs_expand,2.070144338713874,raw,***,+***
expand,spec_p_reform_decision,v2x_polyarchy_lag1,0.7888922217186928,0.0086874309209526,expand_vs_mixed,-2.070144338713874,reversed,***,-***
expand,spec_p_reform_decision,v2jureview_lag1,0.3171140310659757,0.0389113643733409,contract_vs_expand,-0.6548794769708663,raw,**,-**
expand,spec_p_reform_decision,v2jureview_lag1,0.3171140310659757,0.0389113643733409,expand_vs_contract,0.6548794769708663,reversed,**,+**
expand,spec_p_reform_decision,v2jureview_lag1,0.3520318510769381,0.4500940223227029,mixed_vs_expand,-0.2658749724820026,raw,,0
expand,spec_p_reform_decision,v2jureview_lag1,0.3520318510769381,0.4500940223227029,expand_vs_mixed,0.2658749724820026,reversed,,0
expand,spec_p_reform_decision,legal_common,0.3707218681551488,3.122967574170273e-07,contract_vs_expand,1.896565185800284,raw,***,+***
expand,spec_p_reform_decision,legal_common,0.3707218681551488,3.122967574170273e-07,expand_vs_contract,-1.896565185800284,reversed,***,-***
expand,spec_p_reform_decision,legal_common,0.4430198685160494,0.0204740963524616,mixed_vs_expand,1.0267182038643623,raw,**,+**
expand,spec_p_reform_decision,legal_common,0.4430198685160494,0.0204740963524616,expand_vs_mixed,-1.0267182038643623,reversed,**,-**
expand,spec_p_reform_decision,legal_civil,0.3254855930332496,0.3361719615631444,contract_vs_expand,0.3130378667314041,raw,,0
expand,spec_p_reform_decision,legal_civil,0.3254855930332496,0.3361719615631444,expand_vs_contract,-0.3130378667314041,reversed,,0
expand,spec_p_reform_decision,legal_civil,0.3069008941790563,0.2139480221294734,mixed_vs_expand,0.3814110362231015,raw,,0
expand,spec_p_reform_decision,legal_civil,0.3069008941790563,0.2139480221294734,expand_vs_mixed,-0.3814110362231015,reversed,,0
expand,spec_p_reform_decision,high_court,0.2465244098504572,0.1214766680949737,contract_vs_expand,-0.3817689697528106,raw,,0
expand,spec_p_reform_decision,high_court,0.2465244098504572,0.1214766680949737,expand_vs_contract,0.3817689697528106,reversed,,0
expand,spec_p_reform_decision,high_court,0.1567247705338439,0.4822358030335355,mixed_vs_expand,0.1101322373450161,raw,,0
expand,spec_p_reform_decision,high_court,0.1567247705338439,0.4822358030335355,expand_vs_mixed,-0.1101322373450161,reversed,,0
expand,spec_p_reform_decision,j_ind_lag1,0.2382792620158108,0.3440613238784697,contract_vs_expand,-0.2254529514971577,raw,,0
expand,spec_p_reform_decision,j_ind_lag1,0.2382792620158108,0.3440613238784697,expand_vs_contract,0.2254529514971577,reversed,,0
expand,spec_p_reform_decision,j_ind_lag1,0.171425796972737,0.0179851516882187,mixed_vs_expand,-0.4055803518861423,raw,**,-**
expand,spec_p_reform_decision,j_ind_lag1,0.171425796972737,0.0179851516882187,expand_vs_mixed,0.4055803518861423,reversed,**,+**
expand,spec_govprot_reform_decision,wdj_govprot_lag1,0.24685685624044,0.6007600024637669,contract_vs_expand,0.1291821436891737,raw,,0
expand,spec_govprot_reform_decision,wdj_govprot_lag1,0.24685685624044,0.6007600024637669,expand_vs_contract,-0.1291821436891737,reversed,,0
expand,spec_govprot_reform_decision,wdj_govprot_lag1,0.2101913075442386,0.8161961009842922,mixed_vs_expand,-0.0488569170650785,raw,,0
expand,spec_govprot_reform_decision,wdj_govprot_lag1,0.2101913075442386,0.8161961009842922,expand_vs_mixed,0.0488569170650785,reversed,,0
expand,spec_govprot_reform_decision,v2jureform_lag1,0.1239311116793786,0.0090450405436372,contract_vs_expand,0.3235032135043771,raw,***,+***
expand,spec_govprot_reform_decision,v2jureform_lag1,0.1239311116793786,0.0090450405436372,expand_vs_contract,-0.3235032135043771,reversed,***,-***
expand,spec_govprot_reform_decision,v2jureform_lag1,0.1973469683072292,0.3379842007342644,mixed_vs_expand,0.1890891425981197,raw,,0
expand,spec_govprot_reform_decision,v2jureform_lag1,0.1973469683072292,0.3379842007342644,expand_vs_mixed,-0.1890891425981197,reversed,,0
expand,spec_govprot_reform_decision,v2x_polyarchy_lag1,1.1853384754269192,0.0075879708100879,contract_vs_expand,-3.164704414660284,raw,***,-***
expand,spec_govprot_reform_decision,v2x_polyarchy_lag1,1.1853384754269192,0.0075879708100879,expand_vs_contract,3.164704414660284,reversed,***,+***
expand,spec_govprot_reform_decision,v2x_polyarchy_lag1,0.8872628745680039,0.0440464413836467,mixed_vs_expand,1.786635634056409,raw,**,+**
expand,spec_govprot_reform_decision,v2x_polyarchy_lag1,0.8872628745680039,0.0440464413836467,expand_vs_mixed,-1.786635634056409,reversed,**,-**
expand,spec_govprot_reform_decision,v2jureview_lag1,0.319629225586663,0.0464782490233922,contract_vs_expand,-0.6363894585406035,raw,**,-**
expand,spec_govprot_reform_decision,v2jureview_lag1,0.319629225586663,0.0464782490233922,expand_vs_contract,0.6363894585406035,reversed,**,+**
expand,spec_govprot_reform_decision,v2jureview_lag1,0.3515641070692745,0.4467640963609374,mixed_vs_expand,-0.2674772926219588,raw,,0
expand,spec_govprot_reform_decision,v2jureview_lag1,0.3515641070692745,0.4467640963609374,expand_vs_mixed,0.2674772926219588,reversed,,0
expand,spec_govprot_reform_decision,legal_common,0.3654410737969514,1.3901755842221742e-06,contract_vs_expand,1.76376772692879,raw,***,+***
expand,spec_govprot_reform_decision,legal_common,0.3654410737969514,1.3901755842221742e-06,expand_vs_contract,-1.76376772692879,reversed,***,-***
expand,spec_govprot_reform_decision,legal_common,0.4406106731134657,0.0119090306785132,mixed_vs_expand,1.108060268004681,raw,**,+**
expand,spec_govprot_reform_decision,legal_common,0.4406106731134657,0.0119090306785132,expand_vs_mixed,-1.108060268004681,reversed,**,-**
expand,spec_govprot_reform_decision,legal_civil,0.340932742528552,0.3076899363056848,contract_vs_expand,0.3477790924808561,raw,,0
expand,spec_govprot_reform_decision,legal_civil,0.340932742528552,0.3076899363056848,expand_vs_contract,-0.3477790924808561,reversed,,0
expand,spec_govprot_reform_decision,legal_civil,0.2932949175471205,0.2833541614405295,mixed_vs_expand,0.3146511659603973,raw,,0
expand,spec_govprot_reform_decision,legal_civil,0.2932949175471205,0.2833541614405295,expand_vs_mixed,-0.3146511659603973,reversed,,0
expand,spec_govprot_reform_decision,high_court,0.2504668923134381,0.1508196605893469,contract_vs_expand,-0.3598313297932391,raw,,0
expand,spec_govprot_reform_decision,high_court,0.2504668923134381,0.1508196605893469,expand_vs_contract,0.3598313297932391,reversed,,0
expand,spec_govprot_reform_decision,high_court,0.1478929976514305,0.5210388638026386,mixed_vs_expand,0.0949095694839073,raw,,0
expand,spec_govprot_reform_decision,high_court,0.1478929976514305,0.5210388638026386,expand_vs_mixed,-0.0949095694839073,reversed,,0
expand,spec_govprot_reform_decision,j_ind_lag1,0.2692727608435503,0.3270388438763995,contract_vs_expand,-0.2639130955743633,raw,,0
expand,spec_govprot_reform_decision,j_ind_lag1,0.2692727608435503,0.3270388438763995,expand_vs_contract,0.2639130955743633,reversed,,0
expand,spec_govprot_reform_decision,j_ind_lag1,0.1950804531345658,0.0482492016992788,mixed_vs_expand,-0.385316469601873,raw,**,-**
expand,spec_govprot_reform_decision,j_ind_lag1,0.1950804531345658,0.0482492016992788,expand_vs_mixed,0.385316469601873,reversed,**,+**
expand,spec_c_pack_decision,wdj_citizen_lag1,0.3999764203685485,0.5763225160355625,contract_vs_expand,0.2234925877334188,raw,,0
expand,spec_c_pack_decision,wdj_citizen_lag1,0.3999764203685485,0.5763225160355625,expand_vs_contract,-0.2234925877334188,reversed,,0
expand,spec_c_pack_decision,wdj_citizen_lag1,0.3651685652553707,0.1678600336869397,mixed_vs_expand,-0.5036085764489748,raw,,0
expand,spec_c_pack_decision,wdj_citizen_lag1,0.3651685652553707,0.1678600336869397,expand_vs_mixed,0.5036085764489748,reversed,,0
expand,spec_c_pack_decision,v2jupack_lag1,0.1709293838912927,0.1973016320508669,contract_vs_expand,0.2203754078603592,raw,,0
expand,spec_c_pack_decision,v2jupack_lag1,0.1709293838912927,0.1973016320508669,expand_vs_contract,-0.2203754078603592,reversed,,0
expand,spec_c_pack_decision,v2jupack_lag1,0.2325002485236899,0.2815400952716055,mixed_vs_expand,-0.2503716330541228,raw,,0
expand,spec_c_pack_decision,v2jupack_lag1,0.2325002485236899,0.2815400952716055,expand_vs_mixed,0.2503716330541228,reversed,,0
expand,spec_c_pack_decision,v2x_polyarchy_lag1,1.110832856041166,0.0014903947038176,contract_vs_expand,-3.528613137299337,raw,***,-***
expand,spec_c_pack_decision,v2x_polyarchy_lag1,1.110832856041166,0.0014903947038176,expand_vs_contract,3.528613137299337,reversed,***,+***
expand,spec_c_pack_decision,v2x_polyarchy_lag1,1.2744095450039854,0.0092661051425687,mixed_vs_expand,3.316111735765725,raw,***,+***
expand,spec_c_pack_decision,v2x_polyarchy_lag1,1.2744095450039854,0.0092661051425687,expand_vs_mixed,-3.316111735765725,reversed,***,-***
expand,spec_c_pack_decision,v2jureview_lag1,0.2947438383587376,0.018393986159852,contract_vs_expand,-0.6948851839916144,raw,**,-**
expand,spec_c_pack_decision,v2jureview_lag1,0.2947438383587376,0.018393986159852,expand_vs_contract,0.6948851839916144,reversed,**,+**
expand,spec_c_pack_decision,v2jureview_lag1,0.3548879982131366,0.4004660697748496,mixed_vs_expand,-0.298385976320439,raw,,0
expand,spec_c_pack_decision,v2jureview_lag1,0.3548879982131366,0.4004660697748496,expand_vs_mixed,0.298385976320439,reversed,,0
expand,spec_c_pack_decision,legal_common,0.3635725339570856,6.056337385491919e-05,contract_vs_expand,1.4581458017534128,raw,***,+***
expand,spec_c_pack_decision,legal_common,0.3635725339570856,6.056337385491919e-05,expand_vs_contract,-1.4581458017534128,reversed,***,-***
expand,spec_c_pack_decision,legal_common,0.3860174923193311,0.0214135639629661,mixed_vs_expand,0.8880765308484316,raw,**,+**
expand,spec_c_pack_decision,legal_common,0.3860174923193311,0.0214135639629661,expand_vs_mixed,-0.8880765308484316,reversed,**,-**
expand,spec_c_pack_decision,legal_civil,0.3163701687262915,0.727681121280965,contract_vs_expand,0.1101638281422228,raw,,0
expand,spec_c_pack_decision,legal_civil,0.3163701687262915,0.727681121280965,expand_vs_contract,-0.1101638281422228,reversed,,0
expand,spec_c_pack_decision,legal_civil,0.2910007588142372,0.7105465743850161,mixed_vs_expand,0.1079968192713512,raw,,0
expand,spec_c_pack_decision,legal_civil,0.2910007588142372,0.7105465743850161,expand_vs_mixed,-0.1079968192713512,reversed,,0
expand,spec_c_pack_decision,high_court,0.2479711197678563,0.1083867812084647,contract_vs_expand,-0.3981142858379807,raw,,0
expand,spec_c_pack_decision,high_court,0.2479711197678563,0.1083867812084647,expand_vs_contract,0.3981142858379807,reversed,,0
expand,spec_c_pack_decision,high_court,0.1438661163169352,0.715166031864986,mixed_vs_expand,0.0525006046352022,raw,,0
expand,spec_c_pack_decision,high_court,0.1438661163169352,0.715166031864986,expand_vs_mixed,-0.0525006046352022,reversed,,0
expand,spec_c_pack_decision,j_ind_lag1,0.2545227438098286,0.5429095211276453,contract_vs_expand,-0.15485650857951,raw,,0
expand,spec_c_pack_decision,j_ind_lag1,0.2545227438098286,0.5429095211276453,expand_vs_contract,0.15485650857951,reversed,,0
expand,spec_c_pack_decision,j_ind_lag1,0.1827755695168238,0.0306347673976354,mixed_vs_expand,-0.3951214485572628,raw,**,-**
expand,spec_c_pack_decision,j_ind_lag1,0.1827755695168238,0.0306347673976354,expand_vs_mixed,0.3951214485572628,reversed,**,+**
expand,spec_im_pack_decision,wdj_intermediaries_lag1,0.6056034472096997,0.218006390465807,contract_vs_expand,0.7460105500567653,raw,,0
expand,spec_im_pack_decision,wdj_intermediaries_lag1,0.6056034472096997,0.218006390465807,expand_vs_contract,-0.7460105500567653,reversed,,0
expand,spec_im_pack_decision,wdj_intermediaries_lag1,0.5101425995036495,0.1216211702452732,mixed_vs_expand,0.789703130440905,raw,,0
expand,spec_im_pack_decision,wdj_intermediaries_lag1,0.5101425995036495,0.1216211702452732,expand_vs_mixed,-0.789703130440905,reversed,,0
expand,spec_im_pack_decision,v2jupack_lag1,0.1633117129639672,0.2196690353271779,contract_vs_expand,0.2004502098186868,raw,,0
expand,spec_im_pack_decision,v2jupack_lag1,0.1633117129639672,0.2196690353271779,expand_vs_contract,-0.2004502098186868,reversed,,0
expand,spec_im_pack_decision,v2jupack_lag1,0.2168147210347248,0.1212649148630563,mixed_vs_expand,-0.3359513924791646,raw,,0
expand,spec_im_pack_decision,v2jupack_lag1,0.2168147210347248,0.1212649148630563,expand_vs_mixed,0.3359513924791646,reversed,,0
expand,spec_im_pack_decision,v2x_polyarchy_lag1,1.1101390502140775,0.0014792388022333,contract_vs_expand,-3.528827797911266,raw,***,-***
expand,spec_im_pack_decision,v2x_polyarchy_lag1,1.1101390502140775,0.0014792388022333,expand_vs_contract,3.528827797911266,reversed,***,+***
expand,spec_im_pack_decision,v2x_polyarchy_lag1,1.266432802681621,0.0060241382892781,mixed_vs_expand,3.47821288778005,raw,***,+***
expand,spec_im_pack_decision,v2x_polyarchy_lag1,1.266432802681621,0.0060241382892781,expand_vs_mixed,-3.47821288778005,reversed,***,-***
expand,spec_im_pack_decision,v2jureview_lag1,0.2948447463863436,0.0178701639723519,contract_vs_expand,-0.6982800510354675,raw,**,-**
expand,spec_im_pack_decision,v2jureview_lag1,0.2948447463863436,0.0178701639723519,expand_vs_contract,0.6982800510354675,reversed,**,+**
expand,spec_im_pack_decision,v2jureview_lag1,0.3632590760720982,0.4367388577584212,mixed_vs_expand,-0.2825109169985295,raw,,0
expand,spec_im_pack_decision,v2jureview_lag1,0.3632590760720982,0.4367388577584212,expand_vs_mixed,0.2825109169985295,reversed,,0
expand,spec_im_pack_decision,legal_common,0.3673075797091385,3.7832551920161286e-05,contract_vs_expand,1.5134294712793532,raw,***,+***
expand,spec_im_pack_decision,legal_common,0.3673075797091385,3.7832551920161286e-05,expand_vs_contract,-1.5134294712793532,reversed,***,-***
expand,spec_im_pack_decision,legal_common,0.4039475276321821,0.0142238214383284,mixed_vs_expand,0.990301862871522,raw,**,+**
expand,spec_im_pack_decision,legal_common,0.4039475276321821,0.0142238214383284,expand_vs_mixed,-0.990301862871522,reversed,**,-**
expand,spec_im_pack_decision,legal_civil,0.306726214269492,0.9803027337698004,contract_vs_expand,0.0075728770846548,raw,,0
expand,spec_im_pack_decision,legal_civil,0.306726214269492,0.9803027337698004,expand_vs_contract,-0.0075728770846548,reversed,,0
expand,spec_im_pack_decision,legal_civil,0.3441609103715438,0.4627490433606062,mixed_vs_expand,-0.2527268875878986,raw,,0
expand,spec_im_pack_decision,legal_civil,0.3441609103715438,0.4627490433606062,expand_vs_mixed,0.2527268875878986,reversed,,0
expand,spec_im_pack_decision,high_court,0.2505319135340195,0.1152985079084119,contract_vs_expand,-0.3945421154250456,raw,,0
expand,spec_im_pack_decision,high_court,0.2505319135340195,0.1152985079084119,expand_vs_contract,0.3945421154250456,reversed,,0
expand,spec_im_pack_decision,high_court,0.1452049610242106,0.7131241620110442,mixed_vs_expand,0.0533865637654498,raw,,0
expand,spec_im_pack_decision,high_court,0.1452049610242106,0.7131241620110442,expand_vs_mixed,-0.0533865637654498,reversed,,0
expand,spec_im_pack_decision,j_ind_lag1,0.2474484779571289,0.5590711108600369,contract_vs_expand,-0.1445647899105717,raw,,0
expand,spec_im_pack_decision,j_ind_lag1,0.2474484779571289,0.5590711108600369,expand_vs_contract,0.1445647899105717,reversed,,0
expand,spec_im_pack_decision,j_ind_lag1,0.172749801725251,0.0377735716253853,mixed_vs_expand,-0.3588537389533309,raw,**,-**
expand,spec_im_pack_decision,j_ind_lag1,0.172749801725251,0.0377735716253853,expand_vs_mixed,0.3588537389533309,reversed,**,+**
expand,spec_p_pack_decision,wdj_press_lag1,0.4384804862133244,0.0762498192516768,contract_vs_expand,0.7773700412734778,raw,*,+*
expand,spec_p_pack_decision,wdj_press_lag1,0.4384804862133244,0.0762498192516768,expand_vs_contract,-0.7773700412734778,reversed,*,-*
expand,spec_p_pack_decision,wdj_press_lag1,0.4168846433807879,0.1419468001730012,mixed_vs_expand,-0.6122283614825826,raw,,0
expand,spec_p_pack_decision,wdj_press_lag1,0.4168846433807879,0.1419468001730012,expand_vs_mixed,0.6122283614825826,reversed,,0
expand,spec_p_pack_decision,v2jupack_lag1,0.1694257390269199,0.223817908885596,contract_vs_expand,0.2060959991686325,raw,,0
expand,spec_p_pack_decision,v2jupack_lag1,0.1694257390269199,0.223817908885596,expand_vs_contract,-0.2060959991686325,reversed,,0
expand,spec_p_pack_decision,v2jupack_lag1,0.2262821997857217,0.2594751146156292,mixed_vs_expand,-0.2551631844109449,raw,,0
expand,spec_p_pack_decision,v2jupack_lag1,0.2262821997857217,0.2594751146156292,expand_vs_mixed,0.2551631844109449,reversed,,0
expand,spec_p_pack_decision,v2x_polyarchy_lag1,1.0744442886178212,0.0006296482244254,contract_vs_expand,-3.672999388446796,raw,***,-***
expand,spec_p_pack_decision,v2x_polyarchy_lag1,1.0744442886178212,0.0006296482244254,expand_vs_contract,3.672999388446796,reversed,***,+***
expand,spec_p_pack_decision,v2x_polyarchy_lag1,1.192878002378984,0.0039792129094252,mixed_vs_expand,3.435255951938378,raw,***,+***
expand,spec_p_pack_decision,v2x_polyarchy_lag1,1.192878002378984,0.0039792129094252,expand_vs_mixed,-3.435255951938378,reversed,***,-***
expand,spec_p_pack_decision,v2jureview_lag1,0.3159989639204132,0.0201301281774562,contract_vs_expand,-0.7343542723314782,raw,**,-**
expand,spec_p_pack_decision,v2jureview_lag1,0.3159989639204132,0.0201301281774562,expand_vs_contract,0.7343542723314782,reversed,**,+**
expand,spec_p_pack_decision,v2jureview_lag1,0.3521594971822191,0.409188869076867,mixed_vs_expand,-0.2906449407249581,raw,,0
expand,spec_p_pack_decision,v2jureview_lag1,0.3521594971822191,0.409188869076867,expand_vs_mixed,0.2906449407249581,reversed,,0
expand,spec_p_pack_decision,legal_common,0.3411474991351397,6.263696709948602e-06,contract_vs_expand,1.5410611812559896,raw,***,+***
expand,spec_p_pack_decision,legal_common,0.3411474991351397,6.263696709948602e-06,expand_vs_contract,-1.5410611812559896,reversed,***,-***
expand,spec_p_pack_decision,legal_common,0.3823950024273831,0.023870962279361,mixed_vs_expand,0.8639066944981634,raw,**,+**
expand,spec_p_pack_decision,legal_common,0.3823950024273831,0.023870962279361,expand_vs_mixed,-0.8639066944981634,reversed,**,-**
expand,spec_p_pack_decision,legal_civil,0.3113742927477805,0.8249048270066298,contract_vs_expand,0.0688887438012808,raw,,0
expand,spec_p_pack_decision,legal_civil,0.3113742927477805,0.8249048270066298,expand_vs_contract,-0.0688887438012808,reversed,,0
expand,spec_p_pack_decision,legal_civil,0.2988714353687764,0.8586321950401878,mixed_vs_expand,0.0532336634579748,raw,,0
expand,spec_p_pack_decision,legal_civil,0.2988714353687764,0.8586321950401878,expand_vs_mixed,-0.0532336634579748,reversed,,0
expand,spec_p_pack_decision,high_court,0.2496665205564856,0.1023195914054843,contract_vs_expand,-0.4078828888391944,raw,,0
expand,spec_p_pack_decision,high_court,0.2496665205564856,0.1023195914054843,expand_vs_contract,0.4078828888391944,reversed,,0
expand,spec_p_pack_decision,high_court,0.1453244621589286,0.6875879786025582,mixed_vs_expand,0.0584394003563614,raw,,0
expand,spec_p_pack_decision,high_court,0.1453244621589286,0.6875879786025582,expand_vs_mixed,-0.0584394003563614,reversed,,0
expand,spec_p_pack_decision,j_ind_lag1,0.2499688848650882,0.5573718469887958,contract_vs_expand,-0.1466691593950654,raw,,0
expand,spec_p_pack_decision,j_ind_lag1,0.2499688848650882,0.5573718469887958,expand_vs_contract,0.1466691593950654,reversed,,0
expand,spec_p_pack_decision,j_ind_lag1,0.1775741848053464,0.0295585519787163,mixed_vs_expand,-0.386393610050713,raw,**,-**
expand,spec_p_pack_decision,j_ind_lag1,0.1775741848053464,0.0295585519787163,expand_vs_mixed,0.386393610050713,reversed,**,+**
expand,spec_govprot_pack_decision,wdj_govprot_lag1,0.2453358407460359,0.5305294221687942,contract_vs_expand,0.1538741605851996,raw,,0
expand,spec_govprot_pack_decision,wdj_govprot_lag1,0.2453358407460359,0.5305294221687942,expand_vs_contract,-0.1538741605851996,reversed,,0
expand,spec_govprot_pack_decision,wdj_govprot_lag1,0.1794163195411614,0.7045224610679157,mixed_vs_expand,-0.0680387495943251,raw,,0
expand,spec_govprot_pack_decision,wdj_govprot_lag1,0.1794163195411614,0.7045224610679157,expand_vs_mixed,0.0680387495943251,reversed,,0
expand,spec_govprot_pack_decision,v2jupack_lag1,0.1666692782667248,0.1618449597775051,contract_vs_expand,0.2331525490560805,raw,,0
expand,spec_govprot_pack_decision,v2jupack_lag1,0.1666692782667248,0.1618449597775051,expand_vs_contract,-0.2331525490560805,reversed,,0
expand,spec_govprot_pack_decision,v2jupack_lag1,0.2283606076179549,0.1938593297984656,mixed_vs_expand,-0.2966967323954879,raw,,0
expand,spec_govprot_pack_decision,v2jupack_lag1,0.2283606076179549,0.1938593297984656,expand_vs_mixed,0.2966967323954879,reversed,,0
expand,spec_govprot_pack_decision,v2x_polyarchy_lag1,1.1409749463419323,0.0025262707105577,contract_vs_expand,-3.4459461981614368,raw,***,-***
expand,spec_govprot_pack_decision,v2x_polyarchy_lag1,1.1409749463419323,0.0025262707105577,expand_vs_contract,3.4459461981614368,reversed,***,+***
expand,spec_govprot_pack_decision,v2x_polyarchy_lag1,1.3209723345227795,0.0116926826579075,mixed_vs_expand,3.330548842108512,raw,**,+**
expand,spec_govprot_pack_decision,v2x_polyarchy_lag1,1.3209723345227795,0.0116926826579075,expand_vs_mixed,-3.330548842108512,reversed,**,-**
expand,spec_govprot_pack_decision,v2jureview_lag1,0.3171824608232471,0.0239405686986393,contract_vs_expand,-0.7162238982724521,raw,**,-**
expand,spec_govprot_pack_decision,v2jureview_lag1,0.3171824608232471,0.0239405686986393,expand_vs_contract,0.7162238982724521,reversed,**,+**
expand,spec_govprot_pack_decision,v2jureview_lag1,0.3521284193347795,0.4290220601342397,mixed_vs_expand,-0.2784864733289294,raw,,0
expand,spec_govprot_pack_decision,v2jureview_lag1,0.3521284193347795,0.4290220601342397,expand_vs_mixed,0.2784864733289294,reversed,,0
expand,spec_govprot_pack_decision,legal_common,0.3460594725297694,5.5568568098519074e-05,contract_vs_expand,1.3949239758579235,raw,***,+***
expand,spec_govprot_pack_decision,legal_common,0.3460594725297694,5.5568568098519074e-05,expand_vs_contract,-1.3949239758579235,reversed,***,-***
expand,spec_govprot_pack_decision,legal_common,0.3876413557432634,0.0175141226745157,mixed_vs_expand,0.9209324282252562,raw,**,+**
expand,spec_govprot_pack_decision,legal_common,0.3876413557432634,0.0175141226745157,expand_vs_mixed,-0.9209324282252562,reversed,**,-**
expand,spec_govprot_pack_decision,legal_civil,0.3138560354839522,0.7140758297380404,contract_vs_expand,0.1149929770323972,raw,,0
expand,spec_govprot_pack_decision,legal_civil,0.3138560354839522,0.7140758297380404,expand_vs_contract,-0.1149929770323972,reversed,,0
expand,spec_govprot_pack_decision,legal_civil,0.2902784075061235,0.9472552700432536,mixed_vs_expand,-0.0192030592273199,raw,,0
expand,spec_govprot_pack_decision,legal_civil,0.2902784075061235,0.9472552700432536,expand_vs_mixed,0.0192030592273199,reversed,,0
expand,spec_govprot_pack_decision,high_court,0.2572137953717158,0.1437496665205264,contract_vs_expand,-0.3760386313518821,raw,,0
expand,spec_govprot_pack_decision,high_court,0.2572137953717158,0.1437496665205264,expand_vs_contract,0.3760386313518821,reversed,,0
expand,spec_govprot_pack_decision,high_court,0.1380598944867874,0.8065583822567494,mixed_vs_expand,0.0338064961622089,raw,,0
expand,spec_govprot_pack_decision,high_court,0.1380598944867874,0.8065583822567494,expand_vs_mixed,-0.0338064961622089,reversed,,0
expand,spec_govprot_pack_decision,j_ind_lag1,0.2779010446519087,0.5119811529198981,contract_vs_expand,-0.1822352679643036,raw,,0
expand,spec_govprot_pack_decision,j_ind_lag1,0.2779010446519087,0.5119811529198981,expand_vs_contract,0.1822352679643036,reversed,,0
expand,spec_govprot_pack_decision,j_ind_lag1,0.2000894853704698,0.074734638790681,mixed_vs_expand,-0.356577369730796,raw,*,-*
expand,spec_govprot_pack_decision,j_ind_lag1,0.2000894853704698,0.074734638790681,expand_vs_mixed,0.356577369730796,reversed,*,+*
expand,spec_c_attack_decision,wdj_citizen_lag1,0.3855737119480741,0.4776329010309872,contract_vs_expand,0.2738016293226838,raw,,0
expand,spec_c_attack_decision,wdj_citizen_lag1,0.3855737119480741,0.4776329010309872,expand_vs_contract,-0.2738016293226838,reversed,,0
expand,spec_c_attack_decision,wdj_citizen_lag1,0.3903325335204707,0.1448714372286015,mixed_vs_expand,-0.5690610876938272,raw,,0
expand,spec_c_attack_decision,wdj_citizen_lag1,0.3903325335204707,0.1448714372286015,expand_vs_mixed,0.5690610876938272,reversed,,0
expand,spec_c_attack_decision,v2jupoatck_lag1,0.1063351356829814,0.2467354530188178,contract_vs_expand,0.1231695981295906,raw,,0
expand,spec_c_attack_decision,v2jupoatck_lag1,0.1063351356829814,0.2467354530188178,expand_vs_contract,-0.1231695981295906,reversed,,0
expand,spec_c_attack_decision,v2jupoatck_lag1,0.0816664908092722,0.453353189248408,mixed_vs_expand,-0.061236514752133,raw,,0
expand,spec_c_attack_decision,v2jupoatck_lag1,0.0816664908092722,0.453353189248408,expand_vs_mixed,0.061236514752133,reversed,,0
expand,spec_c_attack_decision,v2x_polyarchy_lag1,1.0810196058036854,0.0041181337176055,contract_vs_expand,-3.1014107299109277,raw,***,-***
expand,spec_c_attack_decision,v2x_polyarchy_lag1,1.0810196058036854,0.0041181337176055,expand_vs_contract,3.1014107299109277,reversed,***,+***
expand,spec_c_attack_decision,v2x_polyarchy_lag1,0.9158094520218296,0.0050741651752767,mixed_vs_expand,2.566361266341606,raw,***,+***
expand,spec_c_attack_decision,v2x_polyarchy_lag1,0.9158094520218296,0.0050741651752767,expand_vs_mixed,-2.566361266341606,reversed,***,-***
expand,spec_c_attack_decision,v2jureview_lag1,0.3079535130260084,0.0463365637216269,contract_vs_expand,-0.6135402437699462,raw,**,-**
expand,spec_c_attack_decision,v2jureview_lag1,0.3079535130260084,0.0463365637216269,expand_vs_contract,0.6135402437699462,reversed,**,+**
expand,spec_c_attack_decision,v2jureview_lag1,0.3639678984982254,0.3149157903938029,mixed_vs_expand,-0.3657734216911499,raw,,0
expand,spec_c_attack_decision,v2jureview_lag1,0.3639678984982254,0.3149157903938029,expand_vs_mixed,0.3657734216911499,reversed,,0
expand,spec_c_attack_decision,legal_common,0.3547013502194793,4.059049166049956e-05,contract_vs_expand,1.4557271772217024,raw,***,+***
expand,spec_c_attack_decision,legal_common,0.3547013502194793,4.059049166049956e-05,expand_vs_contract,-1.4557271772217024,reversed,***,-***
expand,spec_c_attack_decision,legal_common,0.3780517003662262,0.0188737226142363,mixed_vs_expand,0.8876713511818497,raw,**,+**
expand,spec_c_attack_decision,legal_common,0.3780517003662262,0.0188737226142363,expand_vs_mixed,-0.8876713511818497,reversed,**,-**
expand,spec_c_attack_decision,legal_civil,0.3359618364753641,0.8357834757204086,contract_vs_expand,0.0696414893617394,raw,,0
expand,spec_c_attack_decision,legal_civil,0.3359618364753641,0.8357834757204086,expand_vs_contract,-0.0696414893617394,reversed,,0
expand,spec_c_attack_decision,legal_civil,0.2698042691639473,0.4128239069540753,mixed_vs_expand,0.2209519665810093,raw,,0
expand,spec_c_attack_decision,legal_civil,0.2698042691639473,0.4128239069540753,expand_vs_mixed,-0.2209519665810093,reversed,,0
expand,spec_c_attack_decision,high_court,0.2639711634922277,0.0634894201411772,contract_vs_expand,-0.4898640798360329,raw,*,-*
expand,spec_c_attack_decision,high_court,0.2639711634922277,0.0634894201411772,expand_vs_contract,0.4898640798360329,reversed,*,+*
expand,spec_c_attack_decision,high_court,0.1515147021059175,0.5252595437515823,mixed_vs_expand,0.0962510700850446,raw,,0
expand,spec_c_attack_decision,high_court,0.1515147021059175,0.5252595437515823,expand_vs_mixed,-0.0962510700850446,reversed,,0
expand,spec_c_attack_decision,j_ind_lag1,0.2530471800965131,0.529453014806856,contract_vs_expand,-0.1591264960430655,raw,,0
expand,spec_c_attack_decision,j_ind_lag1,0.2530471800965131,0.529453014806856,expand_vs_contract,0.1591264960430655,reversed,,0
expand,spec_c_attack_decision,j_ind_lag1,0.1788240820485015,0.0278519337204738,mixed_vs_expand,-0.3932995417865637,raw,**,-**
expand,spec_c_attack_decision,j_ind_lag1,0.1788240820485015,0.0278519337204738,expand_vs_mixed,0.3932995417865637,reversed,**,+**
expand,spec_im_attack_decision,wdj_intermediaries_lag1,0.6078642111379639,0.1892808845392893,contract_vs_expand,0.7979490717837937,raw,,0
expand,spec_im_attack_decision,wdj_intermediaries_lag1,0.6078642111379639,0.1892808845392893,expand_vs_contract,-0.7979490717837937,reversed,,0
expand,spec_im_attack_decision,wdj_intermediaries_lag1,0.5128654730002012,0.2166318202533184,mixed_vs_expand,0.6336627437939242,raw,,0
expand,spec_im_attack_decision,wdj_intermediaries_lag1,0.5128654730002012,0.2166318202533184,expand_vs_mixed,-0.6336627437939242,reversed,,0
expand,spec_im_attack_decision,v2jupoatck_lag1,0.103065978649899,0.2434300347987681,contract_vs_expand,0.1202219530620974,raw,,0
expand,spec_im_attack_decision,v2jupoatck_lag1,0.103065978649899,0.2434300347987681,expand_vs_contract,-0.1202219530620974,reversed,,0
expand,spec_im_attack_decision,v2jupoatck_lag1,0.0812612691313733,0.4798236195215976,mixed_vs_expand,-0.0574180976067401,raw,,0
expand,spec_im_attack_decision,v2jupoatck_lag1,0.0812612691313733,0.4798236195215976,expand_vs_mixed,0.0574180976067401,reversed,,0
expand,spec_im_attack_decision,v2x_polyarchy_lag1,1.0321240063729882,0.0021074223179438,contract_vs_expand,-3.1734310064458717,raw,***,-***
expand,spec_im_attack_decision,v2x_polyarchy_lag1,1.0321240063729882,0.0021074223179438,expand_vs_contract,3.1734310064458717,reversed,***,+***
expand,spec_im_attack_decision,v2x_polyarchy_lag1,0.9285099034553164,0.009870027648995,mixed_vs_expand,2.3958803608009065,raw,***,+***
expand,spec_im_attack_decision,v2x_polyarchy_lag1,0.9285099034553164,0.009870027648995,expand_vs_mixed,-2.3958803608009065,reversed,***,-***
expand,spec_im_attack_decision,v2jureview_lag1,0.3058551368871208,0.042051028849974,contract_vs_expand,-0.6218080167019331,raw,**,-**
expand,spec_im_attack_decision,v2jureview_lag1,0.3058551368871208,0.042051028849974,expand_vs_contract,0.6218080167019331,reversed,**,+**
expand,spec_im_attack_decision,v2jureview_lag1,0.3623059823861391,0.3203515709757041,mixed_vs_expand,-0.3600363789971276,raw,,0
expand,spec_im_attack_decision,v2jureview_lag1,0.3623059823861391,0.3203515709757041,expand_vs_mixed,0.3600363789971276,reversed,,0
expand,spec_im_attack_decision,legal_common,0.3584618490953288,2.2749916159103858e-05,contract_vs_expand,1.518457706950326,raw,***,+***
expand,spec_im_attack_decision,legal_common,0.3584618490953288,2.2749916159103858e-05,expand_vs_contract,-1.518457706950326,reversed,***,-***
expand,spec_im_attack_decision,legal_common,0.3864753923174108,0.0100908325259117,mixed_vs_expand,0.9942856513004814,raw,**,+**
expand,spec_im_attack_decision,legal_common,0.3864753923174108,0.0100908325259117,expand_vs_mixed,-0.9942856513004814,reversed,**,-**
expand,spec_im_attack_decision,legal_civil,0.3201026938069611,0.9434060901196568,contract_vs_expand,-0.0227239390601938,raw,,0
expand,spec_im_attack_decision,legal_civil,0.3201026938069611,0.9434060901196568,expand_vs_contract,0.0227239390601938,reversed,,0
expand,spec_im_attack_decision,legal_civil,0.3016863832121861,0.7741228171646802,mixed_vs_expand,-0.0865798561457531,raw,,0
expand,spec_im_attack_decision,legal_civil,0.3016863832121861,0.7741228171646802,expand_vs_mixed,0.0865798561457531,reversed,,0
expand,spec_im_attack_decision,high_court,0.2647999846188666,0.0692309866724506,contract_vs_expand,-0.4811175819562575,raw,*,-*
expand,spec_im_attack_decision,high_court,0.2647999846188666,0.0692309866724506,expand_vs_contract,0.4811175819562575,reversed,*,+*
expand,spec_im_attack_decision,high_court,0.154663792262488,0.5169812047220164,mixed_vs_expand,0.1002230330539276,raw,,0
expand,spec_im_attack_decision,high_court,0.154663792262488,0.5169812047220164,expand_vs_mixed,-0.1002230330539276,reversed,,0
expand,spec_im_attack_decision,j_ind_lag1,0.2463506838560228,0.5421889892023599,contract_vs_expand,-0.1501522599788255,raw,,0
expand,spec_im_attack_decision,j_ind_lag1,0.2463506838560228,0.5421889892023599,expand_vs_contract,0.1501522599788255,reversed,,0
expand,spec_im_attack_decision,j_ind_lag1,0.1753238817739522,0.0376595476768335,mixed_vs_expand,-0.3644178975633994,raw,**,-**
expand,spec_im_attack_decision,j_ind_lag1,0.1753238817739522,0.0376595476768335,expand_vs_mixed,0.3644178975633994,reversed,**,+**
expand,spec_p_attack_decision,wdj_press_lag1,0.4269961023257579,0.0552302987098883,contract_vs_expand,0.8185771843788746,raw,*,+*
expand,spec_p_attack_decision,wdj_press_lag1,0.4269961023257579,0.0552302987098883,expand_vs_contract,-0.8185771843788746,reversed,*,-*
expand,spec_p_attack_decision,wdj_press_lag1,0.3730710568125051,0.0604819136009423,mixed_vs_expand,-0.7003528809712745,raw,*,-*
expand,spec_p_attack_decision,wdj_press_lag1,0.3730710568125051,0.0604819136009423,expand_vs_mixed,0.7003528809712745,reversed,*,+*
expand,spec_p_attack_decision,v2jupoatck_lag1,0.1067508249530901,0.2869813784021749,contract_vs_expand,0.1136647564926863,raw,,0
expand,spec_p_attack_decision,v2jupoatck_lag1,0.1067508249530901,0.2869813784021749,expand_vs_contract,-0.1136647564926863,reversed,,0
expand,spec_p_attack_decision,v2jupoatck_lag1,0.0822268900786412,0.5156064015466753,mixed_vs_expand,-0.0534584036683718,raw,,0
expand,spec_p_attack_decision,v2jupoatck_lag1,0.0822268900786412,0.5156064015466753,expand_vs_mixed,0.0534584036683718,reversed,,0
expand,spec_p_attack_decision,v2x_polyarchy_lag1,1.0361936481954268,0.0016148823577843,contract_vs_expand,-3.2673312194340367,raw,***,-***
expand,spec_p_attack_decision,v2x_polyarchy_lag1,1.0361936481954268,0.0016148823577843,expand_vs_contract,3.2673312194340367,reversed,***,+***
expand,spec_p_attack_decision,v2x_polyarchy_lag1,0.8862210822619503,0.002744011881233,mixed_vs_expand,2.6542751415311097,raw,***,+***
expand,spec_p_attack_decision,v2x_polyarchy_lag1,0.8862210822619503,0.002744011881233,expand_vs_mixed,-2.6542751415311097,reversed,***,-***
expand,spec_p_attack_decision,v2jureview_lag1,0.3319644455195313,0.0452317314156769,contract_vs_expand,-0.6647564901375905,raw,**,-**
expand,spec_p_attack_decision,v2jureview_lag1,0.3319644455195313,0.0452317314156769,expand_vs_contract,0.6647564901375905,reversed,**,+**
expand,spec_p_attack_decision,v2jureview_lag1,0.3630172286263796,0.3349099669154687,mixed_vs_expand,-0.3500470652236812,raw,,0
expand,spec_p_attack_decision,v2jureview_lag1,0.3630172286263796,0.3349099669154687,expand_vs_mixed,0.3500470652236812,reversed,,0
expand,spec_p_attack_decision,legal_common,0.3351144392858981,3.99294260513769e-06,contract_vs_expand,1.5454638041304538,raw,***,+***
expand,spec_p_attack_decision,legal_common,0.3351144392858981,3.99294260513769e-06,expand_vs_contract,-1.5454638041304538,reversed,***,-***
expand,spec_p_attack_decision,legal_common,0.3758102713488659,0.0218940124173175,mixed_vs_expand,0.8614329069661874,raw,**,+**
expand,spec_p_attack_decision,legal_common,0.3758102713488659,0.0218940124173175,expand_vs_mixed,-0.8614329069661874,reversed,**,-**
expand,spec_p_attack_decision,legal_civil,0.3280046490041804,0.8964091307778026,contract_vs_expand,0.0427058171604161,raw,,0
expand,spec_p_attack_decision,legal_civil,0.3280046490041804,0.8964091307778026,expand_vs_contract,-0.0427058171604161,reversed,,0
expand,spec_p_attack_decision,legal_civil,0.276458194356962,0.5401783366047579,mixed_vs_expand,0.1693426240398168,raw,,0
expand,spec_p_attack_decision,legal_civil,0.276458194356962,0.5401783366047579,expand_vs_mixed,-0.1693426240398168,reversed,,0
expand,spec_p_attack_decision,high_court,0.2652260085946742,0.0620985599678305,contract_vs_expand,-0.4948033489144254,raw,*,-*
expand,spec_p_attack_decision,high_court,0.2652260085946742,0.0620985599678305,expand_vs_contract,0.4948033489144254,reversed,*,+*
expand,spec_p_attack_decision,high_court,0.1527877695884759,0.5165584050875884,mixed_vs_expand,0.0991072577258153,raw,,0
expand,spec_p_attack_decision,high_court,0.1527877695884759,0.5165584050875884,expand_vs_mixed,-0.0991072577258153,reversed,,0
expand,spec_p_attack_decision,j_ind_lag1,0.2498950557048553,0.5404017754909864,contract_vs_expand,-0.1529871379652019,raw,,0
expand,spec_p_attack_decision,j_ind_lag1,0.2498950557048553,0.5404017754909864,expand_vs_contract,0.1529871379652019,reversed,,0
expand,spec_p_attack_decision,j_ind_lag1,0.1737109531470715,0.0279971741133618,mixed_vs_expand,-0.3816995888252562,raw,**,-**
expand,spec_p_attack_decision,j_ind_lag1,0.1737109531470715,0.0279971741133618,expand_vs_mixed,0.3816995888252562,reversed,**,+**
expand,spec_govprot_attack_decision,wdj_govprot_lag1,0.2623680906112134,0.3032607784945903,contract_vs_expand,0.2700990121901476,raw,,0
expand,spec_govprot_attack_decision,wdj_govprot_lag1,0.2623680906112134,0.3032607784945903,expand_vs_contract,-0.2700990121901476,reversed,,0
expand,spec_govprot_attack_decision,wdj_govprot_lag1,0.2160339566693658,0.5577435296004072,mixed_vs_expand,-0.1266383312256445,raw,,0
expand,spec_govprot_attack_decision,wdj_govprot_lag1,0.2160339566693658,0.5577435296004072,expand_vs_mixed,0.1266383312256445,reversed,,0
expand,spec_govprot_attack_decision,v2jupoatck_lag1,0.0987485406364241,0.1025234166773285,contract_vs_expand,0.1612308209328155,raw,,0
expand,spec_govprot_attack_decision,v2jupoatck_lag1,0.0987485406364241,0.1025234166773285,expand_vs_contract,-0.1612308209328155,reversed,,0
expand,spec_govprot_attack_decision,v2jupoatck_lag1,0.0930761778148688,0.3285309609603201,mixed_vs_expand,-0.0909426062111646,raw,,0
expand,spec_govprot_attack_decision,v2jupoatck_lag1,0.0930761778148688,0.3285309609603201,expand_vs_mixed,0.0909426062111646,reversed,,0
expand,spec_govprot_attack_decision,v2x_polyarchy_lag1,1.0228138863393792,0.0030218505996471,contract_vs_expand,-3.0331611237037297,raw,***,-***
expand,spec_govprot_attack_decision,v2x_polyarchy_lag1,1.0228138863393792,0.0030218505996471,expand_vs_contract,3.0331611237037297,reversed,***,+***
expand,spec_govprot_attack_decision,v2x_polyarchy_lag1,0.9357562246802512,0.0092411412516636,mixed_vs_expand,2.435775331619559,raw,***,+***
expand,spec_govprot_attack_decision,v2x_polyarchy_lag1,0.9357562246802512,0.0092411412516636,expand_vs_mixed,-2.435775331619559,reversed,***,-***
expand,spec_govprot_attack_decision,v2jureview_lag1,0.3299767871688083,0.0604451083603707,contract_vs_expand,-0.6195422359763728,raw,*,-*
expand,spec_govprot_attack_decision,v2jureview_lag1,0.3299767871688083,0.0604451083603707,expand_vs_contract,0.6195422359763728,reversed,*,+*
expand,spec_govprot_attack_decision,v2jureview_lag1,0.3539056219964988,0.3015345801511523,mixed_vs_expand,-0.3656369333459998,raw,,0
expand,spec_govprot_attack_decision,v2jureview_lag1,0.3539056219964988,0.3015345801511523,expand_vs_mixed,0.3656369333459998,reversed,,0
expand,spec_govprot_attack_decision,legal_common,0.3423988168550702,6.938113117302081e-05,contract_vs_expand,1.362198806354672,raw,***,+***
expand,spec_govprot_attack_decision,legal_common,0.3423988168550702,6.938113117302081e-05,expand_vs_contract,-1.362198806354672,reversed,***,-***
expand,spec_govprot_attack_decision,legal_common,0.3784486985737801,0.0125180491241711,mixed_vs_expand,0.9450597771157851,raw,**,+**
expand,spec_govprot_attack_decision,legal_common,0.3784486985737801,0.0125180491241711,expand_vs_mixed,-0.9450597771157851,reversed,**,-**
expand,spec_govprot_attack_decision,legal_civil,0.3186403267618731,0.8118554822496116,contract_vs_expand,0.0758469199357049,raw,,0
expand,spec_govprot_attack_decision,legal_civil,0.3186403267618731,0.8118554822496116,expand_vs_contract,-0.0758469199357049,reversed,,0
expand,spec_govprot_attack_decision,legal_civil,0.2772526908615852,0.7000205022597414,mixed_vs_expand,0.1068234629756622,raw,,0
expand,spec_govprot_attack_decision,legal_civil,0.2772526908615852,0.7000205022597414,expand_vs_mixed,-0.1068234629756622,reversed,,0
expand,spec_govprot_attack_decision,high_court,0.2615618812798897,0.0771538535402195,contract_vs_expand,-0.4622960497765465,raw,*,-*
expand,spec_govprot_attack_decision,high_court,0.2615618812798897,0.0771538535402195,expand_vs_contract,0.4622960497765465,reversed,*,+*
expand,spec_govprot_attack_decision,high_court,0.1459458021819361,0.576942555535654,mixed_vs_expand,0.0814167763948083,raw,,0
expand,spec_govprot_attack_decision,high_court,0.1459458021819361,0.576942555535654,expand_vs_mixed,-0.0814167763948083,reversed,,0
expand,spec_govprot_attack_decision,j_ind_lag1,0.2692005005225735,0.4582536166131803,contract_vs_expand,-0.1996728980490356,raw,,0
expand,spec_govprot_attack_decision,j_ind_lag1,0.2692005005225735,0.4582536166131803,expand_vs_contract,0.1996728980490356,reversed,,0
expand,spec_govprot_attack_decision,j_ind_lag1,0.1968364457246827,0.0821022625955669,mixed_vs_expand,-0.3422230695811777,raw,*,-*
expand,spec_govprot_attack_decision,j_ind_lag1,0.1968364457246827,0.0821022625955669,expand_vs_mixed,0.3422230695811777,reversed,*,+*
