spec,variable,contrast,coef_mean,coef_min,coef_max,std_err_mean,p_value_mean,n_versions,max_abs_diff,stars,coef_se
spec_base_1,v2jureform_lag1,contract_vs_expand,0.2119762932927631,0.2119762932927631,0.2119762932927631,0.15307163268538035,0.16610824330113994,2,0.0,,0.212 (0.153)
spec_base_1,v2jureform_lag1,contract_vs_mixed,0.02803425504472945,0.0280342550447294,0.0280342550447295,0.1796953527111565,0.8760252131511896,2,9.71445146547012e-17,,0.028 (0.180)
spec_base_1,v2jureform_lag1,expand_vs_mixed,-0.1839420382480336,-0.1839420382480336,-0.1839420382480336,0.1223337208182949,0.13268216798613613,2,0.0,,-0.184 (0.122)
spec_base_1,wdj_expression_lag1,contract_vs_expand,-0.1048224213986628,-0.1048224213986628,-0.1048224213986628,0.28097403088190864,0.7090978301079354,2,0.0,,-0.105 (0.281)
spec_base_1,wdj_expression_lag1,contract_vs_mixed,-0.17293970842768652,-0.1729397084276866,-0.1729397084276864,0.28862149767187245,0.5490448200002642,2,1.942890293094024e-16,,-0.173 (0.289)
spec_base_1,wdj_expression_lag1,expand_vs_mixed,-0.06811728702902345,-0.0681172870290237,-0.0681172870290232,0.18796995153146706,0.7170651574536564,2,4.996003610813204e-16,,-0.068 (0.188)
spec_base_2,v2jupoatck_lag1,contract_vs_expand,0.11900737195232655,0.1190073719523265,0.1190073719523266,0.1213137018649988,0.326598308856922,2,9.71445146547012e-17,,0.119 (0.121)
spec_base_2,v2jupoatck_lag1,contract_vs_mixed,-0.0215017620195012,-0.0215017620195013,-0.0215017620195011,0.14242066263672837,0.8799965309736941,2,2.0122792321330962e-16,,-0.022 (0.142)
spec_base_2,v2jupoatck_lag1,expand_vs_mixed,-0.14050913397182768,-0.1405091339718278,-0.1405091339718276,0.10459587665679329,0.1791578549594786,2,1.942890293094024e-16,,-0.141 (0.105)
spec_base_2,wdj_expression_lag1,contract_vs_expand,-0.04225865211483635,-0.0422586521148366,-0.0422586521148361,0.30859713964387536,0.8910798609894959,2,4.996003610813204e-16,,-0.042 (0.309)
spec_base_2,wdj_expression_lag1,contract_vs_mixed,-0.1831132473554367,-0.1831132473554372,-0.1831132473554362,0.3227688344560715,0.5704967235550451,2,9.992007221626409e-16,,-0.183 (0.323)
spec_base_2,wdj_expression_lag1,expand_vs_mixed,-0.1408545952406001,-0.1408545952406004,-0.1408545952405998,0.23718336680704882,0.5526032699230843,2,6.106226635438361e-16,,-0.141 (0.237)
spec_base_3,v2jupack_lag1,contract_vs_expand,-0.032215461324663755,-0.0322154613246639,-0.0322154613246636,0.16057505191580376,0.8409913625716801,2,2.983724378680108e-16,,-0.032 (0.161)
spec_base_3,v2jupack_lag1,contract_vs_mixed,-0.25596365193994297,-0.2559636519399431,-0.2559636519399429,0.19314970366168616,0.1851019676451201,2,1.6653345369377348e-16,,-0.256 (0.193)
spec_base_3,v2jupack_lag1,expand_vs_mixed,-0.2237481906152791,-0.2237481906152791,-0.2237481906152791,0.08770680666059574,0.0107385771699515,2,0.0,**,-0.224** (0.088)
spec_base_3,wdj_expression_lag1,contract_vs_expand,-0.0742993741781767,-0.0742993741781771,-0.0742993741781763,0.28703819125117186,0.795752218696143,2,8.049116928532385e-16,,-0.074 (0.287)
spec_base_3,wdj_expression_lag1,contract_vs_mixed,-0.06955182841739774,-0.0695518284173982,-0.0695518284173973,0.2870374095433271,0.8085405225865124,2,9.020562075079397e-16,,-0.070 (0.287)
spec_base_3,wdj_expression_lag1,expand_vs_mixed,0.0047475457607791,0.0047475457607787,0.0047475457607795,0.21416799448943497,0.9823144290829824,2,7.997075224253081e-16,,0.005 (0.214)
spec_c_attack,high_court,contract_vs_expand,-0.5534254653467274,-0.5534254653467275,-0.5534254653467272,0.27488408176138246,0.04408256449766805,2,3.3306690738754696e-16,**,-0.553** (0.275)
spec_c_attack,high_court,contract_vs_mixed,-0.5885631983408027,-0.5885631983408027,-0.5885631983408027,0.279329191293813,0.03511243097781405,2,0.0,**,-0.589** (0.279)
spec_c_attack,high_court,expand_vs_mixed,-0.0351377329940753,-0.0351377329940753,-0.0351377329940753,0.15236629814616498,0.8176150395579569,2,0.0,,-0.035 (0.152)
spec_c_attack,j_ind_lag1,contract_vs_expand,-0.14780703733588516,-0.1478070373358862,-0.1478070373358841,0.2711391091012797,0.5856616384864405,2,2.1094237467877974e-15,,-0.148 (0.271)
spec_c_attack,j_ind_lag1,contract_vs_mixed,0.24376764719429028,0.2437676471942876,0.243767647194293,0.24313588475106523,0.3160546717616931,2,5.412337245047638e-15,,0.244 (0.243)
spec_c_attack,j_ind_lag1,expand_vs_mixed,0.3915746845301755,0.3915746845301734,0.3915746845301777,0.189903351662651,0.0392107574402612,2,4.274358644806853e-15,**,0.392** (0.190)
spec_c_attack,legal_civil,contract_vs_expand,0.37993289983656425,0.3799328998365638,0.3799328998365647,0.3473897016936441,0.2740956887698658,2,8.881784197001252e-16,,0.380 (0.347)
spec_c_attack,legal_civil,contract_vs_mixed,0.060518766846928654,0.0605187668469275,0.0605187668469298,0.40463653635601926,0.8811091820007805,2,2.2967738821932926e-15,,0.061 (0.405)
spec_c_attack,legal_civil,expand_vs_mixed,-0.31941413298963517,-0.319414132989636,-0.3194141329896344,0.3228188825323499,0.32244152232429635,2,1.609823385706477e-15,,-0.319 (0.323)
spec_c_attack,legal_common,contract_vs_expand,1.8345995752637876,1.8345995752637865,1.8345995752637885,0.3452481047668501,1.0732797342430177e-07,2,1.9984014443252818e-15,***,1.835*** (0.345)
spec_c_attack,legal_common,contract_vs_mixed,0.7130685428991173,0.713068542899116,0.7130685428991186,0.4890898225575778,0.14485430498184987,2,2.55351295663786e-15,,0.713 (0.489)
spec_c_attack,legal_common,expand_vs_mixed,-1.1215310323646683,-1.1215310323646686,-1.121531032364668,0.3801802163820221,0.0031777556882909503,2,6.661338147750939e-16,***,-1.122*** (0.380)
spec_c_attack,v2jupoatck_lag1,contract_vs_expand,0.14971076434521347,0.1497107643452133,0.1497107643452136,0.12244326488603721,0.22144492672616461,2,3.0531133177191805e-16,,0.150 (0.122)
spec_c_attack,v2jupoatck_lag1,contract_vs_mixed,0.1814084548281844,0.1814084548281841,0.1814084548281847,0.1025035794206156,0.0767643333153902,2,6.106226635438361e-16,*,0.181* (0.103)
spec_c_attack,v2jupoatck_lag1,expand_vs_mixed,0.031697690482971,0.0316976904829706,0.0316976904829714,0.09491659766036009,0.7384149619192532,2,7.979727989493313e-16,,0.032 (0.095)
spec_c_attack,v2jureview_lag1,contract_vs_expand,-0.7588454541255953,-0.7588454541255973,-0.7588454541255935,0.3031682725635835,0.012312802227781,2,3.885780586188048e-15,**,-0.759** (0.303)
spec_c_attack,v2jureview_lag1,contract_vs_mixed,-0.2626860180796433,-0.2626860180796451,-0.2626860180796416,0.33602069029389436,0.43435828603808246,2,3.497202527569243e-15,,-0.263 (0.336)
spec_c_attack,v2jureview_lag1,expand_vs_mixed,0.4961594360459508,0.4961594360459507,0.4961594360459509,0.3631234270242329,0.17182417400671807,2,2.220446049250313e-16,,0.496 (0.363)
spec_c_attack,v2x_polyarchy_lag1,contract_vs_expand,-3.4444024752914135,-3.4444024752914166,-3.444402475291411,1.1663897908023135,0.00314655272772445,2,5.773159728050814e-15,***,-3.444*** (1.166)
spec_c_attack,v2x_polyarchy_lag1,contract_vs_mixed,-5.696540740162529,-5.696540740162546,-5.696540740162513,1.3155691125692872,1.490442546631958e-05,2,3.2862601528904634e-14,***,-5.697*** (1.316)
spec_c_attack,v2x_polyarchy_lag1,expand_vs_mixed,-2.2521382648711183,-2.252138264871132,-2.252138264871105,0.9113110919079622,0.0134616566031069,2,2.708944180085382e-14,**,-2.252** (0.911)
spec_c_attack,wdj_citizen_lag1,contract_vs_expand,0.3338270475092568,0.3338270475092568,0.3338270475092568,0.404553393510867,0.40927266408993,2,0.0,,0.334 (0.405)
spec_c_attack,wdj_citizen_lag1,contract_vs_mixed,0.9939966292271187,0.9939966292271186,0.993996629227119,0.6421097368262516,0.1216182633072711,2,3.3306690738754696e-16,,0.994 (0.642)
spec_c_attack,wdj_citizen_lag1,expand_vs_mixed,0.6601695817178617,0.6601695817178612,0.6601695817178621,0.424702373806235,0.1200821789057467,2,8.881784197001252e-16,,0.660 (0.425)
spec_c_attack_decision,high_court,contract_vs_expand,-0.4898640798360331,-0.4898640798360332,-0.4898640798360329,0.26397116349222816,0.06348942014117755,2,2.7755575615628914e-16,*,-0.490* (0.264)
spec_c_attack_decision,high_court,contract_vs_mixed,-0.5861151499210775,-0.5861151499210777,-0.5861151499210772,0.29894212557313904,0.0499221024288351,2,5.551115123125783e-16,**,-0.586** (0.299)
spec_c_attack_decision,high_court,expand_vs_mixed,-0.0962510700850443,-0.0962510700850446,-0.096251070085044,0.1515147021059175,0.5252595437515837,2,6.106226635438361e-16,,-0.096 (0.152)
spec_c_attack_decision,j_ind_lag1,contract_vs_expand,-0.15912649604306575,-0.159126496043066,-0.1591264960430655,0.2530471800965193,0.5294530148068655,2,4.996003610813204e-16,,-0.159 (0.253)
spec_c_attack_decision,j_ind_lag1,contract_vs_mixed,0.23417304574349934,0.2341730457434992,0.2341730457434995,0.2251649643833226,0.29833684116912074,2,3.0531133177191805e-16,,0.234 (0.225)
spec_c_attack_decision,j_ind_lag1,expand_vs_mixed,0.3932995417865647,0.3932995417865637,0.3932995417865657,0.17882408204849937,0.027851933720471553,2,1.9984014443252818e-15,**,0.393** (0.179)
spec_c_attack_decision,legal_civil,contract_vs_expand,0.06964148936173944,0.0696414893617394,0.0696414893617395,0.3359618364753634,0.8357834757204081,2,9.71445146547012e-17,,0.070 (0.336)
spec_c_attack_decision,legal_civil,contract_vs_mixed,-0.15131047721926955,-0.1513104772192698,-0.1513104772192693,0.38096442166631417,0.6912366104167756,2,4.996003610813204e-16,,-0.151 (0.381)
spec_c_attack_decision,legal_civil,expand_vs_mixed,-0.22095196658100913,-0.2209519665810093,-0.220951966581009,0.26980426916394806,0.412823906954077,2,3.0531133177191805e-16,,-0.221 (0.270)
spec_c_attack_decision,legal_common,contract_vs_expand,1.4557271772217022,1.455727177221702,1.4557271772217024,0.3547013502194813,4.0590491660503816e-05,2,4.440892098500626e-16,***,1.456*** (0.355)
spec_c_attack_decision,legal_common,contract_vs_mixed,0.5680558260398508,0.5680558260398505,0.5680558260398512,0.48844987704645243,0.2448389560482389,2,6.661338147750939e-16,,0.568 (0.488)
spec_c_attack_decision,legal_common,expand_vs_mixed,-0.8876713511818506,-0.8876713511818514,-0.8876713511818497,0.3780517003662292,0.01887372261423715,2,1.6653345369377348e-15,**,-0.888** (0.378)
spec_c_attack_decision,v2jupoatck_lag1,contract_vs_expand,0.12316959812959075,0.1231695981295906,0.1231695981295909,0.106335135682985,0.24673545301883304,2,3.0531133177191805e-16,,0.123 (0.106)
spec_c_attack_decision,v2jupoatck_lag1,contract_vs_mixed,0.1844061128817237,0.1844061128817235,0.1844061128817239,0.09843548893146664,0.061017280297061896,2,3.885780586188048e-16,*,0.184* (0.098)
spec_c_attack_decision,v2jupoatck_lag1,expand_vs_mixed,0.0612365147521329,0.0612365147521328,0.061236514752133,0.08166649080927185,0.45335318924840673,2,2.0122792321330962e-16,,0.061 (0.082)
spec_c_attack_decision,v2jureview_lag1,contract_vs_expand,-0.6135402437699456,-0.6135402437699462,-0.6135402437699451,0.3079535130260109,0.0463365637216289,2,1.1102230246251565e-15,**,-0.614** (0.308)
spec_c_attack_decision,v2jureview_lag1,contract_vs_mixed,-0.24776682207879497,-0.2477668220787959,-0.247766822078794,0.33304380944987494,0.4569087591926928,2,1.915134717478395e-15,,-0.248 (0.333)
spec_c_attack_decision,v2jureview_lag1,expand_vs_mixed,0.36577342169115024,0.3657734216911499,0.3657734216911505,0.3639678984982261,0.31491579039380346,2,6.106226635438361e-16,,0.366 (0.364)
spec_c_attack_decision,v2x_polyarchy_lag1,contract_vs_expand,-3.101410729910927,-3.1014107299109277,-3.1014107299109264,1.0810196058037334,0.0041181337176072,2,1.3322676295501878e-15,***,-3.101*** (1.081)
spec_c_attack_decision,v2x_polyarchy_lag1,contract_vs_mixed,-5.667771996252537,-5.66777199625254,-5.667771996252534,1.2909148431189406,1.1308613417049927e-05,2,6.217248937900877e-15,***,-5.668*** (1.291)
spec_c_attack_decision,v2x_polyarchy_lag1,expand_vs_mixed,-2.566361266341609,-2.566361266341611,-2.566361266341606,0.9158094520218357,0.0050741651752769495,2,4.884981308350689e-15,***,-2.566*** (0.916)
spec_c_attack_decision,wdj_citizen_lag1,contract_vs_expand,0.2738016293226838,0.2738016293226838,0.2738016293226838,0.3855737119480749,0.47763290103098804,2,0.0,,0.274 (0.386)
spec_c_attack_decision,wdj_citizen_lag1,contract_vs_mixed,0.8428627170165115,0.8428627170165112,0.8428627170165118,0.630451623219324,0.18124909711925968,2,6.661338147750939e-16,,0.843 (0.630)
spec_c_attack_decision,wdj_citizen_lag1,expand_vs_mixed,0.5690610876938276,0.5690610876938272,0.5690610876938279,0.39033253352047076,0.1448714372286013,2,6.661338147750939e-16,,0.569 (0.390)
spec_c_pack,high_court,contract_vs_expand,-0.44893433640828495,-0.4489343364082852,-0.4489343364082847,0.2586586081244904,0.08263016962303825,2,4.996003610813204e-16,*,-0.449* (0.259)
spec_c_pack,high_court,contract_vs_mixed,-0.44742188390908155,-0.4474218839090816,-0.4474218839090815,0.2662775222447197,0.0929020552543234,2,1.1102230246251565e-16,*,-0.447* (0.266)
spec_c_pack,high_court,expand_vs_mixed,0.0015124524992033502,0.0015124524992033,0.0015124524992034,0.1308167114832478,0.9907753711275065,2,9.996344030316351e-17,,0.002 (0.131)
spec_c_pack,j_ind_lag1,contract_vs_expand,-0.14360753617573815,-0.1436075361757409,-0.1436075361757354,0.27380839345754426,0.599943431745248,2,5.495603971894525e-15,,-0.144 (0.274)
spec_c_pack,j_ind_lag1,contract_vs_mixed,0.247599381387159,0.2475993813871572,0.2475993813871608,0.24827963789255225,0.31863826599643014,2,3.608224830031759e-15,,0.248 (0.248)
spec_c_pack,j_ind_lag1,expand_vs_mixed,0.391206917562897,0.3912069175628939,0.3912069175629001,0.1890892247365704,0.0385553621448716,2,6.217248937900877e-15,**,0.391** (0.189)
spec_c_pack,legal_civil,contract_vs_expand,0.41800333828874736,0.4180033382887451,0.4180033382887497,0.3443165533188227,0.2247443498206303,2,4.6074255521944e-15,,0.418 (0.344)
spec_c_pack,legal_civil,contract_vs_mixed,0.21259280637800998,0.2125928063780081,0.2125928063780119,0.42527841727972343,0.6171519074645817,2,3.802513859341161e-15,,0.213 (0.425)
spec_c_pack,legal_civil,expand_vs_mixed,-0.2054105319107375,-0.2054105319107408,-0.2054105319107342,0.3578241752746455,0.5659310089853288,2,6.6058269965196814e-15,,-0.205 (0.358)
spec_c_pack,legal_common,contract_vs_expand,1.865346273723542,1.86534627372354,1.865346273723544,0.36067749289321605,2.3186888202627993e-07,2,3.9968028886505635e-15,***,1.865*** (0.361)
spec_c_pack,legal_common,contract_vs_mixed,0.7387188503933965,0.7387188503933948,0.7387188503933981,0.4894647948778795,0.1312379817169389,2,3.3306690738754696e-15,,0.739 (0.489)
spec_c_pack,legal_common,expand_vs_mixed,-1.1266274233301448,-1.1266274233301488,-1.126627423330141,0.3854572370395064,0.00346861658384035,2,7.771561172376096e-15,***,-1.127*** (0.385)
spec_c_pack,v2jupack_lag1,contract_vs_expand,0.23525340604705142,0.23525340604705,0.2352534060470528,0.16163031578686335,0.145530066240847,2,2.8033131371785203e-15,,0.235 (0.162)
spec_c_pack,v2jupack_lag1,contract_vs_mixed,0.48768538249544857,0.4876853824954478,0.4876853824954493,0.24934491478925158,0.05048087467936465,2,1.4988010832439613e-15,*,0.488* (0.249)
spec_c_pack,v2jupack_lag1,expand_vs_mixed,0.25243197644839577,0.2524319764483939,0.2524319764483977,0.2215758604695534,0.2545957397846972,2,3.83026943495679e-15,,0.252 (0.222)
spec_c_pack,v2jureview_lag1,contract_vs_expand,-0.8678130060451881,-0.8678130060451898,-0.8678130060451862,0.3014818912573257,0.0039958228135994495,2,3.6637359812630166e-15,***,-0.868*** (0.301)
spec_c_pack,v2jureview_lag1,contract_vs_mixed,-0.4172666086102284,-0.4172666086102284,-0.4172666086102284,0.35579316495806995,0.240884603438123,2,0.0,,-0.417 (0.356)
spec_c_pack,v2jureview_lag1,expand_vs_mixed,0.45054639743496017,0.4505463974349574,0.450546397434963,0.35934097798538034,0.20990997502018854,2,5.6066262743570405e-15,,0.451 (0.359)
spec_c_pack,v2x_polyarchy_lag1,contract_vs_expand,-3.881589723965261,-3.881589723965282,-3.8815897239652406,1.2027618411302479,0.0012499471570911998,2,4.1300296516055823e-14,***,-3.882*** (1.203)
spec_c_pack,v2x_polyarchy_lag1,contract_vs_mixed,-7.000829603590899,-7.0008296035909146,-7.000829603590883,1.774877796746098,7.999972301600123e-05,2,3.197442310920451e-14,***,-7.001*** (1.775)
spec_c_pack,v2x_polyarchy_lag1,expand_vs_mixed,-3.119239879625629,-3.1192398796256606,-3.1192398796255976,1.2427554593223833,0.01207521604582825,2,6.306066779870889e-14,**,-3.119** (1.243)
spec_c_pack,wdj_citizen_lag1,contract_vs_expand,0.27160397579244877,0.2716039757924484,0.2716039757924491,0.4282966931015362,0.5259835016480275,2,7.216449660063518e-16,,0.272 (0.428)
spec_c_pack,wdj_citizen_lag1,contract_vs_mixed,0.8546583154292546,0.8546583154292539,0.8546583154292553,0.6345805385187357,0.17804199147958322,2,1.4432899320127035e-15,,0.855 (0.635)
spec_c_pack,wdj_citizen_lag1,expand_vs_mixed,0.583054339636806,0.583054339636806,0.583054339636806,0.41284367535303745,0.1578650563368883,2,0.0,,0.583 (0.413)
spec_c_pack_decision,high_court,contract_vs_expand,-0.3981142858379806,-0.3981142858379807,-0.3981142858379805,0.24797111976785624,0.1083867812084647,2,2.220446049250313e-16,,-0.398 (0.248)
spec_c_pack_decision,high_court,contract_vs_mixed,-0.4506148904731827,-0.4506148904731827,-0.4506148904731827,0.29654339456408363,0.12862209802485536,2,0.0,,-0.451 (0.297)
spec_c_pack_decision,high_court,expand_vs_mixed,-0.05250060463520215,-0.0525006046352022,-0.0525006046352021,0.1438661163169355,0.7151660318649868,2,1.0408340855860843e-16,,-0.053 (0.144)
spec_c_pack_decision,j_ind_lag1,contract_vs_expand,-0.15485650857950925,-0.15485650857951,-0.1548565085795085,0.2545227438098282,0.5429095211276467,2,1.4988010832439613e-15,,-0.155 (0.255)
spec_c_pack_decision,j_ind_lag1,contract_vs_mixed,0.24026493997775267,0.2402649399777525,0.2402649399777528,0.22998455742470436,0.2961614984230734,2,3.0531133177191805e-16,,0.240 (0.230)
spec_c_pack_decision,j_ind_lag1,expand_vs_mixed,0.39512144855726195,0.3951214485572611,0.3951214485572628,0.18277556951682034,0.0306347673976326,2,1.6653345369377348e-15,**,0.395** (0.183)
spec_c_pack_decision,legal_civil,contract_vs_expand,0.11016382814222304,0.1101638281422228,0.1101638281422233,0.3163701687262906,0.7276811212809637,2,4.996003610813204e-16,,0.110 (0.316)
spec_c_pack_decision,legal_civil,contract_vs_mixed,0.0021670088708716,0.0021670088708716,0.0021670088708716,0.40760704530492214,0.9957581332408044,2,0.0,,0.002 (0.408)
spec_c_pack_decision,legal_civil,expand_vs_mixed,-0.10799681927135155,-0.1079968192713519,-0.1079968192713512,0.2910007588142376,0.7105465743850155,2,6.938893903907228e-16,,-0.108 (0.291)
spec_c_pack_decision,legal_common,contract_vs_expand,1.4581458017534117,1.4581458017534106,1.4581458017534128,0.36357253395708433,6.0563373854916455e-05,2,2.220446049250313e-15,***,1.458*** (0.364)
spec_c_pack_decision,legal_common,contract_vs_mixed,0.5700692709049817,0.5700692709049813,0.570069270904982,0.4955629402629893,0.25000103878707375,2,7.771561172376096e-16,,0.570 (0.496)
spec_c_pack_decision,legal_common,expand_vs_mixed,-0.8880765308484307,-0.8880765308484316,-0.8880765308484299,0.3860174923193348,0.02141356396296745,2,1.7763568394002505e-15,**,-0.888** (0.386)
spec_c_pack_decision,v2jupack_lag1,contract_vs_expand,0.22037540786035992,0.2203754078603592,0.2203754078603606,0.17092938389129242,0.1973016320508646,2,1.4155343563970746e-15,,0.220 (0.171)
spec_c_pack_decision,v2jupack_lag1,contract_vs_mixed,0.4707470409144819,0.4707470409144813,0.4707470409144825,0.2578756647862208,0.0679285258178221,2,1.2212453270876722e-15,*,0.471* (0.258)
spec_c_pack_decision,v2jupack_lag1,expand_vs_mixed,0.250371633054122,0.2503716330541212,0.2503716330541228,0.23250024852368975,0.2815400952716067,2,1.609823385706477e-15,,0.250 (0.233)
spec_c_pack_decision,v2jureview_lag1,contract_vs_expand,-0.6948851839916137,-0.6948851839916144,-0.6948851839916129,0.2947438383587366,0.01839398615985175,2,1.4432899320127035e-15,**,-0.695** (0.295)
spec_c_pack_decision,v2jureview_lag1,contract_vs_mixed,-0.39649920767117613,-0.3964992076711762,-0.3964992076711761,0.35114748625165826,0.25883333249401363,2,1.1102230246251565e-16,,-0.396 (0.351)
spec_c_pack_decision,v2jureview_lag1,expand_vs_mixed,0.29838597632043784,0.2983859763204367,0.298385976320439,0.35488799821313954,0.4004660697748553,2,2.3314683517128287e-15,,0.298 (0.355)
spec_c_pack_decision,v2x_polyarchy_lag1,contract_vs_expand,-3.5286131372993426,-3.528613137299349,-3.528613137299337,1.1108328560411485,0.0014903947038173,2,1.199040866595169e-14,***,-3.529*** (1.111)
spec_c_pack_decision,v2x_polyarchy_lag1,contract_vs_mixed,-6.84472487306506,-6.844724873065064,-6.844724873065056,1.7700152875844501,0.0001101630997204,2,7.993605777301127e-15,***,-6.845*** (1.770)
spec_c_pack_decision,v2x_polyarchy_lag1,expand_vs_mixed,-3.316111735765717,-3.316111735765725,-3.3161117357657086,1.2744095450039534,0.0092661051425671,2,1.6431300764452317e-14,***,-3.316*** (1.274)
spec_c_pack_decision,wdj_citizen_lag1,contract_vs_expand,0.2234925877334186,0.2234925877334184,0.2234925877334188,0.3999764203685485,0.5763225160355627,2,3.885780586188048e-16,,0.223 (0.400)
spec_c_pack_decision,wdj_citizen_lag1,contract_vs_mixed,0.7271011641823941,0.7271011641823938,0.7271011641823943,0.6197274609751949,0.24069173661182025,2,5.551115123125783e-16,,0.727 (0.620)
spec_c_pack_decision,wdj_citizen_lag1,expand_vs_mixed,0.503608576448975,0.5036085764489748,0.5036085764489752,0.365168565255371,0.1678600336869399,2,3.3306690738754696e-16,,0.504 (0.365)
spec_c_reform,high_court,contract_vs_expand,-0.4309835902825645,-0.4309835902825646,-0.4309835902825644,0.2617556666026354,0.0996585926178213,2,2.220446049250313e-16,*,-0.431* (0.262)
spec_c_reform,high_court,contract_vs_mixed,-0.478566224351009,-0.4785662243510091,-0.4785662243510089,0.28586312147862303,0.09410904188710059,2,2.220446049250313e-16,*,-0.479* (0.286)
spec_c_reform,high_court,expand_vs_mixed,-0.04758263406844475,-0.0475826340684448,-0.0475826340684447,0.14113339913999115,0.7360064519145172,2,9.71445146547012e-17,,-0.048 (0.141)
spec_c_reform,j_ind_lag1,contract_vs_expand,-0.23292413721942457,-0.2329241372194255,-0.2329241372194236,0.2573555170157238,0.3654295815274218,2,1.915134717478395e-15,,-0.233 (0.257)
spec_c_reform,j_ind_lag1,contract_vs_mixed,0.17896914571343625,0.1789691457134348,0.1789691457134377,0.2399149679821474,0.45568609900961815,2,2.886579864025407e-15,,0.179 (0.240)
spec_c_reform,j_ind_lag1,expand_vs_mixed,0.4118932829328613,0.4118932829328606,0.411893282932862,0.1837584002584213,0.024994117935509798,2,1.3877787807814457e-15,**,0.412** (0.184)
spec_c_reform,legal_civil,contract_vs_expand,0.6585345444481492,0.6585345444481482,0.6585345444481503,0.3587577844026192,0.06641735063218965,2,2.1094237467877974e-15,*,0.659* (0.359)
spec_c_reform,legal_civil,contract_vs_mixed,0.1498633790483309,0.1498633790483307,0.1498633790483311,0.444334990083456,0.735909102967927,2,4.163336342344337e-16,,0.150 (0.444)
spec_c_reform,legal_civil,expand_vs_mixed,-0.5086711653998178,-0.5086711653998179,-0.5086711653998177,0.30953013523534584,0.1003073204005301,2,2.220446049250313e-16,,-0.509 (0.310)
spec_c_reform,legal_common,contract_vs_expand,2.2392033149459607,2.23920331494596,2.239203314945961,0.360358618028293,5.171201186266682e-10,2,1.3322676295501878e-15,***,2.239*** (0.360)
spec_c_reform,legal_common,contract_vs_mixed,0.9518746979790254,0.9518746979790244,0.9518746979790264,0.5218581026504319,0.06815047349078371,2,1.9984014443252818e-15,*,0.952* (0.522)
spec_c_reform,legal_common,expand_vs_mixed,-1.2873286169669336,-1.2873286169669345,-1.2873286169669325,0.4448637338885675,0.0038065970724787002,2,1.9984014443252818e-15,***,-1.287*** (0.445)
spec_c_reform,v2jureform_lag1,contract_vs_expand,0.32763694078795663,0.3276369407879561,0.3276369407879572,0.1231639777943779,0.00781015551399315,2,1.1102230246251565e-15,***,0.328*** (0.123)
spec_c_reform,v2jureform_lag1,contract_vs_mixed,0.1734224954535171,0.1734224954535169,0.1734224954535173,0.2330233423576193,0.4567385528043222,2,3.885780586188048e-16,,0.173 (0.233)
spec_c_reform,v2jureform_lag1,expand_vs_mixed,-0.1542144453344394,-0.1542144453344397,-0.1542144453344391,0.16698233406999563,0.3557271736589812,2,6.106226635438361e-16,,-0.154 (0.167)
spec_c_reform,v2jureview_lag1,contract_vs_expand,-0.7898151993639263,-0.7898151993639282,-0.7898151993639244,0.2996335245492783,0.00839052209174105,2,3.774758283725532e-15,***,-0.790*** (0.300)
spec_c_reform,v2jureview_lag1,contract_vs_mixed,-0.33088841003969166,-0.3308884100396943,-0.330888410039689,0.34139854159149385,0.33243818779169493,2,5.329070518200751e-15,,-0.331 (0.341)
spec_c_reform,v2jureview_lag1,expand_vs_mixed,0.45892678932423403,0.4589267893242313,0.4589267893242368,0.3589113750922217,0.20101566239371416,2,5.495603971894525e-15,,0.459 (0.359)
spec_c_reform,v2x_polyarchy_lag1,contract_vs_expand,-3.5736792222660276,-3.573679222266038,-3.5736792222660174,1.2298069966708258,0.0036621457139507,2,2.042810365310288e-14,***,-3.574*** (1.230)
spec_c_reform,v2x_polyarchy_lag1,contract_vs_mixed,-5.359902058755807,-5.359902058755812,-5.359902058755802,1.3409049476004178,6.408871611360802e-05,2,9.769962616701378e-15,***,-5.360*** (1.341)
spec_c_reform,v2x_polyarchy_lag1,expand_vs_mixed,-1.7862228364897839,-1.7862228364897854,-1.7862228364897823,0.7888218712939393,0.02354838735331975,2,3.1086244689504383e-15,**,-1.786** (0.789)
spec_c_reform,wdj_citizen_lag1,contract_vs_expand,0.2654875824841907,0.2654875824841903,0.2654875824841911,0.41498114915100787,0.5223298281594021,2,7.771561172376096e-16,,0.265 (0.415)
spec_c_reform,wdj_citizen_lag1,contract_vs_mixed,0.9453468471866078,0.9453468471866076,0.945346847186608,0.6425469799167703,0.14122368680195502,2,4.440892098500626e-16,,0.945 (0.643)
spec_c_reform,wdj_citizen_lag1,expand_vs_mixed,0.6798592647024169,0.6798592647024169,0.6798592647024169,0.41373806939097424,0.10033912581031115,2,0.0,,0.680 (0.414)
spec_c_reform_decision,high_court,contract_vs_expand,-0.3761167882240013,-0.3761167882240014,-0.3761167882240012,0.24709169166760145,0.12796524514478635,2,2.220446049250313e-16,,-0.376 (0.247)
spec_c_reform_decision,high_court,contract_vs_mixed,-0.4835733337443626,-0.4835733337443627,-0.4835733337443626,0.3132828776007754,0.12269309268382206,2,5.551115123125783e-17,,-0.484 (0.313)
spec_c_reform_decision,high_court,expand_vs_mixed,-0.1074565455203612,-0.1074565455203614,-0.107456545520361,0.1565315340074131,0.4924073386049963,2,3.885780586188048e-16,,-0.107 (0.157)
spec_c_reform_decision,j_ind_lag1,contract_vs_expand,-0.2376029213164145,-0.2376029213164148,-0.2376029213164142,0.24628156223726466,0.3346643814276016,2,6.106226635438361e-16,,-0.238 (0.246)
spec_c_reform_decision,j_ind_lag1,contract_vs_mixed,0.182975405784562,0.1829754057845609,0.1829754057845631,0.2325042882262394,0.4312956360569362,2,2.192690473634684e-15,,0.183 (0.233)
spec_c_reform_decision,j_ind_lag1,expand_vs_mixed,0.42057832710097687,0.4205783271009751,0.4205783271009787,0.17525040534033626,0.0164008603529464,2,3.608224830031759e-15,**,0.421** (0.175)
spec_c_reform_decision,legal_civil,contract_vs_expand,0.35029237408651975,0.3502923740865191,0.3502923740865204,0.3368990955350445,0.29845394069442244,2,1.3322676295501878e-15,,0.350 (0.337)
spec_c_reform_decision,legal_civil,contract_vs_mixed,-0.1035026190574628,-0.1035026190574635,-0.1035026190574621,0.4433849922767473,0.8154218105643362,2,1.4016565685892601e-15,,-0.104 (0.443)
spec_c_reform_decision,legal_civil,expand_vs_mixed,-0.4537949931439818,-0.4537949931439838,-0.4537949931439798,0.2911639073215653,0.11910171676616765,2,3.9968028886505635e-15,,-0.454 (0.291)
spec_c_reform_decision,legal_common,contract_vs_expand,1.811721179940077,1.811721179940076,1.811721179940078,0.3736605227692412,1.2435133047832033e-06,2,1.9984014443252818e-15,***,1.812*** (0.374)
spec_c_reform_decision,legal_common,contract_vs_mixed,0.7467743684099861,0.7467743684099858,0.7467743684099863,0.5175753545451878,0.14906775643288167,2,5.551115123125783e-16,,0.747 (0.518)
spec_c_reform_decision,legal_common,expand_vs_mixed,-1.06494681153009,-1.064946811530092,-1.064946811530088,0.4342721158303575,0.01419632506998875,2,3.9968028886505635e-15,**,-1.065** (0.434)
spec_c_reform_decision,v2jureform_lag1,contract_vs_expand,0.31940088565261426,0.319400885652614,0.3194008856526146,0.12448650585259516,0.0102953875317328,2,6.106226635438361e-16,**,0.319** (0.124)
spec_c_reform_decision,v2jureform_lag1,contract_vs_mixed,0.12792707361797995,0.1279270736179798,0.1279270736179801,0.24957094052448464,0.6082395368585194,2,3.0531133177191805e-16,,0.128 (0.250)
spec_c_reform_decision,v2jureform_lag1,expand_vs_mixed,-0.19147381203463404,-0.1914738120346348,-0.1914738120346333,0.18560763323104246,0.30225707201688856,2,1.4988010832439613e-15,,-0.191 (0.186)
spec_c_reform_decision,v2jureview_lag1,contract_vs_expand,-0.6132989582567507,-0.613298958256751,-0.6132989582567506,0.29851290370647743,0.0399259638192589,2,3.3306690738754696e-16,**,-0.613** (0.299)
spec_c_reform_decision,v2jureview_lag1,contract_vs_mixed,-0.33649030055752827,-0.3364903005575289,-0.3364903005575277,0.34234114862131426,0.3256520776577444,2,1.1657341758564144e-15,,-0.336 (0.342)
spec_c_reform_decision,v2jureview_lag1,expand_vs_mixed,0.2768086576992219,0.2768086576992213,0.2768086576992226,0.35744007166805225,0.43868259680727417,2,1.27675647831893e-15,,0.277 (0.357)
spec_c_reform_decision,v2x_polyarchy_lag1,contract_vs_expand,-3.2679631010645203,-3.267963101064525,-3.267963101064516,1.1605981165599206,0.0048662349933319,2,9.325873406851315e-15,***,-3.268*** (1.161)
spec_c_reform_decision,v2x_polyarchy_lag1,contract_vs_mixed,-5.1990376010322565,-5.199037601032264,-5.199037601032249,1.292384142988917,5.750377752720098e-05,2,1.4210854715202004e-14,***,-5.199*** (1.292)
spec_c_reform_decision,v2x_polyarchy_lag1,expand_vs_mixed,-1.931074499967739,-1.9310744999677536,-1.9310744999677243,0.7907206472278143,0.01459925693039655,2,2.930988785010413e-14,**,-1.931** (0.791)
spec_c_reform_decision,wdj_citizen_lag1,contract_vs_expand,0.20887682949395675,0.2088768294939567,0.2088768294939568,0.3937329448488741,0.5957626643589635,2,1.1102230246251565e-16,,0.209 (0.394)
spec_c_reform_decision,wdj_citizen_lag1,contract_vs_mixed,0.7966292889894041,0.7966292889894039,0.7966292889894043,0.634536029447311,0.209314858755473,2,4.440892098500626e-16,,0.797 (0.635)
spec_c_reform_decision,wdj_citizen_lag1,expand_vs_mixed,0.5877524594954471,0.5877524594954467,0.5877524594954474,0.3823630997816211,0.12425464708314235,2,6.661338147750939e-16,,0.588 (0.382)
spec_extended_1,high_court,contract_vs_expand,-0.4180729147978576,-0.4180729147978578,-0.4180729147978574,0.27876705294272514,0.1336865849296905,2,3.885780586188048e-16,,-0.418 (0.279)
spec_extended_1,high_court,contract_vs_mixed,-0.4564806914882956,-0.4564806914882958,-0.4564806914882955,0.2745915079614214,0.09643276773404255,2,2.7755575615628914e-16,*,-0.456* (0.275)
spec_extended_1,high_court,expand_vs_mixed,-0.03840777669043805,-0.0384077766904381,-0.038407776690438,0.1455055756448147,0.7918100795916981,2,9.71445146547012e-17,,-0.038 (0.146)
spec_extended_1,j_ind_lag1,contract_vs_expand,-0.24838634229563394,-0.2483863422956348,-0.2483863422956331,0.26457336771543527,0.34782399694504895,2,1.6930901125533637e-15,,-0.248 (0.265)
spec_extended_1,j_ind_lag1,contract_vs_mixed,0.13815044262055737,0.1381504426205568,0.1381504426205579,0.2668305857740316,0.6046355666207062,2,1.0824674490095276e-15,,0.138 (0.267)
spec_extended_1,j_ind_lag1,expand_vs_mixed,0.386536784916194,0.3865367849161935,0.3865367849161945,0.20373647221048805,0.05779639907275095,2,9.992007221626409e-16,*,0.387* (0.204)
spec_extended_1,legal_civil,contract_vs_expand,0.6711549970475733,0.6711549970475719,0.6711549970475748,0.3679223459699116,0.0681255164902325,2,2.886579864025407e-15,*,0.671* (0.368)
spec_extended_1,legal_civil,contract_vs_mixed,0.34946162245839174,0.3494616224583914,0.3494616224583921,0.48626460465268184,0.47234701069158536,2,6.661338147750939e-16,,0.349 (0.486)
spec_extended_1,legal_civil,expand_vs_mixed,-0.32169337458917835,-0.3216933745891792,-0.3216933745891775,0.3750856960771498,0.39108409683265544,2,1.6653345369377348e-15,,-0.322 (0.375)
spec_extended_1,legal_common,contract_vs_expand,2.190248000733215,2.190248000733213,2.190248000733217,0.34919151867256537,3.556614040146714e-10,2,3.9968028886505635e-15,***,2.190*** (0.349)
spec_extended_1,legal_common,contract_vs_mixed,0.8534641573592552,0.8534641573592546,0.8534641573592558,0.5399293379294535,0.11394755807039944,2,1.2212453270876722e-15,,0.853 (0.540)
spec_extended_1,legal_common,expand_vs_mixed,-1.3367838433739565,-1.336783843373958,-1.336783843373955,0.45886204875136727,0.00357678179536645,2,3.1086244689504383e-15,***,-1.337*** (0.459)
spec_extended_1,v2jureform_lag1,contract_vs_expand,0.3347437869690963,0.3347437869690959,0.3347437869690967,0.1238966973496688,0.0068965751594739,2,7.771561172376096e-16,***,0.335*** (0.124)
spec_extended_1,v2jureform_lag1,contract_vs_mixed,0.18396690450617065,0.1839669045061706,0.1839669045061707,0.25039709909867913,0.46252184130261614,2,1.1102230246251565e-16,,0.184 (0.250)
spec_extended_1,v2jureform_lag1,expand_vs_mixed,-0.15077688246292476,-0.1507768824629248,-0.1507768824629247,0.18329967339435388,0.41075234696327095,2,1.1102230246251565e-16,,-0.151 (0.183)
spec_extended_1,v2jureview_lag1,contract_vs_expand,-0.829898362495694,-0.8298983624956945,-0.8298983624956936,0.3226043928899003,0.01009682563111145,2,8.881784197001252e-16,**,-0.830** (0.323)
spec_extended_1,v2jureview_lag1,contract_vs_mixed,-0.38229031537019925,-0.3822903153701999,-0.3822903153701986,0.37322169774998465,0.3056944451461025,2,1.3322676295501878e-15,,-0.382 (0.373)
spec_extended_1,v2jureview_lag1,expand_vs_mixed,0.44760804712549346,0.4476080471254919,0.447608047125495,0.357315931122487,0.21031655638293267,2,3.1086244689504383e-15,,0.448 (0.357)
spec_extended_1,v2x_polyarchy_lag1,contract_vs_expand,-3.4870241754507845,-3.4870241754507907,-3.487024175450778,1.215331802806503,0.0041151774517176,2,1.2878587085651816e-14,***,-3.487*** (1.215)
spec_extended_1,v2x_polyarchy_lag1,contract_vs_mixed,-5.1820321764770885,-5.182032176477089,-5.1820321764770885,1.4400213204782304,0.0003199592144693,2,8.881784197001252e-16,***,-5.182*** (1.440)
spec_extended_1,v2x_polyarchy_lag1,expand_vs_mixed,-1.6950080010263253,-1.6950080010263289,-1.6950080010263215,0.8727834800460817,0.0521284342211806,2,7.327471962526033e-15,*,-1.695* (0.873)
spec_extended_1,wdj_expression_lag1,contract_vs_expand,0.080589649593754,0.0805896495937538,0.0805896495937542,0.19619468399724085,0.6812458306483853,2,4.0245584642661925e-16,,0.081 (0.196)
spec_extended_1,wdj_expression_lag1,contract_vs_mixed,0.0928708184758103,0.0928708184758102,0.0928708184758104,0.2409587356037614,0.6999247220067595,2,1.942890293094024e-16,,0.093 (0.241)
spec_extended_1,wdj_expression_lag1,expand_vs_mixed,0.0122811688820558,0.0122811688820556,0.012281168882056,0.22223407977801551,0.9559294875436641,2,3.9898639947466563e-16,,0.012 (0.222)
spec_extended_1_spline,high_court,contract_vs_expand,-0.26907973714966493,-0.269079737149665,-0.2690797371496649,0.31649915836746545,0.39522768428392285,2,1.1102230246251565e-16,,-0.269 (0.316)
spec_extended_1_spline,high_court,contract_vs_mixed,-0.4806523735736386,-0.4806523735736387,-0.4806523735736385,0.27765866073016315,0.0834355578539514,2,2.220446049250313e-16,*,-0.481* (0.278)
spec_extended_1_spline,high_court,expand_vs_mixed,-0.21157263642397384,-0.2115726364239739,-0.2115726364239738,0.17542476846238014,0.22779470780316055,2,8.326672684688674e-17,,-0.212 (0.175)
spec_extended_1_spline,j_ind_lag1,contract_vs_expand,-0.3212825542072365,-0.3212825542072371,-0.3212825542072359,0.2675203553352278,0.2297648208707464,2,1.2212453270876722e-15,,-0.321 (0.268)
spec_extended_1_spline,j_ind_lag1,contract_vs_mixed,0.0398901546335031,0.0398901546335005,0.0398901546335057,0.28050813533374314,0.8869166879747876,2,5.204170427930421e-15,,0.040 (0.281)
spec_extended_1_spline,j_ind_lag1,expand_vs_mixed,0.36117270884073943,0.3611727088407359,0.361172708840743,0.1977757832029968,0.06782427284086134,2,7.105427357601002e-15,*,0.361* (0.198)
spec_extended_1_spline,legal_civil,contract_vs_expand,0.694952341639469,0.6949523416394682,0.6949523416394697,0.3606894689994433,0.0540128995751488,2,1.5543122344752192e-15,*,0.695* (0.361)
spec_extended_1_spline,legal_civil,contract_vs_mixed,0.2858330905301164,0.2858330905301155,0.2858330905301173,0.4497530120580682,0.5250805474536163,2,1.7763568394002505e-15,,0.286 (0.450)
spec_extended_1_spline,legal_civil,expand_vs_mixed,-0.4091192511093529,-0.4091192511093551,-0.4091192511093506,0.34525360872733657,0.2360246333301087,2,4.496403249731884e-15,,-0.409 (0.345)
spec_extended_1_spline,legal_common,contract_vs_expand,2.2005765739383794,2.200576573938376,2.2005765739383825,0.3749428598130024,4.381710896723583e-09,2,6.661338147750939e-15,***,2.201*** (0.375)
spec_extended_1_spline,legal_common,contract_vs_mixed,0.635514352867091,0.6355143528670896,0.6355143528670925,0.5137731738395527,0.21610374848889868,2,2.886579864025407e-15,,0.636 (0.514)
spec_extended_1_spline,legal_common,expand_vs_mixed,-1.5650622210712888,-1.5650622210712897,-1.565062221071288,0.42748721465254774,0.0002511604401454,2,1.7763568394002505e-15,***,-1.565*** (0.427)
spec_extended_1_spline,v2jureform_lag1,contract_vs_expand,0.3651950811949928,0.3651950811949923,0.3651950811949933,0.1185411890920692,0.0020648395425494,2,9.992007221626409e-16,***,0.365*** (0.119)
spec_extended_1_spline,v2jureform_lag1,contract_vs_mixed,0.15646635724013855,0.1564663572401381,0.156466357240139,0.23791914231184955,0.5107662097029566,2,8.881784197001252e-16,,0.156 (0.238)
spec_extended_1_spline,v2jureform_lag1,expand_vs_mixed,-0.20872872395485434,-0.2087287239548546,-0.2087287239548541,0.1798375835435346,0.2457837368310632,2,4.996003610813204e-16,,-0.209 (0.180)
spec_extended_1_spline,v2jureview_lag1,contract_vs_expand,-0.7836166889924175,-0.7836166889924188,-0.7836166889924163,0.3285597284105797,0.0170788759538314,2,2.4424906541753444e-15,**,-0.784** (0.329)
spec_extended_1_spline,v2jureview_lag1,contract_vs_mixed,-0.3690547721284786,-0.3690547721284798,-0.3690547721284773,0.36110923146470064,0.3067794094266304,2,2.4980018054066022e-15,,-0.369 (0.361)
spec_extended_1_spline,v2jureview_lag1,expand_vs_mixed,0.4145619168639392,0.4145619168639379,0.4145619168639405,0.34259870996284947,0.22625931784856315,2,2.609024107869118e-15,,0.415 (0.343)
spec_extended_1_spline,v2x_polyarchy_lag1,contract_vs_expand,-3.1733348855504193,-3.1733348855504206,-3.1733348855504184,1.233297213033934,0.01008067632858675,2,2.220446049250313e-15,**,-3.173** (1.233)
spec_extended_1_spline,v2x_polyarchy_lag1,contract_vs_mixed,-4.428064669789874,-4.428064669789881,-4.428064669789867,1.5333132577015238,0.00387815659547755,2,1.4210854715202004e-14,***,-4.428*** (1.533)
spec_extended_1_spline,v2x_polyarchy_lag1,expand_vs_mixed,-1.254729784239453,-1.254729784239471,-1.254729784239435,0.9734478735155654,0.19741398839321567,2,3.597122599785507e-14,,-1.255 (0.973)
spec_extended_1_spline,wdj_expression_lag1,contract_vs_expand,0.15453421046055235,0.1545342104605513,0.1545342104605534,0.2669298522364857,0.5626351146529911,2,2.1094237467877974e-15,,0.155 (0.267)
spec_extended_1_spline,wdj_expression_lag1,contract_vs_mixed,0.3795570984685666,0.3795570984685646,0.3795570984685686,0.4197346880587025,0.3658476882542522,2,3.9968028886505635e-15,,0.380 (0.420)
spec_extended_1_spline,wdj_expression_lag1,expand_vs_mixed,0.2250228880080141,0.2250228880080136,0.2250228880080146,0.29180381580670534,0.44062132636925766,2,9.992007221626409e-16,,0.225 (0.292)
spec_extended_1_spline_interact,high_court,contract_vs_expand,-0.22089164462717337,-0.2208916446271743,-0.2208916446271724,0.3186736057533751,0.48820944663281024,2,1.915134717478395e-15,,-0.221 (0.319)
spec_extended_1_spline_interact,high_court,contract_vs_mixed,-0.431081029511994,-0.4310810295120013,-0.4310810295119867,0.28085673158836666,0.1248136138425156,2,1.459943277382081e-14,,-0.431 (0.281)
spec_extended_1_spline_interact,high_court,expand_vs_mixed,-0.21018938488482203,-0.2101893848848232,-0.2101893848848209,0.17235531219182895,0.22264989459355775,2,2.3037127760972e-15,,-0.210 (0.172)
spec_extended_1_spline_interact,j_ind_lag1,contract_vs_expand,-0.35001863912503817,-0.3500186391250606,-0.3500186391250158,0.2715641138455943,0.19743329862144135,2,4.4797499043625066e-14,,-0.350 (0.272)
spec_extended_1_spline_interact,j_ind_lag1,contract_vs_mixed,0.05176688788916335,0.051766887889113,0.0517668878892137,0.27893259312429364,0.8527668924334546,2,1.006972283335017e-13,,0.052 (0.279)
spec_extended_1_spline_interact,j_ind_lag1,expand_vs_mixed,0.4017855270141749,0.4017855270141603,0.4017855270141895,0.20823301521884566,0.0536688652547622,2,2.919886554764162e-14,*,0.402* (0.208)
spec_extended_1_spline_interact,legal_civil,contract_vs_expand,0.7241027717386295,0.7241027717386053,0.7241027717386537,0.3644142898006897,0.0469188761628992,2,4.8405723873656825e-14,**,0.724** (0.364)
spec_extended_1_spline_interact,legal_civil,contract_vs_mixed,0.3321469066625265,0.3321469066624674,0.3321469066625856,0.44209475109458296,0.4524706046837908,2,1.1823875212257917e-13,,0.332 (0.442)
spec_extended_1_spline_interact,legal_civil,expand_vs_mixed,-0.39195586507606,-0.3919558650760858,-0.3919558650760342,0.38426051644350445,0.3077159479668161,2,5.162537064506978e-14,,-0.392 (0.384)
spec_extended_1_spline_interact,legal_common,contract_vs_expand,2.287600116546335,2.287600116546324,2.287600116546346,0.3883714583945468,3.856410550900683e-09,2,2.220446049250313e-14,***,2.288*** (0.388)
spec_extended_1_spline_interact,legal_common,contract_vs_mixed,0.6120593390293836,0.6120593390293257,0.6120593390294413,0.48958817377794306,0.2112442477984119,2,1.155742168634788e-13,,0.612 (0.490)
spec_extended_1_spline_interact,legal_common,expand_vs_mixed,-1.6755407775169107,-1.6755407775169306,-1.675540777516891,0.4337835361939054,0.00011217762703195,2,3.9745984281580604e-14,***,-1.676*** (0.434)
spec_extended_1_spline_interact,v2jureform_lag1,contract_vs_expand,0.40665689130272,0.4066568913027084,0.4066568913027316,0.12809335278917344,0.001499958266963,2,2.3203661214665772e-14,***,0.407*** (0.128)
spec_extended_1_spline_interact,v2jureform_lag1,contract_vs_mixed,0.20486993692471683,0.2048699369246862,0.2048699369247475,0.2332386179080137,0.3797426520226453,2,6.131206653492427e-14,,0.205 (0.233)
spec_extended_1_spline_interact,v2jureform_lag1,expand_vs_mixed,-0.201786954377982,-0.2017869543779952,-0.2017869543779688,0.18030475337328017,0.2630787788305661,2,2.6395552410463097e-14,,-0.202 (0.180)
spec_extended_1_spline_interact,v2jureview_lag1,contract_vs_expand,-0.8224284578852534,-0.822428457885262,-0.822428457885245,0.3153570702048247,0.0091092176119861,2,1.6986412276764895e-14,***,-0.822*** (0.315)
spec_extended_1_spline_interact,v2jureview_lag1,contract_vs_mixed,-0.2744822616270983,-0.2744822616271168,-0.2744822616270798,0.363216989499747,0.4498304335594461,2,3.702593787124897e-14,,-0.274 (0.363)
spec_extended_1_spline_interact,v2jureview_lag1,expand_vs_mixed,0.5479461962581695,0.5479461962581504,0.5479461962581886,0.34572581794911483,0.11298554181861215,2,3.8191672047105385e-14,,0.548 (0.346)
spec_extended_1_spline_interact,v2x_polyarchy_lag1,contract_vs_expand,154.3711450459549,154.37114504582587,154.3711450460839,102.98758236366169,0.13389187276340195,2,2.58040699918638e-10,,154.371 (102.988)
spec_extended_1_spline_interact,v2x_polyarchy_lag1,contract_vs_mixed,181.40385875120882,181.40385875094145,181.4038587514762,166.6334716015353,0.27631268021278105,2,5.347544629330514e-10,,181.404 (166.633)
spec_extended_1_spline_interact,v2x_polyarchy_lag1,expand_vs_mixed,27.03271370510719,27.032713705019205,27.032713705195174,95.06784784274416,0.7761407926162092,2,1.759694612246676e-10,,27.033 (95.068)
spec_extended_1_spline_interact,wdj_expression_lag1,contract_vs_expand,0.1256648771704714,0.1256648771703674,0.1256648771705754,0.36694258310454175,0.732001214173583,2,2.0800028366352308e-13,,0.126 (0.367)
spec_extended_1_spline_interact,wdj_expression_lag1,contract_vs_mixed,0.516647272090794,0.5166472720905633,0.5166472720910246,0.5072209398235261,0.30840037389376407,2,4.612976667317525e-13,,0.517 (0.507)
spec_extended_1_spline_interact,wdj_expression_lag1,expand_vs_mixed,0.3909823949201887,0.3909823949201088,0.3909823949202687,0.3047759234433531,0.1995439413361271,2,1.599276266972538e-13,,0.391 (0.305)
spec_extended_2,high_court,contract_vs_expand,-0.5132355165118863,-0.5132355165118864,-0.5132355165118861,0.28199571523546724,0.0687572148237661,2,2.220446049250313e-16,*,-0.513* (0.282)
spec_extended_2,high_court,contract_vs_mixed,-0.5374338034320999,-0.5374338034321005,-0.5374338034320993,0.27312480564019725,0.0490999847677687,2,1.1102230246251565e-15,**,-0.537** (0.273)
spec_extended_2,high_court,expand_vs_mixed,-0.024198286920213752,-0.0241982869202142,-0.0241982869202133,0.15672183358426284,0.8772921611782921,2,8.98586760555986e-16,,-0.024 (0.157)
spec_extended_2,j_ind_lag1,contract_vs_expand,-0.180695311327696,-0.1806953113276968,-0.1806953113276952,0.26789715577244233,0.499996617820364,2,1.609823385706477e-15,,-0.181 (0.268)
spec_extended_2,j_ind_lag1,contract_vs_mixed,0.17848843512689805,0.1784884351268973,0.1784884351268988,0.2525953108388334,0.47980379713712573,2,1.4988010832439613e-15,,0.178 (0.253)
spec_extended_2,j_ind_lag1,expand_vs_mixed,0.3591837464545948,0.3591837464545938,0.3591837464545958,0.20042466033020379,0.07311478126711635,2,1.9984014443252818e-15,*,0.359* (0.200)
spec_extended_2,legal_civil,contract_vs_expand,0.35198584988009934,0.3519858498800989,0.3519858498800998,0.3277137338152085,0.28279355219383584,2,8.881784197001252e-16,,0.352 (0.328)
spec_extended_2,legal_civil,contract_vs_mixed,0.1991011945788427,0.1991011945788415,0.1991011945788439,0.4264834681180246,0.6406115831405663,2,2.3869795029440866e-15,,0.199 (0.426)
spec_extended_2,legal_civil,expand_vs_mixed,-0.15288465530125617,-0.1528846553012576,-0.1528846553012547,0.3613764025880719,0.6722499623786102,2,2.914335439641036e-15,,-0.153 (0.361)
spec_extended_2,legal_common,contract_vs_expand,1.7123195049117066,1.712319504911705,1.712319504911708,0.32526050003256934,1.4060527010510944e-07,2,2.886579864025407e-15,***,1.712*** (0.325)
spec_extended_2,legal_common,contract_vs_mixed,0.5300304684169921,0.5300304684169892,0.5300304684169949,0.4765744930849673,0.26606631386523816,2,5.662137425588298e-15,,0.530 (0.477)
spec_extended_2,legal_common,expand_vs_mixed,-1.1822890364947138,-1.182289036494717,-1.1822890364947107,0.3901570224680927,0.0024431879003054997,2,6.217248937900877e-15,***,-1.182*** (0.390)
spec_extended_2,v2jupoatck_lag1,contract_vs_expand,0.19345994532121974,0.1934599453212193,0.1934599453212202,0.10173614576360565,0.05722540914941125,2,9.159339953157541e-16,*,0.193* (0.102)
spec_extended_2,v2jupoatck_lag1,contract_vs_mixed,0.23344917387982375,0.2334491738798235,0.233449173879824,0.127636069341759,0.06739631836915565,2,4.996003610813204e-16,*,0.233* (0.128)
spec_extended_2,v2jupoatck_lag1,expand_vs_mixed,0.039989228558604054,0.0399892285586039,0.0399892285586042,0.11158492334059925,0.7200628210215492,2,2.983724378680108e-16,,0.040 (0.112)
spec_extended_2,v2jureview_lag1,contract_vs_expand,-0.7729975942232898,-0.7729975942232921,-0.7729975942232876,0.32157036847358267,0.0162247170235026,2,4.440892098500626e-15,**,-0.773** (0.322)
spec_extended_2,v2jureview_lag1,contract_vs_mixed,-0.2842011759360463,-0.2842011759360477,-0.2842011759360449,0.3638650917046463,0.4347660630848621,2,2.831068712794149e-15,,-0.284 (0.364)
spec_extended_2,v2jureview_lag1,expand_vs_mixed,0.48879641828724363,0.4887964182872409,0.4887964182872464,0.3506782681848082,0.1633598789726925,2,5.495603971894525e-15,,0.489 (0.351)
spec_extended_2,v2x_polyarchy_lag1,contract_vs_expand,-3.3924595938373963,-3.392459593837403,-3.3924595938373896,1.1085991309945107,0.00221239514352915,2,1.3322676295501878e-14,***,-3.392*** (1.109)
spec_extended_2,v2x_polyarchy_lag1,contract_vs_mixed,-5.515180377852417,-5.515180377852426,-5.515180377852407,1.2979429438591605,2.145639261416456e-05,2,1.865174681370263e-14,***,-5.515*** (1.298)
spec_extended_2,v2x_polyarchy_lag1,expand_vs_mixed,-2.122720784015026,-2.1227207840150357,-2.122720784015016,0.913402671897242,0.0201270798796091,2,1.9539925233402755e-14,**,-2.123** (0.913)
spec_extended_2,wdj_expression_lag1,contract_vs_expand,0.2790170359281686,0.2790170359281681,0.2790170359281692,0.212486656018821,0.1891479728469555,2,1.0547118733938987e-15,,0.279 (0.212)
spec_extended_2,wdj_expression_lag1,contract_vs_mixed,0.31717164060204683,0.3171716406020458,0.3171716406020479,0.26395895220526977,0.22952065081915704,2,2.1094237467877974e-15,,0.317 (0.264)
spec_extended_2,wdj_expression_lag1,expand_vs_mixed,0.038154604673878004,0.0381546046738774,0.0381546046738786,0.2360141724192138,0.871571758389402,2,1.2004286453759505e-15,,0.038 (0.236)
spec_extended_2_spline,high_court,contract_vs_expand,-0.3632930970195367,-0.3632930970195369,-0.3632930970195366,0.3351921159374771,0.27843776521402924,2,2.7755575615628914e-16,,-0.363 (0.335)
spec_extended_2_spline,high_court,contract_vs_mixed,-0.5413704820717586,-0.5413704820717589,-0.5413704820717585,0.2991354006167837,0.07032927960884444,2,3.3306690738754696e-16,*,-0.541* (0.299)
spec_extended_2_spline,high_court,expand_vs_mixed,-0.17807738505222176,-0.1780773850522218,-0.1780773850522217,0.1736324961623755,0.30508044723268923,2,8.326672684688674e-17,,-0.178 (0.174)
spec_extended_2_spline,j_ind_lag1,contract_vs_expand,-0.22009534575188466,-0.2200953457518857,-0.2200953457518836,0.26382302832143467,0.4041380187898227,2,2.0816681711721685e-15,,-0.220 (0.264)
spec_extended_2_spline,j_ind_lag1,contract_vs_mixed,0.10675088956524385,0.1067508895652402,0.1067508895652475,0.26367555674849963,0.6855826423079843,2,7.299716386910404e-15,,0.107 (0.264)
spec_extended_2_spline,j_ind_lag1,expand_vs_mixed,0.32684623531712786,0.3268462353171262,0.3268462353171295,0.20333667836246672,0.1079635682586089,2,3.2751579226442118e-15,,0.327 (0.203)
spec_extended_2_spline,legal_civil,contract_vs_expand,0.3461799821781214,0.3461799821781209,0.3461799821781219,0.3120774570231486,0.26731120580206186,2,9.992007221626409e-16,,0.346 (0.312)
spec_extended_2_spline,legal_civil,contract_vs_mixed,0.17830647713756098,0.1783064771375593,0.1783064771375627,0.40841226457658625,0.6624126828576336,2,3.4139358007223564e-15,,0.178 (0.408)
spec_extended_2_spline,legal_civil,expand_vs_mixed,-0.16787350504056114,-0.1678735050405621,-0.1678735050405602,0.35202638711019996,0.6334492705882031,2,1.887379141862766e-15,,-0.168 (0.352)
spec_extended_2_spline,legal_common,contract_vs_expand,1.6647909687136033,1.6647909687136018,1.6647909687136049,0.3252222541683599,3.0726888977194805e-07,2,3.1086244689504383e-15,***,1.665*** (0.325)
spec_extended_2_spline,legal_common,contract_vs_mixed,0.3574015304017224,0.3574015304017212,0.3574015304017237,0.4573366417283422,0.43451754634356987,2,2.4980018054066022e-15,,0.357 (0.457)
spec_extended_2_spline,legal_common,expand_vs_mixed,-1.3073894383118825,-1.3073894383118825,-1.3073894383118825,0.37008457828428765,0.0004113740689243,2,0.0,***,-1.307*** (0.370)
spec_extended_2_spline,v2jupoatck_lag1,contract_vs_expand,0.2664390230209923,0.266439023020992,0.2664390230209927,0.09894664020654315,0.00708644015010635,2,7.216449660063518e-16,***,0.266*** (0.099)
spec_extended_2_spline,v2jupoatck_lag1,contract_vs_mixed,0.22694145541008642,0.2269414554100853,0.2269414554100875,0.14606044242729585,0.12024399112719064,2,2.192690473634684e-15,,0.227 (0.146)
spec_extended_2_spline,v2jupoatck_lag1,expand_vs_mixed,-0.039497567610905754,-0.0394975676109064,-0.0394975676109051,0.13425145524619964,0.768600587342617,2,1.2975731600306517e-15,,-0.039 (0.134)
spec_extended_2_spline,v2jureview_lag1,contract_vs_expand,-0.6798508683484787,-0.6798508683484797,-0.6798508683484776,0.32084723528332953,0.03409690054341245,2,2.1094237467877974e-15,**,-0.680** (0.321)
spec_extended_2_spline,v2jureview_lag1,contract_vs_mixed,-0.27291451869762834,-0.2729145186976303,-0.2729145186976264,0.36154729435444466,0.45033808710761647,2,3.885780586188048e-15,,-0.273 (0.362)
spec_extended_2_spline,v2jureview_lag1,expand_vs_mixed,0.4069363496508514,0.4069363496508501,0.4069363496508527,0.3338253380856917,0.22284048311996368,2,2.55351295663786e-15,,0.407 (0.334)
spec_extended_2_spline,v2x_polyarchy_lag1,contract_vs_expand,-3.373124850327523,-3.373124850327528,-3.373124850327517,1.1936140368644494,0.004713676740372,2,1.1102230246251565e-14,***,-3.373*** (1.194)
spec_extended_2_spline,v2x_polyarchy_lag1,contract_vs_mixed,-4.894216736745707,-4.894216736745731,-4.894216736745683,1.5448205420870709,0.0015341455317322002,2,4.796163466380676e-14,***,-4.894*** (1.545)
spec_extended_2_spline,v2x_polyarchy_lag1,expand_vs_mixed,-1.5210918864181813,-1.521091886418196,-1.5210918864181668,1.184312021067202,0.19901339405037538,2,2.90878432451791e-14,,-1.521 (1.184)
spec_extended_2_spline,wdj_expression_lag1,contract_vs_expand,0.47613704149865305,0.4761370414986522,0.4761370414986539,0.27655852874245374,0.08513290679082815,2,1.6653345369377348e-15,*,0.476* (0.277)
spec_extended_2_spline,wdj_expression_lag1,contract_vs_mixed,0.612660537902618,0.6126605379026173,0.6126605379026185,0.4727251284774918,0.19496909238853272,2,1.2212453270876722e-15,,0.613 (0.473)
spec_extended_2_spline,wdj_expression_lag1,expand_vs_mixed,0.13652349640396788,0.1365234964039672,0.1365234964039686,0.36035562664056625,0.7047935526102475,2,1.4155343563970746e-15,,0.137 (0.360)
spec_extended_2_spline_interact,high_court,contract_vs_expand,-0.3323731062699429,-0.3323731062699437,-0.3323731062699421,0.3446427844029374,0.3348459966393027,2,1.609823385706477e-15,,-0.332 (0.345)
spec_extended_2_spline_interact,high_court,contract_vs_mixed,-0.5079215848709563,-0.5079215848709752,-0.5079215848709374,0.30404309686809455,0.09480904213024705,2,3.774758283725532e-14,*,-0.508* (0.304)
spec_extended_2_spline_interact,high_court,expand_vs_mixed,-0.17554847860102096,-0.1755484786010374,-0.1755484786010045,0.1754664630517764,0.3170843595320729,2,3.289035710452026e-14,,-0.176 (0.175)
spec_extended_2_spline_interact,j_ind_lag1,contract_vs_expand,-0.2261846846380515,-0.2261846846380625,-0.2261846846380405,0.26661200453385425,0.3962339110092146,2,2.19824158875781e-14,,-0.226 (0.267)
spec_extended_2_spline_interact,j_ind_lag1,contract_vs_mixed,0.13454486079370787,0.1345448607936652,0.1345448607937505,0.2595312420523417,0.6041688266821226,2,8.529288386682765e-14,,0.135 (0.260)
spec_extended_2_spline_interact,j_ind_lag1,expand_vs_mixed,0.3607295454317474,0.3607295454316921,0.3607295454318027,0.21341044478293375,0.0909688990469564,2,1.1057821325266559e-13,*,0.361* (0.213)
spec_extended_2_spline_interact,legal_civil,contract_vs_expand,0.3026198088784569,0.3026198088784489,0.3026198088784649,0.3038802777829862,0.319322017948921,2,1.5987211554602254e-14,,0.303 (0.304)
spec_extended_2_spline_interact,legal_civil,contract_vs_mixed,0.1664610471573559,0.1664610471573128,0.166461047157399,0.4072049777016694,0.6826942760272293,2,8.62088178621434e-14,,0.166 (0.407)
spec_extended_2_spline_interact,legal_civil,expand_vs_mixed,-0.13615876172110195,-0.1361587617211614,-0.1361587617210425,0.3701858625454199,0.7130135027155016,2,1.1890488593735427e-13,,-0.136 (0.370)
spec_extended_2_spline_interact,legal_common,contract_vs_expand,1.6954092989022358,1.6954092989022356,1.695409298902236,0.32576508458603975,1.9463245741280384e-07,2,4.440892098500626e-16,***,1.695*** (0.326)
spec_extended_2_spline_interact,legal_common,contract_vs_mixed,0.28854739608269325,0.2885473960826571,0.2885473960827294,0.45142063226187723,0.5226938004992656,2,7.227551890309769e-14,,0.289 (0.451)
spec_extended_2_spline_interact,legal_common,expand_vs_mixed,-1.406861902819537,-1.4068619028195877,-1.4068619028194866,0.3662110821105646,0.000122200362491,2,1.0103029524088925e-13,***,-1.407*** (0.366)
spec_extended_2_spline_interact,v2jupoatck_lag1,contract_vs_expand,0.2792130090806956,0.2792130090806948,0.2792130090806963,0.0887292339967278,0.00165068747479435,2,1.4988010832439613e-15,***,0.279*** (0.089)
spec_extended_2_spline_interact,v2jupoatck_lag1,contract_vs_mixed,0.22351093983344666,0.2235109398334449,0.2235109398334484,0.15171521839590105,0.140689865831088,2,3.524958103184872e-15,,0.224 (0.152)
spec_extended_2_spline_interact,v2jupoatck_lag1,expand_vs_mixed,-0.055702069247249,-0.0557020692472493,-0.0557020692472487,0.14343419144757155,0.6977601304395783,2,5.967448757360216e-16,,-0.056 (0.143)
spec_extended_2_spline_interact,v2jureview_lag1,contract_vs_expand,-0.7317585840520671,-0.7317585840520783,-0.731758584052056,0.30156699568266554,0.0152443769423559,2,2.2315482794965646e-14,**,-0.732** (0.302)
spec_extended_2_spline_interact,v2jureview_lag1,contract_vs_mixed,-0.196090931315116,-0.1960909313151274,-0.1960909313151046,0.35996200498828923,0.5859223582136956,2,2.2787327580431338e-14,,-0.196 (0.360)
spec_extended_2_spline_interact,v2jureview_lag1,expand_vs_mixed,0.5356676527369415,0.5356676527369019,0.535667652736981,0.34289423779410866,0.11824206575694325,2,7.915890165577366e-14,,0.536 (0.343)
spec_extended_2_spline_interact,v2x_polyarchy_lag1,contract_vs_expand,174.79688069573655,174.79688069566564,174.7968806958075,102.53753526792856,0.08824830742523024,2,1.418527517671464e-10,*,174.797* (102.538)
spec_extended_2_spline_interact,v2x_polyarchy_lag1,contract_vs_mixed,188.95485806536584,188.95485806503672,188.954858065695,164.35484746828558,0.25027725648107,2,6.582752121175872e-10,,188.955 (164.355)
spec_extended_2_spline_interact,v2x_polyarchy_lag1,expand_vs_mixed,14.157977369563646,14.157977369156432,14.157977369970862,94.13122330790898,0.8804436658506852,2,8.14429412798745e-10,,14.158 (94.131)
spec_extended_2_spline_interact,wdj_expression_lag1,contract_vs_expand,0.5088439380139437,0.5088439380138793,0.5088439380140081,0.36604631736773563,0.16449606456468555,2,1.2878587085651816e-13,,0.509 (0.366)
spec_extended_2_spline_interact,wdj_expression_lag1,contract_vs_mixed,0.7689858899057702,0.768985889905499,0.7689858899060414,0.5561475678322241,0.16675651457999596,2,5.424549698318515e-13,,0.769 (0.556)
spec_extended_2_spline_interact,wdj_expression_lag1,expand_vs_mixed,0.26014195189177164,0.2601419518914147,0.2601419518921286,0.3689021435145141,0.48069900472444027,2,7.138734048339757e-13,,0.260 (0.369)
spec_extended_3,high_court,contract_vs_expand,-0.4210709330286867,-0.4210709330286871,-0.4210709330286863,0.2849743708198359,0.1395216385236348,2,7.771561172376096e-16,,-0.421 (0.285)
spec_extended_3,high_court,contract_vs_mixed,-0.40153338441437314,-0.4015333844143733,-0.4015333844143729,0.2664036841264813,0.13175002065411234,2,3.885780586188048e-16,,-0.402 (0.266)
spec_extended_3,high_court,expand_vs_mixed,0.019537548614313498,0.0195375486143134,0.0195375486143136,0.1399652720829012,0.8889850921445988,2,1.97758476261356e-16,,0.020 (0.140)
spec_extended_3,j_ind_lag1,contract_vs_expand,-0.16163531873358838,-0.1616353187335887,-0.1616353187335881,0.27988190932418655,0.5635932545460778,2,5.828670879282072e-16,,-0.162 (0.280)
spec_extended_3,j_ind_lag1,contract_vs_mixed,0.1957178746916406,0.1957178746916384,0.1957178746916428,0.2637107528572372,0.4579851115025711,2,4.413136522884997e-15,,0.196 (0.264)
spec_extended_3,j_ind_lag1,expand_vs_mixed,0.3573531934252284,0.3573531934252271,0.3573531934252298,0.20241886149523136,0.07749412798347166,2,2.7200464103316335e-15,*,0.357* (0.202)
spec_extended_3,legal_civil,contract_vs_expand,0.42290647044653273,0.4229064704465324,0.4229064704465331,0.33963508276630666,0.21306596252366725,2,7.216449660063518e-16,,0.423 (0.340)
spec_extended_3,legal_civil,contract_vs_mixed,0.3830127316647991,0.3830127316647957,0.3830127316648025,0.42545847258382224,0.36799504928530413,2,6.772360450213455e-15,,0.383 (0.425)
spec_extended_3,legal_civil,expand_vs_mixed,-0.039893738781733454,-0.0398937387817367,-0.0398937387817302,0.3755106836854474,0.9153930258646312,2,6.501743587961073e-15,,-0.040 (0.376)
spec_extended_3,legal_common,contract_vs_expand,1.7877253510173978,1.7877253510173974,1.787725351017398,0.3398650831359997,1.439747132159712e-07,2,6.661338147750939e-16,***,1.788*** (0.340)
spec_extended_3,legal_common,contract_vs_mixed,0.6217378676154844,0.6217378676154822,0.6217378676154867,0.4796281711415228,0.19487511452726963,2,4.440892098500626e-15,,0.622 (0.480)
spec_extended_3,legal_common,expand_vs_mixed,-1.1659874834019117,-1.165987483401914,-1.1659874834019093,0.3921880493692148,0.00294874043676105,2,4.6629367034256575e-15,***,-1.166*** (0.392)
spec_extended_3,v2jupack_lag1,contract_vs_expand,0.2561006922479883,0.2561006922479872,0.2561006922479894,0.156922246903316,0.102674673166103,2,2.220446049250313e-15,,0.256 (0.157)
spec_extended_3,v2jupack_lag1,contract_vs_mixed,0.569031034585397,0.5690310345853926,0.5690310345854016,0.23989477546085744,0.017691965526074153,2,8.992806499463768e-15,**,0.569** (0.240)
spec_extended_3,v2jupack_lag1,expand_vs_mixed,0.3129303423374087,0.3129303423374048,0.3129303423374125,0.20838526634856344,0.133176850775446,2,7.716050021144838e-15,,0.313 (0.208)
spec_extended_3,v2jureview_lag1,contract_vs_expand,-0.9034207715493154,-0.9034207715493155,-0.9034207715493152,0.32290836842351855,0.00514580099388655,2,3.3306690738754696e-16,***,-0.903*** (0.323)
spec_extended_3,v2jureview_lag1,contract_vs_mixed,-0.4727265098843765,-0.4727265098843766,-0.4727265098843764,0.38243746290006303,0.21642570791661306,2,1.6653345369377348e-16,,-0.473 (0.382)
spec_extended_3,v2jureview_lag1,expand_vs_mixed,0.4306942616649369,0.4306942616649369,0.4306942616649369,0.36035007915868594,0.23200472847012477,2,0.0,,0.431 (0.360)
spec_extended_3,v2x_polyarchy_lag1,contract_vs_expand,-3.83015107898035,-3.830151078980357,-3.830151078980344,1.2071769733425621,0.0015096788369442001,2,1.2878587085651816e-14,***,-3.830*** (1.207)
spec_extended_3,v2x_polyarchy_lag1,contract_vs_mixed,-7.0509334974598366,-7.0509334974598765,-7.050933497459797,1.7728464667842205,6.973671700512187e-05,2,7.993605777301127e-14,***,-7.051*** (1.773)
spec_extended_3,v2x_polyarchy_lag1,expand_vs_mixed,-3.2207824184794847,-3.220782418479518,-3.220782418479451,1.262450707839285,0.01073482674504405,2,6.705747068735946e-14,**,-3.221** (1.262)
spec_extended_3,wdj_expression_lag1,contract_vs_expand,0.13689591479723345,0.1368959147972334,0.1368959147972335,0.20953197190040845,0.5135361991056302,2,1.1102230246251565e-16,,0.137 (0.210)
spec_extended_3,wdj_expression_lag1,contract_vs_mixed,0.17313189112162303,0.1731318911216227,0.1731318911216234,0.2135309461247431,0.4174778446463847,2,6.938893903907228e-16,,0.173 (0.214)
spec_extended_3,wdj_expression_lag1,expand_vs_mixed,0.03623597632438975,0.0362359763243895,0.03623597632439,0.19260510612818071,0.850769951172618,2,4.996003610813204e-16,,0.036 (0.193)
spec_extended_3_spline,high_court,contract_vs_expand,-0.3125138756864475,-0.3125138756864479,-0.3125138756864472,0.3307475232036649,0.3447245337032415,2,7.216449660063518e-16,,-0.313 (0.331)
spec_extended_3_spline,high_court,contract_vs_mixed,-0.4472562272412265,-0.4472562272412266,-0.4472562272412264,0.2790543549990645,0.1089883877842335,2,2.220446049250313e-16,,-0.447 (0.279)
spec_extended_3_spline,high_court,expand_vs_mixed,-0.1347423515547787,-0.1347423515547787,-0.1347423515547787,0.17093011445554063,0.4305276032202757,2,0.0,,-0.135 (0.171)
spec_extended_3_spline,j_ind_lag1,contract_vs_expand,-0.21171188975124483,-0.2117118897512477,-0.211711889751242,0.27868048280631635,0.4474375181014202,2,5.689893001203927e-15,,-0.212 (0.279)
spec_extended_3_spline,j_ind_lag1,contract_vs_mixed,0.11589107540731866,0.1158910754073186,0.1158910754073187,0.28105908977166283,0.6800923974425646,2,9.71445146547012e-17,,0.116 (0.281)
spec_extended_3_spline,j_ind_lag1,expand_vs_mixed,0.3276029651585659,0.3276029651585656,0.3276029651585662,0.2063349641540683,0.112348773930523,2,6.106226635438361e-16,,0.328 (0.206)
spec_extended_3_spline,legal_civil,contract_vs_expand,0.40542181720527365,0.4054218172052722,0.4054218172052751,0.3460300385161843,0.24134256997493586,2,2.886579864025407e-15,,0.405 (0.346)
spec_extended_3_spline,legal_civil,contract_vs_mixed,0.3469727925081788,0.3469727925081782,0.3469727925081794,0.41684572311069934,0.4051961801492824,2,1.2212453270876722e-15,,0.347 (0.417)
spec_extended_3_spline,legal_civil,expand_vs_mixed,-0.05844902469709335,-0.0584490246970934,-0.0584490246970933,0.37685783958478963,0.8767458840650821,2,9.71445146547012e-17,,-0.058 (0.377)
spec_extended_3_spline,legal_common,contract_vs_expand,1.739986665999505,1.7399866659995038,1.7399866659995062,0.3633789811886356,1.6815605953363305e-06,2,2.4424906541753444e-15,***,1.740*** (0.363)
spec_extended_3_spline,legal_common,contract_vs_mixed,0.4370997489032348,0.437099748903233,0.4370997489032365,0.47313275242650843,0.35556875972423574,2,3.497202527569243e-15,,0.437 (0.473)
spec_extended_3_spline,legal_common,expand_vs_mixed,-1.3028869170962694,-1.30288691709627,-1.3028869170962687,0.3769691191708832,0.00054781498054,2,1.3322676295501878e-15,***,-1.303*** (0.377)
spec_extended_3_spline,v2jupack_lag1,contract_vs_expand,0.23935423009140525,0.2393542300914043,0.2393542300914062,0.15624197680255353,0.12553582606264324,2,1.887379141862766e-15,,0.239 (0.156)
spec_extended_3_spline,v2jupack_lag1,contract_vs_mixed,0.5215069101238725,0.5215069101238724,0.5215069101238727,0.22751846712820295,0.021896873482990797,2,3.3306690738754696e-16,**,0.522** (0.228)
spec_extended_3_spline,v2jupack_lag1,expand_vs_mixed,0.28215268003246874,0.2821526800324685,0.282152680032469,0.20897606412636516,0.176962275924878,2,4.996003610813204e-16,,0.282 (0.209)
spec_extended_3_spline,v2jureview_lag1,contract_vs_expand,-0.8591075659631613,-0.8591075659631621,-0.8591075659631605,0.3300164450519153,0.0092350910405197,2,1.5543122344752192e-15,***,-0.859*** (0.330)
spec_extended_3_spline,v2jureview_lag1,contract_vs_mixed,-0.45451153045423165,-0.4545115304542324,-0.4545115304542308,0.376535897152641,0.2273986981149094,2,1.609823385706477e-15,,-0.455 (0.377)
spec_extended_3_spline,v2jureview_lag1,expand_vs_mixed,0.4045960355089294,0.4045960355089275,0.4045960355089314,0.35356252951573997,0.25248232010814997,2,3.941291737419306e-15,,0.405 (0.354)
spec_extended_3_spline,v2x_polyarchy_lag1,contract_vs_expand,-3.4655635294856006,-3.4655635294856197,-3.465563529485582,1.1901038514492053,0.00359140880754425,2,3.774758283725532e-14,***,-3.466*** (1.190)
spec_extended_3_spline,v2x_polyarchy_lag1,contract_vs_mixed,-6.277015614639561,-6.277015614639563,-6.277015614639558,1.7414755123200094,0.00031284633297685,2,4.440892098500626e-15,***,-6.277*** (1.741)
spec_extended_3_spline,v2x_polyarchy_lag1,expand_vs_mixed,-2.8114520851539813,-2.811452085153983,-2.8114520851539795,1.2952805028552383,0.02996631568673875,2,3.552713678800501e-15,**,-2.811** (1.295)
spec_extended_3_spline,wdj_expression_lag1,contract_vs_expand,0.26769149549720983,0.2676914954972076,0.267691495497212,0.28032634106748355,0.33961406690773277,2,4.385380947269368e-15,,0.268 (0.280)
spec_extended_3_spline,wdj_expression_lag1,contract_vs_mixed,0.45388528815787993,0.4538852881578795,0.4538852881578804,0.39459488914455204,0.25003829158151303,2,8.881784197001252e-16,,0.454 (0.395)
spec_extended_3_spline,wdj_expression_lag1,expand_vs_mixed,0.18619379266067315,0.1861937926606727,0.1861937926606736,0.2859413172484101,0.5149426563594716,2,8.881784197001252e-16,,0.186 (0.286)
spec_extended_3_spline_interact,high_court,contract_vs_expand,-0.2642154970612425,-0.2642154970612455,-0.2642154970612394,0.3387940089404571,0.4354670277250829,2,6.050715484207103e-15,,-0.264 (0.339)
spec_extended_3_spline_interact,high_court,contract_vs_mixed,-0.39256644147267616,-0.3925664414726769,-0.3925664414726754,0.2806768104175342,0.1619202944089722,2,1.4988010832439613e-15,,-0.393 (0.281)
spec_extended_3_spline_interact,high_court,expand_vs_mixed,-0.12835094441144385,-0.1283509444114482,-0.1283509444114395,0.1719975393433609,0.455524202389197,2,8.715250743307479e-15,,-0.128 (0.172)
spec_extended_3_spline_interact,j_ind_lag1,contract_vs_expand,-0.22295040276596284,-0.2229504027659734,-0.2229504027659523,0.2856070010176754,0.43502630197302206,2,2.1094237467877974e-14,,-0.223 (0.286)
spec_extended_3_spline_interact,j_ind_lag1,contract_vs_mixed,0.13110492096030135,0.1311049209602872,0.1311049209603155,0.27349411872350504,0.6316753140001304,2,2.8310687127941492e-14,,0.131 (0.273)
spec_extended_3_spline_interact,j_ind_lag1,expand_vs_mixed,0.3540553237262294,0.354055323726223,0.3540553237262357,0.212354913520247,0.0954585324169547,2,1.2712053631958042e-14,*,0.354* (0.212)
spec_extended_3_spline_interact,legal_civil,contract_vs_expand,0.3724325706229019,0.3724325706228971,0.3724325706229067,0.3402338517611088,0.27367568897189204,2,9.603429163007604e-15,,0.372 (0.340)
spec_extended_3_spline_interact,legal_civil,contract_vs_mixed,0.3632639547893639,0.3632639547893582,0.3632639547893696,0.42813830170523215,0.39617438772578917,2,1.1435297153639112e-14,,0.363 (0.428)
spec_extended_3_spline_interact,legal_civil,expand_vs_mixed,-0.009168615833514401,-0.0091686158335174,-0.0091686158335114,0.4094156215481509,0.9821333500387033,2,6.000408503403776e-15,,-0.009 (0.409)
spec_extended_3_spline_interact,legal_common,contract_vs_expand,1.7697897165291043,1.769789716529103,1.7697897165291057,0.3581335393254399,7.74429803315011e-07,2,2.6645352591003757e-15,***,1.770*** (0.358)
spec_extended_3_spline_interact,legal_common,contract_vs_mixed,0.3698839046046798,0.3698839046046794,0.3698839046046801,0.46633766415448963,0.42768020830372266,2,7.216449660063518e-16,,0.370 (0.466)
spec_extended_3_spline_interact,legal_common,expand_vs_mixed,-1.399905811924413,-1.3999058119244288,-1.399905811924397,0.3836103796674716,0.00026296533660725,2,3.175237850427948e-14,***,-1.400*** (0.384)
spec_extended_3_spline_interact,v2jupack_lag1,contract_vs_expand,0.2962183657046825,0.2962183657046806,0.2962183657046844,0.15068893351807383,0.04932627305163895,2,3.83026943495679e-15,**,0.296** (0.151)
spec_extended_3_spline_interact,v2jupack_lag1,contract_vs_mixed,0.5912447983514411,0.591244798351438,0.5912447983514443,0.2364685794982678,0.0124084607462632,2,6.328271240363392e-15,**,0.591** (0.236)
spec_extended_3_spline_interact,v2jupack_lag1,expand_vs_mixed,0.2950264326467513,0.2950264326467496,0.2950264326467531,0.2147322828769683,0.16946441670446272,2,3.497202527569243e-15,,0.295 (0.215)
spec_extended_3_spline_interact,v2jureview_lag1,contract_vs_expand,-0.9212323620274162,-0.9212323620274232,-0.9212323620274092,0.31491886511620876,0.0034412357474029,2,1.3988810110276972e-14,***,-0.921*** (0.315)
spec_extended_3_spline_interact,v2jureview_lag1,contract_vs_mixed,-0.3668779109593222,-0.3668779109593265,-0.366877910959318,0.3804228684177705,0.33484792967408483,2,8.493206138382448e-15,,-0.367 (0.380)
spec_extended_3_spline_interact,v2jureview_lag1,expand_vs_mixed,0.5543544510681107,0.5543544510680966,0.5543544510681249,0.3607556947798588,0.12437957610416586,2,2.8310687127941492e-14,,0.554 (0.361)
spec_extended_3_spline_interact,v2x_polyarchy_lag1,contract_vs_expand,183.41024854022345,183.4102485401648,183.41024854028208,107.38680176151695,0.0876474167900714,2,1.1729639481927734e-10,*,183.410* (107.387)
spec_extended_3_spline_interact,v2x_polyarchy_lag1,contract_vs_mixed,201.35091470584655,201.3509147057758,201.35091470591732,174.55801741003333,0.24870934981798945,2,1.4151169125398155e-10,,201.351 (174.558)
spec_extended_3_spline_interact,v2x_polyarchy_lag1,expand_vs_mixed,17.940666165401254,17.940666165370025,17.940666165432482,96.85846350614798,0.8530520975054083,2,6.24567064733128e-11,,17.941 (96.858)
spec_extended_3_spline_interact,wdj_expression_lag1,contract_vs_expand,0.2843921224928281,0.2843921224927775,0.2843921224928786,0.38517739086329794,0.4603074744741183,2,1.010858063921205e-13,,0.284 (0.385)
spec_extended_3_spline_interact,wdj_expression_lag1,contract_vs_mixed,0.5974517859875343,0.5974517859874813,0.5974517859875874,0.48975956257683134,0.2225073565861492,2,1.0613732115416497e-13,,0.597 (0.490)
spec_extended_3_spline_interact,wdj_expression_lag1,expand_vs_mixed,0.31305966349452696,0.3130596634944986,0.3130596634945554,0.2916576291160786,0.2831003504961078,2,5.678790770957676e-14,,0.313 (0.292)
spec_govprot_attack,high_court,contract_vs_expand,-0.5096735051969931,-0.5096735051969933,-0.5096735051969928,0.2798685791981629,0.06858903136549374,2,4.440892098500626e-16,*,-0.510* (0.280)
spec_govprot_attack,high_court,contract_vs_mixed,-0.5276774081405926,-0.5276774081405929,-0.5276774081405923,0.2722700607797388,0.0526151437715735,2,6.661338147750939e-16,*,-0.528* (0.272)
spec_govprot_attack,high_court,expand_vs_mixed,-0.018003902943599402,-0.0180039029435995,-0.0180039029435993,0.1622296923455632,0.9116339090058957,2,1.97758476261356e-16,,-0.018 (0.162)
spec_govprot_attack,j_ind_lag1,contract_vs_expand,-0.19756772262605155,-0.1975677226260523,-0.1975677226260508,0.287229950432825,0.49155469818674813,2,1.4988010832439613e-15,,-0.198 (0.287)
spec_govprot_attack,j_ind_lag1,contract_vs_mixed,0.14615941143140454,0.1461594114314032,0.1461594114314059,0.27248491465555136,0.5916859270096348,2,2.6922908347160046e-15,,0.146 (0.272)
spec_govprot_attack,j_ind_lag1,expand_vs_mixed,0.3437271340574569,0.343727134057455,0.3437271340574588,0.2138767102390136,0.10802641066337346,2,3.83026943495679e-15,,0.344 (0.214)
spec_govprot_attack,legal_civil,contract_vs_expand,0.38930807453050226,0.3893080745305018,0.3893080745305027,0.32962327375625744,0.23757501938358624,2,8.881784197001252e-16,,0.389 (0.330)
spec_govprot_attack,legal_civil,contract_vs_mixed,0.22011639923367504,0.2201163992336743,0.2201163992336758,0.42875394404323597,0.607681129726687,2,1.4988010832439613e-15,,0.220 (0.429)
spec_govprot_attack,legal_civil,expand_vs_mixed,-0.1691916752968263,-0.1691916752968279,-0.1691916752968247,0.3695740906425191,0.6470948592830238,2,3.219646771412954e-15,,-0.169 (0.370)
spec_govprot_attack,legal_common,contract_vs_expand,1.7298955591131802,1.7298955591131802,1.7298955591131802,0.33464144456142864,2.3484647370608855e-07,2,0.0,***,1.730*** (0.335)
spec_govprot_attack,legal_common,contract_vs_mixed,0.5419864357540357,0.5419864357540348,0.5419864357540366,0.48569031894788417,0.2644608795284039,2,1.7763568394002505e-15,,0.542 (0.486)
spec_govprot_attack,legal_common,expand_vs_mixed,-1.1879091233591432,-1.1879091233591446,-1.1879091233591417,0.3757051994762781,0.0015679087547983998,2,2.886579864025407e-15,***,-1.188*** (0.376)
spec_govprot_attack,v2jupoatck_lag1,contract_vs_expand,0.19626797529957696,0.1962679752995766,0.1962679752995773,0.10426164488187875,0.05977410738688255,2,6.938893903907228e-16,*,0.196* (0.104)
spec_govprot_attack,v2jupoatck_lag1,contract_vs_mixed,0.2514562516351584,0.2514562516351579,0.2514562516351589,0.12527461008521562,0.0447240776150892,2,9.992007221626409e-16,**,0.251** (0.125)
spec_govprot_attack,v2jupoatck_lag1,expand_vs_mixed,0.055188276335581696,0.0551882763355814,0.055188276335582,0.10186975993456104,0.5879884818763172,2,6.036837696399289e-16,,0.055 (0.102)
spec_govprot_attack,v2jureview_lag1,contract_vs_expand,-0.778042483555972,-0.7780424835559734,-0.7780424835559707,0.32965823310416886,0.0182676060397723,2,2.6645352591003757e-15,**,-0.778** (0.330)
spec_govprot_attack,v2jureview_lag1,contract_vs_mixed,-0.2877591878029577,-0.287759187802958,-0.2877591878029575,0.37080731983409015,0.4377287515250575,2,4.996003610813204e-16,,-0.288 (0.371)
spec_govprot_attack,v2jureview_lag1,expand_vs_mixed,0.4902832957530131,0.4902832957530119,0.4902832957530144,0.35236138456818594,0.1640975717307724,2,2.4980018054066022e-15,,0.490 (0.352)
spec_govprot_attack,v2x_polyarchy_lag1,contract_vs_expand,-3.3766703228897734,-3.3766703228897805,-3.3766703228897668,1.1078427178420638,0.0023039365059499,2,1.3766765505351941e-14,***,-3.377*** (1.108)
spec_govprot_attack,v2x_polyarchy_lag1,contract_vs_mixed,-5.486347268848531,-5.486347268848544,-5.48634726884852,1.3010052183144512,2.475670048013723e-05,2,2.398081733190338e-14,***,-5.486*** (1.301)
spec_govprot_attack,v2x_polyarchy_lag1,expand_vs_mixed,-2.109676945958766,-2.1096769459587787,-2.109676945958753,0.9129930082528429,0.0208479781965335,2,2.5757174171303632e-14,**,-2.110** (0.913)
spec_govprot_attack,wdj_govprot_lag1,contract_vs_expand,0.3210529777774261,0.3210529777774257,0.3210529777774265,0.25634733057544157,0.21041905874809524,2,7.771561172376096e-16,,0.321 (0.256)
spec_govprot_attack,wdj_govprot_lag1,contract_vs_mixed,0.42524826180342895,0.4252482618034285,0.4252482618034294,0.3219210801951877,0.1865111887482294,2,8.881784197001252e-16,,0.425 (0.322)
spec_govprot_attack,wdj_govprot_lag1,expand_vs_mixed,0.10419528402600285,0.1041952840260026,0.1041952840260031,0.25435486645826905,0.6820661369998265,2,4.996003610813204e-16,,0.104 (0.254)
spec_govprot_attack_decision,high_court,contract_vs_expand,-0.46229604977654637,-0.4622960497765465,-0.4622960497765463,0.2615618812798898,0.07715385354021975,2,1.6653345369377348e-16,*,-0.462* (0.262)
spec_govprot_attack_decision,high_court,contract_vs_mixed,-0.5437128261713546,-0.5437128261713549,-0.5437128261713545,0.2904756203473538,0.06123401146385675,2,3.3306690738754696e-16,*,-0.544* (0.290)
spec_govprot_attack_decision,high_court,expand_vs_mixed,-0.08141677639480835,-0.0814167763948084,-0.0814167763948083,0.1459458021819362,0.576942555535654,2,1.1102230246251565e-16,,-0.081 (0.146)
spec_govprot_attack_decision,j_ind_lag1,contract_vs_expand,-0.1996728980490357,-0.1996728980490358,-0.1996728980490356,0.2692005005225627,0.4582536166131622,2,1.942890293094024e-16,,-0.200 (0.269)
spec_govprot_attack_decision,j_ind_lag1,contract_vs_mixed,0.1425501715321436,0.142550171532143,0.1425501715321442,0.24827206622325948,0.5658533151969845,2,1.1934897514720433e-15,,0.143 (0.248)
spec_govprot_attack_decision,j_ind_lag1,expand_vs_mixed,0.34222306958117843,0.3422230695811777,0.3422230695811791,0.196836445724676,0.08210226259555575,2,1.3877787807814457e-15,*,0.342* (0.197)
spec_govprot_attack_decision,legal_civil,contract_vs_expand,0.075846919935705,0.0758469199357049,0.0758469199357051,0.3186403267618718,0.8118554822496106,2,1.942890293094024e-16,,0.076 (0.319)
spec_govprot_attack_decision,legal_civil,contract_vs_mixed,-0.03097654303995645,-0.0309765430399569,-0.030976543039956,0.3938164368436313,0.9373051989125134,2,9.020562075079397e-16,,-0.031 (0.394)
spec_govprot_attack_decision,legal_civil,expand_vs_mixed,-0.10682346297566195,-0.1068234629756622,-0.1068234629756617,0.2772526908615831,0.70002050225974,2,4.996003610813204e-16,,-0.107 (0.277)
spec_govprot_attack_decision,legal_common,contract_vs_expand,1.3621988063546726,1.362198806354672,1.3621988063546735,0.34239881685507056,6.938113117302115e-05,2,1.5543122344752192e-15,***,1.362*** (0.342)
spec_govprot_attack_decision,legal_common,contract_vs_mixed,0.4171390292388875,0.417139029238887,0.417139029238888,0.48748559902393607,0.3921664616777629,2,9.992007221626409e-16,,0.417 (0.487)
spec_govprot_attack_decision,legal_common,expand_vs_mixed,-0.9450597771157858,-0.9450597771157864,-0.9450597771157851,0.37844869857377983,0.012518049124171,2,1.2212453270876722e-15,**,-0.945** (0.378)
spec_govprot_attack_decision,v2jupoatck_lag1,contract_vs_expand,0.16123082093281543,0.1612308209328154,0.1612308209328155,0.09874854063642499,0.1025234166773317,2,8.326672684688674e-17,,0.161 (0.099)
spec_govprot_attack_decision,v2jupoatck_lag1,contract_vs_mixed,0.25217342714398006,0.2521734271439799,0.2521734271439803,0.12125933828615021,0.0375603389468226,2,3.885780586188048e-16,**,0.252** (0.121)
spec_govprot_attack_decision,v2jupoatck_lag1,expand_vs_mixed,0.09094260621116446,0.0909426062111643,0.0909426062111646,0.09307617781486799,0.3285309609603167,2,2.914335439641036e-16,,0.091 (0.093)
spec_govprot_attack_decision,v2jureview_lag1,contract_vs_expand,-0.6195422359763734,-0.619542235976374,-0.6195422359763728,0.3299767871688096,0.0604451083603715,2,1.2212453270876722e-15,*,-0.620* (0.330)
spec_govprot_attack_decision,v2jureview_lag1,contract_vs_mixed,-0.25390530263037336,-0.2539053026303737,-0.2539053026303731,0.3637111446717149,0.48511714676095397,2,6.106226635438361e-16,,-0.254 (0.364)
spec_govprot_attack_decision,v2jureview_lag1,expand_vs_mixed,0.365636933346,0.3656369333459998,0.3656369333460002,0.35390562199649667,0.3015345801511492,2,4.440892098500626e-16,,0.366 (0.354)
spec_govprot_attack_decision,v2x_polyarchy_lag1,contract_vs_expand,-3.0331611237037297,-3.0331611237037297,-3.0331611237037297,1.0228138863393075,0.0030218505996451,2,0.0,***,-3.033*** (1.023)
spec_govprot_attack_decision,v2x_polyarchy_lag1,contract_vs_mixed,-5.468936455323297,-5.4689364553233,-5.468936455323292,1.2918754992439716,2.3025534019211674e-05,2,7.993605777301127e-15,***,-5.469*** (1.292)
spec_govprot_attack_decision,v2x_polyarchy_lag1,expand_vs_mixed,-2.4357753316195603,-2.4357753316195616,-2.435775331619559,0.9357562246801938,0.00924114125165925,2,2.6645352591003757e-15,***,-2.436*** (0.936)
spec_govprot_attack_decision,wdj_govprot_lag1,contract_vs_expand,0.27009901219014765,0.2700990121901476,0.2700990121901477,0.2623680906112146,0.30326077849459243,2,1.1102230246251565e-16,,0.270 (0.262)
spec_govprot_attack_decision,wdj_govprot_lag1,contract_vs_mixed,0.3967373434157913,0.3967373434157913,0.3967373434157913,0.32533268459702375,0.2226613146919848,2,0.0,,0.397 (0.325)
spec_govprot_attack_decision,wdj_govprot_lag1,expand_vs_mixed,0.12663833122564422,0.1266383312256439,0.1266383312256445,0.216033956669366,0.5577435296004084,2,5.828670879282072e-16,,0.127 (0.216)
spec_govprot_pack,high_court,contract_vs_expand,-0.4165527555444831,-0.4165527555444834,-0.4165527555444829,0.28044382564388337,0.13745536365471273,2,4.996003610813204e-16,,-0.417 (0.280)
spec_govprot_pack,high_court,contract_vs_mixed,-0.3911044429560362,-0.3911044429560362,-0.3911044429560362,0.2667517062633402,0.14260086254399307,2,0.0,,-0.391 (0.267)
spec_govprot_pack,high_court,expand_vs_mixed,0.025448312588447153,0.0254483125884471,0.0254483125884472,0.14694429388421054,0.8625072704926147,2,1.0061396160665481e-16,,0.025 (0.147)
spec_govprot_pack,j_ind_lag1,contract_vs_expand,-0.17367177342072385,-0.1736717734207258,-0.1736717734207219,0.2998725132980308,0.5624865984699465,2,3.885780586188048e-15,,-0.174 (0.300)
spec_govprot_pack,j_ind_lag1,contract_vs_mixed,0.17401489804326375,0.1740148980432626,0.1740148980432649,0.2821033093603646,0.5373349043242966,2,2.3037127760972e-15,,0.174 (0.282)
spec_govprot_pack,j_ind_lag1,expand_vs_mixed,0.3476866714639887,0.3476866714639867,0.3476866714639907,0.21416115863630997,0.10448652253374935,2,3.9968028886505635e-15,,0.348 (0.214)
spec_govprot_pack,legal_civil,contract_vs_expand,0.43538326940914335,0.4353832694091413,0.4353832694091454,0.3425925007878633,0.20378244308427673,2,4.107825191113079e-15,,0.435 (0.343)
spec_govprot_pack,legal_civil,contract_vs_mixed,0.3870871135798105,0.3870871135798088,0.3870871135798122,0.4312027603223527,0.36934996702750267,2,3.3861802251067274e-15,,0.387 (0.431)
spec_govprot_pack,legal_civil,expand_vs_mixed,-0.0482961558293316,-0.0482961558293321,-0.0482961558293311,0.37995416460212433,0.8988529577628996,2,1.0061396160665481e-15,,-0.048 (0.380)
spec_govprot_pack,legal_common,contract_vs_expand,1.7943864144699124,1.7943864144699102,1.7943864144699144,0.34227342285326423,1.5837024486225518e-07,2,4.218847493575595e-15,***,1.794*** (0.342)
spec_govprot_pack,legal_common,contract_vs_mixed,0.6302748293249922,0.6302748293249889,0.6302748293249956,0.4851240963187957,0.19387416755795966,2,6.661338147750939e-15,,0.630 (0.485)
spec_govprot_pack,legal_common,expand_vs_mixed,-1.1641115851449197,-1.1641115851449206,-1.164111585144919,0.3829692790728866,0.00236814181248685,2,1.5543122344752192e-15,***,-1.164*** (0.383)
spec_govprot_pack,v2jupack_lag1,contract_vs_expand,0.25267437976125584,0.252674379761254,0.2526743797612577,0.15500382373525606,0.10307675557922574,2,3.6637359812630166e-15,,0.253 (0.155)
spec_govprot_pack,v2jupack_lag1,contract_vs_mixed,0.5658126010818529,0.5658126010818518,0.5658126010818539,0.24333269411957426,0.0200578815270162,2,2.1094237467877974e-15,**,0.566** (0.243)
spec_govprot_pack,v2jupack_lag1,expand_vs_mixed,0.31313822132059804,0.3131382213205979,0.3131382213205982,0.2119444793781654,0.139553977082131,2,3.3306690738754696e-16,,0.313 (0.212)
spec_govprot_pack,v2jureview_lag1,contract_vs_expand,-0.9040288362139238,-0.9040288362139248,-0.9040288362139228,0.3252591572045746,0.0054457596405653,2,1.9984014443252818e-15,***,-0.904*** (0.325)
spec_govprot_pack,v2jureview_lag1,contract_vs_mixed,-0.47959120598272587,-0.4795912059827275,-0.4795912059827242,0.3829517555113151,0.2104408590871601,2,3.2751579226442118e-15,,-0.480 (0.383)
spec_govprot_pack,v2jureview_lag1,expand_vs_mixed,0.4244376302311976,0.4244376302311971,0.4244376302311981,0.35510099272272955,0.23198588326969005,2,9.992007221626409e-16,,0.424 (0.355)
spec_govprot_pack,v2x_polyarchy_lag1,contract_vs_expand,-3.8019744409649285,-3.801974440964948,-3.801974440964909,1.2301338706868132,0.0019968544523877,2,3.907985046680551e-14,***,-3.802*** (1.230)
spec_govprot_pack,v2x_polyarchy_lag1,contract_vs_mixed,-6.9844948937324425,-6.984494893732455,-6.98449489373243,1.8180495187714452,0.0001221593626028,2,2.4868995751603507e-14,***,-6.984*** (1.818)
spec_govprot_pack,v2x_polyarchy_lag1,expand_vs_mixed,-3.182520452767524,-3.182520452767535,-3.182520452767514,1.2897418686720599,0.0136035945568672,2,2.0872192862952943e-14,**,-3.183** (1.290)
spec_govprot_pack,wdj_govprot_lag1,contract_vs_expand,0.1753859852524259,0.1753859852524256,0.1753859852524262,0.24782509683611165,0.4791311658269346,2,6.106226635438361e-16,,0.175 (0.248)
spec_govprot_pack,wdj_govprot_lag1,contract_vs_mixed,0.2479254704863586,0.2479254704863584,0.2479254704863588,0.26487111587403045,0.3492613186140603,2,3.885780586188048e-16,,0.248 (0.265)
spec_govprot_pack,wdj_govprot_lag1,expand_vs_mixed,0.0725394852339321,0.0725394852339315,0.0725394852339327,0.21989044043212935,0.741483671385266,2,1.1934897514720433e-15,,0.073 (0.220)
spec_govprot_pack_decision,high_court,contract_vs_expand,-0.3760386313518822,-0.3760386313518823,-0.3760386313518821,0.2572137953717164,0.14374966652052729,2,2.220446049250313e-16,,-0.376 (0.257)
spec_govprot_pack_decision,high_court,contract_vs_mixed,-0.40984512751409125,-0.4098451275140914,-0.4098451275140911,0.29516548986216573,0.1649767574318904,2,3.3306690738754696e-16,,-0.410 (0.295)
spec_govprot_pack_decision,high_court,expand_vs_mixed,-0.03380649616220885,-0.0338064961622089,-0.0338064961622088,0.1380598944867874,0.8065583822567499,2,9.71445146547012e-17,,-0.034 (0.138)
spec_govprot_pack_decision,j_ind_lag1,contract_vs_expand,-0.18223526796430434,-0.1822352679643051,-0.1822352679643036,0.27790104465191356,0.5119811529199039,2,1.4988010832439613e-15,,-0.182 (0.278)
spec_govprot_pack_decision,j_ind_lag1,contract_vs_mixed,0.17434210176649106,0.17434210176649,0.1743421017664921,0.2583169912701445,0.49972954952066573,2,2.0816681711721685e-15,,0.174 (0.258)
spec_govprot_pack_decision,j_ind_lag1,expand_vs_mixed,0.35657736973079646,0.356577369730796,0.3565773697307969,0.20008948537047339,0.0747346387906858,2,8.881784197001252e-16,*,0.357* (0.200)
spec_govprot_pack_decision,legal_civil,contract_vs_expand,0.11499297703239665,0.1149929770323961,0.1149929770323972,0.31385603548395336,0.7140758297380427,2,1.1102230246251565e-15,,0.115 (0.314)
spec_govprot_pack_decision,legal_civil,contract_vs_mixed,0.1341960362597166,0.1341960362597157,0.1341960362597175,0.4135686677521041,0.7455723279837532,2,1.7763568394002505e-15,,0.134 (0.414)
spec_govprot_pack_decision,legal_civil,expand_vs_mixed,0.01920305922732045,0.0192030592273199,0.019203059227321,0.2902784075061209,0.9472552700432516,2,1.0998146837692957e-15,,0.019 (0.290)
spec_govprot_pack_decision,legal_common,contract_vs_expand,1.394923975857923,1.3949239758579226,1.3949239758579235,0.3460594725297689,5.556856809851808e-05,2,8.881784197001252e-16,***,1.395*** (0.346)
spec_govprot_pack_decision,legal_common,contract_vs_mixed,0.4739915476326665,0.4739915476326662,0.4739915476326667,0.49129827662762815,0.3346582822405021,2,4.996003610813204e-16,,0.474 (0.491)
spec_govprot_pack_decision,legal_common,expand_vs_mixed,-0.9209324282252563,-0.9209324282252564,-0.9209324282252562,0.387641355743262,0.01751412267451525,2,2.220446049250313e-16,**,-0.921** (0.388)
spec_govprot_pack_decision,v2jupack_lag1,contract_vs_expand,0.23315254905607985,0.2331525490560792,0.2331525490560805,0.1666692782667308,0.1618449597775212,2,1.27675647831893e-15,,0.233 (0.167)
spec_govprot_pack_decision,v2jupack_lag1,contract_vs_mixed,0.5298492814515681,0.5298492814515668,0.5298492814515693,0.2566474525012554,0.0389701066513651,2,2.4424906541753444e-15,**,0.530** (0.257)
spec_govprot_pack_decision,v2jupack_lag1,expand_vs_mixed,0.29669673239548877,0.2966967323954879,0.2966967323954896,0.2283606076179523,0.19385932979845916,2,1.7208456881689926e-15,,0.297 (0.228)
spec_govprot_pack_decision,v2jureview_lag1,contract_vs_expand,-0.7162238982724523,-0.7162238982724525,-0.7162238982724521,0.31718246082324797,0.02394056869863965,2,3.3306690738754696e-16,**,-0.716** (0.317)
spec_govprot_pack_decision,v2jureview_lag1,contract_vs_mixed,-0.43773742494352214,-0.4377374249435231,-0.4377374249435212,0.3768221601911479,0.24537554690583713,2,1.887379141862766e-15,,-0.438 (0.377)
spec_govprot_pack_decision,v2jureview_lag1,expand_vs_mixed,0.2784864733289296,0.2784864733289294,0.2784864733289299,0.35212841933477734,0.4290220601342365,2,4.996003610813204e-16,,0.278 (0.352)
spec_govprot_pack_decision,v2x_polyarchy_lag1,contract_vs_expand,-3.4459461981614283,-3.4459461981614368,-3.44594619816142,1.1409749463420038,0.00252627071055935,2,1.687538997430238e-14,***,-3.446*** (1.141)
spec_govprot_pack_decision,v2x_polyarchy_lag1,contract_vs_mixed,-6.776495040269939,-6.776495040269953,-6.776495040269926,1.8069470675985604,0.0001766615523884,2,2.7533531010703882e-14,***,-6.776*** (1.807)
spec_govprot_pack_decision,v2x_polyarchy_lag1,expand_vs_mixed,-3.330548842108519,-3.3305488421085263,-3.330548842108512,1.320972334522781,0.0116926826579074,2,1.4210854715202004e-14,**,-3.331** (1.321)
spec_govprot_pack_decision,wdj_govprot_lag1,contract_vs_expand,0.15387416058519965,0.1538741605851996,0.1538741605851997,0.24533584074603626,0.5305294221687946,2,1.1102230246251565e-16,,0.154 (0.245)
spec_govprot_pack_decision,wdj_govprot_lag1,contract_vs_mixed,0.22191291017952464,0.2219129101795245,0.2219129101795248,0.2717804698663223,0.4142054800489894,2,3.0531133177191805e-16,,0.222 (0.272)
spec_govprot_pack_decision,wdj_govprot_lag1,expand_vs_mixed,0.06803874959432495,0.0680387495943248,0.0680387495943251,0.1794163195411611,0.704522461067916,2,3.0531133177191805e-16,,0.068 (0.179)
spec_govprot_reform,high_court,contract_vs_expand,-0.40444918583880457,-0.4044491858388046,-0.4044491858388045,0.27468121120190736,0.14090447266063283,2,1.1102230246251565e-16,,-0.404 (0.275)
spec_govprot_reform,high_court,contract_vs_mixed,-0.4355383295091001,-0.4355383295091001,-0.4355383295091001,0.2737462595755855,0.1116029739287329,2,0.0,,-0.436 (0.274)
spec_govprot_reform,high_court,expand_vs_mixed,-0.03108914367029535,-0.0310891436702955,-0.0310891436702952,0.15221457507959085,0.838161648224933,2,2.983724378680108e-16,,-0.031 (0.152)
spec_govprot_reform,j_ind_lag1,contract_vs_expand,-0.26362963416894214,-0.2636296341689423,-0.263629634168942,0.28327885249675794,0.3520416374039491,2,3.3306690738754696e-16,,-0.264 (0.283)
spec_govprot_reform,j_ind_lag1,contract_vs_mixed,0.109975139756983,0.1099751397569807,0.1099751397569853,0.28688919848589867,0.701470179769911,2,4.593547764386585e-15,,0.110 (0.287)
spec_govprot_reform,j_ind_lag1,expand_vs_mixed,0.37360477392592484,0.3736047739259227,0.373604773925927,0.21809656357370039,0.0867080179188213,2,4.3298697960381105e-15,*,0.374* (0.218)
spec_govprot_reform,legal_civil,contract_vs_expand,0.6736615919569651,0.6736615919569641,0.6736615919569661,0.3684277215207411,0.06747800380800795,2,1.9984014443252818e-15,*,0.674* (0.368)
spec_govprot_reform,legal_civil,contract_vs_mixed,0.33737772477892825,0.3373777247789262,0.3373777247789303,0.47790815678938814,0.48022123402098654,2,4.107825191113079e-15,,0.337 (0.478)
spec_govprot_reform,legal_civil,expand_vs_mixed,-0.3362838671780388,-0.3362838671780416,-0.3362838671780361,0.3734408237901524,0.36785364792545244,2,5.495603971894525e-15,,-0.336 (0.373)
spec_govprot_reform,legal_common,contract_vs_expand,2.1865729919018495,2.1865729919018464,2.1865729919018526,0.35198481065212156,5.227343156272456e-10,2,6.217248937900877e-15,***,2.187*** (0.352)
spec_govprot_reform,legal_common,contract_vs_mixed,0.849568157275868,0.8495681572758668,0.8495681572758693,0.5381361014331207,0.11439947178650631,2,2.55351295663786e-15,,0.850 (0.538)
spec_govprot_reform,legal_common,expand_vs_mixed,-1.3370048346259844,-1.3370048346259873,-1.3370048346259815,0.447298933330751,0.00279834132896735,2,5.773159728050814e-15,***,-1.337*** (0.447)
spec_govprot_reform,v2jureform_lag1,contract_vs_expand,0.33561037830624874,0.3356103783062483,0.3356103783062492,0.1221276737874222,0.00599547223695825,2,8.881784197001252e-16,***,0.336*** (0.122)
spec_govprot_reform,v2jureform_lag1,contract_vs_mixed,0.18461387929776896,0.1846138792977687,0.1846138792977692,0.2476653468690814,0.45601986660398763,2,4.996003610813204e-16,,0.185 (0.248)
spec_govprot_reform,v2jureform_lag1,expand_vs_mixed,-0.15099649900848028,-0.1509964990084809,-0.1509964990084797,0.18324272267723973,0.4099256183281935,2,1.1934897514720433e-15,,-0.151 (0.183)
spec_govprot_reform,v2jureview_lag1,contract_vs_expand,-0.8290040462417969,-0.8290040462417992,-0.8290040462417945,0.32306946254963576,0.010287166266426201,2,4.773959005888173e-15,**,-0.829** (0.323)
spec_govprot_reform,v2jureview_lag1,contract_vs_mixed,-0.3867776781840655,-0.3867776781840665,-0.3867776781840645,0.3699604073428861,0.29581182854857263,2,1.9984014443252818e-15,,-0.387 (0.370)
spec_govprot_reform,v2jureview_lag1,expand_vs_mixed,0.44222636805773297,0.4422263680577316,0.4422263680577343,0.35242674207922164,0.20955004134875144,2,2.7200464103316335e-15,,0.442 (0.352)
spec_govprot_reform,v2x_polyarchy_lag1,contract_vs_expand,-3.459116515069007,-3.459116515069011,-3.459116515069003,1.2315100197459437,0.0049720110591102,2,7.993605777301127e-15,***,-3.459*** (1.232)
spec_govprot_reform,v2x_polyarchy_lag1,contract_vs_mixed,-5.09667495410513,-5.096674954105146,-5.096674954105114,1.4483268308158288,0.000433162236707,2,3.197442310920451e-14,***,-5.097*** (1.448)
spec_govprot_reform,v2x_polyarchy_lag1,expand_vs_mixed,-1.6375584390361162,-1.637558439036133,-1.637558439036099,0.8760375781587728,0.06158404139111845,2,3.397282455352979e-14,*,-1.638* (0.876)
spec_govprot_reform,wdj_govprot_lag1,contract_vs_expand,0.15531250464541235,0.1553125046454122,0.1553125046454125,0.2433757625437718,0.5233699924041328,2,2.7755575615628914e-16,,0.155 (0.243)
spec_govprot_reform,wdj_govprot_lag1,contract_vs_mixed,0.21276372846072245,0.2127637284607222,0.2127637284607227,0.3176235238185887,0.5029461680533751,2,4.996003610813204e-16,,0.213 (0.318)
spec_govprot_reform,wdj_govprot_lag1,expand_vs_mixed,0.0574512238153103,0.0574512238153094,0.0574512238153112,0.2542476353491549,0.8212281622961917,2,1.8041124150158794e-15,,0.057 (0.254)
spec_govprot_reform_decision,high_court,contract_vs_expand,-0.359831329793239,-0.3598313297932391,-0.3598313297932389,0.25046689231343805,0.1508196605893469,2,2.220446049250313e-16,,-0.360 (0.250)
spec_govprot_reform_decision,high_court,contract_vs_mixed,-0.45474089927714645,-0.4547408992771466,-0.4547408992771462,0.3001378387869912,0.12974534404519183,2,3.885780586188048e-16,,-0.455 (0.300)
spec_govprot_reform_decision,high_court,expand_vs_mixed,-0.09490956948390736,-0.0949095694839074,-0.0949095694839073,0.14789299765143066,0.5210388638026389,2,9.71445146547012e-17,,-0.095 (0.148)
spec_govprot_reform_decision,j_ind_lag1,contract_vs_expand,-0.26391309557436327,-0.2639130955743633,-0.2639130955743632,0.26927276084355034,0.3270388438763997,2,1.1102230246251565e-16,,-0.264 (0.269)
spec_govprot_reform_decision,j_ind_lag1,contract_vs_mixed,0.12140337402751135,0.1214033740275103,0.1214033740275124,0.2684211908944834,0.6510623503507094,2,2.1094237467877974e-15,,0.121 (0.268)
spec_govprot_reform_decision,j_ind_lag1,expand_vs_mixed,0.38531646960187427,0.385316469601873,0.3853164696018755,0.19508045313457906,0.048249201699293295,2,2.4980018054066022e-15,**,0.385** (0.195)
spec_govprot_reform_decision,legal_civil,contract_vs_expand,0.3477790924808559,0.3477790924808557,0.3477790924808561,0.3409327425285536,0.30768993630568753,2,3.885780586188048e-16,,0.348 (0.341)
spec_govprot_reform_decision,legal_civil,contract_vs_mixed,0.03312792652045975,0.0331279265204588,0.0331279265204607,0.45576919973227054,0.9420561876872463,2,1.8943180357666733e-15,,0.033 (0.456)
spec_govprot_reform_decision,legal_civil,expand_vs_mixed,-0.31465116596039616,-0.3146511659603973,-0.314651165960395,0.2932949175471246,0.2833541614405378,2,2.3314683517128287e-15,,-0.315 (0.293)
spec_govprot_reform_decision,legal_common,contract_vs_expand,1.76376772692879,1.76376772692879,1.76376772692879,0.3654410737969539,1.3901755842224065e-06,2,0.0,***,1.764*** (0.365)
spec_govprot_reform_decision,legal_common,contract_vs_mixed,0.6557074589241092,0.6557074589241089,0.6557074589241095,0.532942908328942,0.21856525940662103,2,6.661338147750939e-16,,0.656 (0.533)
spec_govprot_reform_decision,legal_common,expand_vs_mixed,-1.1080602680046807,-1.108060268004681,-1.1080602680046805,0.4406106731134667,0.0119090306785134,2,4.440892098500626e-16,**,-1.108** (0.441)
spec_govprot_reform_decision,v2jureform_lag1,contract_vs_expand,0.3235032135043771,0.3235032135043771,0.3235032135043771,0.12393111167937836,0.00904504054363705,2,0.0,***,0.324*** (0.124)
spec_govprot_reform_decision,v2jureform_lag1,contract_vs_mixed,0.13441407090625773,0.1344140709062573,0.1344140709062582,0.2589133724463637,0.6036583149992656,2,9.159339953157541e-16,,0.134 (0.259)
spec_govprot_reform_decision,v2jureform_lag1,expand_vs_mixed,-0.18908914259811932,-0.1890891425981197,-0.1890891425981189,0.19734696830723014,0.3379842007342677,2,8.049116928532385e-16,,-0.189 (0.197)
spec_govprot_reform_decision,v2jureview_lag1,contract_vs_expand,-0.6363894585406039,-0.6363894585406044,-0.6363894585406035,0.31962922558666396,0.046478249023392704,2,8.881784197001252e-16,**,-0.636** (0.320)
spec_govprot_reform_decision,v2jureview_lag1,contract_vs_mixed,-0.36891216591864395,-0.3689121659186449,-0.368912165918643,0.36596707383646765,0.31343169610841753,2,1.887379141862766e-15,,-0.369 (0.366)
spec_govprot_reform_decision,v2jureview_lag1,expand_vs_mixed,0.26747729262195963,0.2674772926219588,0.2674772926219605,0.3515641070692753,0.44676409636093684,2,1.7208456881689926e-15,,0.267 (0.352)
spec_govprot_reform_decision,v2x_polyarchy_lag1,contract_vs_expand,-3.1647044146602834,-3.164704414660284,-3.1647044146602834,1.1853384754269303,0.00758797081008845,2,4.440892098500626e-16,***,-3.165*** (1.185)
spec_govprot_reform_decision,v2x_polyarchy_lag1,contract_vs_mixed,-4.951340048716704,-4.951340048716714,-4.951340048716694,1.4103704102533288,0.0004469849107147,2,2.042810365310288e-14,***,-4.951*** (1.410)
spec_govprot_reform_decision,v2x_polyarchy_lag1,expand_vs_mixed,-1.7866356340564187,-1.7866356340564284,-1.786635634056409,0.8872628745681097,0.0440464413836708,2,1.9539925233402755e-14,**,-1.787** (0.887)
spec_govprot_reform_decision,wdj_govprot_lag1,contract_vs_expand,0.12918214368917375,0.1291821436891737,0.1291821436891738,0.24685685624044018,0.6007600024637672,2,1.1102230246251565e-16,,0.129 (0.247)
spec_govprot_reform_decision,wdj_govprot_lag1,contract_vs_mixed,0.1780390607542518,0.1780390607542512,0.1780390607542524,0.3181617205661049,0.5757613927539891,2,1.2212453270876722e-15,,0.178 (0.318)
spec_govprot_reform_decision,wdj_govprot_lag1,expand_vs_mixed,0.048856917065078095,0.0488569170650777,0.0488569170650785,0.2101913075442392,0.8161961009842942,2,7.979727989493313e-16,,0.049 (0.210)
spec_im_attack,high_court,contract_vs_expand,-0.5430244238517725,-0.5430244238517729,-0.5430244238517722,0.275022501329114,0.0483280173883512,2,6.661338147750939e-16,**,-0.543** (0.275)
spec_im_attack,high_court,contract_vs_mixed,-0.5778800944691778,-0.5778800944691783,-0.5778800944691771,0.28842712479774657,0.045117569553967105,2,1.2212453270876722e-15,**,-0.578** (0.288)
spec_im_attack,high_court,expand_vs_mixed,-0.0348556706174052,-0.0348556706174055,-0.0348556706174049,0.16019181187277687,0.8277508420980122,2,5.967448757360216e-16,,-0.035 (0.160)
spec_im_attack,j_ind_lag1,contract_vs_expand,-0.13689969284964576,-0.1368996928496463,-0.1368996928496452,0.26739619416418475,0.6086697461234893,2,1.0824674490095276e-15,,-0.137 (0.267)
spec_im_attack,j_ind_lag1,contract_vs_mixed,0.23223502057330694,0.2322350205733032,0.2322350205733107,0.25275122820544815,0.35818530632900347,2,7.494005416219807e-15,,0.232 (0.253)
spec_im_attack,j_ind_lag1,expand_vs_mixed,0.36913471342295257,0.3691347134229512,0.369134713422954,0.19495974345433675,0.05830610284472455,2,2.831068712794149e-15,*,0.369* (0.195)
spec_im_attack,legal_civil,contract_vs_expand,0.2981526871396343,0.2981526871396338,0.2981526871396347,0.3311983270833547,0.3680010495466651,2,9.43689570931383e-16,,0.298 (0.331)
spec_im_attack,legal_civil,contract_vs_mixed,0.2863313604552823,0.2863313604552793,0.2863313604552853,0.4665368935193554,0.5393885575648569,2,5.995204332975845e-15,,0.286 (0.467)
spec_im_attack,legal_civil,expand_vs_mixed,-0.011821326684352599,-0.0118213266843544,-0.0118213266843508,0.3520100020673282,0.9732101888531293,2,3.599551212651875e-15,,-0.012 (0.352)
spec_im_attack,legal_common,contract_vs_expand,1.8953926377624928,1.89539263776249,1.8953926377624957,0.3465966425859963,4.5364666162112255e-08,2,5.773159728050814e-15,***,1.895*** (0.347)
spec_im_attack,legal_common,contract_vs_mixed,0.6772759432518585,0.6772759432518538,0.6772759432518632,0.5007574247012112,0.17621444436474415,2,9.43689570931383e-15,,0.677 (0.501)
spec_im_attack,legal_common,expand_vs_mixed,-1.218116694510636,-1.218116694510639,-1.2181166945106332,0.3793069282928878,0.0013207729970717498,2,5.773159728050814e-15,***,-1.218*** (0.379)
spec_im_attack,v2jupoatck_lag1,contract_vs_expand,0.14836038148604186,0.1483603814860418,0.1483603814860419,0.11778618840393705,0.20782319918811593,2,8.326672684688674e-17,,0.148 (0.118)
spec_im_attack,v2jupoatck_lag1,contract_vs_mixed,0.1736776651919072,0.1736776651919065,0.1736776651919079,0.1097262450048143,0.11346089679031934,2,1.3877787807814457e-15,,0.174 (0.110)
spec_im_attack,v2jupoatck_lag1,expand_vs_mixed,0.025317283705865203,0.0253172837058648,0.0253172837058656,0.1019400718245322,0.8038600728493659,2,8.014422459012849e-16,,0.025 (0.102)
spec_im_attack,v2jureview_lag1,contract_vs_expand,-0.773245438378227,-0.7732454383782271,-0.773245438378227,0.3050998513393236,0.0112639676402126,2,1.1102230246251565e-16,**,-0.773** (0.305)
spec_im_attack,v2jureview_lag1,contract_vs_mixed,-0.2899702210757594,-0.28997022107576,-0.2899702210757588,0.35799494760660605,0.41794930508771255,2,1.1657341758564144e-15,,-0.290 (0.358)
spec_im_attack,v2jureview_lag1,expand_vs_mixed,0.4832752173024686,0.4832752173024679,0.4832752173024693,0.3604120442314608,0.17995408701061133,2,1.3877787807814457e-15,,0.483 (0.360)
spec_im_attack,v2x_polyarchy_lag1,contract_vs_expand,-3.531401754035639,-3.531401754035649,-3.5314017540356297,1.1301388307533924,0.0017795599483662,2,1.9095836023552692e-14,***,-3.531*** (1.130)
spec_im_attack,v2x_polyarchy_lag1,contract_vs_mixed,-5.634564267949078,-5.634564267949112,-5.634564267949044,1.3783710144700922,4.354026906866388e-05,2,6.750155989720952e-14,***,-5.635*** (1.378)
spec_im_attack,v2x_polyarchy_lag1,expand_vs_mixed,-2.1031625139134342,-2.1031625139134515,-2.103162513913417,0.917909246727905,0.02194877271018275,2,3.4638958368304884e-14,**,-2.103** (0.918)
spec_im_attack,wdj_intermediaries_lag1,contract_vs_expand,0.8389641428712511,0.8389641428712504,0.8389641428712517,0.636062203820406,0.18717011319797175,2,1.2212453270876722e-15,,0.839 (0.636)
spec_im_attack,wdj_intermediaries_lag1,contract_vs_mixed,0.39583694852388296,0.3958369485238822,0.3958369485238837,0.9546369229454568,0.6784006336911317,2,1.4988010832439613e-15,,0.396 (0.955)
spec_im_attack,wdj_intermediaries_lag1,expand_vs_mixed,-0.4431271943473684,-0.4431271943473688,-0.443127194347368,0.5484703390439943,0.41912924963302656,2,7.771561172376096e-16,,-0.443 (0.548)
spec_im_attack_decision,high_court,contract_vs_expand,-0.48111758195625753,-0.4811175819562576,-0.4811175819562575,0.26479998461886717,0.06923098667245114,2,1.1102230246251565e-16,*,-0.481* (0.265)
spec_im_attack_decision,high_court,contract_vs_mixed,-0.5813406150101852,-0.5813406150101852,-0.5813406150101851,0.305216219663507,0.05682108979676015,2,1.1102230246251565e-16,*,-0.581* (0.305)
spec_im_attack_decision,high_court,expand_vs_mixed,-0.10022303305392749,-0.1002230330539276,-0.1002230330539274,0.15466379226248805,0.5169812047220168,2,2.0816681711721685e-16,,-0.100 (0.155)
spec_im_attack_decision,j_ind_lag1,contract_vs_expand,-0.15015225997882564,-0.1501522599788258,-0.1501522599788255,0.246350683856019,0.5421889892023533,2,3.0531133177191805e-16,,-0.150 (0.246)
spec_im_attack_decision,j_ind_lag1,contract_vs_mixed,0.21426563758457423,0.2142656375845742,0.2142656375845743,0.23299914233203065,0.35778266518592916,2,8.326672684688674e-17,,0.214 (0.233)
spec_im_attack_decision,j_ind_lag1,expand_vs_mixed,0.3644178975633994,0.3644178975633994,0.3644178975633994,0.1753238817739477,0.03765954767682865,2,0.0,**,0.364** (0.175)
spec_im_attack_decision,legal_civil,contract_vs_expand,-0.02272393906019385,-0.0227239390601939,-0.0227239390601938,0.32010269380696,0.9434060901196564,2,1.0061396160665481e-16,,-0.023 (0.320)
spec_im_attack_decision,legal_civil,contract_vs_mixed,0.0638559170855595,0.0638559170855591,0.0638559170855599,0.4377108860793204,0.8840113354629033,2,8.049116928532385e-16,,0.064 (0.438)
spec_im_attack_decision,legal_civil,expand_vs_mixed,0.08657985614575325,0.0865798561457531,0.0865798561457534,0.30168638321218477,0.7741228171646788,2,3.0531133177191805e-16,,0.087 (0.302)
spec_im_attack_decision,legal_common,contract_vs_expand,1.518457706950326,1.5184577069503258,1.518457706950326,0.3584618490953292,2.2749916159104305e-05,2,2.220446049250313e-16,***,1.518*** (0.358)
spec_im_attack_decision,legal_common,contract_vs_mixed,0.5241720556498448,0.5241720556498439,0.5241720556498456,0.49626703523164784,0.2908632168384768,2,1.6653345369377348e-15,,0.524 (0.496)
spec_im_attack_decision,legal_common,expand_vs_mixed,-0.9942856513004804,-0.9942856513004814,-0.9942856513004794,0.3864753923174121,0.010090832525912,2,1.9984014443252818e-15,**,-0.994** (0.386)
spec_im_attack_decision,v2jupoatck_lag1,contract_vs_expand,0.12022195306209746,0.1202219530620974,0.1202219530620975,0.10306597864990161,0.24343003479877975,2,9.71445146547012e-17,,0.120 (0.103)
spec_im_attack_decision,v2jupoatck_lag1,contract_vs_mixed,0.17764005066883737,0.1776400506688373,0.1776400506688374,0.10606548435127144,0.0939705598880045,2,8.326672684688674e-17,*,0.178* (0.106)
spec_im_attack_decision,v2jupoatck_lag1,expand_vs_mixed,0.05741809760673985,0.0574180976067396,0.0574180976067401,0.08126126913137385,0.47982361952160246,2,4.996003610813204e-16,,0.057 (0.081)
spec_im_attack_decision,v2jureview_lag1,contract_vs_expand,-0.6218080167019331,-0.6218080167019332,-0.6218080167019331,0.30585513688712407,0.042051028849976246,2,1.1102230246251565e-16,**,-0.622** (0.306)
spec_im_attack_decision,v2jureview_lag1,contract_vs_mixed,-0.2617716377048059,-0.2617716377048064,-0.2617716377048054,0.35581540865679473,0.46191629791254585,2,9.992007221626409e-16,,-0.262 (0.356)
spec_im_attack_decision,v2jureview_lag1,expand_vs_mixed,0.36003637899712637,0.3600363789971252,0.3600363789971276,0.3623059823861387,0.32035157097570516,2,2.3869795029440866e-15,,0.360 (0.362)
spec_im_attack_decision,v2x_polyarchy_lag1,contract_vs_expand,-3.1734310064458713,-3.1734310064458717,-3.173431006445871,1.0321240063729675,0.00210742231794335,2,8.881784197001252e-16,***,-3.173*** (1.032)
spec_im_attack_decision,v2x_polyarchy_lag1,contract_vs_mixed,-5.5693113672467796,-5.56931136724678,-5.569311367246779,1.3688753557198252,4.731053457114819e-05,2,1.7763568394002505e-15,***,-5.569*** (1.369)
spec_im_attack_decision,v2x_polyarchy_lag1,expand_vs_mixed,-2.395880360800906,-2.3958803608009065,-2.3958803608009056,0.9285099034552899,0.009870027648992901,2,8.881784197001252e-16,***,-2.396*** (0.929)
spec_im_attack_decision,wdj_intermediaries_lag1,contract_vs_expand,0.7979490717837935,0.7979490717837933,0.7979490717837937,0.6078642111379636,0.18928088453928935,2,4.440892098500626e-16,,0.798 (0.608)
spec_im_attack_decision,wdj_intermediaries_lag1,contract_vs_mixed,0.16428632798986936,0.1642863279898692,0.1642863279898695,0.93629997853891,0.8607155688446986,2,3.0531133177191805e-16,,0.164 (0.936)
spec_im_attack_decision,wdj_intermediaries_lag1,expand_vs_mixed,-0.6336627437939242,-0.6336627437939242,-0.6336627437939241,0.5128654730002022,0.2166318202533194,2,1.1102230246251565e-16,,-0.634 (0.513)
spec_im_pack,high_court,contract_vs_expand,-0.4435598513943652,-0.4435598513943657,-0.4435598513943647,0.2613553749930687,0.08966788819897385,2,9.992007221626409e-16,*,-0.444* (0.261)
spec_im_pack,high_court,contract_vs_mixed,-0.4386589102168415,-0.4386589102168416,-0.4386589102168414,0.26710991204939993,0.10054002148578065,2,2.220446049250313e-16,,-0.439 (0.267)
spec_im_pack,high_court,expand_vs_mixed,0.0049009411775238505,0.0049009411775238,0.0049009411775239,0.13865307598317284,0.9718032134943548,2,9.974659986866641e-17,,0.005 (0.139)
spec_im_pack,j_ind_lag1,contract_vs_expand,-0.131637646575191,-0.1316376465751931,-0.1316376465751889,0.27042235420449606,0.6264104369646626,2,4.218847493575595e-15,,-0.132 (0.270)
spec_im_pack,j_ind_lag1,contract_vs_mixed,0.22840353998354665,0.2284035399835431,0.2284035399835502,0.25334089447013863,0.36728745249347716,2,7.105427357601002e-15,,0.228 (0.253)
spec_im_pack,j_ind_lag1,expand_vs_mixed,0.36004118655873785,0.3600411865587354,0.3600411865587403,0.1881047911978434,0.0556143032580714,2,4.884981308350689e-15,*,0.360* (0.188)
spec_im_pack,legal_civil,contract_vs_expand,0.32481883201571926,0.3248188320157175,0.324818832015721,0.33437901633810935,0.3313445798821746,2,3.497202527569243e-15,,0.325 (0.334)
spec_im_pack,legal_civil,contract_vs_mixed,0.48106418344819013,0.4810641834481872,0.4810641834481931,0.47704086943941626,0.3132462063975179,2,5.88418203051333e-15,,0.481 (0.477)
spec_im_pack,legal_civil,expand_vs_mixed,0.15624535143246998,0.1562453514324673,0.1562453514324727,0.3896119738906406,0.6883994321194917,2,5.412337245047638e-15,,0.156 (0.390)
spec_im_pack,legal_common,contract_vs_expand,1.9135127341121783,1.9135127341121776,1.913512734112179,0.36282308969499866,1.3351448569764003e-07,2,1.3322676295501878e-15,***,1.914*** (0.363)
spec_im_pack,legal_common,contract_vs_mixed,0.6965010607759524,0.6965010607759513,0.6965010607759535,0.5175618297991056,0.17838799970502178,2,2.220446049250313e-15,,0.697 (0.518)
spec_im_pack,legal_common,expand_vs_mixed,-1.2170116733362275,-1.2170116733362295,-1.2170116733362255,0.39601228583080583,0.00211800309369485,2,3.9968028886505635e-15,***,-1.217*** (0.396)
spec_im_pack,v2jupack_lag1,contract_vs_expand,0.21390465137960665,0.2139046513796049,0.2139046513796084,0.15169931321715535,0.1585229055724915,2,3.497202527569243e-15,,0.214 (0.152)
spec_im_pack,v2jupack_lag1,contract_vs_mixed,0.5634140746584111,0.5634140746584089,0.5634140746584132,0.2435157661111542,0.02068606693877935,2,4.3298697960381105e-15,**,0.563** (0.244)
spec_im_pack,v2jupack_lag1,expand_vs_mixed,0.3495094232788037,0.3495094232788021,0.3495094232788053,0.2039906460024569,0.08664632131287975,2,3.219646771412954e-15,*,0.350* (0.204)
spec_im_pack,v2jureview_lag1,contract_vs_expand,-0.8771763390588183,-0.8771763390588186,-0.877176339058818,0.30617000043382714,0.00417012305425885,2,6.661338147750939e-16,***,-0.877*** (0.306)
spec_im_pack,v2jureview_lag1,contract_vs_mixed,-0.45154523594106905,-0.4515452359410697,-0.4515452359410684,0.3770842480507759,0.23112531326663394,2,1.3322676295501878e-15,,-0.452 (0.377)
spec_im_pack,v2jureview_lag1,expand_vs_mixed,0.42563110311775054,0.4256311031177492,0.4256311031177518,0.37051960314259025,0.2506627456026098,2,2.609024107869118e-15,,0.426 (0.371)
spec_im_pack,v2x_polyarchy_lag1,contract_vs_expand,-3.877695721776608,-3.8776957217766257,-3.87769572177659,1.2198479868222403,0.00147868135125415,2,3.552713678800501e-14,***,-3.878*** (1.220)
spec_im_pack,v2x_polyarchy_lag1,contract_vs_mixed,-7.231922421946386,-7.23192242194642,-7.231922421946352,1.7942113847986016,5.5611699295355705e-05,2,6.838973831690964e-14,***,-7.232*** (1.794)
spec_im_pack,v2x_polyarchy_lag1,expand_vs_mixed,-3.3542267001697748,-3.3542267001698005,-3.354226700169749,1.2550255639221342,0.007525782669086101,2,5.1514348342607263e-14,***,-3.354*** (1.255)
spec_im_pack,wdj_intermediaries_lag1,contract_vs_expand,0.7621356152564651,0.7621356152564651,0.7621356152564651,0.6361327756262414,0.23088730637278654,2,0.0,,0.762 (0.636)
spec_im_pack,wdj_intermediaries_lag1,contract_vs_mixed,0.13827986548364296,0.1382798654836428,0.1382798654836431,0.960761869524409,0.8855578748348325,2,3.0531133177191805e-16,,0.138 (0.961)
spec_im_pack,wdj_intermediaries_lag1,expand_vs_mixed,-0.6238557497728219,-0.6238557497728229,-0.623855749772821,0.5421941450933251,0.2498913928939706,2,1.887379141862766e-15,,-0.624 (0.542)
spec_im_pack_decision,high_court,contract_vs_expand,-0.39454211542504547,-0.3945421154250456,-0.3945421154250453,0.2505319135340196,0.11529850790841215,2,2.7755575615628914e-16,,-0.395 (0.251)
spec_im_pack_decision,high_court,contract_vs_mixed,-0.44792867919049545,-0.4479286791904955,-0.4479286791904954,0.29447615063833066,0.1282338869360147,2,1.1102230246251565e-16,,-0.448 (0.294)
spec_im_pack_decision,high_court,expand_vs_mixed,-0.0533865637654497,-0.0533865637654498,-0.0533865637654496,0.1452049610242107,0.7131241620110448,2,2.0122792321330962e-16,,-0.053 (0.145)
spec_im_pack_decision,j_ind_lag1,contract_vs_expand,-0.1445647899105707,-0.1445647899105717,-0.1445647899105697,0.24744847795713285,0.5590711108600459,2,1.9984014443252818e-15,,-0.145 (0.247)
spec_im_pack_decision,j_ind_lag1,contract_vs_mixed,0.21428894904275958,0.2142889490427584,0.2142889490427608,0.2314038465819856,0.35442579737232827,2,2.4147350785597155e-15,,0.214 (0.231)
spec_im_pack_decision,j_ind_lag1,expand_vs_mixed,0.35885373895333045,0.35885373895333,0.3588537389533309,0.17274980172525195,0.037773571625386596,2,8.881784197001252e-16,**,0.359** (0.173)
spec_im_pack_decision,legal_civil,contract_vs_expand,0.0075728770846556995,0.0075728770846548,0.0075728770846566,0.3067262142694917,0.980302733769798,2,1.7997756063259374e-15,,0.008 (0.307)
spec_im_pack_decision,legal_civil,contract_vs_mixed,0.2602997646725532,0.260299764672553,0.2602997646725535,0.4609249540976773,0.5722550415894063,2,4.996003610813204e-16,,0.260 (0.461)
spec_im_pack_decision,legal_civil,expand_vs_mixed,0.25272688758789824,0.2527268875878979,0.2527268875878986,0.34416091037154095,0.46274904336060313,2,6.661338147750939e-16,,0.253 (0.344)
spec_im_pack_decision,legal_common,contract_vs_expand,1.5134294712793537,1.5134294712793532,1.513429471279354,0.3673075797091391,3.783255192016213e-05,2,6.661338147750939e-16,***,1.513*** (0.367)
spec_im_pack_decision,legal_common,contract_vs_mixed,0.5231276084078311,0.52312760840783,0.5231276084078321,0.5150888028469027,0.30981674159316963,2,2.1094237467877974e-15,,0.523 (0.515)
spec_im_pack_decision,legal_common,expand_vs_mixed,-0.9903018628715218,-0.990301862871522,-0.9903018628715216,0.4039475276321782,0.0142238214383275,2,4.440892098500626e-16,**,-0.990** (0.404)
spec_im_pack_decision,v2jupack_lag1,contract_vs_expand,0.20045020981868766,0.2004502098186868,0.2004502098186885,0.16331171296396507,0.21966903532717,2,1.6930901125533637e-15,,0.200 (0.163)
spec_im_pack_decision,v2jupack_lag1,contract_vs_mixed,0.5364016022978515,0.5364016022978512,0.5364016022978517,0.2540338731214279,0.034726289294552695,2,5.551115123125783e-16,**,0.536** (0.254)
spec_im_pack_decision,v2jupack_lag1,expand_vs_mixed,0.3359513924791644,0.3359513924791641,0.3359513924791646,0.2168147210347196,0.12126491486304775,2,4.996003610813204e-16,,0.336 (0.217)
spec_im_pack_decision,v2jureview_lag1,contract_vs_expand,-0.6982800510354673,-0.6982800510354675,-0.6982800510354671,0.2948447463863404,0.0178701639723507,2,4.440892098500626e-16,**,-0.698** (0.295)
spec_im_pack_decision,v2jureview_lag1,contract_vs_mixed,-0.41576913403693694,-0.4157691340369382,-0.4157691340369357,0.372540272670144,0.26440583096476633,2,2.4980018054066022e-15,,-0.416 (0.373)
spec_im_pack_decision,v2jureview_lag1,expand_vs_mixed,0.28251091699852937,0.2825109169985292,0.2825109169985295,0.3632590760720914,0.4367388577584129,2,2.7755575615628914e-16,,0.283 (0.363)
spec_im_pack_decision,v2x_polyarchy_lag1,contract_vs_expand,-3.5288277979112754,-3.528827797911285,-3.528827797911266,1.1101390502140884,0.0014792388022334,2,1.9095836023552692e-14,***,-3.529*** (1.110)
spec_im_pack_decision,v2x_polyarchy_lag1,contract_vs_mixed,-7.007040685691318,-7.007040685691326,-7.00704068569131,1.777758733878001,8.097275452024844e-05,2,1.5987211554602254e-14,***,-7.007*** (1.778)
spec_im_pack_decision,v2x_polyarchy_lag1,expand_vs_mixed,-3.4782128877800464,-3.47821288778005,-3.478212887780043,1.2664328026815654,0.0060241382892759505,2,7.105427357601002e-15,***,-3.478*** (1.266)
spec_im_pack_decision,wdj_intermediaries_lag1,contract_vs_expand,0.7460105500567658,0.7460105500567653,0.7460105500567661,0.6056034472096996,0.2180063904658067,2,7.771561172376096e-16,,0.746 (0.606)
spec_im_pack_decision,wdj_intermediaries_lag1,contract_vs_mixed,-0.0436925803841383,-0.0436925803841392,-0.0436925803841374,0.9364946634704613,0.9627878370297306,2,1.8041124150158794e-15,,-0.044 (0.936)
spec_im_pack_decision,wdj_intermediaries_lag1,expand_vs_mixed,-0.7897031304409048,-0.789703130440905,-0.7897031304409047,0.5101425995036488,0.1216211702452727,2,3.3306690738754696e-16,,-0.790 (0.510)
spec_im_reform,high_court,contract_vs_expand,-0.4203555937266107,-0.4203555937266107,-0.4203555937266107,0.262530667414994,0.10933980709222174,2,0.0,,-0.420 (0.263)
spec_im_reform,high_court,contract_vs_mixed,-0.46939393610402524,-0.4693939361040254,-0.4693939361040251,0.289190622036535,0.1045616459965209,2,3.3306690738754696e-16,,-0.469 (0.289)
spec_im_reform,high_court,expand_vs_mixed,-0.0490383423774146,-0.0490383423774149,-0.0490383423774143,0.1452467621700564,0.7356488911569512,2,5.967448757360216e-16,,-0.049 (0.145)
spec_im_reform,j_ind_lag1,contract_vs_expand,-0.21461296486498385,-0.214612964864985,-0.2146129648649827,0.2515256782475822,0.39352359102270784,2,2.275957200481571e-15,,-0.215 (0.252)
spec_im_reform,j_ind_lag1,contract_vs_mixed,0.17516695873775195,0.1751669587377511,0.1751669587377528,0.2554912452006617,0.4929600463026669,2,1.6930901125533637e-15,,0.175 (0.255)
spec_im_reform,j_ind_lag1,expand_vs_mixed,0.3897799236027356,0.3897799236027355,0.3897799236027358,0.19445974927137066,0.04502458617707705,2,2.7755575615628914e-16,**,0.390** (0.194)
spec_im_reform,legal_civil,contract_vs_expand,0.5636799551621315,0.5636799551621308,0.5636799551621323,0.3475576284041123,0.1048394038083578,2,1.5543122344752192e-15,,0.564 (0.348)
spec_im_reform,legal_civil,contract_vs_mixed,0.374454497108354,0.3744544971083525,0.3744544971083555,0.4982131315411016,0.4522946529007445,2,2.9976021664879227e-15,,0.374 (0.498)
spec_im_reform,legal_civil,expand_vs_mixed,-0.18922545805377725,-0.1892254580537788,-0.1892254580537757,0.3669359628026896,0.6060704614556502,2,3.1086244689504383e-15,,-0.189 (0.367)
spec_im_reform,legal_common,contract_vs_expand,2.2855119773664136,2.2855119773664123,2.285511977366415,0.3672156119566084,4.849569347233654e-10,2,2.6645352591003757e-15,***,2.286*** (0.367)
spec_im_reform,legal_common,contract_vs_mixed,0.9157252699148322,0.9157252699148294,0.9157252699148348,0.5547148507030293,0.0987786857730194,2,5.440092820663267e-15,*,0.916* (0.555)
spec_im_reform,legal_common,expand_vs_mixed,-1.3697867074515815,-1.3697867074515842,-1.3697867074515788,0.44288659322213864,0.0019823690869122503,2,5.329070518200751e-15,***,-1.370*** (0.443)
spec_im_reform,v2jureform_lag1,contract_vs_expand,0.3242105818550569,0.3242105818550567,0.3242105818550571,0.1198651537319605,0.00683467022306685,2,3.885780586188048e-16,***,0.324*** (0.120)
spec_im_reform,v2jureform_lag1,contract_vs_mixed,0.17679695822811903,0.1767969582281187,0.1767969582281194,0.24969597108640135,0.4789148896722826,2,6.938893903907228e-16,,0.177 (0.250)
spec_im_reform,v2jureform_lag1,expand_vs_mixed,-0.1474136236269377,-0.1474136236269382,-0.1474136236269372,0.18314068285956386,0.4208657669684661,2,9.992007221626409e-16,,-0.147 (0.183)
spec_im_reform,v2jureview_lag1,contract_vs_expand,-0.8001542684658884,-0.8001542684658889,-0.8001542684658881,0.3054526853249772,0.00880410587115205,2,7.771561172376096e-16,***,-0.800*** (0.305)
spec_im_reform,v2jureview_lag1,contract_vs_mixed,-0.35345499869196506,-0.3534549986919666,-0.3534549986919635,0.3604013547548812,0.3267278518695892,2,3.1086244689504383e-15,,-0.353 (0.360)
spec_im_reform,v2jureview_lag1,expand_vs_mixed,0.4466992697739237,0.4466992697739227,0.4466992697739247,0.36510548339628135,0.22114844026461417,2,1.9984014443252818e-15,,0.447 (0.365)
spec_im_reform,v2x_polyarchy_lag1,contract_vs_expand,-3.6603092924606173,-3.660309292460625,-3.6603092924606098,1.1953919906397452,0.0021985176769473997,2,1.509903313490213e-14,***,-3.660*** (1.195)
spec_im_reform,v2x_polyarchy_lag1,contract_vs_mixed,-5.3655167906378995,-5.365516790637908,-5.365516790637891,1.3798209870177525,0.0001008407146668,2,1.7763568394002505e-14,***,-5.366*** (1.380)
spec_im_reform,v2x_polyarchy_lag1,expand_vs_mixed,-1.7052074981772818,-1.7052074981772882,-1.7052074981772751,0.8030203328232282,0.03371261956691015,2,1.3100631690576847e-14,**,-1.705** (0.803)
spec_im_reform,wdj_intermediaries_lag1,contract_vs_expand,0.8005446282264372,0.8005446282264371,0.8005446282264372,0.6067668583139765,0.1870483988414661,2,1.1102230246251565e-16,,0.801 (0.607)
spec_im_reform,wdj_intermediaries_lag1,contract_vs_mixed,0.3776526630740167,0.3776526630740161,0.3776526630740173,0.9504026958447782,0.6911015052994262,2,1.1657341758564144e-15,,0.378 (0.950)
spec_im_reform,wdj_intermediaries_lag1,expand_vs_mixed,-0.42289196515242056,-0.4228919651524208,-0.4228919651524204,0.5721735396695318,0.4598478665351078,2,3.885780586188048e-16,,-0.423 (0.572)
spec_im_reform_decision,high_court,contract_vs_expand,-0.36510279033403226,-0.3651027903340323,-0.3651027903340322,0.2480821411364379,0.14110157740493715,2,1.1102230246251565e-16,,-0.365 (0.248)
spec_im_reform_decision,high_court,contract_vs_mixed,-0.4784993786373728,-0.4784993786373729,-0.4784993786373727,0.3123130461918877,0.12549415690257731,2,2.220446049250313e-16,,-0.478 (0.312)
spec_im_reform_decision,high_court,expand_vs_mixed,-0.1133965883033406,-0.1133965883033406,-0.1133965883033406,0.15820040408567243,0.4735032122672346,2,0.0,,-0.113 (0.158)
spec_im_reform_decision,j_ind_lag1,contract_vs_expand,-0.2230144616655823,-0.2230144616655837,-0.2230144616655809,0.2369908093678007,0.3466916471884266,2,2.8033131371785203e-15,,-0.223 (0.237)
spec_im_reform_decision,j_ind_lag1,contract_vs_mixed,0.1721200651626955,0.172120065162694,0.172120065162697,0.2434276464729796,0.47952379705610837,2,2.9976021664879227e-15,,0.172 (0.243)
spec_im_reform_decision,j_ind_lag1,expand_vs_mixed,0.3951345268282783,0.3951345268282774,0.3951345268282793,0.17707193984390002,0.02564859061522395,2,1.942890293094024e-15,**,0.395** (0.177)
spec_im_reform_decision,legal_civil,contract_vs_expand,0.24358604890576901,0.2435860489057682,0.2435860489057698,0.32363145025331297,0.4516512779576445,2,1.582067810090848e-15,,0.244 (0.324)
spec_im_reform_decision,legal_civil,contract_vs_mixed,0.1092210960231382,0.1092210960231373,0.1092210960231391,0.4838147053614785,0.8213959858657891,2,1.8041124150158794e-15,,0.109 (0.484)
spec_im_reform_decision,legal_civil,expand_vs_mixed,-0.13436495288263034,-0.1343649528826309,-0.1343649528826298,0.3315302863487203,0.6852664775162491,2,1.0824674490095276e-15,,-0.134 (0.332)
spec_im_reform_decision,legal_common,contract_vs_expand,1.865527337795139,1.865527337795139,1.865527337795139,0.3866289314282617,1.399256288703074e-06,2,0.0,***,1.866*** (0.387)
spec_im_reform_decision,legal_common,contract_vs_mixed,0.7012504996195337,0.7012504996195333,0.7012504996195341,0.5428082339065471,0.19639398407715092,2,7.771561172376096e-16,,0.701 (0.543)
spec_im_reform_decision,legal_common,expand_vs_mixed,-1.1642768381756046,-1.1642768381756046,-1.1642768381756043,0.4352772742965487,0.0074775285092273,2,2.220446049250313e-16,***,-1.164*** (0.435)
spec_im_reform_decision,v2jureform_lag1,contract_vs_expand,0.3173533591568284,0.3173533591568282,0.3173533591568286,0.12395885640725274,0.0104626767393503,2,3.885780586188048e-16,**,0.317** (0.124)
spec_im_reform_decision,v2jureform_lag1,contract_vs_mixed,0.12915028557899827,0.1291502855789981,0.1291502855789984,0.26144949370820314,0.6213217502671707,2,3.0531133177191805e-16,,0.129 (0.261)
spec_im_reform_decision,v2jureform_lag1,expand_vs_mixed,-0.18820307357783,-0.18820307357783,-0.18820307357783,0.19510400536055256,0.3347304324715385,2,0.0,,-0.188 (0.195)
spec_im_reform_decision,v2jureview_lag1,contract_vs_expand,-0.6125084095676918,-0.6125084095676925,-0.612508409567691,0.297973875167661,0.03982325316242405,2,1.4432899320127035e-15,**,-0.613** (0.298)
spec_im_reform_decision,v2jureview_lag1,contract_vs_mixed,-0.34100765429260005,-0.3410076542926005,-0.3410076542925996,0.3583888586396936,0.3413496907815446,2,8.881784197001252e-16,,-0.341 (0.358)
spec_im_reform_decision,v2jureview_lag1,expand_vs_mixed,0.2715007552750917,0.2715007552750913,0.2715007552750921,0.35677806618697383,0.44666937732836354,2,7.771561172376096e-16,,0.272 (0.357)
spec_im_reform_decision,v2x_polyarchy_lag1,contract_vs_expand,-3.34987188672555,-3.349871886725558,-3.3498718867255417,1.106768837588155,0.00247228379235275,2,1.6431300764452317e-14,***,-3.350*** (1.107)
spec_im_reform_decision,v2x_polyarchy_lag1,contract_vs_mixed,-5.17310802365394,-5.173108023653948,-5.173108023653931,1.341744833258571,0.00011548952364474999,2,1.687538997430238e-14,***,-5.173*** (1.342)
spec_im_reform_decision,v2x_polyarchy_lag1,expand_vs_mixed,-1.823236136928394,-1.8232361369283987,-1.8232361369283892,0.8116496308991488,0.02468262430777385,2,9.547918011776346e-15,**,-1.823** (0.812)
spec_im_reform_decision,wdj_intermediaries_lag1,contract_vs_expand,0.7855858885282032,0.7855858885282027,0.7855858885282037,0.5807412475008551,0.17614202332401252,2,9.992007221626409e-16,,0.786 (0.581)
spec_im_reform_decision,wdj_intermediaries_lag1,contract_vs_mixed,0.16223053678203536,0.1622305367820352,0.1622305367820355,0.9356316712592896,0.8623437413360713,2,3.0531133177191805e-16,,0.162 (0.936)
spec_im_reform_decision,wdj_intermediaries_lag1,expand_vs_mixed,-0.6233553517461681,-0.6233553517461681,-0.623355351746168,0.5442380437927323,0.25205483708934495,2,1.1102230246251565e-16,,-0.623 (0.544)
spec_p_attack,high_court,contract_vs_expand,-0.562434774193835,-0.5624347741938351,-0.5624347741938349,0.27721660133602066,0.04247214751969625,2,2.220446049250313e-16,**,-0.562** (0.277)
spec_p_attack,high_court,contract_vs_mixed,-0.6002365579938507,-0.6002365579938509,-0.6002365579938506,0.2842782847004378,0.03473450499843905,2,3.3306690738754696e-16,**,-0.600** (0.284)
spec_p_attack,high_court,expand_vs_mixed,-0.0378017838000156,-0.0378017838000157,-0.0378017838000155,0.15203354612224795,0.8036384355523444,2,2.0122792321330962e-16,,-0.038 (0.152)
spec_p_attack,j_ind_lag1,contract_vs_expand,-0.1428758865162382,-0.1428758865162389,-0.1428758865162375,0.2741773513359738,0.6022918550486522,2,1.3877787807814457e-15,,-0.143 (0.274)
spec_p_attack,j_ind_lag1,contract_vs_mixed,0.2300532781853144,0.2300532781853131,0.2300532781853157,0.24203311716590675,0.3418565745318741,2,2.609024107869118e-15,,0.230 (0.242)
spec_p_attack,j_ind_lag1,expand_vs_mixed,0.37292916470155324,0.3729291647015523,0.3729291647015542,0.17667509958738942,0.0347878686403802,2,1.887379141862766e-15,**,0.373** (0.177)
spec_p_attack,legal_civil,contract_vs_expand,0.37846708468069046,0.3784670846806898,0.3784670846806911,0.3553045267622562,0.2867896322247826,2,1.3322676295501878e-15,,0.378 (0.355)
spec_p_attack,legal_civil,contract_vs_mixed,0.07640674840540396,0.0764067484054036,0.0764067484054043,0.4118624591627708,0.8528249556547325,2,7.077671781985373e-16,,0.076 (0.412)
spec_p_attack,legal_civil,expand_vs_mixed,-0.30206033627528645,-0.3020603362752868,-0.3020603362752861,0.305986518223318,0.3235599066648944,2,6.661338147750939e-16,,-0.302 (0.306)
spec_p_attack,legal_common,contract_vs_expand,1.8927536452611646,1.8927536452611613,1.892753645261168,0.3473238512892446,5.050155260431702e-08,2,6.661338147750939e-15,***,1.893*** (0.347)
spec_p_attack,legal_common,contract_vs_mixed,0.8494383968570781,0.849438396857077,0.8494383968570792,0.46457162544445574,0.06748449371104945,2,2.220446049250313e-15,*,0.849* (0.465)
spec_p_attack,legal_common,expand_vs_mixed,-1.0433152484040877,-1.0433152484040888,-1.0433152484040868,0.3745276015152106,0.00534150465272805,2,1.9984014443252818e-15,***,-1.043*** (0.375)
spec_p_attack,v2jupoatck_lag1,contract_vs_expand,0.14596092553972007,0.14596092553972,0.1459609255397201,0.12369614870200335,0.23800191882003235,2,8.326672684688674e-17,,0.146 (0.124)
spec_p_attack,v2jupoatck_lag1,contract_vs_mixed,0.16889855316555505,0.168898553165555,0.1688985531655551,0.10248502560487946,0.09934620199147334,2,1.1102230246251565e-16,*,0.169* (0.102)
spec_p_attack,v2jupoatck_lag1,expand_vs_mixed,0.0229376276258351,0.0229376276258345,0.0229376276258357,0.09386802424284695,0.8069517111472347,2,1.2004286453759505e-15,,0.023 (0.094)
spec_p_attack,v2jureview_lag1,contract_vs_expand,-0.8198577851282506,-0.8198577851282525,-0.8198577851282487,0.33566803400149103,0.014587300604926301,2,3.774758283725532e-15,**,-0.820** (0.336)
spec_p_attack,v2jureview_lag1,contract_vs_mixed,-0.357743393979998,-0.3577433939799994,-0.3577433939799966,0.38767111155270373,0.35611077902046784,2,2.7755575615628914e-15,,-0.358 (0.388)
spec_p_attack,v2jureview_lag1,expand_vs_mixed,0.4621143911482529,0.462114391148251,0.4621143911482549,0.36383760490579364,0.20404485215324053,2,3.941291737419306e-15,,0.462 (0.364)
spec_p_attack,v2x_polyarchy_lag1,contract_vs_expand,-3.5614230604608634,-3.56142306046087,-3.5614230604608568,1.1740392627868883,0.0024175180141398998,2,1.3322676295501878e-14,***,-3.561*** (1.174)
spec_p_attack,v2x_polyarchy_lag1,contract_vs_mixed,-5.994767280374814,-5.99476728037482,-5.994767280374809,1.3244215765532417,6.001722969013905e-06,2,1.0658141036401503e-14,***,-5.995*** (1.324)
spec_p_attack,v2x_polyarchy_lag1,expand_vs_mixed,-2.4333442199139546,-2.4333442199139634,-2.433344219913946,0.8569403052785209,0.00451740128105535,2,1.7319479184152442e-14,***,-2.433*** (0.857)
spec_p_attack,wdj_press_lag1,contract_vs_expand,0.5753380265347251,0.5753380265347232,0.575338026534727,0.5957744880620883,0.33419549283659455,2,3.774758283725532e-15,,0.575 (0.596)
spec_p_attack,wdj_press_lag1,contract_vs_mixed,1.6120075878299212,1.6120075878299198,1.6120075878299225,0.6365724729030644,0.0113309319991316,2,2.6645352591003757e-15,**,1.612** (0.637)
spec_p_attack,wdj_press_lag1,expand_vs_mixed,1.0366695612951955,1.0366695612951953,1.0366695612951955,0.3790309294033155,0.0062370292431977,2,2.220446049250313e-16,***,1.037*** (0.379)
spec_p_attack_decision,high_court,contract_vs_expand,-0.4948033489144253,-0.4948033489144254,-0.4948033489144252,0.2652260085946741,0.06209855996783045,2,2.220446049250313e-16,*,-0.495* (0.265)
spec_p_attack_decision,high_court,contract_vs_mixed,-0.5939106066402408,-0.5939106066402409,-0.5939106066402406,0.30326262487201255,0.05018267641665145,2,2.220446049250313e-16,*,-0.594* (0.303)
spec_p_attack_decision,high_court,expand_vs_mixed,-0.0991072577258154,-0.0991072577258155,-0.0991072577258153,0.1527877695884756,0.5165584050875873,2,1.942890293094024e-16,,-0.099 (0.153)
spec_p_attack_decision,j_ind_lag1,contract_vs_expand,-0.1529871379652021,-0.1529871379652023,-0.1529871379652019,0.2498950557048563,0.5404017754909876,2,3.885780586188048e-16,,-0.153 (0.250)
spec_p_attack_decision,j_ind_lag1,contract_vs_mixed,0.22871245086005432,0.2287124508600539,0.2287124508600547,0.21928714041637304,0.29695681831653287,2,8.049116928532385e-16,,0.229 (0.219)
spec_p_attack_decision,j_ind_lag1,expand_vs_mixed,0.3816995888252567,0.3816995888252562,0.3816995888252572,0.1737109531470692,0.02799717411335955,2,9.992007221626409e-16,**,0.382** (0.174)
spec_p_attack_decision,legal_civil,contract_vs_expand,0.042705817160416146,0.0427058171604161,0.0427058171604162,0.32800464900418025,0.8964091307778025,2,1.0408340855860843e-16,,0.043 (0.328)
spec_p_attack_decision,legal_civil,contract_vs_mixed,-0.12663680687940043,-0.1266368068794005,-0.1266368068794004,0.3909374487060949,0.7459901803883957,2,8.326672684688674e-17,,-0.127 (0.391)
spec_p_attack_decision,legal_civil,expand_vs_mixed,-0.16934262403981665,-0.1693426240398168,-0.1693426240398165,0.276458194356962,0.5401783366047583,2,3.0531133177191805e-16,,-0.169 (0.276)
spec_p_attack_decision,legal_common,contract_vs_expand,1.5454638041304543,1.5454638041304538,1.5454638041304547,0.3351144392858969,3.992942605137343e-06,2,8.881784197001252e-16,***,1.545*** (0.335)
spec_p_attack_decision,legal_common,contract_vs_mixed,0.6840308971642671,0.684030897164267,0.6840308971642672,0.4532040547216468,0.13121648881022704,2,2.220446049250313e-16,,0.684 (0.453)
spec_p_attack_decision,legal_common,expand_vs_mixed,-0.8614329069661875,-0.8614329069661877,-0.8614329069661874,0.37581027134886413,0.021894012417316852,2,3.3306690738754696e-16,**,-0.861** (0.376)
spec_p_attack_decision,v2jupoatck_lag1,contract_vs_expand,0.1136647564926862,0.1136647564926861,0.1136647564926863,0.1067508249530904,0.2869813784021765,2,1.942890293094024e-16,,0.114 (0.107)
spec_p_attack_decision,v2jupoatck_lag1,contract_vs_mixed,0.167123160161058,0.1671231601610578,0.1671231601610582,0.10005524949920425,0.0948582900302131,2,3.885780586188048e-16,*,0.167* (0.100)
spec_p_attack_decision,v2jupoatck_lag1,expand_vs_mixed,0.053458403668371846,0.0534584036683718,0.0534584036683719,0.08222689007864051,0.5156064015466713,2,1.0408340855860843e-16,,0.053 (0.082)
spec_p_attack_decision,v2jureview_lag1,contract_vs_expand,-0.6647564901375904,-0.6647564901375905,-0.6647564901375904,0.33196444551952653,0.045231731415673895,2,1.1102230246251565e-16,**,-0.665** (0.332)
spec_p_attack_decision,v2jureview_lag1,contract_vs_mixed,-0.31470942491390963,-0.3147094249139098,-0.3147094249139094,0.37505860592684426,0.4014165642310392,2,3.885780586188048e-16,,-0.315 (0.375)
spec_p_attack_decision,v2jureview_lag1,expand_vs_mixed,0.350047065223681,0.3500470652236808,0.3500470652236812,0.36301722862637287,0.33490996691546004,2,3.885780586188048e-16,,0.350 (0.363)
spec_p_attack_decision,v2x_polyarchy_lag1,contract_vs_expand,-3.2673312194340367,-3.2673312194340367,-3.2673312194340363,1.0361936481954532,0.00161488235778475,2,4.440892098500626e-16,***,-3.267*** (1.036)
spec_p_attack_decision,v2x_polyarchy_lag1,contract_vs_mixed,-5.921606360965146,-5.92160636096515,-5.921606360965143,1.2557734146098252,2.411114575756635e-06,2,7.105427357601002e-15,***,-5.922*** (1.256)
spec_p_attack_decision,v2x_polyarchy_lag1,expand_vs_mixed,-2.6542751415311114,-2.654275141531113,-2.6542751415311097,0.886221082261943,0.00274401188123275,2,3.552713678800501e-15,***,-2.654*** (0.886)
spec_p_attack_decision,wdj_press_lag1,contract_vs_expand,0.8185771843788746,0.8185771843788746,0.8185771843788746,0.42699610232575846,0.0552302987098886,2,0.0,*,0.819* (0.427)
spec_p_attack_decision,wdj_press_lag1,contract_vs_mixed,1.5189300653501492,1.5189300653501487,1.5189300653501496,0.5073143421085594,0.0027529093746565,2,8.881784197001252e-16,***,1.519*** (0.507)
spec_p_attack_decision,wdj_press_lag1,expand_vs_mixed,0.7003528809712745,0.7003528809712745,0.7003528809712746,0.37307105681250696,0.06048191360094355,2,1.1102230246251565e-16,*,0.700* (0.373)
spec_p_pack,high_court,contract_vs_expand,-0.4575590010994852,-0.4575590010994854,-0.457559001099485,0.26026950976373836,0.0787441079797663,2,3.885780586188048e-16,*,-0.458* (0.260)
spec_p_pack,high_court,contract_vs_mixed,-0.46321570936488543,-0.4632157093648856,-0.4632157093648853,0.27077004208908845,0.08713009711408914,2,2.7755575615628914e-16,*,-0.463* (0.271)
spec_p_pack,high_court,expand_vs_mixed,-0.005656708265400051,-0.0056567082654004,-0.0056567082653997,0.13220767044523404,0.9658716967899025,2,6.999609225566417e-16,,-0.006 (0.132)
spec_p_pack,j_ind_lag1,contract_vs_expand,-0.1368515209186726,-0.1368515209186749,-0.1368515209186703,0.27571140577752035,0.619641956935395,2,4.579669976578771e-15,,-0.137 (0.276)
spec_p_pack,j_ind_lag1,contract_vs_mixed,0.24012957774057758,0.2401295777405739,0.2401295777405813,0.24622656360719536,0.3294420630674393,2,7.41073868937292e-15,,0.240 (0.246)
spec_p_pack,j_ind_lag1,expand_vs_mixed,0.37698109865925067,0.376981098659249,0.3769810986592523,0.17694991647949293,0.033135342344150595,2,3.2751579226442118e-15,**,0.377** (0.177)
spec_p_pack,legal_civil,contract_vs_expand,0.40957299318856716,0.4095729931885663,0.409572993188568,0.35256747257313636,0.24536269309449593,2,1.6653345369377348e-15,,0.410 (0.353)
spec_p_pack,legal_civil,contract_vs_mixed,0.22737976179532826,0.2273797617953259,0.2273797617953306,0.4207226213403804,0.5888863716242131,2,4.690692279041286e-15,,0.227 (0.421)
spec_p_pack,legal_civil,expand_vs_mixed,-0.18219323139323895,-0.18219323139324,-0.1821932313932379,0.3364085193675864,0.5881056084220859,2,2.1094237467877974e-15,,-0.182 (0.336)
spec_p_pack,legal_common,contract_vs_expand,1.912405413757765,1.912405413757765,1.9124054137577653,0.3608904320511885,1.1635559563466249e-07,2,2.220446049250313e-16,***,1.912*** (0.361)
spec_p_pack,legal_common,contract_vs_mixed,0.8612580098004226,0.8612580098004221,0.861258009800423,0.4615365747179049,0.06203204121033085,2,8.881784197001252e-16,*,0.861* (0.462)
spec_p_pack,legal_common,expand_vs_mixed,-1.0511474039573425,-1.051147403957344,-1.0511474039573412,0.3777556861047688,0.00539232945521065,2,2.886579864025407e-15,***,-1.051*** (0.378)
spec_p_pack,v2jupack_lag1,contract_vs_expand,0.2375304816731792,0.2375304816731789,0.2375304816731795,0.158250242241853,0.13336068052578182,2,6.106226635438361e-16,,0.238 (0.158)
spec_p_pack,v2jupack_lag1,contract_vs_mixed,0.48641044693133784,0.4864104469313355,0.4864104469313401,0.23921904757936757,0.04201953991536965,2,4.6074255521944e-15,**,0.486** (0.239)
spec_p_pack,v2jupack_lag1,expand_vs_mixed,0.2488799652581581,0.2488799652581569,0.2488799652581593,0.2106280999222923,0.23736105655944423,2,2.4147350785597155e-15,,0.249 (0.211)
spec_p_pack,v2jureview_lag1,contract_vs_expand,-0.9176435169235408,-0.9176435169235408,-0.9176435169235408,0.3258988827785402,0.00486664289289045,2,0.0,***,-0.918*** (0.326)
spec_p_pack,v2jureview_lag1,contract_vs_mixed,-0.49082393530313695,-0.4908239353031373,-0.4908239353031366,0.3882180773691763,0.20612253587657836,2,6.661338147750939e-16,,-0.491 (0.388)
spec_p_pack,v2jureview_lag1,expand_vs_mixed,0.42681958162040456,0.4268195816204036,0.4268195816204055,0.35382470449569836,0.22770092198137404,2,1.887379141862766e-15,,0.427 (0.354)
spec_p_pack,v2x_polyarchy_lag1,contract_vs_expand,-4.012201220535005,-4.012201220535018,-4.01220122053499,1.2104722807710644,0.00091782537845825,2,2.7533531010703882e-14,***,-4.012*** (1.210)
spec_p_pack,v2x_polyarchy_lag1,contract_vs_mixed,-7.313539037425745,-7.313539037425776,-7.313539037425714,1.6915356417192187,1.534971155617154e-05,2,6.217248937900877e-14,***,-7.314*** (1.692)
spec_p_pack,v2x_polyarchy_lag1,expand_vs_mixed,-3.301337816890741,-3.301337816890753,-3.3013378168907286,1.136832096212126,0.0036845154474112,2,2.4424906541753444e-14,***,-3.301*** (1.137)
spec_p_pack,wdj_press_lag1,contract_vs_expand,0.5090416409655643,0.5090416409655634,0.5090416409655653,0.6103532455099376,0.40427448952237355,2,1.887379141862766e-15,,0.509 (0.610)
spec_p_pack,wdj_press_lag1,contract_vs_mixed,1.4396373832813283,1.4396373832813267,1.4396373832813298,0.6735910203213571,0.03257706282880545,2,3.1086244689504383e-15,**,1.440** (0.674)
spec_p_pack,wdj_press_lag1,expand_vs_mixed,0.930595742315764,0.9305957423157638,0.9305957423157644,0.43231397243243197,0.031350731664759504,2,5.551115123125783e-16,**,0.931** (0.432)
spec_p_pack_decision,high_court,contract_vs_expand,-0.4078828888391943,-0.4078828888391944,-0.4078828888391942,0.24966652055648547,0.10231959140548415,2,1.6653345369377348e-16,,-0.408 (0.250)
spec_p_pack_decision,high_court,contract_vs_mixed,-0.46632228919555563,-0.4663222891955557,-0.4663222891955556,0.2994709342823839,0.1194339854555778,2,1.1102230246251565e-16,,-0.466 (0.299)
spec_p_pack_decision,high_court,expand_vs_mixed,-0.058439400356361346,-0.0584394003563614,-0.0584394003563613,0.14532446215892864,0.6875879786025583,2,1.0408340855860843e-16,,-0.058 (0.145)
spec_p_pack_decision,j_ind_lag1,contract_vs_expand,-0.14666915939506564,-0.1466691593950659,-0.1466691593950654,0.24996888486509822,0.5573718469888109,2,4.996003610813204e-16,,-0.147 (0.250)
spec_p_pack_decision,j_ind_lag1,contract_vs_mixed,0.23972445065564815,0.2397244506556479,0.2397244506556484,0.22287536058138363,0.2821067639498699,2,4.996003610813204e-16,,0.240 (0.223)
spec_p_pack_decision,j_ind_lag1,expand_vs_mixed,0.38639361005071343,0.386393610050713,0.3863936100507139,0.17757418480534565,0.02955855197871545,2,8.881784197001252e-16,**,0.386** (0.178)
spec_p_pack_decision,legal_civil,contract_vs_expand,0.0688887438012806,0.0688887438012804,0.0688887438012808,0.31137429274777917,0.8249048270066295,2,3.885780586188048e-16,,0.069 (0.311)
spec_p_pack_decision,legal_civil,contract_vs_mixed,0.0156550803433065,0.0156550803433058,0.0156550803433072,0.4080437017041115,0.9693957212002267,2,1.4016565685892601e-15,,0.016 (0.408)
spec_p_pack_decision,legal_civil,expand_vs_mixed,-0.05323366345797405,-0.0532336634579748,-0.0532336634579733,0.2988714353687757,0.8586321950401896,2,1.4988010832439613e-15,,-0.053 (0.299)
spec_p_pack_decision,legal_common,contract_vs_expand,1.5410611812559896,1.5410611812559896,1.5410611812559896,0.34114749913514086,6.263696709949055e-06,2,0.0,***,1.541*** (0.341)
spec_p_pack_decision,legal_common,contract_vs_mixed,0.6771544867578274,0.6771544867578261,0.6771544867578287,0.4567053591750848,0.1381556183520008,2,2.6645352591003757e-15,,0.677 (0.457)
spec_p_pack_decision,legal_common,expand_vs_mixed,-0.8639066944981622,-0.8639066944981634,-0.863906694498161,0.3823950024273872,0.0238709622793627,2,2.3314683517128287e-15,**,-0.864** (0.382)
spec_p_pack_decision,v2jupack_lag1,contract_vs_expand,0.20609599916863244,0.2060959991686324,0.2060959991686325,0.16942573902692085,0.22381790888559866,2,1.1102230246251565e-16,,0.206 (0.169)
spec_p_pack_decision,v2jupack_lag1,contract_vs_mixed,0.46125918357957785,0.4612591835795774,0.4612591835795783,0.250166893700434,0.06521143899226255,2,8.881784197001252e-16,*,0.461* (0.250)
spec_p_pack_decision,v2jupack_lag1,expand_vs_mixed,0.2551631844109452,0.2551631844109449,0.2551631844109456,0.226282199785723,0.25947511461563133,2,7.216449660063518e-16,,0.255 (0.226)
spec_p_pack_decision,v2jureview_lag1,contract_vs_expand,-0.7343542723314784,-0.7343542723314785,-0.7343542723314782,0.31599896392041216,0.02013012817745575,2,3.3306690738754696e-16,**,-0.734** (0.316)
spec_p_pack_decision,v2jureview_lag1,contract_vs_mixed,-0.4437093316065217,-0.4437093316065223,-0.4437093316065211,0.3782876192687318,0.24081917680523815,2,1.2212453270876722e-15,,-0.444 (0.378)
spec_p_pack_decision,v2jureview_lag1,expand_vs_mixed,0.29064494072495695,0.2906449407249557,0.2906449407249581,0.3521594971822211,0.4091888690768717,2,2.3869795029440866e-15,,0.291 (0.352)
spec_p_pack_decision,v2x_polyarchy_lag1,contract_vs_expand,-3.6729993884467937,-3.672999388446796,-3.672999388446792,1.074444288617881,0.0006296482244258501,2,3.9968028886505635e-15,***,-3.673*** (1.074)
spec_p_pack_decision,v2x_polyarchy_lag1,contract_vs_mixed,-7.1082553403851785,-7.108255340385185,-7.108255340385172,1.6394875154553707,1.45325478236893e-05,2,1.2434497875801753e-14,***,-7.108*** (1.639)
spec_p_pack_decision,v2x_polyarchy_lag1,expand_vs_mixed,-3.4352559519383825,-3.435255951938387,-3.435255951938378,1.1928780023789884,0.0039792129094253,2,8.881784197001252e-15,***,-3.435*** (1.193)
spec_p_pack_decision,wdj_press_lag1,contract_vs_expand,0.7773700412734776,0.7773700412734775,0.7773700412734778,0.4384804862133256,0.07624981925167765,2,2.220446049250313e-16,*,0.777* (0.438)
spec_p_pack_decision,wdj_press_lag1,contract_vs_mixed,1.3895984027560608,1.3895984027560606,1.3895984027560613,0.5606120121047353,0.01318559581006365,2,6.661338147750939e-16,**,1.390** (0.561)
spec_p_pack_decision,wdj_press_lag1,expand_vs_mixed,0.612228361482583,0.6122283614825826,0.6122283614825832,0.41688464338078757,0.14194680017300065,2,5.551115123125783e-16,,0.612 (0.417)
spec_p_reform,high_court,contract_vs_expand,-0.4372295700390171,-0.4372295700390171,-0.437229570039017,0.26166970804179257,0.09473716233021084,2,5.551115123125783e-17,*,-0.437* (0.262)
spec_p_reform,high_court,contract_vs_mixed,-0.4876144616210779,-0.4876144616210781,-0.4876144616210777,0.2860325449062844,0.08824074673904064,2,3.885780586188048e-16,*,-0.488* (0.286)
spec_p_reform,high_court,expand_vs_mixed,-0.05038489158206065,-0.0503848915820609,-0.0503848915820604,0.14146009433235562,0.721707700013727,2,4.996003610813204e-16,,-0.050 (0.141)
spec_p_reform,j_ind_lag1,contract_vs_expand,-0.2253948768034077,-0.2253948768034089,-0.2253948768034065,0.25553605910934185,0.3777512592017217,2,2.3869795029440866e-15,,-0.225 (0.256)
spec_p_reform,j_ind_lag1,contract_vs_mixed,0.1641483614498982,0.1641483614498962,0.1641483614499002,0.23709139245349906,0.4887224938063909,2,3.9968028886505635e-15,,0.164 (0.237)
spec_p_reform,j_ind_lag1,expand_vs_mixed,0.38954323825330683,0.3895432382533051,0.3895432382533085,0.17325364430578588,0.0245507891822918,2,3.3861802251067274e-15,**,0.390** (0.173)
spec_p_reform,legal_civil,contract_vs_expand,0.6494186644417073,0.6494186644417062,0.6494186644417083,0.3594214739926882,0.0707865493523446,2,2.1094237467877974e-15,*,0.649* (0.359)
spec_p_reform,legal_civil,contract_vs_mixed,0.1861372747458097,0.1861372747458095,0.1861372747458099,0.44862223913942884,0.6782087330376573,2,4.163336342344337e-16,,0.186 (0.449)
spec_p_reform,legal_civil,expand_vs_mixed,-0.4632813896958984,-0.4632813896958985,-0.4632813896958983,0.3183406435200338,0.14558600830829474,2,1.6653345369377348e-16,,-0.463 (0.318)
spec_p_reform,legal_common,contract_vs_expand,2.300683897085651,2.30068389708565,2.300683897085652,0.3788929233520205,1.2623130017643102e-09,2,1.7763568394002505e-15,***,2.301*** (0.379)
spec_p_reform,legal_common,contract_vs_mixed,1.1122938069217159,1.1122938069217136,1.1122938069217183,0.5298515213256115,0.035794369517796895,2,4.6629367034256575e-15,**,1.112** (0.530)
spec_p_reform,legal_common,expand_vs_mixed,-1.1883900901639373,-1.1883900901639388,-1.1883900901639357,0.4565396428215523,0.0092401681065215,2,3.1086244689504383e-15,***,-1.188*** (0.457)
spec_p_reform,v2jureform_lag1,contract_vs_expand,0.33144816229311824,0.3314481622931179,0.3314481622931186,0.1195827949210364,0.0055763645135331,2,6.661338147750939e-16,***,0.331*** (0.120)
spec_p_reform,v2jureform_lag1,contract_vs_mixed,0.1991023124642199,0.1991023124642195,0.1991023124642203,0.23510102302152286,0.3970621106406188,2,8.049116928532385e-16,,0.199 (0.235)
spec_p_reform,v2jureform_lag1,expand_vs_mixed,-0.13234584982889863,-0.1323458498288991,-0.1323458498288982,0.1741780133664954,0.4473556248067598,2,9.159339953157541e-16,,-0.132 (0.174)
spec_p_reform,v2jureview_lag1,contract_vs_expand,-0.8422933345280997,-0.8422933345281006,-0.8422933345280988,0.3229984760156823,0.009114438800016,2,1.7763568394002505e-15,***,-0.842*** (0.323)
spec_p_reform,v2jureview_lag1,contract_vs_mixed,-0.4138013927526809,-0.4138013927526823,-0.4138013927526796,0.3774638784852372,0.27296171571154526,2,2.7200464103316335e-15,,-0.414 (0.377)
spec_p_reform,v2jureview_lag1,expand_vs_mixed,0.42849194177542005,0.42849194177542,0.4284919417754201,0.3532608594499853,0.2251444108230683,2,1.1102230246251565e-16,,0.428 (0.353)
spec_p_reform,v2x_polyarchy_lag1,contract_vs_expand,-3.7191910891792066,-3.719191089179216,-3.719191089179197,1.201673442163555,0.0019680638916337503,2,1.9095836023552692e-14,***,-3.719*** (1.202)
spec_p_reform,v2x_polyarchy_lag1,contract_vs_mixed,-5.755065374621582,-5.755065374621587,-5.755065374621576,1.2892950620254113,8.054495492135773e-06,2,1.1546319456101628e-14,***,-5.755*** (1.289)
spec_p_reform,v2x_polyarchy_lag1,expand_vs_mixed,-2.035874285442377,-2.0358742854423797,-2.035874285442374,0.7833497522121917,0.0093513757778776,2,5.773159728050814e-15,***,-2.036*** (0.783)
spec_p_reform,wdj_press_lag1,contract_vs_expand,0.5771709058234266,0.5771709058234258,0.5771709058234273,0.5274447436321394,0.2738332982876803,2,1.5543122344752192e-15,,0.577 (0.527)
spec_p_reform,wdj_press_lag1,contract_vs_mixed,1.616729625942996,1.6167296259429953,1.6167296259429964,0.5603815305745941,0.0039134952459869,2,1.1102230246251565e-15,***,1.617*** (0.560)
spec_p_reform,wdj_press_lag1,expand_vs_mixed,1.0395587201195693,1.0395587201195688,1.0395587201195695,0.35266961457136414,0.00320163743584145,2,6.661338147750939e-16,***,1.040*** (0.353)
spec_p_reform_decision,high_court,contract_vs_expand,-0.3817689697528106,-0.3817689697528106,-0.3817689697528106,0.24652440985045726,0.1214766680949738,2,0.0,,-0.382 (0.247)
spec_p_reform_decision,high_court,contract_vs_mixed,-0.4919012070978268,-0.4919012070978269,-0.4919012070978267,0.3121528089857005,0.1150639186712802,2,2.220446049250313e-16,,-0.492 (0.312)
spec_p_reform_decision,high_court,expand_vs_mixed,-0.11013223734501615,-0.1101322373450162,-0.1101322373450161,0.1567247705338441,0.48223580303353575,2,9.71445146547012e-17,,-0.110 (0.157)
spec_p_reform_decision,j_ind_lag1,contract_vs_expand,-0.22545295149715844,-0.2254529514971592,-0.2254529514971577,0.23827926201581634,0.34406132387847954,2,1.4988010832439613e-15,,-0.225 (0.238)
spec_p_reform_decision,j_ind_lag1,contract_vs_mixed,0.180127400388984,0.1801274003889833,0.1801274003889847,0.22708177735115803,0.42764557069670206,2,1.3877787807814457e-15,,0.180 (0.227)
spec_p_reform_decision,j_ind_lag1,expand_vs_mixed,0.40558035188614205,0.4055803518861418,0.4055803518861423,0.17142579697273458,0.0179851516882172,2,4.996003610813204e-16,**,0.406** (0.171)
spec_p_reform_decision,legal_civil,contract_vs_expand,0.3130378667314033,0.3130378667314026,0.3130378667314041,0.3254855930332514,0.3361719615631482,2,1.4988010832439613e-15,,0.313 (0.325)
spec_p_reform_decision,legal_civil,contract_vs_mixed,-0.0683731694916987,-0.0683731694916998,-0.0683731694916976,0.44315996936932267,0.8773846083312726,2,2.2065682614424986e-15,,-0.068 (0.443)
spec_p_reform_decision,legal_civil,expand_vs_mixed,-0.3814110362231026,-0.3814110362231037,-0.3814110362231015,0.3069008941790561,0.21394802212947162,2,2.1649348980190553e-15,,-0.381 (0.307)
spec_p_reform_decision,legal_common,contract_vs_expand,1.896565185800283,1.896565185800282,1.896565185800284,0.3707218681551462,3.1229675741697066e-07,2,1.9984014443252818e-15,***,1.897*** (0.371)
spec_p_reform_decision,legal_common,contract_vs_mixed,0.8698469819359189,0.8698469819359171,0.8698469819359208,0.5089639409035784,0.0874409025524838,2,3.6637359812630166e-15,*,0.870* (0.509)
spec_p_reform_decision,legal_common,expand_vs_mixed,-1.0267182038643647,-1.0267182038643674,-1.0267182038643623,0.4430198685160494,0.0204740963524613,2,5.10702591327572e-15,**,-1.027** (0.443)
spec_p_reform_decision,v2jureform_lag1,contract_vs_expand,0.3180506102796691,0.3180506102796689,0.3180506102796693,0.11924952637300304,0.0076508524252835,2,3.885780586188048e-16,***,0.318*** (0.119)
spec_p_reform_decision,v2jureform_lag1,contract_vs_mixed,0.14194665858137467,0.141946658581374,0.1419466585813753,0.24921102960036623,0.5689597645575315,2,1.304512053934559e-15,,0.142 (0.249)
spec_p_reform_decision,v2jureform_lag1,expand_vs_mixed,-0.1761039516982946,-0.1761039516982952,-0.176103951698294,0.19215071029869946,0.3594106397146893,2,1.2212453270876722e-15,,-0.176 (0.192)
spec_p_reform_decision,v2jureview_lag1,contract_vs_expand,-0.6548794769708663,-0.6548794769708663,-0.6548794769708663,0.3171140310659728,0.038911364373339044,2,0.0,**,-0.655** (0.317)
spec_p_reform_decision,v2jureview_lag1,contract_vs_mixed,-0.38900450448886376,-0.3890045044888639,-0.3890045044888636,0.3687796292516951,0.29149726626208544,2,3.3306690738754696e-16,,-0.389 (0.369)
spec_p_reform_decision,v2jureview_lag1,expand_vs_mixed,0.2658749724820034,0.2658749724820026,0.2658749724820043,0.35203185107693813,0.4500940223227015,2,1.7208456881689926e-15,,0.266 (0.352)
spec_p_reform_decision,v2x_polyarchy_lag1,contract_vs_expand,-3.4738332975132433,-3.4738332975132487,-3.4738332975132376,1.0790112403759626,0.00128432373096925,2,1.1102230246251565e-14,***,-3.474*** (1.079)
spec_p_reform_decision,v2x_polyarchy_lag1,contract_vs_mixed,-5.5439776362271145,-5.543977636227124,-5.543977636227105,1.1969757175335536,3.627556321740769e-06,2,1.9539925233402755e-14,***,-5.544*** (1.197)
spec_p_reform_decision,v2x_polyarchy_lag1,expand_vs_mixed,-2.070144338713867,-2.070144338713874,-2.0701443387138605,0.7888922217187033,0.0086874309209537,2,1.3322676295501878e-14,***,-2.070*** (0.789)
spec_p_reform_decision,wdj_press_lag1,contract_vs_expand,0.8423635263458025,0.8423635263458018,0.842363526345803,0.3848489270247517,0.028610209283704252,2,1.2212453270876722e-15,**,0.842** (0.385)
spec_p_reform_decision,wdj_press_lag1,contract_vs_mixed,1.5475454423721984,1.547545442372197,1.5475454423721997,0.446453837622963,0.00052766313595125,2,2.6645352591003757e-15,***,1.548*** (0.446)
spec_p_reform_decision,wdj_press_lag1,expand_vs_mixed,0.7051819160263957,0.7051819160263946,0.7051819160263967,0.3367251375233479,0.03623895944363085,2,2.1094237467877974e-15,**,0.705** (0.337)
