row_id,case_id,indep1,indep2,attack1,attack2,attack3,attack4,attack5,dejure1,dejure2,dejure3,dejure4,dejure5,dejure6,full1,full2,full3,full4
1,Angola_2015_01,True,True,True,True,True,True,True,True,True,True,True,True,True,True,True,True,True
2,Angola_2016_01,True,True,True,True,True,True,True,True,True,True,True,True,True,True,True,True,True
3,Australia_1994_01,True,True,True,True,True,True,True,True,True,True,True,True,True,True,True,True,True
4,Australia_1998_01,True,True,True,True,True,True,True,True,True,True,True,True,True,True,True,True,True
5,Australia_2004_01,True,True,True,True,True,True,True,True,True,True,True,True,True,True,True,True,True
6,Australia_2010_01,True,True,True,True,True,True,True,True,True,True,True,True,True,True,True,True,True
7,Australia_2011_01,True,True,True,True,True,True,True,True,True,True,True,True,True,True,True,True,True
8,Australia_2013_01,True,True,True,True,True,True,True,True,True,True,True,True,True,True,True,True,True
9,Australia_2014_03,True,True,True,True,True,True,True,True,True,True,True,True,True,True,True,True,True
10,Australia_2015_02,True,True,True,True,True,True,True,True,True,True,True,True,True,True,True,True,True
11,Australia_2017_03,True,True,True,True,True,True,True,True,True,True,True,True,True,True,True,True,True
12,Australia_2018_03,True,True,True,True,True,True,True,True,True,True,True,True,True,True,True,True,True
13,Australia_2019_03,True,True,True,True,True,True,True,True,True,True,True,True,True,True,True,True,True
14,Australia_2020_01,True,True,True,True,True,True,True,True,True,True,True,True,True,True,True,True,True
15,Australia_2021_01,True,True,True,True,True,True,True,True,True,True,True,True,True,True,True,True,True
16,Australia_2022_01,True,True,True,True,True,True,True,True,True,True,True,True,True,True,True,True,True
17,Australia_2023_01,True,True,True,True,True,True,True,True,True,True,True,True,True,True,True,True,True
18,Australia_2024_01,False,False,True,True,True,True,True,True,True,True,True,True,True,False,False,False,False
19,Australia_2025_01,True,True,True,True,True,True,True,True,True,True,True,True,True,True,True,True,True
20,Azerbaijan_2007_01,False,False,True,True,True,True,True,True,True,True,True,True,True,False,False,False,False
21,Azerbaijan_2008_01,False,False,True,True,True,True,True,True,True,True,True,True,True,False,False,False,False
22,Azerbaijan_2012_01,False,False,True,True,True,True,True,True,True,True,True,True,True,False,False,False,False
23,Azerbaijan_2015_01,False,False,True,True,True,True,True,True,True,True,True,True,True,False,False,False,False
24,Azerbaijan_2016_01,True,True,True,True,True,True,True,True,True,True,True,True,True,True,True,True,True
25,Azerbaijan_2017_02,False,False,True,True,True,True,True,True,True,True,True,True,True,False,False,False,False
26,Azerbaijan_2019_01,False,False,True,True,True,True,True,True,True,True,True,True,True,False,False,False,False
27,Azerbaijan_2020_01,False,False,True,True,True,True,True,True,True,True,True,True,True,False,False,False,False
28,Azerbaijan_2025_01,False,False,True,True,True,True,True,True,True,True,True,True,True,False,False,False,False
29,Bangladesh_2014_01,True,True,True,True,True,True,True,True,True,True,True,True,True,True,True,True,True
30,Bangladesh_2015_01,True,True,True,True,True,True,True,True,True,True,True,True,True,True,True,True,True
31,Bangladesh_2019_02,True,True,True,True,True,True,True,True,True,True,True,True,True,True,True,True,True
32,Bangladesh_2023_02,False,False,True,True,True,True,True,True,True,True,True,True,True,False,False,False,False
33,Bolivia_2012_01,True,True,True,True,True,True,True,True,True,True,True,True,True,True,True,True,True
34,Bolivia_2016_01,False,False,True,True,True,True,True,True,True,True,True,True,True,False,False,False,False
35,Botswana_2001_01,True,True,True,True,True,True,True,True,True,True,True,True,True,True,True,True,True
36,Botswana_2010_01,False,False,True,True,True,True,True,True,True,True,True,True,True,False,False,False,False
37,Botswana_2011_02,True,True,True,True,True,True,True,True,True,True,True,True,True,True,True,True,True
38,Botswana_2016_01,True,True,True,True,True,True,True,True,True,True,True,True,True,True,True,True,True
39,Botswana_2019_01,True,True,True,True,True,True,True,True,True,True,True,True,True,True,True,True,True
40,Cambodia_2015_01,True,True,True,True,True,True,True,True,True,True,True,True,True,True,True,True,True
41,Cambodia_2016_01,True,True,True,True,True,True,True,True,True,True,True,True,True,True,True,True,True
42,Cambodia_2017_01,True,True,True,True,True,True,True,True,True,True,True,True,True,True,True,True,True
43,Cambodia_2023_01,False,False,True,True,True,True,True,True,True,True,True,True,True,False,False,False,False
44,Cameroon_1994_01,False,False,True,True,True,True,True,True,True,True,True,True,True,False,False,False,False
45,Cameroon_2007_01,False,False,True,True,True,True,True,True,True,True,True,True,True,False,False,False,False
46,Cameroon_2018_01,True,True,True,True,True,True,True,True,True,True,True,True,True,True,True,True,True
47,Cameroon_2019_01,False,False,True,True,True,True,True,True,True,True,True,True,True,False,False,False,False
48,Canada_1989_02,True,True,True,True,True,True,True,True,True,True,True,True,True,True,True,True,True
49,Canada_1990_01,True,True,True,True,True,True,True,True,True,True,True,True,True,True,True,True,True
50,Canada_1992_01,True,True,True,True,True,True,True,True,True,True,True,True,True,True,True,True,True
51,Canada_1994_01,True,True,True,True,True,True,True,True,True,True,True,True,True,True,True,True,True
52,Canada_1995_01,True,True,True,True,True,True,True,True,True,True,True,True,True,True,True,True,True
53,Canada_1996_01,True,True,True,True,True,True,True,True,True,True,True,True,True,True,True,True,True
54,Canada_1997_01,True,True,True,True,True,True,True,True,True,True,True,True,True,True,True,True,True
55,Canada_1998_01,True,True,True,True,True,True,True,True,True,True,True,True,True,True,True,True,True
56,Canada_2001_01,True,True,True,True,True,True,True,True,True,True,True,True,True,True,True,True,True
57,Canada_2002_01,True,True,True,True,True,True,True,True,True,True,True,True,True,True,True,True,True
58,Canada_2004_01,True,True,True,True,True,True,True,True,True,True,True,True,True,True,True,True,True
59,Canada_2005_02,True,True,True,True,True,True,True,True,True,True,True,True,True,True,True,True,True
60,Canada_2006_02,True,True,True,True,True,True,True,True,True,True,True,True,True,True,True,True,True
61,Canada_2007_01,True,True,True,True,True,True,True,True,True,True,True,True,True,True,True,True,True
62,Canada_2008_01,True,True,True,True,True,True,True,True,True,True,True,True,True,True,True,True,True
63,Canada_2009_01,True,True,True,True,True,True,True,True,True,True,True,True,True,True,True,True,True
64,Canada_2010_03,True,True,True,True,True,True,True,True,True,True,True,True,True,True,True,True,True
65,Canada_2011_02,True,True,True,True,True,True,True,True,True,True,True,True,True,True,True,True,True
66,Canada_2012_04,True,True,True,True,True,True,True,True,True,True,True,True,True,True,True,True,True
67,Canada_2013_02,True,True,True,True,True,True,True,True,True,True,True,True,True,True,True,True,True
68,Canada_2014_06,True,True,True,True,True,True,True,True,True,True,True,True,True,True,True,True,True
69,Canada_2015_01,True,True,True,True,True,True,True,True,True,True,True,True,True,True,True,True,True
70,Canada_2016_01,True,True,True,True,True,True,True,True,True,True,True,True,True,True,True,True,True
71,Canada_2017_02,True,True,True,True,True,True,True,True,True,True,True,True,True,True,True,True,True
72,Canada_2018_03,True,True,True,True,True,True,True,True,True,True,True,True,True,True,True,True,True
73,Canada_2019_03,True,True,True,True,True,True,True,True,True,True,True,True,True,True,True,True,True
74,Canada_2020_02,True,True,True,True,True,True,True,True,True,True,True,True,True,True,True,True,True
75,Canada_2021_02,True,True,True,True,True,True,True,True,True,True,True,True,True,True,True,True,True
76,Canada_2023_01,True,True,True,True,True,True,True,True,True,True,True,True,True,True,True,True,True
77,Canada_2025_01,True,True,True,True,True,True,True,True,True,True,True,True,True,True,True,True,True
78,Chile_1996_01,False,False,True,True,True,True,True,True,True,True,True,True,True,False,False,False,False
79,Chile_2001_01,False,False,True,True,True,True,True,True,True,True,True,True,True,False,False,False,False
80,Chile_2005_01,False,False,True,True,True,True,True,True,True,True,True,True,True,False,False,False,False
81,Chile_2006_01,False,False,True,True,True,True,True,True,True,True,True,True,True,False,False,False,False
82,Chile_2007_01,True,True,True,True,True,True,True,True,True,True,True,True,True,True,True,True,True
83,Chile_2009_01,True,True,True,True,True,True,True,True,True,True,True,True,True,True,True,True,True
84,Chile_2010_01,True,True,True,True,True,True,True,True,True,True,True,True,True,True,True,True,True
85,Chile_2012_01,True,True,True,True,True,True,True,True,True,True,True,True,True,True,True,True,True
86,Chile_2013_01,True,True,True,True,True,True,True,True,True,True,True,True,True,True,True,True,True
87,Chile_2014_01,False,False,True,True,True,True,True,True,True,True,True,True,True,False,False,False,False
88,Chile_2015_01,False,False,True,True,True,True,True,True,True,True,True,True,True,False,False,False,False
89,Chile_2016_01,True,True,True,True,True,True,True,True,True,True,True,True,True,True,True,True,True
90,Chile_2017_01,True,True,True,True,True,True,True,True,True,True,True,True,True,True,True,True,True
91,Chile_2018_02,True,True,True,True,True,True,True,True,True,True,True,True,True,True,True,True,True
92,Chile_2019_02,True,True,True,True,True,True,True,True,True,True,True,True,True,True,True,True,True
93,Chile_2020_05,True,True,True,True,True,True,True,True,True,True,True,True,True,True,True,True,True
94,Chile_2021_08,True,True,True,True,True,True,True,True,True,True,True,True,True,True,True,True,True
95,Chile_2022_03,True,True,True,True,True,True,True,True,True,True,True,True,True,True,True,True,True
96,Chile_2023_01,True,True,True,True,True,True,True,True,True,True,True,True,True,True,True,True,True
97,El Salvador_2014_01,True,True,True,True,True,True,True,True,True,True,True,True,True,True,True,True,True
98,El Salvador_2015_01,True,True,True,True,True,True,True,True,True,True,True,True,True,True,True,True,True
99,El Salvador_2016_02,True,True,True,True,True,True,True,True,True,True,True,True,True,True,True,True,True
100,El Salvador_2017_01,True,True,True,True,True,True,True,True,True,True,True,True,True,True,True,True,True
101,Eswatini_2014_01,True,True,True,True,True,True,True,True,True,True,True,True,True,True,True,True,True
102,Eswatini_2015_01,True,True,True,True,True,True,True,True,True,True,True,True,True,True,True,True,True
103,Eswatini_2016_01,True,True,True,True,True,True,True,True,True,True,True,True,True,True,True,True,True
104,Ethiopia_2015_02,True,True,True,True,True,True,True,True,True,True,True,True,True,True,True,True,True
105,Ethiopia_2017_01,True,True,True,True,True,True,True,True,True,True,True,True,True,True,True,True,True
106,Ethiopia_2021_01,False,False,True,True,True,True,True,True,True,True,True,True,True,False,False,False,False
107,Ethiopia_2022_01,False,False,True,True,True,True,True,True,True,True,True,True,True,False,False,False,False
108,Ethiopia_2023_01,False,False,True,True,True,True,True,True,True,True,True,True,True,False,False,False,False
109,Fiji_2018_01,True,True,True,True,True,True,True,True,True,True,True,True,True,True,True,True,True
110,France_1986_01,False,False,True,True,True,True,True,True,True,True,True,True,True,False,False,False,False
111,France_1998_01,False,False,True,True,True,True,True,True,True,True,True,True,True,False,False,False,False
112,France_1999_01,False,False,True,True,True,True,True,True,True,True,True,True,True,False,False,False,False
113,France_2003_01,False,False,True,True,True,True,True,True,True,True,True,True,True,False,False,False,False
114,France_2004_01,False,False,True,True,True,True,True,True,True,True,True,True,True,False,False,False,False
115,France_2006_01,False,False,True,True,True,True,True,True,True,True,True,True,True,False,False,False,False
116,France_2007_02,False,False,True,True,True,True,True,True,True,True,True,True,True,False,False,False,False
117,France_2008_01,False,False,True,True,True,True,True,True,True,True,True,True,True,False,False,False,False
118,France_2009_01,True,True,True,True,True,True,True,True,True,True,True,True,True,True,True,True,True
119,France_2010_01,False,False,True,True,True,True,True,True,True,True,True,True,True,False,False,False,False
120,France_2014_02,False,False,True,True,True,True,True,True,True,True,True,True,True,False,False,False,False
121,France_2015_02,False,False,True,True,True,True,True,True,True,True,True,True,True,False,False,False,False
122,France_2016_06,True,True,True,True,True,True,True,True,True,True,True,True,True,True,True,True,True
123,France_2017_03,False,False,True,True,True,True,True,True,True,True,True,True,True,False,False,False,False
124,France_2018_01,False,False,True,True,True,True,True,True,True,True,True,True,True,False,False,False,False
125,France_2019_01,False,False,True,True,True,True,True,True,True,True,True,True,True,False,False,False,False
126,France_2020_02,False,False,True,True,True,True,True,True,True,True,True,True,True,False,False,False,False
127,France_2021_02,False,False,True,True,True,True,True,True,True,True,True,True,True,False,False,False,False
128,France_2022_03,True,True,True,True,True,True,True,True,True,True,True,True,True,True,True,True,True
129,France_2023_07,False,False,True,True,True,True,True,True,True,True,True,True,True,False,False,False,False
130,France_2024_01,False,False,True,True,True,True,True,True,True,True,True,True,True,False,False,False,False
131,Haiti_2023_01,False,False,True,True,True,True,True,True,True,True,True,True,True,False,False,False,False
132,Honduras_2006_01,False,False,True,True,True,True,True,True,True,True,True,True,True,False,False,False,False
133,Honduras_2015_01,False,False,True,True,True,True,True,True,True,True,True,True,True,False,False,False,False
134,Honduras_2021_01,False,False,True,True,True,True,True,True,True,True,True,True,True,False,False,False,False
135,Honduras_2022_01,False,False,True,True,True,True,True,True,True,True,True,True,True,False,False,False,False
136,Hungary_1992_01,True,True,True,True,True,True,True,True,True,True,True,True,True,True,True,True,True
137,Hungary_1999_01,False,False,True,True,True,True,True,True,True,True,True,True,True,False,False,False,False
138,Hungary_2004_01,True,True,True,True,True,True,True,True,True,True,True,True,True,True,True,True,True
139,Hungary_2006_01,True,True,True,True,True,True,True,True,True,True,True,True,True,True,True,True,True
140,Hungary_2008_01,True,True,True,True,True,True,True,True,True,True,True,True,True,True,True,True,True
141,Hungary_2009_03,False,False,True,True,True,True,True,True,True,True,True,True,True,False,False,False,False
142,Hungary_2010_01,False,False,True,True,True,True,True,True,True,True,True,True,True,False,False,False,False
143,Hungary_2012_01,False,False,True,True,True,True,True,True,True,True,True,True,True,False,False,False,False
144,Hungary_2013_01,False,False,True,True,True,True,True,True,True,True,True,True,True,False,False,False,False
145,Hungary_2014_02,True,True,True,True,True,True,True,True,True,True,True,True,True,True,True,True,True
146,Hungary_2016_01,False,False,True,True,True,True,True,True,True,True,True,True,True,False,False,False,False
147,Hungary_2018_01,False,False,True,True,True,True,True,True,True,True,True,True,True,False,False,False,False
148,Hungary_2019_01,False,False,True,True,True,True,True,True,True,True,True,True,True,False,False,False,False
149,Hungary_2020_02,False,False,True,True,True,True,True,True,True,True,True,True,True,False,False,False,False
150,Hungary_2022_01,True,True,True,True,True,True,True,True,True,True,True,True,True,True,True,True,True
151,Hungary_2023_01,False,False,True,True,True,True,True,True,True,True,True,True,True,False,False,False,False
152,Hungary_2024_03,True,True,True,True,True,True,True,True,True,True,True,True,True,True,True,True,True
153,Kazakhstan_2009_01,True,True,True,True,True,True,True,True,True,True,True,True,True,True,True,True,True
154,Kazakhstan_2013_01,True,True,True,True,True,True,True,True,True,True,True,True,True,True,True,True,True
155,Kazakhstan_2014_02,True,True,True,True,True,True,True,True,True,True,True,True,True,True,True,True,True
156,Kazakhstan_2015_02,True,True,True,True,True,True,True,True,True,True,True,True,True,True,True,True,True
157,Kazakhstan_2016_01,True,True,True,True,True,True,True,True,True,True,True,True,True,True,True,True,True
158,Kazakhstan_2017_01,True,True,True,True,True,True,True,True,True,True,True,True,True,True,True,True,True
159,Kazakhstan_2019_01,True,True,True,True,True,True,True,True,True,True,True,True,True,True,True,True,True
160,Kenya_2011_01,True,True,True,True,True,True,True,True,True,True,True,True,True,True,True,True,True
161,Kenya_2013_01,True,True,True,True,True,True,True,True,True,True,True,True,True,True,True,True,True
162,Kenya_2014_01,True,True,True,True,True,True,True,True,True,True,True,True,True,True,True,True,True
163,Kenya_2015_02,True,True,True,True,True,True,True,True,True,True,True,True,True,True,True,True,True
164,Kenya_2016_01,True,True,True,True,True,True,True,True,True,True,True,True,True,True,True,True,True
165,Kenya_2017_03,True,True,True,True,True,True,True,True,True,True,True,True,True,True,True,True,True
166,Kenya_2018_02,True,True,True,True,True,True,True,True,True,True,True,True,True,True,True,True,True
167,Kenya_2019_01,True,True,True,True,True,True,True,True,True,True,True,True,True,True,True,True,True
168,Kenya_2020_02,True,True,True,True,True,True,True,True,True,True,True,True,True,True,True,True,True
169,Kenya_2024_01,True,True,True,True,True,True,True,True,True,True,True,True,True,True,True,True,True
170,Kenya_2025_01,True,True,True,True,True,True,True,True,True,True,True,True,True,True,True,True,True
171,Lesotho_2003_01,True,True,True,True,True,True,True,True,True,True,True,True,True,True,True,True,True
172,Lesotho_2005_01,True,True,True,True,True,True,True,True,True,True,True,True,True,True,True,True,True
173,Lesotho_2008_01,True,True,True,True,True,True,True,True,True,True,True,True,True,True,True,True,True
174,Lesotho_2018_01,True,True,True,True,True,True,True,True,True,True,True,True,True,True,True,True,True
175,Malawi_2002_01,True,True,True,True,True,True,True,True,True,True,True,True,True,True,True,True,True
176,Malawi_2019_01,True,True,True,True,True,True,True,True,True,True,True,True,True,True,True,True,True
177,Malawi_2020_01,True,True,True,True,True,True,True,True,True,True,True,True,True,True,True,True,True
178,Malaysia_2014_01,True,True,True,True,True,True,True,True,True,True,True,True,True,True,True,True,True
179,Malaysia_2015_03,False,False,True,True,True,True,True,True,True,True,True,True,True,False,False,False,False
180,Malaysia_2016_01,True,True,True,True,True,True,True,True,True,True,True,True,True,True,True,True,True
181,Malaysia_2018_01,True,True,True,True,True,True,True,True,True,True,True,True,True,True,True,True,True
182,Malaysia_2021_01,True,True,True,True,True,True,True,True,True,True,True,True,True,True,True,True,True
183,Malta_2015_01,True,True,True,True,True,True,True,True,True,True,True,True,True,True,True,True,True
184,Malta_2017_01,True,True,True,True,True,True,True,True,True,True,True,True,True,True,True,True,True
185,Malta_2018_02,False,False,True,True,True,True,True,True,True,True,True,True,True,False,False,False,False
186,Malta_2019_01,True,True,True,True,True,True,True,True,True,True,True,True,True,True,True,True,True
187,Malta_2020_01,True,True,True,True,True,True,True,True,True,True,True,True,True,True,True,True,True
188,Myanmar_2014_01,True,True,True,True,True,True,True,True,True,True,True,True,True,True,True,True,True
189,Myanmar_2015_03,True,True,True,True,True,True,True,True,True,True,True,True,True,True,True,True,True
190,Myanmar_2016_02,True,True,True,True,True,True,True,True,True,True,True,True,True,True,True,True,True
191,Myanmar_2021_01,False,False,True,True,True,True,True,True,True,True,True,True,True,False,False,False,False
192,Namibia_1986_01,True,True,True,True,True,True,True,True,True,True,True,True,True,True,True,True,True
193,Namibia_2010_01,True,True,True,True,True,True,True,True,True,True,True,True,True,True,True,True,True
194,Namibia_2015_01,True,True,True,True,True,True,True,True,True,True,True,True,True,True,True,True,True
195,Namibia_2019_01,True,True,True,True,True,True,True,True,True,True,True,True,True,True,True,True,True
196,Nepal_2014_01,False,False,True,True,True,True,True,True,True,True,True,True,True,False,False,False,False
197,Nepal_2024_01,True,True,True,True,True,True,True,True,True,True,True,True,True,True,True,True,True
198,Nigeria_1998_02,False,False,True,True,True,True,True,True,True,True,True,True,True,False,False,False,False
199,Nigeria_2000_02,False,False,True,True,True,True,True,True,True,True,True,True,True,False,False,False,False
200,Nigeria_2012_02,True,True,True,True,True,True,True,True,True,True,True,True,True,True,True,True,True
201,Nigeria_2013_01,True,True,True,True,True,True,True,True,True,True,True,True,True,True,True,True,True
202,Nigeria_2016_01,True,True,True,True,True,True,True,True,True,True,True,True,True,True,True,True,True
203,Nigeria_2018_03,False,False,True,True,True,True,True,True,True,True,True,True,True,False,False,False,False
204,Nigeria_2019_01,True,True,True,True,True,True,True,True,True,True,True,True,True,True,True,True,True
205,Nigeria_2020_01,True,True,True,True,True,True,True,True,True,True,True,True,True,True,True,True,True
206,Nigeria_2021_01,False,False,True,True,True,True,True,True,True,True,True,True,True,False,False,False,False
207,Nigeria_2022_03,True,True,True,True,True,True,True,True,True,True,True,True,True,True,True,True,True
208,Nigeria_2023_02,False,False,True,True,True,True,True,True,True,True,True,True,True,False,False,False,False
209,Nigeria_2025_01,False,False,True,True,True,True,True,True,True,True,True,True,True,False,False,False,False
210,Pakistan_2002_01,True,True,True,True,True,True,True,True,True,True,True,True,True,True,True,True,True
211,Pakistan_2010_01,True,True,True,True,True,True,True,True,True,True,True,True,True,True,True,True,True
212,Pakistan_2013_01,True,True,True,True,True,True,True,True,True,True,True,True,True,True,True,True,True
213,Pakistan_2014_03,True,True,True,True,True,True,True,True,True,True,True,True,True,True,True,True,True
214,Pakistan_2015_01,True,True,True,True,True,True,True,True,True,True,True,True,True,True,True,True,True
215,Pakistan_2018_02,True,True,True,True,True,True,True,True,True,True,True,True,True,True,True,True,True
216,Pakistan_2019_01,True,True,True,True,True,True,True,True,True,True,True,True,True,True,True,True,True
217,Pakistan_2020_01,True,True,True,True,True,True,True,True,True,True,True,True,True,True,True,True,True
218,Pakistan_2023_02,False,False,True,True,True,True,True,True,True,True,True,True,True,False,False,False,False
219,Pakistan_2024_01,False,False,True,True,True,True,True,True,True,True,True,True,True,False,False,False,False
220,Philippines_1987_01,True,True,True,True,True,True,True,True,True,True,True,True,True,True,True,True,True
221,Philippines_1989_01,True,True,True,True,True,True,True,True,True,True,True,True,True,True,True,True,True
222,Philippines_2007_01,True,True,True,True,True,True,True,True,True,True,True,True,True,True,True,True,True
223,Philippines_2014_02,True,True,True,True,True,True,True,True,True,True,True,True,True,True,True,True,True
224,Philippines_2017_01,True,True,True,True,True,True,True,True,True,True,True,True,True,True,True,True,True
225,Philippines_2019_01,True,True,True,True,True,True,True,True,True,True,True,True,True,True,True,True,True
226,Philippines_2020_01,True,True,True,True,True,True,True,True,True,True,True,True,True,True,True,True,True
227,Philippines_2023_02,True,True,True,True,True,True,True,True,True,True,True,True,True,True,True,True,True
228,Poland_1999_01,False,False,True,True,True,True,True,True,True,True,True,True,True,False,False,False,False
229,Poland_2007_01,False,False,True,True,True,True,True,True,True,True,True,True,True,False,False,False,False
230,Poland_2009_02,False,False,True,True,True,True,True,True,True,True,True,True,True,False,False,False,False
231,Poland_2013_01,False,False,True,True,True,True,True,True,True,True,True,True,True,False,False,False,False
232,Poland_2014_01,False,False,True,True,True,True,True,True,True,True,True,True,True,False,False,False,False
233,Poland_2015_01,False,False,True,True,True,True,True,True,True,True,True,True,True,False,False,False,False
234,Poland_2016_02,True,True,True,True,True,True,True,True,True,True,True,True,True,True,True,True,True
235,Poland_2017_01,False,False,True,True,True,True,True,True,True,True,True,True,True,False,False,False,False
236,Poland_2018_01,True,True,True,True,True,True,True,True,True,True,True,True,True,True,True,True,True
237,Poland_2019_02,False,False,True,True,True,True,True,True,True,True,True,True,True,False,False,False,False
238,Poland_2022_02,False,False,True,True,True,True,True,True,True,True,True,True,True,False,False,False,False
239,Poland_2023_02,False,False,True,True,True,True,True,True,True,True,True,True,True,False,False,False,False
240,Poland_2024_02,False,False,True,True,True,True,True,True,True,True,True,True,True,False,False,False,False
241,Poland_2025_01,False,False,True,True,True,True,True,True,True,True,True,True,True,False,False,False,False
242,Rwanda_2012_01,True,True,True,True,True,True,True,True,True,True,True,True,True,True,True,True,True
243,Rwanda_2018_01,False,False,True,True,True,True,True,True,True,True,True,True,True,False,False,False,False
244,Rwanda_2021_01,False,False,True,True,True,True,True,True,True,True,True,True,True,False,False,False,False
245,Singapore_2014_02,True,True,True,True,True,True,True,True,True,True,True,True,True,True,True,True,True
246,Singapore_2015_01,True,True,True,True,True,True,True,True,True,True,True,True,True,True,True,True,True
247,Singapore_2016_01,True,True,True,True,True,True,True,True,True,True,True,True,True,True,True,True,True
248,Singapore_2020_01,True,True,True,True,True,True,True,True,True,True,True,True,True,True,True,True,True
249,Singapore_2021_01,True,True,True,True,True,True,True,True,True,True,True,True,True,True,True,True,True
250,Somalia_2022_02,False,False,True,True,True,True,True,True,True,True,True,True,True,False,False,False,False
251,South Africa_1995_01,True,True,True,True,True,True,True,True,True,True,True,True,True,True,True,True,True
252,South Africa_1998_01,True,True,True,True,True,True,True,True,True,True,True,True,True,True,True,True,True
253,South Africa_2000_01,True,True,True,True,True,True,True,True,True,True,True,True,True,True,True,True,True
254,South Africa_2001_01,True,True,True,True,True,True,True,True,True,True,True,True,True,True,True,True,True
255,South Africa_2002_01,True,True,True,True,True,True,True,True,True,True,True,True,True,True,True,True,True
256,South Africa_2004_01,True,True,True,True,True,True,True,True,True,True,True,True,True,True,True,True,True
257,South Africa_2005_06,True,True,True,True,True,True,True,True,True,True,True,True,True,True,True,True,True
258,South Africa_2006_01,True,True,True,True,True,True,True,True,True,True,True,True,True,True,True,True,True
259,South Africa_2007_02,True,True,True,True,True,True,True,True,True,True,True,True,True,True,True,True,True
260,South Africa_2008_01,True,True,True,True,True,True,True,True,True,True,True,True,True,True,True,True,True
261,South Africa_2009_02,True,True,True,True,True,True,True,True,True,True,True,True,True,True,True,True,True
262,South Africa_2010_01,True,True,True,True,True,True,True,True,True,True,True,True,True,True,True,True,True
263,South Africa_2011_02,True,True,True,True,True,True,True,True,True,True,True,True,True,True,True,True,True
264,South Africa_2012_01,True,True,True,True,True,True,True,True,True,True,True,True,True,True,True,True,True
265,South Africa_2013_01,True,True,True,True,True,True,True,True,True,True,True,True,True,True,True,True,True
266,South Africa_2014_04,True,True,True,True,True,True,True,True,True,True,True,True,True,True,True,True,True
267,South Africa_2015_01,True,True,True,True,True,True,True,True,True,True,True,True,True,True,True,True,True
268,South Africa_2016_03,True,True,True,True,True,True,True,True,True,True,True,True,True,True,True,True,True
269,South Africa_2017_01,True,True,True,True,True,True,True,True,True,True,True,True,True,True,True,True,True
270,South Africa_2018_01,True,True,True,True,True,True,True,True,True,True,True,True,True,True,True,True,True
271,South Africa_2019_04,True,True,True,True,True,True,True,True,True,True,True,True,True,True,True,True,True
272,South Africa_2020_02,True,True,True,True,True,True,True,True,True,True,True,True,True,True,True,True,True
273,South Africa_2021_04,True,True,True,True,True,True,True,True,True,True,True,True,True,True,True,True,True
274,South Africa_2022_05,True,True,True,True,True,True,True,True,True,True,True,True,True,True,True,True,True
275,South Africa_2023_02,True,True,True,True,True,True,True,True,True,True,True,True,True,True,True,True,True
276,South Africa_2025_01,False,False,True,True,True,True,True,True,True,True,True,True,True,False,False,False,False
277,Sri Lanka_2005_01,True,True,True,True,True,True,True,True,True,True,True,True,True,True,True,True,True
278,Sri Lanka_2018_01,True,True,True,True,True,True,True,True,True,True,True,True,True,True,True,True,True
279,Sri Lanka_2023_01,False,False,True,True,True,True,True,True,True,True,True,True,True,False,False,False,False
280,Sri Lanka_2024_01,True,True,True,True,True,True,True,True,True,True,True,True,True,True,True,True,True
281,Tajikistan_2015_01,True,True,True,True,True,True,True,True,True,True,True,True,True,True,True,True,True
282,Tajikistan_2018_01,True,True,True,True,True,True,True,True,True,True,True,True,True,True,True,True,True
283,Tanzania_2018_01,False,False,True,True,True,True,True,True,True,True,True,True,True,False,False,False,False
284,Tanzania_2019_01,False,False,True,True,True,True,True,True,True,True,True,True,True,False,False,False,False
285,Tanzania_2021_01,False,False,True,True,True,True,True,True,True,True,True,True,True,False,False,False,False
286,Thailand_2011_01,True,True,True,True,True,True,True,True,True,True,True,True,True,True,True,True,True
287,Thailand_2013_02,True,True,True,True,True,True,True,True,True,True,True,True,True,True,True,True,True
288,Thailand_2014_01,True,True,True,True,True,True,True,True,True,True,True,True,True,True,True,True,True
289,Thailand_2015_11,True,True,True,True,True,True,True,True,True,True,True,True,True,True,True,True,True
290,Thailand_2017_02,True,True,True,True,True,True,True,True,True,True,True,True,True,True,True,True,True
291,Thailand_2018_01,True,True,True,True,True,True,True,True,True,True,True,True,True,True,True,True,True
292,Thailand_2021_01,True,True,True,True,True,True,True,True,True,True,True,True,True,True,True,True,True
293,Thailand_2023_02,False,False,True,True,True,True,True,True,True,True,True,True,True,False,False,False,False
294,Turkey_1997_01,False,False,True,True,True,True,True,True,True,True,True,True,True,False,False,False,False
295,Turkey_1998_01,False,False,True,True,True,True,True,True,True,True,True,True,True,False,False,False,False
296,Turkey_1999_11,False,False,True,True,True,True,True,True,True,True,True,True,True,False,False,False,False
297,Turkey_2000_02,False,False,True,True,True,True,True,True,True,True,True,True,True,False,False,False,False
298,Turkey_2001_01,False,False,True,True,True,True,True,True,True,True,True,True,True,False,False,False,False
299,Turkey_2004_01,False,False,True,True,True,True,True,True,True,True,True,True,True,False,False,False,False
300,Turkey_2005_03,False,False,True,True,True,True,True,True,True,True,True,True,True,False,False,False,False
301,Turkey_2006_02,False,False,True,True,True,True,True,True,True,True,True,True,True,False,False,False,False
302,Turkey_2010_01,False,False,True,True,True,True,True,True,True,True,True,True,True,False,False,False,False
303,Turkey_2012_02,False,False,True,True,True,True,True,True,True,True,True,True,True,False,False,False,False
304,Turkey_2014_03,False,False,True,True,True,True,True,True,True,True,True,True,True,False,False,False,False
305,Turkey_2015_07,False,False,True,True,True,True,True,True,True,True,True,True,True,False,False,False,False
306,Turkey_2016_03,True,True,True,True,True,True,True,True,True,True,True,True,True,True,True,True,True
307,Turkey_2017_01,False,False,True,True,True,True,True,True,True,True,True,True,True,False,False,False,False
308,Turkey_2018_01,False,False,True,True,True,True,True,True,True,True,True,True,True,False,False,False,False
309,Turkey_2019_04,True,True,True,True,True,True,True,True,True,True,True,True,True,True,True,True,True
310,Turkey_2020_01,False,False,True,True,True,True,True,True,True,True,True,True,True,False,False,False,False
311,Turkey_2021_02,False,False,True,True,True,True,True,True,True,True,True,True,True,False,False,False,False
312,Turkey_2022_01,False,False,True,True,True,True,True,True,True,True,True,True,True,False,False,False,False
313,Turkey_2023_03,True,True,True,True,True,True,True,True,True,True,True,True,True,True,True,True,True
314,Turkey_2024_01,False,False,True,True,True,True,True,True,True,True,True,True,True,False,False,False,False
315,Uganda_2002_01,True,True,True,True,True,True,True,True,True,True,True,True,True,True,True,True,True
316,Uganda_2009_01,True,True,True,True,True,True,True,True,True,True,True,True,True,True,True,True,True
317,Uganda_2010_02,True,True,True,True,True,True,True,True,True,True,True,True,True,True,True,True,True
318,Uganda_2014_03,True,True,True,True,True,True,True,True,True,True,True,True,True,True,True,True,True
319,Uganda_2017_01,False,False,True,True,True,True,True,True,True,True,True,True,True,False,False,False,False
320,Uganda_2019_01,True,True,True,True,True,True,True,True,True,True,True,True,True,True,True,True,True
321,Uganda_2020_01,True,True,True,True,True,True,True,True,True,True,True,True,True,True,True,True,True
322,Uganda_2021_03,True,True,True,True,True,True,True,True,True,True,True,True,True,True,True,True,True
323,United States_1927_01,True,True,True,True,True,True,True,True,True,True,True,True,True,True,True,True,True
324,United States_1936_01,True,True,True,True,True,True,True,True,True,True,True,True,True,True,True,True,True
325,United States_1940_01,True,True,True,True,True,True,True,True,True,True,True,True,True,True,True,True,True
326,United States_1942_01,True,True,True,True,True,True,True,True,True,True,True,True,True,True,True,True,True
327,United States_1951_01,True,True,True,True,True,True,True,True,True,True,True,True,True,True,True,True,True
328,United States_1952_01,True,True,True,True,True,True,True,True,True,True,True,True,True,True,True,True,True
329,United States_1963_01,True,True,True,True,True,True,True,True,True,True,True,True,True,True,True,True,True
330,United States_1964_03,True,True,True,True,True,True,True,True,True,True,True,True,True,True,True,True,True
331,United States_1965_01,True,True,True,True,True,True,True,True,True,True,True,True,True,True,True,True,True
332,United States_1966_01,True,True,True,True,True,True,True,True,True,True,True,True,True,True,True,True,True
333,United States_1967_01,True,True,True,True,True,True,True,True,True,True,True,True,True,True,True,True,True
334,United States_1968_01,True,True,True,True,True,True,True,True,True,True,True,True,True,True,True,True,True
335,United States_1969_01,True,True,True,True,True,True,True,True,True,True,True,True,True,True,True,True,True
336,United States_1971_02,True,True,True,True,True,True,True,True,True,True,True,True,True,True,True,True,True
337,United States_1972_01,True,True,True,True,True,True,True,True,True,True,True,True,True,True,True,True,True
338,United States_1975_01,True,True,True,True,True,True,True,True,True,True,True,True,True,True,True,True,True
339,United States_1976_01,True,True,True,True,True,True,True,True,True,True,True,True,True,True,True,True,True
340,United States_1977_01,True,True,True,True,True,True,True,True,True,True,True,True,True,True,True,True,True
341,United States_1978_01,True,True,True,True,True,True,True,True,True,True,True,True,True,True,True,True,True
342,United States_1979_01,True,True,True,True,True,True,True,True,True,True,True,True,True,True,True,True,True
343,United States_1980_02,True,True,True,True,True,True,True,True,True,True,True,True,True,True,True,True,True
344,United States_1982_02,True,True,True,True,True,True,True,True,True,True,True,True,True,True,True,True,True
345,United States_1986_01,True,True,True,True,True,True,True,True,True,True,True,True,True,True,True,True,True
346,United States_1987_02,True,True,True,True,True,True,True,True,True,True,True,True,True,True,True,True,True
347,United States_1988_01,True,True,True,True,True,True,True,True,True,True,True,True,True,True,True,True,True
348,United States_1989_01,True,True,True,True,True,True,True,True,True,True,True,True,True,True,True,True,True
349,United States_1990_01,True,True,True,True,True,True,True,True,True,True,True,True,True,True,True,True,True
350,United States_1991_01,True,True,True,True,True,True,True,True,True,True,True,True,True,True,True,True,True
351,United States_1992_02,True,True,True,True,True,True,True,True,True,True,True,True,True,True,True,True,True
352,United States_1993_01,True,True,True,True,True,True,True,True,True,True,True,True,True,True,True,True,True
353,United States_1994_01,True,True,True,True,True,True,True,True,True,True,True,True,True,True,True,True,True
354,United States_1995_01,True,True,True,True,True,True,True,True,True,True,True,True,True,True,True,True,True
355,United States_1996_01,True,True,True,True,True,True,True,True,True,True,True,True,True,True,True,True,True
356,United States_1997_02,True,True,True,True,True,True,True,True,True,True,True,True,True,True,True,True,True
357,United States_1998_01,True,True,True,True,True,True,True,True,True,True,True,True,True,True,True,True,True
358,United States_1999_01,True,True,True,True,True,True,True,True,True,True,True,True,True,True,True,True,True
359,United States_2000_01,True,True,True,True,True,True,True,True,True,True,True,True,True,True,True,True,True
360,United States_2001_01,True,True,True,True,True,True,True,True,True,True,True,True,True,True,True,True,True
361,United States_2002_02,True,True,True,True,True,True,True,True,True,True,True,True,True,True,True,True,True
362,United States_2003_01,True,True,True,True,True,True,True,True,True,True,True,True,True,True,True,True,True
363,United States_2005_01,True,True,True,True,True,True,True,True,True,True,True,True,True,True,True,True,True
364,United States_2007_02,True,True,True,True,True,True,True,True,True,True,True,True,True,True,True,True,True
365,United States_2008_01,True,True,True,True,True,True,True,True,True,True,True,True,True,True,True,True,True
366,United States_2009_01,True,True,True,True,True,True,True,True,True,True,True,True,True,True,True,True,True
367,United States_2010_01,True,True,True,True,True,True,True,True,True,True,True,True,True,True,True,True,True
368,United States_2011_01,True,True,True,True,True,True,True,True,True,True,True,True,True,True,True,True,True
369,United States_2012_03,True,True,True,True,True,True,True,True,True,True,True,True,True,True,True,True,True
370,United States_2013_02,True,True,True,True,True,True,True,True,True,True,True,True,True,True,True,True,True
371,United States_2014_01,True,True,True,True,True,True,True,True,True,True,True,True,True,True,True,True,True
372,United States_2015_18,True,True,True,True,True,True,True,True,True,True,True,True,True,True,True,True,True
373,United States_2016_08,True,True,True,True,True,True,True,True,True,True,True,True,True,True,True,True,True
374,United States_2017_05,True,True,True,True,True,True,True,True,True,True,True,True,True,True,True,True,True
375,United States_2018_15,True,True,True,True,True,True,True,True,True,True,True,True,True,True,True,True,True
376,United States_2019_30,True,True,True,True,True,True,True,True,True,True,True,True,True,True,True,True,True
377,United States_2020_40,True,True,True,True,True,True,True,True,True,True,True,True,True,True,True,True,True
378,United States_2021_04,True,True,True,True,True,True,True,True,True,True,True,True,True,True,True,True,True
379,United States_2022_02,True,True,True,True,True,True,True,True,True,True,True,True,True,True,True,True,True
380,United States_2023_08,False,False,True,True,True,True,True,True,True,True,True,True,True,False,False,False,False
381,United States_2024_04,False,False,True,True,True,True,True,True,True,True,True,True,True,False,False,False,False
382,United States_2025_06,True,True,True,True,True,True,True,True,True,True,True,True,True,True,True,True,True
383,Uruguay_2013_01,True,True,True,True,True,True,True,True,True,True,True,True,True,True,True,True,True
384,Uruguay_2021_01,True,True,True,True,True,True,True,True,True,True,True,True,True,True,True,True,True
385,Uruguay_2022_01,True,True,True,True,True,True,True,True,True,True,True,True,True,True,True,True,True
386,Uruguay_2024_01,True,True,True,True,True,True,True,True,True,True,True,True,True,True,True,True,True
387,Venezuela_2008_01,False,False,True,True,True,True,True,True,True,True,True,True,True,False,False,False,False
388,Venezuela_2009_03,False,False,True,True,True,True,True,True,True,True,True,True,True,False,False,False,False
389,Venezuela_2010_01,True,True,True,True,True,True,True,True,True,True,True,True,True,True,True,True,True
390,Venezuela_2012_01,False,False,True,True,True,True,True,True,True,True,True,True,True,False,False,False,False
391,Venezuela_2015_01,False,False,True,True,True,True,True,True,True,True,True,True,True,False,False,False,False
392,Venezuela_2018_01,False,False,True,True,True,True,True,True,True,True,True,True,True,False,False,False,False
393,Venezuela_2019_01,False,False,True,True,True,True,True,True,True,True,True,True,True,False,False,False,False
394,Vietnam_2012_01,True,True,True,True,True,True,True,True,True,True,True,True,True,True,True,True,True
395,Vietnam_2014_01,True,True,True,True,True,True,True,True,True,True,True,True,True,True,True,True,True
396,Vietnam_2015_01,True,True,True,True,True,True,True,True,True,True,True,True,True,True,True,True,True
397,Vietnam_2016_01,True,True,True,True,True,True,True,True,True,True,True,True,True,True,True,True,True
398,Vietnam_2017_01,True,True,True,True,True,True,True,True,True,True,True,True,True,True,True,True,True
399,Zambia_1999_01,False,False,True,True,True,True,True,True,True,True,True,True,True,False,False,False,False
400,Zambia_2008_01,True,True,True,True,True,True,True,True,True,True,True,True,True,True,True,True,True
401,Zambia_2014_01,True,True,True,True,True,True,True,True,True,True,True,True,True,True,True,True,True
402,Zambia_2015_01,True,True,True,True,True,True,True,True,True,True,True,True,True,True,True,True,True
403,Zambia_2021_01,True,True,True,True,True,True,True,True,True,True,True,True,True,True,True,True,True
404,Zimbabwe_2000_01,True,True,True,True,True,True,True,True,True,True,True,True,True,True,True,True,True
405,Zimbabwe_2004_01,True,True,True,True,True,True,True,True,True,True,True,True,True,True,True,True,True
406,Zimbabwe_2006_01,False,False,True,True,True,True,True,True,True,True,True,True,True,False,False,False,False
407,Zimbabwe_2009_02,False,False,True,True,True,True,True,True,True,True,True,True,True,False,False,False,False
408,Zimbabwe_2014_02,True,True,True,True,True,True,True,True,True,True,True,True,True,True,True,True,True
409,Zimbabwe_2015_01,True,True,True,True,True,True,True,True,True,True,True,True,True,True,True,True,True
410,Zimbabwe_2016_02,True,True,True,True,True,True,True,True,True,True,True,True,True,True,True,True,True
411,Zimbabwe_2017_01,True,True,True,True,True,True,True,True,True,True,True,True,True,True,True,True,True
412,Zimbabwe_2018_01,True,True,True,True,True,True,True,True,True,True,True,True,True,True,True,True,True
413,Zimbabwe_2021_03,False,False,True,True,True,True,True,True,True,True,True,True,True,False,False,False,False
414,Australia_2013_02,True,True,True,True,True,True,True,True,True,True,True,True,True,True,True,True,True
415,Australia_2014_05,True,True,True,True,True,True,True,True,True,True,True,True,True,True,True,True,True
416,Australia_2014_01,True,True,True,True,True,True,True,True,True,True,True,True,True,True,True,True,True
417,Australia_2014_02,True,True,True,True,True,True,True,True,True,True,True,True,True,True,True,True,True
418,Australia_2014_04,True,True,True,True,True,True,True,True,True,True,True,True,True,True,True,True,True
419,Australia_2015_01,True,True,True,True,True,True,True,True,True,True,True,True,True,True,True,True,True
420,Australia_2017_02,True,True,True,True,True,True,True,True,True,True,True,True,True,True,True,True,True
421,Australia_2017_04,True,True,True,True,True,True,True,True,True,True,True,True,True,True,True,True,True
422,Australia_2017_01,True,True,True,True,True,True,True,True,True,True,True,True,True,True,True,True,True
423,Australia_2018_01,True,True,True,True,True,True,True,True,True,True,True,True,True,True,True,True,True
424,Australia_2018_02,True,True,True,True,True,True,True,True,True,True,True,True,True,True,True,True,True
425,Australia_2019_04,True,True,True,True,True,True,True,True,True,True,True,True,True,True,True,True,True
426,Australia_2019_01,True,True,True,True,True,True,True,True,True,True,True,True,True,True,True,True,True
427,Australia_2019_02,True,True,True,True,True,True,True,True,True,True,True,True,True,True,True,True,True
428,Australia_2020_02,True,True,True,True,True,True,True,True,True,True,True,True,True,True,True,True,True
429,Azerbaijan_2015_02,False,False,True,True,True,True,True,True,True,True,True,True,True,False,False,False,False
430,Azerbaijan_2017_01,False,False,True,True,True,True,True,True,True,True,True,True,True,False,False,False,False
431,Azerbaijan_2019_02,False,False,True,True,True,True,True,True,True,True,True,True,True,False,False,False,False
432,Bangladesh_2019_01,True,True,True,True,True,True,True,True,True,True,True,True,True,True,True,True,True
433,Bangladesh_2023_01,False,False,True,True,True,True,True,True,True,True,True,True,True,False,False,False,False
434,Botswana_2011_01,True,True,True,True,True,True,True,True,True,True,True,True,True,True,True,True,True
435,Canada_1989_01,True,True,True,True,True,True,True,True,True,True,True,True,True,True,True,True,True
436,Canada_1998_02,True,True,True,True,True,True,True,True,True,True,True,True,True,True,True,True,True
437,Canada_2001_02,True,True,True,True,True,True,True,True,True,True,True,True,True,True,True,True,True
438,Canada_2002_02,True,True,True,True,True,True,True,True,True,True,True,True,True,True,True,True,True
439,Canada_2005_01,True,True,True,True,True,True,True,True,True,True,True,True,True,True,True,True,True
440,Canada_2006_01,True,True,True,True,True,True,True,True,True,True,True,True,True,True,True,True,True
441,Canada_2007_02,True,True,True,True,True,True,True,True,True,True,True,True,True,True,True,True,True
442,Canada_2010_02,True,True,True,True,True,True,True,True,True,True,True,True,True,True,True,True,True
443,Canada_2010_01,True,True,True,True,True,True,True,True,True,True,True,True,True,True,True,True,True
444,Canada_2011_04,True,True,True,True,True,True,True,True,True,True,True,True,True,True,True,True,True
445,Canada_2011_01,True,True,True,True,True,True,True,True,True,True,True,True,True,True,True,True,True
446,Canada_2011_03,True,True,True,True,True,True,True,True,True,True,True,True,True,True,True,True,True
447,Canada_2012_02,True,True,True,True,True,True,True,True,True,True,True,True,True,True,True,True,True
448,Canada_2012_01,True,True,True,True,True,True,True,True,True,True,True,True,True,True,True,True,True
449,Canada_2012_03,True,True,True,True,True,True,True,True,True,True,True,True,True,True,True,True,True
450,Canada_2013_01,True,True,True,True,True,True,True,True,True,True,True,True,True,True,True,True,True
451,Canada_2014_03,True,True,True,True,True,True,True,True,True,True,True,True,True,True,True,True,True
452,Canada_2014_01,True,True,True,True,True,True,True,True,True,True,True,True,True,True,True,True,True
453,Canada_2014_04,True,True,True,True,True,True,True,True,True,True,True,True,True,True,True,True,True
454,Canada_2014_02,True,True,True,True,True,True,True,True,True,True,True,True,True,True,True,True,True
455,Canada_2014_05,True,True,True,True,True,True,True,True,True,True,True,True,True,True,True,True,True
456,Canada_2015_03,True,True,True,True,True,True,True,True,True,True,True,True,True,True,True,True,True
457,Canada_2015_02,True,True,True,True,True,True,True,True,True,True,True,True,True,True,True,True,True
458,Canada_2015_04,True,True,True,True,True,True,True,True,True,True,True,True,True,True,True,True,True
459,Canada_2016_02,True,True,True,True,True,True,True,True,True,True,True,True,True,True,True,True,True
460,Canada_2016_03,True,True,True,True,True,True,True,True,True,True,True,True,True,True,True,True,True
461,Canada_2017_01,True,True,True,True,True,True,True,True,True,True,True,True,True,True,True,True,True
462,Canada_2017_03,True,True,True,True,True,True,True,True,True,True,True,True,True,True,True,True,True
463,Canada_2018_04,True,True,True,True,True,True,True,True,True,True,True,True,True,True,True,True,True
464,Canada_2018_01,True,True,True,True,True,True,True,True,True,True,True,True,True,True,True,True,True
465,Canada_2018_05,True,True,True,True,True,True,True,True,True,True,True,True,True,True,True,True,True
466,Canada_2018_02,True,True,True,True,True,True,True,True,True,True,True,True,True,True,True,True,True
467,Canada_2019_01,True,True,True,True,True,True,True,True,True,True,True,True,True,True,True,True,True
468,Canada_2019_02,True,True,True,True,True,True,True,True,True,True,True,True,True,True,True,True,True
469,Canada_2020_03,True,True,True,True,True,True,True,True,True,True,True,True,True,True,True,True,True
470,Canada_2020_01,True,True,True,True,True,True,True,True,True,True,True,True,True,True,True,True,True
471,Canada_2020_04,True,True,True,True,True,True,True,True,True,True,True,True,True,True,True,True,True
472,Canada_2021_03,True,True,True,True,True,True,True,True,True,True,True,True,True,True,True,True,True
473,Canada_2021_01,True,True,True,True,True,True,True,True,True,True,True,True,True,True,True,True,True
474,Chile_2005_02,True,True,True,True,True,True,True,True,True,True,True,True,True,True,True,True,True
475,Chile_2016_02,True,True,True,True,True,True,True,True,True,True,True,True,True,True,True,True,True
476,Chile_2016_03,False,False,True,True,True,True,True,True,True,True,True,True,True,False,False,False,False
477,Chile_2018_01,False,False,True,True,True,True,True,True,True,True,True,True,True,False,False,False,False
478,Chile_2019_01,True,True,True,True,True,True,True,True,True,True,True,True,True,True,True,True,True
479,Chile_2020_03,False,False,True,True,True,True,True,True,True,True,True,True,True,False,False,False,False
480,Chile_2020_01,True,True,True,True,True,True,True,True,True,True,True,True,True,True,True,True,True
481,Chile_2020_04,True,True,True,True,True,True,True,True,True,True,True,True,True,True,True,True,True
482,Chile_2020_02,True,True,True,True,True,True,True,True,True,True,True,True,True,True,True,True,True
483,Chile_2021_05,True,True,True,True,True,True,True,True,True,True,True,True,True,True,True,True,True
484,Chile_2021_04,True,True,True,True,True,True,True,True,True,True,True,True,True,True,True,True,True
485,Chile_2021_02,True,True,True,True,True,True,True,True,True,True,True,True,True,True,True,True,True
486,Chile_2021_06,True,True,True,True,True,True,True,True,True,True,True,True,True,True,True,True,True
487,Chile_2021_01,True,True,True,True,True,True,True,True,True,True,True,True,True,True,True,True,True
488,Chile_2021_03,True,True,True,True,True,True,True,True,True,True,True,True,True,True,True,True,True
489,Chile_2021_07,True,True,True,True,True,True,True,True,True,True,True,True,True,True,True,True,True
490,Chile_2022_04,False,False,True,True,True,True,True,True,True,True,True,True,True,False,False,False,False
491,Chile_2022_05,True,True,True,True,True,True,True,True,True,True,True,True,True,True,True,True,True
492,Chile_2022_01,True,True,True,True,True,True,True,True,True,True,True,True,True,True,True,True,True
493,Chile_2022_02,True,True,True,True,True,True,True,True,True,True,True,True,True,True,True,True,True
494,El Salvador_2014_02,True,True,True,True,True,True,True,True,True,True,True,True,True,True,True,True,True
495,El Salvador_2016_01,True,True,True,True,True,True,True,True,True,True,True,True,True,True,True,True,True
496,Eswatini_2014_02,True,True,True,True,True,True,True,True,True,True,True,True,True,True,True,True,True
497,Ethiopia_2015_01,True,True,True,True,True,True,True,True,True,True,True,True,True,True,True,True,True
498,France_2006_02,False,False,True,True,True,True,True,True,True,True,True,True,True,False,False,False,False
499,France_2007_01,False,False,True,True,True,True,True,True,True,True,True,True,True,False,False,False,False
500,France_2008_02,False,False,True,True,True,True,True,True,True,True,True,True,True,False,False,False,False
501,France_2009_02,False,False,True,True,True,True,True,True,True,True,True,True,True,False,False,False,False
502,France_2014_04,True,True,True,True,True,True,True,True,True,True,True,True,True,True,True,True,True
503,France_2014_03,False,False,True,True,True,True,True,True,True,True,True,True,True,False,False,False,False
504,France_2014_06,True,True,True,True,True,True,True,True,True,True,True,True,True,True,True,True,True
505,France_2014_01,True,True,True,True,True,True,True,True,True,True,True,True,True,True,True,True,True
506,France_2014_05,False,False,True,True,True,True,True,True,True,True,True,True,True,False,False,False,False
507,France_2015_01,True,True,True,True,True,True,True,True,True,True,True,True,True,True,True,True,True
508,France_2015_05,False,False,True,True,True,True,True,True,True,True,True,True,True,False,False,False,False
509,France_2015_03,True,True,True,True,True,True,True,True,True,True,True,True,True,True,True,True,True
510,France_2015_04,False,False,True,True,True,True,True,True,True,True,True,True,True,False,False,False,False
511,France_2016_03,True,True,True,True,True,True,True,True,True,True,True,True,True,True,True,True,True
512,France_2016_02,True,True,True,True,True,True,True,True,True,True,True,True,True,True,True,True,True
513,France_2016_01,False,False,True,True,True,True,True,True,True,True,True,True,True,False,False,False,False
514,France_2016_07,True,True,True,True,True,True,True,True,True,True,True,True,True,True,True,True,True
515,France_2016_04,False,False,True,True,True,True,True,True,True,True,True,True,True,False,False,False,False
516,France_2016_05,True,True,True,True,True,True,True,True,True,True,True,True,True,True,True,True,True
517,France_2017_02,False,False,True,True,True,True,True,True,True,True,True,True,True,False,False,False,False
518,France_2017_01,True,True,True,True,True,True,True,True,True,True,True,True,True,True,True,True,True
519,France_2018_02,True,True,True,True,True,True,True,True,True,True,True,True,True,True,True,True,True
520,France_2019_02,False,False,True,True,True,True,True,True,True,True,True,True,True,False,False,False,False
521,France_2020_01,True,True,True,True,True,True,True,True,True,True,True,True,True,True,True,True,True
522,France_2021_05,False,False,True,True,True,True,True,True,True,True,True,True,True,False,False,False,False
523,France_2021_04,False,False,True,True,True,True,True,True,True,True,True,True,True,False,False,False,False
524,France_2021_01,False,False,True,True,True,True,True,True,True,True,True,True,True,False,False,False,False
525,France_2021_03,True,True,True,True,True,True,True,True,True,True,True,True,True,True,True,True,True
526,France_2021_06,True,True,True,True,True,True,True,True,True,True,True,True,True,True,True,True,True
527,France_2022_01,True,True,True,True,True,True,True,True,True,True,True,True,True,True,True,True,True
528,France_2022_02,False,False,True,True,True,True,True,True,True,True,True,True,True,False,False,False,False
529,France_2022_04,True,True,True,True,True,True,True,True,True,True,True,True,True,True,True,True,True
530,France_2023_03,False,False,True,True,True,True,True,True,True,True,True,True,True,False,False,False,False
531,France_2023_06,False,False,True,True,True,True,True,True,True,True,True,True,True,False,False,False,False
532,France_2023_04,False,False,True,True,True,True,True,True,True,True,True,True,True,False,False,False,False
533,France_2023_02,False,False,True,True,True,True,True,True,True,True,True,True,True,False,False,False,False
534,France_2023_05,False,False,True,True,True,True,True,True,True,True,True,True,True,False,False,False,False
535,France_2023_01,False,False,True,True,True,True,True,True,True,True,True,True,True,False,False,False,False
536,France_2024_03,False,False,True,True,True,True,True,True,True,True,True,True,True,False,False,False,False
537,France_2024_02,False,False,True,True,True,True,True,True,True,True,True,True,True,False,False,False,False
538,Haiti_2023_02,False,False,True,True,True,True,True,True,True,True,True,True,True,False,False,False,False
539,Hungary_2009_01,False,False,True,True,True,True,True,True,True,True,True,True,True,False,False,False,False
540,Hungary_2009_02,False,False,True,True,True,True,True,True,True,True,True,True,True,False,False,False,False
541,Hungary_2012_02,False,False,True,True,True,True,True,True,True,True,True,True,True,False,False,False,False
542,Hungary_2014_06,False,False,True,True,True,True,True,True,True,True,True,True,True,False,False,False,False
543,Hungary_2014_01,True,True,True,True,True,True,True,True,True,True,True,True,True,True,True,True,True
544,Hungary_2014_05,False,False,True,True,True,True,True,True,True,True,True,True,True,False,False,False,False
545,Hungary_2014_03,False,False,True,True,True,True,True,True,True,True,True,True,True,False,False,False,False
546,Hungary_2014_04,True,True,True,True,True,True,True,True,True,True,True,True,True,True,True,True,True
547,Hungary_2016_02,False,False,True,True,True,True,True,True,True,True,True,True,True,False,False,False,False
548,Hungary_2016_05,False,False,True,True,True,True,True,True,True,True,True,True,True,False,False,False,False
549,Hungary_2016_03,False,False,True,True,True,True,True,True,True,True,True,True,True,False,False,False,False
550,Hungary_2016_04,False,False,True,True,True,True,True,True,True,True,True,True,True,False,False,False,False
551,Hungary_2018_04,False,False,True,True,True,True,True,True,True,True,True,True,True,False,False,False,False
552,Hungary_2018_02,False,False,True,True,True,True,True,True,True,True,True,True,True,False,False,False,False
553,Hungary_2018_03,True,True,True,True,True,True,True,True,True,True,True,True,True,True,True,True,True
554,Hungary_2019_02,True,True,True,True,True,True,True,True,True,True,True,True,True,True,True,True,True
555,Hungary_2020_01,False,False,True,True,True,True,True,True,True,True,True,True,True,False,False,False,False
556,Hungary_2020_03,False,False,True,True,True,True,True,True,True,True,True,True,True,False,False,False,False
557,Hungary_2022_02,True,True,True,True,True,True,True,True,True,True,True,True,True,True,True,True,True
558,Hungary_2023_02,False,False,True,True,True,True,True,True,True,True,True,True,True,False,False,False,False
559,Hungary_2024_02,False,False,True,True,True,True,True,True,True,True,True,True,True,False,False,False,False
560,Hungary_2024_01,True,True,True,True,True,True,True,True,True,True,True,True,True,True,True,True,True
561,Kazakhstan_2014_01,True,True,True,True,True,True,True,True,True,True,True,True,True,True,True,True,True
562,Kazakhstan_2015_05,True,True,True,True,True,True,True,True,True,True,True,True,True,True,True,True,True
563,Kazakhstan_2015_04,True,True,True,True,True,True,True,True,True,True,True,True,True,True,True,True,True
564,Kazakhstan_2015_01,True,True,True,True,True,True,True,True,True,True,True,True,True,True,True,True,True
565,Kazakhstan_2015_03,True,True,True,True,True,True,True,True,True,True,True,True,True,True,True,True,True
566,Kazakhstan_2016_02,True,True,True,True,True,True,True,True,True,True,True,True,True,True,True,True,True
567,Kenya_2015_03,True,True,True,True,True,True,True,True,True,True,True,True,True,True,True,True,True
568,Kenya_2015_01,True,True,True,True,True,True,True,True,True,True,True,True,True,True,True,True,True
569,Kenya_2017_02,True,True,True,True,True,True,True,True,True,True,True,True,True,True,True,True,True
570,Kenya_2017_01,True,True,True,True,True,True,True,True,True,True,True,True,True,True,True,True,True
571,Kenya_2018_01,True,True,True,True,True,True,True,True,True,True,True,True,True,True,True,True,True
572,Kenya_2019_02,True,True,True,True,True,True,True,True,True,True,True,True,True,True,True,True,True
573,Kenya_2020_01,True,True,True,True,True,True,True,True,True,True,True,True,True,True,True,True,True
574,Malawi_2020_02,True,True,True,True,True,True,True,True,True,True,True,True,True,True,True,True,True
575,Malaysia_2015_02,True,True,True,True,True,True,True,True,True,True,True,True,True,True,True,True,True
576,Malaysia_2015_01,True,True,True,True,True,True,True,True,True,True,True,True,True,True,True,True,True
577,Malaysia_2016_04,True,True,True,True,True,True,True,True,True,True,True,True,True,True,True,True,True
578,Malaysia_2016_02,True,True,True,True,True,True,True,True,True,True,True,True,True,True,True,True,True
579,Malaysia_2016_03,True,True,True,True,True,True,True,True,True,True,True,True,True,True,True,True,True
580,Malta_2017_02,True,True,True,True,True,True,True,True,True,True,True,True,True,True,True,True,True
581,Malta_2018_01,False,False,True,True,True,True,True,True,True,True,True,True,True,False,False,False,False
582,Myanmar_2014_02,True,True,True,True,True,True,True,True,True,True,True,True,True,True,True,True,True
583,Myanmar_2015_09,True,True,True,True,True,True,True,True,True,True,True,True,True,True,True,True,True
584,Myanmar_2015_06,True,True,True,True,True,True,True,True,True,True,True,True,True,True,True,True,True
585,Myanmar_2015_08,True,True,True,True,True,True,True,True,True,True,True,True,True,True,True,True,True
586,Myanmar_2015_10,True,True,True,True,True,True,True,True,True,True,True,True,True,True,True,True,True
587,Myanmar_2015_04,True,True,True,True,True,True,True,True,True,True,True,True,True,True,True,True,True
588,Myanmar_2015_07,True,True,True,True,True,True,True,True,True,True,True,True,True,True,True,True,True
589,Myanmar_2015_01,True,True,True,True,True,True,True,True,True,True,True,True,True,True,True,True,True
590,Myanmar_2015_05,True,True,True,True,True,True,True,True,True,True,True,True,True,True,True,True,True
591,Myanmar_2015_02,True,True,True,True,True,True,True,True,True,True,True,True,True,True,True,True,True
592,Myanmar_2016_01,True,True,True,True,True,True,True,True,True,True,True,True,True,True,True,True,True
593,Nigeria_1998_03,False,False,True,True,True,True,True,True,True,True,True,True,True,False,False,False,False
594,Nigeria_1998_01,False,False,True,True,True,True,True,True,True,True,True,True,True,False,False,False,False
595,Nigeria_2000_01,False,False,True,True,True,True,True,True,True,True,True,True,True,False,False,False,False
596,Nigeria_2012_03,True,True,True,True,True,True,True,True,True,True,True,True,True,True,True,True,True
597,Nigeria_2012_01,True,True,True,True,True,True,True,True,True,True,True,True,True,True,True,True,True
598,Nigeria_2013_02,True,True,True,True,True,True,True,True,True,True,True,True,True,True,True,True,True
599,Nigeria_2016_02,True,True,True,True,True,True,True,True,True,True,True,True,True,True,True,True,True
600,Nigeria_2018_01,True,True,True,True,True,True,True,True,True,True,True,True,True,True,True,True,True
601,Nigeria_2018_02,True,True,True,True,True,True,True,True,True,True,True,True,True,True,True,True,True
602,Nigeria_2022_02,False,False,True,True,True,True,True,True,True,True,True,True,True,False,False,False,False
603,Nigeria_2022_04,False,False,True,True,True,True,True,True,True,True,True,True,True,False,False,False,False
604,Nigeria_2022_01,True,True,True,True,True,True,True,True,True,True,True,True,True,True,True,True,True
605,Nigeria_2023_04,False,False,True,True,True,True,True,True,True,True,True,True,True,False,False,False,False
606,Nigeria_2023_01,True,True,True,True,True,True,True,True,True,True,True,True,True,True,True,True,True
607,Nigeria_2023_03,False,False,True,True,True,True,True,True,True,True,True,True,True,False,False,False,False
608,Pakistan_2013_02,True,True,True,True,True,True,True,True,True,True,True,True,True,True,True,True,True
609,Pakistan_2014_02,True,True,True,True,True,True,True,True,True,True,True,True,True,True,True,True,True
610,Pakistan_2014_01,True,True,True,True,True,True,True,True,True,True,True,True,True,True,True,True,True
611,Pakistan_2018_01,True,True,True,True,True,True,True,True,True,True,True,True,True,True,True,True,True
612,Pakistan_2020_02,True,True,True,True,True,True,True,True,True,True,True,True,True,True,True,True,True
613,Pakistan_2020_03,True,True,True,True,True,True,True,True,True,True,True,True,True,True,True,True,True
614,Pakistan_2023_01,False,False,True,True,True,True,True,True,True,True,True,True,True,False,False,False,False
615,Philippines_2014_01,True,True,True,True,True,True,True,True,True,True,True,True,True,True,True,True,True
616,Philippines_2014_03,True,True,True,True,True,True,True,True,True,True,True,True,True,True,True,True,True
617,Philippines_2023_01,True,True,True,True,True,True,True,True,True,True,True,True,True,True,True,True,True
618,Poland_2009_01,False,False,True,True,True,True,True,True,True,True,True,True,True,False,False,False,False
619,Poland_2016_01,False,False,True,True,True,True,True,True,True,True,True,True,True,False,False,False,False
620,Poland_2019_01,True,True,True,True,True,True,True,True,True,True,True,True,True,True,True,True,True
621,Poland_2022_01,True,True,True,True,True,True,True,True,True,True,True,True,True,True,True,True,True
622,Poland_2023_01,False,False,False,False,False,False,False,False,False,False,False,False,False,False,False,False,False
623,Poland_2023_03,True,True,True,True,True,True,True,True,True,True,True,True,True,True,True,True,True
624,Poland_2024_01,False,False,True,True,True,True,True,True,True,True,True,True,True,False,False,False,False
625,Singapore_2014_01,True,True,True,True,True,True,True,True,True,True,True,True,True,True,True,True,True
626,Singapore_2015_02,True,True,True,True,True,True,True,True,True,True,True,True,True,True,True,True,True
627,Singapore_2020_02,True,True,True,True,True,True,True,True,True,True,True,True,True,True,True,True,True
628,Singapore_2020_03,True,True,True,True,True,True,True,True,True,True,True,True,True,True,True,True,True
629,Singapore_2020_04,True,True,True,True,True,True,True,True,True,True,True,True,True,True,True,True,True
630,Somalia_2022_01,False,False,True,True,True,True,True,True,True,True,True,True,True,False,False,False,False
631,South Africa_2005_05,True,True,True,True,True,True,True,True,True,True,True,True,True,True,True,True,True
632,South Africa_2005_02,True,True,True,True,True,True,True,True,True,True,True,True,True,True,True,True,True
633,South Africa_2005_04,True,True,True,True,True,True,True,True,True,True,True,True,True,True,True,True,True
634,South Africa_2005_01,True,True,True,True,True,True,True,True,True,True,True,True,True,True,True,True,True
635,South Africa_2005_03,True,True,True,True,True,True,True,True,True,True,True,True,True,True,True,True,True
636,South Africa_2006_02,True,True,True,True,True,True,True,True,True,True,True,True,True,True,True,True,True
637,South Africa_2007_01,True,True,True,True,True,True,True,True,True,True,True,True,True,True,True,True,True
638,South Africa_2009_01,True,True,True,True,True,True,True,True,True,True,True,True,True,True,True,True,True
639,South Africa_2010_02,True,True,True,True,True,True,True,True,True,True,True,True,True,True,True,True,True
640,South Africa_2011_03,True,True,True,True,True,True,True,True,True,True,True,True,True,True,True,True,True
641,South Africa_2011_05,True,True,True,True,True,True,True,True,True,True,True,True,True,True,True,True,True
642,South Africa_2011_01,True,True,True,True,True,True,True,True,True,True,True,True,True,True,True,True,True
643,South Africa_2011_04,True,True,True,True,True,True,True,True,True,True,True,True,True,True,True,True,True
644,South Africa_2012_02,True,True,True,True,True,True,True,True,True,True,True,True,True,True,True,True,True
645,South Africa_2014_01,True,True,True,True,True,True,True,True,True,True,True,True,True,True,True,True,True
646,South Africa_2014_03,True,True,True,True,True,True,True,True,True,True,True,True,True,True,True,True,True
647,South Africa_2014_02,True,True,True,True,True,True,True,True,True,True,True,True,True,True,True,True,True
648,South Africa_2014_05,True,True,True,True,True,True,True,True,True,True,True,True,True,True,True,True,True
649,South Africa_2015_03,True,True,True,True,True,True,True,True,True,True,True,True,True,True,True,True,True
650,South Africa_2015_02,True,True,True,True,True,True,True,True,True,True,True,True,True,True,True,True,True
651,South Africa_2016_04,True,True,True,True,True,True,True,True,True,True,True,True,True,True,True,True,True
652,South Africa_2016_02,True,True,True,True,True,True,True,True,True,True,True,True,True,True,True,True,True
653,South Africa_2016_01,True,True,True,True,True,True,True,True,True,True,True,True,True,True,True,True,True
654,South Africa_2017_02,True,True,True,True,True,True,True,True,True,True,True,True,True,True,True,True,True
655,South Africa_2018_04,True,True,True,True,True,True,True,True,True,True,True,True,True,True,True,True,True
656,South Africa_2018_02,True,True,True,True,True,True,True,True,True,True,True,True,True,True,True,True,True
657,South Africa_2018_03,True,True,True,True,True,True,True,True,True,True,True,True,True,True,True,True,True
658,South Africa_2019_01,True,True,True,True,True,True,True,True,True,True,True,True,True,True,True,True,True
659,South Africa_2019_02,True,True,True,True,True,True,True,True,True,True,True,True,True,True,True,True,True
660,South Africa_2019_03,True,True,True,True,True,True,True,True,True,True,True,True,True,True,True,True,True
661,South Africa_2020_03,True,True,True,True,True,True,True,True,True,True,True,True,True,True,True,True,True
662,South Africa_2020_05,True,True,True,True,True,True,True,True,True,True,True,True,True,True,True,True,True
663,South Africa_2020_06,True,True,True,True,True,True,True,True,True,True,True,True,True,True,True,True,True
664,South Africa_2020_04,True,True,True,True,True,True,True,True,True,True,True,True,True,True,True,True,True
665,South Africa_2020_01,True,True,True,True,True,True,True,True,True,True,True,True,True,True,True,True,True
666,South Africa_2021_02,True,True,True,True,True,True,True,True,True,True,True,True,True,True,True,True,True
667,South Africa_2021_01,True,True,True,True,True,True,True,True,True,True,True,True,True,True,True,True,True
668,South Africa_2021_06,False,False,True,True,True,True,True,True,True,True,True,True,True,False,False,False,False
669,South Africa_2021_05,True,True,True,True,True,True,True,True,True,True,True,True,True,True,True,True,True
670,South Africa_2021_03,True,True,True,True,True,True,True,True,True,True,True,True,True,True,True,True,True
671,South Africa_2022_02,True,True,True,True,True,True,True,True,True,True,True,True,True,True,True,True,True
672,South Africa_2022_03,True,True,True,True,True,True,True,True,True,True,True,True,True,True,True,True,True
673,South Africa_2022_01,True,True,True,True,True,True,True,True,True,True,True,True,True,True,True,True,True
674,South Africa_2022_04,True,True,True,True,True,True,True,True,True,True,True,True,True,True,True,True,True
675,South Africa_2023_03,True,True,True,True,True,True,True,True,True,True,True,True,True,True,True,True,True
676,South Africa_2023_01,True,True,True,True,True,True,True,True,True,True,True,True,True,True,True,True,True
677,South Africa_2023_04,True,True,True,True,True,True,True,True,True,True,True,True,True,True,True,True,True
678,Thailand_2013_01,True,True,True,True,True,True,True,True,True,True,True,True,True,True,True,True,True
679,Thailand_2015_03,True,True,True,True,True,True,True,True,True,True,True,True,True,True,True,True,True
680,Thailand_2015_02,True,True,True,True,True,True,True,True,True,True,True,True,True,True,True,True,True
681,Thailand_2015_05,True,True,True,True,True,True,True,True,True,True,True,True,True,True,True,True,True
682,Thailand_2015_08,True,True,True,True,True,True,True,True,True,True,True,True,True,True,True,True,True
683,Thailand_2015_10,True,True,True,True,True,True,True,True,True,True,True,True,True,True,True,True,True
684,Thailand_2015_04,True,True,True,True,True,True,True,True,True,True,True,True,True,True,True,True,True
685,Thailand_2015_06,True,True,True,True,True,True,True,True,True,True,True,True,True,True,True,True,True
686,Thailand_2015_01,True,True,True,True,True,True,True,True,True,True,True,True,True,True,True,True,True
687,Thailand_2015_07,True,True,True,True,True,True,True,True,True,True,True,True,True,True,True,True,True
688,Thailand_2015_13,True,True,True,True,True,True,True,True,True,True,True,True,True,True,True,True,True
689,Thailand_2015_12,True,True,True,True,True,True,True,True,True,True,True,True,True,True,True,True,True
690,Thailand_2015_09,True,True,True,True,True,True,True,True,True,True,True,True,True,True,True,True,True
691,Thailand_2017_01,True,True,True,True,True,True,True,True,True,True,True,True,True,True,True,True,True
692,Thailand_2018_02,True,True,True,True,True,True,True,True,True,True,True,True,True,True,True,True,True
693,Thailand_2023_01,False,False,True,True,True,True,True,True,True,True,True,True,True,False,False,False,False
694,Turkey_1999_05,False,False,True,True,True,True,True,True,True,True,True,True,True,False,False,False,False
695,Turkey_1999_03,False,False,True,True,True,True,True,True,True,True,True,True,True,False,False,False,False
696,Turkey_1999_08,False,False,True,True,True,True,True,True,True,True,True,True,True,False,False,False,False
697,Turkey_1999_01,False,False,True,True,True,True,True,True,True,True,True,True,True,False,False,False,False
698,Turkey_1999_04,False,False,True,True,True,True,True,True,True,True,True,True,True,False,False,False,False
699,Turkey_1999_10,False,False,True,True,True,True,True,True,True,True,True,True,True,False,False,False,False
700,Turkey_1999_09,False,False,True,True,True,True,True,True,True,True,True,True,True,False,False,False,False
701,Turkey_1999_02,False,False,True,True,True,True,True,True,True,True,True,True,True,False,False,False,False
702,Turkey_1999_06,False,False,True,True,True,True,True,True,True,True,True,True,True,False,False,False,False
703,Turkey_1999_07,False,False,True,True,True,True,True,True,True,True,True,True,True,False,False,False,False
704,Turkey_2000_01,False,False,True,True,True,True,True,True,True,True,True,True,True,False,False,False,False
705,Turkey_2005_02,False,False,True,True,True,True,True,True,True,True,True,True,True,False,False,False,False
706,Turkey_2005_01,False,False,True,True,True,True,True,True,True,True,True,True,True,False,False,False,False
707,Turkey_2006_01,False,False,True,True,True,True,True,True,True,True,True,True,True,False,False,False,False
708,Turkey_2012_01,False,False,True,True,True,True,True,True,True,True,True,True,True,False,False,False,False
709,Turkey_2012_03,False,False,True,True,True,True,True,True,True,True,True,True,True,False,False,False,False
710,Turkey_2012_04,False,False,True,True,True,True,True,True,True,True,True,True,True,False,False,False,False
711,Turkey_2014_05,False,False,True,True,True,True,True,True,True,True,True,True,True,False,False,False,False
712,Turkey_2014_01,False,False,True,True,True,True,True,True,True,True,True,True,True,False,False,False,False
713,Turkey_2014_06,False,False,True,True,True,True,True,True,True,True,True,True,True,False,False,False,False
714,Turkey_2014_02,True,True,True,True,True,True,True,True,True,True,True,True,True,True,True,True,True
715,Turkey_2014_04,True,True,True,True,True,True,True,True,True,True,True,True,True,True,True,True,True
716,Turkey_2014_07,True,True,True,True,True,True,True,True,True,True,True,True,True,True,True,True,True
717,Turkey_2014_08,False,False,True,True,True,True,True,True,True,True,True,True,True,False,False,False,False
718,Turkey_2015_08,False,False,True,True,True,True,True,True,True,True,True,True,True,False,False,False,False
719,Turkey_2015_09,False,False,True,True,True,True,True,True,True,True,True,True,True,False,False,False,False
720,Turkey_2015_03,True,True,True,True,True,True,True,True,True,True,True,True,True,True,True,True,True
721,Turkey_2015_11,False,False,True,True,True,True,True,True,True,True,True,True,True,False,False,False,False
722,Turkey_2015_02,True,True,True,True,True,True,True,True,True,True,True,True,True,True,True,True,True
723,Turkey_2015_10,True,True,True,True,True,True,True,True,True,True,True,True,True,True,True,True,True
724,Turkey_2015_06,True,True,True,True,True,True,True,True,True,True,True,True,True,True,True,True,True
725,Turkey_2015_05,True,True,True,True,True,True,True,True,True,True,True,True,True,True,True,True,True
726,Turkey_2015_04,False,False,True,True,True,True,True,True,True,True,True,True,True,False,False,False,False
727,Turkey_2015_01,True,True,True,True,True,True,True,True,True,True,True,True,True,True,True,True,True
728,Turkey_2016_04,True,True,True,True,True,True,True,True,True,True,True,True,True,True,True,True,True
729,Turkey_2016_05,True,True,True,True,True,True,True,True,True,True,True,True,True,True,True,True,True
730,Turkey_2016_01,False,False,True,True,True,True,True,True,True,True,True,True,True,False,False,False,False
731,Turkey_2016_02,True,True,True,True,True,True,True,True,True,True,True,True,True,True,True,True,True
732,Turkey_2018_02,False,False,True,True,True,True,True,True,True,True,True,True,True,False,False,False,False
733,Turkey_2018_04,False,False,True,True,True,True,True,True,True,True,True,True,True,False,False,False,False
734,Turkey_2018_03,False,False,True,True,True,True,True,True,True,True,True,True,True,False,False,False,False
735,Turkey_2019_02,False,False,True,True,True,True,True,True,True,True,True,True,True,False,False,False,False
736,Turkey_2019_03,True,True,True,True,True,True,True,True,True,True,True,True,True,True,True,True,True
737,Turkey_2019_01,True,True,True,True,True,True,True,True,True,True,True,True,True,True,True,True,True
738,Turkey_2021_05,False,False,True,True,True,True,True,True,True,True,True,True,True,False,False,False,False
739,Turkey_2021_06,True,True,True,True,True,True,True,True,True,True,True,True,True,True,True,True,True
740,Turkey_2021_04,False,False,True,True,True,True,True,True,True,True,True,True,True,False,False,False,False
741,Turkey_2021_01,False,False,True,True,True,True,True,True,True,True,True,True,True,False,False,False,False
742,Turkey_2021_03,False,False,True,True,True,True,True,True,True,True,True,True,True,False,False,False,False
743,Turkey_2022_02,False,False,True,True,True,True,True,True,True,True,True,True,True,False,False,False,False
744,Turkey_2023_01,True,True,True,True,True,True,True,True,True,True,True,True,True,True,True,True,True
745,Turkey_2023_05,False,False,True,True,True,True,True,True,True,True,True,True,True,False,False,False,False
746,Turkey_2023_02,True,True,True,True,True,True,True,True,True,True,True,True,True,True,True,True,True
747,Turkey_2023_06,True,True,True,True,True,True,True,True,True,True,True,True,True,True,True,True,True
748,Turkey_2023_04,False,False,True,True,True,True,True,True,True,True,True,True,True,False,False,False,False
749,Uganda_2010_01,True,True,True,True,True,True,True,True,True,True,True,True,True,True,True,True,True
750,Uganda_2014_02,True,True,True,True,True,True,True,True,True,True,True,True,True,True,True,True,True
751,Uganda_2014_01,True,True,True,True,True,True,True,True,True,True,True,True,True,True,True,True,True
752,Uganda_2014_04,True,True,True,True,True,True,True,True,True,True,True,True,True,True,True,True,True
753,Uganda_2021_02,True,True,True,True,True,True,True,True,True,True,True,True,True,True,True,True,True
754,Uganda_2021_01,True,True,True,True,True,True,True,True,True,True,True,True,True,True,True,True,True
755,United States_1940_02,True,True,True,True,True,True,True,True,True,True,True,True,True,True,True,True,True
756,United States_1964_01,True,True,True,True,True,True,True,True,True,True,True,True,True,True,True,True,True
757,United States_1964_02,True,True,True,True,True,True,True,True,True,True,True,True,True,True,True,True,True
758,United States_1971_03,True,True,True,True,True,True,True,True,True,True,True,True,True,True,True,True,True
759,United States_1971_01,True,True,True,True,True,True,True,True,True,True,True,True,True,True,True,True,True
760,United States_1972_02,True,True,True,True,True,True,True,True,True,True,True,True,True,True,True,True,True
761,United States_1976_02,True,True,True,True,True,True,True,True,True,True,True,True,True,True,True,True,True
762,United States_1977_02,True,True,True,True,True,True,True,True,True,True,True,True,True,True,True,True,True
763,United States_1979_02,True,True,True,True,True,True,True,True,True,True,True,True,True,True,True,True,True
764,United States_1980_01,True,True,True,True,True,True,True,True,True,True,True,True,True,True,True,True,True
765,United States_1982_01,True,True,True,True,True,True,True,True,True,True,True,True,True,True,True,True,True
766,United States_1987_01,True,True,True,True,True,True,True,True,True,True,True,True,True,True,True,True,True
767,United States_1989_02,True,True,True,True,True,True,True,True,True,True,True,True,True,True,True,True,True
768,United States_1992_01,True,True,True,True,True,True,True,True,True,True,True,True,True,True,True,True,True
769,United States_1994_02,True,True,True,True,True,True,True,True,True,True,True,True,True,True,True,True,True
770,United States_1996_02,True,True,True,True,True,True,True,True,True,True,True,True,True,True,True,True,True
771,United States_1997_01,True,True,True,True,True,True,True,True,True,True,True,True,True,True,True,True,True
772,United States_2002_01,True,True,True,True,True,True,True,True,True,True,True,True,True,True,True,True,True
773,United States_2003_02,True,True,True,True,True,True,True,True,True,True,True,True,True,True,True,True,True
774,United States_2003_03,True,True,True,True,True,True,True,True,True,True,True,True,True,True,True,True,True
775,United States_2007_01,True,True,True,True,True,True,True,True,True,True,True,True,True,True,True,True,True
776,United States_2010_02,True,True,True,True,True,True,True,True,True,True,True,True,True,True,True,True,True
777,United States_2011_02,True,True,True,True,True,True,True,True,True,True,True,True,True,True,True,True,True
778,United States_2012_01,True,True,True,True,True,True,True,True,True,True,True,True,True,True,True,True,True
779,United States_2012_04,True,True,True,True,True,True,True,True,True,True,True,True,True,True,True,True,True
780,United States_2012_02,True,True,True,True,True,True,True,True,True,True,True,True,True,True,True,True,True
781,United States_2013_03,True,True,True,True,True,True,True,True,True,True,True,True,True,True,True,True,True
782,United States_2013_04,True,True,True,True,True,True,True,True,True,True,True,True,True,True,True,True,True
783,United States_2013_01,True,True,True,True,True,True,True,True,True,True,True,True,True,True,True,True,True
784,United States_2014_24,True,True,True,True,True,True,True,True,True,True,True,True,True,True,True,True,True
785,United States_2014_29,True,True,True,True,True,True,True,True,True,True,True,True,True,True,True,True,True
786,United States_2014_25,True,True,True,True,True,True,True,True,True,True,True,True,True,True,True,True,True
787,United States_2014_07,True,True,True,True,True,True,True,True,True,True,True,True,True,True,True,True,True
788,United States_2014_14,True,True,True,True,True,True,True,True,True,True,True,True,True,True,True,True,True
789,United States_2014_21,True,True,True,True,True,True,True,True,True,True,True,True,True,True,True,True,True
790,United States_2014_13,True,True,True,True,True,True,True,True,True,True,True,True,True,True,True,True,True
791,United States_2014_03,True,True,True,True,True,True,True,True,True,True,True,True,True,True,True,True,True
792,United States_2014_06,True,True,True,True,True,True,True,True,True,True,True,True,True,True,True,True,True
793,United States_2014_23,True,True,True,True,True,True,True,True,True,True,True,True,True,True,True,True,True
794,United States_2014_09,True,True,True,True,True,True,True,True,True,True,True,True,True,True,True,True,True
795,United States_2014_15,True,True,True,True,True,True,True,True,True,True,True,True,True,True,True,True,True
796,United States_2014_20,True,True,True,True,True,True,True,True,True,True,True,True,True,True,True,True,True
797,United States_2014_17,True,True,True,True,True,True,True,True,True,True,True,True,True,True,True,True,True
798,United States_2014_02,True,True,True,True,True,True,True,True,True,True,True,True,True,True,True,True,True
799,United States_2014_08,True,True,True,True,True,True,True,True,True,True,True,True,True,True,True,True,True
800,United States_2014_16,True,True,True,True,True,True,True,True,True,True,True,True,True,True,True,True,True
801,United States_2014_28,True,True,True,True,True,True,True,True,True,True,True,True,True,True,True,True,True
802,United States_2014_30,True,True,True,True,True,True,True,True,True,True,True,True,True,True,True,True,True
803,United States_2014_12,True,True,True,True,True,True,True,True,True,True,True,True,True,True,True,True,True
804,United States_2014_10,True,True,True,True,True,True,True,True,True,True,True,True,True,True,True,True,True
805,United States_2014_18,True,True,True,True,True,True,True,True,True,True,True,True,True,True,True,True,True
806,United States_2014_04,True,True,True,True,True,True,True,True,True,True,True,True,True,True,True,True,True
807,United States_2014_11,True,True,True,True,True,True,True,True,True,True,True,True,True,True,True,True,True
808,United States_2014_19,True,True,True,True,True,True,True,True,True,True,True,True,True,True,True,True,True
809,United States_2014_05,True,True,True,True,True,True,True,True,True,True,True,True,True,True,True,True,True
810,United States_2014_27,True,True,True,True,True,True,True,True,True,True,True,True,True,True,True,True,True
811,United States_2014_22,True,True,True,True,True,True,True,True,True,True,True,True,True,True,True,True,True
812,United States_2014_26,True,True,True,True,True,True,True,True,True,True,True,True,True,True,True,True,True
813,United States_2015_44,True,True,True,True,True,True,True,True,True,True,True,True,True,True,True,True,True
814,United States_2015_43,True,True,True,True,True,True,True,True,True,True,True,True,True,True,True,True,True
815,United States_2015_42,True,True,True,True,True,True,True,True,True,True,True,True,True,True,True,True,True
816,United States_2015_20,True,True,True,True,True,True,True,True,True,True,True,True,True,True,True,True,True
817,United States_2015_13,True,True,True,True,True,True,True,True,True,True,True,True,True,True,True,True,True
818,United States_2015_36,True,True,True,True,True,True,True,True,True,True,True,True,True,True,True,True,True
819,United States_2015_30,True,True,True,True,True,True,True,True,True,True,True,True,True,True,True,True,True
820,United States_2015_33,True,True,True,True,True,True,True,True,True,True,True,True,True,True,True,True,True
821,United States_2015_37,True,True,True,True,True,True,True,True,True,True,True,True,True,True,True,True,True
822,United States_2015_34,True,True,True,True,True,True,True,True,True,True,True,True,True,True,True,True,True
823,United States_2015_09,True,True,True,True,True,True,True,True,True,True,True,True,True,True,True,True,True
824,United States_2015_29,True,True,True,True,True,True,True,True,True,True,True,True,True,True,True,True,True
825,United States_2015_48,True,True,True,True,True,True,True,True,True,True,True,True,True,True,True,True,True
826,United States_2015_41,True,True,True,True,True,True,True,True,True,True,True,True,True,True,True,True,True
827,United States_2015_40,True,True,True,True,True,True,True,True,True,True,True,True,True,True,True,True,True
828,United States_2015_05,True,True,True,True,True,True,True,True,True,True,True,True,True,True,True,True,True
829,United States_2015_07,True,True,True,True,True,True,True,True,True,True,True,True,True,True,True,True,True
830,United States_2015_10,True,True,True,True,True,True,True,True,True,True,True,True,True,True,True,True,True
831,United States_2015_28,True,True,True,True,True,True,True,True,True,True,True,True,True,True,True,True,True
832,United States_2015_46,True,True,True,True,True,True,True,True,True,True,True,True,True,True,True,True,True
833,United States_2015_06,True,True,True,True,True,True,True,True,True,True,True,True,True,True,True,True,True
834,United States_2015_04,True,True,True,True,True,True,True,True,True,True,True,True,True,True,True,True,True
835,United States_2015_08,True,True,True,True,True,True,True,True,True,True,True,True,True,True,True,True,True
836,United States_2015_12,True,True,True,True,True,True,True,True,True,True,True,True,True,True,True,True,True
837,United States_2015_39,True,True,True,True,True,True,True,True,True,True,True,True,True,True,True,True,True
838,United States_2015_14,True,True,True,True,True,True,True,True,True,True,True,True,True,True,True,True,True
839,United States_2015_31,True,True,True,True,True,True,True,True,True,True,True,True,True,True,True,True,True
840,United States_2015_25,True,True,True,True,True,True,True,True,True,True,True,True,True,True,True,True,True
841,United States_2015_26,True,True,True,True,True,True,True,True,True,True,True,True,True,True,True,True,True
842,United States_2015_45,True,True,True,True,True,True,True,True,True,True,True,True,True,True,True,True,True
843,United States_2015_32,True,True,True,True,True,True,True,True,True,True,True,True,True,True,True,True,True
844,United States_2015_15,True,True,True,True,True,True,True,True,True,True,True,True,True,True,True,True,True
845,United States_2015_02,True,True,True,True,True,True,True,True,True,True,True,True,True,True,True,True,True
846,United States_2015_49,True,True,True,True,True,True,True,True,True,True,True,True,True,True,True,True,True
847,United States_2015_35,True,True,True,True,True,True,True,True,True,True,True,True,True,True,True,True,True
848,United States_2015_03,True,True,True,True,True,True,True,True,True,True,True,True,True,True,True,True,True
849,United States_2015_17,True,True,True,True,True,True,True,True,True,True,True,True,True,True,True,True,True
850,United States_2015_23,True,True,True,True,True,True,True,True,True,True,True,True,True,True,True,True,True
851,United States_2015_47,True,True,True,True,True,True,True,True,True,True,True,True,True,True,True,True,True
852,United States_2015_21,True,True,True,True,True,True,True,True,True,True,True,True,True,True,True,True,True
853,United States_2015_11,True,True,True,True,True,True,True,True,True,True,True,True,True,True,True,True,True
854,United States_2015_24,True,True,True,True,True,True,True,True,True,True,True,True,True,True,True,True,True
855,United States_2015_38,True,True,True,True,True,True,True,True,True,True,True,True,True,True,True,True,True
856,United States_2015_01,True,True,True,True,True,True,True,True,True,True,True,True,True,True,True,True,True
857,United States_2015_16,True,True,True,True,True,True,True,True,True,True,True,True,True,True,True,True,True
858,United States_2015_19,True,True,True,True,True,True,True,True,True,True,True,True,True,True,True,True,True
859,United States_2015_22,True,True,True,True,True,True,True,True,True,True,True,True,True,True,True,True,True
860,United States_2015_27,True,True,True,True,True,True,True,True,True,True,True,True,True,True,True,True,True
861,United States_2016_05,True,True,True,True,True,True,True,True,True,True,True,True,True,True,True,True,True
862,United States_2016_03,True,True,True,True,True,True,True,True,True,True,True,True,True,True,True,True,True
863,United States_2016_06,True,True,True,True,True,True,True,True,True,True,True,True,True,True,True,True,True
864,United States_2016_10,True,True,True,True,True,True,True,True,True,True,True,True,True,True,True,True,True
865,United States_2016_04,True,True,True,True,True,True,True,True,True,True,True,True,True,True,True,True,True
866,United States_2016_11,True,True,True,True,True,True,True,True,True,True,True,True,True,True,True,True,True
867,United States_2016_02,True,True,True,True,True,True,True,True,True,True,True,True,True,True,True,True,True
868,United States_2016_09,True,True,True,True,True,True,True,True,True,True,True,True,True,True,True,True,True
869,United States_2016_12,True,True,True,True,True,True,True,True,True,True,True,True,True,True,True,True,True
870,United States_2016_07,True,True,True,True,True,True,True,True,True,True,True,True,True,True,True,True,True
871,United States_2016_01,True,True,True,True,True,True,True,True,True,True,True,True,True,True,True,True,True
872,United States_2017_14,True,True,True,True,True,True,True,True,True,True,True,True,True,True,True,True,True
873,United States_2017_23,True,True,True,True,True,True,True,True,True,True,True,True,True,True,True,True,True
874,United States_2017_03,True,True,True,True,True,True,True,True,True,True,True,True,True,True,True,True,True
875,United States_2017_16,True,True,True,True,True,True,True,True,True,True,True,True,True,True,True,True,True
876,United States_2017_25,True,True,True,True,True,True,True,True,True,True,True,True,True,True,True,True,True
877,United States_2017_08,True,True,True,True,True,True,True,True,True,True,True,True,True,True,True,True,True
878,United States_2017_02,True,True,True,True,True,True,True,True,True,True,True,True,True,True,True,True,True
879,United States_2017_18,True,True,True,True,True,True,True,True,True,True,True,True,True,True,True,True,True
880,United States_2017_10,True,True,True,True,True,True,True,True,True,True,True,True,True,True,True,True,True
881,United States_2017_09,True,True,True,True,True,True,True,True,True,True,True,True,True,True,True,True,True
882,United States_2017_24,True,True,True,True,True,True,True,True,True,True,True,True,True,True,True,True,True
883,United States_2017_15,True,True,True,True,True,True,True,True,True,True,True,True,True,True,True,True,True
884,United States_2017_04,True,True,True,True,True,True,True,True,True,True,True,True,True,True,True,True,True
885,United States_2017_21,True,True,True,True,True,True,True,True,True,True,True,True,True,True,True,True,True
886,United States_2017_06,True,True,True,True,True,True,True,True,True,True,True,True,True,True,True,True,True
887,United States_2017_13,True,True,True,True,True,True,True,True,True,True,True,True,True,True,True,True,True
888,United States_2017_19,True,True,True,True,True,True,True,True,True,True,True,True,True,True,True,True,True
889,United States_2017_17,True,True,True,True,True,True,True,True,True,True,True,True,True,True,True,True,True
890,United States_2017_01,True,True,True,True,True,True,True,True,True,True,True,True,True,True,True,True,True
891,United States_2017_11,True,True,True,True,True,True,True,True,True,True,True,True,True,True,True,True,True
892,United States_2017_20,True,True,True,True,True,True,True,True,True,True,True,True,True,True,True,True,True
893,United States_2017_22,True,True,True,True,True,True,True,True,True,True,True,True,True,True,True,True,True
894,United States_2017_12,True,True,True,True,True,True,True,True,True,True,True,True,True,True,True,True,True
895,United States_2017_07,True,True,True,True,True,True,True,True,True,True,True,True,True,True,True,True,True
896,United States_2018_02,True,True,True,True,True,True,True,True,True,True,True,True,True,True,True,True,True
897,United States_2018_09,True,True,True,True,True,True,True,True,True,True,True,True,True,True,True,True,True
898,United States_2018_06,True,True,True,True,True,True,True,True,True,True,True,True,True,True,True,True,True
899,United States_2018_03,True,True,True,True,True,True,True,True,True,True,True,True,True,True,True,True,True
900,United States_2018_11,True,True,True,True,True,True,True,True,True,True,True,True,True,True,True,True,True
901,United States_2018_13,True,True,True,True,True,True,True,True,True,True,True,True,True,True,True,True,True
902,United States_2018_10,True,True,True,True,True,True,True,True,True,True,True,True,True,True,True,True,True
903,United States_2018_16,True,True,True,True,True,True,True,True,True,True,True,True,True,True,True,True,True
904,United States_2018_05,True,True,True,True,True,True,True,True,True,True,True,True,True,True,True,True,True
905,United States_2018_08,True,True,True,True,True,True,True,True,True,True,True,True,True,True,True,True,True
906,United States_2018_12,True,True,True,True,True,True,True,True,True,True,True,True,True,True,True,True,True
907,United States_2018_14,False,False,True,True,True,True,True,True,True,True,True,True,True,False,False,False,False
908,United States_2018_01,True,True,True,True,True,True,True,True,True,True,True,True,True,True,True,True,True
909,United States_2018_07,True,True,True,True,True,True,True,True,True,True,True,True,True,True,True,True,True
910,United States_2018_04,True,True,True,True,True,True,True,True,True,True,True,True,True,True,True,True,True
911,United States_2019_15,True,True,True,True,True,True,True,True,True,True,True,True,True,True,True,True,True
912,United States_2019_26,True,True,True,True,True,True,True,True,True,True,True,True,True,True,True,True,True
913,United States_2019_22,True,True,True,True,True,True,True,True,True,True,True,True,True,True,True,True,True
914,United States_2019_04,True,True,True,True,True,True,True,True,True,True,True,True,True,True,True,True,True
915,United States_2019_34,True,True,True,True,True,True,True,True,True,True,True,True,True,True,True,True,True
916,United States_2019_23,True,True,True,True,True,True,True,True,True,True,True,True,True,True,True,True,True
917,United States_2019_16,True,True,True,True,True,True,True,True,True,True,True,True,True,True,True,True,True
918,United States_2019_08,True,True,True,True,True,True,True,True,True,True,True,True,True,True,True,True,True
919,United States_2019_19,True,True,True,True,True,True,True,True,True,True,True,True,True,True,True,True,True
920,United States_2019_29,True,True,True,True,True,True,True,True,True,True,True,True,True,True,True,True,True
921,United States_2019_18,True,True,True,True,True,True,True,True,True,True,True,True,True,True,True,True,True
922,United States_2019_25,True,True,True,True,True,True,True,True,True,True,True,True,True,True,True,True,True
923,United States_2019_01,True,True,True,True,True,True,True,True,True,True,True,True,True,True,True,True,True
924,United States_2019_20,True,True,True,True,True,True,True,True,True,True,True,True,True,True,True,True,True
925,United States_2019_07,True,True,True,True,True,True,True,True,True,True,True,True,True,True,True,True,True
926,United States_2019_05,True,True,True,True,True,True,True,True,True,True,True,True,True,True,True,True,True
927,United States_2019_36,True,True,True,True,True,True,True,True,True,True,True,True,True,True,True,True,True
928,United States_2019_13,True,True,True,True,True,True,True,True,True,True,True,True,True,True,True,True,True
929,United States_2019_10,True,True,True,True,True,True,True,True,True,True,True,True,True,True,True,True,True
930,United States_2019_21,True,True,True,True,True,True,True,True,True,True,True,True,True,True,True,True,True
931,United States_2019_35,True,True,True,True,True,True,True,True,True,True,True,True,True,True,True,True,True
932,United States_2019_24,True,True,True,True,True,True,True,True,True,True,True,True,True,True,True,True,True
933,United States_2019_03,True,True,True,True,True,True,True,True,True,True,True,True,True,True,True,True,True
934,United States_2019_12,True,True,True,True,True,True,True,True,True,True,True,True,True,True,True,True,True
935,United States_2019_09,True,True,True,True,True,True,True,True,True,True,True,True,True,True,True,True,True
936,United States_2019_37,True,True,True,True,True,True,True,True,True,True,True,True,True,True,True,True,True
937,United States_2019_02,True,True,True,True,True,True,True,True,True,True,True,True,True,True,True,True,True
938,United States_2019_31,True,True,True,True,True,True,True,True,True,True,True,True,True,True,True,True,True
939,United States_2019_32,True,True,True,True,True,True,True,True,True,True,True,True,True,True,True,True,True
940,United States_2019_14,True,True,True,True,True,True,True,True,True,True,True,True,True,True,True,True,True
941,United States_2019_17,True,True,True,True,True,True,True,True,True,True,True,True,True,True,True,True,True
942,United States_2019_33,True,True,True,True,True,True,True,True,True,True,True,True,True,True,True,True,True
943,United States_2019_27,True,True,True,True,True,True,True,True,True,True,True,True,True,True,True,True,True
944,United States_2019_06,True,True,True,True,True,True,True,True,True,True,True,True,True,True,True,True,True
945,United States_2019_11,True,True,True,True,True,True,True,True,True,True,True,True,True,True,True,True,True
946,United States_2019_28,True,True,True,True,True,True,True,True,True,True,True,True,True,True,True,True,True
947,United States_2020_32,True,True,True,True,True,True,True,True,True,True,True,True,True,True,True,True,True
948,United States_2020_33,True,True,True,True,True,True,True,True,True,True,True,True,True,True,True,True,True
949,United States_2020_41,True,True,True,True,True,True,True,True,True,True,True,True,True,True,True,True,True
950,United States_2020_09,True,True,True,True,True,True,True,True,True,True,True,True,True,True,True,True,True
951,United States_2020_34,True,True,True,True,True,True,True,True,True,True,True,True,True,True,True,True,True
952,United States_2020_08,True,True,True,True,True,True,True,True,True,True,True,True,True,True,True,True,True
953,United States_2020_05,True,True,True,True,True,True,True,True,True,True,True,True,True,True,True,True,True
954,United States_2020_18,True,True,True,True,True,True,True,True,True,True,True,True,True,True,True,True,True
955,United States_2020_01,True,True,True,True,True,True,True,True,True,True,True,True,True,True,True,True,True
956,United States_2020_44,True,True,True,True,True,True,True,True,True,True,True,True,True,True,True,True,True
957,United States_2020_43,True,True,True,True,True,True,True,True,True,True,True,True,True,True,True,True,True
958,United States_2020_45,True,True,True,True,True,True,True,True,True,True,True,True,True,True,True,True,True
959,United States_2020_21,True,True,True,True,True,True,True,True,True,True,True,True,True,True,True,True,True
960,United States_2020_20,True,True,True,True,True,True,True,True,True,True,True,True,True,True,True,True,True
961,United States_2020_22,True,True,True,True,True,True,True,True,True,True,True,True,True,True,True,True,True
962,United States_2020_30,True,True,True,True,True,True,True,True,True,True,True,True,True,True,True,True,True
963,United States_2020_47,True,True,True,True,True,True,True,True,True,True,True,True,True,True,True,True,True
964,United States_2020_14,True,True,True,True,True,True,True,True,True,True,True,True,True,True,True,True,True
965,United States_2020_38,True,True,True,True,True,True,True,True,True,True,True,True,True,True,True,True,True
966,United States_2020_15,True,True,True,True,True,True,True,True,True,True,True,True,True,True,True,True,True
967,United States_2020_42,True,True,True,True,True,True,True,True,True,True,True,True,True,True,True,True,True
968,United States_2020_23,True,True,True,True,True,True,True,True,True,True,True,True,True,True,True,True,True
969,United States_2020_13,True,True,True,True,True,True,True,True,True,True,True,True,True,True,True,True,True
970,United States_2020_02,True,True,True,True,True,True,True,True,True,True,True,True,True,True,True,True,True
971,United States_2020_27,True,True,True,True,True,True,True,True,True,True,True,True,True,True,True,True,True
972,United States_2020_03,True,True,True,True,True,True,True,True,True,True,True,True,True,True,True,True,True
973,United States_2020_04,True,True,True,True,True,True,True,True,True,True,True,True,True,True,True,True,True
974,United States_2020_24,True,True,True,True,True,True,True,True,True,True,True,True,True,True,True,True,True
975,United States_2020_25,True,True,True,True,True,True,True,True,True,True,True,True,True,True,True,True,True
976,United States_2020_10,True,True,True,True,True,True,True,True,True,True,True,True,True,True,True,True,True
977,United States_2020_11,True,True,True,True,True,True,True,True,True,True,True,True,True,True,True,True,True
978,United States_2020_37,True,True,True,True,True,True,True,True,True,True,True,True,True,True,True,True,True
979,United States_2020_29,True,True,True,True,True,True,True,True,True,True,True,True,True,True,True,True,True
980,United States_2020_12,True,True,True,True,True,True,True,True,True,True,True,True,True,True,True,True,True
981,United States_2020_31,True,True,True,True,True,True,True,True,True,True,True,True,True,True,True,True,True
982,United States_2020_06,True,True,True,True,True,True,True,True,True,True,True,True,True,True,True,True,True
983,United States_2020_07,True,True,True,True,True,True,True,True,True,True,True,True,True,True,True,True,True
984,United States_2020_39,True,True,True,True,True,True,True,True,True,True,True,True,True,True,True,True,True
985,United States_2020_16,True,True,True,True,True,True,True,True,True,True,True,True,True,True,True,True,True
986,United States_2020_17,True,True,True,True,True,True,True,True,True,True,True,True,True,True,True,True,True
987,United States_2020_46,True,True,True,True,True,True,True,True,True,True,True,True,True,True,True,True,True
988,United States_2020_35,True,True,True,True,True,True,True,True,True,True,True,True,True,True,True,True,True
989,United States_2020_36,True,True,True,True,True,True,True,True,True,True,True,True,True,True,True,True,True
990,United States_2020_26,True,True,True,True,True,True,True,True,True,True,True,True,True,True,True,True,True
991,United States_2020_28,True,True,True,True,True,True,True,True,True,True,True,True,True,True,True,True,True
992,United States_2020_19,True,True,True,True,True,True,True,True,True,True,True,True,True,True,True,True,True
993,United States_2021_13,True,True,True,True,True,True,True,True,True,True,True,True,True,True,True,True,True
994,United States_2021_06,True,True,True,True,True,True,True,True,True,True,True,True,True,True,True,True,True
995,United States_2021_26,True,True,True,True,True,True,True,True,True,True,True,True,True,True,True,True,True
996,United States_2021_02,True,True,True,True,True,True,True,True,True,True,True,True,True,True,True,True,True
997,United States_2021_24,True,True,True,True,True,True,True,True,True,True,True,True,True,True,True,True,True
998,United States_2021_12,True,True,True,True,True,True,True,True,True,True,True,True,True,True,True,True,True
999,United States_2021_25,True,True,True,True,True,True,True,True,True,True,True,True,True,True,True,True,True
1000,United States_2021_01,True,True,True,True,True,True,True,True,True,True,True,True,True,True,True,True,True
1001,United States_2021_10,True,True,True,True,True,True,True,True,True,True,True,True,True,True,True,True,True
1002,United States_2021_07,True,True,True,True,True,True,True,True,True,True,True,True,True,True,True,True,True
1003,United States_2021_11,True,True,True,True,True,True,True,True,True,True,True,True,True,True,True,True,True
1004,United States_2021_18,True,True,True,True,True,True,True,True,True,True,True,True,True,True,True,True,True
1005,United States_2021_08,True,True,True,True,True,True,True,True,True,True,True,True,True,True,True,True,True
1006,United States_2021_20,True,True,True,True,True,True,True,True,True,True,True,True,True,True,True,True,True
1007,United States_2021_19,True,True,True,True,True,True,True,True,True,True,True,True,True,True,True,True,True
1008,United States_2021_14,False,False,True,True,True,True,True,True,True,True,True,True,True,False,False,False,False
1009,United States_2021_03,True,True,True,True,True,True,True,True,True,True,True,True,True,True,True,True,True
1010,United States_2021_09,True,True,True,True,True,True,True,True,True,True,True,True,True,True,True,True,True
1011,United States_2021_21,True,True,True,True,True,True,True,True,True,True,True,True,True,True,True,True,True
1012,United States_2021_16,True,True,True,True,True,True,True,True,True,True,True,True,True,True,True,True,True
1013,United States_2021_05,False,False,True,True,True,True,True,True,True,True,True,True,True,False,False,False,False
1014,United States_2021_22,True,True,True,True,True,True,True,True,True,True,True,True,True,True,True,True,True
1015,United States_2021_15,False,False,True,True,True,True,True,True,True,True,True,True,True,False,False,False,False
1016,United States_2021_17,True,True,True,True,True,True,True,True,True,True,True,True,True,True,True,True,True
1017,United States_2021_23,True,True,True,True,True,True,True,True,True,True,True,True,True,True,True,True,True
1018,United States_2022_06,True,True,True,True,True,True,True,True,True,True,True,True,True,True,True,True,True
1019,United States_2022_04,True,True,True,True,True,True,True,True,True,True,True,True,True,True,True,True,True
1020,United States_2022_03,False,False,True,True,True,True,True,True,True,True,True,True,True,False,False,False,False
1021,United States_2022_12,True,True,True,True,True,True,True,True,True,True,True,True,True,True,True,True,True
1022,United States_2022_01,True,True,True,True,True,True,True,True,True,True,True,True,True,True,True,True,True
1023,United States_2022_05,True,True,True,True,True,True,True,True,True,True,True,True,True,True,True,True,True
1024,United States_2022_08,True,True,True,True,True,True,True,True,True,True,True,True,True,True,True,True,True
1025,United States_2022_10,True,True,True,True,True,True,True,True,True,True,True,True,True,True,True,True,True
1026,United States_2022_11,True,True,True,True,True,True,True,True,True,True,True,True,True,True,True,True,True
1027,United States_2022_07,True,True,True,True,True,True,True,True,True,True,True,True,True,True,True,True,True
1028,United States_2022_09,True,True,True,True,True,True,True,True,True,True,True,True,True,True,True,True,True
1029,United States_2023_04,True,True,True,True,True,True,True,True,True,True,True,True,True,True,True,True,True
1030,United States_2023_15,False,False,True,True,True,True,True,True,True,True,True,True,True,False,False,False,False
1031,United States_2023_06,True,True,True,True,True,True,True,True,True,True,True,True,True,True,True,True,True
1032,United States_2023_16,False,False,True,True,True,True,True,True,True,True,True,True,True,False,False,False,False
1033,United States_2023_09,True,True,True,True,True,True,True,True,True,True,True,True,True,True,True,True,True
1034,United States_2023_11,False,False,True,True,True,True,True,True,True,True,True,True,True,False,False,False,False
1035,United States_2023_07,False,False,True,True,True,True,True,True,True,True,True,True,True,False,False,False,False
1036,United States_2023_03,True,True,True,True,True,True,True,True,True,True,True,True,True,True,True,True,True
1037,United States_2023_14,False,False,True,True,True,True,True,True,True,True,True,True,True,False,False,False,False
1038,United States_2023_05,True,True,True,True,True,True,True,True,True,True,True,True,True,True,True,True,True
1039,United States_2023_10,True,True,True,True,True,True,True,True,True,True,True,True,True,True,True,True,True
1040,United States_2023_01,False,False,True,True,True,True,True,True,True,True,True,True,True,False,False,False,False
1041,United States_2023_13,True,True,True,True,True,True,True,True,True,True,True,True,True,True,True,True,True
1042,United States_2023_12,False,False,True,True,True,True,True,True,True,True,True,True,True,False,False,False,False
1043,United States_2023_02,True,True,True,True,True,True,True,True,True,True,True,True,True,True,True,True,True
1044,United States_2024_05,False,False,True,True,True,True,True,True,True,True,True,True,True,False,False,False,False
1045,United States_2024_11,True,True,True,True,True,True,True,True,True,True,True,True,True,True,True,True,True
1046,United States_2024_07,False,False,True,True,True,True,True,True,True,True,True,True,True,False,False,False,False
1047,United States_2024_06,False,False,True,True,True,True,True,True,True,True,True,True,True,False,False,False,False
1048,United States_2024_09,False,False,True,True,True,True,True,True,True,True,True,True,True,False,False,False,False
1049,United States_2024_12,True,True,True,True,True,True,True,True,True,True,True,True,True,True,True,True,True
1050,United States_2024_02,False,False,True,True,True,True,True,True,True,True,True,True,True,False,False,False,False
1051,United States_2024_08,True,True,True,True,True,True,True,True,True,True,True,True,True,True,True,True,True
1052,United States_2024_03,True,True,True,True,True,True,True,True,True,True,True,True,True,True,True,True,True
1053,United States_2024_10,False,False,True,True,True,True,True,True,True,True,True,True,True,False,False,False,False
1054,United States_2024_01,False,False,True,True,True,True,True,True,True,True,True,True,True,False,False,False,False
1055,United States_2025_02,True,True,True,True,True,True,True,True,True,True,True,True,True,True,True,True,True
1056,United States_2025_04,True,True,True,True,True,True,True,True,True,True,True,True,True,True,True,True,True
1057,United States_2025_05,False,False,True,True,True,True,True,True,True,True,True,True,True,False,False,False,False
1058,United States_2025_03,True,True,True,True,True,True,True,True,True,True,True,True,True,True,True,True,True
1059,United States_2025_01,True,True,True,True,True,True,True,True,True,True,True,True,True,True,True,True,True
1060,Uruguay_2013_02,True,True,True,True,True,True,True,True,True,True,True,True,True,True,True,True,True
1061,Venezuela_2009_01,False,False,True,True,True,True,True,True,True,True,True,True,True,False,False,False,False
1062,Venezuela_2009_02,False,False,True,True,True,True,True,True,True,True,True,True,True,False,False,False,False
1063,Venezuela_2015_02,True,True,True,True,True,True,True,True,True,True,True,True,True,True,True,True,True
1064,Vietnam_2012_03,True,True,True,True,True,True,True,True,True,True,True,True,True,True,True,True,True
1065,Vietnam_2012_02,True,True,True,True,True,True,True,True,True,True,True,True,True,True,True,True,True
1066,Vietnam_2015_02,False,False,True,True,True,True,True,True,True,True,True,True,True,False,False,False,False
1067,Vietnam_2015_03,True,True,True,True,True,True,True,True,True,True,True,True,True,True,True,True,True
1068,Zimbabwe_2000_02,True,True,True,True,True,True,True,True,True,True,True,True,True,True,True,True,True
1069,Zimbabwe_2009_03,False,False,True,True,True,True,True,True,True,True,True,True,True,False,False,False,False
1070,Zimbabwe_2009_01,False,False,True,True,True,True,True,True,True,True,True,True,True,False,False,False,False
1071,Zimbabwe_2014_01,True,True,True,True,True,True,True,True,True,True,True,True,True,True,True,True,True
1072,Zimbabwe_2015_02,True,True,True,True,True,True,True,True,True,True,True,True,True,True,True,True,True
1073,Zimbabwe_2016_01,True,True,True,True,True,True,True,True,True,True,True,True,True,True,True,True,True
1074,Zimbabwe_2021_02,False,False,True,True,True,True,True,True,True,True,True,True,True,False,False,False,False
1075,Zimbabwe_2021_01,True,True,True,True,True,True,True,True,True,True,True,True,True,True,True,True,True
