model,predictor,grid_value,outcome,outcome_code_stata,probability,lower,upper,se_probability,N
indep1,court_independence_lag1,-2.684999942779541,Mixed Outcome,2,0.033184677909131245,0.00973611403272426,0.10700465005558424,0.02046520325414778,825
indep1,court_independence_lag1,-2.684999942779541,Contracts Expression,1,0.7534242040976579,0.5062324458464408,0.9010536394572936,0.10350841527826947,825
indep1,court_independence_lag1,-2.684999942779541,Expands Expression,3,0.21339111799320976,0.08786627426340475,0.4330940984683952,0.08867088550463147,825
indep1,court_independence_lag1,-2.5639799451828003,Mixed Outcome,2,0.035535010179872276,0.010851965909163088,0.11011053900172632,0.021183497789304638,825
indep1,court_independence_lag1,-2.5639799451828003,Contracts Expression,1,0.7420101173876921,0.49818137317141925,0.8928471954788377,0.10389401515922356,825
indep1,court_independence_lag1,-2.5639799451828003,Expands Expression,3,0.2224548724324366,0.09485816391225127,0.4385310253382573,0.08862968565069466,825
indep1,court_independence_lag1,-2.4429599475860595,Mixed Outcome,2,0.03802418136688091,0.01208420801154296,0.1132629861381192,0.021890132722735267,825
indep1,court_independence_lag1,-2.4429599475860595,Contracts Expression,1,0.7302404607252874,0.4900885393069455,0.8840481857411585,0.10407398346696617,825
indep1,court_independence_lag1,-2.4429599475860595,Expands Expression,3,0.23173535790782818,0.10231430293889361,0.4439105834347234,0.0884039290070698,825
indep1,court_independence_lag1,-2.3219399499893187,Mixed Outcome,2,0.04065720775492701,0.013442907666120794,0.1164613982483482,0.022581004853693014,825
indep1,court_independence_lag1,-2.3219399499893187,Contracts Expression,1,0.7181206552750571,0.48195632453514287,0.8746290605015244,0.10403973481780683,825
indep1,court_independence_lag1,-2.3219399499893187,Expands Expression,3,0.24122213697002057,0.1102497746613321,0.44922825582446113,0.08798882227962368,825
indep1,court_independence_lag1,-2.200919952392578,Mixed Outcome,2,0.043438941060419484,0.014938653527159205,0.11970520197025769,0.023251814114800533,825
indep1,court_independence_lag1,-2.200919952392578,Contracts Expression,1,0.7056578146393468,0.47378708068463693,0.8645636101522823,0.10378390431581903,825
indep1,court_independence_lag1,-2.200919952392578,Expands Expression,3,0.25090324430023403,0.11867739147610859,0.45447973855771023,0.08738090944323408,825
indep1,court_independence_lag1,-2.0798999547958372,Mixed Outcome,2,0.04637402764975506,0.0165825256114251,0.12299384472836579,0.02389809049196767,825
indep1,court_independence_lag1,-2.0798999547958372,Contracts Expression,1,0.692860804074506,0.4655831119562792,0.8538274978120592,0.10330052556077239,825
indep1,court_independence_lag1,-2.0798999547958372,Expands Expression,3,0.26076516827573787,0.12760716731670826,0.4596609965052464,0.08657821842696282,825
indep1,court_independence_lag1,-1.9588799571990967,Mixed Outcome,2,0.04946686677004275,0.018386054621170947,0.1263267945833263,0.02451522535887372,825
indep1,court_independence_lag1,-1.9588799571990967,Contracts Expression,1,0.6797402855972962,0.4573466530056773,0.8423988478581103,0.10258520306359649,825
indep1,court_independence_lag1,-1.9588799571990967,Expands Expression,3,0.2707928476326605,0.13704575643746156,0.4647683251465275,0.08558039860023343,825
indep1,court_independence_lag1,-1.8378599596023562,Mixed Outcome,2,0.05272156831973269,0.020361169790986317,0.12970353911184943,0.02509850703923128,825
indep1,court_independence_lag1,-1.8378599596023562,Contracts Expression,1,0.6663087470920418,0.4490798438715995,0.8302588855426273,0.1016352752447453,825
indep1,court_independence_lag1,-1.8378599596023562,Expands Expression,3,0.2809696845882246,0.1469958683709457,0.4697984186409241,0.08438884568094336,825
indep1,court_independence_lag1,-1.7168399620056154,Mixed Outcome,2,0.05614191074632022,0.022520134653527826,0.13312358352378847,0.025643160310691464,825
indep1,court_independence_lag1,-1.7168399620056154,Contracts Expression,1,0.6525805136697814,0.44078470127528524,0.8173926199154814,0.10044996409217896,825
indep1,court_independence_lag1,-1.7168399620056154,Expands Expression,3,0.2912775755838966,0.1574556719806005,0.47474844447308867,0.08300681072041255,825
indep1,court_independence_lag1,-1.5958199644088746,Mixed Outcome,2,0.05973129970893656,0.024875470312434762,0.13658644833526706,0.026144389473263203,825
indep1,court_independence_lag1,-1.5958199644088746,Contracts Expression,1,0.6385717397322191,0.43246308573192915,0.8037895590302837,0.09903050759065625,825
indep1,court_independence_lag1,-1.5958199644088746,Expands Expression,3,0.30169696055884637,0.16841820464979537,0.4796161248966992,0.08143948997081034,825
indep1,court_independence_lag1,-1.4747999668121339,Mixed Outcome,2,0.06349272818257809,0.027439866030831588,0.14009166704689724,0.02659742452897508,825
indep1,court_independence_lag1,-1.4747999668121339,Contracts Expression,1,0.6243003804558278,0.4241166638313943,0.7894444429450159,0.09738027120980576,825
indep1,court_independence_lag1,-1.4747999668121339,Expands Expression,3,0.3122068913615903,0.17987080561042998,0.4843998252996273,0.07969409271365051,825
indep1,court_independence_lag1,-1.3537799692153931,Mixed Outcome,2,0.06742873870537348,0.030226077179314977,0.1436387844268969,0.02699756996592441,825
indep1,court_independence_lag1,-1.3537799692153931,Contracts Expression,1,0.6097861417326788,0.41574686493653257,0.7743579765233728,0.0955048350765957,825
indep1,court_independence_lag1,-1.3537799692153931,Expands Expression,3,0.32278511956195005,0.19179459497489967,0.48909864946143217,0.07777988451885315,825
indep1,court_independence_lag1,-1.2327599716186524,Mixed Outcome,2,0.07154138847842052,0.033246810821306545,0.1472273561773094,0.027340255618110206,825
indep1,court_independence_lag1,-1.2327599716186524,Contracts Expression,1,0.5950504079797616,0.4073548314446284,0.7585375407014319,0.09341205394893728,825
indep1,court_independence_lag1,-1.2327599716186524,Expands Expression,3,0.3334082035418178,0.2041640219266274,0.4937125414413838,0.07570820389585946,825
indep1,court_independence_lag1,-1.1117399740219116,Mixed Outcome,2,0.07583221801745375,0.03651459942593766,0.15085695096663648,0.02762108909003903,825
indep1,court_independence_lag1,-1.1117399740219116,Contracts Expression,1,0.5801161476508904,0.39894136163326965,0.7419978579929322,0.09111208776154679,825
indep1,court_independence_lag1,-1.1117399740219116,Expands Expression,3,0.3440516343316592,0.2169465064686889,0.49824239349793975,0.07349245086797238,825
indep1,court_independence_lag1,-0.9907199764251711,Mixed Outcome,2,0.08030222402565511,0.040041663360982305,0.15452715605834222,0.027835909303170616,825
indep1,court_independence_lag1,-0.9907199764251711,Contracts Expression,1,0.5650077967432262,0.39050684400459296,0.7247615858441436,0.08861740130333554,825
indep1,court_independence_lag1,-0.9907199764251711,Expands Expression,3,0.3546899792311183,0.2301021989033035,0.5026901589235135,0.07114804659381466,825
indep1,court_independence_lag1,-0.8696999788284303,Mixed Outcome,2,0.08495183710677663,0.04383976289916015,0.15823758805801727,0.02798084084887972,825
indep1,court_independence_lag1,-0.8696999788284303,Contracts Expression,1,0.5497511210732937,0.3820511819495763,0.706859810338486,0.08594273248971132,825
indep1,court_independence_lag1,-0.8696999788284303,Expands Expression,3,0.3652970418199319,0.243583879653865,0.5070589679187485,0.06869236371597658,825
indep1,court_independence_lag1,-0.7486799812316896,Mixed Outcome,2,0.089780904867527,0.04792004043028368,0.1619879106632208,0.028052349032376526,825
indep1,court_independence_lag1,-0.7486799812316896,Contracts Expression,1,0.5343730585885272,0.3735737075163809,0.6883324129661723,0.08310502966579994,825
indep1,court_independence_lag1,-0.7486799812316896,Expands Expression,3,0.37584603654394,0.2573370191352913,0.5113532434960847,0.06614462753653666,825
indep1,court_independence_lag1,-0.627659983634949,Mixed Outcome,2,0.09478868086902814,0.05229285336313579,0.16577786175209677,0.028047295777391956,825
indep1,court_independence_lag1,-0.627659983634949,Contracts Expression,1,0.5189015434654879,0.36507308313281817,0.6692282849341461,0.08012335935935794,825
indep1,court_independence_lag1,-0.627659983634949,Expands Expression,3,0.38630977566548624,0.27130001329404174,0.5155788127299781,0.06352578827831441,825
indep1,court_independence_lag1,-0.5066399860382083,Mixed Outcome,2,0.0999738197809908,0.05696759776844422,0.1696072927275958,0.02796299695060369,825
indep1,court_independence_lag1,-0.5066399860382083,Contracts Expression,1,0.5033653142062331,0.3565471903855838,0.6496053668905014,0.07701878681235971,825
indep1,court_independence_lag1,-0.5066399860382083,Expands Expression,3,0.39666086601277095,0.28540460556469527,0.5197430062434324,0.060858364433366535,825
indep1,court_independence_lag1,-0.3856199884414675,Mixed Outcome,2,0.10533437897182432,0.06195252209005459,0.17347622379502725,0.02779728218150382,825
indep1,court_independence_lag1,-0.3856199884414675,Contracts Expression,1,0.4877937083646745,0.34799300553507917,0.6295304968955456,0.07381423234502574,825
indep1,court_independence_lag1,-0.3856199884414675,Expands Expression,3,0.40687191266350303,0.2995765009696168,0.5238547353457468,0.058166256329625236,825
indep1,court_independence_lag1,-0.26459999084472674,Mixed Outcome,2,0.11086782663675132,0.06725452914842504,0.17738491987103927,0.027548558932753833,825
indep1,court_independence_lag1,-0.26459999084472674,Contracts Expression,1,0.47221644689699044,0.33940646255505674,0.6090790556698822,0.07053430699148254,825
indep1,court_independence_lag1,-0.26459999084472674,Expands Expression,3,0.4169157264662586,0.31373617374614887,0.5279245314258972,0.055474527366575745,825
indep1,court_independence_lag1,-0.14357999324798598,Mixed Outcome,2,0.1165710564282268,0.07287896306823106,0.1813339932073033,0.027215883466021513,825
indep1,court_independence_lag1,-0.14357999324798598,Contracts Expression,1,0.45666341142170114,0.3307823064322242,0.5883344050092899,0.0672051306958258,825
indep1,court_independence_lag1,-0.14357999324798598,Expands Expression,3,0.42676553215007457,0.32779986716128373,0.5319645257956928,0.0528091477002916,825
indep1,court_independence_lag1,-0.022559995651245224,Mixed Outcome,2,0.12244040841313379,0.07882937552817268,0.18532454072261018,0.026799042521802947,825
indep1,court_independence_lag1,-0.022559995651245224,Contracts Expression,1,0.44116441788192007,0.32211394272895666,0.5673871218280302,0.06385413537965523,825
indep1,court_independence_lag1,-0.022559995651245224,Expands Expression,3,0.43639517370494924,0.34168078383377803,0.535988340160261,0.0501966914529329,825
indep1,court_independence_lag1,0.09846000194549553,Mixed Outcome,2,0.12847169604406503,0.0851072626536005,0.1893583266849459,0.026298651089283278,825
indep1,court_independence_lag1,0.09846000194549553,Contracts Expression,1,0.42574899021738927,0.3133932946145217,0.5463340353527553,0.060509853041740176,825
indep1,court_independence_lag1,0.09846000194549553,Expands Expression,3,0.44577931373854623,0.35529046713498935,0.5400108488302817,0.04766397403411753,825
indep1,court_independence_lag1,0.2194799995422363,Mixed Outcome,2,0.13466023870237306,0.0917117596717763,0.19343802507373714,0.025716273728666278,825
indep1,court_independence_lag1,0.2194799995422363,Contracts Expression,1,0.41044613767057964,0.3046106865471903,0.5252770769735463,0.05720168527001262,825
indep1,court_independence_lag1,0.2194799995422363,Expands Expression,3,0.45489362362704805,0.3685403780726212,0.5440477653672404,0.04523761173062034,825
indep1,court_independence_lag1,0.34049999713897705,Mixed Outcome,2,0.1410008992528211,0.09863927475836298,0.19756754107412364,0.025054579715586826,825
indep1,court_independence_lag1,0.34049999713897705,Contracts Expression,1,0.39528413926915246,0.2957547854735639,0.5043219494686292,0.05395964464220232,825
indep1,court_independence_lag1,0.34049999713897705,Expands Expression,3,0.463714961478028,0.3813436744788815,0.548115002069622,0.04294348312471467,825
indep1,court_independence_lag1,0.4615199947357178,Mixed Outcome,2,0.14748812594792907,0.1058830358720676,0.20175243819017896,0.024317546042945004,825
indep1,court_independence_lag1,0.4615199947357178,Contracts Expression,1,0.38029033884899544,0.2868126465408047,0.48357661328789747,0.05081405008112516,825
indep1,court_independence_lag1,0.4615199947357178,Expands Expression,3,0.4722215352030716,0.39361719462672845,0.5522277565210879,0.04080607418939349,825
indep1,court_independence_lag1,0.5825399923324581,Mixed Outcome,2,0.15411599793749411,0.11343251433001354,0.2060005069216581,0.023510727292660738,825
indep1,court_independence_lag1,0.5825399923324581,Contracts Expression,1,0.36549095371466245,0.2777699307943482,0.4631495717976329,0.04779514736986883,825
indep1,court_independence_lag1,0.5825399923324581,Expands Expression,3,0.48039304834783764,0.4052836273685942,0.5563993035160804,0.03884770028675911,825
indep1,court_independence_lag1,0.7035599899291989,Mixed Outcome,2,0.1608782735779373,0.12127267618756635,0.2103225230878251,0.022641617708669827,825
indep1,court_independence_lag1,0.7035599899291989,Contracts Expression,1,0.35091089968794364,0.2686113849708684,0.44314791661768044,0.04493261385442975,825
indep1,court_independence_lag1,0.7035599899291989,Expands Expression,3,0.488210826734117,0.41627380689756527,0.5606395213663045,0.03708762305736784,825
indep1,court_independence_lag1,0.8245799875259396,Mixed Outcome,2,0.1677684406986163,0.12938299779949622,0.2147332580907503,0.021720138149288592,825
indep1,court_independence_lag1,0.8245799875259396,Contracts Expression,1,0.336573634884152,0.2593216918854434,0.4236750746628212,0.04225489617676063,825
indep1,court_independence_lag1,0.8245799875259396,Expands Expression,3,0.4956579244172349,0.42652899855692683,0.5649532620104055,0.03554112000711705,825
indep1,court_independence_lag1,0.9455999851226804,Mixed Outcome,2,0.17477976796850211,0.13773616840293157,0.2192528165610352,0.020759287380998245,825
indep1,court_independence_lag1,0.9455999851226804,Contracts Expression,1,0.3225010240945262,0.2498868011677377,0.4048281932054717,0.039788328323764416,825
indep1,court_independence_lag1,0.9455999851226804,Expands Expression,3,0.5027192079369729,0.4360029520697624,0.5693387744366954,0.034218614427445324,825
indep1,court_independence_lag1,1.0666199827194212,Mixed Outcome,2,0.18190535651628592,0.14629639935954528,0.22390837975598943,0.01977599872997351,825
indep1,court_independence_lag1,1.0666199827194212,Contracts Expression,1,0.30871322515998023,0.24029581381287618,0.3866951289635356,0.037555994853528084,825
indep1,court_independence_lag1,1.0666199827194212,Expands Expression,3,0.5093814183237381,0.4446634191723945,0.5737864807781378,0.033125017951081775,825
indep1,court_independence_lag1,1.187639980316162,Mixed Outcome,2,0.18913819098865856,0.1550172891324626,0.22873640348538524,0.01879222807238573,825
indep1,court_independence_lag1,1.187639980316162,Contracts Expression,1,0.2952285982130963,0.2305433963954213,0.369351096233919,0.03557635313238568,825
indep1,court_independence_lag1,1.187639980316162,Expands Expression,3,0.5156332107982441,0.4524928097099511,0.5782784373987484,0.032259453807758826,825
indep1,court_independence_lag1,1.3086599779129027,Mixed Outcome,2,0.19647118928308333,0.16383930250476383,0.23378520986993526,0.017836243386202762,825
indep1,court_independence_lag1,1.3086599779129027,Contracts Expression,1,0.2820636381596093,0.22063252903744668,0.3528551909525375,0.03386171547121446,825
indep1,court_independence_lag1,1.3086599779129027,Expands Expression,3,0.5214651725573041,0.45948773643373675,0.5827887459547517,0.03161549357222692,825
indep1,court_independence_lag1,1.429679975509643,Mixed Outcome,2,0.20389725025987585,0.17268719712750266,0.23911763772806915,0.016943946188620176,825
indep1,court_independence_lag1,1.429679975509643,Contracts Expression,1,0.269232930283511,0.2105771681649577,0.33724722019966846,0.032416805666176544,825
indep1,court_independence_lag1,1.429679975509643,Expands Expression,3,0.5268698194566125,0.4656573820931934,0.5872850031211684,0.031181949443087397,825
indep1,court_independence_lag1,1.5506999731063837,Mixed Outcome,2,0.2114092988207723,0.18146828178787605,0.2448128652513265,0.01615977424187169,825
indep1,court_independence_lag1,1.5506999731063837,Contracts Expression,1,0.2567491284059785,0.20040421087358948,0.32254545069979595,0.03123770376994834,825
indep1,court_independence_lag1,1.5506999731063837,Expands Expression,3,0.5318415727732497,0.4710208655746241,0.5917306394081563,0.030944141784552195,825
indep1,court_independence_lag1,1.6717199707031245,Mixed Outcome,2,0.21900032783353446,0.19007324637891834,0.25096566327992775,0.01553629883292115,825
indep1,court_independence_lag1,1.6717199707031245,Contracts Expression,1,0.24462295461916087,0.19015410743543326,0.3087459208708154,0.030311513961180515,825
indep1,court_independence_lag1,1.6717199707031245,Expands Expression,3,0.5363767175473034,0.4756039985460851,0.5960877853534385,0.03088545274918164,825
indep1,court_independence_lag1,1.7927399682998653,Mixed Outcome,2,0.22666343648105455,0.19838208551921166,0.25768055581769694,0.015131231358636206,825
indep1,court_independence_lag1,1.7927399682998653,Contracts Expression,1,0.23286321926138606,0.17987968221163272,0.2958237393807968,0.02961698167871518,825
indep1,court_independence_lag1,1.7927399682998653,Expands Expression,3,0.540473344257555,0.47943592868380486,0.6003201990658378,0.03098892302797445,825
indep1,court_independence_lag1,1.913759965896606,Mixed Outcome,2,0.23439186471509313,0.20627714849077602,0.2650588540265463,0.015000803471361842,825
indep1,court_independence_lag1,1.913759965896606,Contracts Expression,1,0.2214768595063601,0.16964316916448954,0.2837363411432336,0.0291260583800181,825
indep1,court_independence_lag1,1.913759965896606,Expands Expression,3,0.544131275778544,0.48254613161443355,0.6043958213208244,0.031238664917419612,825
indep1,court_independence_lag1,2.0347799634933468,Mixed Outcome,2,0.24217902359597718,0.213662030029518,0.27317984840021114,0.01519017671665599,825
indep1,court_independence_lag1,2.0347799634933468,Contracts Expression,1,0.21046899470955074,0.1595119702793579,0.2724281653913953,0.028806154832913936,825
indep1,court_independence_lag1,2.0347799634933468,Expands Expression,3,0.5473519816944689,0.48496207517907614,0.6082886595796717,0.03162093393716341,825
indep1,court_independence_lag1,2.1557999610900875,Mixed Outcome,2,0.25001852139717734,0.2204795572513278,0.2820829033750402,0.015724320294197014,825
indep1,court_independence_lag1,2.1557999610900875,Contracts Expression,1,0.1998429964906087,0.14955396919777145,0.261835894219476,0.028622656376281672,825
indep1,court_independence_lag1,2.1557999610900875,Expands Expression,3,0.5501384821122132,0.4867077031636895,0.6119798742282783,0.032124789463211546,825
indep1,court_independence_lag1,2.2768199586868283,Mixed Outcome,2,0.2579041854451185,0.22671967129792098,0.29175965560662587,0.01660404605720893,825
indep1,court_independence_lag1,2.2768199586868283,Contracts Expression,1,0.18960057143006045,0.13983324492953014,0.2518933769086138,0.028541264605083314,825
indep1,court_independence_lag1,2.2768199586868283,Expands Expression,3,0.5524952431248193,0.48780273062148444,0.6154580901260027,0.03274235217598722,825
indep1,court_independence_lag1,2.397839956283569,Mixed Outcome,2,0.2658300797479087,0.23241321524311487,0.30216030440844655,0.01780922914637832,825
indep1,court_independence_lag1,2.397839956283569,Contracts Expression,1,0.17974185421764208,0.13040677773841203,0.2425356191359748,0.028529856629956694,825
indep1,court_independence_lag1,2.397839956283569,Expands Expression,3,0.5544280660344496,0.48826263918582125,0.6187190548466804,0.03346871744760385,825
indep1,court_independence_lag1,2.51885995388031,Mixed Outcome,2,0.2737905185401057,0.23761646637626538,0.31320915643981256,0.019306741242196144,825
indep1,court_independence_lag1,2.51885995388031,Contracts Expression,1,0.17026550910325103,0.12132238397727912,0.23370157367125122,0.02855973291678857,825
indep1,court_independence_lag1,2.51885995388031,Expands Expression,3,0.5559439723566446,0.48809920984282723,0.621764810700149,0.034301608387493444,825
indep1,court_independence_lag1,2.6398799514770506,Mixed Outcome,2,0.28178007593355814,0.24239497268920193,0.3248208651286278,0.02105872806351741,825
indep1,court_independence_lag1,2.6398799514770506,Contracts Expression,1,0.1611688375628826,0.11261781474497268,0.2253357741112562,0.02860627836507792,825
indep1,court_independence_lag1,2.6398799514770506,Expands Expression,3,0.5570510865035575,0.48732141879305496,0.6246025547951283,0.03524085713684125,825
indep1,court_independence_lag1,2.7608999490737913,Mixed Outcome,2,0.2897935919158363,0.2468121987001944,0.336911860056697,0.023028423909358525,825
indep1,court_independence_lag1,2.7608999490737913,Contracts Expression,1,0.15244789019366098,0.10432077880820272,0.21738903119125255,0.028649150832659988,825
indep1,court_independence_lag1,2.7608999490737913,Expands Expression,3,0.5577585178905038,0.48593653317491015,0.6272433463986452,0.03628779636956967,825
indep1,court_independence_lag1,2.881919946670532,Mixed Outcome,2,0.297826174978087,0.2509238299896269,0.3494061172895473,0.025183072333066034,825
indep1,court_independence_lag1,2.881919946670532,Contracts Expression,1,0.14409758098625527,0.09644959799224323,0.2098184672361278,0.028672139164304517,825
indep1,court_independence_lag1,2.881919946670532,Expands Expression,3,0.5580762440356581,0.4839512656556522,0.6297007957065294,0.03744463089215801,825
indep1,court_independence_lag1,3.002939944267273,Mixed Outcome,2,0.3058732016835043,0.25477612374692227,0.3622368836575077,0.0274947779166933,825
indep1,court_independence_lag1,3.002939944267273,Contracts Expression,1,0.1361118022819561,0.08901422990088277,0.2025871414191825,0.028662820700440378,825
indep1,court_independence_lag1,3.002939944267273,Expands Expression,3,0.558014996034537,0.4813728737190911,0.6319898394184761,0.03871384505713076,825
indep1,court_independence_lag1,3.1239599418640136,Mixed Outcome,2,0.3139303135065258,0.2584064100716143,0.3753462504642028,0.0299402576364002,825
indep1,court_independence_lag1,3.1239599418640136,Contracts Expression,1,0.12848353889761144,0.08201745355014291,0.1956634613270496,0.028612118843085867,825
indep1,court_independence_lag1,3.1239599418640136,Expands Expression,3,0.5575861475958636,0.4782101180330175,0.6341256790398853,0.04009768687634899,825
indep1,court_independence_lag1,3.2449799394607544,Mixed Outcome,2,0.3219934112825112,0.26184443467525687,0.3886838860816946,0.03250016082853239,825
indep1,court_independence_lag1,3.2449799394607544,Contracts Expression,1,0.12120498008789998,0.0754560782036236,0.18902051483054552,0.02851382971437451,825
indep1,court_independence_lag1,3.2449799394607544,Expands Expression,3,0.5568016086295872,0.47447402317243104,0.636122928905914,0.041597754943740475,825
indep1,court_independence_lag1,3.365999937057495,Mixed Outcome,2,0.3300586476088648,0.265113847232367,0.40220562316179137,0.03515831334180928,825
indep1,court_independence_lag1,3.365999937057495,Contracts Expression,1,0.11426762820438588,0.06932208988493842,0.1826354048550341,0.028364160561189452,825
indep1,court_independence_lag1,3.365999937057495,Expands Expression,3,0.5556737241867508,0.4701784118263023,0.6379949937764879,0.043214700238778936,825
indep2,court_independence_lag1,-2.684999942779541,Mixed Outcome,2,0.05163839313758979,0.013759359705441093,0.17526546933069737,0.034023848042115556,825
indep2,court_independence_lag1,-2.684999942779541,Contracts Expression,1,0.8501079115290744,0.6744003895953494,0.9395020087829318,0.06548775703836807,825
indep2,court_independence_lag1,-2.684999942779541,Expands Expression,3,0.09825369533333697,0.04190106183245031,0.21350588541943138,0.041265691044150524,825
indep2,court_independence_lag1,-2.5639799451828003,Mixed Outcome,2,0.055001245692709665,0.015331383056262604,0.17868939273623707,0.03496718437371828,825
indep2,court_independence_lag1,-2.5639799451828003,Contracts Expression,1,0.8394227338937859,0.6637455918781099,0.9326324358818586,0.0669783995768699,825
indep2,court_independence_lag1,-2.5639799451828003,Expands Expression,3,0.10557602041350474,0.046759207728812646,0.22120793429303603,0.04230662841130489,825
indep2,court_independence_lag1,-2.4429599475860595,Mixed Outcome,2,0.05852399210496841,0.01706180148446956,0.1820797541486773,0.035862532531308985,825
indep2,court_independence_lag1,-2.4429599475860595,Contracts Expression,1,0.8281665558128394,0.652902217674474,0.9250867275870049,0.06831339860509134,825
indep2,court_independence_lag1,-2.4429599475860595,Expands Expression,3,0.11330945208219151,0.052100721792569804,0.22905101259747082,0.04324900423251178,825
indep2,court_independence_lag1,-2.3219399499893187,Mixed Outcome,2,0.06220703251743045,0.01896257336401379,0.18543060545412707,0.03670205737197437,825
indep2,court_independence_lag1,-2.3219399499893187,Contracts Expression,1,0.8163328187156351,0.6418746058855467,0.9168184462318902,0.0694745952307551,825
indep2,court_independence_lag1,-2.3219399499893187,Expands Expression,3,0.12146014876693481,0.057958094812264875,0.2370320618638869,0.04408053894362626,825
indep2,court_independence_lag1,-2.200919952392578,Mixed Outcome,2,0.06604986359318782,0.02104586554472701,0.1887358172714784,0.03747783762968231,825
indep2,court_independence_lag1,-2.200919952392578,Contracts Expression,1,0.8039178135479838,0.6306675895500834,0.9077816264028362,0.07044447876545172,825
indep2,court_independence_lag1,-2.200919952392578,Expands Expression,3,0.1300323228588281,0.06436317896916265,0.24514786419354648,0.04478939136472445,825
indep2,court_independence_lag1,-2.0798999547958372,Mixed Outcome,2,0.07005100711077317,0.023323932095834412,0.19198907656150388,0.03818195170349845,825
indep2,court_independence_lag1,-2.0798999547958372,Contracts Expression,1,0.7909209306040683,0.6192865411300573,0.8979315283467143,0.0712065072597544,825
indep2,court_independence_lag1,-2.0798999547958372,Expands Expression,3,0.13902806228515752,0.07134661853082182,0.2533950216007218,0.045364379706931406,825
indep2,court_independence_lag1,-1.9588799571990967,Mixed Outcome,2,0.07420794469412441,0.025808973483394067,0.19518388738445983,0.03880656976394802,825
indep2,court_independence_lag1,-1.9588799571990967,Contracts Expression,1,0.7773448872536718,0.6077374134159703,0.8872254903443825,0.07174543577586945,825
indep2,court_independence_lag1,-1.9588799571990967,Expands Expression,3,0.14844716805220293,0.07893722129011661,0.2617699347673357,0.0457952060923176,825
indep2,court_independence_lag1,-1.8378599596023562,Mixed Outcome,2,0.07851706031435485,0.028512976215023193,0.1983135759385689,0.03934405087874917,825
indep2,court_independence_lag1,-1.8378599596023562,Contracts Expression,1,0.7631959279089522,0.5960267724654319,0.8756238750122866,0.07204764568687229,825
indep2,court_independence_lag1,-1.8378599596023562,Expands Expression,3,0.15828701177669335,0.08716127905450738,0.2702687836981772,0.04607267951767734,825
indep2,court_independence_lag1,-1.7168399620056154,Mixed Outcome,2,0.08297359219416535,0.03144753350741412,0.20137130099939407,0.03978704367080824,825
indep2,court_independence_lag1,-1.7168399620056154,Contracts Expression,1,0.748483990799408,0.5841618186711889,0.8630911006556929,0.07210146803812963,825
indep2,court_independence_lag1,-1.7168399620056154,Expands Expression,3,0.1685424170064273,0.0960418484463793,0.2788875131688224,0.04618893212799505,825
indep2,court_independence_lag1,-1.5958199644088746,Mixed Outcome,2,0.08757159570325701,0.03462364812374798,0.2043500708313728,0.0401285888655507,825
indep2,court_independence_lag1,-1.5958199644088746,Contracts Expression,1,0.7332228364955078,0.5721503918338257,0.8495967445837598,0.071897494002875,825
indep2,court_independence_lag1,-1.5958199644088746,Expands Expression,3,0.17920556780123617,0.10559800615108048,0.28762182620788646,0.04613762383104076,825
indep2,court_independence_lag1,-1.4747999668121339,Mixed Outcome,2,0.09230391875280117,0.038051519176536715,0.20724276757423227,0.04036222197163596,825
indep2,court_independence_lag1,-1.4747999668121339,Contracts Expression,1,0.7174301336320587,0.5600009559857271,0.8351167008122636,0.07142886571330317,825
indep2,court_independence_lag1,-1.4747999668121339,Expands Expression,3,0.19026594761513996,0.11584409536055691,0.2964671891709255,0.04591413069077981,825
indep2,court_independence_lag1,-1.3537799692153931,Mixed Outcome,2,0.09716219107732894,0.041740315375204416,0.21004218003896272,0.040482074280508866,825
indep2,court_independence_lag1,-1.3537799692153931,Contracts Expression,1,0.7011274979193294,0.5477225596410515,0.8196343699776666,0.07069154125288916,825
indep2,court_independence_lag1,-1.3537799692153931,Expands Expression,3,0.20171031100334152,0.12678898230705823,0.3054188522621535,0.04551571318083801,825
indep2,court_independence_lag1,-1.2327599716186524,Mixed Outcome,2,0.10213682863222051,0.0456979378834791,0.21274104580760325,0.04048297038032196,825
indep2,court_independence_lag1,-1.2327599716186524,Contracts Expression,1,0.6843404812776879,0.535324767100213,0.8031418547619797,0.06968452834503973,825
indep2,court_independence_lag1,-1.2327599716186524,Expands Expression,3,0.21352269009009142,0.13843534323501253,0.3144718897013191,0.044941661261674086,825
indep2,court_independence_lag1,-1.1117399740219116,Mixed Outcome,2,0.1072170541335227,0.04993077659022388,0.21533210355346477,0.04036052047646438,825
indep2,court_independence_lag1,-1.1117399740219116,Contracts Expression,1,0.6670985087732612,0.5228175563468684,0.785641129948964,0.0684100822669176,825
indep2,court_independence_lag1,-1.1117399740219116,Expands Expression,3,0.22568443709321592,0.1507790026774719,0.3236212641923137,0.04419341436868924,825
indep2,court_independence_lag1,-0.9907199764251711,Mixed Outcome,2,0.1123909345239849,0.05444346412143473,0.21780815662261357,0.040111206015392496,825
indep2,court_independence_lag1,-0.9907199764251711,Contracts Expression,1,0.6494347619502141,0.5102111788504914,0.7671451527411829,0.06687386476239973,825
indep2,court_independence_lag1,-0.9907199764251711,Expands Expression,3,0.23817430352580055,0.16380834322596233,0.3328619210409698,0.04327465577863257,825
indep2,court_independence_lag1,-0.8696999788284303,Mixed Outcome,2,0.11764543586569004,0.059238632240389756,0.22016214919485078,0.03973245744771796,825
indep2,court_independence_lag1,-0.8696999788284303,Contracts Expression,1,0.6313860081327015,0.497515976125326,0.7476788765829802,0.06508506224033514,825
indep2,court_independence_lag1,-0.8696999788284303,Expands Expression,3,0.2509685560016099,0.17750380483032763,0.3421889183505655,0.04219138249500854,825
indep2,court_independence_lag1,-0.7486799812316896,Mixed Outcome,2,0.12296649583746988,0.06431667528162899,0.22238725683370592,0.03922272347336467,825
indep2,court_independence_lag1,-0.7486799812316896,Contracts Expression,1,0.6129923762895412,0.48474214706143437,0.7272801309591316,0.0630564633589863,825
indep2,court_independence_lag1,-0.7486799812316896,Expands Expression,3,0.26404112787298883,0.1918374877488546,0.3515976013944288,0.04095195382072734,825
indep2,court_independence_lag1,-0.627659983634949,Mixed Outcome,2,0.12833911365806466,0.06967552479727587,0.22447699401793414,0.0385815318273602,825
indep2,court_independence_lag1,-0.627659983634949,Contracts Expression,1,0.594297081101297,0.4718994586766426,0.7060003310444692,0.06080449826893194,825
indep2,court_independence_lag1,-0.627659983634949,Expands Expression,3,0.2773638052406384,0.20677286728528294,0.36108383178708364,0.039567124264481744,825
indep2,court_independence_lag1,-0.5066399860382083,Mixed Outcome,2,0.1337474568694064,0.07531043847726823,0.2264253424353557,0.03780954264641227,825
indep2,court_independence_lag1,-0.5066399860382083,Contracts Expression,1,0.5753460979262696,0.45899689091603846,0.6839049852268967,0.05834924435772474,825
indep2,court_independence_lag1,-0.5066399860382083,Expands Expression,3,0.29090644520432507,0.2222646201055164,0.37064428575217584,0.03805006948135071,825
indep2,court_independence_lag1,-0.3856199884414675,Mixed Outcome,2,0.13917498400667447,0.08121380441003169,0.22822690556485117,0.036908596779552875,825
indep2,court_independence_lag1,-0.3856199884414675,Contracts Expression,1,0.5561877924121279,0.4460422033140494,0.6610739759427703,0.05571440636031763,825
indep2,court_independence_lag1,-0.3856199884414675,Expands Expression,3,0.3046372235811966,0.23825855098690893,0.38027684093177344,0.03641641771478388,825
indep2,court_independence_lag1,-0.26459999084472674,Mixed Outcome,2,0.1446045817635195,0.08737495857486281,0.22987709761854733,0.03588176318755516,825
indep2,court_independence_lag1,-0.26459999084472674,Contracts Expression,1,0.5368725095242987,0.43304140780941835,0.6376016001902137,0.052927282114581274,825
indep2,court_independence_lag1,-0.26459999084472674,Expands Expression,3,0.3185229087121823,0.2546915952515583,0.38998107802394016,0.034684303782258945,825
indep2,court_independence_lag1,-0.14357999324798598,Mixed Outcome,2,0.15001871484546261,0.093780008698702,0.23137237861891616,0.03473339198737635,825
indep2,court_independence_lag1,-0.14357999324798598,Contracts Expression,1,0.5174521277392058,0.4199981281461,0.6135963702769845,0.05001872883413445,825
indep2,court_independence_lag1,-0.14357999324798598,Expands Expression,3,0.33252915741533134,0.27149185628022665,0.39975893191167894,0.03287446793149402,825
indep2,court_independence_lag1,-0.022559995651245224,Mixed Outcome,2,0.15539958630749945,0.10041165068341384,0.23271055282495445,0.033469183017550155,825
indep2,court_independence_lag1,-0.022559995651245224,Contracts Expression,1,0.4979795850547431,0.40691282335803725,0.589180591459582,0.047023147869723905,825
indep2,court_independence_lag1,-0.022559995651245224,Expands Expression,3,0.3466208286377579,0.2885786209147342,0.4096155356808745,0.031010427270485724,825
indep2,court_independence_lag1,0.09846000194549553,Mixed Outcome,2,0.16072930581056266,0.10724895385075492,0.23389115578581116,0.03209628446176022,825
indep2,court_independence_lag1,0.09846000194549553,Contracts Expression,1,0.4785083842729834,0.39378185378322544,0.5644897477606163,0.04397850697923682,825
indep2,court_independence_lag1,0.09846000194549553,Expands Expression,3,0.3607623099164529,0.30586228231324847,0.4195603063632498,0.029118751059129373,825
indep2,court_independence_lag1,0.2194799995422363,Mixed Outcome,2,0.16599006292369392,0.11426707692521539,0.2349159674032861,0.030623442765764036,825
indep2,court_independence_lag1,0.2194799995422363,Contracts Expression,1,0.45909208567962106,0.3805963793988116,0.5396717331366406,0.040926414737863945,825
indep2,court_independence_lag1,0.2194799995422363,Expands Expression,3,0.3749178513966838,0.3232440994523461,0.42960831435165636,0.027229468310907407,825
indep2,court_independence_lag1,0.34049999713897705,Mixed Outcome,2,0.17116430236184452,0.12143685592914051,0.23578970669168017,0.029061234895503905,825
indep2,court_independence_lag1,0.34049999713897705,Contracts Expression,1,0.4397837957472263,0.36734111508712136,0.5148859481376905,0.037912245142524295,825
indep2,court_independence_lag1,0.34049999713897705,Expands Expression,3,0.389051901890929,0.3406157553841774,0.4397819393299244,0.025376616715154527,825
indep2,court_independence_lag1,0.4615199947357178,Mixed Outcome,2,0.17623489789865868,0.1287241749272715,0.2365209916623802,0.02742242853089337,825
indep2,court_independence_lag1,0.4615199947357178,Contracts Expression,1,0.42063566079287235,0.3539930500878766,0.4903022165366341,0.034985269169433876,825
indep2,court_independence_lag1,0.4615199947357178,Expands Expression,3,0.4031294413084686,0.35785878203437743,0.45011270527478014,0.02359888593962835,825
indep2,court_independence_lag1,0.5825399923324581,Mixed Outcome,2,0.18118532164139833,0.13608898660089355,0.23712368933716133,0.025722537294038315,825
indep2,court_independence_lag1,0.5825399923324581,Contracts Expression,1,0.40169837459595487,0.340520409115922,0.46609932085985467,0.03219866362387778,825
indep2,court_independence_lag1,0.5825399923324581,Expands Expression,3,0.4171163037626471,0.3748441631924896,0.4606429406340246,0.021940182705849506,825
indep2,court_independence_lag1,0.7035599899291989,Mixed Outcome,2,0.1859998054086955,0.1434837873798848,0.23761884106366166,0.023980668981667664,825
indep2,court_independence_lag1,0.7035599899291989,Contracts Expression,1,0.38302070880736594,0.32688244079984785,0.4424626584835291,0.02960911022131228,825
indep2,court_independence_lag1,0.7035599899291989,Expands Expression,3,0.4309794857839383,0.39143288604724874,0.47142645082636553,0.020449710621255876,825
indep2,court_independence_lag1,0.8245799875259396,Mixed Outcome,2,0.19066349111276026,0.1508512705794151,0.23803742797152655,0.02222080546215833,825
indep2,court_independence_lag1,0.8245799875259396,Contracts Expression,1,0.36464907454530576,0.31303108635019866,0.4195800586223236,0.027275458506694602,825
indep2,court_independence_lag1,0.8245799875259396,Expands Expression,3,0.4446874343419327,0.4074788819284167,0.4825267220998867,0.01918081617177749,825
indep2,court_independence_lag1,0.9455999851226804,Mixed Outcome,2,0.1951625673116668,0.15812079840035898,0.23842432297449248,0.020473694438977993,825
indep2,court_independence_lag1,0.9455999851226804,Contracts Expression,1,0.34662712287733344,0.29891607856807056,0.3976343034472522,0.025255670692779633,825
indep2,court_independence_lag1,0.9455999851226804,Expands Expression,3,0.4582103098109993,0.42283635184870605,0.49401062542817187,0.018187570076053632,825
indep2,court_independence_lag1,1.0666199827194212,Mixed Outcome,2,0.19948438945385835,0.16520332880241995,0.23884378022737252,0.018779535414101507,825
indep2,court_independence_lag1,1.0666199827194212,Contracts Expression,1,0.3289953909491712,0.284495051049475,0.37679086089282454,0.02360124864751667,825
indep2,court_independence_lag1,1.0666199827194212,Expands Expression,3,0.4715202195969712,0.43737295456665204,0.5059361136404081,0.017518318459532962,825
indep2,court_independence_lag1,1.187639980316162,Mixed Outcome,2,0.20361758177060935,0.17198475320652237,0.23938649334877013,0.0171914789205942,825
indep2,court_independence_lag1,1.187639980316162,Contracts Expression,1,0.31179099936895627,0.26974884736396043,0.3571807151815428,0.02234904972695125,825
indep2,court_independence_lag1,1.187639980316162,Expands Expression,3,0.48459141886043416,0.4509874872687352,0.5183352608209084,0.017206892181689346,825
indep2,court_independence_lag1,1.3086599779129027,Mixed Outcome,2,0.20755211926299538,0.17831885577805673,0.24017699992760574,0.01577931824480292,825
indep2,court_independence_lag1,1.3086599779129027,Contracts Expression,1,0.29504740513523475,0.25469873923304703,0.3388816455288429,0.0215121730395195,825
indep2,court_independence_lag1,1.3086599779129027,Expands Expression,3,0.4974004756017695,0.463625949527129,0.5311987415994869,0.017264582448637857,825
indep2,court_independence_lag1,1.429679975509643,Mixed Outcome,2,0.21127938875621516,0.1840243298978919,0.24137698653977202,0.01463110828751214,825
indep2,court_independence_lag1,1.429679975509643,Contracts Expression,1,0.27879421296213963,0.23941820307049225,0.3219053435525855,0.021073672100676497,825
indep2,court_independence_lag1,1.429679975509643,Expands Expression,3,0.509926398281645,0.4752874441294222,0.5444702943672634,0.017677238210607894,825
indep2,court_independence_lag1,1.5506999731063837,Mixed Outcome,2,0.21479222853310204,0.18889565941819808,0.24317467850102742,0.01384770642486452,825
indep2,court_independence_lag1,1.5506999731063837,Contracts Expression,1,0.26305704636633986,0.22403160605043965,0.3061980369248106,0.02098700952255901,825
indep2,court_independence_lag1,1.5506999731063837,Expands Expression,3,0.5221507251005585,0.48601579562536507,0.5580552940532526,0.018409588790240572,825
indep2,court_independence_lag1,1.6717199707031245,Mixed Outcome,2,0.21808494658886965,0.19273973595194271,0.24574843719339984,0.013524177912934067,825
indep2,court_independence_lag1,1.6717199707031245,Contracts Expression,1,0.24785747839932804,0.20869832416160647,0.29165609451424285,0.02118402818417015,825
indep2,court_independence_lag1,1.6717199707031245,Expands Expression,3,0.5340575750118018,0.4958813994043743,0.5718389358424584,0.019414498275333165,825
indep2,court_independence_lag1,1.7927399682998653,Mixed Outcome,2,0.22115331805137844,0.19543487784655544,0.24920789577743202,0.013719764932227315,825
indep2,court_independence_lag1,1.7927399682998653,Contracts Expression,1,0.2332130204943466,0.1935890694446123,0.278149814315658,0.021587001762652037,825
indep2,court_independence_lag1,1.7927399682998653,Expands Expression,3,0.5456336614542737,0.5049623239697748,0.5857050274550268,0.020642561183907438,825
indep2,court_independence_lag1,1.913759965896606,Mixed Outcome,2,0.223994562769436,0.19697667952733858,0.253548203410536,0.014434561640423534,825
indep2,court_independence_lag1,1.913759965896606,Contracts Expression,1,0.2191371666016975,0.1788640730361336,0.2655457098941407,0.022119853419115525,825
indep2,court_independence_lag1,1.913759965896606,Expands Expression,3,0.5568682706288668,0.5133310623518623,0.5995490184922713,0.02204878863937092,825
indep2,court_independence_lag1,2.0347799634933468,Mixed Outcome,2,0.22660730447375774,0.1974707545307446,0.2586573156434842,0.015613261242007433,825
indep2,court_independence_lag1,2.0347799634933468,Contracts Expression,1,0.20563948865153817,0.16465902369921587,0.2537213457831343,0.022715527863210246,825
indep2,court_independence_lag1,2.0347799634933468,Expands Expression,3,0.567753206874703,0.5210481928806746,0.6132840332015004,0.02359575176213848,825
indep2,court_independence_lag1,2.1557999610900875,Mixed Outcome,2,0.2289915132525215,0.19708064492842473,0.26436806122103435,0.017171747074262965,825
indep2,court_independence_lag1,2.1557999610900875,Contracts Expression,1,0.19272577844018693,0.15107929689143787,0.24257212897500546,0.02331922603508902,825
indep2,court_independence_lag1,2.1557999610900875,Expands Expression,3,0.5782827083072919,0.5281611098119162,0.6268417729027845,0.02525412769727934,825
indep2,court_independence_lag1,2.2768199586868283,Mixed Outcome,2,0.23114843335096052,0.19597472506205774,0.27051116191287533,0.019024167179706165,825
indep2,court_independence_lag1,2.2768199586868283,Contracts Expression,1,0.18039823030331956,0.13820004935693675,0.23201242002844613,0.023888714858676913,825
indep2,court_independence_lag1,2.2768199586868283,Expands Expression,3,0.5884533363457196,0.5347054587071164,0.6401706783491714,0.02700186003186454,825
indep2,court_independence_lag1,2.397839956283569,Mixed Outcome,2,0.23308049849989887,0.19429782472608248,0.276943486054574,0.021097373889775825,825
indep2,court_independence_lag1,2.397839956283569,Contracts Expression,1,0.16865565842468325,0.12606940374991005,0.22197367797472226,0.024393101886734374,825
indep2,court_independence_lag1,2.397839956283569,Expands Expression,3,0.5982638430754171,0.5407075753430679,0.6532330754740717,0.028822805588128955,825
indep2,court_independence_lag1,2.51885995388031,Mixed Outcome,2,0.23479123710178756,0.1921645658758851,0.28355454845000866,0.023334269483102688,825
indep2,court_independence_lag1,2.51885995388031,Contracts Expression,1,0.15749374232960278,0.11471275769365526,0.2124015467023954,0.024811053482639248,825
indep2,court_independence_lag1,2.51885995388031,Expands Expression,3,0.60771502056861,0.5461870047333964,0.6660022462621112,0.03070534200983133,825
indep2,court_independence_lag1,2.6398799514770506,Mixed Outcome,2,0.23628516965698323,0.1896629747246019,0.2902627020643061,0.025691899363648404,825
indep2,court_independence_lag1,2.6398799514770506,Contracts Expression,1,0.14690529401773783,0.10413714251464931,0.2032529055027996,0.025128984384370664,825
indep2,court_independence_lag1,2.6398799514770506,Expands Expression,3,0.61680953632528,0.5511587043031484,0.6784598345835503,0.03264114077160615,825
indep2,court_independence_lag1,2.7608999490737913,Mixed Outcome,2,0.2375677008014937,0.18686067422689492,0.297008724040691,0.02813822266571939,825
indep2,court_independence_lag1,2.7608999490737913,Contracts Expression,1,0.1368805402819974,0.09433516188994713,0.19449330893462272,0.025339442108890727,825
indep2,court_independence_lag1,2.7608999490737913,Expands Expression,3,0.625551758916508,0.555634815878608,0.6905937116583982,0.03462416635618297,825
indep2,court_independence_lag1,2.881919946670532,Mixed Outcome,2,0.23864500825565724,0.18381050008422944,0.30374996038783986,0.0306491737267132,825
indep2,court_independence_lag1,2.881919946670532,Contracts Expression,1,0.12740741401809225,0.08528836694763033,0.18609492321838303,0.02543974746369672,825
indep2,court_independence_lag1,2.881919946670532,Expands Expression,3,0.6339475777262511,0.5596260163801388,0.7023962962877851,0.03664989772931671,825
indep2,court_independence_lag1,3.002939944267273,Mixed Outcome,2,0.2395239308577431,0.18055476978417134,0.31045580700637737,0.033206409728997716,825
indep2,court_independence_lag1,3.002939944267273,Contracts Expression,1,0.11847184872671579,0.07697007243235306,0.1780349268738986,0.025430880876001177,825
indep2,court_independence_lag1,3.002939944267273,Expands Expression,3,0.6420042204155402,0.5631425024633554,0.7138632758647954,0.03871474441828249,825
indep2,court_independence_lag1,3.1239599418640136,Mixed Outcome,2,0.2402118576850094,0.1771283022285739,0.3171044361759433,0.03579569656337586,825
indep2,court_independence_lag1,3.1239599418640136,Contracts Expression,1,0.11005807092057895,0.06934767320382376,0.17029429692279216,0.025316579888513966,825
indep2,court_independence_lag1,3.1239599418640136,Expands Expression,3,0.6497300713944117,0.5661946740967908,0.7249926614004245,0.040815623942635666,825
indep2,court_independence_lag1,3.2449799394607544,Mixed Outcome,2,0.2407166200560341,0.17356048803474688,0.323680474430541,0.03840578134934021,825
indep2,court_independence_lag1,3.2449799394607544,Contracts Expression,1,0.10214888574369523,0.06238453255923123,0.16285689732074263,0.025102609899639028,825
indep2,court_independence_lag1,3.2449799394607544,Expands Expression,3,0.6571344942002705,0.5687935780968612,0.7357841115717887,0.04294966891620153,825
indep2,court_independence_lag1,3.365999937057495,Mixed Outcome,2,0.24104638797152034,0.16987669180511417,0.33017335576097023,0.04102760937218477,825
indep2,court_independence_lag1,3.365999937057495,Contracts Expression,1,0.09472595176280206,0.05604150960869151,0.15570879715713962,0.024796174768037738,825
indep2,court_independence_lag1,3.365999937057495,Expands Expression,3,0.6642276602656775,0.5709511645786968,0.7462384675240527,0.04511403594776554,825
attack1,v2jupoatck_lag1,-4.260000228881836,Mixed Outcome,2,0.12769137589996193,0.054896569834436235,0.2694902005866423,0.05252962748858869,1074
attack1,v2jupoatck_lag1,-4.260000228881836,Contracts Expression,1,0.16160729793257964,0.05047138278086615,0.41142552837187274,0.08905489106114492,1074
attack1,v2jupoatck_lag1,-4.260000228881836,Expands Expression,3,0.7107013261674516,0.49242786951045026,0.8615085170767465,0.09746309837903752,1074
attack1,v2jupoatck_lag1,-4.122380223274231,Mixed Outcome,2,0.12977276881482866,0.05721041539167795,0.268188751677567,0.05180770992780362,1074
attack1,v2jupoatck_lag1,-4.122380223274231,Contracts Expression,1,0.1633951621636166,0.052842929772630026,0.406073953068534,0.08738742463121756,1074
attack1,v2jupoatck_lag1,-4.122380223274231,Expands Expression,3,0.7068320690215553,0.49413261670345254,0.8561365941923242,0.09552597733919546,1074
attack1,v2jupoatck_lag1,-3.984760217666626,Mixed Outcome,2,0.13187818108810562,0.059609061182379394,0.26689790653559076,0.05105451857269897,1074
attack1,v2jupoatck_lag1,-3.984760217666626,Contracts Expression,1,0.16519044299325714,0.05531141860215818,0.4007518754254254,0.08568207764555515,1074
attack1,v2jupoatck_lag1,-3.984760217666626,Expands Expression,3,0.702931375918635,0.4958136441777036,0.8506029618498409,0.0935485092821407,1074
attack1,v2jupoatck_lag1,-3.847140212059021,Mixed Outcome,2,0.1340075974699692,0.06209445346616837,0.26561867144117646,0.05027009672995648,1074
attack1,v2jupoatck_lag1,-3.847140212059021,Contracts Expression,1,0.16699284652560079,0.05787940728021028,0.39546174762629194,0.08393940683448739,1074
attack1,v2jupoatck_lag1,-3.847140212059021,Expands Expression,3,0.698999556004427,0.49747000744019954,0.844906366546882,0.09153159537923808,1074
attack1,v2jupoatck_lag1,-3.709520206451416,Mixed Outcome,2,0.13616099358605532,0.06466844696901641,0.26435218565223567,0.04945456558351524,1074
attack1,v2jupoatck_lag1,-3.709520206451416,Contracts Expression,1,0.16880207153145232,0.06054935764601395,0.3902061484244611,0.08216005974330814,1074
attack1,v2jupoatck_lag1,-3.709520206451416,Expands Expression,3,0.6950369348824912,0.49910065390253044,0.8390458783412661,0.08947623498488613,1074
attack1,v2jupoatck_lag1,-3.571900200843811,Mixed Outcome,2,0.13833833579604107,0.06733278072569138,0.26309974181763035,0.04860813505938054,1074
attack1,v2jupoatck_lag1,-3.571900200843811,Contracts Expression,1,0.1706178095272717,0.06332360709975489,0.3849878033165667,0.08034478563239245,1074
attack1,v2jupoatck_lag1,-3.571900200843811,Expands Expression,3,0.6910438546766844,0.5007044064375413,0.8330209257782205,0.0873835343345894,1074
attack1,v2jupoatck_lag1,-3.434280195236206,Mixed Outcome,2,0.1405395810587787,0.07008904986989041,0.2618628100108226,0.047731116529279305,1074
attack1,v2jupoatck_lag1,-3.434280195236206,Contracts Expression,1,0.17243974486317618,0.06620433576940424,0.37980960857227125,0.07849444830101504,1074
attack1,v2jupoatck_lag1,-3.434280195236206,Expands Expression,3,0.6870206740780466,0.502279944024163,0.8268313339009854,0.08525471667825821,1074
attack1,v2jupoatck_lag1,-3.296660189628601,Mixed Outcome,2,0.1427646768043325,0.07293867261801028,0.26064306611592447,0.046823937725972424,1074
attack1,v2jupoatck_lag1,-3.296660189628601,Contracts Expression,1,0.17426755482005724,0.06919352828784946,0.3746746599181044,0.07661004124119161,1074
attack1,v2jupoatck_lag1,-3.296660189628601,Expands Expression,3,0.6829677683756122,0.5038257788749932,0.8204773658374435,0.08309113415667088,1074
attack1,v2jupoatck_lag1,-3.159040184020996,Mixed Outcome,2,0.14501356081327987,0.07588285153015287,0.25944242546141105,0.045887160326211186,1074
attack1,v2jupoatck_lag1,-3.159040184020996,Contracts Expression,1,0.17610090971587505,0.07229292916932928,0.3695862868712554,0.07469270562685758,1074
attack1,v2jupoatck_lag1,-3.159040184020996,Expands Expression,3,0.6788855294708407,0.5053402293033017,0.8139597685846798,0.08089428180013966,1074
attack1,v2jupoatck_lag1,-3.021420178413391,Mixed Outcome,2,0.14728616110361029,0.07892252793286995,0.2582630827956037,0.04492150075912928,1074
attack1,v2jupoatck_lag1,-3.021420178413391,Contracts Expression,1,0.17793947302119734,0.07550399054967512,0.36454809392879467,0.07274375175596018,1074
attack1,v2jupoatck_lag1,-3.021420178413391,Expands Expression,3,0.6747743658751861,0.506821387405603,0.8072798237824036,0.07866581412076697,1074
attack1,v2jupoatck_lag1,-2.883800172805786,Mixed Outcome,2,0.14958239582552532,0.08205832814286718,0.25710755994511775,0.04392785492379352,1074
attack1,v2jupoatck_lag1,-2.883800172805786,Contracts Expression,1,0.17978290148401155,0.07882781075784177,0.3595640101380792,0.0707646847215801,1074
attack1,v2jupoatck_lag1,-2.883800172805786,Expands Expression,3,0.6706347026904664,0.5082670804110101,0.8004394044817186,0.07640756488511222,1074
attack1,v2jupoatck_lag1,-2.7461801671981814,Mixed Outcome,2,0.1519021731645211,0.0852904998319151,0.2559787627976329,0.042907327652970596,1074
attack1,v2jupoatck_lag1,-2.7461801671981814,Contracts Expression,1,0.18163084526381792,0.08226506182696368,0.35463834892183643,0.06875723527049749,1074
attack1,v2jupoatck_lag1,-2.7461801671981814,Expands Expression,3,0.6664669815716633,0.5096748242647716,0.7934410391909527,0.07412157079970694,1074
attack1,v2jupoatck_lag1,-2.6085601615905762,Mixed Outcome,2,0.15424539125302808,0.08861883651149174,0.2548800496120552,0.0418612679453711,1074
attack1,v2jupoatck_lag1,-2.6085601615905762,Contracts Expression,1,0.18348294807503227,0.08581590358910667,0.34977588051318437,0.06672339705068266,1074
attack1,v2jupoatck_lag1,-2.6085601615905762,Expands Expression,3,0.6622716606719388,0.5110417676538196,0.7862879848324028,0.0718101000264021,1074
attack1,v2jupoatck_lag1,-2.470940155982971,Mixed Outcome,2,0.15661193809094054,0.09204258768002085,0.2538153130988747,0.04079131121269501,1074
attack1,v2jupoatck_lag1,-2.470940155982971,Contracts Expression,1,0.1853388473396502,0.08947988142572368,0.3449819199242361,0.06466547174261095,1074
attack1,v2jupoatck_lag1,-2.470940155982971,Expands Expression,3,0.6580492145694061,0.5123646242214915,0.7789843106960928,0.06947568668052612,1074
attack1,v2jupoatck_lag1,-2.333320150375366,Mixed Outcome,2,0.15900169147531215,0.09556035166608763,0.2527890792226949,0.039699430048751795,1074
attack1,v2jupoatck_lag1,-2.333320150375366,Contracts Expression,1,0.18719817434915273,0.09325580402293591,0.3402624341093473,0.0625861239444706,1074
attack1,v2jupoatck_lag1,-2.333320150375366,Expands Expression,3,0.6538001341755334,0.5136395901455627,0.7715349960467891,0.06712117275931306,1074
attack1,v2jupoatck_lag1,-2.1957001447677613,Mixed Outcome,2,0.1614145189395423,0.09916994761580844,0.25180662626861994,0.038587995328921806,1074
attack1,v2jupoatck_lag1,-2.1957001447677613,Contracts Expression,1,0.18906055443561048,0.09714159659369805,0.33562417287122853,0.06048844813728288,1074
attack1,v2jupoatck_lag1,-2.1957001447677613,Expands Expression,3,0.6495249266248497,0.5148622435181706,0.7639460447702321,0.0647497593251654,1074
attack1,v2jupoatck_lag1,-2.058080139160156,Mixed Outcome,2,0.16385027770229538,0.10286826243730621,0.2508741283506536,0.037459849774367275,1074
attack1,v2jupoatck_lag1,-2.058080139160156,Contracts Expression,1,0.19092560715187412,0.10113412393762682,0.33107482916442793,0.05837605062037736,1074
attack1,v2jupoatck_lag1,-2.058080139160156,Expands Expression,3,0.6452241151458308,0.5160274210541657,0.7562246213565137,0.062365069236905046,1074
attack1,v2jupoatck_lag1,-1.920460133552551,Mixed Outcome,2,0.16630881462642677,0.10665106787872877,0.24999882818121882,0.036318396443468834,1074
attack1,v2jupoatck_lag1,-1.920460133552551,Contracts Expression,1,0.1927929464608029,0.1052289764146912,0.32662323574728486,0.05625314997347432,1074
attack1,v2jupoatck_lag1,-1.920460133552551,Expands Expression,3,0.6408982389127755,0.5171290665140532,0.7483792136582126,0.05997122430779092,1074
attack1,v2jupoatck_lag1,-1.7828401279449464,Mixed Outcome,2,0.1687899661881795,0.11051280239143645,0.24918924444873838,0.0351677048844125,1074
attack1,v2jupoatck_lag1,-1.7828401279449464,Contracts Expression,1,0.19466218093339419,0.10942021040901077,0.32227960665175864,0.05412470037733714,1074
attack1,v2jupoatck_lag1,-1.7828401279449464,Expands Expression,3,0.6365478528784255,0.5181600438419058,0.7404198292498655,0.05757294048159031,1074
attack1,v2jupoatck_lag1,-1.6452201223373413,Mixed Outcome,2,0.1712935584568568,0.114446312221898,0.24845541936268314,0.03401263779400558,1074
attack1,v2jupoatck_lag1,-1.6452201223373413,Contracts Expression,1,0.19653291395568098,0.11370003325793265,0.31805583353852507,0.05199654294844249,1074
attack1,v2jupoatck_lag1,-1.6452201223373413,Expands Expression,3,0.6321735275874582,0.5191119063669783,0.7323582338712447,0.05517564546797797,1074
attack1,v2jupoatck_lag1,-1.5076001167297362,Mixed Outcome,2,0.17381940708521193,0.11844254665262267,0.2478092114530908,0.032859000790908935,1074
attack1,v2jupoatck_lag1,-1.5076001167297362,Contracts Expression,1,0.1984047439442518,0.1180584210888559,0.3139658485648479,0.04987559104134389,1074
attack1,v2jupoatck_lag1,-1.5076001167297362,Expands Expression,3,0.6277758489705365,0.5199746115678333,0.7242082422955526,0.05278562423260863,1074
attack1,v2jupoatck_lag1,-1.3699801111221315,Mixed Outcome,2,0.17636731731075003,0.1224902040882196,0.24726463694122502,0.03171371701404577,1074
attack1,v2jupoatck_lag1,-1.3699801111221315,Contracts Expression,1,0.2002772645702033,0.12248265702635887,0.31002606636752217,0.04777005598337566,1074
attack1,v2jupoatck_lag1,-1.3699801111221315,Expands Expression,3,0.6233554181190483,0.5207361689807302,0.7159860738891364,0.05041019872904759,1074
attack1,v2jupoatck_lag1,-1.2323601055145263,Mixed Outcome,2,0.17893708396811506,0.12657532973973407,0.24683825894638217,0.030585026198364028,1074
attack1,v2jupoatck_lag1,-1.2323601055145263,Contracts Expression,1,0.20215006499136906,0.12695677761614918,0.30625591740248,0.04568971953258383,1074
attack1,v2jupoatck_lag1,-1.2323601055145263,Expands Expression,3,0.618912851040518,0.5213822072727826,0.7077107867049535,0.04805794907580205,1074
attack1,v2jupoatck_lag1,-1.0947400999069212,Mixed Outcome,2,0.18152849151273817,0.13068087346542573,0.24654961599415579,0.029482703913223888,1074
attack1,v2jupoatck_lag1,-1.0947400999069212,Contracts Expression,1,0.20402273009256974,0.1314609186478238,0.30267848155446586,0.04364625767188709,1074
attack1,v2jupoatck_lag1,-1.0947400999069212,Expands Expression,3,0.6144487783946895,0.5218954460745147,0.6994048043920568,0.045738983625330853,1074
attack1,v2jupoatck_lag1,-0.9571200942993165,Mixed Outcome,2,0.18414131405588471,0.13478622987500796,0.24642166775040933,0.02841828975728989,1074
attack1,v2jupoatck_lag1,-0.9571200942993165,Contracts Expression,1,0.20589484073367287,0.13597056050044273,0.2993212219969216,0.0416536158224513,1074
attack1,v2jupoatck_lag1,-0.9571200942993165,Expands Expression,3,0.6099638452104348,0.5222550604604856,0.6910945479287602,0.04346526423807485,1074
attack1,v2jupoatck_lag1,-0.8195000886917114,Mixed Outcome,2,0.18677531541121667,0.13886680443171273,0.2464812142832336,0.027405302297443524,1074
attack1,v2jupoatck_lag1,-0.8195000886917114,Contracts Expression,1,0.20776597400519603,0.14045569192558066,0.2962168005128174,0.039728426018548396,1074
attack1,v2jupoatck_lag1,-0.8195000886917114,Expands Expression,3,0.6054587105835835,0.5224359337636915,0.6828111764084143,0.04125098914506091,1074
attack1,v2jupoatck_lag1,-0.6818800830841063,Mixed Outcome,2,0.1894302491529998,0.14289368082854575,0.24675921362131223,0.02645940248429857,1074
attack1,v2jupoatck_lag1,-0.6818800830841063,Contracts Expression,1,0.20963570349121677,0.14487994602941445,0.29340392063975823,0.037890438862347615,1074
attack1,v2jupoatck_lag1,-0.6818800830841063,Expands Expression,3,0.6009340473557789,0.5224078125048025,0.6745914230366094,0.03911302661484892,1074
attack1,v2jupoatck_lag1,-0.5442600774765012,Mixed Outcome,2,0.19210585868600263,0.14683350577367105,0.2472908815261094,0.02559844647903323,1074
attack1,v2jupoatck_lag1,-0.5442600774765012,Contracts Expression,1,0.21150359953923203,0.1491998205990123,0.29092808664239167,0.036162913368182094,1074
attack1,v2jupoatck_lag1,-0.5442600774765012,Expands Expression,3,0.5963905417747589,0.5221344129027476,0.6664784768360072,0.037071374513380134,1074
attack1,v2jupoatck_lag1,-0.4066400718688965,Mixed Outcome,2,0.1948018773271666,0.15064875086315666,0.24811541385939204,0.024842346668309655,1074
attack1,v2jupoatck_lag1,-0.4066400718688965,Contracts Expression,1,0.21336922953674067,0.15336418284534323,0.28884207838800524,0.034572863035734494,1074
attack1,v2jupoatck_lag1,-0.4066400718688965,Expands Expression,3,0.5918288931360879,0.5215725916366303,0.6585227973795557,0.035149588689568245,1074
attack1,v2jupoatck_lag1,-0.2690200662612914,Mixed Outcome,2,0.1975180283990738,0.15429854000740117,0.24927514314794566,0.024212645018671198,1074
attack1,v2jupoatck_lag1,-0.2690200662612914,Contracts Expression,1,0.215232158194121,0.15731437256570216,0.28720582828815344,0.033150998470964685,1074
attack1,v2jupoatck_lag1,-0.2690200662612914,Expands Expression,3,0.5872498134068076,0.5206717939065015,0.6507826495220534,0.03337507199067298,1074
attack1,v2jupoatck_lag1,-0.1314000606536867,Mixed Outcome,2,0.20025402533524134,0.1577402137876327,0.250813958045981,0.023731711694114456,1074
attack1,v2jupoatck_lag1,-0.1314000606536867,Contracts Expression,1,0.21709194783357444,0.16098532978265725,0.2860852744203921,0.031931149799243025,1074
attack1,v2jupoatck_lag1,-0.1314000606536867,Expands Expression,3,0.5826540268311817,0.5193741302112931,0.6433240067589507,0.031779045151775306,1074
attack1,v2jupoatck_lag1,0.0062199449539184215,Mixed Outcome,2,0.20300957179719267,0.16093170057433862,0.2527749159477058,0.023421533687901813,1074
attack1,v2jupoatck_lag1,0.0062199449539184215,Contracts Expression,1,0.21894815868364817,0.16430821188949665,0.28554972497758835,0.03094893227774621,1074
attack1,v2jupoatck_lag1,0.0062199449539184215,Expands Expression,3,0.5780422695191588,0.5176155821604369,0.6362193229732392,0.030395944750173483,1074
attack1,v2jupoatck_lag1,0.14383995056152354,Mixed Outcome,2,0.20578436180331772,0.16383455618900591,0.2551971870622292,0.023302164321379437,1074
attack1,v2jupoatck_lag1,0.14383995056152354,Contracts Expression,1,0.2208003491790584,0.16721481293277887,0.2856674216008052,0.030239496199341753,1074
attack1,v2jupoatck_lag1,0.14383995056152354,Expands Expression,3,0.5734152890176244,0.5153289129268697,0.629544597067804,0.02926195467834808,1074
attack1,v2jupoatck_lag1,0.28145995616912867,Mixed Outcome,2,0.20857807986941979,0.16641725332271257,0.25811274883883883,0.023390047468560875,1074
attack1,v2jupoatck_lag1,0.28145995616912867,Contracts Expression,1,0.22264807626536212,0.16964363920424183,0.28649944760950474,0.029834435820461264,1074
attack1,v2jupoatck_lag1,0.28145995616912867,Expands Expression,3,0.5687738438652159,0.5124487035897562,0.6233743093721226,0.028412455660685985,1074
attack1,v2jupoatck_lag1,0.4190799617767338,Mixed Outcome,2,0.21139040116090121,0.16865806397057173,0.2615434875926893,0.023696551533146027,1074
attack1,v2jupoatck_lag1,0.4190799617767338,Contracts Expression,1,0.22449089570808226,0.17154675296430527,0.28809286949833424,0.029758310294301014,1074
attack1,v2jupoatck_lag1,0.4190799617767338,Expands Expression,3,0.5641187031310173,0.5089183809636768,0.6177743643886632,0.02787845975450573,1074
attack1,v2jupoatck_lag1,0.5566999673843389,Mixed Outcome,2,0.21422099165642755,0.17054684027364866,0.26549940205651523,0.024227067234395692,1074
attack1,v2jupoatck_lag1,0.5566999673843389,Contracts Expression,1,0.22632836240587056,0.17289577289400473,0.2904747232934599,0.030025597911741628,1074
attack1,v2jupoatck_lag1,0.5566999673843389,Expands Expression,3,0.5594506459377022,0.5046981448574357,0.6127941321289657,0.027682584109745244,1074
attack1,v2jupoatck_lag1,0.6943199729919431,Mixed Outcome,2,0.21706950832299046,0.17208524844930745,0.2699783543015645,0.02498089581230831,1074
attack1,v2jupoatck_lag1,0.6943199729919431,Contracts Expression,1,0.22816003070724897,0.17368523913912537,0.29364863809042824,0.030638996534341014,1074
attack1,v2jupoatck_lag1,0.6943199729919431,Expands Expression,3,0.5547704609697667,0.4997717436699737,0.6084596393459455,0.027835606663280395,1074
attack1,v2jupoatck_lag1,0.8319399785995483,Mixed Outcome,2,0.2199355993021719,0.17328546312004797,0.2749673608480428,0.025951923196032543,1074
attack1,v2jupoatck_lag1,0.8319399785995483,Contracts Expression,1,0.229985454730506,0.17393225499842035,0.2975951849042237,0.03158962351950895,1074
attack1,v2jupoatck_lag1,0.8319399785995483,Expands Expression,3,0.55007894596732,0.4941498306694655,0.6047701785558232,0.028334757098489968,1074
attack1,v2jupoatck_lag1,0.9695599842071534,Mixed Outcome,2,0.2228189041074394,0.17416776233169118,0.2804449838099025,0.027129854805798388,1074
attack1,v2jupoatck_lag1,0.9695599842071534,Contracts Expression,1,0.23180418868627542,0.17367263518700066,0.3022757210715868,0.032858996235843915,1074
attack1,v2jupoatck_lag1,0.9695599842071534,Expands Expression,3,0.5453769072062886,0.48786864348117326,0.6016995925826777,0.02916438255609633,1074
attack1,v2jupoatck_lag1,1.1071799898147585,Mixed Outcome,2,0.22571905383225727,0.1747576746588424,0.2863841708167604,0.028501678125462306,1074
attack1,v2jupoatck_lag1,1.1071799898147585,Contracts Expression,1,0.2336157872022946,0.17295494597571948,0.30763834506928817,0.03442208538713984,1074
attack1,v2jupoatck_lag1,1.1071799898147585,Expands Expression,3,0.5406651589654492,0.4809845478738715,0.5992016938096867,0.030298712385415427,1074
attack1,v2jupoatck_lag1,1.2447999954223636,Mixed Outcome,2,0.22863567136877028,0.1750832734078247,0.29275494884631303,0.030053049186769445,1074
attack1,v2jupoatck_lag1,1.2447999954223636,Contracts Expression,1,0.2354198056499641,0.17183419098062938,0.3136242081166289,0.03625054608460574,1074
attack1,v2jupoatck_lag1,1.2447999954223636,Expands Expression,3,0.5359445229812712,0.47356642685745637,0.5972178374131862,0.03170571377803351,1074
attack1,v2jupoatck_lag1,1.3824200010299688,Mixed Outcome,2,0.23156837163684704,0.1751729918864984,0.2995265981436152,0.03176941209749858,1074
attack1,v2jupoatck_lag1,1.3824200010299688,Contracts Expression,1,0.2372158004720568,0.17036648199913199,0.320172843306681,0.038315443593673906,1074
attack1,v2jupoatck_lag1,1.3824200010299688,Expands Expression,3,0.5312158278911014,0.46568816636001736,0.5956843976073994,0.033350893298346077,1074
attack1,v2jupoatck_lag1,1.520040006637573,Mixed Outcome,2,0.23451676182311412,0.17505409046535286,0.3066691756491072,0.03363678499943958,1074
attack1,v2jupoatck_lag1,1.520040006637573,Contracts Expression,1,0.23900332951126843,0.16860529728653378,0.32722590997025436,0.04058916698485116,1074
attack1,v2jupoatck_lag1,1.520040006637573,Expands Expression,3,0.526479908665619,0.45742275110975794,0.5945386335771966,0.03520027545732666,1074
attack1,v2jupoatck_lag1,1.6576600122451781,Mixed Outcome,2,0.23748044162979445,0.17475173166171445,0.3141544318482633,0.035642234945047487,1074
attack1,v2jupoatck_lag1,1.6576600122451781,Contracts Expression,1,0.24078195233895858,0.16659931274065384,0.33472936791035557,0.043046538728276865,1074
attack1,v2jupoatck_lag1,1.6576600122451781,Expands Expression,3,0.5217376060312414,0.4488384674130225,0.593722448709809,0.03722230735016988,1074
attack1,v2jupoatck_lag1,1.7952800178527832,Mixed Outcome,2,0.24045900353290175,0.17428853446316003,0.32195624996940303,0.03777410757719804,1074
attack1,v2jupoatck_lag1,1.7952800178527832,Contracts Expression,1,0.24255123058366998,0.1643914685226666,0.3426344190305141,0.04566529293448615,1074
attack1,v2jupoatck_lag1,1.7952800178527832,Expands Expression,3,0.5169897658834274,0.43999698185691566,0.5931842743978188,0.03938880854435931,1074
attack1,v2jupoatck_lag1,1.9329000234603884,Mixed Outcome,2,0.24345203304952898,0.17368446209617658,0.3300507534606893,0.04002208616160147,1074
attack1,v2jupoatck_lag1,1.9329000234603884,Contracts Expression,1,0.24431072825886985,0.16201885996843393,0.3508976275482687,0.04842613239949988,1074
attack1,v2jupoatck_lag1,1.9329000234603884,Expands Expression,3,0.5122372386915973,0.43095276503913643,0.5928796096026989,0.04167523759128993,1074
attack1,v2jupoatck_lag1,2.0705200290679935,Mixed Outcome,2,0.24645910901384332,0.1729569169793933,0.33841620813733836,0.042377144527829286,1074
attack1,v2jupoatck_lag1,2.0705200290679935,Contracts Expression,1,0.2460600120894471,0.1595131021046217,0.35948056949404894,0.05131254363672182,1074
attack1,v2jupoatck_lag1,2.0705200290679935,Expands Expression,3,0.5074808788967133,0.4217533288266609,0.5927707479596721,0.044060546345990194,1074
attack1,v2jupoatck_lag1,2.2081400346755986,Mixed Outcome,2,0.24947980386134797,0.172120948445412,0.3470328135369643,0.04483144219745664,1074
attack1,v2jupoatck_lag1,2.2081400346755986,Contracts Expression,1,0.24779865183643826,0.1569009184556526,0.36834926077851915,0.05431049725596458,1074
attack1,v2jupoatck_lag1,2.2081400346755986,Expands Expression,3,0.5027215443022156,0.4124398726818281,0.5928260971516536,0.046526828240851,1074
attack1,v2jupoatck_lag1,2.345760040283203,Mixed Outcome,2,0.25251368392108614,0.1711895095386046,0.35588244728662577,0.047378194275533435,1074
attack1,v2jupoatck_lag1,2.345760040283203,Contracts Expression,1,0.24952622061945426,0.15420479810223578,0.3774735198317809,0.057408113401057545,1074
attack1,v2jupoatck_lag1,2.345760040283203,Expands Expression,3,0.49796009545945663,0.4030480780046534,0.5930193518528334,0.04905889343253327,1074
attack1,v2jupoatck_lag1,2.483380045890808,Mixed Outcome,2,0.2555603097152991,0.17017372352917967,0.36494840193912104,0.05001153624490044,1074
attack1,v2jupoatck_lag1,2.483380045890808,Contracts Expression,1,0.25124229523635383,0.1514436340582198,0.38682635165812757,0.060595336650891375,1074
attack1,v2jupoatck_lag1,2.483380045890808,Expands Expression,3,0.49319739504834786,0.39360890294994055,0.5933286680106934,0.051643845849635696,1074
attack1,v2jupoatck_lag1,2.621000051498413,Mixed Outcome,2,0.25861923626609606,0.16908313799285699,0.3742151365112986,0.052726395005824794,1074
attack1,v2jupoatck_lag1,2.621000051498413,Contracts Expression,1,0.25294645647962366,0.14863330103268274,0.39638339513175336,0.06386364180743186,1074
attack1,v2jupoatck_lag1,2.621000051498413,Expands Expression,3,0.48843430725427905,0.3841493058204214,0.593735910569504,0.05427069862565884,1074
attack2,v2jupack_lag1,-3.13100004196167,Mixed Outcome,2,0.09125335560332258,0.03666487023492753,0.2094455279876513,0.041047339572594925,1074
attack2,v2jupack_lag1,-3.13100004196167,Contracts Expression,1,0.27780094809809214,0.08206962271616289,0.6233429355910969,0.14936359654354914,1074
attack2,v2jupack_lag1,-3.13100004196167,Expands Expression,3,0.6309456962985867,0.37444134531439827,0.8300190007580698,0.12468401711531099,1074
attack2,v2jupack_lag1,-3.0252400398254395,Mixed Outcome,2,0.09331570764860395,0.03837598225679104,0.20975215867807043,0.04089683143751737,1074
attack2,v2jupack_lag1,-3.0252400398254395,Contracts Expression,1,0.2766536650885214,0.08403683983796208,0.6145496764236148,0.1457608545261685,1074
attack2,v2jupack_lag1,-3.0252400398254395,Expands Expression,3,0.6300306272628782,0.3806487299371706,0.825129122086198,0.12120340437514776,1074
attack2,v2jupack_lag1,-2.919480037689209,Mixed Outcome,2,0.0954195920691732,0.04016150201861831,0.21006753442962436,0.040721417571645706,1074
attack2,v2jupack_lag1,-2.919480037689209,Contracts Expression,1,0.2754967349588702,0.08604044325705218,0.6056701724983269,0.14217141646322698,1074
attack2,v2jupack_lag1,-2.919480037689209,Expands Expression,3,0.6290836729719603,0.3867980739347047,0.820150437066631,0.11775175117101813,1074
attack2,v2jupack_lag1,-2.8137200355529783,Mixed Outcome,2,0.09756561870074522,0.04202416562552982,0.21039204291764557,0.040520445374472254,1074
attack2,v2jupack_lag1,-2.8137200355529783,Contracts Expression,1,0.2743300407002212,0.0880805368460075,0.5967095098312323,0.13859566274242655,1074
attack2,v2jupack_lag1,-2.8137200355529783,Expands Expression,3,0.6281043405990306,0.3928833613916603,0.8150846910342048,0.11432988467383659,1074
attack2,v2jupack_lag1,-2.707960033416748,Mixed Outcome,2,0.09975439609983572,0.04396675826073692,0.21072611099203722,0.04029327586874767,1074
attack2,v2jupack_lag1,-2.707960033416748,Contracts Expression,1,0.2731534668466712,0.09015718187578113,0.5876730371746232,0.1350339963036862,1074
attack2,v2jupack_lag1,-2.707960033416748,Expands Expression,3,0.6270921370534943,0.39889863345001714,0.8099338583304837,0.1109386612569268,1074
attack2,v2jupack_lag1,-2.6022000312805176,Mixed Outcome,2,0.10198653099018135,0.04599210845386344,0.21107020961095013,0.04003928712547852,1074
attack2,v2jupack_lag1,-2.6022000312805176,Contracts Expression,1,0.2719668996325858,0.09227039248808004,0.5785663624466959,0.13148684479351516,1074
attack2,v2jupack_lag1,-2.6022000312805176,Expands Expression,3,0.6260465693772366,0.4048379943419085,0.8047001492876831,0.10757896952786301,1074
attack2,v2jupack_lag1,-2.496440029144287,Mixed Outcome,2,0.10426262768650742,0.04810308120523356,0.21142485952648893,0.03975787813142113,1074
attack2,v2jupack_lag1,-2.496440029144287,Contracts Expression,1,0.27077022715490856,0.0944201305932684,0.5693953486379679,0.12795466301416464,1074
attack2,v2jupack_lag1,-2.496440029144287,Expands Expression,3,0.6249671451585872,0.4106956154324693,0.7993860174658435,0.10425173390536814,1074
attack2,v2jupack_lag1,-2.390680027008057,Mixed Outcome,2,0.10658328749549473,0.050302569795655956,0.2117906378563891,0.039448473168612185,1074
attack2,v2jupack_lag1,-2.390680027008057,Contracts Expression,1,0.26956333954034284,0.09660630009573014,0.5601661093066961,0.12443793571810953,1074
attack2,v2jupack_lag1,-2.390680027008057,Expands Expression,3,0.623853372964164,0.41646573702155826,0.7939941673140426,0.10095791884061678,1074
attack2,v2jupack_lag1,-2.284920024871826,Mixed Outcome,2,0.10894910809379378,0.052593486082335814,0.21216818570293167,0.039110526789301416,1074
attack2,v2jupack_lag1,-2.284920024871826,Contracts Expression,1,0.26834612911744965,0.09882874032924546,0.550885003803559,0.12093718080830262,1074
attack2,v2jupack_lag1,-2.284920024871826,Expands Expression,3,0.6227047627887565,0.42214266762467656,0.7885275624720625,0.09769853380232259,1074
attack2,v2jupack_lag1,-2.1791600227355956,Mixed Outcome,2,0.11136068288302521,0.05497874904667017,0.21255821701383584,0.03874352948659949,1074
attack2,v2jupack_lag1,-2.1791600227355956,Contracts Expression,1,0.2671184905935626,0.10108721856105553,0.5415586323979457,0.11745295301665576,1074
attack2,v2jupack_lag1,-2.1791600227355956,Expands Expression,3,0.6215208265234081,0.4277207804243566,0.782989434978082,0.09447463916552366,1074
attack2,v2jupack_lag1,-2.0734000205993652,Mixed Outcome,2,0.11381860032172932,0.057461271317277504,0.2129615289207411,0.03834701418194271,1074
attack2,v2jupack_lag1,-2.0734000205993652,Contracts Expression,1,0.26588032123653293,0.1033814213937957,0.5321938315168249,0.11398584814837605,1074
attack2,v2jupack_lag1,-2.0734000205993652,Expands Expression,3,0.6203010784417351,0.43319450653550046,0.777383295712835,0.09128735317393244,1074
attack2,v2jupack_lag1,-1.9676400184631349,Mixed Outcome,2,0.11632344323428699,0.06004394333963381,0.2133790138419465,0.037920563676326936,1074
attack2,v2jupack_lag1,-1.9676400184631349,Contracts Expression,1,0.2646315210610868,0.10571094485807704,0.5227976693518028,0.11053650799822186,1074
attack2,v2jupack_lag1,-1.9676400184631349,Expands Expression,3,0.6190450357046274,0.43855832468444356,0.7717129464767282,0.08813786017391755,1074
attack2,v2jupack_lag1,-1.8618800163269045,Mixed Outcome,2,0.11887578809689629,0.06272961480001141,0.2138116736986942,0.0374638192441162,1074
attack2,v2jupack_lag1,-1.8618800163269045,Contracts Expression,1,0.2633719930198545,0.10807528294374615,0.5133774421436015,0.10710562606767837,1074
attack2,v2jupack_lag1,-1.8618800163269045,Expands Expression,3,0.6177522188832536,0.4438067468286554,0.7659824941857721,0.0850274203607514,1074
attack2,v2jupack_lag1,-1.7561200141906739,Mixed Outcome,2,0.12147620430074622,0.06552107283277882,0.2142606366723379,0.036976490587893006,1074
attack2,v2jupack_lag1,-1.7561200141906739,Contracts Expression,1,0.2621016431988138,0.11047381426254886,0.5039406715151137,0.10369395423977083,1074
attack2,v2jupack_lag1,-1.7561200141906739,Expands Expression,3,0.6164221525004401,0.44893429917556726,0.760196367763209,0.08195738131844796,1074
attack2,v2jupack_lag1,-1.6503600120544435,Mixed Outcome,2,0.12412525339260279,0.06842101644276544,0.214727177026853,0.03645836742219599,1074
attack2,v2jupack_lag1,-1.6503600120544435,Contracts Expression,1,0.26082038101713817,0.11290578646362395,0.4944951033066884,0.10030231060569968,1074
attack2,v2jupack_lag1,-1.6503600120544435,Expands Expression,3,0.6150543655902602,0.45393549795005045,0.7543593384272218,0.07892919169505828,1074
attack2,v2jupack_lag1,-1.544600009918213,Mixed Outcome,2,0.12682348829305437,0.07143202645355255,0.21521273864188262,0.035909333015488945,1074
attack2,v2jupack_lag1,-1.544600009918213,Contracts Expression,1,0.25952811943118287,0.1153702979389175,0.48504870845380443,0.09693158867883848,1074
attack2,v2jupack_lag1,-1.544600009918213,Expands Expression,3,0.6136483922757638,0.458804819161761,0.7484765441961977,0.07594441741095304,1074
attack2,v2jupack_lag1,-1.4388400077819825,Mixed Outcome,2,0.12957145249278992,0.07455653014197423,0.21571896305291965,0.03532938009671747,1074
attack2,v2jupack_lag1,-1.4388400077819825,Contracts Expression,1,0.25822477514252734,0.11786627624434937,0.4756096865688704,0.09358276828958781,1074
attack2,v2jupack_lag1,-1.4388400077819825,Expands Expression,3,0.6122037723646804,0.46353666147413675,0.742553519595372,0.07300476087838324,1074
attack2,v2jupack_lag1,-1.3330800056457521,Mixed Outcome,2,0.1323696792273212,0.07779675953145423,0.21624772298375083,0.034718629628897296,1074
attack2,v2jupack_lag1,-1.3330800056457521,Contracts Expression,1,0.2569102688098476,0.12039245252353077,0.4661864730348701,0.09025692852575705,1074
attack2,v2jupack_lag1,-1.3330800056457521,Expands Expression,3,0.6107200519628363,0.46812530112718925,0.7365962317161382,0.07011208379168828,1074
attack2,v2jupack_lag1,-1.2273200035095215,Mixed Outcome,2,0.13521869063062764,0.08115470208287011,0.21680116259158716,0.03407735307216843,1074
attack2,v2jupack_lag1,-1.2273200035095215,Contracts Expression,1,0.25558452526441433,0.12294733105178297,0.4567877505851952,0.08695526316703014,1074
attack2,v2jupack_lag1,-1.2273200035095215,Expands Expression,3,0.6091967841049551,0.47256483768678287,0.730611123972507,0.06726843414335802,1074
attack2,v2jupack_lag1,-1.121560001373291,Mixed Outcome,2,0.1381189968683369,0.08463204222957697,0.21738174594036744,0.03340599890897602,1074
attack2,v2jupack_lag1,-1.121560001373291,Contracts Expression,1,0.25424747372895434,0.12552915278847662,0.4474224665898616,0.08367909918290943,1074
attack2,v2jupack_lag1,-1.121560001373291,Expands Expression,3,0.6076335294027132,0.4768491292016062,0.7246051691041879,0.06447607822309966,1074
attack2,v2jupack_lag1,-1.0157999992370605,Mixed Outcome,2,0.14107109525107123,0.08823009184164582,0.21799231558125842,0.03270522438974307,1074
attack2,v2jupack_lag1,-1.0157999992370605,Contracts Expression,1,0.25289904803968005,0.12813585155360052,0.4380998575307593,0.08042991899832129,1074
attack2,v2jupack_lag1,-1.0157999992370605,Expands Expression,3,0.6060298567092496,0.4809717151490594,0.7185859331850775,0.06173753846264471,1074
attack2,v2jupack_lag1,-0.9100399971008302,Mixed Outcome,2,0.14407546932872592,0.09194970725704955,0.21863616357128918,0.03197593368773796,1074
attack2,v2jupack_lag1,-0.9100399971008302,Contracts Expression,1,0.25153918687117666,0.13076500107735117,0.42882948252918207,0.07720938742172151,1074
attack2,v2jupack_lag1,-0.9100399971008302,Expands Expression,3,0.6043853438000962,0.4849257253763257,0.7125616525821924,0.0590556380825089,1074
attack2,v2jupack_lag1,-0.8042799949645998,Mixed Outcome,2,0.14713258796652504,0.09579118997233622,0.21931711781034618,0.0312193239323463,1074
attack2,v2jupack_lag1,-0.8042799949645998,Contracts Expression,1,0.2501678339638497,0.13341375071959594,0.4196212682343548,0.07401938435869534,1074
attack2,v2jupack_lag1,-0.8042799949645998,Expands Expression,3,0.6026995780696225,0.48870377312397156,0.7065413259349181,0.05643355356095817,1074
attack2,v2jupack_lag1,-0.6985199928283694,Mixed Outcome,2,0.15024290440378096,0.0997541674305571,0.22003964723711533,0.030436940927121073,1074
attack2,v2jupack_lag1,-0.6985199928283694,Contracts Expression,1,0.24878493835359602,0.13607874707119788,0.41048556796885094,0.07086204473302242,1074
attack2,v2jupack_lag1,-0.6985199928283694,Expands Expression,3,0.6009721572426272,0.49229783022485774,0.7005348232247511,0.05387487594664586,1074
attack2,v2jupack_lag1,-0.592759990692139,Mixed Outcome,2,0.15340685529639114,0.10383744957972632,0.22080899019568984,0.029630746752882423,1074
attack2,v2jupack_lag1,-0.592759990692139,Contracts Expression,1,0.24739045460340156,0.13875603790411276,0.40143323877424136,0.06773980741812526,1074
attack2,v2jupack_lag1,-0.592759990692139,Expands Expression,3,0.5992026901002018,0.4956990828249362,0.6945530137555479,0.051383681910798215,1074
attack2,v2jupack_lag1,-0.4869999885559082,Mixed Outcome,2,0.1566248597441991,0.10803885602365389,0.2216313111430259,0.028803201895113515,1074
attack2,v2jupack_lag1,-0.4869999885559082,Contracts Expression,1,0.24598434303646083,0.14144095400049647,0.39247574093170684,0.06465547545857846,1074
attack2,v2jupack_lag1,-0.4869999885559082,Expands Expression,3,0.5973907972193345,0.4988977666296899,0.6886079142079343,0.0489646151038529,1074
attack2,v2jupack_lag1,-0.3812399864196778,Mixed Outcome,2,0.15989731830445497,0.11235500771389538,0.22251389174957406,0.02795736498621197,1074
attack2,v2jupack_lag1,-0.3812399864196778,Contracts Expression,1,0.24456656997042642,0.1441279632179549,0.38362526569951966,0.06161229045888047,1074
attack2,v2jupack_lag1,-0.3812399864196778,Expands Expression,3,0.5955361117251148,0.5018829820417945,0.6827128565701241,0.046622977691372976,1074
attack2,v2jupack_lag1,-0.27547998428344744,Mixed Outcome,2,0.1632246119927028,0.11678107638915373,0.2234653631970805,0.027097013638906552,1074
attack2,v2jupack_lag1,-0.27547998428344744,Contracts Expression,1,0.24313710795237672,0.14681048968854907,0.37489489847472884,0.05861402476385167,1074
attack2,v2jupack_lag1,-0.27547998428344744,Expands Expression,3,0.5936382800549204,0.5046424919640958,0.676882673334533,0.044364830720317806,1074
attack2,v2jupack_lag1,-0.16971998214721706,Mixed Outcome,2,0.16660710127253994,0.12131048465484139,0.22449598680199817,0.02622679001594067,1074
attack2,v2jupack_lag1,-0.16971998214721706,Contracts Expression,1,0.24169593599409378,0.14948068932279676,0.3662988262969484,0.055665095932340515,1074
attack2,v2jupack_lag1,-0.16971998214721706,Expands Expression,3,0.5916969627333639,0.5071625091162948,0.6711338932738703,0.04219709989386861,1074
attack2,v2jupack_lag1,-0.06395998001098668,Mixed Outcome,2,0.1700451250357662,0.12593455026228112,0.22561798943800482,0.025352374451929595,1074
attack2,v2jupack_lag1,-0.06395998001098668,Contracts Expression,1,0.2402430398071256,0.15212917080156785,0.3578526006015896,0.05277070902172533,1074
attack2,v2jupack_lag1,-0.06395998001098668,Expands Expression,3,0.5897118351571087,0.5094274860500573,0.6654849347653047,0.04012768010546645,1074
attack2,v2jupack_lag1,0.04180002212524414,Mixed Outcome,2,0.17353899957459754,0.13064207075034404,0.2268459576409137,0.024480689129134345,1074
attack2,v2jupack_lag1,0.04180002212524414,Contracts Expression,1,0.23877841203719863,0.1547446491836036,0.3495734681760058,0.04993703324759025,1074
attack2,v2jupack_lag1,0.04180002212524414,Expands Expression,3,0.5876825883882023,0.5114199304960143,0.6599562741769075,0.03816552726672255,1074
attack2,v2jupack_lag1,0.14756002426147452,Mixed Outcome,2,0.17708901754767475,0.13541885071280077,0.22819728819232252,0.023620130714417778,1074
attack2,v2jupack_lag1,0.14756002426147452,Contracts Expression,1,0.23730205249744357,0.15731351754092512,0.34148078498245854,0.04717142045724586,1074
attack2,v2jupack_lag1,0.14756002426147452,Expands Expression,3,0.58560892995488,0.513120281750873,0.6545705537463424,0.036320719295002774,1074
attack2,v2jupack_lag1,0.2533200263977049,Mixed Outcome,2,0.18069544694174916,0.14024718590882357,0.22969268103964655,0.022780824789412436,1074
attack2,v2jupack_lag1,0.2533200263977049,Contracts Expression,1,0.23581396839991173,0.1598193215828981,0.33359652795016603,0.04448267308211843,1074
attack2,v2jupack_lag1,0.2533200263977049,Expands Expression,3,0.5834905846583364,0.5145069004213675,0.6493525767627033,0.03460445964884348,1074
attack2,v2jupack_lag1,0.3590800285339353,Mixed Outcome,2,0.18435853003097366,0.14510533942136045,0.23135663943837692,0.021974884229184203,1074
attack2,v2jupack_lag1,0.3590800285339353,Contracts Expression,1,0.23431417458482445,0.16224212480442796,0.32594591726457917,0.04188136791851552,1074
attack2,v2jupack_lag1,0.3590800285339353,Expands Expression,3,0.581327295384204,0.5155562421777615,0.6443291195162085,0.03302898743041175,1074
attack2,v2jupack_lag1,0.46484003067016566,Mixed Outcome,2,0.18807848233590624,0.14996707852437965,0.23321790876281068,0.021216636655768735,1074
attack2,v2jupack_lag1,0.46484003067016566,Contracts Expression,1,0.23280269374696747,0.1645577606415554,0.31855815271640875,0.03938023751137686,1074
attack2,v2jupack_lag1,0.46484003067016566,Expands Expression,3,0.5791188239171263,0.5162433013739165,0.6395284742627364,0.0316073502861423,1074
attack2,v2jupack_lag1,0.5706000328063965,Mixed Outcome,2,0.19185549158437742,0.1548013886290872,0.2353097377396728,0.02052276180313271,1074
attack2,v2jupack_lag1,0.5706000328063965,Contracts Expression,1,0.23127955665865357,0.16673698908260937,0.3114672467042209,0.036994600208490554,1074
attack2,v2jupack_lag1,0.5706000328063965,Expands Expression,3,0.5768649517569691,0.5165424132691586,0.6349796345602633,0.030352994814627377,1074
attack2,v2jupack_lag1,0.6763600349426269,Mixed Outcome,2,0.19568971667648366,0.15957253847438074,0.23766978808093242,0.019912250204417864,1074
attack2,v2jupack_lag1,0.6763600349426269,Contracts Expression,1,0.22974480238861902,0.16874461711223365,0.30471289454821227,0.03474280854050544,1074
attack2,v2jupack_lag1,0.6763600349426269,Expands Expression,3,0.5745654809348946,0.5164284805438265,0.6307110573630649,0.029279140865605964,1074
attack2,v2jupack_lag1,0.7821200370788572,Mixed Outcome,2,0.19958128665610592,0.1642407213873979,0.24033946785030982,0.01940606883156269,1074
attack2,v2jupack_lag1,0.7821200370788572,Contracts Expression,1,0.22819847851620367,0.17053871731037726,0.2983412478106934,0.03264664730968314,1074
attack2,v2jupack_lag1,0.7821200370788572,Expands Expression,3,0.5722202348276889,0.5158786266778735,0.6267489993690434,0.02839793821181434,1074
attack2,v2jupack_lag1,0.8878800392150881,Mixed Outcome,2,0.2035302996913769,0.16876350362874912,0.24336245772539428,0.019026416215194412,1074
attack2,v2jupack_lag1,0.8878800392150881,Contracts Expression,1,0.22664064134022172,0.17207019825432962,0.29240533699319676,0.03073155183986807,1074
attack2,v2jupack_lag1,0.8878800392150881,Expands Expression,3,0.5698290589683995,0.5148741702401951,0.6231155336226738,0.027719459325657125,1074
attack2,v2jupack_lag1,0.993640041351318,Mixed Outcome,2,0.2075368220667014,0.17309821768280803,0.24678229248994404,0.018795497118396436,1074
attack2,v2jupack_lag1,0.993640041351318,Contracts Expression,1,0.22507135608176737,0.17328314254870253,0.28696472778882565,0.029026434017154174,1074
attack2,v2jupack_lag1,0.993640041351318,Expands Expression,3,0.5673918218515318,0.5134026773793974,0.6198264891188257,0.027250651671423893,1074
attack2,v2jupack_lag1,1.0994000434875488,Mixed Outcome,2,0.21160088718891681,0.17720520168612344,0.2506390967737913,0.018733867528796945,1074
attack2,v2jupack_lag1,1.0994000434875488,Contracts Expression,1,0.22349069708034236,0.17411649177818286,0.28208383159078504,0.027562820241644692,1074
attack2,v2jupack_lag1,1.0994000434875488,Expands Expression,3,0.5649084157307381,0.5114597327566994,0.6168896731888879,0.026994432616481528,1074
attack2,v2jupack_lag1,1.2051600456237788,Mixed Outcome,2,0.21572249461035944,0.18105143137160135,0.2549659288888353,0.018858581596515066,1074
attack2,v2jupack_lag1,1.2051600456237788,Contracts Expression,1,0.2218987479825838,0.17450770313676137,0.27782824549290136,0.026372982096559996,1074
attack2,v2jupack_lag1,1.2051600456237788,Expands Expression,3,0.5623787574070621,0.5090500383877965,0.6143037672103707,0.02694912584866957,1074
attack2,v2jupack_lag1,1.3109200477600096,Mixed Outcome,2,0.21990160907159725,0.18461376373816268,0.2597855137915904,0.019181538795515235,1074
attack2,v2jupack_lag1,1.3109200477600096,Contracts Expression,1,0.22029560192287606,0.17439872235205353,0.27425877714183333,0.025486883374147982,1074
attack2,v2jupack_lag1,1.3109200477600096,Expands Expression,3,0.5598027890055265,0.5061875525943988,0.6120581834336343,0.027108385973356207,1074
attack2,v2jupack_lag1,1.4166800498962404,Mixed Outcome,2,0.22413815956672423,0.18788093691671992,0.26510822095265396,0.01970846739661578,1074
attack2,v2jupack_lag1,1.4166800498962404,Contracts Expression,1,0.2186813616951611,0.173743822401762,0.2714236049199546,0.024928172797385784,1074
attack2,v2jupack_lag1,1.4166800498962404,Expands Expression,3,0.5571804787381209,0.5028946023414372,0.6101339496316801,0.027461645449041873,1074
attack2,v2jupack_lag1,1.5224400520324703,Mixed Outcome,2,0.2284320384341017,0.19085378366775949,0.27093182995936116,0.020438820403547373,1074
attack2,v2jupack_lag1,1.5224400520324703,Contracts Expression,1,0.21705613991517364,0.17251766054095719,0.2693502209015313,0.024710062723413716,1074
attack2,v2jupack_lag1,1.5224400520324703,Expands Expression,3,0.5545118216507265,0.4992001569206176,0.6085054335801265,0.027994988351877328,1074
attack2,v2jupack_lag1,1.6282000541687012,Mixed Outcome,2,0.2327831004755791,0.19354369984584843,0.27724304278390444,0.0213665620974161,1074
attack2,v2jupack_lag1,1.6282000541687012,Contracts Expression,1,0.21542005917247053,0.17072098055112425,0.2680397296374406,0.02483240687706774,1074
attack2,v2jupack_lag1,1.6282000541687012,Expands Expression,3,0.5517968403519489,0.4951376317722353,0.6071425385335077,0.028692263379808364,1074
attack2,v2jupack_lag1,1.733960056304931,Mixed Outcome,2,0.23719116210713523,0.19596994462046313,0.28402016619942094,0.022481550242164094,1074
attack2,v2jupack_lag1,1.733960056304931,Contracts Expression,1,0.21377325217141335,0.16838167350331287,0.26746578942652377,0.025281144699954707,1074
attack2,v2jupack_lag1,1.733960056304931,Expands Expression,3,0.5490355857214538,0.4907426346636707,0.6060129574243454,0.029536226392023787,1074
attack2,v2jupack_lag1,1.839720058441162,Mixed Outcome,2,0.24165600054407282,0.19815656688508554,0.2912361701833756,0.023771108195186567,1074
attack2,v2jupack_lag1,1.839720058441162,Contracts Expression,1,0.2121158618604797,0.16555064865776528,0.26757874440147705,0.026030393503633294,1074
attack2,v2jupack_lag1,1.839720058441162,Expands Expression,3,0.5462281375954456,0.48605098423084003,0.6050841557141697,0.030509544637549083,1074
attack2,v2jupack_lag1,1.9454800605773919,Mixed Outcome,2,0.24617735302379862,0.20012962501165113,0.29886145541866765,0.02522144636757324,1074
attack2,v2jupack_lag1,1.9454800605773919,Contracts Expression,1,0.21044804154912566,0.16229411259367468,0.26831334928404876,0.027046374561062257,1074
attack2,v2jupack_lag1,1.9454800605773919,Expands Expression,3,0.5433746054270763,0.4810971861346902,0.6043248975704733,0.031595568516827884,1074
attack2,v2jupack_lag1,2.0512400627136227,Mixed Outcome,2,0.2507549160692878,0.20191506433258913,0.3068659657701545,0.026818747163974494,1074
attack2,v2jupack_lag1,2.0512400627136227,Contracts Expression,1,0.20876995501152307,0.15868494924800436,0.2695973940683944,0.028291800433306865,1074
attack2,v2jupack_lag1,2.0512400627136227,Expands Expression,3,0.5404751289191869,0.47591341183912894,0.6037062702794814,0.03277884809257276,1074
attack2,v2jupack_lag1,2.1570000648498535,Mixed Outcome,2,0.2553883447963273,0.2035373282463743,0.31522057008764703,0.028549874838409366,1074
attack2,v2jupack_lag1,2.1570000648498535,Contracts Expression,1,0.20708177657643695,0.15479546884759962,0.2713589605944287,0.029729566905637453,1074
attack2,v2jupack_lag1,2.1570000648498535,Expands Expression,3,0.5375298786272328,0.47052892820285874,0.6032022586122744,0.034045420806865165,1074
attack3,v2jureform_lag1,-3.2809998989105225,Mixed Outcome,2,0.14098418836349152,0.06686938654027488,0.27319443290374296,0.05120379195989183,1074
attack3,v2jureform_lag1,-3.2809998989105225,Contracts Expression,1,0.14770226059006056,0.06345681026283512,0.3071156441167469,0.060317262288686245,1074
attack3,v2jureform_lag1,-3.2809998989105225,Expands Expression,3,0.7113135510464417,0.5588664156930607,0.8273528910701441,0.06969438686103209,1074
attack3,v2jureform_lag1,-3.1684799003601074,Mixed Outcome,2,0.1431393480551687,0.06957322464210854,0.27177218208352866,0.05030056629332155,1074
attack3,v2jureform_lag1,-3.1684799003601074,Contracts Expression,1,0.15001856481198736,0.06642607197686125,0.3044956661493005,0.059104339550759236,1074
attack3,v2jureform_lag1,-3.1684799003601074,Expands Expression,3,0.7068420871328419,0.5589062076316762,0.8210485347418425,0.06802019999511008,1074
attack3,v2jureform_lag1,-3.0559599018096923,Mixed Outcome,2,0.1453133129495308,0.07236515363412986,0.270364856907005,0.04936748778433629,1074
attack3,v2jureform_lag1,-3.0559599018096923,Contracts Expression,1,0.15235629416394247,0.06950931354362665,0.30190857700374624,0.05785307812132328,1074
attack3,v2jureform_lag1,-3.0559599018096923,Expands Expression,3,0.7023303928865308,0.5589197879726379,0.8145816901029113,0.06630819359386311,1074
attack3,v2jureform_lag1,-2.9434399032592773,Mixed Outcome,2,0.14750581470424623,0.07524604074676468,0.2689742256190969,0.048405190851567866,1074
attack3,v2jureform_lag1,-2.9434399032592773,Contracts Expression,1,0.15471518856157324,0.07270816156302241,0.29935720014142814,0.05656449865472416,1074
attack3,v2jureform_lag1,-2.9434399032592773,Expands Expression,3,0.6977789967341802,0.5589042805955352,0.8079541922097978,0.06456031517514965,1074
attack3,v2jureform_lag1,-2.8309199047088622,Mixed Outcome,2,0.14971657145487363,0.0782164960844144,0.2676023095752417,0.047414455779253746,1074
attack3,v2jureform_lag1,-2.8309199047088622,Contracts Expression,1,0.15709497334595476,0.07602385875006686,0.2968447448795594,0.055239847031704786,1074
attack3,v2jureform_lag1,-2.8309199047088622,Expands Expression,3,0.6931884551991654,0.5588563953692222,0.8011686221808147,0.06277878559312776,1074
attack3,v2jureform_lag1,-2.718399906158447,Mixed Outcome,2,0.1519452878233797,0.0812768250755492,0.2662514251264018,0.04639623022180259,1074
attack3,v2jureform_lag1,-2.718399906158447,Contracts Expression,1,0.15949535927081063,0.07945718248621216,0.29437487493709885,0.05388062989662599,1074
attack3,v2jureform_lag1,-2.718399906158447,Expands Expression,3,0.6885593529058063,0.5587723549887312,0.7942284012384955,0.06096613703476679,1074
attack3,v2jureform_lag1,-2.605879907608032,Mixed Outcome,2,0.1541916549449115,0.08442697274318577,0.2649242333406845,0.045351654666367425,1074
attack3,v2jureform_lag1,-2.605879907608032,Contracts Expression,1,0.161916042509038,0.08300834832263504,0.291951790986355,0.052488657299341525,1074
attack3,v2jureform_lag1,-2.605879907608032,Expands Expression,3,0.6838923025460514,0.5586478068700191,0.7871378992062187,0.059125258564677555,1074
attack3,v2jureform_lag1,-2.493359909057617,Mixed Outcome,2,0.1564553505132193,0.08766645819395959,0.2636237991619653,0.04428209266954651,1074
attack3,v2jureform_lag1,-2.493359909057617,Contracts Expression,1,0.16435670467898308,0.08667689529126672,0.2895803303419414,0.05106609404032046,1074
attack3,v2jureform_lag1,-2.493359909057617,Expands Expression,3,0.6791879448077975,0.5584777167926216,0.7799025605806663,0.05725945091302979,1074
attack3,v2jureform_lag1,-2.380839910507202,Mixed Outcome,2,0.15873603884509485,0.09099429739706931,0.26235366193432974,0.043189166852351336,1074
attack3,v2jureform_lag1,-2.380839910507202,Contracts Expression,1,0.16681701289083561,0.09046154918494063,0.28726608761982525,0.04961552167671706,1074
attack3,v2jureform_lag1,-2.380839910507202,Expands Expression,3,0.674446948264065,0.5582562402653015,0.7725290520071955,0.05537249256949776,1074
attack3,v2jureform_lag1,-2.2683199119567874,Mixed Outcome,2,0.16103337096412118,0.09440891194374022,0.2611179196038286,0.04207480183327973,1074
attack3,v2jureform_lag1,-2.2683199119567874,Contracts Expression,1,0.16929661981356228,0.09436005914853668,0.28501556103208037,0.04814001357228355,1074
attack3,v2jureform_lag1,-2.2683199119567874,Expands Expression,3,0.6696700092223107,0.5579765667700718,0.7650254357968832,0.053468719668828296,1074
attack3,v2jureform_lag1,-2.155799913406372,Mixed Outcome,2,0.1633469847040039,0.09790802104810453,0.25992132934039525,0.0409412755001935,1074
attack3,v2jureform_lag1,-2.155799913406372,Contracts Expression,1,0.17179516376265225,0.09836900199969327,0.2828363299110657,0.046643225851024615,1074
attack3,v2jureform_lag1,-2.155799913406372,Expands Expression,3,0.6648578515333423,0.5576307311541212,0.7574013750053189,0.05155312261179999,1074
attack3,v2jureform_lag1,-2.0432799148559573,Mixed Outcome,2,0.16567650483172677,0.10148851358658371,0.2587694277886962,0.03979128026031622,1074
attack3,v2jureform_lag1,-2.0432799148559573,Contracts Expression,1,0.17431226880898174,0.102483547708389,0.28073727006252663,0.04512950762899613,1074
attack3,v2jureform_lag1,-2.0432799148559573,Expands Expression,3,0.6600112263592895,0.5572093855563582,0.749668376470429,0.04963146282328905,1074
attack3,v2jureform_lag1,-1.930759916305542,Mixed Outcome,2,0.1680215431907066,0.10514629651244851,0.2576686746191867,0.038627996144893435,1074
attack3,v2jureform_lag1,-1.930759916305542,Contracts Expression,1,0.17684754490905502,0.1066971785424063,0.278728814473892,0.043604034377567075,1074
attack3,v2jureform_lag1,-1.930759916305542,Expands Expression,3,0.6551309119002355,0.556701524582289,0.7418400788819638,0.04771041340377094,1074
attack3,v2jureform_lag1,-1.818239917755127,Mixed Outcome,2,0.1703816988640858,0.10887611559934506,0.2566266234361899,0.03745517784334722,1074
attack3,v2jureform_lag1,-1.818239917755127,Contracts Expression,1,0.17940058805671585,0.1110013537512623,0.2768232675588538,0.042072968609220336,1074
attack3,v2jureform_lag1,-1.818239917755127,Expands Expression,3,0.6502177130791957,0.5560941562742183,0.7339325931202586,0.045797727529102786,1074
attack3,v2jureform_lag1,-1.7057199192047119,Mixed Outcome,2,0.17275655835825926,0.11267134429994878,0.2556521242692196,0.03627725783067523,1074
attack3,v2jureform_lag1,-1.7057199192047119,Contracts Expression,1,0.18197098045658816,0.11538511178618248,0.27503518100206864,0.04054365202693812,1074
attack3,v2jureform_lag1,-1.7057199192047119,Expands Expression,3,0.6452724611851528,0.555371912423296,0.7259649011102423,0.04390243796281718,1074
attack3,v2jureform_lag1,-1.5931999206542968,Mixed Outcome,2,0.17514569580665254,0.11652373678722121,0.25475556159580603,0.035099467613020074,1074
attack3,v2jureform_lag1,-1.5931999206542968,Contracts Expression,1,0.18455829071921248,0.1198346037106583,0.2733817976309291,0.039024832453222136,1074
attack3,v2jureform_lag1,-1.5931999206542968,Expands Expression,3,0.6402960134741335,0.5545165949352705,0.7179593162784595,0.042035089454695966,1074
attack3,v2jureform_lag1,-1.4806799221038818,Mixed Outcome,2,0.1775486731937744,0.12042314236817549,0.2539491307235676,0.03392797854934007,1074
attack3,v2jureform_lag1,-1.4806799221038818,Contracts Expression,1,0.18716207407796415,0.12433255598991685,0.27188356521783996,0.03752692656488289,1074
attack3,v2jureform_lag1,-1.4806799221038818,Expands Expression,3,0.6352892527282608,0.5535066619926069,0.7099420016810557,0.04020800224396269,1074
attack3,v2jureform_lag1,-1.3681599235534667,Mixed Outcome,2,0.17996504059944157,0.12435718103224833,0.25324715279039545,0.03277006240262796,1074
attack3,v2jureform_lag1,-1.3681599235534667,Contracts Expression,1,0.18978187262771562,0.12885767032645934,0.2705647126530638,0.03606231465528259,1074
attack3,v2jureform_lag1,-1.3681599235534667,Expands Expression,3,0.6302530867728444,0.5523166711993389,0.701943528443217,0.03843555806639779,1074
attack3,v2jureform_lag1,-1.2556399250030519,Mixed Outcome,2,0.18239433646308914,0.1283108848314634,0.2526664237092863,0.03163426926653575,1074
attack3,v2jureform_lag1,-1.2556399250030519,Contracts Expression,1,0.19241721558513034,0.13338398563723125,0.2694538635254353,0.03464565479778314,1074
attack3,v2jureform_lag1,-1.2556399250030519,Expands Expression,3,0.625188447951784,0.5509167202149239,0.6939994338486174,0.036734488213687445,1074
attack3,v2jureform_lag1,-1.1431199264526368,Mixed Outcome,2,0.18483608786797687,0.1322663183424251,0.2522265838342598,0.030530616163427428,1074
attack3,v2jureform_lag1,-1.1431199264526368,Contracts Expression,1,0.1950676195704728,0.1378802565217547,0.2685846328943029,0.03329418890947131,1074
attack3,v2jureform_lag1,-1.1431199264526368,Expands Expression,3,0.6200962925615494,0.549271962575876,0.6861507012470334,0.03512412426780918,1074
attack3,v2jureform_lag1,-1.0305999279022218,Mixed Outcome,2,0.18728981084507187,0.13620220516386897,0.2519504814236403,0.029470772637015433,1074
attack3,v2jureform_lag1,-1.0305999279022218,Contracts Expression,1,0.19773258891071557,0.14230944727622524,0.26799610836464716,0.03202799048040148,1074
attack3,v2jureform_lag1,-1.0305999279022218,Expands Expression,3,0.6149776002442111,0.5473423302452317,0.6784440301318384,0.03362654470622047,1074
attack3,v2jureform_lag1,-0.9180799293518067,Mixed Outcome,2,0.18975501069630257,0.14009360771854526,0.25186448266433475,0.028468219322507447,1074
attack3,v2jureform_lag1,-0.9180799293518067,Contracts Expression,1,0.2004116159636939,0.146628501597845,0.26773305548944004,0.030870072649815262,1074
attack3,v2jureform_lag1,-0.9180799293518067,Expands Expression,3,0.6098333733400041,0.5450826624425548,0.6709316967555641,0.032266515888131196,1074
attack3,v2jureform_lag1,-0.8055599308013917,Mixed Outcome,2,0.192231182336905,0.14391173501738946,0.2519986536355179,0.027538341535229428,1074
attack3,v2jureform_lag1,-0.8055599308013917,Contracts Expression,1,0.20310418146293927,0.15078861794250328,0.2678456177278332,0.029846239792013507,1074
attack3,v2jureform_lag1,-0.8055599308013917,Expands Expression,3,0.6046646362001544,0.5424435073112854,0.663670738678366,0.031071091696396023,1074
attack3,v2jureform_lag1,-0.6930399322509766,Mixed Outcome,2,0.1947178106563899,0.14762398517833591,0.25238670745839553,0.02669840356257351,1074
attack3,v2jureform_lag1,-0.6930399322509766,Contracts Expression,1,0.20580975488290185,0.15473631462061163,0.2683882270796886,0.028984538261490972,1074
attack3,v2jureform_lag1,-0.6930399322509766,Expands Expression,3,0.5994724344607113,0.5393728919522975,0.6567211677056567,0.03006872116171447,1074
attack3,v2jureform_lag1,-0.5805199337005615,Mixed Outcome,2,0.1972143708977466,0.1511943584820067,0.2530655808918909,0.025967334597370148,1074
attack3,v2jureform_lag1,-0.5805199337005615,Contracts Expression,1,0.20852779482402037,0.15841555870421772,0.26941745153775715,0.028314167122451165,1074
attack3,v2jureform_lag1,-0.5805199337005615,Expands Expression,3,0.5942578342782344,0.5358192852724425,0.6501429867866652,0.029287749323953116,1074
attack3,v2jureform_lag1,-0.4679999351501465,Mixed Outcome,2,0.19972032905434825,0.15458438634254051,0.25407449504204077,0.02536525239741655,1074
attack3,v2jureform_lag1,-0.4679999351501465,Contracts Expression,1,0.21125774941719908,0.16177109275051835,0.2709886455809329,0.02786378113762283,1074
attack3,v2jureform_lag1,-0.4679999351501465,Expands Expression,3,0.5890219215284537,0.5317357399819675,0.6439920245979432,0.028754317540619297,1074
attack3,v2jureform_lag1,-0.3554799365997314,Mixed Outcome,2,0.20223514228400866,0.15775468727706154,0.25545338914964916,0.024912668280730577,1074
attack3,v2jureform_lag1,-0.3554799365997314,Contracts Expression,1,0.21399905674713976,0.16475277753479553,0.27315158575936355,0.02765927926208498,1074
attack3,v2jureform_lag1,-0.3554799365997314,Expands Expression,3,0.5837658009688541,0.5270847819126834,0.6383150197349748,0.028489882136068484,1074
attack3,v2jureform_lag1,-0.24295993804931637,Mixed Outcome,2,0.20475825933958808,0.1606671580761215,0.25724071930554193,0.024629369550249997,1074
attack3,v2jureform_lag1,-0.24295993804931637,Contracts Expression,1,0.2167511452938661,0.16732032254619714,0.27594571985315786,0.0277213993102826,1074
attack3,v2jureform_lag1,-0.24295993804931637,Expands Expression,3,0.5784905953665465,0.5218431363498928,0.6331448649523208,0.02850881380548248,1074
attack3,v2jureform_lag1,-0.13043993949890131,Mixed Outcome,2,0.20728912101548314,0.16328763183307732,0.25947079049062755,0.024533065452541997,1074
attack3,v2jureform_lag1,-0.13043993949890131,Contracts Expression,1,0.21951343439181648,0.1694473876041711,0.2793960465059892,0.028063637113855573,1074
attack3,v2jureform_lag1,-0.13043993949890131,Expands Expression,3,0.5731974445927024,0.516005108279368,0.6284971947215136,0.02881667912545531,1074
attack3,v2jureform_lag1,-0.017919940948486257,Mixed Outcome,2,0.20982716060927448,0.16558862400772748,0.2621710008216296,0.024637990029495568,1074
attack3,v2jureform_lag1,-0.017919940948486257,Contracts Expression,1,0.22228533470575837,0.17112398022841716,0.2835107009470178,0.028691037883842214,1074
attack3,v2jureform_lag1,-0.017919940948486257,Expands Expression,3,0.5678875046849683,0.5095836317918764,0.6243693010708637,0.02940970469564902,1074
attack3,v2jureform_lag1,0.0946000576019288,Mixed Outcome,2,0.2123718043978246,0.16755163499208986,0.2653595295959446,0.024953732936839786,1074
attack3,v2jureform_lag1,0.0946000576019288,Contracts Expression,1,0.22506624872276684,0.1723564942470505,0.28828090156568903,0.029600192359094887,1074
attack3,v2jureform_lag1,0.0946000576019288,Expands Expression,3,0.5625619468794105,0.5026086882140824,0.6207416783797823,0.03027557626246691,1074
attack3,v2jureform_lag1,0.20712005615234386,Mixed Outcome,2,0.2149224721269303,0.1691684881403994,0.2690439902342358,0.025484563727339846,1074
attack3,v2jureform_lag1,0.20712005615234386,Contracts Expression,1,0.22785557125940356,0.17316547943222702,0.29368316779788617,0.030780390479931224,1074
attack3,v2jureform_lag1,0.20712005615234386,Expands Expression,3,0.5572219566136635,0.49512363088956424,0.6175816594765691,0.031395298694532725,1074
attack3,v2jureform_lag1,0.3196400547027589,Mixed Outcome,2,0.21747857751380179,0.17044139770883765,0.2732213537410957,0.026229404977034926,1074
attack3,v2jureform_lag1,0.3196400547027589,Contracts Expression,1,0.23065268998324956,0.17358190571383275,0.29968304600126294,0.032215541816665916,1074
attack3,v2jureform_lag1,0.3196400547027589,Expands Expression,3,0.5518687325029445,0.4871804973751163,0.6148480625754678,0.03274556677413553,1074
attack3,v2jureform_lag1,0.43216005325317397,Mixed Outcome,2,0.22003952876133684,0.17138180586537377,0.27787910358875706,0.02718243367922685,1074
attack3,v2jureform_lag1,0.43216005325317397,Contracts Expression,1,0.2334569859478771,0.17364295908420838,0.3062393064353844,0.03388633288209305,1074
attack3,v2jureform_lag1,0.43216005325317397,Expands Expression,3,0.5465034852907833,0.4788354192719265,0.6124957391598534,0.03430108226842279,1074
attack3,v2jureform_lag1,0.544680051803589,Mixed Outcome,2,0.22260472908339612,0.1720083434135479,0.2829972674480487,0.02833412941663432,1074
attack3,v2jureform_lag1,0.544680051803589,Contracts Expression,1,0.23626783414025002,0.17338824444937473,0.3133077362888166,0.03577217452882478,1074
attack3,v2jureform_lag1,0.544680051803589,Expands Expression,3,0.5411274367763492,0.4701448808153308,0.6104792720335432,0.03603643592860346,1074
attack3,v2jureform_lag1,0.6572000503540041,Mixed Outcome,2,0.22517357724001547,0.17234442067870487,0.288550819387084,0.029672510514926878,1074
attack3,v2jureform_lag1,0.6572000503540041,Contracts Expression,1,0.23908460403961945,0.1728568809900019,0.32084404337807193,0.03785269183217265,1074
attack3,v2jureform_lag1,0.6572000503540041,Expands Expression,3,0.5357418187203616,0.461163114427203,0.6087555356979989,0.03792740886757125,1074
attack3,v2jureform_lag1,0.7697200489044187,Mixed Outcome,2,0.22774546808159096,0.17241591516401347,0.29451198599934253,0.03118431989191174,1074
attack3,v2jureform_lag1,0.7697200489044187,Contracts Expression,1,0.24190666018678195,0.17208559748489596,0.32880576322084976,0.04010870197382441,1074
attack3,v2jureform_lag1,0.7697200489044187,Expands Expression,3,0.5303478717316235,0.45194057033478735,0.6072851823235689,0.039951726412538406,1074
attack3,v2jureform_lag1,0.8822400474548342,Mixed Outcome,2,0.2303197931010193,0.17224926141944727,0.30085215108826957,0.032856004710786244,1074
attack3,v2jureform_lag1,0.8822400474548342,Contracts Expression,1,0.24473336276271027,0.17110769501549017,0.3371533021946007,0.042522748167447284,1074
attack3,v2jureform_lag1,0.8822400474548342,Expands Expression,3,0.524946844136269,0.442523223394417,0.6060332905531451,0.0420893858647897,1074
attack3,v2jureform_lag1,0.9947600460052488,Mixed Outcome,2,0.23289594099270944,0.17187006490673476,0.3075432371942515,0.03467442776734498,1074
attack3,v2jureform_lag1,0.9947600460052488,Contracts Expression,1,0.24756406817539042,0.1699526502741615,0.34585034365491174,0.04507930569652739,1074
attack3,v2jureform_lag1,0.9947600460052488,Expands Expression,3,0.5195399908319008,0.4329524461736171,0.6049694484610015,0.04432269669543855,1074
attack3,v2jureform_lag1,1.1072800445556643,Mixed Outcome,2,0.23547329821739288,0.17130222260852584,0.3145585812842677,0.03662731953959577,1074
attack3,v2jureform_lag1,1.1072800445556643,Contracts Expression,1,0.25039812965375646,0.16864613497456044,0.3548638415755993,0.04776477490552368,1074
attack3,v2jureform_lag1,1.1072800445556643,Expands Expression,3,0.5141285721288512,0.4232652176399113,0.6040675016890609,0.046636150976777556,1074
attack3,v2jureform_lag1,1.219800043106079,Mixed Outcome,2,0.23805124957164986,0.17056745853010538,0.3218733965232173,0.03870351790805244,1074
attack3,v2jureform_lag1,1.219800043106079,Contracts Expression,1,0.2532348978475516,0.16721027250851467,0.3641637805909581,0.0505673526236146,1074
attack3,v2jureform_lag1,1.219800043106079,Expands Expression,3,0.5087138525807996,0.41349450026667317,0.6033051343090661,0.04901620938825054,1074
attack3,v2jureform_lag1,1.3323200416564944,Mixed Outcome,2,0.24062917876101564,0.16968516047311022,0.3294649338112749,0.04089305365270036,1074
attack3,v2jureform_lag1,1.3323200416564944,Contracts Expression,1,0.2560737214319695,0.16566400709574736,0.373722827173198,0.053476845831801005,1074
attack3,v2jureform_lag1,1.3323200416564944,Expands Expression,3,0.5032970998070205,0.4036696775519925,0.6026633907572719,0.051451057910500524,1074
attack3,v2jureform_lag1,1.444840040206909,Mixed Outcome,2,0.24320646897551013,0.1686724139544296,0.33731244727702214,0.043187134968257095,1074
attack3,v2jureform_lag1,1.444840040206909,Contracts Expression,1,0.258913947715828,0.16402350682440303,0.3835159504934702,0.05648446778974396,1074
attack3,v2jureform_lag1,1.444840040206909,Expands Expression,3,0.4978795833086575,0.393816989038785,0.6021262020750017,0.053930367312378234,1074
attack3,v2jureform_lag1,1.5573600387573245,Mixed Outcome,2,0.24578250346654618,0.16754415149310595,0.3453970455609606,0.04557807281163058,1074
attack3,v2jureform_lag1,1.5573600387573245,Contracts Expression,1,0.26175492325212757,0.16230255570343793,0.3935200577371659,0.0595826395931991,1074
attack3,v2jureform_lag1,1.5573600387573245,Expands Expression,3,0.492462573281326,0.38395993043042265,0.601679949156724,0.05644507197895021,1074
attack3,v2jureform_lag1,1.6698800373077392,Mixed Outcome,2,0.24835666612393326,0.16631335935158623,0.3537014868574391,0.048059176698056615,1074
attack3,v2jureform_lag1,1.6698800373077392,Contracts Expression,1,0.2645959944497548,0.1605129120921198,0.40371366637254363,0.06276480876235663,1074
attack3,v2jureform_lag1,1.6698800373077392,Expands Expression,3,0.48704733942631556,0.3741196053097509,0.6013130767644976,0.05898717498708286,1074
attack3,v2jureform_lag1,1.7824000358581547,Mixed Outcome,2,0.25092834205196646,0.16499130399439038,0.3622099554999437,0.0506246402491523,1074
attack3,v2jureform_lag1,1.7824000358581547,Contracts Expression,1,0.26743650818511466,0.15866462450537927,0.41407662217952673,0.06602528948323114,1074
attack3,v2jureform_lag1,1.7824000358581547,Expands Expression,3,0.48163514976291627,0.3643150257927683,0.6010157612124,0.0615495808184089,1074
attack3,v2jureform_lag1,1.8949200344085693,Mixed Outcome,2,0.2534969181433786,0.1635877555758975,0.3709078428223039,0.05326942810430784,1074
attack3,v2jureform_lag1,1.8949200344085693,Contracts Expression,1,0.2702758124125003,0.15676630348731857,0.4245898641286242,0.06935912519186846,1074
attack3,v2jureform_lag1,1.8949200344085693,Expands Expression,3,0.4762272694441195,0.3545633650902675,0.6007796289473623,0.06412595422154832,1074
attack3,v2jureform_lag1,2.0074400329589848,Mixed Outcome,2,0.25606178365003013,0.16211119611052974,0.3797815446764465,0.055989170518676,1074
attack3,v2jureform_lag1,2.0074400329589848,Contracts Expression,1,0.2731132567719595,0.15482535225308866,0.43523523313916546,0.07276197213415452,1074
attack3,v2jureform_lag1,2.0074400329589848,Expands Expression,3,0.470824959578011,0.34488016748371086,0.600597520683422,0.06671060243937023,1074
attack3,v2jureform_lag1,2.1199600315093994,Mixed Outcome,2,0.2586223307492452,0.16056900661920626,0.388818281343687,0.058780068576276094,1074
attack3,v2jureform_lag1,2.1199600315093994,Contracts Expression,1,0.2759481931934766,0.1528481605480768,0.44599531997299774,0.07623000163957301,1074
attack3,v2jureform_lag1,2.1199600315093994,Expands Expression,3,0.46542947605727664,0.3352795219886696,0.6004632949420482,0.06929837761851532,1074
attack3,v2jureform_lag1,2.232480030059815,Mixed Outcome,2,0.26117795510464786,0.15896763157465407,0.3980059415351354,0.06163881088442165,1074
attack3,v2jureform_lag1,2.232480030059815,Contracts Expression,1,0.2787799764963174,0.15084026669017359,0.4568533469664294,0.07975981857858669,1074
attack3,v2jureform_lag1,2.232480030059815,Expands Expression,3,0.46004206839903533,0.32577420582488226,0.6003716649674236,0.07188459628695602,1074
attack3,v2jureform_lag1,2.3450000286102295,Mixed Outcome,2,0.26372805642042324,0.15731272123298723,0.40733294990684027,0.06456250145727697,1074
attack3,v2jureform_lag1,2.3450000286102295,Contracts Expression,1,0.2816079649822794,0.14880649261287165,0.46779307842502166,0.08334839354673224,1074
attack3,v2jureform_lag1,2.3450000286102295,Expands Expression,3,0.4546639785972925,0.31637580323401415,0.6003180635255512,0.07446497306770927,1074
attack4,v2jupurge_lag1,-3.9100000858306885,Mixed Outcome,2,0.07544643909687983,0.025324852685981464,0.2040034427089873,0.040729770878288746,1074
attack4,v2jupurge_lag1,-3.9100000858306885,Contracts Expression,1,0.16942073724070716,0.04113919027633836,0.49232769572558815,0.11193312839125709,1074
attack4,v2jupurge_lag1,-3.9100000858306885,Expands Expression,3,0.755132823662414,0.5055705968667508,0.9029176842494806,0.10414378797077051,1074
attack4,v2jupurge_lag1,-3.772460083961487,Mixed Outcome,2,0.077706912832191,0.02683209595866383,0.20474788168766886,0.04084593673608672,1074
attack4,v2jupurge_lag1,-3.772460083961487,Contracts Expression,1,0.17112876821293746,0.04316801603423115,0.4858115451129327,0.11006691432739546,1074
attack4,v2jupurge_lag1,-3.772460083961487,Expands Expression,3,0.7511643189548739,0.5083890713480919,0.8980830146437982,0.10216434648946068,1074
attack4,v2jupurge_lag1,-3.634920082092285,Mixed Outcome,2,0.08002658888903078,0.02842530261853706,0.20548918597982055,0.040930737118525025,1074
attack4,v2jupurge_lag1,-3.634920082092285,Contracts Expression,1,0.1728357861215835,0.045285182020097924,0.47928940262043945,0.10815623072067695,1074
attack4,v2jupurge_lag1,-3.634920082092285,Expands Expression,3,0.7471376249893835,0.5111154331665124,0.893055528012258,0.10014403752483313,1074
attack4,v2jupurge_lag1,-3.4973800802230834,Mixed Outcome,2,0.08240656169239387,0.030108940310073565,0.2062274799838664,0.04098263162721344,1074
attack4,v2jupurge_lag1,-3.4973800802230834,Contracts Expression,1,0.17454106493926913,0.04749342250223422,0.4727636966070083,0.1062014840168545,1074
attack4,v2jupurge_lag1,-3.4973800802230834,Expands Expression,3,0.7430523733683383,0.5137482916594934,0.8878316702038107,0.0980836851943352,1074
attack4,v2jupurge_lag1,-3.3598400783538818,Mixed Outcome,2,0.08484792117974864,0.03188765288953709,0.2069629304412405,0.04100006656329256,1074
attack4,v2jupurge_lag1,-3.3598400783538818,Contracts Expression,1,0.17624385698673303,0.049795440915104495,0.4662369438553202,0.10420314790670265,1074
attack4,v2jupurge_lag1,-3.3598400783538818,Expands Expression,3,0.7389082218335149,0.5162862455090461,0.8824081977716047,0.09598420436717103,1074
attack4,v2jupurge_lag1,-3.22230007648468,Mixed Outcome,2,0.0873517511891511,0.03376625910621822,0.20769575312737268,0.04098147995317078,1074
attack4,v2jupurge_lag1,-3.22230007648468,Contracts Expression,1,0.1779433929846557,0.05219389323124189,0.45971175831795386,0.10216176868528022,1074
attack4,v2jupurge_lag1,-3.22230007648468,Expands Expression,3,0.7347048558261932,0.51872787048203,0.876782218475451,0.09384660729069214,1074
attack4,v2jupurge_lag1,-3.0847600746154784,Mixed Outcome,2,0.08991912777495696,0.035749749612885705,0.2084262206698826,0.04092530735356787,1074
attack4,v2jupurge_lag1,-3.0847600746154784,Contracts Expression,1,0.17963888214855822,0.05469136902711,0.4531908615377964,0.10007797139547661,1074
attack4,v2jupurge_lag1,-3.0847600746154784,Expands Expression,3,0.7304419900764835,0.5210717051813429,0.8709512342637152,0.09167201114446909,1074
attack4,v2jupurge_lag1,-2.947220072746277,Mixed Outcome,2,0.0925511174514388,0.03784328196850521,0.20915467171665536,0.04082998855733832,1074
attack4,v2jupurge_lag1,-2.947220072746277,Contracts Expression,1,0.18132951232900343,0.057290369910007036,0.4466770950766799,0.09795246691898701,1074
attack4,v2jupurge_lag1,-2.947220072746277,Expands Expression,3,0.7261193702195566,0.5233162344280885,0.8649131869325359,0.08946164671633304,1074
attack4,v2jupurge_lag1,-2.809680070877075,Mixed Outcome,2,0.09524877536481476,0.040052173233114996,0.20988152172686225,0.04069397534700339,1074
attack4,v2jupurge_lag1,-2.809680070877075,Contracts Expression,1,0.18301445019945303,0.05999328491178375,0.4401734353331892,0.09578606020700343,1074
attack4,v2jupurge_lag1,-2.809680070877075,Expands Expression,3,0.7217367744357346,0.5254598698218711,0.8586665067207969,0.08721686843334832,1074
attack4,v2jupurge_lag1,-2.672140069007874,Mixed Outcome,2,0.09801314339454256,0.042381889677696766,0.2106072757223765,0.040515740475216507,1074
attack4,v2jupurge_lag1,-2.672140069007874,Contracts Expression,1,0.1846928414939523,0.06280236236660526,0.433683011246208,0.09357965989638702,1074
attack4,v2jupurge_lag1,-2.672140069007874,Expands Expression,3,0.7172940151115026,0.5275009269086297,0.8522101641927512,0.08493916603975124,1074
attack4,v2jupurge_lag1,-2.5346000671386717,Mixed Outcome,2,0.10084524818507494,0.04483803303735011,0.21133254341787427,0.04029378809213936,1074
attack4,v2jupurge_lag1,-2.5346000671386717,Contracts Expression,1,0.1863638112969249,0.06571967769229017,0.42720912545929773,0.09133428960397151,1074
attack4,v2jupurge_lag1,-2.5346000671386717,Expands Expression,3,0.7127909405180007,0.5294375982605185,0.8455437258727159,0.0826301782787202,1074
attack4,v2jupurge_lag1,-2.3970600652694705,Mixed Outcome,2,0.10374609910954118,0.0474263226189354,0.21205805725106178,0.04002666589169599,1074
attack4,v2jupurge_lag1,-2.3970600652694705,Contracts Expression,1,0.18802646438722287,0.06874709635551383,0.420755279691334,0.08905110127244636,1074
attack4,v2jupurge_lag1,-2.3970600652694705,Expands Expression,3,0.7082274365032373,0.5312679215926609,0.8386674142546298,0.08029170902561744,1074
attack4,v2jupurge_lag1,-2.259520063400269,Mixed Outcome,2,0.10671668616725095,0.05015257242848279,0.21278469396585342,0.039712979315060695,1074
attack4,v2jupurge_lag1,-2.259520063400269,Contracts Expression,1,0.18967988563857868,0.07188623114091668,0.41432520520030264,0.08673139102055183,1074
attack4,v2jupurge_lag1,-2.259520063400269,Expands Expression,3,0.703603428194171,0.5329897418430839,0.8315821730017138,0.07792574642339012,1074
attack4,v2jupurge_lag1,-2.121980061531067,Mixed Outcome,2,0.10975797781726136,0.05302266229985949,0.21351350057125185,0.03935140823546322,1074
attack4,v2jupurge_lag1,-2.121980061531067,Contracts Expression,1,0.19132314047848778,0.07513839262449919,0.40792289947338145,0.08437661807146228,1074
attack4,v2jupurge_lag1,-2.121980061531067,Expands Expression,3,0.6989188817042477,0.5346006658631277,0.8242897384136898,0.07553448571244961,1074
attack4,v2jupurge_lag1,-1.9844400596618654,Mixed Outcome,2,0.11287091875062795,0.05604250177370926,0.21424572571629716,0.038940726658724174,1074
attack4,v2jupurge_lag1,-1.9844400596618654,Contracts Expression,1,0.19295527540750046,0.07850453148327165,0.40155267053808075,0.08198842747112371,1074
attack4,v2jupurge_lag1,-1.9844400596618654,Expands Expression,3,0.6941738058418729,0.5360980080329866,0.816792718567123,0.0731203566183679,1074
attack4,v2jupurge_lag1,-1.8469000577926638,Mixed Outcome,2,0.11605642760441426,0.059217985178819106,0.21498285780427415,0.038479826117320516,1074
attack4,v2jupurge_lag1,-1.8469000577926638,Contracts Expression,1,0.19457531858073962,0.08198517092091266,0.3952191906569884,0.07956867749476673,1074
attack4,v2jupurge_lag1,-1.8469000577926638,Expands Expression,3,0.6893682538148511,0.5374787246892757,0.8090946819574397,0.07068605637979845,1074
attack4,v2jupurge_lag1,-1.709360055923462,Mixed Outcome,2,0.11931539462088687,0.0625549359856596,0.21572667153936823,0.037967743623308355,1074
attack4,v2jupurge_lag1,-1.709360055923462,Contracts Expression,1,0.19618228045345604,0.08558032704347719,0.38892756161586983,0.07711947287067236,1074
attack4,v2jupurge_lag1,-1.709360055923462,Expands Expression,3,0.6845023249256582,0.5387393347120163,0.801200258010248,0.0682345897756099,1074
attack4,v2jupurge_lag1,-1.5718200540542604,Mixed Outcome,2,0.12264867925583743,0.066059038007723,0.21647928508030898,0.03740369529020012,1074
attack4,v2jupurge_lag1,-1.5718200540542604,Contracts Expression,1,0.19777515449211955,0.08928941444319187,0.38268339440067056,0.07464320524989454,1074
attack4,v2jupurge_lag1,-1.5718200540542604,Expands Expression,3,0.679576166252047,0.5398758229358127,0.7931152525142107,0.06576931785998391,1074
attack4,v2jupurge_lag1,-1.4342800521850587,Mixed Outcome,2,0.1260571077403645,0.06973575038216226,0.21724323060942888,0.03678711705617043,1074
attack4,v2jupurge_lag1,-1.4342800521850587,Contracts Expression,1,0.1993529179525853,0.09311113350997817,0.3764929068060915,0.07214260273314017,1074
attack4,v2jupurge_lag1,-1.4342800521850587,Expands Expression,3,0.6745899743070515,0.5408835222121438,0.7848467818771339,0.0632940175448283,1074
attack4,v2jupurge_lag1,-1.296740050315857,Mixed Outcome,2,0.1295414706009029,0.07359020241835953,0.21802154196053797,0.036117714365821264,1074
attack4,v2jupurge_lag1,-1.296740050315857,Contracts Expression,1,0.20091453272653798,0.0970433350477346,0.3703630434632531,0.06962079075130463,1074
attack4,v2jupurge_lag1,-1.296740050315857,Expands Expression,3,0.6695439966725587,0.5417569688861216,0.7764034311778963,0.06081295471398524,1074
attack4,v2jupurge_lag1,-1.1592000484466554,Mixed Outcome,2,0.1331025201428184,0.07762706329698822,0.21881786404936843,0.035395523228253276,1074
attack4,v2jupurge_lag1,-1.1592000484466554,Contracts Expression,1,0.20245894625729904,0.10108285656591343,0.3643016239921834,0.06708136721886902,1074
attack4,v2jupurge_lag1,-1.1592000484466554,Expands Expression,3,0.6644385335998837,0.542489725186127,0.7677954422716574,0.05833097420423825,1074
attack4,v2jupurge_lag1,-1.0216600465774537,Mixed Outcome,2,0.13674096790322304,0.08185038014755906,0.21963659030311217,0.034620985809537264,1074
attack4,v2jupurge_lag1,-1.0216600465774537,Contracts Expression,1,0.20398509252588776,0.10522532309440318,0.35831752651288373,0.06452849566218265,1074
attack4,v2jupurge_lag1,-1.0216600465774537,Expands Expression,3,0.6592739395708875,0.5430741605183589,0.7590349397324273,0.0558536107628925,1074
attack4,v2jupurge_lag1,-0.884120044708252,Mixed Outcome,2,0.14045748207929917,0.08626337612407256,0.22048303619648085,0.03379504469207916,1074
attack4,v2jupurge_lag1,-0.884120044708252,Contracts Expression,1,0.2054918931079615,0.10946490347436004,0.35242091564546135,0.06196702099725326,1074
attack4,v2jupurge_lag1,-0.884120044708252,Expands Expression,3,0.654050624812734,0.5435011819750231,0.7501362041253223,0.05338722595915748,1074
attack4,v2jupurge_lag1,-0.7465800428390503,Mixed Outcome,2,0.144252684938711,0.09086819760819467,0.22136365949919934,0.03291926120763609,1074
attack4,v2jupurge_lag1,-0.7465800428390503,Contracts Expression,1,0.20697825830199754,0.11379401076285188,0.3466235264552509,0.05940261382150182,1074
attack4,v2jupurge_lag1,-0.7465800428390503,Expands Expression,3,0.6487690567592983,0.5437599026528657,0.7411160038411837,0.05093917691191281,1074
attack4,v2jupurge_lag1,-0.6090400409698491,Mixed Outcome,2,0.14812715021929906,0.09566559646118754,0.22228634106179015,0.031995964895366366,1074
attack4,v2jupurge_lag1,-0.6090400409698491,Contracts Expression,1,0.20844308832884906,0.118202932684014,0.34093901850755487,0.05684195047241368,1074
attack4,v2jupurge_lag1,-0.6090400409698491,Expands Expression,3,0.6434297614518544,0.5438372350305978,0.7319939981111485,0.04851802340154242,1074
attack4,v2jupurge_lag1,-0.4715000391006474,Mixed Outcome,2,0.152081400525597,0.10065452920613752,0.2232607440268524,0.031028443210048776,1074
attack4,v2jupurge_lag1,-0.4715000391006474,Contracts Expression,1,0.20988527460254283,0.12267937512210106,0.3353834171304655,0.05429293761299596,1074
attack4,v2jupurge_lag1,-0.4715000391006474,Expands Expression,3,0.6380333248718624,0.543717396365539,0.7227932241381796,0.04613378010251325,1074
attack4,v2jupurge_lag1,-0.33396003723144574,Mixed Outcome,2,0.1561159047301975,0.10583165014758095,0.22429877425558503,0.03002118311141948,1074
attack4,v2jupurge_lag1,-0.33396003723144574,Contracts Expression,1,0.21130370107179902,0.1272078989025824,0.32997566174557996,0.051764991521748537,1074
attack4,v2jupurge_lag1,-0.33396003723144574,Expands Expression,3,0.6325803941980054,0.5433813153530865,0.7135406790410714,0.04379821953995423,1074
attack4,v2jupurge_lag1,-0.19642003536224406,Mixed Outcome,2,0.16023107538841397,0.11119067001261262,0.22541517022011257,0.02898017895958739,1074
attack4,v2jupurge_lag1,-0.19642003536224406,Contracts Expression,1,0.2126972456315204,0.1317692285635638,0.32473828266486227,0.04926938306725338,1074
attack4,v2jupurge_lag1,-0.19642003536224406,Expands Expression,3,0.6270716789800634,0.5428059366936904,0.7042679999488729,0.041525227639517326,1074
attack4,v2jupurge_lag1,-0.05888003349304238,Mixed Outcome,2,0.164427266175093,0.11672154668799671,0.2266282556686673,0.027913323735264062,1074
attack4,v2jupurge_lag1,-0.05888003349304238,Contracts Expression,1,0.2140647816031254,0.13633941348223746,0.31969822608783816,0.046819658520944975,1074
attack4,v2jupurge_lag1,-0.05888003349304238,Expands Expression,3,0.6215079522217833,0.5419634370318456,0.6950122288001266,0.039331205210984856,1074
attack4,v2jupurge_lag1,0.0786599683761593,Mixed Outcome,2,0.1687047693527791,0.12240947240123512,0.2279608906555409,0.026830901792560473,1074
attack4,v2jupurge_lag1,0.0786599683761593,Contracts Expression,1,0.21540517928224792,0.14088883038326006,0.3148878383732286,0.04443214197326226,1074
attack4,v2jupurge_lag1,0.0786599683761593,Expands Expression,3,0.6158900513649721,0.5408203987688041,0.6858166154143293,0.03723549191789814,1074
attack4,v2jupurge_lag1,0.21619997024536097,Mixed Outcome,2,0.1730638132808471,0.12823362736456492,0.22944165092534716,0.02574619853282139,1074
attack4,v2jupurge_lag1,0.21619997024536097,Contracts Expression,1,0.21671730755200036,0.1453810385881385,0.3103459983219922,0.04212651376548662,1074
attack4,v2jupurge_lag1,0.21619997024536097,Expands Expression,3,0.610218879167147,0.5393370463750895,0.6767313543164778,0.03526075970261651,1074
attack4,v2jupurge_lag1,0.3537399721145631,Mixed Outcome,2,0.1775045599754898,0.13416569346100687,0.23110624216321637,0.024676230473083514,1074
attack4,v2jupurge_lag1,0.3537399721145631,Contracts Expression,1,0.21800003555956185,0.1497715460570753,0.30611933951173337,0.03992643558338091,1074
attack4,v2jupurge_lag1,0.3537399721145631,Expands Expression,3,0.6044954044649488,0.537466742136018,0.6678140585350225,0.033433275605925704,1074
attack4,v2jupurge_lag1,0.49127997398376433,Mixed Outcome,2,0.18202710273071143,0.14016818063618244,0.23299909663011298,0.023642569188385632,1074
attack4,v2jupurge_lag1,0.49127997398376433,Contracts Expression,1,0.2192522344535444,0.1540066302955539,0.3022634186885604,0.03786014904255658,1074
attack4,v2jupurge_lag1,0.49127997398376433,Expands Expression,3,0.5987206628157385,0.535156065837939,0.6591296460563573,0.03178286884975652,1074
attack4,v2jupurge_lag1,0.6288199758529656,Mixed Outcome,2,0.18663146381082524,0.1461927400152616,0.2351749784536442,0.022672170908669288,1074
attack4,v2jupurge_lag1,0.6288199758529656,Contracts Expression,1,0.2204727791791464,0.15802249911296476,0.2988435453168386,0.035960902793538564,1074
attack4,v2jupurge_lag1,0.6288199758529656,Expands Expression,3,0.5928957570100296,0.5323459421340828,0.6507491754290693,0.030342365922417812,1074
attack4,v2jupurge_lag1,0.7663599777221677,Mixed Outcome,2,0.19131759222500339,0.1521788512668058,0.23770021045874973,0.021798014928420133,1074
attack4,v2jupurge_lag1,0.7663599777221677,Contracts Expression,1,0.22166055032772017,0.16174527511944406,0.2959347884550404,0.03426696178031273,1074
attack4,v2jupurge_lag1,0.7663599777221677,Expands Expression,3,0.5870218574472842,0.5289743555959338,0.6427470907770665,0.02914621818717478,1074
attack4,v2jupurge_lag1,0.9038999795913689,Mixed Outcome,2,0.19608536159466927,0.15805358289338056,0.2406528243929678,0.0210591956465273,1074
attack4,v2jupurge_lag1,0.9038999795913689,Contracts Expression,1,0.2228144360370321,0.16509250451552643,0.2936204604703399,0.03282084180521323,1074
attack4,v2jupurge_lag1,0.9038999795913689,Expands Expression,3,0.5811002023682975,0.5249810654918555,0.6351964644787526,0.02822811119700275,1074
attack4,v2jupurge_lag1,1.041439981460571,Mixed Outcome,2,0.20093456812464938,0.1637334473822737,0.24412061328548487,0.02049994862561386,1074
attack4,v2jupurge_lag1,1.041439981460571,Contracts Expression,1,0.22393333393798626,0.16797699604204874,0.291988271763734,0.03166735877521532,1074
attack4,v2jupurge_lag1,1.041439981460571,Expands Expression,3,0.5751320979373651,0.520314237444767,0.6281623206853097,0.027617596417105608,1074
attack4,v2jupurge_lag1,1.1789799833297723,Mixed Outcome,2,0.20586492868887385,0.1691294386114574,0.24819599936078626,0.02016705812448393,1074
attack4,v2jupurge_lag1,1.1789799833297723,Contracts Expression,1,0.22501615314332277,0.17031354852319436,0.29112359811136496,0.03085020800878023,1074
attack4,v2jupurge_lag1,1.1789799833297723,Expands Expression,3,0.5691189181677996,0.5149380266198942,0.6216940053741892,0.027336235172787583,1074
attack4,v2jupurge_lag1,1.3165199851989744,Mixed Outcome,2,0.21087607904157704,0.17415569643865003,0.25296727354616216,0.020105421508779878,1074
attack4,v2jupurge_lag1,1.3165199851989744,Contracts Expression,1,0.2260618162733283,0.17202827335780183,0.2911001542824074,0.030407223186990233,1074
attack4,v2jupurge_lag1,1.3165199851989744,Expands Expression,3,0.5630621046850989,0.5088392177610374,0.6158184979861148,0.027394217977716726,1074
attack4,v2jupurge_lag1,1.4540599870681756,Mixed Outcome,2,0.21596757216476592,0.1787406152496489,0.2585073909134862,0.020352376106212242,1074
attack4,v2jupurge_lag1,1.4540599870681756,Contracts Expression,1,0.22706926151318982,0.17306881313709344,0.2919697727696833,0.030365180672740143,1074
attack4,v2jupurge_lag1,1.4540599870681756,Expands Expression,3,0.5569631663220431,0.5020307363613212,0.6105368507361757,0.027788571038663414,1074
attack4,v2jupurge_lag1,1.5915999889373778,Mixed Outcome,2,0.2211388767625406,0.18283719995035344,0.26486351983526857,0.020932419791930085,1074
attack4,v2jupurge_lag1,1.5915999889373778,Contracts Expression,1,0.2280374446963961,0.17341249675678974,0.2937542472567925,0.030735657369281716,1074
attack4,v2jupurge_lag1,1.5915999889373778,Expands Expression,3,0.5508236785410634,0.49455070205704177,0.6058250848959734,0.028503626034628398,1074
attack4,v2jupurge_lag1,1.729139990806579,Mixed Outcome,2,0.22638937591270641,0.1864287258891262,0.272051289773498,0.021854335594961243,1074
attack4,v2jupurge_lag1,1.729139990806579,Contracts Expression,1,0.22896534140805258,0.17306947888211774,0.2964421929479285,0.031513446033233694,1074
attack4,v2jupurge_lag1,1.729139990806579,Expands Expression,3,0.5446452826792376,0.48645737946990686,0.6016391892069048,0.029513572321229607,1074
attack4,v2jupurge_lag1,1.866679992675781,Mixed Outcome,2,0.2317183658857351,0.189527531184508,0.2800559107587923,0.02311182473690767,1074
attack4,v2jupurge_lag1,1.866679992675781,Contracts Expression,1,0.2298519491017908,0.17207968009683228,0.2999921073997126,0.032678129957671026,1074
attack4,v2jupurge_lag1,1.866679992675781,Expands Expression,3,0.5384296850124762,0.4778218382621445,0.5979224090434999,0.030786169718787462,1074
attack4,v2jupurge_lag1,2.0042199945449823,Mixed Outcome,2,0.23712505514083174,0.19216805931661857,0.28883904834192375,0.02468707375987072,1074
attack4,v2jupurge_lag1,2.0042199945449823,Contracts Expression,1,0.23069628922355942,0.17050488774504924,0.3043402718116204,0.03419812208612971,1074
attack4,v2jupurge_lag1,2.0042199945449823,Expands Expression,3,0.5321786556356113,0.46872051727613157,0.5946126318280484,0.032286505654078715,1074
attack4,v2jupurge_lag1,2.1417599964141845,Mixed Outcome,2,0.24260856350836568,0.19439752117314402,0.2983480865520555,0.026555533726718716,1074
attack4,v2jupurge_lag1,2.1417599964141845,Contracts Expression,1,0.23149740933534627,0.16841897651933105,0.3094105336664687,0.03603565890077249,1074
attack4,v2jupurge_lag1,2.1417599964141845,Expands Expression,3,0.5258940271562913,0.4592292536619372,0.5916483081544412,0.03398000371569126,1074
attack4,v2jupurge_lag1,2.2792999982833857,Mixed Outcome,2,0.24816792156745032,0.19626742980823111,0.3085245273818491,0.02869025028147696,1074
attack4,v2jupurge_lag1,2.2792999982833857,Contracts Expression,1,0.23225438523157577,0.16589906021326284,0.315123159251771,0.03815131555448117,1074
attack4,v2jupurge_lag1,2.2792999982833857,Expands Expression,3,0.5195776932009671,0.4494193562177207,0.5889723297386268,0.03583439060653155,1074
attack4,v2jupurge_lag1,2.416840000152588,Mixed Outcome,2,0.25380207022680834,0.19782766966464388,0.3193098668429728,0.031064896770184217,1074
attack4,v2jupurge_lag1,2.416840000152588,Contracts Expression,1,0.2329663230407467,0.16301911217577633,0.3214012184616109,0.04050725892631266,1074
attack4,v2jupurge_lag1,2.416840000152588,Expands Expression,3,0.5132316067324433,0.43935555563105083,0.5865340318297084,0.03782070827590789,1074
attack4,v2jupurge_lag1,2.554380002021789,Mixed Outcome,2,0.25950986051645336,0.199123222614361,0.33064882700517495,0.03365544878878949,1074
attack4,v2jupurge_lag1,2.554380002021789,Contracts Expression,1,0.2336323613046442,0.15984627615012542,0.3281742801277263,0.043069126501628696,1074
attack4,v2jupurge_lag1,2.554380002021789,Expands Expression,3,0.5068577781789071,0.42909533055754817,0.584289821442022,0.039913627438291584,1074
attack4,v2jupurge_lag1,2.6919200038909903,Mixed Outcome,2,0.26529005359696595,0.2001928962017817,0.34249060033031326,0.03644083512614895,1074
attack4,v2jupurge_lag1,2.6919200038909903,Contracts Expression,1,0.23425167302738398,0.15643932847037398,0.33537995683906324,0.04580680679777387,1074
attack4,v2jupurge_lag1,2.6919200038909903,Expands Expression,3,0.5004582733756511,0.41868908286986184,0.5822029583457058,0.04209133122717568,1074
attack4,v2jupurge_lag1,2.8294600057601924,Mixed Outcome,2,0.271141320992316,0.2010692731264242,0.3547888888344429,0.03940296441376264,1074
attack4,v2jupurge_lag1,2.8294600057601924,Contracts Expression,1,0.2348234676862742,0.15284854806911666,0.34296404272800324,0.04869450111377118,1074
attack4,v2jupurge_lag1,2.8294600057601924,Expands Expression,3,0.4940352113214083,0.40818075085591965,0.5802429002779205,0.04433517858427259,1074
attack4,v2jupurge_lag1,2.9670000076293945,Mixed Outcome,2,0.2770622450513552,0.2017792737580915,0.3675013476801672,0.04252643844174667,1074
attack4,v2jupurge_lag1,2.9670000076293945,Contracts Expression,1,0.2353469931966621,0.14911635637164225,0.3508798820785921,0.05171039228581982,1074
attack4,v2jupurge_lag1,2.9670000076293945,Expands Expression,3,0.4875907617519778,0.39760858993392045,0.5783844830174342,0.04662928507803268,1074
attack5,v2jupurge_lag1,-3.9100000858306885,Mixed Outcome,2,0.1599666300813911,0.05967281058885282,0.3636397010902424,0.07534009170165434,1074
attack5,v2jupurge_lag1,-3.9100000858306885,Contracts Expression,1,0.18014431125157246,0.04259020794915184,0.5204553228769515,0.12035918946639847,1074
attack5,v2jupurge_lag1,-3.9100000858306885,Expands Expression,3,0.6598890586670357,0.3870355327060591,0.8563611705796134,0.12854782615513008,1074
attack5,v2jupurge_lag1,-3.772460083961487,Mixed Outcome,2,0.1612194332217384,0.06180840594085362,0.35928916620919493,0.07387516514517536,1074
attack5,v2jupurge_lag1,-3.772460083961487,Contracts Expression,1,0.18130130028342023,0.04472500776235543,0.5115866176391263,0.11768008132004258,1074
attack5,v2jupurge_lag1,-3.772460083961487,Expands Expression,3,0.6574792664948416,0.3915494473666412,0.8513167310248755,0.12557270581255658,1074
attack5,v2jupurge_lag1,-3.634920082092285,Mixed Outcome,2,0.16247757341795102,0.06401292103145406,0.3549617912720648,0.07238742130965443,1074
attack5,v2jupurge_lag1,-3.634920082092285,Contracts Expression,1,0.1824607317300592,0.046957366182763714,0.5027228835006493,0.11497287916287134,1074
attack5,v2jupurge_lag1,-3.634920082092285,Expands Expression,3,0.6550616948519874,0.39606977411798966,0.8461340423541086,0.12257548733906845,1074
attack5,v2jupurge_lag1,-3.4973800802230834,Mixed Outcome,2,0.16374101237837005,0.06628806525031863,0.35065834350878916,0.07087689472748225,1074
attack5,v2jupurge_lag1,-3.4973800802230834,Contracts Expression,1,0.18362255084089968,0.049290879876180596,0.493870320469089,0.1122378935757783,1074
attack5,v2jupurge_lag1,-3.4973800802230834,Expands Expression,3,0.6526364367807297,0.40059532863378927,0.8408119319612141,0.11955673247249522,1074
attack5,v2jupurge_lag1,-3.3598400783538818,Mixed Outcome,2,0.16500971099703796,0.06863554616371166,0.34637960779203303,0.06934363654523865,1074
attack5,v2jupurge_lag1,-3.3598400783538818,Contracts Expression,1,0.18478670237371897,0.051729185940527084,0.4850351695454122,0.10947546942277078,1074
attack5,v2jupurge_lag1,-3.3598400783538818,Expands Expression,3,0.6502035866292425,0.4051248752529952,0.8353494217104908,0.11651703483284839,1074
attack5,v2jupurge_lag1,-3.22230007648468,Mixed Outcome,2,0.16628362935609348,0.07105706370557238,0.34212639076495954,0.06778771667923135,1074
attack5,v2jupurge_lag1,-3.22230007648468,Contracts Expression,1,0.18595313060210658,0.05427594910037064,0.4762237077307342,0.10668599049736334,1074
attack5,v2jupurge_lag1,-3.22230007648468,Expands Expression,3,0.6477632400418,0.40965712038618585,0.8297457463127091,0.11345702348615729,1074
attack5,v2jupurge_lag1,-3.0847600746154784,Mixed Outcome,2,0.16756272672840242,0.07355430343888854,0.33789952573265,0.06620922635378418,1074
attack5,v2jupurge_lag1,-3.0847600746154784,Contracts Expression,1,0.18712177932305246,0.05693484643414784,0.4674422449328721,0.1038698850352873,1074
attack5,v2jupurge_lag1,-3.0847600746154784,Expands Expression,3,0.6453154939485449,0.414190704644973,0.8240003730654396,0.11037736715756512,1074
attack5,v2jupurge_lag1,-2.947220072746277,Mixed Outcome,2,0.16884696158043755,0.07612892871876126,0.33369987847640115,0.06460828110369395,1074
attack5,v2jupurge_lag1,-2.947220072746277,Contracts Expression,1,0.1882925918646853,0.05970954919839631,0.45869712322033857,0.1010276322852011,1074
attack5,v2jupurge_lag1,-2.947220072746277,Expands Expression,3,0.6428604465548764,0.4187241934202245,0.818113023175725,0.10727877923355128,1074
attack5,v2jupurge_lag1,-2.809680070877075,Mixed Outcome,2,0.17013629157539245,0.078782571548798,0.32952835419016796,0.06298502434262444,1074
attack5,v2jupurge_lag1,-2.809680070877075,Contracts Expression,1,0.18946551109416152,0.06260370121532084,0.4499947189662677,0.09815977037869658,1074
attack5,v2jupurge_lag1,-2.809680070877075,Expands Expression,3,0.6403981973304462,0.42325606556744944,0.8120836949461668,0.10416202372762112,1074
attack5,v2jupurge_lag1,-2.672140069007874,Mixed Outcome,2,0.17143067357654543,0.08151682187176115,0.32538590578895843,0.061339631625064145,1074
attack5,v2jupurge_lag1,-2.672140069007874,Contracts Expression,1,0.19064047942569784,0.06562089316416124,0.4413414485465163,0.09526690580475249,1074
attack5,v2jupurge_lag1,-2.672140069007874,Expands Expression,3,0.637928846997756,0.427784699768838,0.8059126891893114,0.10102792242920991,1074
attack5,v2jupurge_lag1,-2.5346000671386717,Mixed Outcome,2,0.17273006365087124,0.08433321496964555,0.3212735439050002,0.059672315763114804,1074
attack5,v2jupurge_lag1,-2.5346000671386717,Contracts Expression,1,0.19181743882875205,0.06876463195317903,0.4327437784167683,0.09234972487749811,1074
attack5,v2jupurge_lag1,-2.5346000671386717,Expands Expression,3,0.6354524975203778,0.4323083580283638,0.7996006373442166,0.09787736351339639,1074
attack5,v2jupurge_lag1,-2.3970600652694705,Mixed Outcome,2,0.17403441707288841,0.08723321656297306,0.31719234897286874,0.05798333300299572,1074
attack5,v2jupurge_lag1,-2.3970600652694705,Contracts Expression,1,0.1929963308363399,0.07203830413563551,0.42420824060185885,0.08940900769506331,1074
attack5,v2jupurge_lag1,-2.3970600652694705,Expands Expression,3,0.6329692520907718,0.4368251656086796,0.7931485329127336,0.09471131196452547,1074
attack5,v2jupurge_lag1,-2.259520063400269,Mixed Outcome,2,0.1753436883287633,0.09021820508711527,0.3131434859171025,0.05627299052343942,1074
attack5,v2jupurge_lag1,-2.259520063400269,Contracts Expression,1,0.19417709655350324,0.07544513205039408,0.4157414549117092,0.08644564523278783,1074
attack5,v2jupurge_lag1,-2.259520063400269,Expands Expression,3,0.6304792151177346,0.44133308652388753,0.7865577670238699,0.09153082226637878,1074
attack5,v2jupurge_lag1,-2.121980061531067,Mixed Outcome,2,0.17665783112065034,0.09328945047547864,0.3091282221041695,0.05454165559383663,1074
attack5,v2jupurge_lag1,-2.121980061531067,Contracts Expression,1,0.195359676665906,0.07898812099225001,0.407350159570484,0.08346066040679455,1074
attack5,v2jupurge_lag1,-2.121980061531067,Expands Expression,3,0.6279824922134433,0.44582989344532326,0.77983016918811,0.08833705394288162,1074
attack5,v2jupurge_lag1,-1.9844400596618654,Mixed Outcome,2,0.17797679837128821,0.09644808858275937,0.3051479494175364,0.05278976683049353,1074
attack5,v2jupurge_lag1,-1.9844400596618654,Contracts Expression,1,0.1965440114485776,0.08266999521377774,0.39904125244544136,0.08045523420219995,1074
attack5,v2jupurge_lag1,-1.9844400596618654,Expands Expression,3,0.6254791901801334,0.45031313053664224,0.7729680546420835,0.08513129070768134,1074
attack5,v2jupurge_lag1,-1.8469000577926638,Mixed Outcome,2,0.17930054222883493,0.0996950901173818,0.30120421157932176,0.05101784812440689,1074
attack5,v2jupurge_lag1,-1.8469000577926638,Contracts Expression,1,0.19773004077478673,0.08649311987761088,0.39082184574636547,0.07743073831177859,1074
attack5,v2jupurge_lag1,-1.8469000577926638,Expands Expression,3,0.6229694169963783,0.4547800672741725,0.7659742801414933,0.08191496421624023,1074
attack5,v2jupurge_lag1,-1.709360055923462,Mixed Outcome,2,0.18062901407195392,0.10303122259531348,0.29729873819951524,0.0492265259963848,1074
attack5,v2jupurge_lag1,-1.709360055923462,Contracts Expression,1,0.19891770412504806,0.09045940514959432,0.3826993379913481,0.07438877620687462,1074
attack5,v2jupurge_lag1,-1.709360055923462,Expands Expression,3,0.6204532818029969,0.4592276406910796,0.7588523106771106,0.07868968372991654,1074
attack5,v2jupurge_lag1,-1.5718200540542604,Mixed Outcome,2,0.18196216451514638,0.10645700334056572,0.29343348752131093,0.0474165513841278,1074
attack5,v2jupurge_lag1,-1.5718200540542604,Contracts Expression,1,0.2001069405962622,0.09457018734370586,0.37468150831766683,0.0713312352197084,1074
attack5,v2jupurge_lag1,-1.5718200540542604,Expands Expression,3,0.6179308948885909,0.4636523826348438,0.7516063004358723,0.07545727343558173,1074
attack5,v2jupurge_lag1,-1.4342800521850587,Mixed Outcome,2,0.1832999434143298,0.1099726408879682,0.28961070050162635,0.04558882720802175,1074
attack5,v2jupurge_lag1,-1.4342800521850587,Contracts Expression,1,0.20129768891098873,0.0988260802578056,0.36677663999015214,0.06826035312487805,1074
attack5,v2jupurge_lag1,-1.4342800521850587,Expands Expression,3,0.6154023676746811,0.4680503274686365,0.7442411924890006,0.07221981975706705,1074
attack5,v2jupurge_lag1,-1.296740050315857,Mixed Outcome,2,0.18464229987265912,0.11357796121421385,0.2858329697966703,0.04374444353725871,1074
attack5,v2jupurge_lag1,-1.296740050315857,Contracts Expression,1,0.20248988742683435,0.10322678736605502,0.3589936824352018,0.06517880397516801,1074
attack5,v2jupurge_lag1,-1.296740050315857,Expands Expression,3,0.6128678127005067,0.4724168940366107,0.7367628433004524,0.06897973181844805,1074
attack5,v2jupurge_lag1,-1.1592000484466554,Mixed Outcome,2,0.1859891822466015,0.11727231392273388,0.28210332852351305,0.04188472284188764,1074
attack5,v2jupurge_lag1,-1.1592000484466554,Contracts Expression,1,0.20368347414598273,0.10777086205637572,0.3513424646127877,0.06208980972829142,1074
attack5,v2jupurge_lag1,-1.1592000484466554,Expands Expression,3,0.6103273436074154,0.47674673346574825,0.7291781803979898,0.06573981936856725,1074
attack5,v2jupurge_lag1,-1.0216600465774537,Mixed Outcome,2,0.18734053815224613,0.1210544516713252,0.27842536550698915,0.040011278754278,1074
attack5,v2jupurge_lag1,-1.0216600465774537,Contracts Expression,1,0.20487838672483452,0.11245539818805811,0.34383397745911387,0.0589972867163076,1074
attack5,v2jupurge_lag1,-1.0216600465774537,Expands Expression,3,0.6077810751229187,0.4810335312206443,0.721495404709133,0.06250339409080788,1074
attack5,v2jupurge_lag1,-0.884120044708252,Mixed Outcome,2,0.18869631447186866,0.1249223735198126,0.2748033763338179,0.03812609309664246,1074
attack5,v2jupurge_lag1,-0.884120044708252,Contracts Expression,1,0.20607456248376949,0.11727562627893309,0.33648075010751116,0.05590603957359177,1074
attack5,v2jupurge_lag1,-0.884120044708252,Expands Expression,3,0.6052291230443615,0.4852697473581209,0.7137242535369462,0.059274402508506206,1074
attack5,v2jupurge_lag1,-0.7465800428390503,Mixed Outcome,2,0.1900564573607318,0.12887311913299485,0.27124256327971374,0.03623161784148493,1074
attack5,v2jupurge_lag1,-0.7465800428390503,Contracts Expression,1,0.20727193841703234,0.12222438075813602,0.329297354478693,0.05282202028895753,1074
attack5,v2jupurge_lag1,-0.7465800428390503,Expands Expression,3,0.6026716042222352,0.4894462725888255,0.7058763464963984,0.05605760194029819,1074
attack5,v2jupurge_lag1,-0.6090400409698491,Mixed Outcome,2,0.19142091225413382,0.13290249538803528,0.26774930256279245,0.034330911420897794,1074
attack5,v2jupurge_lag1,-0.6090400409698491,Contracts Expression,1,0.2084704512027301,0.1272913898045932,0.32230108676191677,0.04975267716361009,1074
attack5,v2jupurge_lag1,-0.6090400409698491,Expands Expression,3,0.6001086365431347,0.49355196872892537,0.6979656457612711,0.05285879557771437,1074
attack5,v2jupurge_lag1,-0.4715000391006474,Mixed Outcome,2,0.1927896238746924,0.13700470916625143,0.26433150514764064,0.032427822765865776,1074
attack5,v2jupurge_lag1,-0.4715000391006474,Contracts Expression,1,0.20967003721294233,0.13246231999185734,0.31551289362233387,0.046707428323587756,1074
attack5,v2jupurge_lag1,-0.4715000391006474,Expands Expression,3,0.5975403389123647,0.4975730493570991,0.6900090747477597,0.04968514929336863,1074
attack5,v2jupurge_lag1,-0.33396003723144574,Mixed Outcome,2,0.19416253623987934,0.14117186894078626,0.2609991084950241,0.030527242156668837,1074
attack5,v2jupurge_lag1,-0.33396003723144574,Contracts Expression,1,0.21087063252394242,0.13771748209955692,0.308958636846735,0.04369830765710285,1074
attack5,v2jupurge_lag1,-0.33396003723144574,Expands Expression,3,0.594966831236177,0.5014922386283441,0.6820273572319829,0.04654562193606886,1074
attack5,v2jupurge_lag1,-0.19642003536224406,Mixed Outcome,2,0.19553959266978385,0.14539330191839092,0.2577647525073084,0.028635446056044483,1074
attack5,v2jupurge_lag1,-0.19642003536224406,Contracts Expression,1,0.21207217292652894,0.14303007226223635,0.3026708223500201,0.04074084751037463,1074
attack5,v2jupurge_lag1,-0.19642003536224406,Expands Expression,3,0.5923882344036866,0.5052876219435309,0.6740461631612635,0.04345155329700006,1074
attack5,v2jupurge_lag1,-0.05888003349304238,Mixed Outcome,2,0.19692073579512037,0.14965461165195681,0.2546447147636489,0.026760574243634698,1074
attack5,v2jupurge_lag1,-0.05888003349304238,Contracts Expression,1,0.2132745939364572,0.1483637891443568,0.29669095296419,0.03785527961623695,1074
attack5,v2jupurge_lag1,-0.05888003349304238,Expands Expression,3,0.5898046702684228,0.5089310712098006,0.6660976783925491,0.04041746981560289,1074
attack5,v2jupurge_lag1,0.0786599683761593,Mixed Outcome,2,0.1983059075654714,0.1539363728652996,0.2516602083166279,0.02491329195010052,1074
attack5,v2jupurge_lag1,0.0786599683761593,Contracts Expression,1,0.21447783080498037,0.15366965117668344,0.29107268111089246,0.035068144318569555,1074
attack5,v2jupurge_lag1,0.0786599683761593,Expands Expression,3,0.5872162616295495,0.5123860932541902,0.6582227497753137,0.037462185669223734,1074
attack5,v2jupurge_lag1,0.21619997024536097,Mixed Outcome,2,0.19969504925776685,0.15821232923498926,0.2488391763211196,0.023107705511587646,1074
attack5,v2jupurge_lag1,0.21619997024536097,Contracts Expression,1,0.21568181852948642,0.15888188775955256,0.28588588760625433,0.03241437285510995,1074
attack5,v2jupurge_lag1,0.21619997024536097,Expands Expression,3,0.584623132212748,0.5156049269707297,0.6504737799904059,0.03461028884368672,1074
attack5,v2jupurge_lag1,0.3537399721145631,Mixed Outcome,2,0.2010881014849893,0.1624469410074719,0.24621873663539443,0.02136260970413573,1074
attack5,v2jupurge_lag1,0.3537399721145631,Contracts Expression,1,0.21688649186422918,0.16391301092873636,0.28122158028615407,0.029939789025527862,1074
attack5,v2jupurge_lag1,0.3537399721145631,Expands Expression,3,0.5820254066507817,0.5185247446240538,0.6429185167256062,0.03189408692043434,1074
attack5,v2jupurge_lag1,0.49127997398376433,Mixed Outcome,2,0.20248500420512117,0.16659216674835867,0.2438483921186651,0.01970312584985114,1074
attack5,v2jupurge_lag1,0.49127997398376433,Contracts Expression,1,0.2180917853311624,0.16864881816072516,0.2771968619773415,0.02770364826528783,1074
attack5,v2jupurge_lag1,0.49127997398376433,Expands Expression,3,0.5794232104637161,0.5210629970443772,0.6356446964698235,0.029355993843388793,1074
attack5,v2jupurge_lag1,0.6288199758529656,Mixed Outcome,2,0.2038856967303117,0.1705835659103205,0.24179391996268482,0.018162686569316654,1074
attack5,v2jupurge_lag1,0.6288199758529656,Contracts Expression,1,0.21929763323085566,0.17294546055500995,0.27395783380655286,0.02578012675905272,1074
attack5,v2jupurge_lag1,0.6288199758529656,Expands Expression,3,0.576816670038833,0.5231124919492655,0.6287649537207867,0.02705105937673722,1074
attack5,v2jupurge_lag1,0.7663599777221677,Mixed Outcome,2,0.20529011773627798,0.17433639736604026,0.2401412649375588,0.016785022897633523,1074
attack5,v2jupurge_lag1,0.7663599777221677,Contracts Expression,1,0.22050396965350463,0.1766329297283835,0.27167608076399274,0.024256541619663872,1074
attack5,v2jupurge_lag1,0.7663599777221677,Expands Expression,3,0.5742059126102169,0.5245380423255775,0.6224201587159897,0.025048707330105845,1074
attack5,v2jupurge_lag1,0.9038999795913689,Mixed Outcome,2,0.2066982052719269,0.1777436775154922,0.23899847297269616,0.01562515223927628,1074
attack5,v2jupurge_lag1,0.9038999795913689,Contracts Expression,1,0.2217107284900262,0.17953114885353805,0.2705325543633376,0.023225148722956918,1074
attack5,v2jupurge_lag1,0.9038999795913689,Expands Expression,3,0.5715910662380482,0.5251786756669234,0.6167771929484888,0.023431650260574644,1074
attack5,v2jupurge_lag1,1.041439981460571,Mixed Outcome,2,0.20810989676919764,0.18068017209124387,0.23849169098191048,0.014747340081145038,1074
attack5,v2jupurge_lag1,1.041439981460571,Contracts Expression,1,0.22291784344323273,0.18148238802328748,0.2706851325071573,0.022766621824358537,1074
attack5,v2jupurge_lag1,1.041439981460571,Expands Expression,3,0.5689722597875703,0.5248615567050817,0.6120150098988151,0.02228884406481396,1074
attack5,v2jupurge_lag1,1.1789799833297723,Mixed Outcome,2,0.20952512905313128,0.18301755258579447,0.23875000204468136,0.014217367429214,1074
attack5,v2jupurge_lag1,1.1789799833297723,Contracts Expression,1,0.224125248039089,0.18239273488421887,0.27222712592948756,0.022928920736887203,1074
attack5,v2jupurge_lag1,1.1789799833297723,Expands Expression,3,0.566349622907781,0.5234323495621724,0.6082942551389755,0.021700068299407602,1074
attack5,v2jupurge_lag1,1.3165199851989744,Mixed Outcome,2,0.21094383835214722,0.18465235707462682,0.23987745620893838,0.014088268301208027,1074
attack5,v2jupurge_lag1,1.3165199851989744,Contracts Expression,1,0.22533287563804388,0.1822613643709199,0.27515798770313266,0.023712388724297137,1074
attack5,v2jupurge_lag1,1.3165199851989744,Expands Expression,3,0.5637232860098084,0.5207967726316246,0.6057156925950679,0.021714795674161378,1074
attack5,v2jupurge_lag1,1.4540599870681756,Mixed Outcome,2,0.21236596030854776,0.18553718211186868,0.24192187028040552,0.014384422217575169,1074
attack5,v2jupurge_lag1,1.4540599870681756,Contracts Expression,1,0.22654065944643595,0.181177739572205,0.2793860941189607,0.025071208644102658,1074
attack5,v2jupurge_lag1,1.4540599870681756,Expands Expression,3,0.5610933802450162,0.5169529868786019,0.6042877963840121,0.022335714932242127,1074
attack5,v2jupurge_lag1,1.5915999889373778,Mixed Outcome,2,0.21379142998921896,0.18569572456608693,0.24485977777581774,0.01509388948850911,1074
attack5,v2jupurge_lag1,1.5915999889373778,Contracts Expression,1,0.2277485325279677,0.17928930563517348,0.28476103536808994,0.02692990539564575,1074
attack5,v2jupurge_lag1,1.5915999889373778,Expands Expression,3,0.5584600374828133,0.511992627333557,0.6039256985672907,0.023518208177892515,1074
attack5,v2jupurge_lag1,1.729139990806579,Mixed Outcome,2,0.21522018189655176,0.18521048157043898,0.24860872091323769,0.016174697520870616,1074
attack5,v2jupurge_lag1,1.729139990806579,Contracts Expression,1,0.22895642781524686,0.1767614973191527,0.2911135957538066,0.029203760990407106,1074
attack5,v2jupurge_lag1,1.729139990806579,Expands Expression,3,0.5558233902882006,0.5060698367977886,0.6044821339284285,0.02518610786767074,1074
attack5,v2jupurge_lag1,1.866679992675781,Mixed Outcome,2,0.2166521499795645,0.18419320706208364,0.25305678621478833,0.017569923590092913,1074
attack5,v2jupurge_lag1,1.866679992675781,Contracts Expression,1,0.23016427812139062,0.17374881571926934,0.29828466824813726,0.03181357584234618,1074
attack5,v2jupurge_lag1,1.866679992675781,Expands Expression,3,0.5531835718990453,0.49935989167665057,0.6057887919927596,0.027252736183140943,1074
attack5,v2jupurge_lag1,2.0042199945449823,Mixed Outcome,2,0.2180872676452269,0.182757211162155,0.2580902975230829,0.019221834875156035,1074
attack5,v2jupurge_lag1,2.0042199945449823,Contracts Expression,1,0.23137201615168848,0.17038145146914546,0.306138626403026,0.03469249523890373,1074
attack5,v2jupurge_lag1,2.0042199945449823,Expands Expression,3,0.550540716203082,0.49202821639376476,0.6076872799762142,0.029636639223611597,1074
attack5,v2jupurge_lag1,2.1417599964141845,Mixed Outcome,2,0.2195254677699852,0.18100153545031686,0.2636096334314472,0.021079966824072534,1074
attack5,v2jupurge_lag1,2.1417599964141845,Contracts Expression,1,0.23257957451532757,0.1667629411795201,0.31456566715898665,0.03778720586600816,1074
attack5,v2jupurge_lag1,2.1417599964141845,Expands Expression,3,0.5478949577146863,0.4842156963181003,0.6100437868773199,0.032269015286500335,1074
attack5,v2jupurge_lag1,2.2792999982833857,Mixed Outcome,2,0.22096668271147937,0.17900598764853734,0.2695341856700208,0.023103659126102613,1074
attack5,v2jupurge_lag1,2.2792999982833857,Contracts Expression,1,0.23378688573716086,0.16297313588020565,0.32347884606159893,0.04105642237966996,1074
attack5,v2jupurge_lag1,2.2792999982833857,Expands Expression,3,0.54524643155136,0.47603589146846886,0.6127518465966301,0.03509508529490219,1074
attack5,v2jupurge_lag1,2.416840000152588,Mixed Outcome,2,0.22241084432045685,0.17683219408883732,0.27580130013040377,0.025261520222353978,1074
attack5,v2jupurge_lag1,2.416840000152588,Contracts Expression,1,0.23499388226953585,0.15907275027479076,0.3328095363165352,0.044468567966616634,1074
attack5,v2jupurge_lag1,2.416840000152588,Expands Expression,3,0.542595273410006,0.46757803307705315,0.6157293181535105,0.0380725252585068,1074
attack5,v2jupurge_lag1,2.554380002021789,Mixed Outcome,2,0.22385788395287137,0.17452682660559002,0.2823630439470448,0.02752978176315063,1074
attack5,v2jupurge_lag1,2.554380002021789,Contracts Expression,1,0.2362004965041603,0.1551077410703335,0.3425030636222354,0.047999542605035625,1074
attack5,v2jupurge_lag1,2.554380002021789,Expands Expression,3,0.5399416195429684,0.458911745497133,0.6189136406661638,0.04116902773317445,1074
attack5,v2jupurge_lag1,2.6919200038909903,Mixed Outcome,2,0.2253077324821682,0.17212503253065914,0.28918277001626574,0.029890549092227874,1074
attack5,v2jupurge_lag1,2.6919200038909903,Contracts Expression,1,0.2374066607840146,0.15111292553788766,0.3525151057805653,0.051630879336033705,1074
attack5,v2jupurge_lag1,2.6919200038909903,Expands Expression,3,0.5372856067338185,0.4500915901925567,0.622257266507317,0.04435996041840321,1074
attack5,v2jupurge_lag1,2.8294600057601924,Mixed Outcome,2,0.2267603203117438,0.16965334232191243,0.2962322044816429,0.03233031806043186,1074
attack5,v2jupurge_lag1,2.8294600057601924,Contracts Expression,1,0.23861230741530512,0.14711477621025998,0.3628089212810034,0.05534832112519382,1074
attack5,v2jupurge_lag1,2.8294600057601924,Expands Expression,3,0.53462737227295,0.44116079998663255,0.6257239046047977,0.0476264421366604,1074
attack5,v2jupurge_lag1,2.9670000076293945,Mixed Outcome,2,0.22821557738759646,0.16713191838929073,0.30348919368051624,0.03483882786557163,1074
attack5,v2jupurge_lag1,2.9670000076293945,Contracts Expression,1,0.2398173686794481,0.1431335118374307,0.37335328678022495,0.05914075693014294,1074
attack5,v2jupurge_lag1,2.9670000076293945,Expands Expression,3,0.5319670539329566,0.43215414065522706,0.629285636944277,0.05095386690750899,1074
dejure1,wdj_expression_lag1,-0.6666666865348816,Mixed Outcome,2,0.23327905739811788,0.15529262290563092,0.3349021098635378,0.04597437780868973,1074
dejure1,wdj_expression_lag1,-0.6666666865348816,Contracts Expression,1,0.17961317834735638,0.07868461161932783,0.3594882319581938,0.07077433068912944,1074
dejure1,wdj_expression_lag1,-0.6666666865348816,Expands Expression,3,0.5871077642545289,0.43608249808604715,0.7233460007025843,0.07533448541510797,1074
dejure1,wdj_expression_lag1,-0.633333352804184,Mixed Outcome,2,0.23258556590462517,0.1564977930668257,0.33114366035557513,0.0446916653836493,1074
dejure1,wdj_expression_lag1,-0.633333352804184,Contracts Expression,1,0.18098009248869837,0.08123555052802359,0.35577125122873077,0.06927101142839548,1074
dejure1,wdj_expression_lag1,-0.633333352804184,Expands Expression,3,0.586434341606676,0.43921873278673257,0.7196693835054319,0.07345027601801146,1074
dejure1,wdj_expression_lag1,-0.6000000190734863,Mixed Outcome,2,0.23189111840529802,0.15768379403333405,0.3274450986924836,0.043430620257582035,1074
dejure1,wdj_expression_lag1,-0.6000000190734863,Contracts Expression,1,0.18235490748600094,0.08385296315042315,0.3520968294183125,0.06775411329641907,1074
dejure1,wdj_expression_lag1,-0.6000000190734863,Expands Expression,3,0.5857539741086984,0.44234349128972017,0.7159654621537158,0.07156912094853185,1074
dejure1,wdj_expression_lag1,-0.5666666853427886,Mixed Outcome,2,0.2311957199513359,0.1588481163588322,0.3238094124177668,0.042192541227082735,1074
dejure1,wdj_expression_lag1,-0.5666666853427886,Contracts Expression,1,0.1837376326093266,0.08653705000555935,0.3484671545768513,0.06622444908876422,1074
dejure1,wdj_expression_lag1,-0.5666666853427886,Expands Expression,3,0.5850666474393377,0.4454546658149268,0.7122360359104831,0.06969190876067333,1074
dejure1,wdj_expression_lag1,-0.5333333516120911,Mixed Outcome,2,0.230499375744231,0.15998801277318964,0.3202398104541717,0.04097884837234579,1074
dejure1,wdj_expression_lag1,-0.5333333516120911,Contracts Expression,1,0.18512827657531267,0.08928781019918587,0.34488460242969304,0.06468293707257078,1074
dejure1,wdj_expression_lag1,-0.5333333516120911,Expands Expression,3,0.5843723476804601,0.4485499147224876,0.7084831559204453,0.06781964628068218,1074
dejure1,wdj_expression_lag1,-0.5000000178813935,Mixed Outcome,2,0.22980209113671957,0.16110047770583188,0.3167397436021328,0.0397910935165263,1074
dejure1,wdj_expression_lag1,-0.5000000178813935,Contracts Expression,1,0.1865268475400542,0.0921050096893007,0.34135176446825855,0.06313061545716876,1074
dejure1,wdj_expression_lag1,-0.5000000178813935,Expands Expression,3,0.5836710613232197,0.451626630962641,0.7047091577545783,0.06595347475863629,1074
dejure1,wdj_expression_lag1,-0.4666666841506958,Mixed Outcome,2,0.22910387163371163,0.1621822264834677,0.3133129253810591,0.03863097084966265,1074
dejure1,wdj_expression_lag1,-0.4666666841506958,Contracts Expression,1,0.18793335309199272,0.09498814477536356,0.3378714805990442,0.06156865918877888,1074
dejure1,wdj_expression_lag1,-0.4666666841506958,Expands Expression,3,0.5829627752742951,0.4546819056998903,0.7009166987991682,0.0640946885001193,1074
dejure1,wdj_expression_lag1,-0.43333335041999815,Mixed Outcome,2,0.2284047228931835,0.16322967481299597,0.30996335260218777,0.03750032740508367,1074
dejure1,wdj_expression_lag1,-0.43333335041999815,Contracts Expression,1,0.18934780024484232,0.09793640001228046,0.33444687715286686,0.059998399477747336,1074
dejure1,wdj_expression_lag1,-0.43333335041999815,Expands Expression,3,0.5822474768619748,0.45771248634715545,0.6971088012513681,0.06224475637140898,1074
dejure1,wdj_expression_lag1,-0.4000000166893005,Mixed Outcome,2,0.22770465072707602,0.16423891940612378,0.3066953248156385,0.036401172950662565,1074
dejure1,wdj_expression_lag1,-0.4000000166893005,Contracts Expression,1,0.19077019543054982,0.10094859962283108,0.3310814111732004,0.05842134652971935,1074
dejure1,wdj_expression_lag1,-0.4000000166893005,Expands Expression,3,0.5815251538423702,0.46071472814523345,0.693288901584504,0.06040534662386959,1074
dejure1,wdj_expression_lag1,-0.3666666829586029,Mixed Outcome,2,0.2270036611021496,0.16520572090298033,0.30351346147448555,0.03533568870395657,1074
dejure1,wdj_expression_lag1,-0.3666666829586029,Contracts Expression,1,0.19220054449228538,0.10402315132791619,0.32777892206625747,0.056839216033836126,1074
dejure1,wdj_expression_lag1,-0.3666666829586029,Expands Expression,3,0.5807957944055613,0.4636845383250872,0.6894609074434243,0.058578355533937476,1074
dejure1,wdj_expression_lag1,-0.33333334922790525,Mixed Outcome,2,0.22630176014082856,0.166125490617462,0.3004227152917379,0.03430623409327944,1074
dejure1,wdj_expression_lag1,-0.33333334922790525,Contracts Expression,1,0.19363885267747027,0.10715798135618756,0.3245436918473323,0.05525396004084388,1074
dejure1,wdj_expression_lag1,-0.33333334922790525,Expands Expression,3,0.5800593871817032,0.4666173118004363,0.6856292630200654,0.05676594040236398,1074
dejure1,wdj_expression_lag1,-0.3000000154972076,Mixed Outcome,2,0.22559895412200984,0.16699328304096847,0.29742837985379417,0.03331535057580959,1074
dejure1,wdj_expression_lag1,-0.3000000154972076,Contracts Expression,1,0.19508512463084537,0.11035045922441465,0.32138051539330587,0.05366780295303795,1074
dejure1,wdj_expression_lag1,-0.3000000154972076,Expands Expression,3,0.5793159212471511,0.469507857281263,0.6817990240164133,0.05497055748699043,1074
dejure1,wdj_expression_lag1,-0.26666668176651,Mixed Outcome,2,0.22489524948186942,0.16780379649835406,0.2945360890952494,0.032365761289980303,1074
dejure1,wdj_expression_lag1,-0.26666668176651,Contracts Expression,1,0.19653936438756886,0.11359731071897682,0.3182947822741564,0.05208328343171564,1074
dejure1,wdj_expression_lag1,-0.26666668176651,Expands Expression,3,0.5785653861305601,0.4723503126961902,0.6779759433042899,0.05319500544659185,1074
dejure1,wdj_expression_lag1,-0.23333334803581235,Mixed Outcome,2,0.2241906528146285,0.16855138480350637,0.2917518057876299,0.031460365088075405,1074
dejure1,wdj_expression_lag1,-0.23333334803581235,Contracts Expression,1,0.19800157536638396,0.11689451738338104,0.3152925718596039,0.05050330309268476,1074
dejure1,wdj_expression_lag1,-0.23333334803581235,Expands Expression,3,0.5778077718189883,0.4751380489053638,0.6741665682973861,0.05144247482797311,1074
dejure1,wdj_expression_lag1,-0.20000001430511472,Mixed Outcome,2,0.2234851708733021,0.16923008316380314,0.28908179579167576,0.030602223289383473,1074
dejure1,wdj_expression_lag1,-0.20000001430511472,Contracts Expression,1,0.19947176036280248,0.12023720075838734,0.31238076345932164,0.04893118289285605,1074
dejure1,wdj_expression_lag1,-0.20000001430511472,Expands Expression,3,0.57704306876389,0.47786356094726473,0.6703783507893921,0.04971660399792396,1074
dejure1,wdj_expression_lag1,-0.16666668057441703,Mixed Outcome,2,0.2227788105704241,0.1698336518343316,0.2865325845721969,0.029794537365879913,1074
dejure1,wdj_expression_lag1,-0.16666668057441703,Contracts Expression,1,0.2009499215423493,0.12361948970017846,0.30956716317875205,0.04737072807351956,1074
dejure1,wdj_expression_lag1,-0.16666668057441703,Expands Expression,3,0.5762712678872264,0.4805183465628541,0.6666197695114883,0.04802154167030177,1074
dejure1,wdj_expression_lag1,-0.13333334684371945,Mixed Outcome,2,0.2220715789787279,0.17035564101298137,0.284110892483168,0.02904061577684423,1074
dejure1,wdj_expression_lag1,-0.13333334684371945,Contracts Expression,1,0.20243606043388157,0.1270343694186548,0.3068606488558333,0.045826302367079325,1074
dejure1,wdj_expression_lag1,-0.13333334684371945,Expands Expression,3,0.5754923605873898,0.4830927726361162,0.6629004647667085,0.04636201572582312,1074
dejure1,wdj_expression_lag1,-0.10000001311302187,Mixed Outcome,2,0.22136348333184128,0.17078948004143352,0.2818235457578567,0.02834382838626946,1074
dejure1,wdj_expression_lag1,-0.10000001311302187,Contracts Expression,1,0.203930177922914,0.13047351157879036,0.30427133374441373,0.04430291182024544,1074
dejure1,wdj_expression_lag1,-0.10000001311302187,Expands Expression,3,0.5747063387452405,0.4855759316242437,0.6592313830649017,0.0447434072959493,1074
dejure1,wdj_expression_lag1,-0.06666667938232418,Mixed Outcome,2,0.2206545310249103,0.17112859298587185,0.27967736112951697,0.027707547402395432,1074
dejure1,wdj_expression_lag1,-0.06666667938232418,Contracts Expression,1,0.20543227424505062,0.1339270861052014,0.3018107483188265,0.04280629793073908,1074
dejure1,wdj_expression_lag1,-0.06666667938232418,Expands Expression,3,0.5739131947300383,0.4879554922551718,0.6556249274762471,0.043171827963343325,1074
dejure1,wdj_expression_lag1,-0.03333334565162649,Mixed Outcome,2,0.21994472961523298,0.1713665409868255,0.2776790036920097,0.027135074637966473,1074
dejure1,wdj_expression_lag1,-0.03333334565162649,Contracts Expression,1,0.2069423489794444,0.13738355753483564,0.29949203736594704,0.04134303867438626,1074
dejure1,wdj_expression_lag1,-0.03333334565162649,Expands Expression,3,0.573112921405321,0.49021755200394057,0.6520951061883878,0.04165419628842036,1074
dejure1,wdj_expression_lag1,-1.1920928910669204e-08,Mixed Outcome,2,0.21923408682283765,0.17149718933093683,0.27583482004788723,0.026629556133623916,1074
dejure1,wdj_expression_lag1,-1.1920928910669204e-08,Contracts Expression,1,0.2084604010423281,0.1408294722430753,0.29733016605702817,0.03992065423235295,1074
dejure1,wdj_expression_lag1,-1.1920928910669204e-08,Expands Expression,3,0.5723055121348295,0.49234650335517033,0.6486576672558799,0.040198307584675366,1074
dejure1,wdj_expression_lag1,0.03333332180976867,Mixed Outcome,2,0.2185226105310481,0.17151489411588017,0.27415065187107607,0.02619388675906473,1074
dejure1,wdj_expression_lag1,0.03333332180976867,Contracts Expression,1,0.2099864286806215,0.1442492480910907,0.2953421234702292,0.03854771157263348,1074
dejure1,wdj_expression_lag1,0.03333332180976867,Expands Expression,3,0.5714909607883377,0.49432493179124287,0.6453302015979071,0.03881288784504056,1074
dejure1,wdj_expression_lag1,0.06666665554046636,Mixed Outcome,2,0.2178103087870203,0.17141469992150854,0.2726316384711008,0.02583060917220337,1074
dejure1,wdj_expression_lag1,0.06666665554046636,Contracts Expression,1,0.2115204294655816,0.1476249854434717,0.29354710463406153,0.037233918274344226,1074
dejure1,wdj_expression_lag1,0.06666665554046636,Expands Expression,3,0.5706692617474002,0.49613357071403724,0.6421321890324312,0.037507619017669115,1074
dejure1,wdj_expression_lag1,0.09999998927116405,Mixed Outcome,2,0.21709718980224127,0.17119253658532202,0.2712820202598592,0.0255418132087928,1074
dejure1,wdj_expression_lag1,0.09999998927116405,Contracts Expression,1,0.21306240028655274,0.15093632831402318,0.29196664235914893,0.035990190992580974,1074
dejure1,wdj_expression_lag1,0.09999998927116405,Expands Expression,3,0.5698404099112037,0.49775134648020897,0.63908495416218,0.036293118762164324,1074
dejure1,wdj_expression_lag1,0.13333332300186163,Mixed Outcome,2,0.21638326195301053,0.17084540067287576,0.270104957529818,0.025329043055801657,1074
dejure1,wdj_expression_lag1,0.13333332300186163,Contracts Expression,1,0.21461233734477483,0.15416041631211827,0.29062464820933837,0.03482867789573875,1074
dejure1,wdj_expression_lag1,0.13333332300186163,Expands Expression,3,0.569004400702213,0.4991555539538621,0.6362114917040562,0.03518085412415545,1074
dejure1,wdj_expression_lag1,0.1666666567325592,Mixed Outcome,2,0.2156685337808712,0.17037150625021338,0.26910237993558306,0.025193220065132912,1074
dejure1,wdj_expression_lag1,0.1666666567325592,Contracts Expression,1,0.21617023614725636,0.1572719806235321,0.2895473094072245,0.0337627080131573,1074
dejure1,wdj_expression_lag1,0.1666666567325592,Expands Expression,3,0.5681612300718739,0.5003222067068658,0.6335361171270528,0.03418296664632706,1074
dejure1,wdj_expression_lag1,0.1999999904632569,Mixed Outcome,2,0.21495301399303776,0.169770390650713,0.26827488098643787,0.02513458851240478,1074
dejure1,wdj_expression_lag1,0.1999999904632569,Contracts Expression,1,0.21773609150075363,0.16024364721591342,0.2887627785143326,0.032806635362812954,1074
dejure1,wdj_expression_lag1,0.1999999904632569,Expands Expression,3,0.5673108945062105,0.5012266022609535,0.631083902199848,0.033311988305885346,1074
dejure1,wdj_expression_lag1,0.23333332419395458,Mixed Outcome,2,0.2142367114627743,0.16904296426395474,0.26762166852102104,0.025152689905007398,1074
dejure1,wdj_expression_lag1,0.23333332419395458,Contracts Expression,1,0.21930989750581012,0.16304651215329383,0.2883005910323579,0.03197554486965106,1074
dejure1,wdj_expression_lag1,0.23333332419395458,Expands Expression,3,0.5664533910314108,0.5018441267886163,0.6288798710263427,0.03258043576747255,1074
dejure1,wdj_expression_lag1,0.26666665792465216,Mixed Outcome,2,0.21351963522974607,0.16819149861253088,0.26714057689795323,0.025246368772349672,1074
dejure1,wdj_expression_lag1,0.26666665792465216,Contracts Expression,1,0.2208916475508985,0.165651039552595,0.2881907604317312,0.03128479440349858,1074
dejure1,wdj_expression_lag1,0.26666665792465216,Expands Expression,3,0.5655887172193597,0.5021512917506106,0.6269479640863284,0.03200028666532837,1074
dejure1,wdj_expression_lag1,0.29999999165534974,Mixed Outcome,2,0.21280179450032088,0.16721955329972238,0.2668281403186765,0.02541380964863822,1074
dejure1,wdj_expression_lag1,0.29999999165534974,Contracts Expression,1,0.22248133430662334,0.16802829459343663,0.2884625382269664,0.030749386690118348,1074
dejure1,wdj_expression_lag1,0.29999999165534974,Expands Expression,3,0.5647168711930564,0.5021269472724645,0.6253098254739933,0.03158236587043706,1074
dejure1,wdj_expression_lag1,0.33333332538604754,Mixed Outcome,2,0.21208319864788025,0.1661318486682222,0.2666797204422277,0.025652601766140353,1074
dejure1,wdj_expression_lag1,0.33333332538604754,Contracts Expression,1,0.22407894972004397,0.17015145893254294,0.2891428917933912,0.0303831980019586,1074
dejure1,wdj_expression_lag1,0.33333332538604754,Expands Expression,3,0.5638378516320743,0.501753561113842,0.6239835244757951,0.03133569816393634,1074
dejure1,wdj_expression_lag1,0.3666666591167451,Mixed Outcome,2,0.21136385721306028,0.16493409608926926,0.2666896763712066,0.025959825384434955,1074
dejure1,wdj_expression_lag1,0.3666666591167451,Contracts Expression,1,0.22568448500907382,0.1719974919003982,0.2902548365827689,0.03019813330882433,1074
dejure1,wdj_expression_lag1,0.3666666591167451,Expands Expression,3,0.5629516577778673,0.5010184037890087,0.6229823709244867,0.03126690832233351,1074
dejure1,wdj_expression_lag1,0.3999999928474427,Mixed Outcome,2,0.21064377990396654,0.16363280088514526,0.2668515620063609,0.026332152107144048,1074
dejure1,wdj_expression_lag1,0.3999999928474427,Contracts Expression,1,0.22729793065698048,0.17354872097260293,0.2918158392923539,0.03020331824626557,1074
dejure1,wdj_expression_lag1,0.3999999928474427,Expands Expression,3,0.5620582894390543,0.49991446040389126,0.6223140037589031,0.03137975981026615,1074
dejure1,wdj_expression_lag1,0.4333333265781403,Mixed Outcome,2,0.20992297659636178,0.16223505368774283,0.2671583349654335,0.026765951127558463,1074
dejure1,wdj_expression_lag1,0.4333333265781403,Contracts Expression,1,0.22891927640698184,0.1747941034926042,0.2938365500526319,0.030404459355367324,1074
dejure1,wdj_expression_lag1,0.4333333265781403,Expands Expression,3,0.5611577469966563,0.49844091429711707,0.6219799076976643,0.03167491081588848,1074
dejure1,wdj_expression_lag1,0.46666666030883786,Mixed Outcome,2,0.2092014573338153,0.1607483247466138,0.2676025625537072,0.027257394001363868,1074
dejure1,wdj_expression_lag1,0.46666666030883786,Contracts Expression,1,0.23054851125694006,0.1757299284091906,0.29632009491507594,0.03080349031682602,1074
dejure1,wdj_expression_lag1,0.46666666030883786,Expands Expression,3,0.5602500314092432,0.4966031175421499,0.6219754429649468,0.03214993077463947,1074
dejure1,wdj_expression_lag1,0.49999999403953566,Mixed Outcome,2,0.20847923232781995,0.15918027293104559,0.26817661303974755,0.027802551955052403,1074
dejure1,wdj_expression_lag1,0.49999999403953566,Contracts Expression,1,0.2321856234541856,0.17635982733540728,0.29926205938487527,0.03139857058005914,1074
dejure1,wdj_expression_lag1,0.49999999403953566,Expands Expression,3,0.5593351442179995,0.49441206009093647,0.622290376283648,0.03279957132586945,1074
dejure1,wdj_expression_lag1,0.5333333277702332,Mixed Outcome,2,0.2077563119578654,0.157538577635859,0.2688728240272996,0.028397481541374392,1074
dejure1,wdj_expression_lag1,0.5333333277702332,Contracts Expression,1,0.23383060049040422,0.17669410934732827,0.3026511486173455,0.032184428768601045,1074
dejure1,wdj_expression_lag1,0.5333333277702332,Expands Expression,3,0.5584130875517309,0.4918834413507379,0.6229098093396813,0.03361623885257549,1074
dejure1,wdj_expression_lag1,0.5666666615009308,Mixed Outcome,2,0.20703270677148655,0.15583079821145682,0.26968364330148864,0.029038296282779562,1074
dejure1,wdj_expression_lag1,0.5666666615009308,Contracts Expression,1,0.2354834290966762,0.17674857121990276,0.306470372638656,0.03315297327013406,1074
dejure1,wdj_expression_lag1,0.5666666615009308,Expands Expression,3,0.557483864131832,0.489036506414922,0.6238153424930348,0.03459058606254197,1074
dejure1,wdj_expression_lag1,0.5999999952316286,Mixed Outcome,2,0.20630842748426573,0.15406426238057275,0.2706017406871739,0.029721223554677732,1074
dejure1,wdj_expression_lag1,0.5999999952316286,Contracts Expression,1,0.2371440952386017,0.17654301708363698,0.3106985226458909,0.03429405051586211,1074
dejure1,wdj_expression_lag1,0.5999999952316286,Expands Expression,3,0.5565474772771274,0.48589282105878007,0.6249862996203863,0.03571213406786719,1074
dejure1,wdj_expression_lag1,0.6333333289623262,Mixed Outcome,2,0.2055834849798026,0.15224598267100106,0.271620091888878,0.030442647200856095,1074
dejure1,wdj_expression_lag1,0.6333333289623262,Contracts Expression,1,0.23881258411156392,0.17609973022896278,0.315311695711009,0.035596227080534525,1074
dejure1,wdj_expression_lag1,0.6333333289623262,Expands Expression,3,0.5556039309086334,0.4824751312557425,0.6264008683304294,0.03696985089586367,1074
dejure1,wdj_expression_lag1,0.6666666626930238,Mixed Outcome,2,0.20485789030964444,0.1503825982458634,0.2727320369311554,0.031199137214259414,1074
dejure1,wdj_expression_lag1,0.6666666626930238,Contracts Expression,1,0.24048888013607514,0.1754420893153363,0.3202846756727508,0.03704749754803545,1074
dejure1,wdj_expression_lag1,0.6666666626930238,Expands Expression,3,0.5546532295542788,0.47880640259424273,0.6280370601685102,0.03835263803041756,1074
dejure1,wdj_expression_lag1,0.6999999964237213,Mixed Outcome,2,0.2041316546931908,0.14848033859762316,0.2739313167319846,0.03198746828289547,1074
dejure1,wdj_expression_lag1,0.6999999964237213,Contracts Expression,1,0.24217296695329893,0.17459344329409407,0.32559205595611634,0.03863585989986545,1074
dejure1,wdj_expression_lag1,0.6999999964237213,Expands Expression,3,0.5536953783535112,0.47490908204217636,0.6298734483607578,0.03984970352943256,1074
dejure1,wdj_expression_lag1,0.7333333301544189,Mixed Outcome,2,0.20340478951752936,0.14654500523123595,0.2752120916840857,0.03280462917499833,1074
dejure1,wdj_expression_lag1,0.7333333301544189,Contracts Expression,1,0.24386482742063612,0.17357628424867283,0.33120906515139437,0.04034973851641209,1074
dejure1,wdj_expression_lag1,0.7333333301544189,Expands Expression,3,0.552730383061834,0.4708045821716893,0.6318896829822601,0.04145082179672404,1074
dejure1,wdj_expression_lag1,0.7666666638851167,Mixed Outcome,2,0.20267730633727263,0.14458196754103758,0.2765689460386413,0.03364782489705382,1074
dejure1,wdj_expression_lag1,0.7666666638851167,Contracts Expression,1,0.24556444360749446,0.17241170254029392,0.33711211101139477,0.04217826285020768,1074
dejure1,wdj_expression_lag1,0.7666666638851167,Expands Expression,3,0.5517582500552362,0.4665129612392105,0.6340668101524661,0.043146493658659274,1074
dejure1,wdj_expression_lag1,0.7999999976158143,Mixed Outcome,2,0.20194921687432354,0.1425961694195505,0.27799688155304986,0.03451447338852966,1074
dejure1,wdj_expression_lag1,0.7999999976158143,Contracts Expression,1,0.24727179679113204,0.17111907830790493,0.3432790888457598,0.04411142529370796,1074
dejure1,wdj_expression_lag1,0.7999999976158143,Expands Expression,3,0.5507789863345458,0.4620527602589245,0.6363874341177314,0.04492802660274838,1074
dejure1,wdj_expression_lag1,0.8333333313465119,Mixed Outcome,2,0.20122053301762405,0.1405921436064199,0.2794913033946086,0.035402198277684524,1074
dejure1,wdj_expression_lag1,0.8333333313465119,Contracts Expression,1,0.24898686745268622,0.16971595303267528,0.34968951064270176,0.04614014702762681,1074
dejure1,wdj_expression_lag1,0.8333333313465119,Expands Expression,3,0.549792599529696,0.4574409564307518,0.6388357628588832,0.04678755590993376,1074
dejure1,wdj_expression_lag1,0.8666666650772097,Mixed Outcome,2,0.20049126682284055,0.13857403130128046,0.281048000774866,0.03630881895964403,1074
dejure1,wdj_expression_lag1,0.8666666650772097,Contracts Expression,1,0.25070963527329526,0.16821802743291928,0.35632450867558907,0.04825627931285116,1074
dejure1,wdj_expression_lag1,0.8666666650772097,Expands Expression,3,0.5487990979038619,0.4526929965694353,0.6413975735763126,0.04871802520619607,1074
dejure1,wdj_expression_lag1,0.8999999988079073,Mixed Outcome,2,0.1997614305120388,0.13654560505922447,0.2826631242969179,0.03723233900630944,1074
dejure1,wdj_expression_lag1,0.8999999988079073,Contracts Expression,1,0.25244007913038763,0.16663924077058065,0.3631667585395999,0.05045256317988783,1074
dejure1,wdj_expression_lag1,0.8999999988079073,Expands Expression,3,0.5477984903575782,0.4478228810694825,0.6440601275176084,0.0507131414348402,1074
dejure1,wdj_expression_lag1,0.9333333325386048,Mixed Outcome,2,0.19903103647329415,0.1345102934394944,0.2843331615442147,0.038170933686862134,1074
dejure1,wdj_expression_lag1,0.9333333325386048,Contracts Expression,1,0.25417817709409823,0.16499189726207833,0.3702003559473717,0.05272256504506655,1074
dejure1,wdj_expression_lag1,0.9333333325386048,Expands Expression,3,0.5467907864326083,0.44284327620509106,0.6468120563487478,0.05276731554099516,1074
dejure1,wdj_expression_lag1,0.9666666662693024,Mixed Outcome,2,0.19830009726026818,0.13247120626348088,0.28605491205382544,0.039122937181130454,1074
dejure1,wdj_expression_lag1,0.9666666662693024,Contracts Expression,1,0.25592390642382185,0.16328681518468743,0.37741067169992976,0.05506060072204228,1074
dejure1,wdj_expression_lag1,0.9666666662693024,Expands Expression,3,0.5457759963159096,0.43776563901387633,0.6496432358214107,0.054875596870228194,1074
dejure1,wdj_expression_lag1,1.0,Mixed Outcome,2,0.19756862559174865,0.1304311596523147,0.28782546250519697,0.04008682990853455,1074
dejure1,wdj_expression_lag1,1.0,Contracts Expression,1,0.25767724356493354,0.16153348234670942,0.3847842011813951,0.05746165617452367,1074
dejure1,wdj_expression_lag1,1.0,Expands Expression,3,0.5447541308433196,0.43260034421669163,0.6525446572846085,0.05703360663105174,1074
dejure2,wdj_expression_lag1,-0.6666666865348816,Mixed Outcome,2,0.2959579175234904,0.21781941308216402,0.3882148086169531,0.043778935312988994,1074
dejure2,wdj_expression_lag1,-0.6666666865348816,Contracts Expression,1,0.14618667327828427,0.078891131347914,0.2549950044600489,0.044111927744635446,1074
dejure2,wdj_expression_lag1,-0.6666666865348816,Expands Expression,3,0.5578554091982257,0.4499516977773822,0.6605601783595303,0.05453249070067296,1074
dejure2,wdj_expression_lag1,-0.633333352804184,Mixed Outcome,2,0.29313351825221734,0.21717028855761894,0.3826787259953043,0.04250130146847605,1074
dejure2,wdj_expression_lag1,-0.633333352804184,Contracts Expression,1,0.14845503275557914,0.08161703010257333,0.25483984654699665,0.04345997878617938,1074
dejure2,wdj_expression_lag1,-0.633333352804184,Expands Expression,3,0.5584114489922036,0.4528600954752222,0.6589360001976617,0.05332424606191263,1074
dejure2,wdj_expression_lag1,-0.6000000190734863,Mixed Outcome,2,0.2903171245275316,0.2165122508015502,0.3771693359148715,0.04123512077487026,1074
dejure2,wdj_expression_lag1,-0.6000000190734863,Contracts Expression,1,0.15074732398181634,0.08441600592199197,0.25470041216558065,0.04278732669749975,1074
dejure2,wdj_expression_lag1,-0.6000000190734863,Expands Expression,3,0.5589355514906528,0.45573939704003263,0.6572793350730919,0.052117460999398554,1074
dejure2,wdj_expression_lag1,-0.5666666853427886,Mixed Outcome,2,0.2875089423467427,0.21584493981295663,0.37168841406513786,0.03998082115948295,1074
dejure2,wdj_expression_lag1,-0.5666666853427886,Contracts Expression,1,0.15306354852521725,0.08728841410320756,0.25457808797398485,0.042094461635211945,1074
dejure2,wdj_expression_lag1,-0.5666666853427886,Expands Expression,3,0.5594275091280411,0.45858879494482013,0.6555900606937844,0.05091225905492587,1074
dejure2,wdj_expression_lag1,-0.5333333516120911,Mixed Outcome,2,0.2847091772997153,0.21516794901682712,0.3662377696287511,0.038738852347131446,1074
dejure2,wdj_expression_lag1,-0.5333333516120911,Contracts Expression,1,0.15540370241027396,0.09023443383555108,0.2544744155082782,0.04138196453405094,1074
dejure2,wdj_expression_lag1,-0.5333333516120911,Expands Expression,3,0.5598871202900112,0.4614073956130956,0.6538681564391665,0.04970881263048581,1074
dejure2,wdj_expression_lag1,-0.5000000178813935,Mixed Outcome,2,0.28191803449687186,0.21448081910290342,0.3608192503454583,0.037509688929101385,1074
dejure2,wdj_expression_lag1,-0.5000000178813935,Contracts Expression,1,0.15776777607131404,0.09325404294122334,0.2543911125990557,0.04065051831608553,1074
dejure2,wdj_expression_lag1,-0.5000000178813935,Expands Expression,3,0.5603141894318143,0.4641942036566309,0.6521137193199014,0.04850735101550671,1074
dejure2,wdj_expression_lag1,-0.4666666841506958,Mixed Outcome,2,0.2791357184963625,0.21378303096599577,0.35543474849557727,0.03629383389049307,1074
dejure2,wdj_expression_lag1,-0.4666666841506958,Contracts Expression,1,0.16015575430878512,0.09634698914425793,0.25433009809725776,0.03990092078478295,1074
dejure2,wdj_expression_lag1,-0.4666666841506958,Expands Expression,3,0.5607085271948526,0.4669481038902054,0.6503269822017859,0.0473081695459216,1074
dejure2,wdj_expression_lag1,-0.43333335041999815,Mixed Outcome,2,0.27636243323044646,0.2130739976031581,0.3500862079495928,0.03509182266986938,1074
dejure2,wdj_expression_lag1,-0.43333335041999815,Contracts Expression,1,0.16256761624827457,0.09951275733096387,0.254293520450636,0.03913409948014399,1074
dejure2,wdj_expression_lag1,-0.43333335041999815,Expands Expression,3,0.5610699505212776,0.4696678407707808,0.6485083346528502,0.04611164007702395,1074
dejure2,wdj_expression_lag1,-0.4000000166893005,Mixed Outcome,2,0.27359838193116376,0.21235305480182515,0.34477563245096193,0.03390422783575016,1074
dejure2,wdj_expression_lag1,-0.4000000166893005,Contracts Expression,1,0.16500333530231617,0.10275053218914926,0.25428379074477103,0.03835112880946501,1074
dejure2,wdj_expression_lag1,-0.4000000166893005,Expands Expression,3,0.5613982827665202,0.47235199484961826,0.646658346831542,0.0449182229822747,1074
dejure2,wdj_expression_lag1,-0.3666666829586029,Mixed Outcome,2,0.2708437670553414,0.21161945042513194,0.339505095327601,0.03273166447887474,1074
dejure2,wdj_expression_lag1,-0.3666666829586029,Contracts Expression,1,0.1674628791350042,0.10605915552418636,0.25430362091844017,0.03755324981589441,1074
dejure2,wdj_expression_lag1,-0.3666666829586029,Expands Expression,3,0.561693353809656,0.47499895575831724,0.6447777969013722,0.04372848092489098,1074
dejure2,wdj_expression_lag1,-0.33333334922790525,Mixed Outcome,2,0.2680987902090211,0.21087233207288925,0.33427675085483266,0.0315747964331902,1074
dejure2,wdj_expression_lag1,-0.33333334922790525,Contracts Expression,1,0.16994620962944695,0.10943707746898332,0.25435606793959414,0.03674189298780677,1074
dejure2,wdj_expression_lag1,-0.33333334922790525,Expands Expression,3,0.5619550001615344,0.47760689117463473,0.6428677025324475,0.04254309468762492,1074
dejure2,wdj_expression_lag1,-0.3000000154972076,Mixed Outcome,2,0.26536365207135465,0.2101107328645543,0.32909284752481255,0.03043434345495073,1074
dejure2,wdj_expression_lag1,-0.3000000154972076,Contracts Expression,1,0.1724532828580869,0.11288230072155446,0.25444458481714405,0.03591870455657151,1074
dejure2,wdj_expression_lag1,-0.3000000154972076,Expands Expression,3,0.5621830650705598,0.4801737111311097,0.6409293571328202,0.041362881388666985,1074
dejure2,wdj_expression_lag1,-0.26666668176651,Mixed Outcome,2,0.2626385523180641,0.20933355505822193,0.3239557435096675,0.029311089505767777,1074
dejure2,wdj_expression_lag1,-0.26666668176651,Contracts Expression,1,0.17498404905590517,0.11639231688560726,0.2545730793802048,0.03508557676041564,1074
dejure2,wdj_expression_lag1,-0.26666668176651,Expands Expression,3,0.5623773986260302,0.482697026946004,0.6389643715360545,0.040188815454592866,1074
dejure2,wdj_expression_lag1,-0.23333334803581235,Mixed Outcome,2,0.2599236895445113,0.2085395511871807,0.31886792463806424,0.02820589230201334,1074
dejure2,wdj_expression_lag1,-0.23333334803581235,Contracts Expression,1,0.1775384525965282,0.11996403396463715,0.25474598178495383,0.03424468256663886,1074
dejure2,wdj_expression_lag1,-0.23333334803581235,Expands Expression,3,0.5625378578589606,0.485174103969345,0.6369747219576666,0.039022052765959665,1074
dejure2,wdj_expression_lag1,-0.20000001430511472,Mixed Outcome,2,0.257219261188463,0.20772730236924766,0.3138320252308839,0.02711969430629175,1074
dejure2,wdj_expression_lag1,-0.20000001430511472,Contracts Expression,1,0.1801164319712592,0.12359369410962741,0.25496832165821265,0.03339851531996254,1074
dejure2,wdj_expression_lag1,-0.20000001430511472,Expands Expression,3,0.5626643068402779,0.48760180726754954,0.634962805102228,0.03786395842707338,1074
dejure2,wdj_expression_lag1,-0.16666668057441703,Mixed Outcome,2,0.25452546345263216,0.20689519342541055,0.30885085216079644,0.026053535346313102,1074
dejure2,wdj_expression_lag1,-0.16666668057441703,Contracts Expression,1,0.18271791977103255,0.12727678087862102,0.2552458156333957,0.03254993370667269,1074
dejure2,wdj_expression_lag1,-0.16666668057441703,Expands Expression,3,0.5627566167763358,0.4899765393209801,0.6329315013514699,0.036716138637220674,1074
dejure2,wdj_expression_lag1,-0.13333334684371945,Mixed Outcome,2,0.251842491227051,0.20604138444853934,0.30392741249566063,0.025008567044122253,1074
dejure2,wdj_expression_lag1,-0.13333334684371945,Contracts Expression,1,0.18534284267131845,0.13100791561566938,0.25558496568312533,0.031702212247285866,1074
dejure2,wdj_expression_lag1,-0.13333334684371945,Expands Expression,3,0.5628146661016312,0.4922941688210132,0.6308842469513064,0.035580477135308,1074
dejure2,wdj_expression_lag1,-0.10000001311302187,Mixed Outcome,2,0.24917053801137756,0.2051637784987209,0.29906494505034315,0.02398606922042733,1074
dejure2,wdj_expression_lag1,-0.10000001311302187,Contracts Expression,1,0.18799112141996724,0.1347807431770195,0.2559931680363093,0.030859097217066377,1074
dejure2,wdj_expression_lag1,-0.10000001311302187,Expands Expression,3,0.5628383405686538,0.49454994974550665,0.6288251160225308,0.034459176643846866,1074
dejure2,wdj_expression_lag1,-0.06666667938232418,Mixed Outcome,2,0.24650979583719004,0.2042599851964678,0.29426695607628145,0.022987468390204453,1074
dejure2,wdj_expression_lag1,-0.06666667938232418,Contracts Expression,1,0.1906626708280086,0.13858780826477562,0.2564788314350603,0.030024867369679496,1074
dejure2,wdj_expression_lag1,-0.06666667938232418,Expands Expression,3,0.5628275333348022,0.4967384301434306,0.626758912967874,0.03335480561114769,1074
dejure2,wdj_expression_lag1,-0.03333334565162649,Mixed Outcome,2,0.24386045519035987,0.20332728016611606,0.2895372591373167,0.022014358373306116,1074
dejure2,wdj_expression_lag1,-0.03333334565162649,Contracts Expression,1,0.1933573997633936,0.14242042522846532,0.25705150188939246,0.029204398026827172,1074
dejure2,wdj_expression_lag1,-0.03333334565162649,Expands Expression,3,0.5627821450462474,0.4988533505346215,0.6246912753719442,0.0322703503098104,1074
dejure2,wdj_expression_lag1,-1.1920928910669204e-08,Mixed Outcome,2,0.24122270493358539,0.20236256059788502,0.2848800189039552,0.02106852288224863,1074
dejure2,wdj_expression_lag1,-1.1920928910669204e-08,Contracts Expression,1,0.1960752111476914,0.1462685465660546,0.25772198871566676,0.02840322589080446,1074
dejure2,wdj_expression_lag1,-1.1920928910669204e-08,Expands Expression,3,0.5627020839187247,0.5008875326586858,0.622628786662139,0.031209271929294933,1074
dejure2,wdj_expression_lag1,0.03333332180976867,Mixed Outcome,2,0.238596732229148,0.20136229770877268,0.2802997980864841,0.020151959688015735,1074
dejure2,wdj_expression_lag1,0.03333332180976867,Contracts Expression,1,0.19881600195572025,0.15012063867944145,0.258502483325183,0.027627610247124693,1074
dejure2,wdj_expression_lag1,0.03333332180976867,Expands Expression,3,0.5625872658151321,0.5028327606345269,0.6205790964702264,0.03017556762557062,1074
dejure2,wdj_expression_lag1,0.06666665554046636,Mixed Outcome,2,0.23598272246199453,0.20032248767277885,0.27580160593681724,0.01926690556108798,1074
dejure2,wdj_expression_lag1,0.06666665554046636,Contracts Expression,1,0.20157966321811752,0.15396357786391943,0.25940665780422995,0.02688458397259754,1074
dejure2,wdj_expression_lag1,0.06666665554046636,Expands Expression,3,0.562437614319888,0.5046796586101284,0.6185510446154282,0.029173833464167277,1074
dejure2,wdj_expression_lag1,0.09999998927116405,Mixed Outcome,2,0.23338085916320123,0.1992386037540415,0.2713909455860432,0.018415860591091796,1074
dejure2,wdj_expression_lag1,0.09999998927116405,Contracts Expression,1,0.2043660800268263,0.15778258497877862,0.2604497248615505,0.02618198498173069,1074
dejure2,wdj_expression_lag1,0.09999998927116405,Expands Expression,3,0.5622530608099715,0.5064175719050702,0.6165547817061979,0.0282093257050202,1074
dejure2,wdj_expression_lag1,0.13333332300186163,Mixed Outcome,2,0.23079132393392077,0.19810555402092822,0.26707385583985044,0.01760160964878735,1074
dejure2,wdj_expression_lag1,0.13333332300186163,Contracts Expression,1,0.20717513154349637,0.1615612233511219,0.26164843461483756,0.025528455636687614,1074
dejure2,wdj_expression_lag1,0.13333332300186163,Expands Expression,3,0.5620335445225814,0.5080344626564144,0.6146018753488184,0.02728801483600449,1074
dejure2,wdj_expression_lag1,0.1666666567325592,Mixed Outcome,2,0.22821429636987015,0.19691765122085003,0.2628569408522972,0.016827237630067368,1074
dejure2,wdj_expression_lag1,0.1666666567325592,Contracts Expression,1,0.21000669101077007,0.16528149016477123,0.2630209779898557,0.02493339474509027,1074
dejure2,wdj_expression_lag1,0.1666666567325592,Expands Expression,3,0.5617790126193595,0.509516836138628,0.6127053857899875,0.02641662413262567,1074
dejure2,wdj_expression_lag1,0.1999999904632569,Mixed Outcome,2,0.2256499539864606,0.1956686041575667,0.25874737833652084,0.01609613371161427,1074
dejure2,wdj_expression_lag1,0.1999999904632569,Contracts Expression,1,0.21286062576645168,0.168924034975483,0.2645867631165505,0.024406845045840734,1074
dejure2,wdj_expression_lag1,0.1999999904632569,Expands Expression,3,0.5614894202470868,0.5108497200165727,0.6108798887312328,0.025602641417325177,1074
dejure2,wdj_expression_lag1,0.23333332419395458,Mixed Outcome,2,0.22309847214462653,0.19435154306041127,0.2547528938226508,0.015411978240745545,1074
dejure2,wdj_expression_lag1,0.23333332419395458,Contracts Expression,1,0.21573679726052442,0.17246853719679522,0.2663660329054894,0.02395930000210466,1074
dejure2,wdj_expression_lag1,0.23333332419395458,Expands Expression,3,0.561164730594849,0.5120167250381233,0.6091414168045314,0.024854289504670214,1074
dejure2,wdj_expression_lag1,0.26666665792465216,Mixed Outcome,2,0.2205600239774513,0.19295909446143092,0.2508816854474674,0.014778704336980746,1074
dejure2,wdj_expression_lag1,0.26666665792465216,Contracts Expression,1,0.2186350610750034,0.17589426399168592,0.2683793023966389,0.023601419026986144,1074
dejure2,wdj_expression_lag1,0.26666665792465216,Expands Expression,3,0.5608049149475446,0.5130002204874432,0.607507286382948,0.024180438359091214,1074
dejure2,wdj_expression_lag1,0.29999999165534974,Mixed Outcome,2,0.21803478031764764,0.19148352303187655,0.24714228182376058,0.014200425294162848,1074
dejure2,wdj_expression_lag1,0.29999999165534974,Contracts Expression,1,0.22155526694659358,0.17918080814658882,0.2706466163331598,0.023343651407411264,1074
dejure2,wdj_expression_lag1,0.29999999165534974,Expands Expression,3,0.5604099527357578,0.5137816584367163,0.605995775682315,0.023590441617626107,1074
dejure2,wdj_expression_lag1,0.33333332538604754,Mixed Outcome,2,0.21552290962598805,0.1899169570838799,0.24354331628390874,0.013681319252059178,1074
dejure2,wdj_expression_lag1,0.33333332538604754,Contracts Expression,1,0.22449725879213048,0.18230897205315633,0.2731866608631164,0.02319578623483571,1074
dejure2,wdj_expression_lag1,0.33333332538604754,Expands Expression,3,0.5599798315818807,0.514342073914773,0.6046256270282744,0.023093883644730747,1074
dejure2,wdj_expression_lag1,0.3666666591167451,Mixed Outcome,2,0.21302457792073928,0.18825170899595198,0.24009320623839692,0.013225465385503081,1074
dejure2,wdj_expression_lag1,0.3666666591167451,Contracts Expression,1,0.22746087473677162,0.18526172367776866,0.2760158035187689,0.023166466150624832,1074
dejure2,wdj_expression_lag1,0.3666666591167451,Expands Expression,3,0.5595145473424882,0.5146627699638977,0.6034153643091305,0.022700232521158832,1074
dejure2,wdj_expression_lag1,0.3999999928474427,Mixed Outcome,2,0.2105399487081987,0.18648068974172521,0.23679973846996374,0.012836632023655394,1074
dejure2,wdj_expression_lag1,0.3999999928474427,Contracts Expression,1,0.23044594714491498,0.18802511411448727,0.27914717190741367,0.02326272118382289,1074
dejure2,wdj_expression_lag1,0.3999999928474427,Expands Expression,3,0.5590141041468871,0.5147261655215192,0.6023824476682763,0.022418410171559693,1074
dejure2,wdj_expression_lag1,0.4333333265781403,Mixed Outcome,2,0.20806918291437507,0.18459789741746704,0.23366958046713848,0.012518026953654815,1074
dejure2,wdj_expression_lag1,0.4333333265781403,Contracts Expression,1,0.23345230265380584,0.19058902836562552,0.28258989949803465,0.023489588073510228,1074
dejure2,wdj_expression_lag1,0.4333333265781403,Expands Expression,3,0.5584785144318187,0.5145167430207206,0.6015423285318936,0.02225631174053662,1074
dejure2,wdj_expression_lag1,0.46666666030883786,Mixed Outcome,2,0.20561243881792124,0.1825989354984785,0.23070776206699578,0.01227203249751158,1074
dejure2,wdj_expression_lag1,0.46666666030883786,Contracts Expression,1,0.236479762209807,0.19294765323406227,0.2863486546504109,0.023849874186932924,1074
dejure2,wdj_expression_lag1,0.46666666030883786,Expands Expression,3,0.5579077989722698,0.5140219909536048,0.600907509716332,0.022220327544683987,1074
dejure2,wdj_expression_lag1,0.49999999403953566,Mixed Outcome,2,0.20316987198434963,0.18048149384156487,0.227917194389099,0.012099959545932562,1074
dejure2,wdj_expression_lag1,0.49999999403953566,Contracts Expression,1,0.23952814110729154,0.19509959068965704,0.2904235245513264,0.02434410243018564,1074
dejure2,wdj_expression_lag1,0.49999999403953566,Expands Expression,3,0.5573019869083597,0.513233209380544,0.600486742619456,0.022314934816708955,1074
dejure2,wdj_expression_lag1,0.5333333277702332,Mixed Outcome,2,0.2007416352016251,0.17824571356905522,0.2252983049249733,0.012001860802552666,1074
dejure2,wdj_expression_lag1,0.5333333277702332,Contracts Expression,1,0.24259724903012858,0.19704761038830151,0.29481026040722663,0.02497064022507024,1074
dejure2,wdj_expression_lag1,0.5333333277702332,Expands Expression,3,0.5566611157682465,0.5121460485925731,0.6002844912751334,0.02254242532334182,1074
dejure2,wdj_expression_lag1,0.5666666615009308,Mixed Outcome,2,0.19832787841719313,0.17589436459069047,0.22284886002588225,0.011976439610319621,1074
dejure2,wdj_expression_lag1,0.5666666615009308,Contracts Expression,1,0.24568689009572053,0.19879810042740556,0.2995008248384629,0.02572598227833389,1074
dejure2,wdj_expression_lag1,0.5666666615009308,Expands Expression,3,0.5559852314870866,0.5107606895036395,0.6003007546796595,0.022902815387196643,1074
dejure2,wdj_expression_lag1,0.5999999952316286,Mixed Outcome,2,0.19592874867649718,0.17343279411521423,0.22056401643656282,0.012021075636114962,1074
dejure2,wdj_expression_lag1,0.5999999952316286,Contracts Expression,1,0.2487968629015603,0.20036032064756062,0.3044841371879678,0.026605133830593198,1074
dejure2,wdj_expression_lag1,0.5999999952316286,Expands Expression,3,0.5552743884219442,0.5090816408629792,0.6005312722842228,0.023393950952602705,1074
dejure2,wdj_expression_lag1,0.6333333289623262,Mixed Outcome,2,0.19354439006306376,0.17086864893866743,0.21843659908725938,0.012131966018709524,1074
dejure2,wdj_expression_lag1,0.6333333289623262,Contracts Expression,1,0.2519269605742696,0.2017455772950137,0.30974689795609867,0.02760203371553711,1074
dejure2,wdj_expression_lag1,0.6333333289623262,Expands Expression,3,0.5545286493626655,0.5071172019184389,0.6009680640061934,0.024011782870292837,1074
dejure2,wdj_expression_lag1,0.6666666626930238,Mixed Outcome,2,0.19117494364020232,0.16821141884369242,0.21645755780891293,0.012304357852860008,1074
dejure2,wdj_expression_lag1,0.6666666626930238,Contracts Expression,1,0.255076970821072,0.20296642401875215,0.315274387409316,0.02870996365974302,1074
dejure2,wdj_expression_lag1,0.6666666626930238,Expands Expression,3,0.5537480855387243,0.5048786954714964,0.6016001998015559,0.0247507588982123,1074
dejure2,wdj_expression_lag1,0.6999999964237213,Mixed Outcome,2,0.1888205473943749,0.16547187801847327,0.2146165260620134,0.012532832786347262,1074
dejure2,wdj_expression_lag1,0.6999999964237213,Contracts Expression,1,0.25824667598367224,0.20403596307427135,0.32105116451122695,0.029921906151590984,1074
dejure2,wdj_expression_lag1,0.6999999964237213,Expands Expression,3,0.5529327766219536,0.502379599815844,0.6024146702885168,0.025604266936600673,1074
dejure2,wdj_expression_lag1,0.7333333301544189,Mixed Outcome,2,0.18648133618030394,0.1626615081644703,0.21290239800922092,0.01281160104927663,1074
dejure2,wdj_expression_lag1,0.7333333301544189,Contracts Expression,1,0.2614358530944887,0.20496728526487915,0.3270616276628528,0.031230831257171337,1074
dejure2,wdj_expression_lag1,0.7333333301544189,Expands Expression,3,0.5520828107252076,0.4996346980997842,0.6033972398637109,0.026565069109488176,1074
dejure2,wdj_expression_lag1,0.7666666638851167,Mixed Outcome,2,0.18415744166785974,0.15979197309509405,0.21130385412876343,0.013134769302304405,1074
dejure2,wdj_expression_lag1,0.7666666638851167,Contracts Expression,1,0.2646442739352221,0.20577305712200647,0.3332904287666775,0.03262990809054027,1074
dejure2,wdj_expression_lag1,0.7666666638851167,Expands Expression,3,0.5511982843969165,0.49665933130125567,0.6045331961032578,0.02762568280823276,1074
dejure2,wdj_expression_lag1,0.7999999976158143,Mixed Outcome,2,0.18184899229077126,0.15687468921548603,0.20980979097717226,0.013496559649874881,1074
dejure2,wdj_expression_lag1,0.7999999976158143,Contracts Expression,1,0.267871705097685,0.20646524344030626,0.33972275251199807,0.03411264704711585,1074
dejure2,wdj_expression_lag1,0.7999999976158143,Expands Expression,3,0.5502793026115436,0.49346880136211685,0.6058079488826729,0.02877868502297897,1074
dejure2,wdj_expression_lag1,0.8333333313465119,Mixed Outcome,2,0.1795561131972309,0.1539205095351109,0.20840963744927368,0.013891470803380686,1074
dejure2,wdj_expression_lag1,0.8333333313465119,Contracts Expression,1,0.27111790804687785,0.2070549426025476,0.3463444834550636,0.03567298435382538,1074
dejure2,wdj_expression_lag1,0.8333333313465119,Expands Expression,3,0.5493259787558925,0.4900779361428146,0.6072074675348005,0.030016934065252483,1074
dejure2,wdj_expression_lag1,0.8666666650772097,Mixed Outcome,2,0.17727892620240654,0.1509395178396339,0.20709356090732234,0.01431438310460126,1074
dejure2,wdj_expression_lag1,0.8666666650772097,Contracts Expression,1,0.27438263918626205,0.2075523089092897,0.3531422866876737,0.0373053221271501,1074
dejure2,wdj_expression_lag1,0.8666666650772097,Expands Expression,3,0.5483384346113315,0.48650080370016857,0.6087185685236504,0.03133371508906999,1074
dejure2,wdj_expression_lag1,0.8999999988079073,Mixed Outcome,2,0.1750175497429336,0.1479409169110284,0.20585257928975875,0.014760615618901405,1074
dejure2,wdj_expression_lag1,0.8999999988079073,Contracts Expression,1,0.27766564992518755,0.20796653761382186,0.3601036263961918,0.03900453636480807,1074
dejure2,wdj_expression_lag1,0.8999999988079073,Expands Expression,3,0.5473168003318784,0.48275055055057753,0.6103290789517692,0.0327228223507157,1074
dejure2,wdj_expression_lag1,0.9333333325386048,Mixed Outcome,2,0.1727720988334001,0.14493298950305292,0.2046786004912538,0.015225946152307036,1074
dejure2,wdj_expression_lag1,0.9333333325386048,Contracts Expression,1,0.28096668674842523,0.20830589214992584,0.36721674282348915,0.04076596335868931,1074
dejure2,wdj_expression_lag1,0.9333333325386048,Expands Expression,3,0.5462612144181751,0.47883933467028894,0.6120279051303801,0.03417859312899729,1074
dejure2,wdj_expression_lag1,0.9666666662693024,Mixed Outcome,2,0.17054268502488099,0.1419231108675638,0.20356441021740537,0.015706605002930227,1074
dejure2,wdj_expression_lag1,0.9666666662693024,Contracts Expression,1,0.2842854912877758,0.20857775751123564,0.3744706036726576,0.04258537273041766,1074
dejure2,wdj_expression_lag1,0.9666666662693024,Expands Expression,3,0.5451718236873433,0.4747783256622761,0.6138050337633152,0.035695907362597715,1074
dejure2,wdj_expression_lag1,1.0,Mixed Outcome,2,0.1683294163655413,0.13891779458812906,0.20250362655663615,0.016199251748016296,1074
dejure2,wdj_expression_lag1,1.0,Contracts Expression,1,0.287621800395702,0.20878870797345703,0.38185484175245743,0.04445893312643536,1074
dejure2,wdj_expression_lag1,1.0,Expands Expression,3,0.5440487832387555,0.4705777489746599,0.6156514888414356,0.037270164782851604,1074
dejure3,wdj_press_lag1,-0.8888888955116272,Mixed Outcome,2,0.48628865258462745,0.2870496183207025,0.6899827064124917,0.10896306213219242,1074
dejure3,wdj_press_lag1,-0.8888888955116272,Contracts Expression,1,0.22208331019381566,0.08333610641873676,0.4727084679997112,0.10086438076698234,1074
dejure3,wdj_press_lag1,-0.8888888955116272,Expands Expression,3,0.29162803722155833,0.1727600248301143,0.44799153926308605,0.07153542070350334,1074
dejure3,wdj_press_lag1,-0.8533333396911621,Mixed Outcome,2,0.47465340439883175,0.2839590166000293,0.6730386427906182,0.10476188164179974,1074
dejure3,wdj_press_lag1,-0.8533333396911621,Contracts Expression,1,0.2239748842603836,0.08737103216301476,0.4652719304838117,0.09785997795094302,1074
dejure3,wdj_press_lag1,-0.8533333396911621,Expands Expression,3,0.30137171134077945,0.1825680891612738,0.45450012531006084,0.07071387438941165,1074
dejure3,wdj_press_lag1,-0.817777783870697,Mixed Outcome,2,0.4630087976022058,0.28077883411888793,0.6556865245720213,0.10051575402508794,1074
dejure3,wdj_press_lag1,-0.817777783870697,Contracts Expression,1,0.2257432808225395,0.09147931142766345,0.4577744854460992,0.09481271648073626,1074
dejure3,wdj_press_lag1,-0.817777783870697,Expands Expression,3,0.311247921575255,0.1927347133738671,0.4610178797752372,0.06978680356332934,1074
dejure3,wdj_press_lag1,-0.7822222280502319,Mixed Outcome,2,0.4513678079559612,0.27750975439993053,0.6379682062962095,0.09623852191473546,1074
dejure3,wdj_press_lag1,-0.7822222280502319,Contracts Expression,1,0.22738465332644936,0.09565155011224465,0.45022203939320304,0.09172902676353935,1074
dejure3,wdj_press_lag1,-0.7822222280502319,Expands Expression,3,0.3212475387175919,0.2032554069185495,0.4675411555652432,0.06875591845461053,1074
dejure3,wdj_press_lag1,-0.7466666722297668,Mixed Outcome,2,0.4397434860864143,0.2741522575146501,0.6199298058112047,0.09194432760849965,1074
dejure3,wdj_press_lag1,-0.7466666722297668,Contracts Expression,1,0.22889549392375327,0.09987759839733021,0.442621040103804,0.0886154389478597,1074
dejure3,wdj_press_lag1,-0.7466666722297668,Expands Expression,3,0.3313610199898328,0.21412398209984332,0.47406635438479994,0.06762344094648834,1074
dejure3,wdj_press_lag1,-0.7111111164093018,Mixed Outcome,2,0.42814889863751854,0.27070656535049537,0.6016213883834297,0.08764754827364891,1074
dejure3,wdj_press_lag1,-0.7111111164093018,Contracts Expression,1,0.23027265311349746,0.1041465686237262,0.4349785424522695,0.08547858739033946,1074
dejure3,wdj_press_lag1,-0.7111111164093018,Expands Expression,3,0.3415784482489858,0.22533248177241666,0.48058998265525676,0.06639211613787437,1074
dejure3,wdj_press_lag1,-0.6755555605888367,Mixed Outcome,2,0.41659706875300945,0.2671725774705989,0.5830965809724182,0.08336273487693369,1074
dejure3,wdj_press_lag1,-0.6755555605888367,Contracts Expression,1,0.2315133570550314,0.10844684645539512,0.42730228845310075,0.08232522435077837,1074
dejure3,wdj_press_lag1,-0.6755555605888367,Expands Expression,3,0.3518895741919599,0.23687110997764724,0.4871087171515209,0.06506522526189996,1074
dejure3,wdj_press_lag1,-0.6400000047683716,Mixed Outcome,2,0.4051009164600354,0.2635497958097963,0.5644121260135413,0.07910455689904063,1074
dejure3,wdj_press_lag1,-0.6400000047683716,Contracts Expression,1,0.23261522236227153,0.11276609083292605,0.4196008040362872,0.07916224455035123,1074
dejure3,wdj_press_lag1,-0.6400000047683716,Expands Expression,3,0.3622838611776941,0.24872816428119773,0.4936194818864883,0.06364660102567872,1074
dejure3,wdj_press_lag1,-0.6044444489479065,Mixed Outcome,2,0.39367319953353835,0.2598372361800541,0.5456273870370247,0.07488775503310126,1074
dejure3,wdj_press_lag1,-0.6044444489479065,Contracts Expression,1,0.23357626822042168,0.11709121749473424,0.41188351556589936,0.07599672246702141,1074
dejure3,wdj_press_lag1,-0.6044444489479065,Expands Expression,3,0.37275053224603916,0.2608899680432775,0.5001195381234816,0.06214064665863185,1074
dejure3,wdj_press_lag1,-0.5688888931274414,Mixed Outcome,2,0.38232645541838056,0.2560333243116333,0.5268038211000037,0.07072710417147547,1074
dejure3,wdj_press_lag1,-0.5688888931274414,Contracts Expression,1,0.23439492570022968,0.12140836006085982,0.4041608897244335,0.07283596453559714,1074
dejure3,wdj_press_lag1,-0.5688888931274414,Expands Expression,3,0.38327861888138964,0.27334080023680707,0.5066065898411065,0.06055236021911243,1074
dejure3,wdj_press_lag1,-0.5333333373069763,Mixed Outcome,2,0.37107294477431607,0.25213577400870596,0.5080044351024922,0.06663738901475365,1074
dejure3,wdj_press_lag1,-0.5333333373069763,Contracts Expression,1,0.23507004418064859,0.1257028018152152,0.39644460116059765,0.06968757879055859,1074
dejure3,wdj_press_lag1,-0.5333333373069763,Expands Expression,3,0.3938570110450317,0.28606281970979686,0.5130789075327246,0.058887366021187146,1074
dejure3,wdj_press_lag1,-0.49777778148651125,Mixed Outcome,2,0.3599245971876587,0.24814144507808147,0.48929324435078964,0.0626333945268563,1074
dejure3,wdj_press_lag1,-0.49777778148651125,Contracts Expression,1,0.23560089482836666,0.12995887040630277,0.3887477332050233,0.0665595649240959,1074
dejure3,wdj_press_lag1,-0.49777778148651125,Expands Expression,3,0.40447450798397006,0.2990359799577591,0.5195354739064877,0.05715195541156798,1074
dejure3,wdj_press_lag1,-0.46222222566604615,Mixed Outcome,2,0.34889295956311284,0.24404617921950206,0.4707347519152719,0.058729913097986114,1074
dejure3,wdj_press_lag1,-0.46222222566604615,Contracts Expression,1,0.23598717112076173,0.13415978674599885,0.3810850179817693,0.06346042821752788,1074
dejure3,wdj_press_lag1,-0.46222222566604615,Expands Expression,3,0.4151198693161265,0.31223792952515,0.5259761558702548,0.055353139555321985,1074
dejure3,wdj_press_lag1,-0.42666666984558105,Mixed Outcome,2,0.33798914767052207,0.23984461342192234,0.45239346598358304,0.05494176947262195,1074
dejure3,wdj_press_lag1,-0.42666666984558105,Contracts Expression,1,0.2362289864369958,0.13828745856432553,0.37347312321282433,0.060399321259337405,1074
dejure3,wdj_press_lag1,-0.42666666984558105,Expands Expression,3,0.42578186589247946,0.32564389210237304,0.532401908130761,0.053498717374515156,1074
dejure3,wdj_press_lag1,-0.391111114025116,Mixed Outcome,2,0.3272238012752426,0.23552997320152128,0.4343334689277747,0.05128386294403393,1074
dejure3,wdj_press_lag1,-0.391111114025116,Contracts Expression,1,0.236326868779162,0.14232220862478276,0.36593099369888543,0.05738621766368269,1074
dejure3,wdj_press_lag1,-0.391111114025116,Expands Expression,3,0.4364493299455908,0.3392265192820624,0.538815014751866,0.051597362298849384,1074
dejure3,wdj_press_lag1,-0.3555555582046509,Mixed Outcome,2,0.3166070432281342,0.23109385320402434,0.41661804526744156,0.047771223520924395,1074
dejure3,wdj_press_lag1,-0.3555555582046509,Contracts Expression,1,0.2362817527209294,0.14624242807994545,0.3584802552645373,0.05443212185055381,1074
dejure3,wdj_press_lag1,-0.3555555582046509,Expands Expression,3,0.4471112040509333,0.35295570790259156,0.545219375986254,0.04965873197326062,1074
dejure3,wdj_press_lag1,-0.3200000023841858,Mixed Outcome,2,0.30614844283339165,0.22652600167510878,0.39930936481055274,0.04441907402465232,1074
dejure3,wdj_press_lag1,-0.3200000023841858,Contracts Expression,1,0.23609496871458918,0.15002414780025689,0.3511456869550851,0.051549317861959626,1074
dejure3,wdj_press_lag1,-0.3200000023841858,Expands Expression,3,0.4577565884520192,0.3667983732110393,0.5516208483415943,0.047693605384759606,1074
dejure3,wdj_press_lag1,-0.2844444465637207,Mixed Outcome,2,0.2958569837507151,0.22181413996733226,0.3824682002186501,0.041242882414338065,1074
dejure3,wdj_press_lag1,-0.2844444465637207,Contracts Expression,1,0.23576822991761945,0.15364052650529028,0.34395576163332947,0.04875165724521962,1074
dejure3,wdj_press_lag1,-0.2844444465637207,Expands Expression,3,0.4683747863316681,0.3807181692097049,0.5580276456769865,0.04571405177172313,1074
dejure3,wdj_press_lag1,-0.2488888907432556,Mixed Outcome,2,0.2857410366239836,0.21694387074008686,0.3661536330726461,0.03825837697092711,1074
dejure3,wdj_press_lag1,-0.2488888907432556,Contracts Expression,1,0.23530361672682712,0.15706126690534797,0.33694324315418805,0.04605487984548585,1074
dejure3,wdj_press_lag1,-0.2488888907432556,Expands Expression,3,0.47895534664918277,0.3946751494415195,0.5644508072104458,0.04373363468668315,1074
dejure3,wdj_press_lag1,-0.2133333349227905,Mixed Outcome,2,0.275808336563006,0.21189876027815352,0.35042266790950244,0.035481480560344954,1074
dejure3,wdj_press_lag1,-0.2133333349227905,Contracts Expression,1,0.2347035592311724,0.16025199409681237,0.33014580566613877,0.04347694971490016,1074
dejure3,wdj_press_lag1,-0.2133333349227905,Expands Expression,3,0.4894881042058235,0.40862536666275745,0.5709047331088068,0.04176765191189148,1074
dejure3,wdj_press_lag1,-0.1777777791023254,Mixed Outcome,2,0.2660659655398386,0.20666071998874297,0.3353296312199422,0.03292809976676815,1074
dejure3,wdj_press_lag1,-0.1777777791023254,Contracts Expression,1,0.23397081781306714,0.16317366985085424,0.32360660158140436,0.041038368345056205,1074
dejure3,wdj_press_lag1,-0.1777777791023254,Expands Expression,3,0.4999632166470916,0.4225204208966671,0.5774077772696516,0.039833406271688875,1074
dejure3,wdj_press_lag1,-0.1422222232818604,Mixed Outcome,2,0.2565203396971822,0.20121085096982477,0.3209251908555767,0.030613684677726554,1074
dejure3,wdj_press_lag1,-0.1422222232818604,Contracts Expression,1,0.23310846214245481,0.16578217812925236,0.3173746434615372,0.038762396032941834,1074
dejure3,wdj_press_lag1,-0.1422222232818604,Expands Expression,3,0.5103711981603664,0.43630698605428664,0.583982866195284,0.03795049180878599,1074
dejure3,wdj_press_lag1,-0.1066666674613953,Mixed Outcome,2,0.24717720150538214,0.19553093158961332,0.30725481278928174,0.028552466758484253,1074
dejure3,wdj_press_lag1,-0.1066666674613953,Contracts Expression,1,0.2321198488176721,0.16802830359851675,0.3115047789619951,0.036675068121403503,1074
dejure3,wdj_press_lag1,-0.1066666674613953,Expands Expression,3,0.5207029496769485,0.4499263806970621,0.5906580774448956,0.036141061709832535,1074
dejure3,wdj_press_lag1,-0.0711111116409302,Mixed Outcome,2,0.23804161664735984,0.18960568155077154,0.2943565165282009,0.026756305898082065,1074
dejure3,wdj_press_lag1,-0.0711111116409302,Contracts Expression,1,0.23100859791264297,0.1698584257309198,0.30605693749317064,0.03480484140758983,1074
dejure3,wdj_press_lag1,-0.0711111116409302,Expands Expression,3,0.5309497854399972,0.46331430385581795,0.5974670557795153,0.03443001608638317,1074
dejure3,wdj_press_lag1,-0.0355555558204651,Mixed Outcome,2,0.22911797545813392,0.18342577708046107,0.28225794760900297,0.025233158857981997,1074
dejure3,wdj_press_lag1,-0.0355555558204651,Contracts Expression,1,0.22977856869102373,0.17121632852403396,0.30109425006696494,0.033181666425325156,1074
dejure3,wdj_press_lag1,-0.0355555558204651,Expands Expression,3,0.541103455850847,0.47640093407400885,0.6044490678180684,0.03284500821615626,1074
dejure3,wdj_press_lag1,0.0,Mixed Outcome,2,0.22040999869878894,0.17699129499196506,0.27097308123791886,0.023985333200820778,1074
dejure3,wdj_press_lag1,0.0,Contracts Expression,1,0.22843383474470688,0.17204649984150314,0.29667967004852086,0.03183529447024724,1074
dejure3,wdj_press_lag1,0.0,Expands Expression,3,0.5511561665565066,0.4891116798915459,0.6116484059242429,0.031416121742897714,1074
dejure3,wdj_press_lag1,0.0355555558204651,Mixed Outcome,2,0.21192074740367203,0.1703148888040095,0.26049924487797294,0.023007882534711907,1074
dejure3,wdj_press_lag1,0.0355555558204651,Contracts Expression,1,0.22697865880752804,0.17229905144853214,0.2928709656180167,0.030792752060710884,1074
dejure3,wdj_press_lag1,0.0355555558204651,Expands Expression,3,0.5611005937888022,0.501368939871764,0.6191127821001007,0.030175035384724953,1074
dejure3,wdj_press_lag1,0.0711111116409302,Mixed Outcome,2,0.20365263650529797,0.16342373741786093,0.25081540987659445,0.022287633761775765,1074
dejure3,wdj_press_lag1,0.0711111116409302,Contracts Expression,1,0.22541746748455335,0.1719358536885069,0.28971449197041005,0.030075189549842382,1074
dejure3,wdj_press_lag1,0.0711111116409302,Expands Expression,3,0.5709298960101531,0.5130952109404917,0.6268903719343207,0.029153501092744387,1074
dejure3,wdj_press_lag1,0.10666666746139519,Mixed Outcome,2,0.19560745191372783,0.15635940624251457,0.24188260281888158,0.021803287005767627,1074
dejure3,wdj_press_lag1,0.10666666746139519,Contracts Expression,1,0.22375482612418207,0.1709367449702231,0.28723888511140966,0.029694685194217554,1074
dejure3,wdj_press_lag1,0.10666666746139519,Expands Expression,3,0.5806377219620888,0.5242176776968953,0.6350253747044314,0.02838106609492674,1074
dejure3,wdj_press_lag1,0.1422222232818604,Mixed Outcome,2,0.18778637070625015,0.1491753241237715,0.23364672413887105,0.02152674156667816,1074
dejure3,wdj_press_lag1,0.1422222232818604,Contracts Expression,1,0.22199541404460915,0.16930411876968976,0.28545037654142724,0.029651870944957564,1074
dejure3,wdj_press_lag1,0.1422222232818604,Expands Expression,3,0.5902182152491429,0.5346739542812258,0.6435524167528889,0.02788220373787669,1074
dejure3,wdj_press_lag1,0.1777777791023254,Mixed Outcome,2,0.1801899840689711,0.14193238284863866,0.22604325867975997,0.02142539069659345,1074
dejure3,wdj_press_lag1,0.1777777791023254,Contracts Expression,1,0.22014400030824702,0.16706430630485522,0.2843313126192245,0.02993518815786209,1074
dejure3,wdj_press_lag1,0.1777777791023254,Expands Expression,3,0.5996660156227829,0.544418011182219,0.6524907644207123,0.027673343560125217,1074
dejure3,wdj_press_lag1,0.2133333349227906,Mixed Outcome,2,0.17281832262401764,0.1346937640042141,0.21900276565937185,0.021464821551065126,1074
dejure3,wdj_press_lag1,0.2133333349227906,Contracts Expression,1,0.218205420218587,0.16426513905604023,0.2838424962500116,0.030522089415540205,1074
dejure3,wdj_press_lag1,0.2133333349227906,Expands Expression,3,0.6089762571573953,0.5534248097834954,0.6618398223844291,0.027760550976346148,1074
dejure3,wdj_press_lag1,0.2488888907432556,Mixed Outcome,2,0.165670883774182,0.1275201778090288,0.21245595656756316,0.021611314388469655,1074
dejure3,wdj_press_lag1,0.2488888907432556,Contracts Expression,1,0.21618455269341602,0.16097043129130112,0.2839286124164356,0.031381811373287716,1074
dejure3,wdj_press_lag1,0.2488888907432556,Expands Expression,3,0.6181445635324054,0.5616922104421346,0.6715773502523785,0.028138585851561388,1074
dejure3,wdj_press_lag1,0.2844444465637206,Mixed Outcome,2,0.1587466607006016,0.12046631438876723,0.20633755465167877,0.021833729862946898,1074
dejure3,wdj_press_lag1,0.2844444465637206,Contracts Expression,1,0.21408629864744383,0.15725306518970777,0.28452505644095777,0.03247886269689529,1074
dejure3,wdj_press_lag1,0.2844444465637206,Expands Expression,3,0.6271670406519555,0.5692394937714766,0.6816610564285273,0.02879167607434246,1074
dejure3,wdj_press_lag1,0.3200000023841858,Mixed Outcome,2,0.15204417265766676,0.11357876577370624,0.20058867284952686,0.0221046493063453,1074
dejure3,wdj_press_lag1,0.3200000023841858,Contracts Expression,1,0.2119155604961665,0.15318842817343495,0.28556441664209214,0.03377633645512714,1074
dejure3,wdj_press_lag1,0.3200000023841858,Expands Expression,3,0.6360402668461688,0.5761029928604893,0.692033070257184,0.029695753348153782,1074
dejure3,wdj_press_lag1,0.3555555582046508,Mixed Outcome,2,0.14556149622236303,0.10689525612203093,0.19515786879317126,0.022400847628131642,1074
dejure3,wdj_press_lag1,0.3555555582046508,Contracts Expression,1,0.20967722287189472,0.14884933380717985,0.2869814810658425,0.03523847100516762,1074
dejure3,wdj_press_lag1,0.3555555582046508,Expands Expression,3,0.6447612809057411,0.5823302093610122,0.7026259183604594,0.030821453385624503,1074
dejure3,wdj_press_lag1,0.391111114025116,Mixed Outcome,2,0.13929629717209158,0.10044482027760526,0.19000123384051448,0.022703279655453084,1074
dejure3,wdj_press_lag1,0.391111114025116,Contracts Expression,1,0.20737613462249485,0.14430277538025865,0.28871641998138464,0.03683228179172369,1074
dejure3,wdj_press_lag1,0.391111114025116,Expands Expression,3,0.6533275682054169,0.5879739461366116,0.7133684714488349,0.032137101735240065,1074
dejure3,wdj_press_lag1,0.426666669845581,Mixed Outcome,2,0.13324586268475772,0.09424855439813119,0.18508189032687924,0.022996769758248454,1074
dejure3,wdj_press_lag1,0.426666669845581,Contracts Expression,1,0.20501709214387043,0.13960830429246238,0.2907163525790736,0.03852837013193087,1074
dejure3,wdj_press_lag1,0.426666669845581,Expands Expression,3,0.661737045171368,0.5930875335481761,0.7241907836685515,0.03361113858936428,1074
dejure3,wdj_press_lag1,0.4622222256660462,Mixed Outcome,2,0.12740713357718025,0.08832063842368869,0.1803691959646246,0.023269556491356473,1074
dejure3,wdj_press_lag1,0.4622222256660462,Contracts Expression,1,0.2026048240788675,0.134817589064925,0.29293574237767317,0.04030113530819118,1074
dejure3,wdj_press_lag1,0.4622222256660462,Expands Expression,3,0.6699880423439557,0.5977215704121545,0.7350274027796744,0.0352137698068242,1074
dejure3,wdj_press_lag1,0.4977777814865112,Mixed Outcome,2,0.12177673632185913,0.0826694282982352,0.17583785684486927,0.023512794508603743,1074
dejure3,wdj_press_lag1,0.4977777814865112,Contracts Expression,1,0.20014397739808593,0.12997470500048178,0.2953360714229878,0.0421286190998956,1074
dejure3,wdj_press_lag1,0.4977777814865112,Expands Expression,3,0.6780792862800546,0.6019220918351276,0.7458192385038954,0.03691789010600439,1074
dejure3,wdj_press_lag1,0.5333333373069764,Mixed Outcome,2,0.11635101460742756,0.07729850010292426,0.1714670668140474,0.02372007349966302,1074
dejure3,wdj_press_lag1,0.5333333373069764,Contracts Expression,1,0.1976391048626067,0.12511680354803617,0.297885144122159,0.0439921613061721,1074
dejure3,wdj_press_lag1,0.5333333373069764,Expands Expression,3,0.6860098805299686,0.6057298285074063,0.7565143242380044,0.03869945003749529,1074
dejure3,wdj_press_lag1,0.5688888931274414,Mixed Outcome,2,0.11112606023382772,0.07220758803381574,0.16723973168675635,0.023886983766028134,1074
dejure3,wdj_press_lag1,0.5688888931274414,Contracts Expression,1,0.1950946538544037,0.12027492788120361,0.3005562539207375,0.045875984879292994,1074
dejure3,wdj_press_lag1,0.5688888931274414,Expands Expression,3,0.6937792859117693,0.60918018102341,0.7670678485787092,0.0405374588482751,1074
dejure3,wdj_press_lag1,0.6044444489479064,Mixed Outcome,2,0.10609774315935028,0.0673933954965917,0.16314179978320406,0.024010739263268598,1074
dejure3,wdj_press_lag1,0.6044444489479064,Contracts Expression,1,0.1925149565478202,0.11547483792215622,0.30332734915577897,0.0477667799527672,1074
dejure3,wdj_press_lag1,0.6044444489479064,Expands Expression,3,0.7013873002928281,0.6123035975357763,0.7774417686126823,0.0424137821154832,1074
dejure3,wdj_press_lag1,0.6400000047683716,Mixed Outcome,2,0.10126174054228293,0.06285027948154105,0.1591616996667627,0.024089858458066517,1074
dejure3,wdj_press_lag1,0.6400000047683716,Contracts Expression,1,0.18990422138466428,0.1107377749624288,0.30618026735805504,0.04965332191717274,1074
dejure3,wdj_press_lag1,0.6400000047683716,Expands Expression,3,0.708834038073051,0.6151261364589944,0.7876042237505472,0.044312845304897215,1074
dejure3,wdj_press_lag1,0.6755555605888366,Mixed Outcome,2,0.09661356464495778,0.05857081864885614,0.1552898758904022,0.02412389822612671,1074
dejure3,wdj_press_lag1,0.6755555605888366,Contracts Expression,1,0.1872665258061868,0.10608113724467254,0.30910006597092515,0.05152613768698021,1074
dejure3,wdj_press_lag1,0.6755555605888366,Expands Expression,3,0.7161199095488558,0.6176700790402658,0.7975288860043058,0.04622131201990668,1074
dejure3,wdj_press_lag1,0.7111111164093018,Mixed Outcome,2,0.0921485894919747,0.0545462795686439,0.15151840967752223,0.024113234035006474,1074
dejure3,wdj_press_lag1,0.7111111164093018,Contracts Expression,1,0.1846058101875908,0.10151906088795853,0.31207445435018627,0.05337722256957695,1074
dejure3,wdj_press_lag1,0.7111111164093018,Expands Expression,3,0.723245600320438,0.619954517287615,0.8071943221401336,0.04812777479282275,1074
dejure3,wdj_press_lag1,0.7466666722297668,Mixed Outcome,2,0.08786207619713585,0.05076699619643382,0.14784071090043446,0.024058879360001104,1074
dejure3,wdj_press_lag1,0.7466666722297668,Contracts Expression,1,0.1819258729145611,0.09706291200914126,0.31509332039892907,0.05519980431370039,1074
dejure3,wdj_press_lag1,0.7466666722297668,Expands Expression,3,0.7302120508883042,0.621995881989252,0.8165834040656078,0.05002247629485167,1074
dejure3,wdj_press_lag1,0.782222228050232,Mixed Outcome,2,0.08374919689492655,0.04722267666117791,0.144251268748945,0.023962337793981603,1074
dejure3,wdj_press_lag1,0.782222228050232,Contracts Expression,1,0.17923036653657065,0.09272170066604103,0.3181483403803641,0.05698814849442018,1074
dejure3,wdj_press_lag1,0.782222228050232,Expands Expression,3,0.7370204365685068,0.6238083987428451,0.8256827807777354,0.0518970670577594,1074
dejure3,wdj_press_lag1,0.817777783870697,Mixed Outcome,2,0.07980505723207205,0.043902649775704176,0.14074545013697845,0.023825482143207066,1074
dejure3,wdj_press_lag1,0.817777783870697,Contracts Expression,1,0.1765227949282466,0.08850242838004953,0.32123265933268064,0.058737398840179644,1074
dejure3,wdj_press_lag1,0.817777783870697,Expands Expression,3,0.7436721478396847,0.6254044723748726,0.8344824128444279,0.05374439947770803,1074
dejure3,wdj_press_lag1,0.853333339691162,Mixed Outcome,2,0.07602471739269442,0.04079606186574169,0.1373193366662304,0.023650455692591284,1074
dejure3,wdj_press_lag1,0.853333339691162,Contracts Expression,1,0.1738065113879067,0.08441038038096038,0.3243406301251622,0.06044344644284235,1074
dejure3,wdj_press_lag1,0.853333339691162,Expands Expression,3,0.7501687712194076,0.6267950060873079,0.8429751645122225,0.055558354860412294,1074
dejure3,wdj_press_lag1,0.8888888955116272,Mixed Outcome,2,0.07240321164684357,0.03789203279781206,0.13396959261790994,0.023439591656181008,1074
dejure3,wdj_press_lag1,0.8888888955116272,Contracts Expression,1,0.17108471760117272,0.08044937234518508,0.32746760061017993,0.06210282252343175,1074
dejure3,wdj_press_lag1,0.8888888955116272,Expands Expression,3,0.7565120707519836,0.6279896639182554,0.8511564463275628,0.05733369914011758,1074
dejure4,wdj_press_lag1,-0.8888888955116272,Mixed Outcome,2,0.45601831035032947,0.2642639554623473,0.6617623469859751,0.10727014313822505,1074
dejure4,wdj_press_lag1,-0.8888888955116272,Contracts Expression,1,0.16633209213148714,0.07278901847220243,0.33646632523607833,0.06599246222425525,1074
dejure4,wdj_press_lag1,-0.8888888955116272,Expands Expression,3,0.3776495975181824,0.22928033388939884,0.55312528986805,0.08548101423980449,1074
dejure4,wdj_press_lag1,-0.8533333396911621,Mixed Outcome,2,0.4451844012247538,0.261982124419374,0.644602582383578,0.10277516906074023,1074
dejure4,wdj_press_lag1,-0.8533333396911621,Contracts Expression,1,0.1691952216485443,0.07655624888333731,0.33345513215995654,0.06445762038499638,1074
dejure4,wdj_press_lag1,-0.8533333396911621,Expands Expression,3,0.3856203771267026,0.24046968343336858,0.5544301969758085,0.0827227194881862,1074
dejure4,wdj_press_lag1,-0.817777783870697,Mixed Outcome,2,0.43439887414272105,0.2596939890215168,0.6270794376379634,0.09823448787190221,1074
dejure4,wdj_press_lag1,-0.817777783870697,Contracts Expression,1,0.17202819810167175,0.0804276334879817,0.3304632806499547,0.06287800908560677,1074
dejure4,wdj_press_lag1,-0.817777783870697,Expands Expression,3,0.3935729277556065,0.25188087603076154,0.555759550471708,0.07991900737248289,1074
dejure4,wdj_press_lag1,-0.7822222280502319,Mixed Outcome,2,0.4236711440546779,0.25739926669008145,0.6092327650957575,0.09366100168640608,1074
dejure4,wdj_press_lag1,-0.7822222280502319,Contracts Expression,1,0.17482835670615252,0.08439936033799503,0.3274914179712502,0.06125667057243037,1074
dejure4,wdj_press_lag1,-0.7822222280502319,Expands Expression,3,0.4015004992391695,0.2634925676970468,0.5571147035529986,0.07707784024782192,1074
dejure4,wdj_press_lag1,-0.7466666722297668,Mixed Outcome,2,0.41301043869571763,0.25509747174773084,0.5911059804644584,0.0890676798262533,1074
dejure4,wdj_press_lag1,-0.7466666722297668,Contracts Expression,1,0.1775931125636734,0.0884671145969882,0.32454032441852093,0.059596749740482236,1074
dejure4,wdj_press_lag1,-0.7466666722297668,Expands Expression,3,0.409396448740609,0.2752819367266178,0.5584971246112481,0.07420725733947191,1074
dejure4,wdj_press_lag1,-0.7111111164093018,Mixed Outcome,2,0.4024257697915982,0.25278786766218536,0.572745778224985,0.08446751540108909,1074
dejure4,wdj_press_lag1,-0.7111111164093018,Contracts Expression,1,0.1803199683584083,0.09262606420949653,0.3216109630929636,0.057901501615914126,1074
dejure4,wdj_press_lag1,-0.7111111164093018,Expands Expression,3,0.4172542618499955,0.2872248132912291,0.559908436012531,0.07131535402895285,1074
dejure4,wdj_press_lag1,-0.6755555605888367,Mixed Outcome,2,0.391925905606911,0.25046940748864976,0.5542017950997967,0.07987348973947898,1074
dejure4,wdj_press_lag1,-0.6755555605888367,Contracts Expression,1,0.18300652157485928,0.0968708400531101,0.31870453846150576,0.0561743037873964,1074
dejure4,wdj_press_lag1,-0.6755555605888367,Expands Expression,3,0.4250675728182293,0.2992958138720784,0.5613504637320904,0.06841026825026232,1074
dejure4,wdj_press_lag1,-0.6400000047683716,Mixed Outcome,2,0.3815193449960593,0.24814065855599787,0.5355262315177804,0.07529854723962805,1074
dejure4,wdj_press_lag1,-0.6400000047683716,Contracts Expression,1,0.18565047119706382,0.10119550830420757,0.31582256543035836,0.05441867480812977,1074
dejure4,wdj_press_lag1,-0.6400000047683716,Expands Expression,3,0.4328301838068773,0.31146847416480256,0.5628253007644105,0.06550017586097745,1074
dejure4,wdj_press_lag1,-0.6044444489479065,Mixed Outcome,2,0.3712142931033403,0.24579970589962985,0.5167734446428197,0.07075558395989459,1074
dejure4,wdj_press_lag1,-0.6044444489479065,Contracts Expression,1,0.18824962385324046,0.10559353226441698,0.3129669510964992,0.05263829980122178,1074
dejure4,wdj_press_lag1,-0.6044444489479065,Expands Expression,3,0.4405360830434183,0.3237153730040042,0.5643353879919648,0.0625932972107223,1074
dejure4,wdj_press_lag1,-0.5688888931274414,Mixed Outcome,2,0.36101863884284574,0.2434440267240359,0.4979995306288754,0.06625745436103742,1074
dejure4,wdj_press_lag1,-0.5688888931274414,Contracts Expression,1,0.19080189937473735,0.11005772030887698,0.3101400918923804,0.05083706477123589,1074
dejure4,wdj_press_lag1,-0.5688888931274414,Expands Expression,3,0.4481794617824165,0.3360082386902777,0.5658836171503894,0.05969791758076359,1074
dejure4,wdj_press_lag1,-0.5333333373069763,Mixed Outcome,2,0.35093993427208786,0.24107032494672523,0.479261918559925,0.06181700221441684,1074
dejure4,wdj_press_lag1,-0.5333333373069763,Contracts Expression,1,0.19330533574321646,0.11458015591231568,0.3073449895197637,0.04901910146083381,1074
dejure4,wdj_press_lag1,-0.5333333373069763,Expands Expression,3,0.4557547299846967,0.34831802784003624,0.5674734617105983,0.05682242473277043,1074
dejure4,wdj_press_lag1,-0.49777778148651125,Mixed Outcome,2,0.3409853759556906,0.2386743101263986,0.4606190044431319,0.05744712406205899,1074
dejure4,wdj_press_lag1,-0.49777778148651125,Contracts Expression,1,0.19575809340526168,0.11915210485908334,0.3045853899120978,0.04718884500912004,1074
dejure4,wdj_press_lag1,-0.49777778148651125,Expands Expression,3,0.4632565306390478,0.3606149654923569,0.5691091429373042,0.053975367497010096,1074
dejure4,wdj_press_lag1,-0.46222222566604615,Mixed Outcome,2,0.3311617883971877,0.23625039803530565,0.44212986135459587,0.0531608771526755,1074
dejure4,wdj_press_lag1,-0.46222222566604615,Contracts Expression,1,0.1981584589389893,0.12376389373994275,0.30186595047430037,0.04535110717086863,1074
dejure4,wdj_press_lag1,-0.46222222566604615,Expands Expression,3,0.4706797526638228,0.3728685336927592,0.570795840079091,0.05116554015203734,1074
dejure4,wdj_press_lag1,-0.42666666984558105,Mixed Outcome,2,0.3214756095982331,0.23379129962414905,0.42385407251924534,0.04897164908211451,1074
dejure4,wdj_press_lag1,-0.42666666984558105,Contracts Expression,1,0.2005048480627286,0.12840475269183846,0.2991924420151197,0.04351116843850779,1074
dejure4,wdj_press_lag1,-0.42666666984558105,Expands Expression,3,0.47801954233903704,0.3850473941895495,0.5725399555298951,0.04840209826596187,1074
dejure4,wdj_press_lag1,-0.391111114025116,Mixed Outcome,2,0.31193287878570275,0.23128744940354262,0.40585174947063835,0.04489341432763255,1074
dejure4,wdj_press_lag1,-0.391111114025116,Contracts Expression,1,0.20279580798130672,0.13306261410358733,0.29657199305699344,0.04167489304360533,1074
dejure4,wdj_press_lag1,-0.391111114025116,Expands Expression,3,0.4852713132329915,0.39711922942439287,0.5743494476598835,0.04569471257520141,1074
dejure4,wdj_press_lag1,-0.3555555582046509,Mixed Outcome,2,0.3025392263283092,0.22872620087026382,0.38818381995943296,0.0409411147371419,1074
dejure4,wdj_press_lag1,-0.3555555582046509,Contracts Expression,1,0.2050300190708726,0.13772385786130825,0.2940133854004122,0.03984887141198249,1074
dejure4,wdj_press_lag1,-0.3555555582046509,Expands Expression,3,0.49243075460081676,0.4090504851575314,0.5762342453434277,0.0430537681160509,1074
dejure4,wdj_press_lag1,-0.3200000023841858,Mixed Outcome,2,0.29329986584582474,0.22609068249464692,0.37091270305356006,0.037131218369208296,1074
dejure4,wdj_press_lag1,-0.3200000023841858,Contracts Expression,1,0.2072062959085232,0.14237299298573314,0.2915274105987928,0.03804059503336887,1074
dejure4,wdj_press_lag1,-0.3200000023841858,Expands Expression,3,0.49949383824565236,0.4208059988732937,0.5782067579569518,0.040490615660474495,1074
dejure4,wdj_press_lag1,-0.2844444465637207,Mixed Outcome,2,0.2842195884959558,0.2233581605082553,0.35410353442346465,0.03348253512333976,1074
dejure4,wdj_press_lag1,-0.2844444465637207,Contracts Expression,1,0.20932358765803238,0.14699226591524958,0.2891272966623708,0.03625866852588494,1074
dejure4,wdj_press_lag1,-0.2844444465637207,Expands Expression,3,0.5064568238460118,0.43234850256943047,0.5802824907491027,0.0380178805065014,1074
dejure4,wdj_press_lag1,-0.2488888907432556,Mixed Outcome,2,0.2753027594066647,0.22049769706807373,0.33782616044773717,0.03001739692619252,1074
dejure4,wdj_press_lag1,-0.2488888907432556,Contracts Expression,1,0.21138097782788826,0.15156118848414438,0.28682921158356933,0.03451306227918664,1074
dejure4,wdj_press_lag1,-0.2488888907432556,Expands Expression,3,0.5133162627654475,0.4436380002973546,0.5824807643231021,0.0356498279613802,1074
dejure4,wdj_press_lag1,-0.2133333349227905,Mixed Outcome,2,0.266553316205259,0.21746684685207385,0.32215816308863154,0.026763333334560886,1074
dejure4,wdj_press_lag1,-0.2133333349227905,Contracts Expression,1,0.2133776834223538,0.1560559860246546,0.28465284297167837,0.03281540533089661,1074
dejure4,wdj_press_lag1,-0.2133333349227905,Expands Expression,3,0.5200690003723869,0.45463104602765775,0.5848255123540482,0.033402772289594006,1074
dejure4,wdj_press_lag1,-0.1777777791023254,Mixed Outcome,2,0.25797476958030213,0.2142071841887333,0.30718912616101507,0.023755348182503584,1074
dejure4,wdj_press_lag1,-0.1777777791023254,Contracts Expression,1,0.2153130535104934,0.1604489815162873,0.28262203766642036,0.031179310266499758,1074
dejure4,wdj_press_lag1,-0.1777777791023254,Expands Expression,3,0.5267121769092046,0.46527999534268594,0.5873460842955315,0.03129549173294421,1074
dejure4,wdj_press_lag1,-0.1422222232818604,Mixed Outcome,2,0.249570205798288,0.21063883417076124,0.29302597002928416,0.02103870795201771,1074
dejure4,wdj_press_lag1,-0.1422222232818604,Contracts Expression,1,0.21718656724188973,0.16470796047143968,0.2807654565104238,0.029620707302642667,1074
dejure4,wdj_press_lag1,-0.1422222232818604,Expands Expression,3,0.5332432269598224,0.4755323866140549,0.5900778981829082,0.029349570557652284,1074
dejure4,wdj_press_lag1,-0.1066666674613953,Mixed Outcome,2,0.24134229108429056,0.2066554518843284,0.2797979089840736,0.01867150349749552,1074
dejure4,wdj_press_lag1,-0.1066666674613953,Contracts Expression,1,0.21899783134118891,0.16879560961490847,0.27911715116582086,0.028158140086111123,1074
dejure4,wdj_press_lag1,-0.1066666674613953,Expands Expression,3,0.5396598775745207,0.48533073191099785,0.5930626644980581,0.027589525732181444,1074
dejure4,wdj_press_lag1,-0.0711111116409302,Mixed Outcome,2,0.23329327776451517,0.20212414383906144,0.2676565337162783,0.0167246892520077,1074
dejure4,wdj_press_lag1,-0.0711111116409302,Contracts Expression,1,0.22074657711652762,0.17266919537521894,0.27771689697134916,0.026812938568106563,1074
dejure4,wdj_press_lag1,-0.0711111116409302,Expands Expression,3,0.5459601451189563,0.4946131540850374,0.5963477462318,0.02604249626685656,1074
dejure4,wdj_press_lag1,-0.0355555558204651,Mixed Outcome,2,0.22542501205894172,0.19689961950180448,0.2567617258949845,0.015274855959652011,1074
dejure4,wdj_press_lag1,-0.0355555558204651,Contracts Expression,1,0.22243265701937937,0.17628074259010534,0.2766100215176627,0.025609136205108102,1074
dejure4,wdj_press_lag1,-0.0355555558204651,Expands Expression,3,0.5521423309216795,0.5033154345814024,0.5999840924661972,0.024737207851754615,1074
dejure4,wdj_press_lag1,0.0,Mixed Outcome,2,0.21773894340404865,0.19086296186038715,0.24724300956754416,0.014384429046390758,1074
dejure4,wdj_press_lag1,0.0,Contracts Expression,1,0.22405604079532357,0.17957806517024533,0.27584637733382145,0.024572952163590324,1074
dejure4,wdj_press_lag1,0.0,Expands Expression,3,0.5582050158006272,0.5113749951698074,0.6040222243649714,0.02370194627034112,1074
dejure4,wdj_press_lag1,0.0355555558204651,Mixed Outcome,2,0.21023613517907597,0.18397942068979786,0.23914192843696375,0.01407214223645691,1074
dejure4,wdj_press_lag1,0.0355555558204651,Contracts Expression,1,0.22561681126677116,0.18250702646139463,0.2754780811396008,0.023731645935549175,1074
dejure4,wdj_press_lag1,0.0355555558204651,Expands Expression,3,0.5641470535541516,0.5187369207478701,0.6085061686268627,0.02296148482433331,1074
dejure4,wdj_press_lag1,0.0711111116409302,Mixed Outcome,2,0.20291727670426707,0.17633756598548486,0.2323731037102397,0.014293007282342405,1074
dejure4,wdj_press_lag1,0.0711111116409302,Contracts Expression,1,0.22711515978967786,0.18501526504418614,0.27555578415785226,0.02311162414737915,1074
dejure4,wdj_press_lag1,0.0711111116409302,Expands Expression,3,0.5699675635060552,0.5253612296544545,0.6134661342229535,0.022533369921431172,1074
dejure4,wdj_press_lag1,0.10666666746139519,Mixed Outcome,2,0.19578269637616563,0.16813017255970067,0.22674359343969,0.014948020317359161,1074
dejure4,wdj_press_lag1,0.10666666746139519,Contracts Expression,1,0.2285513814268531,0.18705721579480636,0.2761236439387099,0.022735886291135498,1074
dejure4,wdj_press_lag1,0.10666666746139519,Expands Expression,3,0.5756659221969801,0.5312294950377835,0.618911831111729,0.02242453125585385,1074
dejure4,wdj_press_lag1,0.1422222232818604,Mixed Outcome,2,0.18883237580313875,0.15959021152285438,0.22201716960942802,0.01591680663302478,1074
dejure4,wdj_press_lag1,0.1422222232818604,Contracts Expression,1,0.22992586988056132,0.18859961823138197,0.2772138059735069,0.02262122129049485,1074
dejure4,wdj_press_lag1,0.1422222232818604,Expands Expression,3,0.5812417543163004,0.5363484026554663,0.6248288477123123,0.02262944761603048,1074
dejure4,wdj_press_lag1,0.1777777791023254,Mixed Outcome,2,0.18206596480391438,0.15093201156280478,0.21797344233801713,0.017087672833879856,1074
dejure4,wdj_press_lag1,0.1777777791023254,Contracts Expression,1,0.2312391122267998,0.1896261174380939,0.2788417901290591,0.02277586594302503,1074
dejure4,wdj_press_lag1,0.1777777791023254,Expands Expression,3,0.5866949229692865,0.5407486424752161,0.6311796917915169,0.023130686151220346,1074
dejure4,wdj_press_lag1,0.2133333349227906,Mixed Outcome,2,0.17548279713286277,0.14232415990445815,0.21443525411416323,0.01837150309625867,1074
dejure4,wdj_press_lag1,0.2133333349227906,Contracts Expression,1,0.2324916834928941,0.19013948650931967,0.2810042532976043,0.02319837512509216,1074
dejure4,wdj_press_lag1,0.2133333349227906,Expands Expression,3,0.5920255193742431,0.5444794444675356,0.6379091862234068,0.02390165842556,1074
dejure4,wdj_press_lag1,0.2488888907432556,Mixed Outcome,2,0.16908190679800073,0.1338875777195338,0.21127090276512395,0.019702834538178022,1074
dejure4,wdj_press_lag1,0.2488888907432556,Contracts Expression,1,0.23368424111898653,0.19016069134956215,0.2836799077707454,0.023878100739020053,1074
dejure4,wdj_press_lag1,0.2488888907432556,Expands Expression,3,0.5972338520830128,0.5476008031575496,0.6449521766990258,0.024910552967346098,1074
dejure4,wdj_press_lag1,0.2844444465637206,Mixed Outcome,2,0.16286204484111752,0.12570410222623857,0.2083858551622994,0.02103558257507252,1074
dejure4,wdj_press_lag1,0.2844444465637206,Contracts Expression,1,0.23481751934252967,0.18972517366967562,0.2868332198393763,0.024797087397275326,1074
dejure4,wdj_press_lag1,0.2844444465637206,Expands Expression,3,0.6023204358163537,0.5501758690968354,0.6522410746430833,0.026124183002433507,1074
dejure4,wdj_press_lag1,0.3200000023841858,Mixed Outcome,2,0.1568216964538753,0.1178265905695297,0.20571293165271645,0.02233799202464102,1074
dejure4,wdj_press_lag1,0.3200000023841858,Contracts Expression,1,0.23589232354320916,0.18887764345030666,0.2904195976868083,0.025932726166235782,1074
dejure4,wdj_press_lag1,0.3200000023841858,Expands Expression,3,0.6072859800029163,0.5522651759261141,0.6597115678463743,0.027510900369967655,1074
dejure4,wdj_press_lag1,0.3555555582046508,Mixed Outcome,2,0.1509590983091388,0.11028729744152442,0.20320420518889204,0.02358846610525167,1074
dejure4,wdj_press_lag1,0.3555555582046508,Contracts Expression,1,0.23690952458372624,0.1876668608199574,0.2943905889549499,0.02726041173379348,1074
dejure4,wdj_press_lag1,0.3555555582046508,Expands Expression,3,0.6121313771071353,0.5539231930404892,0.6673060097405805,0.029042326905425634,1074
dejure4,wdj_press_lag1,0.391111114025116,Mixed Outcome,2,0.14527225599295884,0.10310403613598412,0.20082510223376782,0.024772520523276175,1074
dejure4,wdj_press_lag1,0.391111114025116,Contracts Expression,1,0.23787005317967236,0.18614143894510304,0.29869805669579097,0.028755677251514507,1074
dejure4,wdj_press_lag1,0.391111114025116,Expands Expression,3,0.6168576908273675,0.5551968680931099,0.6749748237799005,0.030694074948773614,1074
dejure4,wdj_press_lag1,0.426666669845581,Mixed Outcome,2,0.13975896142949504,0.09628450828525664,0.19855031775842355,0.025880664341995648,1074
dejure4,wdj_press_lag1,0.426666669845581,Contracts Expression,1,0.23877489432940247,0.18434705071793459,0.30329695121659067,0.030395612109787137,1074
dejure4,wdj_press_lag1,0.426666669845581,Expands Expression,3,0.6214661442411019,0.5561255185701125,0.6826765641705365,0.03244578365662543,1074
dejure4,wdj_press_lag1,0.4622222256660462,Mixed Outcome,2,0.1344168101985528,0.0898293094305058,0.19636103548187492,0.026906947876008624,1074
dejure4,wdj_press_lag1,0.4622222256660462,Contracts Expression,1,0.23962508183226008,0.18232493223905297,0.308146785090935,0.03215961768791155,1074
dejure4,wdj_press_lag1,0.4622222256660462,Expands Expression,3,0.6259581079691878,0.5567414726906327,0.6903772329566118,0.03428077660217025,1074
dejure4,wdj_press_lag1,0.4977777814865112,Mixed Outcome,2,0.12924321865318486,0.08373402386727617,0.19424303886823951,0.027847966165536656,1074
dejure4,wdj_press_lag1,0.4977777814865112,Contracts Expression,1,0.2404216929209835,0.18011135206480813,0.3132121426127962,0.0340296702930262,1074
dejure4,wdj_press_lag1,0.4977777814865112,Expands Expression,3,0.6303350884258332,0.5570710306552175,0.6980492825093304,0.03618555896404488,1074
dejure4,wdj_press_lag1,0.5333333373069764,Mixed Outcome,2,0.12423544075290426,0.07799070256637274,0.1921854186133848,0.028702167986365493,1074
dejure4,wdj_press_lag1,0.5333333373069764,Contracts Expression,1,0.24116584303142122,0.17773769140474854,0.3184625787299813,0.03599027252710251,1074
dejure4,wdj_press_lag1,0.5333333373069764,Expands Expression,3,0.6345987162156754,0.5571354884064743,0.7056705611562302,0.03814928533539043,1074
dejure4,wdj_press_lag1,0.5688888931274414,Mixed Outcome,2,0.1193905845362885,0.07258892231014225,0.19017967849988904,0.029469369425784445,1074
dejure4,wdj_press_lag1,0.5688888931274414,Contracts Expression,1,0.24185868073007583,0.1752308518991288,0.323872191021285,0.03802823779059406,1074
dejure4,wdj_press_lag1,0.5688888931274414,Expands Expression,3,0.638750734733634,0.5569520915473304,0.7132233340603928,0.04016326524228045,1074
dejure4,wdj_press_lag1,0.6044444489479064,Mixed Outcome,2,0.11470562816506799,0.06751655727974475,0.1882191088061742,0.030150405392864104,1074
dejure4,wdj_press_lag1,0.6044444489479064,Contracts Expression,1,0.2425013828172768,0.17261379954240094,0.32941905632107077,0.040132405674261636,1074
dejure4,wdj_press_lag1,0.6044444489479064,Expands Expression,3,0.6427929890176535,0.5565348648781622,0.7206934335231775,0.04222053383640978,1074
dejure4,wdj_press_lag1,0.6400000047683716,Mixed Outcome,2,0.11017743548005707,0.06276034990697517,0.18629834119769142,0.030746875246366913,1074
dejure4,wdj_press_lag1,0.6400000047683716,Contracts Expression,1,0.2430951496212641,0.16990613090770956,0.33508464597904686,0.04229334637264261,1074
dejure4,wdj_press_lag1,0.6400000047683716,Expands Expression,3,0.6467274148986786,0.5558953056173342,0.7280695501851768,0.04431549355450217,1074
dejure4,wdj_press_lag1,0.6755555605888366,Mixed Outcome,2,0.10580277101741872,0.05830633887607107,0.18441302820158512,0.03126095359044031,1074
dejure4,wdj_press_lag1,0.6755555605888366,Contracts Expression,1,0.24364120049582147,0.16712460218000966,0.34085327936361487,0.044503084502306216,1074
dejure4,wdj_press_lag1,0.6755555605888366,Expands Expression,3,0.6505560284867598,0.5550429488849256,0.7353426560151985,0.04644362211895383,1074
dejure4,wdj_press_lag1,0.7111111164093018,Mixed Outcome,2,0.10157831444168709,0.054140183393498985,0.18255960931096357,0.031695246934604744,1074
dejure4,wdj_press_lag1,0.7111111164093018,Contracts Expression,1,0.24414076953173092,0.16428359532860365,0.3467116413729823,0.046754855440439794,1074
dejure4,wdj_press_lag1,0.7111111164093018,Expands Expression,3,0.654280916026582,0.5539858220901269,0.7425055418676911,0.04860123817746509,1074
dejure4,wdj_press_lag1,0.7466666722297668,Mixed Outcome,2,0.09750067435961167,0.05024741060992329,0.1807351381168741,0.032052683196962445,1074
dejure4,wdj_press_lag1,0.7466666722297668,Contracts Expression,1,0.24459510148995472,0.16139551488516135,0.35264837055539017,0.04904289752741006,1074
dejure4,wdj_press_lag1,0.7466666722297668,Expands Expression,3,0.6579042241504327,0.5527308065585805,0.7495524506696686,0.05078531504147779,1074
dejure4,wdj_press_lag1,0.782222228050232,Mixed Outcome,2,0.09356640148620193,0.046613605026295475,0.1789371529856257,0.03233642515326527,1074
dejure4,wdj_press_lag1,0.782222228050232,Contracts Expression,1,0.24500544796220916,0.15847111854171092,0.3586537146738244,0.0513622784986002,1074
dejure4,wdj_press_lag1,0.782222228050232,Expands Expression,3,0.6614281505515908,0.551283923490774,0.7564787885357873,0.05299333363889354,1074
dejure4,wdj_press_lag1,0.817777783870697,Mixed Outcome,2,0.08977200114125607,0.04322455334711242,0.17716357919297487,0.03254980166869923,1074
dejure4,wdj_press_lag1,0.817777783870697,Contracts Expression,1,0.24537306376258272,0.15551978904223632,0.36471924627003516,0.05370875233274039,1074
dejure4,wdj_press_lag1,0.817777783870697,Expands Expression,3,0.6648549350961628,0.5496505590240192,0.763280898441866,0.05522316699661082,1074
dejure4,wdj_press_lag1,0.853333339691162,Mixed Outcome,2,0.08611394506116897,0.04006635460957127,0.17541265405159565,0.032696252382399336,1074
dejure4,wdj_press_lag1,0.853333339691162,Contracts Expression,1,0.24569920355189165,0.15254975609911994,0.3708376295058642,0.05607864205795965,1074
dejure4,wdj_press_lag1,0.853333339691162,Expands Expression,3,0.6681868513869395,0.5478356406453471,0.7699558836382938,0.05747298987129022,1074
dejure4,wdj_press_lag1,0.8888888955116272,Mixed Outcome,2,0.08258868251682691,0.03712550291514859,0.17368286903390404,0.032779282758046396,1074
dejure4,wdj_press_lag1,0.8888888955116272,Contracts Expression,1,0.24598511869471595,0.14956827681575155,0.3770024297965025,0.058468744181440026,1074
dejure4,wdj_press_lag1,0.8888888955116272,Expands Expression,3,0.6714261987884567,0.5458437748817294,0.7765014703447378,0.05974120834431405,1074
dejure5,wdj_citizen_lag1,-1.0,Mixed Outcome,2,0.49328623488970086,0.3423864497529047,0.6454192570479586,0.07981114394681967,1074
dejure5,wdj_citizen_lag1,-1.0,Contracts Expression,1,0.10916597832385727,0.034762024063169306,0.2942714189758178,0.06075978881118202,1074
dejure5,wdj_citizen_lag1,-1.0,Expands Expression,3,0.3975477867864438,0.283237755695817,0.5242487398035275,0.062658738304018,1074
dejure5,wdj_citizen_lag1,-0.96,Mixed Outcome,2,0.4819005362740911,0.33707435935865593,0.6298329572941079,0.07693233226934516,1074
dejure5,wdj_citizen_lag1,-0.96,Contracts Expression,1,0.1127389776211273,0.0375913296608243,0.29246082834898185,0.06020226209719241,1074
dejure5,wdj_citizen_lag1,-0.96,Expands Expression,3,0.40536048610478337,0.2936049910505893,0.5278666137193485,0.06084743396881133,1074
dejure5,wdj_citizen_lag1,-0.92,Mixed Outcome,2,0.47052695363302116,0.3317834485243369,0.6139796691536374,0.07399092595914566,1074
dejure5,wdj_citizen_lag1,-0.92,Contracts Expression,1,0.11636651018064464,0.04061188817663077,0.2906229801621246,0.059542072109709895,1074
dejure5,wdj_citizen_lag1,-0.92,Expands Expression,3,0.413106536186341,0.30400066006172116,0.5314691614958907,0.059027777604231786,1074
dejure5,wdj_citizen_lag1,-0.88,Mixed Outcome,2,0.45917713649919956,0.32651242097658395,0.5978921543135874,0.07099754646865794,1074
dejure5,wdj_citizen_lag1,-0.88,Contracts Expression,1,0.12004644165365744,0.04383198736996163,0.28876059964230216,0.05877846188779671,1074
dejure5,wdj_citizen_lag1,-0.88,Expands Expression,3,0.42077642184714364,0.3144010430092835,0.5350548012616152,0.057206038360710205,1074
dejure5,wdj_citizen_lag1,-0.84,Mixed Outcome,2,0.4478626510743456,0.32125956453688564,0.581605813883213,0.06796323422920257,1074
dejure5,wdj_citizen_lag1,-0.84,Contracts Expression,1,0.12377655383733432,0.04725966585692985,0.2868768360431632,0.05791110261968692,1074
dejure5,wdj_citizen_lag1,-0.84,Expands Expression,3,0.4283607950883192,0.3247825845500145,0.5386214933980367,0.055388187681091626,1074
dejure5,wdj_citizen_lag1,-0.8,Mixed Outcome,2,0.4365949337798287,0.316022676381359,0.5651585373763397,0.06489942120030238,1074
dejure5,wdj_citizen_lag1,-0.8,Contracts Expression,1,0.1275545542159227,0.050902591784379246,0.2849753447532471,0.05694013694597664,1074
dejure5,wdj_citizen_lag1,-0.8,Expands Expression,3,0.43585051200424807,0.33512211599888797,0.5421667341569708,0.053579850898470935,1074
dejure5,wdj_citizen_lag1,-0.76,Mixed Outcome,2,0.4253852458514198,0.3107989718321971,0.5485905311456373,0.06181791096909927,1074
dejure5,wdj_citizen_lag1,-0.76,Contracts Expression,1,0.13137808587412428,0.05476791753139933,0.2830603886073962,0.05586623049794766,1074
dejure5,wdj_citizen_lag1,-0.76,Expands Expression,3,0.4432366682744524,0.34539704946503763,0.5456875737387576,0.051786274334172926,1074
dejure5,wdj_citizen_lag1,-0.72,Mixed Outcome,2,0.41424462935420153,0.30558497267854784,0.53194413388995,0.05873086922485386,1074
dejure5,wdj_citizen_lag1,-0.72,Contracts Expression,1,0.1352447376945837,0.05886210487331332,0.281136963796733,0.05469063448674419,1074
dejure5,wdj_citizen_lag1,-0.72,Expands Expression,3,0.45051063295121396,0.3555855313590414,0.5491806662460805,0.050012312404784584,1074
dejure5,wdj_citizen_lag1,-0.6799999999999999,Mixed Outcome,2,0.40318386497391956,0.3003763701132527,0.5152636288059443,0.055650827889056474,1074
dejure5,wdj_citizen_lag1,-0.6799999999999999,Contracts Expression,1,0.13915205474934034,0.06319071332727655,0.27921095753092534,0.053415263075014124,1074
dejure5,wdj_citizen_lag1,-0.6799999999999999,Expands Expression,3,0.45766408027673866,0.3656665420969501,0.5526423598708273,0.048262439654470746,1074
dejure5,wdj_citizen_lag1,-0.64,Mixed Outcome,2,0.39221343191641195,0.29516785636526427,0.49859506389015246,0.052590706671396883,1074
dejure5,wdj_citizen_lag1,-0.64,Contracts Expression,1,0.14309754879415404,0.06775814208151688,0.27728934696721674,0.052042790486819854,1074
dejure5,wdj_citizen_lag1,-0.64,Expands Expression,3,0.46468901928943795,0.37561992840528396,0.5560688365289655,0.04654079297189882,1074
dejure5,wdj_citizen_lag1,-0.6,Mixed Outcome,2,0.38134347021778237,0.2899529181148152,0.48198609366386913,0.049563856290727404,1074
dejure5,wdj_citizen_lag1,-0.6,Contracts Expression,1,0.14707870877525797,0.07256731277257432,0.2753804521213815,0.05057677446005502,1074
dejure5,wdj_citizen_lag1,-0.6,Expands Expression,3,0.4715778210069556,0.38542635450179397,0.5594563108912719,0.044851249511972884,1074
dejure5,wdj_citizen_lag1,-0.56,Mixed Outcome,2,0.3705837457353988,0.2847235840581879,0.46548585689397215,0.04658412791677654,1074
dejure5,wdj_citizen_lag1,-0.56,Contracts Expression,1,0.15109301125978167,0.0776192761461152,0.27349425976732455,0.049021814852494294,1074
dejure5,wdj_citizen_lag1,-0.56,Expands Expression,3,0.4783232430048167,0.3950671586578155,0.5628012992729032,0.043197545975708795,1074
dejure5,wdj_citizen_lag1,-0.52,Mixed Outcome,2,0.3599436180539675,0.27947011906411784,0.4491449051648017,0.04366597328674455,1074
dejure5,wdj_citizen_lag1,-0.52,Contracts Expression,1,0.1551379307041395,0.0829127199700019,0.2716428410837679,0.04738375916049598,1074
dejure5,wdj_citizen_lag1,-0.52,Expands Expression,3,0.48491845124189387,0.4045241023138955,0.5661009690344264,0.04158344485657764,1074
dejure5,wdj_citizen_lag1,-0.48,Mixed Outcome,2,0.34943201150305003,0.2741806592476892,0.4330151953884737,0.04082457891482937,1074
dejure5,wdj_citizen_lag1,-0.48,Contracts Expression,1,0.1592109494788097,0.08844334810217916,0.2698408933595107,0.04566997057930251,1074
dejure5,wdj_citizen_lag1,-0.48,Expands Expression,3,0.4913570390181406,0.413779000232916,0.5693535787642939,0.04001295291716819,1074
dejure5,wdj_citizen_lag1,-0.43999999999999995,Mixed Outcome,2,0.3390573894426181,0.26884078782670057,0.4171501536681365,0.03807603489956181,1074
dejure5,wdj_citizen_lag1,-0.43999999999999995,Contracts Expression,1,0.16330956757302423,0.09420309105928863,0.2681064457240013,0.043889679178305004,1074
dejure5,wdj_citizen_lag1,-0.43999999999999995,Expands Expression,3,0.49763304298435423,0.42281322252980197,0.5725590181215457,0.03849059630079062,1074
dejure5,wdj_citizen_lag1,-0.4,Mixed Outcome,2,0.3288277319327712,0.26343306399143646,0.40160480518712155,0.03543753242512517,1074
dejure5,wdj_citizen_lag1,-0.4,Contracts Expression,1,0.16743131190896274,0.10017909685650048,0.26646178056369607,0.0420544427520123,1074
dejure5,wdj_citizen_lag1,-0.4,Expands Expression,3,0.5037409561582704,0.43160706357899226,0.5757194530153014,0.03702175490711313,1074
dejure5,wdj_citizen_lag1,-0.36,Mixed Outcome,2,0.3187505168632312,0.25793654130128885,0.38643593991343506,0.032927571548696834,1074
dejure5,wdj_citizen_lag1,-0.36,Contracts Expression,1,0.17157374520180635,0.10635243843191217,0.2649346348486185,0.040178750355585616,1074
dejure5,wdj_citizen_lag1,-0.36,Expands Expression,3,0.5096757379349605,0.4401389801201614,0.5788400753965143,0.03561305527067483,1074
dejure5,wdj_citizen_lag1,-0.31999999999999995,Mixed Outcome,2,0.30883270457795947,0.2523263555469177,0.3717022396870777,0.03056613857485235,1074
dejure5,wdj_citizen_lag1,-0.31999999999999995,Contracts Expression,1,0.1757344743093483,0.11269646420524464,0.26355975549756144,0.038280806637901885,1074
dejure5,wdj_citizen_lag1,-0.31999999999999995,Expands Expression,3,0.5154328211126952,0.44838471351301257,0.5819299451523444,0.03427281507137194,1074
dejure5,wdj_citizen_lag1,-0.28,Mixed Outcome,2,0.29908072599164753,0.2465735326899924,0.3574642206311537,0.028374776097672683,1074
dejure5,wdj_citizen_lag1,-0.28,Contracts Expression,1,0.17991115802272895,0.11917472030677627,0.2623808810431095,0.03638353422671001,1074
dejure5,wdj_citizen_lag1,-0.28,Expands Expression,3,0.5210081159856276,0.4563163322204044,0.5850028912049524,0.03301152194512011,1074
dejure5,wdj_citizen_lag1,-0.24,Mixed Outcome,2,0.2895004741576964,0.240645268926341,0.3437837423268412,0.026376416840361933,1074
dejure5,wdj_citizen_lag1,-0.24,Contracts Expression,1,0.18410151425790566,0.1257384065028472,0.26145318850734983,0.03451581455557711,1074
dejure5,wdj_citizen_lag1,-0.24,Expands Expression,3,0.526398011584403,0.46390126410316845,0.5880784060302954,0.03184231247131266,1074
dejure5,wdj_citizen_lag1,-0.19999999999999996,Mixed Outcome,2,0.280097299212749,0.23450605215913875,0.33072271682177196,0.024594792367291035,1074
dejure5,wdj_citizen_lag1,-0.19999999999999996,Contracts Expression,1,0.1883033266157304,0.13232343171074318,0.26084614066320727,0.03271393485078449,1074
dejure5,wdj_citizen_lag1,-0.19999999999999996,Expands Expression,3,0.5315993741715208,0.47110143745454375,0.5911824189408492,0.030781392316442602,1074
dejure5,wdj_citizen_lag1,-0.16000000000000003,Mixed Outcome,2,0.27087600659094613,0.2281200692018091,0.3183405743608921,0.0230531891984296,1074
dejure5,wdj_citizen_lag1,-0.16000000000000003,Contracts Expression,1,0.19251445028679245,0.13884737541056183,0.2606464285690727,0.031023086816164013,1074
dejure5,wdj_citizen_lag1,-0.16000000000000003,Expands Expression,3,0.5366095431222593,0.477872714588141,0.5943477689126966,0.029848305652267076,1074
dejure5,wdj_citizen_lag1,-0.12,Mixed Outcome,2,0.2618408583724208,0.22145525131648683,0.3066901333282943,0.021772371424466155,1074
dejure5,wdj_citizen_lag1,-0.12,Contracts Expression,1,0.1967328172851239,0.14520712490848978,0.26096024073329704,0.029498526706148803,1074
dejure5,wdj_citizen_lag1,-0.12,Expands Expression,3,0.5414263243424504,0.48416487209475745,0.5976141275996417,0.02906592628135859,1074
dejure5,wdj_citizen_lag1,-0.07999999999999996,Mixed Outcome,2,0.2529955776054368,0.21448888591972465,0.29581194561873964,0.020767705592713473,1074
dejure5,wdj_citizen_lag1,-0.07999999999999996,Contracts Expression,1,0.2009564410028733,0.1512786881213017,0.2619133606551954,0.028205635148843333,1074
dejure5,wdj_citizen_lag1,-0.07999999999999996,Expands Expression,3,0.5460479813916916,0.4899224293520646,0.6010270757145552,0.02846001875850273,1074
dejure5,wdj_citizen_lag1,-0.040000000000000036,Mixed Outcome,2,0.2443433554197514,0.20721390283851174,0.2857280071703672,0.02004594205225517,1074
dejure5,wdj_citizen_lag1,-0.040000000000000036,Contracts Expression,1,0.20518342008528015,0.15692148464087172,0.26364679148711784,0.027217706483796265,1074
dejure5,wdj_citizen_lag1,-0.040000000000000036,Expands Expression,3,0.5504732244949667,0.49508660024539863,0.6046360624366126,0.02805823127965379,1074
dejure5,wdj_citizen_lag1,0.0,Mixed Outcome,2,0.2358868607311738,0.1996440238283168,0.27643664225903525,0.019602577047622704,1074
dejure5,wdj_citizen_lag1,0.0,Contracts Expression,1,0.20941194163246696,0.16198955651388444,0.2663054679390149,0.026610227475359127,1074
dejure5,wdj_citizen_lag1,0.0,Expands Expression,3,0.5547011976363667,0.4995984800266416,0.6084911402412339,0.02788846494047368,1074
dejure5,wdj_citizen_lag1,0.040000000000000036,Mixed Outcome,2,0.22762825232301565,0.19181565711594184,0.2679106764526061,0.019420877791158035,1074
dejure5,wdj_citizen_lag1,0.040000000000000036,Contracts Expression,1,0.21364028374073485,0.16635031623756313,0.27001943952291746,0.02645133539562547,1074
dejure5,wdj_citizen_lag1,0.040000000000000036,Expands Expression,3,0.5587314639362451,0.5034032493939028,0.6126386969655271,0.027976731625369348,1074
dejure5,wdj_citizen_lag1,0.08000000000000007,Mixed Outcome,2,0.21956919307979714,0.18378533434731031,0.26010009701550785,0.01947318686561207,1074
dejure5,wdj_citizen_lag1,0.08000000000000007,Contracts Expression,1,0.21786681740209415,0.16990701837694464,0.27488134032187816,0.026790403200637667,1074
dejure5,wdj_citizen_lag1,0.08000000000000007,Expands Expression,3,0.5625639895181138,0.5064547491328995,0.617116835115426,0.028344830689699303,1074
dejure5,wdj_citizen_lag1,0.1200000000000001,Mixed Outcome,2,0.21171086614175674,0.17562331515699983,0.25293857138895587,0.019724190218582734,1074
dejure5,wdj_citizen_lag1,0.1200000000000001,Contracts Expression,1,0.22209000778569213,0.1726164384016869,0.28092866323583804,0.02764909300966966,1074
dejure5,wdj_citizen_lag1,0.1200000000000001,Expands Expression,3,0.5661991260725533,0.5087194478383067,0.6219513785877315,0.029008342519491023,1074
dejure5,wdj_citizen_lag1,0.15999999999999992,Mixed Outcome,2,0.2040539927452929,0.16740550308469201,0.24635167568891544,0.02013505754727482,1074
dejure5,wdj_citizen_lag1,0.15999999999999992,Contracts Expression,1,0.22630841492945328,0.17449333137904935,0.28813926754195485,0.02901916712827605,1074
dejure5,wdj_citizen_lag1,0.15999999999999992,Expands Expression,3,0.5696375923252537,0.5101788315150891,0.6271534799581261,0.0299754332318366,1074
dejure5,wdj_citizen_lag1,0.19999999999999996,Mixed Outcome,2,0.1965988515142764,0.15920604447444314,0.24026445722288078,0.020667245986286574,1074
dejure5,wdj_citizen_lag1,0.19999999999999996,Contracts Expression,1,0.23052069387382673,0.17560002542779218,0.29644176621370283,0.030867882388065093,1074
dejure5,wdj_citizen_lag1,0.19999999999999996,Expands Expression,3,0.5728804546118956,0.5108296760250242,0.6327193685108744,0.031246744114464417,1074
dejure5,wdj_citizen_lag1,0.24,Mixed Outcome,2,0.18934529896978614,0.15109207372605393,0.2346068633867268,0.021285219672536045,1074
dejure5,wdj_citizen_lag1,0.24,Contracts Expression,1,0.2347255942728209,0.1760274615978686,0.3057344825216264,0.03314773648699631,1074
dejure5,wdj_citizen_lag1,0.24,Expands Expression,3,0.5759291067573924,0.5106823340199095,0.6386321076558336,0.032816297476359176,1074
dejure5,wdj_citizen_lag1,0.28,Mixed Outcome,2,0.1822927910312596,0.14312089933172215,0.2293167384414077,0.021957932919055786,1074
dejure5,wdj_citizen_lag1,0.28,Contracts Expression,1,0.2389219595196947,0.17587634543440062,0.31590431162641563,0.035806140226409995,1074
dejure5,wdj_citizen_lag1,0.28,Expands Expression,3,0.5787852494490463,0.5097577257263444,0.6448646717795385,0.034673066478941354,1074
dejure5,wdj_citizen_lag1,0.32000000000000006,Mixed Outcome,2,0.175440405289557,0.13533916396999104,0.2243408511138808,0.022659312536241826,1074
dejure5,wdj_citizen_lag1,0.32000000000000006,Contracts Expression,1,0.2431087254266312,0.17524373083050918,0.3268401672938106,0.038792301582218115,1074
dejure5,wdj_citizen_lag1,0.32000000000000006,Expands Expression,3,0.5814508692838138,0.5080839186288694,0.6513834560226015,0.0368027570375816,1074
dejure5,wdj_citizen_lag1,0.3600000000000001,Mixed Outcome,2,0.1687868638421199,0.1277832750142603,0.219634653233091,0.023368095727004705,1074
dejure5,wdj_citizen_lag1,0.3600000000000001,Contracts Expression,1,0.24728491849862422,0.17421591236754644,0.33844013797271344,0.04206087799573356,1074
dejure5,wdj_citizen_lag1,0.3600000000000001,Expands Expression,3,0.5839282176592606,0.5056930220649962,0.6581514906677581,0.03918943111858043,1074
dejure5,wdj_citizen_lag1,0.40000000000000013,Mixed Outcome,2,0.1623305564916632,0.12048049005614851,0.21516138175898591,0.02406733527492147,1074
dejure5,wdj_citizen_lag1,0.40000000000000013,Contracts Expression,1,0.25144965384261236,0.1728660464886508,0.35061393202011487,0.045573206726548576,1074
dejure5,wdj_citizen_lag1,0.40000000000000013,Expands Expression,3,0.5862197896657286,0.5026187947872687,0.6651309589973281,0.041816767919236573,1074
dejure5,wdj_citizen_lag1,0.43999999999999995,Mixed Outcome,2,0.156069564122411,0.11345023699007034,0.2108909220324994,0.024743784701999293,1074
dejure5,wdj_citizen_lag1,0.43999999999999995,Contracts Expression,1,0.25560213275266647,0.17125449436187884,0.36328261901382153,0.049297140494059685,1074
dejure5,wdj_citizen_lag1,0.43999999999999995,Expands Expression,3,0.5883283031249213,0.49889505653464317,0.6722849237915054,0.04466891574646269,1074
dejure5,wdj_citizen_lag1,0.48,Mixed Outcome,2,0.15000168208152018,0.1067054276021805,0.20679867110105724,0.0253872849581546,1074
dejure5,wdj_citizen_lag1,0.48,Contracts Expression,1,0.25974164001183625,0.1694303798481022,0.37637717317445635,0.05320625927873092,1074
dejure5,wdj_citizen_lag1,0.48,Expands Expression,3,0.590256677906648,0.49455480169323107,0.6795783600113977,0.04773098552391933,1074
dejure5,wdj_citizen_lag1,0.52,Mixed Outcome,2,0.14412444340768776,0.10025364908584646,0.20286451490944518,0.025990210548776076,1074
dejure5,wdj_citizen_lag1,0.52,Contracts Expression,1,0.2638675409501498,0.16743348120066875,0.38983669936725507,0.05727890937916408,1074
dejure5,wdj_citizen_lag1,0.52,Expands Expression,3,0.5920080156421595,0.4896298359245795,0.6869786679577261,0.05098927596989128,1074
dejure5,wdj_citizen_lag1,0.56,Mixed Outcome,2,0.13843514176372004,0.09409819257929897,0.19907195887051268,0.026546995213413013,1074
dejure5,wdj_citizen_lag1,0.56,Contracts Expression,1,0.2679792782972629,0.1652960302992223,0.40360676662130174,0.061497288042745624,1074
dejure5,wdj_citizen_lag1,0.56,Expands Expression,3,0.5935855799390175,0.484150755552496,0.6944558419799842,0.0544313208605484,1074
dejure5,wdj_citizen_lag1,0.6000000000000001,Mixed Outcome,2,0.1329308539448037,0.08823891678887605,0.19540741273096007,0.027053737637069145,1074
dejure5,wdj_citizen_lag1,0.6000000000000001,Contracts Expression,1,0.27207636886650144,0.16304425717823995,0.4176380098262894,0.06584665697775119,1074
dejure5,wdj_citizen_lag1,0.6000000000000001,Expands Expression,3,0.5949927771886948,0.47814712335900234,0.7019824358194677,0.05804583143486826,1074
dejure5,wdj_citizen_lag1,0.6400000000000001,Mixed Outcome,2,0.1276084618492186,0.08267296218567105,0.19185961355969922,0.02750787898915385,1074
dejure5,wdj_citizen_lag1,0.6400000000000001,Contracts Expression,1,0.27615840010538245,0.16069964890938832,0.43188502866358197,0.07031470086071373,1074
dejure5,wdj_citizen_lag1,0.6400000000000001,Expands Expression,3,0.5962331380454039,0.47164773606398364,0.7095334240919995,0.06182258576761388,1074
dejure5,wdj_citizen_lag1,0.6799999999999999,Mixed Outcome,2,0.12246467381286952,0.07739533704172562,0.18841916520666027,0.027907941301390203,1074
dejure5,wdj_citizen_lag1,0.6799999999999999,Contracts Expression,1,0.2802250265456831,0.15827994765608325,0.44630555681971495,0.0748910183875916,1074
dejure5,wdj_citizen_lag1,0.6799999999999999,Expands Expression,3,0.5973102996414472,0.4646809151876102,0.7170860232218097,0.06575229843742081,1074
dejure5,wdj_citizen_lag1,0.72,Mixed Outcome,2,0.11749604522341725,0.0723993966869476,0.18507817272454954,0.02825331576898035,1074
dejure5,wdj_citizen_lag1,0.72,Contracts Expression,1,0.2842759661838335,0.15579993062162711,0.46085985640399835,0.07956672420917656,1074
dejure5,wdj_citizen_lag1,0.72,Expands Expression,3,0.598227988592754,0.45727478026023405,0.7246195082808727,0.0698264900578821,1074
dejure5,wdj_citizen_lag1,0.76,Mixed Outcome,2,0.11269899834344775,0.06767723510871042,0.18182995272522257,0.028544091315865834,1074
dejure5,wdj_citizen_lag1,0.76,Contracts Expression,1,0.28831099682038214,0.15327201554177386,0.47551029142573153,0.08433413958061732,1074
dejure5,wdj_citizen_lag1,0.76,Expands Expression,3,0.5989900048361657,0.4494574819458348,0.732115044162075,0.0740373669585963,1074
dejure5,wdj_citizen_lag1,0.8,Mixed Outcome,2,0.10806984128529323,0.06322000504896365,0.1786688037921773,0.028780915359155956,1074
dejure5,wdj_citizen_lag1,0.8,Contracts Expression,1,0.292329952384753,0.15070672993221598,0.490221039509593,0.08918655229800783,1074
dejure5,wdj_citizen_lag1,0.8,Expands Expression,3,0.599600206329953,0.44125738453609875,0.7395555383520517,0.07837771549635697,1074
dejure5,wdj_citizen_lag1,0.8400000000000001,Mixed Outcome,2,0.1036047860923699,0.05901817984681259,0.17558982412283514,0.028964880250621137,1074
dejure5,wdj_citizen_lag1,0.8400000000000001,Contracts Expression,1,0.29633271926920884,0.1481130752130742,0.5049579081134475,0.09411803010365923,1074
dejure5,wdj_citizen_lag1,0.8400000000000001,Expands Expression,3,0.6000624946384187,0.4327031944831076,0.7469255162054603,0.08284081209796428,1074
dejure5,wdj_citizen_lag1,0.8800000000000001,Mixed Outcome,2,0.09929996589341769,0.05506176772689024,0.17258876623569433,0.029097430215651077,1074
dejure5,wdj_citizen_lag1,0.8800000000000001,Contracts Expression,1,0.30031923269366717,0.14549881020155547,0.5196882281525202,0.09912327510579136,1074
dejure5,wdj_citizen_lag1,0.8800000000000001,Expands Expression,3,0.6003808014129158,0.42382403585759587,0.7542110163484523,0.08742034831628036,1074
dejure5,wdj_citizen_lag1,0.9199999999999999,Mixed Outcome,2,0.09515145110662547,0.05134048712343602,0.16966192076968123,0.02918028471425119,1074
dejure5,wdj_citizen_lag1,0.9199999999999999,Contracts Expression,1,0.3042894731205836,0.14287067283057012,0.5343808036887,0.10419750963244086,1074
dejure5,wdj_citizen_lag1,0.9199999999999999,Expands Expression,3,0.6005590757727941,0.414649475985633,0.7613995024706596,0.09211036932631698,1074
dejure5,wdj_citizen_lag1,0.96,Mixed Outcome,2,0.09115526468029188,0.04784390993035428,0.1668060231602994,0.02921537503130633,1074
dejure5,wdj_citizen_lag1,0.96,Contracts Expression,1,0.30824346273693154,0.14023455450528438,0.5490059009261171,0.10933638619523309,1074
dejure5,wdj_citizen_lag1,0.96,Expands Expression,3,0.6006012725827771,0.4052095058175827,0.7684797874831044,0.09690522398490832,1074
dejure5,wdj_citizen_lag1,1.0,Mixed Outcome,2,0.08730739636550232,0.04456157822220431,0.1640181783556805,0.02920479159461912,1074
dejure5,wdj_citizen_lag1,1.0,Contracts Expression,1,0.3121812620180789,0.1375956380355519,0.5635352634535848,0.11453591601178587,1074
dejure5,wdj_citizen_lag1,1.0,Expands Expression,3,0.6005113416164172,0.3955344802720389,0.7754419663250948,0.10179952458026935,1074
dejure6,wdj_citizen_lag1,-1.0,Mixed Outcome,2,0.4052251017260842,0.2586931258833893,0.5708430432924019,0.0822711718973931,1074
dejure6,wdj_citizen_lag1,-1.0,Contracts Expression,1,0.10930884736035368,0.04126003562064247,0.25924136869656556,0.05205426542289641,1074
dejure6,wdj_citizen_lag1,-1.0,Expands Expression,3,0.4854660509135623,0.35844032153149735,0.6143976437210766,0.06677994037284841,1074
dejure6,wdj_citizen_lag1,-0.96,Mixed Outcome,2,0.3974455425095358,0.2569052339594102,0.5572172754348721,0.07893248836335302,1074
dejure6,wdj_citizen_lag1,-0.96,Contracts Expression,1,0.11260133985327818,0.044176721235168935,0.25836069368535525,0.051488160670688156,1074
dejure6,wdj_citizen_lag1,-0.96,Expands Expression,3,0.48995311763718624,0.3672159210636788,0.6139136802723538,0.06425919250594203,1074
dejure6,wdj_citizen_lag1,-0.92,Mixed Outcome,2,0.38969866305890377,0.25510964938752756,0.5434862233466805,0.07559419815517453,1074
dejure6,wdj_citizen_lag1,-0.92,Contracts Expression,1,0.1159555536774436,0.04726369924579779,0.2574996191350124,0.05085289966453218,1074
dejure6,wdj_citizen_lag1,-0.92,Expands Expression,3,0.4943457832636522,0.3758973414782236,0.6134323564715034,0.06177652029905286,1074
dejure6,wdj_citizen_lag1,-0.88,Mixed Outcome,2,0.38198807559641174,0.2533056527810823,0.5296706823861576,0.07226148646590147,1074
dejure6,wdj_citizen_lag1,-0.88,Contracts Expression,1,0.11937110586337586,0.050527129746139224,0.2566599198959014,0.05014809816157062,1074
dejure6,wdj_citizen_lag1,-0.88,Expands Expression,3,0.49864081854021414,0.38446917783612666,0.6129543736921065,0.059335429617272464,1074
dejure6,wdj_citizen_lag1,-0.84,Mixed Outcome,2,0.3743173517561914,0.2514923111341734,0.5157923506148385,0.06893962338160277,1074
dejure6,wdj_citizen_lag1,-0.84,Contracts Expression,1,0.12284755642868077,0.05397294503310618,0.25584359736873735,0.04937360457470585,1074
dejure6,wdj_citizen_lag1,-0.84,Expands Expression,3,0.5028350918151281,0.3929165130456617,0.6124803125213033,0.056939222786118536,1074
dejure6,wdj_citizen_lag1,-0.8,Mixed Outcome,2,0.3666900161269967,0.2496684337510073,0.5018737674707656,0.06563397319590598,1074
dejure6,wdj_citizen_lag1,-0.8,Contracts Expression,1,0.12638440916291602,0.057606768801206513,0.25505292754104636,0.048529527515795604,1074
dejure6,wdj_citizen_lag1,-0.8,Expands Expression,3,0.5069255747100887,0.4012249886727128,0.6120106331913583,0.05459099361444976,1074
dejure6,wdj_citizen_lag1,-0.76,Mixed Outcome,2,0.35910953988217437,0.24783251734825937,0.4879382550895793,0.062350009356758454,1074
dejure6,wdj_citizen_lag1,-0.76,Contracts Expression,1,0.12998111258374442,0.06143382167533207,0.2542905199703938,0.04761626849178566,1074
dejure6,wdj_citizen_lag1,-0.76,Expands Expression,3,0.5109093475340815,0.40938085893860515,0.6115456852529477,0.05229362841608611,1074
dejure6,wdj_citizen_lag1,-0.72,Mixed Outcome,2,0.35157933452131657,0.24598267711204821,0.47400986666404615,0.05909333675085778,1074
dejure6,wdj_citizen_lag1,-0.72,Contracts Expression,1,0.13363706106037196,0.06545881025022811,0.2535593905835727,0.04663456120890767,1074
dejure6,wdj_citizen_lag1,-0.72,Expands Expression,3,0.5147836044183118,0.4173710240674079,0.6110857294898598,0.05004981458806285,1074
dejure6,wdj_citizen_lag1,-0.6799999999999999,Mixed Outcome,2,0.3441027457477977,0.24411655940655375,0.46011334747715366,0.05586972358439374,1074
dejure6,wdj_citizen_lag1,-0.6799999999999999,Contracts Expression,1,0.1373515960992017,0.06968579598503247,0.2528630520175518,0.04558551938022314,1074
dejure6,wdj_citizen_lag1,-0.6799999999999999,Expands Expression,3,0.5185456581530006,0.4251830387507752,0.6106309756678235,0.04786205858769659,1074
dejure6,wdj_citizen_lag1,-0.64,Mixed Outcome,2,0.3366830475061691,0.24223123034779293,0.4462741158646142,0.05268514587506722,1074
dejure6,wdj_citizen_lag1,-0.64,Contracts Expression,1,0.14112400778562026,0.07411803921186154,0.2522056263533665,0.04447069551055779,1074
dejure6,wdj_citizen_lag1,-0.64,Expands Expression,3,0.5221929447082114,0.43280509105094,0.610181640372335,0.045732715468916246,1074
dejure6,wdj_citizen_lag1,-0.6,Mixed Outcome,2,0.3293234362028807,0.2403230324241256,0.4325182735033567,0.04954584860571873,1074
dejure6,wdj_citizen_lag1,-0.6,Contracts Expression,1,0.1449535363748127,0.0787578120657646,0.2515919865886584,0.043292153899117815,1074
dejure6,wdj_citizen_lag1,-0.6,Expands Expression,3,0.5257230274223068,0.4402259465680497,0.6097380299082685,0.04366403248415472,1074
dejure6,wdj_citizen_lag1,-0.56,Mixed Outcome,2,0.32202702513315284,0.2383873985609921,0.41887265728430984,0.04645842900855422,1074
dejure6,wdj_citizen_lag1,-0.56,Contracts Expression,1,0.14883937402359584,0.08360617221994104,0.25102793515849725,0.04205256210772363,1074
dejure6,wdj_citizen_lag1,-0.56,Expands Expression,3,0.5291336008432516,0.4474348521750161,0.6093006539830376,0.041658209619344876,1074
dejure6,wdj_citizen_lag1,-0.52,Mixed Outcome,2,0.3147968391360617,0.23641860923843241,0.4053649488592461,0.04342994937940611,1074
dejure6,wdj_citizen_lag1,-0.52,Contracts Expression,1,0.15278066665433473,0.08866268677138946,0.2505204304000575,0.040755306466898636,1074
dejure6,wdj_citizen_lag1,-0.52,Expands Expression,3,0.5324224942096036,0.45442139312362123,0.608870376616162,0.03971748027674487,1074
dejure6,wdj_citizen_lag1,-0.48,Mixed Outcome,2,0.3076358094989131,0.23440947317868874,0.39202386304894865,0.040468089415557636,1074
dejure6,wdj_citizen_lag1,-0.48,Contracts Expression,1,0.15677651594122738,0.0939250923182109,0.2500778752045968,0.039404638907497874,1074
dejure6,wdj_citizen_lag1,-0.48,Expands Expression,3,0.5355876745598596,0.4611752969478329,0.608448611307411,0.03784421560116779,1074
dejure6,wdj_citizen_lag1,-0.43999999999999995,Mixed Outcome,2,0.3005467691308325,0.23235090546949497,0.37887944292031067,0.03758135145958067,1074
dejure6,wdj_citizen_lag1,-0.43999999999999995,Contracts Expression,1,0.16082598140849547,0.09938887305161953,0.24971048636955948,0.03800586459092733,1074
dejure6,wdj_citizen_lag1,-0.43999999999999995,Expands Expression,3,0.5386272494606719,0.46768617753387204,0.6080375677478449,0.036041056055776455,1074
dejure6,wdj_citizen_lag1,-0.4,Mixed Outcome,2,0.29353244802428835,0.23023136876494088,0.3659634974958402,0.03477933622089651,1074
dejure6,wdj_citizen_lag1,-0.4,Contracts Expression,1,0.16492808262936354,0.10504673351234735,0.24943076837959405,0.03656558248428873,1074
dejure6,wdj_citizen_lag1,-0.4,Expands Expression,3,0.5415394693463483,0.47394321332865075,0.6076405569308277,0.0343110736206492,1074
dejure6,wdj_citizen_lag1,-0.36,Mixed Outcome,2,0.28659546902177735,0.2280361341955538,0.3533102269663409,0.032073111134433514,1074
dejure6,wdj_citizen_lag1,-0.36,Contracts Expression,1,0.16908180151417063,0.11088793673873665,0.24925412131556682,0.035091994087224965,1074
dejure6,wdj_citizen_lag1,-0.36,Expands Expression,3,0.544322729464053,0.47993475551761133,0.6072623598111568,0.032657967104654975,1074
dejure6,wdj_citizen_lag1,-0.31999999999999995,Mixed Outcome,2,0.2797383439034061,0.22574631168808396,0.34095708707372446,0.02947569703773313,1074
dejure6,wdj_citizen_lag1,-0.31999999999999995,Contracts Expression,1,0.17328608467549866,0.11689747271673895,0.24919961845553731,0.03359529852999128,1074
dejure6,wdj_citizen_lag1,-0.31999999999999995,Expands Expression,3,0.5469755714210949,0.4856478660654116,0.6069096607203037,0.03108629104626154,1074
dejure6,wdj_citizen_lag1,-0.28,Mixed Outcome,2,0.2729634698093768,0.2233376022816164,0.3289459412816083,0.027002697352120002,1074
dejure6,wdj_citizen_lag1,-0.28,Contracts Expression,1,0.17753984585784327,0.12305501857874312,0.24929099262945767,0.03208819408063677,1074
dejure6,wdj_citizen_lag1,-0.28,Expands Expression,3,0.549496684332779,0.49106779325348276,0.6065915390980284,0.029601714779827214,1074
dejure6,wdj_citizen_lag1,-0.24,Mixed Outcome,2,0.2662731260096587,0.22077875594172477,0.3173245182501281,0.024673078141011974,1074
dejure6,wdj_citizen_lag1,-0.24,Contracts Expression,1,0.18184196841912842,0.12933365586688647,0.24955786656360368,0.030586504194437564,1074
dejure6,wdj_citizen_lag1,-0.24,Expands Expression,3,0.5518849055712125,0.49617740579030234,0.6063199997195412,0.028211301429317062,1074
dejure6,wdj_citizen_lag1,-0.19999999999999996,Mixed Outcome,2,0.2596694710312035,0.21802981563389612,0.30614809466788473,0.022510057726351687,1074
dejure6,wdj_citizen_lag1,-0.19999999999999996,Contracts Expression,1,0.18619130785120944,0.1356983315033143,0.2500372411549102,0.029109935449180068,1074
dejure6,wdj_citizen_lag1,-0.19999999999999996,Expands Expression,3,0.554139221117587,0.5009566282031955,0.606110499994562,0.026923785591928297,1074
dejure6,wdj_citizen_lag1,-0.16000000000000003,Mixed Outcome,2,0.2531545401511691,0.21504046179174183,0.29548108990371397,0.020541945350936477,1074
dejure6,wdj_citizen_lag1,-0.16000000000000003,Contracts Expression,1,0.1905866943265033,0.1421041064374536,0.25077519831077605,0.027682945590023645,1074
dejure6,wdj_citizen_lag1,-0.16000000000000003,Expands Expression,3,0.5562587655223286,0.5053819521185483,0.6059824010142549,0.025749812230996618,1074
dejure6,wdj_citizen_lag1,-0.12,Mixed Outcome,2,0.24673024326255164,0.2117492369255038,0.285397793109923,0.01880253060137027,1074
dejure6,wdj_citizen_lag1,-0.12,Contracts Expression,1,0.19502693525795406,0.14849435905948027,0.2518286518932642,0.02633563727896352,1074
dejure6,wdj_citizen_lag1,-0.12,Expands Expression,3,0.5582428214794948,0.5094261399924649,0.6059592270351722,0.0247020779141566,1074
dejure6,wdj_citizen_lag1,-0.07999999999999996,Mixed Outcome,2,0.24039836311664933,0.20808516800411628,0.2759807052997986,0.017330248482145885,1074
dejure6,wdj_citizen_lag1,-0.07999999999999996,Contracts Expression,1,0.19951081785973807,0.1547993368640213,0.2532667539167883,0.02510447789752081,1074
dejure6,wdj_citizen_lag1,-0.07999999999999996,Expands Expression,3,0.5600908190236132,0.5130582835026614,0.6060685723797328,0.023795292247804137,1074
dejure6,wdj_citizen_lag1,-0.040000000000000036,Mixed Outcome,2,0.2341605539446662,0.20397402549629293,0.26731425745514587,0.016164976565916138,1074
dejure6,wdj_citizen_lag1,-0.040000000000000036,Contracts Expression,1,0.20403711169638972,0.16093579938728603,0.2551712136150251,0.024032467761127975,1074
dejure6,wdj_citizen_lag1,-0.040000000000000036,Expands Expression,3,0.5618023343589441,0.5162444105291994,0.6063414629289164,0.023045861151213348,1074
dejure6,wdj_citizen_lag1,0.0,Mixed Outcome,2,0.22801834045872824,0.19935110527226238,0.25947201820073884,0.01534150015883655,1074
dejure6,wdj_citizen_lag1,0.0,Contracts Expression,1,0.2086045712084304,0.16680889935656087,0.25763438306062486,0.0231681734071567,1074
dejure6,wdj_citizen_lag1,0.0,Expands Expression,3,0.5633770883328426,0.5189488201031093,0.6068109938201725,0.02247120096015137,1074
dejure6,wdj_citizen_lag1,0.040000000000000036,Mixed Outcome,2,0.22197311723055416,0.19417935184325308,0.2524985721196349,0.014880246732317937,1074
dejure6,wdj_citizen_lag1,0.040000000000000036,Contracts Expression,1,0.21321193820303183,0.17231763000955813,0.2607537819860397,0.02256295053470859,1074
dejure6,wdj_citizen_lag1,0.040000000000000036,Expands Expression,3,0.5648149445664142,0.5211362232083869,0.6075101663249548,0.022088643986452123,1074
dejure6,wdj_citizen_lag1,0.08000000000000007,Mixed Outcome,2,0.21602614844397866,0.18846601972877292,0.2463928713034324,0.014778760531411738,1074
dejure6,wdj_citizen_lag1,0.08000000000000007,Contracts Expression,1,0.21785794429883418,0.17736458678265246,0.2646223141772857,0.022265976808439503,1074
dejure6,wdj_citizen_lag1,0.08000000000000007,Expands Expression,3,0.5661159072571876,0.5227745555310765,0.6084690585218878,0.021914003997104074,1074
dejure6,wdj_citizen_lag1,0.1200000000000001,Mixed Outcome,2,0.21017856801562992,0.18226795647486368,0.2411029758543982,0.015008979498445815,1074
dejure6,wdj_citizen_lag1,0.1200000000000001,Contracts Expression,1,0.22254131331463198,0.18186898265674206,0.2693152366790149,0.022317636637171952,1074
dejure6,wdj_citizen_lag1,0.1200000000000001,Expands Expression,3,0.5672801186697382,0.5238380429085362,0.6097117495569458,0.021960015391976964,1074
dejure6,wdj_citizen_lag1,0.15999999999999992,Mixed Outcome,2,0.20443138007613518,0.17568100534534534,0.2365366844379595,0.015522616809538193,1074
dejure6,wdj_citizen_lag1,0.15999999999999992,Contracts Expression,1,0.22726076359236658,0.18577930217804417,0.2748774972614363,0.022743101169664697,1074
dejure6,wdj_citizen_lag1,0.15999999999999992,Expands Expression,3,0.568307856331496,0.5243098642963938,0.6112536530415456,0.022234979989751116,1074
dejure6,wdj_citizen_lag1,0.19999999999999996,Mixed Outcome,2,0.19878545980249399,0.16881950521487513,0.23258207638425007,0.01626160290217824,1074
dejure6,wdj_citizen_lag1,0.19999999999999996,Contracts Expression,1,0.23201501024560212,0.18908064227647278,0.28131639243285844,0.023548626247903843,1074
dejure6,wdj_citizen_lag1,0.19999999999999996,Expands Expression,3,0.5691995299519037,0.5241837344834211,0.6130999375425527,0.022741966718486464,1074
dejure6,wdj_citizen_lag1,0.24,Mixed Outcome,2,0.19324155459053852,0.16179657007320553,0.2291272818895707,0.017168140955415728,1074
dejure6,wdj_citizen_lag1,0.24,Contracts Expression,1,0.2368027673254527,0.19179359838323132,0.28860268781547027,0.024722165581817473,1074
dejure6,wdj_citizen_lag1,0.24,Expands Expression,3,0.5699556780840097,0.523464000588519,0.6152454401257949,0.02347877085624309,1074
dejure6,wdj_citizen_lag1,0.28,Mixed Outcome,2,0.18780028555485698,0.1547117144416925,0.2260729129355173,0.018191025622662255,1074
dejure6,wdj_citizen_lag1,0.28,Contracts Expression,1,0.24162274989677945,0.19396570854648193,0.29667918842514174,0.02623777706531238,1074
dejure6,wdj_citizen_lag1,0.28,Expands Expression,3,0.5705769645483639,0.5221643093165174,0.6176760157838027,0.024438603434346777,1074
dejure6,wdj_citizen_lag1,0.32000000000000006,Mixed Outcome,2,0.18246214934211483,0.14764615258420735,0.2233368259454941,0.01928805565481994,1074
dejure6,wdj_citizen_lag1,0.32000000000000006,Contracts Expression,1,0.24647367601831835,0.19565965827305248,0.30547255626407377,0.028061674581911472,1074
dejure6,wdj_citizen_lag1,0.32000000000000006,Expands Expression,3,0.5710641746395676,0.5203053174368908,0.6203708499053682,0.025611269636417463,1074
dejure6,wdj_citizen_lag1,0.3600000000000001,Mixed Outcome,2,0.17722752024241326,0.14066305012603716,0.2208539364719336,0.02042592628819937,1074
dejure6,wdj_citizen_lag1,0.3600000000000001,Contracts Expression,1,0.2513542686212834,0.19694254222140267,0.3149040791377818,0.03015773255139199,1074
dejure6,wdj_citizen_lag1,0.3600000000000001,Expands Expression,3,0.5714182111363031,0.5179120900443126,0.6233050886717333,0.02698450736106631,1074
dejure6,wdj_citizen_lag1,0.40000000000000013,Mixed Outcome,2,0.17209665258217563,0.13380999715689074,0.2185738157707008,0.021578992481160606,1074
dejure6,wdj_citizen_lag1,0.40000000000000013,Contracts Expression,1,0.2562632572818792,0.1978784317104324,0.32489714165962236,0.03249129677822658,1074
dejure6,wdj_citizen_lag1,0.40000000000000013,Expands Expression,3,0.5716400901359462,0.5150117377255368,0.6264522355308867,0.0285452048043223,1074
dejure6,wdj_citizen_lag1,0.43999999999999995,Mixed Outcome,2,0.16706968338104417,0.12712201200173742,0.2164577590545443,0.022727763976744874,1074
dejure6,wdj_citizen_lag1,0.43999999999999995,Contracts Expression,1,0.261199379884017,0.19852441420548889,0.3353812320973705,0.035031218550255296,1074
dejure6,wdj_citizen_lag1,0.43999999999999995,Expands Expression,3,0.5717309367349395,0.511631606923047,0.6297859985829685,0.030280336662919356,1074
dejure6,wdj_citizen_lag1,0.48,Mixed Outcome,2,0.16214663525444187,0.12062429943228302,0.21447610068597714,0.023857527023647872,1074
dejure6,wdj_citizen_lag1,0.48,Contracts Expression,1,0.2661613841694205,0.19892921349970452,0.3462933760493193,0.03775056838949572,1074
dejure6,wdj_citizen_lag1,0.48,Expands Expression,3,0.571691980576137,0.5077981018172585,0.6332815095438725,0.03217757881021006,1074
dejure6,wdj_citizen_lag1,0.52,Mixed Outcome,2,0.1573274195427491,0.11433451664420671,0.21260602208703114,0.024957217750730645,1074
dejure6,wdj_citizen_lag1,0.52,Contracts Expression,1,0.27114802917314546,0.19913334084675455,0.35757804628833956,0.040626566318338,1074
dejure6,wdj_citizen_lag1,0.52,Expands Expression,3,0.5715245512841046,0.5035360611342604,0.6369159897555894,0.03422564019300724,1074
dejure6,wdj_citizen_lag1,0.56,Mixed Outcome,2,0.1526118396475376,0.10826454061752348,0.2108298579295568,0.026018549821016246,1074
dejure6,wdj_citizen_lag1,0.56,Contracts Expression,1,0.27615808654335633,0.1991699760113272,0.36918634929747957,0.043640138199343356,1074
dejure6,wdj_citizen_lag1,0.56,Expands Expression,3,0.5712300738091067,0.49886854832722216,0.6406690035828667,0.03641438372980043,1074
dejure6,wdj_citizen_lag1,0.6000000000000001,Mixed Outcome,2,0.14799959455490633,0.10242181447350818,0.20913382225790683,0.02703535628971641,1074
dejure6,wdj_citizen_lag1,0.6000000000000001,Contracts Expression,1,0.2811903417449995,0.19906608707775833,0.38107497904684196,0.04677534928642459,1074
dejure6,wdj_citizen_lag1,0.6000000000000001,Expands Expression,3,0.5708100637000929,0.4938169106986103,0.6445224423557537,0.03873480939139997,1074
dejure6,wdj_citizen_lag1,0.6400000000000001,Mixed Outcome,2,0.1434902825257692,0.09681036491235759,0.20750706181318965,0.02800309831620596,1074
dejure6,wdj_citizen_lag1,0.6400000000000001,Contracts Expression,1,0.28624359514777514,0.19884353374598296,0.3932051925837772,0.05001884555747146,1074
dejure6,wdj_citizen_lag1,0.6400000000000001,Expands Expression,3,0.5702661223264562,0.4884009898310456,0.6484603551859714,0.04117895893965775,1074
dejure6,wdj_citizen_lag1,0.6799999999999999,Mixed Outcome,2,0.1390834049328448,0.09143157189861244,0.20594095483464092,0.028918499031354843,1074
dejure6,wdj_citizen_lag1,0.6799999999999999,Contracts Expression,1,0.2913166629994835,0.19852004428386907,0.40554191648794924,0.05335935905892001,1074
dejure6,wdj_citizen_lag1,0.6799999999999999,Expands Expression,3,0.5695999320676705,0.48263939970329445,0.6524687089766052,0.043739784446873924,1074
dejure6,wdj_citizen_lag1,0.72,Mixed Outcome,2,0.1347783702241991,0.08628475471509696,0.20442859074813927,0.029779269623927664,1074
dejure6,wdj_citizen_lag1,0.72,Contracts Expression,1,0.29640837828652533,0.19811003438335595,0.4180530151000993,0.056787293576824605,1074
dejure6,wdj_citizen_lag1,0.72,Expands Expression,3,0.5688132514892746,0.47654981889503034,0.6565351299503689,0.04641100741950291,1074
dejure6,wdj_citizen_lag1,0.76,Mixed Outcome,2,0.1305744979933496,0.08136762253407791,0.20296438221014285,0.030583902913647352,1074
dejure6,wdj_citizen_lag1,0.76,Contracts Expression,1,0.3015175914838885,0.1976252730422881,0.4307087145053769,0.060294388088231586,1074
dejure6,wdj_citizen_lag1,0.76,Expands Expression,3,0.5679079105227613,0.4701492657564584,0.6606486566140947,0.049186983922279943,1074
dejure6,wdj_citizen_lag1,0.8,Mixed Outcome,2,0.1264710231363095,0.07667662478660638,0.20154377392438455,0.03133151629093921,1074
dejure6,wdj_citizen_lag1,0.8,Contracts Expression,1,0.3066431711975804,0.19707541507644769,0.44348116173364394,0.06387344803095017,1074
dejure6,wdj_citizen_lag1,0.8,Expands Expression,3,0.5668858056661112,0.46345434058625073,0.664799519006623,0.052062583412244366,1074
dejure6,wdj_citizen_lag1,0.8400000000000001,Mixed Outcome,2,0.1224671000763646,0.07220722690584437,0.20016302243114917,0.03202173089664361,1074
dejure6,wdj_citizen_lag1,0.8400000000000001,Contracts Expression,1,0.3117840047028724,0.196468423315828,0.45634409517076163,0.06751813265514416,1074
dejure6,wdj_citizen_lag1,0.8400000000000001,Expands Expression,3,0.5657488952207633,0.45648142832538113,0.6689789497398151,0.05503308422664361,1074
dejure6,wdj_citizen_lag1,0.8800000000000001,Mixed Outcome,2,0.11856180703792932,0.06795412993605598,0.19881902822337227,0.03265457756571336,1074
dejure6,wdj_citizen_lag1,0.8800000000000001,Contracts Expression,1,0.31693899838225975,0.19581090214706418,0.4692726035616593,0.07122278742149099,1074
dejure6,wdj_citizen_lag1,0.8800000000000001,Expands Expression,3,0.5644991945798112,0.4492468607721353,0.6731790269991114,0.0580940859366529,1074
dejure6,wdj_citizen_lag1,0.9199999999999999,Mixed Outcome,2,0.11475415035147885,0.06391144740789804,0.1975092066994679,0.03323042268837682,1074
dejure6,wdj_citizen_lag1,0.9199999999999999,Contracts Expression,1,0.3221070780673432,0.1951083609325498,0.48224295413076657,0.0749823120038259,1074
dejure6,wdj_citizen_lag1,0.9199999999999999,Expands Expression,3,0.5631387715811782,0.4417670402570491,0.6773925469139678,0.061241437363223766,1074
dejure6,wdj_citizen_lag1,0.96,Mixed Outcome,2,0.1110430687722642,0.06007284924712945,0.19623138815352567,0.03374990902364369,1074
dejure6,wdj_citizen_lag1,0.96,Contracts Expression,1,0.32728718928921646,0.19436542241642255,0.49523247379669444,0.0787920561975187,1074
dejure6,wdj_citizen_lag1,0.96,Expands Expression,3,0.5616697419385189,0.43405852811334844,0.6816129215097061,0.06447117842642938,1074
dejure6,wdj_citizen_lag1,1.0,Mixed Outcome,2,0.10742743779633589,0.05643167989335416,0.19498373964457139,0.03421390784526719,1074
dejure6,wdj_citizen_lag1,1.0,Contracts Expression,1,0.3324782974422201,0.19358598812685662,0.5082194705992827,0.08264773761453094,1074
dejure6,wdj_citizen_lag1,1.0,Expands Expression,3,0.5600942647614442,0.4261381017848864,0.6858340981570364,0.06777949383355608,1074
full1,court_independence_lag1,-2.684999942779541,Mixed Outcome,2,0.06285723857811276,0.017853478224800087,0.1983884910829807,0.03923864463496006,825
full1,court_independence_lag1,-2.684999942779541,Contracts Expression,1,0.8522497584738996,0.694871740201925,0.9359391831311888,0.05970786793979724,825
full1,court_independence_lag1,-2.684999942779541,Expands Expression,3,0.08489300294798817,0.04107885491285662,0.16728628108186505,0.03062580351014354,825
full1,court_independence_lag1,-2.5639799451828003,Mixed Outcome,2,0.06661667062363727,0.019734969119251534,0.2019273902676319,0.04014957436344723,825
full1,court_independence_lag1,-2.5639799451828003,Contracts Expression,1,0.841706781114048,0.684174781712732,0.9288357085577666,0.06104233380238822,825
full1,court_independence_lag1,-2.5639799451828003,Expands Expression,3,0.09167654826231436,0.04581489595636235,0.17502569196305648,0.03156381616310087,825
full1,court_independence_lag1,-2.4429599475860595,Mixed Outcome,2,0.07053026795439936,0.021788599994711163,0.20541205597078735,0.040998737391421396,825
full1,court_independence_lag1,-2.4429599475860595,Contracts Expression,1,0.8305873072010176,0.6732342055682965,0.9210530191089396,0.062240786449357884,825
full1,court_independence_lag1,-2.4429599475860595,Expands Expression,3,0.09888242484458437,0.0510206078050523,0.18298534031783592,0.03243530498399529,825
full1,court_independence_lag1,-2.3219399499893187,Mixed Outcome,2,0.07459586919160754,0.024025367128550433,0.20883460690886074,0.041778136757592337,825
full1,court_independence_lag1,-2.3219399499893187,Contracts Expression,1,0.8188831486060435,0.6620540356914617,0.9125468983201769,0.06328699004319085,825
full1,court_independence_lag1,-2.3219399499893187,Expands Expression,3,0.10652098220234889,0.056727642897416344,0.191163409295334,0.03322966378569158,825
full1,court_independence_lag1,-2.200919952392578,Mixed Outcome,2,0.07881021435076734,0.026456166934195825,0.21218690305351215,0.04247981466854539,825
full1,court_independence_lag1,-2.200919952392578,Contracts Expression,1,0.8065889557823479,0.6506389998963363,0.9032740104822843,0.0641652459570184,825
full1,court_independence_lag1,-2.200919952392578,Expands Expression,3,0.1146008298668842,0.06296709292521323,0.19955771652575763,0.03393645366341619,825
full1,court_independence_lag1,-2.0798999547958372,Mixed Outcome,2,0.08316888192685647,0.029091645915423407,0.21546055128913752,0.04309594704848849,825
full1,court_independence_lag1,-2.0798999547958372,Contracts Expression,1,0.7937024959981386,0.6389945635904065,0.8931926770564347,0.06486069172677399,825
full1,court_independence_lag1,-2.0798999547958372,Expands Expression,3,0.12312862207500598,0.06976895281434023,0.20816570551606808,0.03454559543782222,825
full1,court_independence_lag1,-1.9588799571990967,Mixed Outcome,2,0.08766623573089824,0.031942033581302355,0.21864691527562838,0.0436189423592723,825
full1,court_independence_lag1,-1.9588799571990967,Contracts Expression,1,0.7802249107347841,0.6271269593822135,0.882263743053829,0.06535960981799803,825
full1,court_independence_lag1,-1.9588799571990967,Expands Expression,3,0.1321088535343185,0.07716153075308729,0.21698443508730392,0.03504757060831052,825
full1,court_independence_lag1,-1.8378599596023562,Mixed Outcome,2,0.09229538326181254,0.035016959562414164,0.2217371306888872,0.04404154300099849,825
full1,court_independence_lag1,-1.8378599596023562,Contracts Expression,1,0.7661609457722532,0.6150432097026599,0.8704515250995559,0.06564973956602857,825
full1,court_independence_lag1,-1.8378599596023562,Expands Expression,3,0.14154367096593354,0.08517081275369617,0.22601056836276165,0.03543362628065244,825
full1,court_independence_lag1,-1.7168399620056154,Mixed Outcome,2,0.09704814730820055,0.03832525678498604,0.22472212701976405,0.04435692746147109,825
full1,court_independence_lag1,-1.7168399620056154,Contracts Expression,1,0.7515191476589318,0.6027511391138657,0.8577248288128635,0.06572058524862344,825
full1,court_independence_lag1,-1.7168399620056154,Expands Expression,3,0.15143270503286846,0.09381979294542896,0.23524036338626597,0.03569597926189078,825
full1,court_independence_lag1,-1.5958199644088746,Mixed Outcome,2,0.10191505233985668,0.04187475320743683,0.22759265707335177,0.044558811292506155,825
full1,court_independence_lag1,-1.5958199644088746,Contracts Expression,1,0.7363120206274982,0.5902593726157059,0.8440580188682889,0.06556371312560659,825
full1,court_independence_lag1,-1.5958199644088746,Expands Expression,3,0.16177292703264481,0.10312778331883524,0.2446696680297957,0.03582801448269704,825
full1,court_independence_lag1,-1.4747999668121339,Mixed Outcome,2,0.10688532706967063,0.04567205528226449,0.23033933523345654,0.044641544959573766,825
full1,court_independence_lag1,-1.4747999668121339,Contracts Expression,1,0.7205561385656285,0.5775773159764742,0.829432120827525,0.06517303044738064,825
full1,court_independence_lag1,-1.4747999668121339,Expands Expression,3,0.17255853436470103,0.11310971878240761,0.25429392243327803,0.035824473135336744,825
full1,court_independence_lag1,-1.3537799692153931,Mixed Outcome,2,0.1119469243454013,0.04972232694699909,0.23295268545577433,0.04460020664504885,825
full1,court_independence_lag1,-1.3537799692153931,Contracts Expression,1,0.7042722073651135,0.5647151139159474,0.8138359297533314,0.06454503989254592,825
full1,court_independence_lag1,-1.3537799692153931,Expands Expression,3,0.18378086828948592,0.12377547495306779,0.2641081728179212,0.03568162641801125,825
full1,court_independence_lag1,-1.2327599716186524,Mixed Outcome,2,0.11708655927029694,0.05402906853323708,0.2354231998515744,0.0444306881926203,825
full1,court_independence_lag1,-1.2327599716186524,Contracts Expression,1,0.6874850738349161,0.5516835818438427,0.7972670969693132,0.06367906363338469,825
full1,court_independence_lag1,-1.2327599716186524,Expands Expression,3,0.1954283668947871,0.13512921688170834,0.27410710115148984,0.03539743155706753,825
full1,court_independence_lag1,-1.1117399740219116,Mixed Outcome,2,0.12228976615477868,0.05859390046401204,0.23774140864925541,0.04412977257027678,825
full1,court_independence_lag1,-1.1117399740219116,Contracts Expression,1,0.6702236783467493,0.5384941067815969,0.7797331633712136,0.06257743222473412,825
full1,court_independence_lag1,-1.1117399740219116,Expands Expression,3,0.20748655549847267,0.14716879671714175,0.28428507587631263,0.03497166784053432,825
full1,court_independence_lag1,-0.9907199764251711,Mixed Outcome,2,0.1275409745717062,0.06341635692387541,0.23989796231311283,0.04369520151472815,825
full1,court_independence_lag1,-0.9907199764251711,Contracts Expression,1,0.65252094945772,0.5251585130354289,0.7612525057050474,0.061245634739586795,825
full1,court_independence_lag1,-0.9907199764251711,Expands Expression,3,0.2199380759705732,0.1598852169628658,0.29463622980469406,0.034406051736819945,825
full1,court_independence_lag1,-0.8696999788284303,Mixed Outcome,2,0.1328236044286683,0.06849369475478474,0.24188372670111083,0.043125732417226226,825
full1,court_independence_lag1,-0.8696999788284303,Contracts Expression,1,0.6344136398940943,0.5116888881080863,0.741855161487839,0.05969242800037466,825
full1,court_independence_lag1,-0.8696999788284303,Expands Expression,3,0.23276275567723745,0.1732621733205557,0.30515457245252764,0.03370433180005779,825
full1,court_independence_lag1,-0.7486799812316896,Mixed Outcome,2,0.13812017958639133,0.07382072255804072,0.24368989241135014,0.04242118404106645,825
full1,court_independence_lag1,-0.7486799812316896,Contracts Expression,1,0.6159421044545602,0.49809736419255446,0.7215834990383873,0.057929904346578506,825
full1,court_independence_lag1,-0.7486799812316896,Expands Expression,3,0.24593771595904795,0.18727568700872058,0.31583414565474816,0.032872365996203474,825
full1,court_independence_lag1,-0.627659983634949,Mixed Outcome,2,0.14341245914770534,0.07938965425113602,0.24530809997085323,0.041582471354011094,825
full1,court_independence_lag1,-0.627659983634949,Contracts Expression,1,0.5971500215741459,0.4843958503833855,0.700492701635909,0.05597351908783022,825
full1,court_independence_lag1,-0.627659983634949,Expands Expression,3,0.2594375192781494,0.20189383081213866,0.3266692334180516,0.03191818633992518,825
full1,court_independence_lag1,-0.5066399860382083,Mixed Outcome,2,0.1486815851228131,0.08518998999905908,0.24673058334817485,0.04061163065341315,825
full1,court_independence_lag1,-0.5066399860382083,Contracts Expression,1,0.578084061457255,0.47059571052685745,0.6786510392655929,0.053842080543990915,825
full1,court_independence_lag1,-0.5066399860382083,Expands Expression,3,0.2732343534199313,0.21707654593081266,0.33765463975533,0.03085205833482517,825
full1,court_independence_lag1,-0.3856199884414675,Mixed Outcome,2,0.15390824475210158,0.09120842533946559,0.24795033555346557,0.03951183731617651,825
full1,court_independence_lag1,-0.3856199884414675,Contracts Expression,1,0.5587935048193932,0.45670738160611785,0.6561399076777084,0.05155770723324757,825
full1,court_independence_lag1,-0.3856199884414675,Expands Expression,3,0.28729825042850654,0.23277553809496696,0.3487860517234201,0.029686545626208816,825
full1,court_independence_lag1,-0.26459999084472674,Mixed Outcome,2,0.15907284534776078,0.0974287862334483,0.24896130200697641,0.03828742000374693,825
full1,court_independence_lag1,-0.26459999084472674,Contracts Expression,1,0.5393298173534485,0.44273992820091984,0.6330536221450033,0.049145758061593436,825
full1,court_independence_lag1,-0.26459999084472674,Expands Expression,3,0.3015973372987907,0.24893423186071229,0.3600605087788815,0.02843659333720779,825
full1,court_independence_lag1,-0.14357999324798598,Mixed Outcome,2,0.16415569911299813,0.10383198339953982,0.24975861020270354,0.036943877130098675,825
full1,court_independence_lag1,-0.14357999324798598,Contracts Expression,1,0.5197461860409203,0.4287005308307653,0.6094989613068542,0.04663474177668759,825
full1,court_independence_lag1,-0.14357999324798598,Expands Expression,3,0.31609811484608097,0.2654877526760429,0.37147700292787167,0.02711964625950036,825
full1,court_independence_lag1,-0.022559995651245224,Mixed Outcome,2,0.16913721502805895,0.1103959732003066,0.2503388484123836,0.03548790407036483,825
full1,court_independence_lag1,-0.022559995651245224,Contracts Expression,1,0.5000970243435238,0.4145939117243001,0.5855944627483135,0.04405621050984538,825
full1,court_independence_lag1,-0.022559995651245224,Expands Expression,3,0.33076576062841817,0.2823628998610776,0.3830372345779671,0.0257558191703469,825
full1,court_independence_lag1,0.09846000194549553,Mixed Outcome,2,0.17399809457283522,0.117095703880673,0.25070041249649194,0.03392744330143781,825
full1,court_independence_lag1,0.09846000194549553,Contracts Expression,1,0.48043745411751726,0.4004217140356238,0.561469472752266,0.04144463723476344,825
full1,court_independence_lag1,0.09846000194549553,Expands Expression,3,0.3455644513096489,0.2994780755895166,0.39474654127357817,0.024368133367750067,825
full1,court_independence_lag1,0.2194799995422363,Mixed Outcome,2,0.17871952780513256,0.123903014038545,0.2508439494769332,0.03227177499528778,825
full1,court_independence_lag1,0.2194799995422363,Contracts Expression,1,0.460822772769471,0.38618187519312425,0.5372629418833036,0.03883726559809833,825
full1,court_independence_lag1,0.2194799995422363,Expands Expression,3,0.3604576994253959,0.31674315598595626,0.4066149902089204,0.0229828207355154,825
full1,court_independence_lag1,0.34049999713897705,Mixed Outcome,2,0.18328338614971393,0.13078643310474922,0.2507729412522891,0.030531673461893755,825
full1,court_independence_lag1,0.34049999713897705,Contracts Expression,1,0.4413079146928499,0.37186808022865764,0.5131219265556304,0.036273898525621774,825
full1,court_independence_lag1,0.34049999713897705,Expands Expression,3,0.3754086991574351,0.33405934946737215,0.41865856196066287,0.0216296647623119,825
full1,court_independence_lag1,0.4615199947357178,Mixed Outcome,2,0.18767240819238182,0.13771080851606077,0.2504944946705864,0.028719666752544924,825
full1,court_independence_lag1,0.4615199947357178,Contracts Expression,1,0.4219469163613706,0.35746945717394873,0.48919969293134125,0.03379655380511026,825
full1,court_independence_lag1,0.4615199947357178,Expands Expression,3,0.39038067544624694,0.3513192131346657,0.43090022387556187,0.02034228243281323,825
full1,court_independence_lag1,0.5825399923324581,Mixed Outcome,2,0.19187037482807104,0.1446366468267296,0.2500204396437077,0.026850454975925496,825
full1,court_independence_lag1,0.5825399923324581,Contracts Expression,1,0.40279239457842164,0.3429707924554959,0.4656532138132,0.031448856054332334,825
full1,court_independence_lag1,0.5825399923324581,Expands Expression,3,0.4053372305935072,0.3684072211912331,0.44337046640844474,0.019158136141387876,825
full1,court_independence_lag1,0.7035599899291989,Mixed Outcome,2,0.1958622702891558,0.15151900000541435,0.24936889147500416,0.024941570690854585,825
full1,court_independence_lag1,0.7035599899291989,Contracts Expression,1,0.3838950472650138,0.3283536926071431,0.44263970770992495,0.029274958614459192,825
full1,court_independence_lag1,0.7035599899291989,Expands Expression,3,0.4202426824458288,0.38520159788319347,0.45610655677127454,0.018117901872342548,825
full1,court_independence_lag1,0.8245799875259396,Mixed Outcome,2,0.19963442587999977,0.15830564661210264,0.24856651421198817,0.02301440575502668,825
full1,court_independence_lag1,0.8245799875259396,Contracts Expression,1,0.3653031857908551,0.31359924803918166,0.42031174267838867,0.027317722191556513,825
full1,court_independence_lag1,0.8245799875259396,Expands Expression,3,0.43506238832914496,0.4015784200822356,0.4691494728639064,0.017263670647215717,825
full1,court_independence_lag1,0.9455999851226804,Mixed Outcome,2,0.20317464365856747,0.16493420920173368,0.2476518299600271,0.021095783914914838,825
full1,court_independence_lag1,0.9455999851226804,Contracts Expression,1,0.34706230720398296,0.2986927293899766,0.3988104510671797,0.02561588875662294,825
full1,court_independence_lag1,0.9455999851226804,Expands Expression,3,0.44976304913744924,0.41741890610595933,0.4825375718586512,0.016635505788558245,825
full1,court_independence_lag1,1.0666199827194212,Mixed Outcome,2,0.20647229782029808,0.17132774294034928,0.24668002595657312,0.01922031257245109,825
full1,court_independence_lag1,1.0666199827194212,Contracts Expression,1,0.3292147137977087,0.28363044007523747,0.37825680189591127,0.024200195397585295,825
full1,court_independence_lag1,1.0666199827194212,Expands Expression,3,0.464312988381993,0.4326197954872395,0.49629706406686114,0.016266395426054795,825
full1,court_independence_lag1,1.187639980316162,Mixed Outcome,2,0.209518412131296,0.17738835980318618,0.24572968301924336,0.01743373233766205,825
full1,court_independence_lag1,1.187639980316162,Contracts Expression,1,0.31179918628983005,0.2684278724155656,0.35874184330104897,0.023088869746514164,825
full1,court_independence_lag1,1.187639980316162,Expands Expression,3,0.4786824015788746,0.4471046264377517,0.5104314662781233,0.016176711024452565,825
full1,court_independence_lag1,1.3086599779129027,Mixed Outcome,2,0.21230571239991575,0.1829890478407664,0.24491125566796038,0.015797179800679108,825
full1,court_independence_lag1,1.3086599779129027,Contracts Expression,1,0.2948507155158426,0.2531269624244984,0.34031816580178087,0.022283638392564826,825
full1,court_independence_lag1,1.3086599779129027,Expands Expression,3,0.49284357208424223,0.4608316925379776,0.5249142404108613,0.016370317774226602,825
full1,court_independence_lag1,1.429679975509643,Mixed Outcome,2,0.21482865363797043,0.18796606039128,0.24437492110099435,0.014391149386162696,825
full1,court_independence_lag1,1.429679975509643,Contracts Expression,1,0.2784002960082966,0.23779938041068013,0.3229956787741585,0.02176781862335863,825
full1,court_independence_lag1,1.429679975509643,Expands Expression,3,0.5067710503537335,0.47379475849122277,0.5396885318206995,0.016834333578684142,825
full1,court_independence_lag1,1.5506999731063837,Mixed Outcome,2,0.21708342221457963,0.19211962897626964,0.2443100379175107,0.013315196744553903,825
full1,court_independence_lag1,1.5506999731063837,Contracts Expression,1,0.2624747832136509,0.2225435563256462,0.3067440134594181,0.02150767706061221,825
full1,court_independence_lag1,1.5506999731063837,Expands Expression,3,0.52044179457177,0.4860160133746622,0.5546745297155227,0.017542803475107557,825
full1,court_independence_lag1,1.6717199707031245,Mixed Outcome,2,0.21906791391905867,0.19523798352167504,0.2449212282660876,0.012675738099619705,825
full1,court_independence_lag1,1.6717199707031245,Contracts Expression,1,0.24709681445756645,0.207475626151579,0.2915013615285112,0.02145697027306998,825
full1,court_independence_lag1,1.6717199707031245,Expands Expression,3,0.5338352716233752,0.49753467998291917,0.5697810380777074,0.01846254979678253,825
full1,court_independence_lag1,1.7927399682998653,Mixed Outcome,2,0.2207816894001664,0.19715570792862225,0.24637005535613246,0.012556317709682694,825
full1,court_independence_lag1,1.7927399682998653,Contracts Expression,1,0.2322847921819783,0.19271713250847383,0.2771868959762474,0.02156322926875891,825
full1,court_independence_lag1,1.7927399682998653,Expands Expression,3,0.546933518417856,0.5083959276008965,0.5849166218846347,0.019558833587602492,825
full1,court_independence_lag1,1.913759965896606,Mixed Outcome,2,0.22222590891946273,0.19782335487905578,0.24870537484868854,0.012982113327620398,825
full1,court_independence_lag1,1.913759965896606,Contracts Expression,1,0.21805292650938657,0.1783832402204591,0.26371298072279903,0.021773870262082818,825
full1,court_independence_lag1,1.913759965896606,Expands Expression,3,0.5597211645711508,0.5186430355871368,0.5999973972347107,0.020799330384124255,825
full1,court_independence_lag1,2.0347799634933468,Mixed Outcome,2,0.22340324873443151,0.1973298672554562,0.25184081727540114,0.013908496267627113,825
full1,court_independence_lag1,2.0347799634933468,Contracts Expression,1,0.2044113328982456,0.16457413291738204,0.250994460299215,0.022040764789526313,825
full1,court_independence_lag1,2.0347799634933468,Expands Expression,3,0.5721854183673227,0.5283133429652801,0.614950948603691,0.022156153427465707,825
full1,court_independence_lag1,2.1557999610900875,Mixed Outcome,2,0.2243178017069992,0.19585499095929088,0.25560222296462937,0.015245282091073625,825
full1,court_independence_lag1,2.1557999610900875,Contracts Expression,1,0.19136617958068466,0.15137038103944006,0.2389541904771609,0.022322852490908596,825
full1,court_independence_lag1,2.1557999610900875,Expands Expression,3,0.5843160187123173,0.537437086032846,0.6297172906305579,0.023606387640607022,825
full1,court_independence_lag1,2.2768199586868283,Mixed Outcome,2,0.2249749649148725,0.19359892809602505,0.2597977880774548,0.016892567396515776,825
full1,court_independence_lag1,2.2768199586868283,Contracts Expression,1,0.17891987864690692,0.13883168156573333,0.22752535791050482,0.022587085013161763,825
full1,court_independence_lag1,2.2768199586868283,Expands Expression,3,0.5961051564382208,0.5460379196630449,0.6442480978106079,0.025131753241608303,825
full1,court_independence_lag1,2.397839956283569,Mixed Outcome,2,0.22538131713140666,0.19073787012224663,0.2642622906001022,0.01876334394444135,825
full1,court_independence_lag1,2.397839956283569,Contracts Expression,1,0.1670713140706145,0.12699784802620934,0.21665165884421364,0.022808254482095766,825
full1,court_independence_lag1,2.397839956283569,Expands Expression,3,0.6075473687979798,0.5541341820166295,0.658505159940061,0.026717882572759873,825
full1,court_independence_lag1,2.51885995388031,Mixed Outcome,2,0.22554448904194038,0.1874110239195648,0.26886979222661156,0.02079003410175323,825
full1,court_independence_lag1,2.51885995388031,Contracts Expression,1,0.15581609965324802,0.1158910095647341,0.2062863295137042,0.022968220014756967,825
full1,court_independence_lag1,2.51885995388031,Expands Expression,3,0.618639411304811,0.5617403327519688,0.672458648431655,0.02835350424989496,825
full1,court_independence_lag1,2.6398799514770506,Mixed Outcome,2,0.2254730289906042,0.1837240816389197,0.2735298742657744,0.022922631340148512,825
full1,court_independence_lag1,2.6398799514770506,Contracts Expression,1,0.1451468597865877,0.10551828211094218,0.19639072129165994,0.02305489276048566,825
full1,court_independence_lag1,2.6398799514770506,Expands Expression,3,0.6293801112228079,0.5688682791742893,0.6860854913598254,0.03002968313045289,825
full1,court_independence_lag1,2.7608999490737913,Mixed Outcome,2,0.22517626691230094,0.1797571301555991,0.27817942046220234,0.02512457402153774,825
full1,court_independence_lag1,2.7608999490737913,Contracts Expression,1,0.13505352606898235,0.09587447330781576,0.18693282108461334,0.023061190512530028,825
full1,court_independence_lag1,2.7608999490737913,Expands Expression,3,0.6397702070187165,0.5755284770144088,0.699367979691542,0.03173917615344134,825
full1,court_independence_lag1,2.881919946670532,Mixed Outcome,2,0.2246641789110766,0.1755719400595273,0.2827750150187551,0.027368936715240547,825
full1,court_independence_lag1,2.881919946670532,Contracts Expression,1,0.1255236431299847,0.08694459716283778,0.1778859099159353,0.02298406664968531,825
full1,court_independence_lag1,2.881919946670532,Expands Expression,3,0.6498121779589389,0.5817307823964692,0.712292634174291,0.033475917676521506,825
full1,court_independence_lag1,3.002939944267273,Mixed Outcome,2,0.22394725470965823,0.17121742229296394,0.28728717518830243,0.029635559354842522,825
full1,court_independence_lag1,3.002939944267273,Contracts Expression,1,0.11654267748788918,0.07870610470135612,0.1692274292810758,0.022823654629436238,825
full1,court_independence_lag1,3.002939944267273,Expands Expression,3,0.6595100678024522,0.5874850725810914,0.7248493184827511,0.03523462645076139,825
full1,court_independence_lag1,3.1239599418640136,Mixed Outcome,2,0.22303636992634684,0.16673340177329438,0.291696275690062,0.031909039662945435,825
full1,court_independence_lag1,3.1239599418640136,Contracts Expression,1,0.10809432385023049,0.07113080740780094,0.16093806110143472,0.022582535937819025,825
full1,court_independence_lag1,3.1239599418640136,Expands Expression,3,0.6688693062234228,0.592801668532692,0.737030566368636,0.03701051799154715,825
full1,court_independence_lag1,3.2449799394607544,Mixed Outcome,2,0.221942664845197,0.1621531466876029,0.29598973186619965,0.03417736632587001,825
full1,court_independence_lag1,3.2449799394607544,Contracts Expression,1,0.10016080393486819,0.0641865045225528,0.15300099905240538,0.02226512418200331,825
full1,court_independence_lag1,3.2449799394607544,Expands Expression,3,0.677896531219935,0.5976915956283639,0.7488310854495844,0.03879910402811519,825
full1,court_independence_lag1,3.365999937057495,Mixed Outcome,2,0.2206774310434204,0.15750504819334527,0.30016005140476915,0.0364309925211754,825
full1,court_independence_lag1,3.365999937057495,Contracts Expression,1,0.09272315360730937,0.05783833978029403,0.14540138002541345,0.021877152447114363,825
full1,court_independence_lag1,3.365999937057495,Expands Expression,3,0.6865994153492703,0.6021667168209793,0.76024740103869,0.040596061427505145,825
full1,v2jupurge_lag1,-2.7739999294281006,Mixed Outcome,2,0.11426704043523438,0.04540081481332156,0.2592264117069401,0.05152948759457232,825
full1,v2jupurge_lag1,-2.7739999294281006,Contracts Expression,1,0.24122436491742313,0.08715902240972484,0.5142136920205558,0.11233044421001245,825
full1,v2jupurge_lag1,-2.7739999294281006,Expands Expression,3,0.644508594647342,0.4237340100914172,0.8171919905425618,0.10549530181874088,825
full1,v2jupurge_lag1,-2.6591799306869506,Mixed Outcome,2,0.11634801389755045,0.04736354986577161,0.2585392780523119,0.05108669540237693,825
full1,v2jupurge_lag1,-2.6591799306869506,Contracts Expression,1,0.2421477812636704,0.09019857371903665,0.5073325621516642,0.10957309975587505,825
full1,v2jupurge_lag1,-2.6591799306869506,Expands Expression,3,0.6415042048387797,0.42677861199675726,0.8113497149688719,0.10289356915981304,825
full1,v2jupurge_lag1,-2.5443599319458006,Mixed Outcome,2,0.11845944180167764,0.04940602234852674,0.25784757270937514,0.0506113973692428,825
full1,v2jupurge_lag1,-2.5443599319458006,Contracts Expression,1,0.24306243973686822,0.09332606113643255,0.500439672511735,0.10679861676986074,825
full1,v2jupurge_lag1,-2.5443599319458006,Expands Expression,3,0.6384781184614543,0.4297743138796978,0.8053857049653346,0.10028499482492373,825
full1,v2jupurge_lag1,-2.429539933204651,Mixed Outcome,2,0.12060153166664839,0.05153100437154439,0.25715148137343896,0.05010298286312087,825
full1,v2jupurge_lag1,-2.429539933204651,Contracts Expression,1,0.2439680993586755,0.09654283023664266,0.4935378015005564,0.1040074198718659,825
full1,v2jupurge_lag1,-2.429539933204651,Expands Expression,3,0.6354303689746763,0.43272023717870667,0.7993009606274766,0.09767026370608214,825
full1,v2jupurge_lag1,-2.314719934463501,Mixed Outcome,2,0.122774484655074,0.05374131876873295,0.25645121232865287,0.04956085554031535,825
full1,v2jupurge_lag1,-2.314719934463501,Contracts Expression,1,0.24486451801221723,0.09985014599007694,0.4866298163268693,0.10119996620409964,825
full1,v2jupurge_lag1,-2.314719934463501,Expands Expression,3,0.632360997332708,0.4356154955951699,0.7930967109543037,0.09505009113755698,825
full1,v2jupurge_lag1,-2.199899935722351,Mixed Outcome,2,0.12497849530559213,0.0560398346275083,0.2557469995229043,0.04898443567646303,825
full1,v2jupurge_lag1,-2.199899935722351,Contracts Expression,1,0.24575145254185413,0.10324917954587572,0.47971867930188994,0.09837674986331163,825
full1,v2jupurge_lag1,-2.199899935722351,Expands Expression,3,0.6292700521525533,0.4384591881268499,0.7867744238917616,0.09242522613505244,825
full1,v2jupurge_lag1,-2.0850799369812014,Mixed Outcome,2,0.12721375126393306,0.058429461927759975,0.25503910616688136,0.048373162784419874,825
full1,v2jupurge_lag1,-2.0850799369812014,Contracts Expression,1,0.24662865885627877,0.10674099316490859,0.4728074557061155,0.09553830718235531,825
full1,v2jupurge_lag1,-2.0850799369812014,Expands Expression,3,0.6261575898797884,0.44125039092154533,0.7803358169969682,0.08979645520990194,825
full1,v2jupurge_lag1,-1.9702599382400514,Mixed Outcome,2,0.12948043301289497,0.06091314515488973,0.25432782896295714,0.047726498572313945,825
full1,v2jupurge_lag1,-1.9702599382400514,Contracts Expression,1,0.2474958920349316,0.11032652293093817,0.46589932361108954,0.09268522305377987,825
full1,v2jupurge_lag1,-1.9702599382400514,Expands Expression,3,0.6230236749521741,0.4439881477234494,0.7737828689228334,0.0871646068761447,825
full1,v2jupurge_lag1,-1.8554399394989014,Mixed Outcome,2,0.13177871360152746,0.06349385572578908,0.2536135030943669,0.047043930307616645,825
full1,v2jupurge_lag1,-1.8554399394989014,Contracts Expression,1,0.2483529064376915,0.11400655877071651,0.4589975861358521,0.08981813853826229,825
full1,v2jupurge_lag1,-1.8554399394989014,Expands Expression,3,0.6198683799607814,0.44667145863212,0.7671178319779508,0.08453055699526357,825
full1,v2jupurge_lag1,-1.7406199407577514,Mixed Outcome,2,0.13410875837383324,0.06617458303433178,0.25289650813647413,0.046324974669028116,825
full1,v2jupurge_lag1,-1.7406199407577514,Contracts Expression,1,0.24919945581783728,0.11778172118537072,0.45210568674887774,0.08693776006726779,825
full1,v2jupurge_lag1,-1.7406199407577514,Expands Expression,3,0.6166917858083292,0.4492992668265123,0.7603432460867487,0.08189523513783169,825
full1,v2jupurge_lag1,-1.6257999420166016,Mixed Outcome,2,0.1364707246973127,0.0689583238820215,0.25217727509227744,0.04556918218845606,825
full1,v2jupurge_lag1,-1.6257999420166016,Contracts Expression,1,0.250035293438217,0.12165243392775292,0.44522722839489404,0.08404487063544855,825
full1,v2jupurge_lag1,-1.6257999420166016,Expands Expression,3,0.6134939818644707,0.45187044281893163,0.7534619545650293,0.07925963218605973,825
full1,v2jupurge_lag1,-1.5109799432754518,Mixed Outcome,2,0.1388647616916785,0.07184807000735426,0.25145629480572135,0.04477614241157055,825
full1,v2jupurge_lag1,-1.5109799432754518,Contracts Expression,1,0.2508601721906058,0.12561889163785767,0.4383659974507644,0.08114034349285729,825
full1,v2jupurge_lag1,-1.5109799432754518,Expands Expression,3,0.6102750661177154,0.4543837656949747,0.7464771222383367,0.07662480945684345,825
full1,v2jupurge_lag1,-1.3961599445343018,Mixed Outcome,2,0.14129100995809052,0.07484679336046753,0.2507341280730563,0.04394548993936888,825
full1,v2jupurge_lag1,-1.3961599445343018,Contracts Expression,1,0.25167384471818405,0.12968102115173544,0.4315259938132958,0.07822515899942059,825
full1,v2jupurge_lag1,-1.3961599445343018,Expands Expression,3,0.6070351453237256,0.4568379006528528,0.739392256576437,0.07399190969781015,825
full1,v2jupurge_lag1,-1.2813399457931518,Mixed Outcome,2,0.14374960130926043,0.07795742868284493,0.25001141785914116,0.0430769115573526,825
full1,v2jupurge_lag1,-1.2813399457931518,Contracts Expression,1,0.2524760635410991,0.13383843480194182,0.4247114688203631,0.07530042550768629,825
full1,v2jupurge_lag1,-1.2813399457931518,Expands Expression,3,0.6037743351496383,0.4592313719735298,0.7322112327028661,0.07136217040183285,825
full1,v2jupurge_lag1,-1.166519947052002,Mixed Outcome,2,0.14624065850078868,0.08118285283826437,0.24928890413958815,0.042170154716963726,825
full1,v2jupurge_lag1,-1.166519947052002,Contracts Expression,1,0.2532665811850373,0.13809037348829203,0.4179269732487738,0.0723674054163935,825
full1,v2jupurge_lag1,-1.166519947052002,Expands Expression,3,0.6004927603141741,0.46156253031546407,0.7249383233800059,0.06873694000696247,825
full1,v2jupurge_lag1,-1.0516999483108522,Mixed Outcome,2,0.14876429496410867,0.08452586019193957,0.24856744203901288,0.04122503771019658,825
full1,v2jupurge_lag1,-1.0516999483108522,Contracts Expression,1,0.2540451503127389,0.14243563656393549,0.411177418367068,0.06942754791279038,825
full1,v2jupurge_lag1,-1.0516999483108522,Expands Expression,3,0.5971905547231529,0.463829512919219,0.7175782353825719,0.06611769770636869,825
full1,v2jupurge_lag1,-0.9368799495697022,Mixed Outcome,2,0.1513206145414194,0.08798913313606695,0.24784802413565324,0.040241461980190706,825
full1,v2jupurge_lag1,-0.9368799495697022,Contracts Expression,1,0.25481152385839334,0.14687249457154694,0.40446815403417125,0.0664825304386683,825
full1,v2jupurge_lag1,-0.9368799495697022,Expands Expression,3,0.5938678616001859,0.4660301949012935,0.7101361540824523,0.06350607780040486,825
full1,v2jupurge_lag1,-0.8220599508285522,Mixed Outcome,2,0.15390971122299418,0.09157520659420239,0.24713180806949858,0.03921942714679871,825
full1,v2jupurge_lag1,-0.8220599508285522,Contracts Expression,1,0.2555654551648257,0.15139857946537785,0.3978050692352474,0.06353431163044053,825
full1,v2jupurge_lag1,-0.8220599508285522,Expands Expression,3,0.5905248336121798,0.4681621292855669,0.7026177986031071,0.06090389979431007,825
full1,v2jupurge_lag1,-0.7072399520874022,Mixed Outcome,2,0.15653166888726633,0.09528642497785038,0.24642015095185987,0.03815904951018,825
full1,v2jupurge_lag1,-0.7072399520874022,Contracts Expression,1,0.25630669812337614,0.15601074499949727,0.39119472240391856,0.060585199483476355,825
full1,v2jupurge_lag1,-0.7072399520874022,Expands Expression,3,0.5871616329893573,0.47022247271535633,0.6950294906110457,0.058313205805686816,825
full1,v2jupurge_lag1,-0.5924199533462526,Mixed Outcome,2,0.15918656104409273,0.09912488957949682,0.2457146525658834,0.03706058504622552,825
full1,v2jupurge_lag1,-0.5924199533462526,Contracts Expression,1,0.2570350073164126,0.16070488721285328,0.38464451163044583,0.05763793989611045,825
full1,v2jupurge_lag1,-0.5924199533462526,Expands Expression,3,0.583778431639495,0.4722078928612537,0.6873782407444516,0.05573630732035493,825
full1,v2jupurge_lag1,-0.47759995460510263,Mixed Outcome,2,0.16187445058161354,0.10309239371495668,0.24501721002147242,0.035924458251560515,825
full1,v2jupurge_lag1,-0.47759995460510263,Contracts Expression,1,0.2577501381623309,0.16547571104372735,0.37816289875631903,0.054695832741285894,825
full1,v2jupurge_lag1,-0.47759995460510263,Expands Expression,3,0.5803754112560556,0.4741144523053649,0.6796718579173526,0.053175843966472486,825
full1,v2jupurge_lag1,-0.3627799558639526,Mixed Outcome,2,0.16459538951711894,0.10719034199786517,0.24433008746170815,0.034751298672225595,825
full1,v2jupurge_lag1,-0.3627799558639526,Contracts Expression,1,0.2584518470629791,0.17031642355942564,0.37175970690349885,0.051762885448285306,825
full1,v2jupurge_lag1,-0.3627799558639526,Expands Expression,3,0.5769527634199021,0.4759374620534492,0.6719190883712103,0.050634857810108215,825
full1,v2jupurge_lag1,-0.24795995712280305,Mixed Outcome,2,0.16734941875234535,0.11141964883132781,0.24365600571954088,0.03354198761443162,825
full1,v2jupurge_lag1,-0.24795995712280305,Contracts Expression,1,0.2591398915533556,0.17521832637075638,0.3654465189039755,0.04884401812252122,825
full1,v2jupurge_lag1,-0.24795995712280305,Expands Expression,3,0.5735106896942991,0.47767129567921723,0.6641297934969084,0.04811688777395122,825
full1,v2jupurge_lag1,-0.13313995838165305,Mixed Outcome,2,0.17013656783363793,0.11578060937602985,0.24299825865412106,0.03229771846993035,825
full1,v2jupurge_lag1,-0.13313995838165305,Contracts Expression,1,0.2598140304534875,0.1801702685237759,0.35923721537476944,0.0459453399951319,825
full1,v2jupurge_lag1,-0.13313995838165305,Expands Expression,3,0.5700494017128739,0.47930915231087656,0.6563151782482368,0.04562609021074022,825
full1,v2jupurge_lag1,-0.018319959640503036,Mixed Outcome,2,0.17295685471739905,0.12027273366892867,0.2423608654867106,0.031020075410625767,825
full1,v2jupurge_lag1,-0.018319959640503036,Contracts Expression,1,0.2604740240223458,0.18515790525373627,0.3531487070908731,0.043074525124887915,825
full1,v2jupurge_lag1,-0.018319959640503036,Expands Expression,3,0.5665691212602554,0.48084275309885305,0.6484880855426617,0.04316739349124499,825
full1,v2jupurge_lag1,0.09650003910064697,Mixed Outcome,2,0.17581028554126243,0.1248945308866785,0.24174877214213167,0.02971113708827604,825
full1,v2jupurge_lag1,0.09650003910064697,Contracts Expression,1,0.2611196341136716,0.19016268604581554,0.34720193825145046,0.04024132649286751,825
full1,v2jupurge_lag1,0.09650003910064697,Expands Expression,3,0.5630700803450651,0.4822619514052134,0.6406633764468062,0.04074669671977553,825
full1,v2jupurge_lag1,0.21132003784179698,Mixed Outcome,2,0.17869685440142996,0.1296432254930093,0.2411681198638111,0.028373614660735937,825
full1,v2jupurge_lag1,0.21132003784179698,Contracts Expression,1,0.261750624333572,0.19516046665959266,0.3414232660220567,0.03745828235507555,825
full1,v2jupurge_lag1,0.21132003784179698,Expands Expression,3,0.5595525212649984,0.4835542319032133,0.6328584209996251,0.03837112528116567,825
full1,v2jupurge_lag1,0.32614003658294655,Mixed Outcome,2,0.1816165431366032,0.13451437951420392,0.24062660687314308,0.027011037295598964,825
full1,v2jupurge_lag1,0.32614003658294655,Contracts Expression,1,0.26236676019973304,0.2001196059877894,0.33584635552320213,0.034741686016812795,825
full1,v2jupurge_lag1,0.32614003658294655,Expands Expression,3,0.5560166966636625,0.4847040687733249,0.6250937295304876,0.036049358494717416,825
full1,v2jupurge_lag1,0.44096003532409656,Mixed Outcome,2,0.1845693211189549,0.1395013845779768,0.24013397946130502,0.025628003721552897,825
full1,v2jupurge_lag1,0.44096003532409656,Contracts Expression,1,0.26296780930211255,0.20499837992523137,0.3305147581303764,0.032112904931124765,825
full1,v2jupurge_lag1,0.44096003532409656,Expands Expression,3,0.5524628695789325,0.4856921101716487,0.6173937573428704,0.03379204621524577,825
full1,v2jupurge_lag1,0.5557800340652466,Mixed Outcome,2,0.18755514505256765,0.14459477262670092,0.23970270363543145,0.02423052591897803,825
full1,v2jupurge_lag1,0.5557800340652466,Contracts Expression,1,0.2635535414649316,0.20974155241344078,0.3254853329619812,0.029600131107085235,825
full1,v2jupurge_lag1,0.5557800340652466,Expands Expression,3,0.5488913134825016,0.4864941595072565,0.6097879122752521,0.031612329548175354,825
full1,v2jupurge_lag1,0.6706000328063961,Mixed Outcome,2,0.19057395877978536,0.14978127463102878,0.23934888803570442,0.02282650104543773,825
full1,v2jupurge_lag1,0.6706000328063961,Contracts Expression,1,0.26412372890982255,0.2142760696614545,0.32083254559501323,0.02724058086376832,825
full1,v2jupurge_lag1,0.6706000328063961,Expands Expression,3,0.5453023123103918,0.48707994291735157,0.6023117758003704,0.029526471286036082,825
full1,v2jupurge_lag1,0.7854200315475461,Mixed Outcome,2,0.19362569309590041,0.15504253289629089,0.23909355258490655,0.02142635981794994,825
full1,v2jupurge_lag1,0.7854200315475461,Contracts Expression,1,0.2646781464199511,0.21850626491834152,0.316653256675104,0.025082947353516974,825
full1,v2jupurge_lag1,0.7854200315475461,Expands Expression,3,0.5416961604841494,0.48741170384982596,0.5950084968044854,0.027554575467603756,825
full1,v2jupurge_lag1,0.9002400302886961,Mixed Outcome,2,0.19671026557261156,0.1603533500850978,0.23896435981179945,0.02004395106353325,825
full1,v2jupurge_lag1,0.9002400302886961,Contracts Expression,1,0.26521657150493044,0.22230998655448503,0.3130705877030177,0.023189386604141167,825
full1,v2jupurge_lag1,0.9002400302886961,Expands Expression,3,0.5380731629224581,0.4874427785015514,0.5879302043502781,0.025721317989849345,825
full1,v2jupurge_lag1,1.0150600290298462,Mixed Outcome,2,0.19982758039067558,0.16567935477916226,0.2389979291026762,0.01869772387510821,825
full1,v2jupurge_lag1,1.0150600290298462,Contracts Expression,1,0.2657387845663677,0.22553898074133424,0.3102335327482542,0.021635339388880116,825
full1,v2jupurge_lag1,1.0150600290298462,Expands Expression,3,0.5344336350429574,0.4871165182156841,0.5811390733726194,0.02405650196122764,825
full1,v2jupurge_lag1,1.1298800277709962,Mixed Outcome,2,0.20297752818216608,0.1709740263944308,0.2392427911564382,0.017412236740253422,825
full1,v2jupurge_lag1,1.1298800277709962,Contracts Expression,1,0.26624456906383004,0.22802916780000382,0.3083066770570843,0.020504313538389763,825
full1,v2jupurge_lag1,1.1298800277709962,Expands Expression,3,0.530777902754005,0.4863662620342525,0.5747073401632975,0.022595079552329558,825
full1,v2jupurge_lag1,1.2447000265121462,Mixed Outcome,2,0.20615998588276094,0.17617525684315946,0.23976280535239705,0.01621990344231933,825
full1,v2jupurge_lag1,1.2447000265121462,Contracts Expression,1,0.2667337116810636,0.22962625706024745,0.30744457774984907,0.019874848410919705,825
full1,v2jupurge_lag1,1.2447000265121462,Expands Expression,3,0.5271063024361745,0.4851174657260815,0.568715161376694,0.021376076314596468,825
full1,v2jupurge_lag1,1.3595200252532962,Mixed Outcome,2,0.20937481659444987,0.1812022220918642,0.2406402669972899,0.015162581765314216,825
full1,v2jupurge_lag1,1.3595200252532962,Contracts Expression,1,0.26720600249224835,0.2302243359148142,0.3077531709578126,0.01980086297752659,825
full1,v2jupurge_lag1,1.3595200252532962,Expands Expression,3,0.523419180913302,0.48329328784891573,0.5632450160487363,0.020439754373896647,825
full1,v2jupurge_lag1,1.4743400239944453,Mixed Outcome,2,0.21262186945906708,0.18595449970459635,0.24197676849119676,0.01429201798283386,825
full1,v2jupurge_lag1,1.4743400239944453,Contracts Expression,1,0.2676612351281037,0.2298002868258126,0.30925535167485335,0.020294125528299633,825
full1,v2jupurge_lag1,1.4743400239944453,Expands Expression,3,0.5197168954128281,0.48082434521256767,0.5583719383122175,0.019822650001265943,825
full1,v2jupurge_lag1,1.5891600227355953,Mixed Outcome,2,0.21590097954302429,0.19031690813443936,0.24388833879134247,0.013667374920239509,825
full1,v2jupurge_lag1,1.5891600227355953,Contracts Expression,1,0.2680992069416332,0.22842109679891925,0.3118836618381294,0.02132053605736423,825
full1,v2jupurge_lag1,1.5891600227355953,Expands Expression,3,0.5159998135153419,0.47766143700233965,0.554150781597802,0.019551095660720875,825
full1,v2jupurge_lag1,1.7039800214767453,Mixed Outcome,2,0.21921196773362936,0.19417392381605605,0.2464910052755502,0.013347877604052594,825
full1,v2jupurge_lag1,1.7039800214767453,Contracts Expression,1,0.26851971917330625,0.22621867314599714,0.315505472844675,0.0228129659326103,825
full1,v2jupurge_lag1,1.7039800214767453,Expands Expression,3,0.5122683130930639,0.4737873012628054,0.5506044506669715,0.019635231029549432,825
full1,v2jupurge_lag1,1.8188000202178953,Mixed Outcome,2,0.22255464064733094,0.19743360826588452,0.24987684596572077,0.013380612197812185,825
full1,v2jupurge_lag1,1.8188000202178953,Contracts Expression,1,0.26892257711545997,0.22335059119831255,0.31996223686512787,0.02469126041450809,825
full1,v2jupurge_lag1,1.8188000202178953,Expands Expression,3,0.5085227822372086,0.4692221501035485,0.5477183551598453,0.020066179646427637,825
full1,v2jupurge_lag1,1.9336200189590453,Mixed Outcome,2,0.22592879055026446,0.20005202192119032,0.25408955555819457,0.013788081787572003,825
full1,v2jupurge_lag1,1.9336200189590453,Contracts Expression,1,0.269307590275711,0.21996843243439498,0.3251011485111004,0.02687836421377928,825
full1,v2jupurge_lag1,1.9336200189590453,Expands Expression,3,0.5047636191740241,0.4640200356812788,0.5454440326451463,0.02081789355411128,825
full1,v2jupurge_lag1,2.0484400177001953,Mixed Outcome,2,0.2293341952914052,0.202043399329674,0.25911425083746403,0.014563029854583217,825
full1,v2jupurge_lag1,2.0484400177001953,Contracts Expression,1,0.2696745725391588,0.21620170765603647,0.3307912222398377,0.029308498748105212,825
full1,v2jupurge_lag1,2.0484400177001953,Expands Expression,3,0.5009912321694353,0.4582578906458194,0.5437100975240466,0.02185272681594788,825
full1,v2jupurge_lag1,2.1632600164413454,Mixed Outcome,2,0.23277061824866185,0.2034694152693379,0.2648881860909461,0.015673931307910262,825
full1,v2jupurge_lag1,2.1632600164413454,Contracts Expression,1,0.2700233423291698,0.21215402628514077,0.3369271244356254,0.03192909741255566,825
full1,v2jupurge_lag1,2.1632600164413454,Expands Expression,3,0.49720603942216823,0.45202233271301373,0.5424354261609847,0.023128145033266396,825
full1,v2jupurge_lag1,2.2780800151824945,Mixed Outcome,2,0.2362378082882074,0.204416172544695,0.2713237479826748,0.017076744847206414,825
full1,v2jupurge_lag1,2.2780800151824945,Contracts Expression,1,0.27035372276650504,0.20790551157601048,0.34342676038255043,0.034699559898135064,825
full1,v2jupurge_lag1,2.2780800151824945,Expands Expression,3,0.49340846894528817,0.44539880538165616,0.5415400062574732,0.024602242378544848,825
full1,v2jupurge_lag1,2.3929000139236445,Mixed Outcome,2,0.23973549973733174,0.20497280303142054,0.2783298385233583,0.018725838235772514,825
full1,v2jupurge_lag1,2.3929000139236445,Contracts Expression,1,0.2706655418265894,0.20351723469081012,0.3502268431844394,0.03758898085656295,825
full1,v2jupurge_lag1,2.3929000139236445,Expands Expression,3,0.48959895843607815,0.43846494330741703,0.5409515619857518,0.026237105489550785,825
full1,v2jupurge_lag1,2.5077200126647945,Mixed Outcome,2,0.2432634123710697,0.20521880208485824,0.285824526233737,0.020580454451569016,825
full1,v2jupurge_lag1,2.5077200126647945,Contracts Expression,1,0.27095863249469015,0.1990356161976442,0.3572784960728566,0.04057389820797013,825
full1,v2jupurge_lag1,2.5077200126647945,Expands Expression,3,0.4857779551342388,0.43128776807634905,0.5406083491662566,0.028000226598815233,825
full1,v2jupurge_lag1,2.6225400114059445,Mixed Outcome,2,0.24682125141287287,0.20521949814990892,0.2937395638762998,0.022607025076655258,825
full1,v2jupurge_lag1,2.6225400114059445,Contracts Expression,1,0.27123283291877537,0.19449608361547183,0.3645435994735739,0.04363642301265013,825
full1,v2jupurge_lag1,2.6225400114059445,Expands Expression,3,0.4819459156683516,0.42392341306544373,0.5404594218244659,0.029864629879420193,825
full1,v2jupurge_lag1,2.7373600101470945,Mixed Outcome,2,0.25040870754951605,0.20502626794537415,0.3020201625926004,0.024779061299303427,825
full1,v2jupurge_lag1,2.7373600101470945,Contracts Expression,1,0.2714879865598515,0.1899258868661421,0.3719919809614149,0.04676280028514088,825
full1,v2jupurge_lag1,2.7373600101470945,Expands Expression,3,0.4781033058906335,0.4164181463972148,0.5404636011398966,0.03180833855142499,825
full1,v2jupurge_lag1,2.8521800088882445,Mixed Outcome,2,0.2540254569604743,0.20467866473590493,0.31062285513812915,0.027076068282459287,825
full1,v2jupurge_lag1,2.8521800088882445,Contracts Expression,1,0.2717239423395261,0.18534619013300943,0.3795993295898214,0.04994233984630584,825
full1,v2jupurge_lag1,2.8521800088882445,Expands Expression,3,0.4742506006999989,0.40880986650243345,0.5405879722893435,0.03381360326636901,825
full1,v2jupurge_lag1,2.9670000076293945,Mixed Outcome,2,0.2576711613619303,0.20420690711518438,0.31951300098714797,0.02948227535568901,825
full1,v2jupurge_lag1,2.9670000076293945,Contracts Expression,1,0.2719405547846106,0.18077360289269534,0.3873456718090559,0.05316663388824099,825
full1,v2jupurge_lag1,2.9670000076293945,Expands Expression,3,0.4703882838534589,0.401129623659691,0.5408063558285449,0.03586611906065687,825
full2,court_independence_lag1,-2.684999942779541,Mixed Outcome,2,0.05243472464025737,0.014765132901383364,0.16965955193247034,0.03311447704725486,825
full2,court_independence_lag1,-2.684999942779541,Contracts Expression,1,0.8691563162646582,0.7158794505403847,0.9459830158218532,0.05624817979986353,825
full2,court_independence_lag1,-2.684999942779541,Expands Expression,3,0.07840895909508408,0.03441585374982633,0.16880631927450152,0.03207756015362866,825
full2,court_independence_lag1,-2.5639799451828003,Mixed Outcome,2,0.055930837425622514,0.016430465493590337,0.1736299992418661,0.03410590735799336,825
full2,court_independence_lag1,-2.5639799451828003,Contracts Expression,1,0.8590753121779124,0.7049454844152601,0.9395907183933971,0.057857163198932186,825
full2,court_independence_lag1,-2.5639799451828003,Expands Expression,3,0.0849938503964664,0.03868351469998206,0.17656237207466577,0.03319320898753122,825
full2,court_independence_lag1,-2.4429599475860595,Mixed Outcome,2,0.059597279342033106,0.018260719967982786,0.1775810080440946,0.03505407199809966,825
full2,court_independence_lag1,-2.4429599475860595,Contracts Expression,1,0.8483876681879172,0.6937497185629323,0.932535970610923,0.05934640501597093,825
full2,court_independence_lag1,-2.4429599475860595,Expands Expression,3,0.09201505247004992,0.04341275094511782,0.18453303045867245,0.03424447772053322,825
full2,court_independence_lag1,-2.3219399499893187,Mixed Outcome,2,0.06343431678242441,0.020267843209223525,0.181504766077807,0.03595089667036231,825
full2,court_independence_lag1,-2.3219399499893187,Contracts Expression,1,0.837080387087475,0.68229577007244,0.9247692376892076,0.06069720305544915,825
full2,court_independence_lag1,-2.3219399499893187,Expands Expression,3,0.09948529613010106,0.0486394617895953,0.19271640182504365,0.03521883516246224,825
full2,court_independence_lag1,-2.200919952392578,Mixed Outcome,2,0.06744114632342435,0.02246387671240832,0.18539310483395732,0.03678816516807552,825
full2,court_independence_lag1,-2.200919952392578,Contracts Expression,1,0.8251432680142555,0.6705879628772294,0.9162409081429008,0.06189102611102217,825
full2,court_independence_lag1,-2.200919952392578,Expands Expression,3,0.10741558566231699,0.05439967286839395,0.20111023956819282,0.036103721422740494,825
full2,court_independence_lag1,-2.0798999547958372,Mixed Outcome,2,0.0716158035561537,0.024860813875537065,0.18923749239026166,0.03755760822440955,825
full2,court_independence_lag1,-2.0798999547958372,Contracts Expression,1,0.8125692513437155,0.6586313829044275,0.9069020490432778,0.06290983890334108,825
full2,court_independence_lag1,-2.0798999547958372,Expands Expression,3,0.11581494510013235,0.06072899533662541,0.20971192226801627,0.036886763246989585,825
full2,court_independence_lag1,-1.9588799571990967,Mixed Outcome,2,0.0759550787934875,0.027470436767996997,0.1930290297376614,0.03825099988860207,825
full2,court_independence_lag1,-1.9588799571990967,Contracts Expression,1,0.7993547495109183,0.6464319302365235,0.8967052767762134,0.06373644824761725,825
full2,court_independence_lag1,-1.9588799571990967,Expands Expression,3,0.12469017169559297,0.06766200807715715,0.2185184315233112,0.037556005285644865,825
full2,court_independence_lag1,-1.8378599596023562,Mixed Outcome,2,0.08045444180150912,0.030304132918135593,0.19675845200242575,0.038860260034237475,825
full2,court_independence_lag1,-1.8378599596023562,Contracts Expression,1,0.7854999562414801,0.6339963645911852,0.8856057405133322,0.06435486397159941,825
full2,court_independence_lag1,-1.8378599596023562,Expands Expression,3,0.13404560195700996,0.07523156780644735,0.2275263306048902,0.03810015273676199,825
full2,court_independence_lag1,-1.7168399620056154,Mixed Outcome,2,0.08510797772907037,0.03337269331318498,0.20041613597983315,0.039377561363589594,825
full2,court_independence_lag1,-1.7168399620056154,Contracts Expression,1,0.7710091265415143,0.6213323399796498,0.8735622113429076,0.06475066728361338,825
full2,court_independence_lag1,-1.7168399620056154,Expands Expression,3,0.14388289572941498,0.08346805526839537,0.23673174657401463,0.03850882021655224,825
full2,court_independence_lag1,-1.5958199644088746,Mixed Outcome,2,0.08990833639116161,0.03668609353318124,0.20399211534560954,0.03979543905925152,825
full2,court_independence_lag1,-1.5958199644088746,Contracts Expression,1,0.755890819871681,0.6084484240283501,0.8605382652090932,0.06491137871389087,825
full2,court_independence_lag1,-1.5958199644088746,Expands Expression,3,0.15420084373715667,0.09239856915247951,0.2461303589766819,0.03877278133685893,825
full2,court_independence_lag1,-1.4747999668121339,Mixed Outcome,2,0.09484669699716423,0.040253260737051634,0.20747610480476658,0.040106901057553115,825
full2,court_independence_lag1,-1.4747999668121339,Contracts Expression,1,0.7401580992158976,0.5953540971318699,0.8465035425999109,0.06482681746591261,825
full2,court_independence_lag1,-1.4747999668121339,Expands Expression,3,0.1649952037869377,0.10204608275860458,0.2557173987164994,0.038884213361276454,825
full2,court_independence_lag1,-1.3537799692153931,Mixed Outcome,2,0.09991275030236177,0.04408183006772586,0.21085753428282503,0.040305536784881406,825
full2,court_independence_lag1,-1.3537799692153931,Contracts Expression,1,0.7238286792484551,0.5820597263524546,0.8314350624703123,0.06448944404293676,825
full2,court_independence_lag1,-1.3537799692153931,Expands Expression,3,0.1762585704491824,0.11242858152939225,0.2654876612432828,0.03883693150676742,825
full2,court_independence_lag1,-1.2327599716186524,Mixed Outcome,2,0.10509469999841671,0.04817789491663257,0.2141255940849381,0.04038562211881212,825
full2,court_independence_lag1,-1.2327599716186524,Contracts Expression,1,0.706925017492133,0.5685765087695803,0.8153185624085432,0.06389467837581109,825
full2,court_independence_lag1,-1.2327599716186524,Expands Expression,3,0.1879802825094511,0.12355820211247086,0.27543553882110533,0.03862660798954856,825
full2,court_independence_lag1,-1.1117399740219116,Mixed Outcome,2,0.11037928494341608,0.05254575634630208,0.21726929176868548,0.040342218323240336,825
full2,court_independence_lag1,-1.1117399740219116,Contracts Expression,1,0.6894743432264057,0.5549163788024188,0.7981498318187298,0.06304118636801137,825
full2,court_independence_lag1,-1.1117399740219116,Expands Expression,3,0.20014637183017797,0.13544039531264013,0.285555077410656,0.03825097180438609,825
full2,court_independence_lag1,-0.9907199764251711,Mixed Outcome,2,0.11575182356111358,0.05718767775150921,0.220277521340682,0.04017126278037108,825
full2,court_independence_lag1,-0.9907199764251711,Contracts Expression,1,0.6715086199277324,0.5410918738431354,0.7799360002308235,0.061931128784891515,825
full2,court_independence_lag1,-0.9907199764251711,Expands Expression,3,0.21273955651115264,0.14807313584032034,0.2958400646984233,0.037709986495294695,825
full2,court_independence_lag1,-0.8696999788284303,Mixed Outcome,2,0.12119628140792339,0.06210365146072278,0.22313914534072193,0.03986964952635373,825
full2,court_independence_lag1,-0.8696999788284303,Contracts Expression,1,0.6530644381809697,0.5271159523070805,0.7606967391502475,0.06057036773276544,825
full2,court_independence_lag1,-0.8696999788284303,Expands Expression,3,0.22573928041110825,0.1614462008354767,0.30628415715546864,0.037006004851358985,825
full2,court_independence_lag1,-0.7486799812316896,Mixed Outcome,2,0.12669536251064772,0.06729118432680567,0.22584309048262277,0.03943529792458422,825
full2,court_independence_lag1,-0.7486799812316896,Contracts Expression,1,0.6341828372727621,0.5130017578747154,0.740465333573678,0.05896862758686251,825
full2,court_independence_lag1,-0.7486799812316896,Expands Expression,3,0.23912180021658994,0.1755405364211802,0.3168810558686457,0.03614390158127661,825
full2,court_independence_lag1,-0.627659983634949,Mixed Outcome,2,0.132230624614417,0.07274510928576174,0.22837845784630903,0.038867208320589534,825
full2,court_independence_lag1,-0.627659983634949,Contracts Expression,1,0.6149090550478292,0.49876232323162234,0.7192895789077771,0.057139609117083115,825
full2,court_independence_lag1,-0.627659983634949,Expands Expression,3,0.25286032033775374,0.19032772668467882,0.3276247434802789,0.03513118764932303,825
full2,court_independence_lag1,-0.5066399860382083,Mixed Outcome,2,0.13778261794815963,0.07845742920210064,0.23073464924014014,0.03816550426149074,825
full2,court_independence_lag1,-0.5066399860382083,Contracts Expression,1,0.5952922070642174,0.48441020600007884,0.6972324610153053,0.05510105769809701,825
full2,court_independence_lag1,-0.5066399860382083,Expands Expression,3,0.2669251749876235,0.20576957219512426,0.3385097981390537,0.033978113171065874,825
full2,court_independence_lag1,-0.3856199884414675,Mixed Outcome,2,0.14333104651814152,0.08441719786698482,0.23290151237596615,0.03733146188742688,825
full2,court_independence_lag1,-0.3856199884414675,Contracts Expression,1,0.5753848976116586,0.4699570489359442,0.6743725818210176,0.05287478878167745,825
full2,court_independence_lag1,-0.3856199884414675,Expands Expression,3,0.2812840558702009,0.2218177752258752,0.3495318051382682,0.03269776964602266,825
full2,court_independence_lag1,-0.26459999084472674,Mixed Outcome,2,0.14885495028928625,0.09061044054277674,0.23486950904572185,0.036367528478439826,825
full2,court_independence_lag1,-0.26459999084472674,Contracts Expression,1,0.5552427667424228,0.45541305624027517,0.650804300353754,0.05048667602819761,825
full2,court_independence_lag1,-0.26459999084472674,Expands Expression,3,0.2959022829682907,0.2384137163084673,0.36068789292590886,0.031306206827494173,825
full2,court_independence_lag1,-0.14357999324798598,Mixed Outcome,2,0.15433290592788523,0.09702011268742156,0.23662991274828438,0.03527733396043714,825
full2,court_independence_lag1,-0.14357999324798598,Contracts Expression,1,0.5349239790835543,0.44078637896536804,0.6266375686031438,0.047966609128600346,825
full2,court_independence_lag1,-0.14357999324798598,Expands Expression,3,0.31074311498856105,0.25548829229935816,0.3719774268958181,0.029822584403081793,825
full2,court_independence_lag1,-0.022559995651245224,Mixed Outcome,2,0.15974324308521554,0.10362609011448712,0.23817504548006743,0.03406570157320945,825
full2,court_independence_lag1,-0.022559995651245224,Contracts Expression,1,0.5144886618180257,0.42608240699706007,0.6019974511550672,0.045348428333441215,825
full2,court_independence_lag1,-0.022559995651245224,Expands Expression,3,0.32576809509675925,0.27296177199128685,0.3834028998792452,0.02826938287216298,825
full2,court_independence_lag1,0.09846000194549553,Mixed Outcome,2,0.16506427253468908,0.11040517638491194,0.2394985681675417,0.0327386671079524,825
full2,court_independence_lag1,0.09846000194549553,Contracts Expression,1,0.4939983007904981,0.4113029768298126,0.5770233230793627,0.042669839014260226,825
full2,court_independence_lag1,0.09846000194549553,Expands Expression,3,0.3409374266748136,0.2907436168588062,0.394971057526886,0.026672698966654942,825
full2,court_independence_lag1,0.2194799995422363,Mixed Outcome,2,0.1702745218763134,0.11733110296021769,0.2405958463119466,0.03130352051601626,825
full2,court_independence_lag1,0.2194799995422363,Contracts Expression,1,0.4735151051463663,0.3964455303048921,0.5518677342765722,0.03997229856199188,825
full2,court_independence_lag1,0.2194799995422363,Expands Expression,3,0.3562103729773202,0.30873222371334597,0.40669427837144256,0.02506264280217146,825
full2,court_independence_lag1,0.34049999713897705,Mixed Outcome,2,0.17535297403461858,0.12437448334433748,0.24146442325432943,0.029768889949436658,825
full2,court_independence_lag1,0.34049999713897705,Contracts Expression,1,0.45310135217427133,0.3815023111950672,0.5266948977487897,0.037300843566562464,825
full2,court_independence_lag1,0.34049999713897705,Expands Expression,3,0.37154567379111003,0.32681459673905494,0.418592168991668,0.023473824735850003,825
full2,court_independence_lag1,0.4615199947357178,Mixed Outcome,2,0.18027930344076062,0.1315026619722472,0.24210465043440638,0.028144897579532348,825
full2,court_independence_lag1,0.4615199947357178,Contracts Expression,1,0.4328187250093459,0.36645978073045077,0.5016786857507859,0.03470377882429412,825
full2,court_independence_lag1,0.4615199947357178,Expands Expression,3,0.3869019715498937,0.3448660911011894,0.4306931924843669,0.021945848218243764,825
full2,court_independence_lag1,0.5825399923324581,Mixed Outcome,2,0.18503410464049636,0.13867936828391283,0.24252055109211496,0.026443430831417817,825
full2,court_independence_lag1,0.5825399923324581,Contracts Expression,1,0.4127276564869132,0.3512985880012414,0.4769998815532674,0.032232071851269466,825
full2,court_independence_lag1,0.5825399923324581,Expands Expression,3,0.40223823887258975,0.36275065033647147,0.44303586274521345,0.020523579734786575,825
full2,court_independence_lag1,0.7035599899291989,Mixed Outcome,2,0.18959910813007141,0.14586404007368767,0.242721037526914,0.024678595231701177,825
full2,court_independence_lag1,0.7035599899291989,Contracts Expression,1,0.3928866926449378,0.3359946495858358,0.4528422307970005,0.029938185550032612,825
full2,court_independence_lag1,0.7035599899291989,Expands Expression,3,0.4175141992249911,0.38032243203645816,0.45566856143323753,0.01925672442247033,825
full2,court_independence_lag1,0.8245799875259396,Mixed Outcome,2,0.19395737850028358,0.15301060810014713,0.24272167228347905,0.022867450964307524,825
full2,court_independence_lag1,0.8245799875259396,Contracts Expression,1,0.37335188911051276,0.32052212013161774,0.4293866180704283,0.027873965189317864,825
full2,court_independence_lag1,0.8245799875259396,Expands Expression,3,0.43269073238920264,0.39743029294491844,0.46864645731178595,0.01819794101443606,825
full2,court_independence_lag1,0.9455999851226804,Mixed Outcome,2,0.1980934904572659,0.16006542288217013,0.24254727386410474,0.02103119128808554,825
full2,court_independence_lag1,0.9455999851226804,Contracts Expression,1,0.3541762528513819,0.3048590883145643,0.40680264384443016,0.026087167589796702,825
full2,court_independence_lag1,0.9455999851226804,Expands Expression,3,0.44773025669135186,0.4139268212225161,0.48202379338141704,0.01739861913074867,825
full2,court_independence_lag1,1.0666199827194212,Mixed Outcome,2,0.20199367896306575,0.16696384429752512,0.2422358281687188,0.019197002505297402,825
full2,court_independence_lag1,1.0666199827194212,Contracts Expression,1,0.33540924054146865,0.28899635492695014,0.3852373494045144,0.02461646213441954,825
full2,court_independence_lag1,1.0666199827194212,Expands Expression,3,0.4625970804954651,0.429682484826574,0.4958409312085648,0.01690201307866232,825
full2,court_independence_lag1,1.187639980316162,Mixed Outcome,2,0.20564596056215348,0.17362482847128766,0.24184435437934382,0.017400940257803532,825
full2,court_independence_lag1,1.187639980316162,Contracts Expression,1,0.3170963231273908,0.2729482817344268,0.3648021932439253,0.02348542945495421,825
full2,court_independence_lag1,1.187639980316162,Expands Expression,3,0.4772577163104565,0.4446022537621167,0.5101087606860539,0.016735065605014705,825
full2,court_independence_lag1,1.3086599779129027,Mixed Outcome,2,0.20904022388363053,0.17994280218072017,0.2414574206193698,0.015692180016841424,825
full2,court_independence_lag1,1.3086599779129027,Contracts Expression,1,0.2992786241692031,0.25676264379784686,0.3455614199581827,0.022697132281474845,825
full2,court_independence_lag1,1.3086599779129027,Expands Expression,3,0.491681151947166,0.45863818199322653,0.524796964915644,0.016902232960878154,825
full2,court_independence_lag1,1.429679975509643,Mixed Outcome,2,0.21216828827993917,0.185776845409631,0.24119827741333635,0.01413862785622688,825
full2,court_independence_lag1,1.429679975509643,Contracts Expression,1,0.2819926372660778,0.24052503220162377,0.3275263256612276,0.022231541986660275,825
full2,court_independence_lag1,1.429679975509643,Expands Expression,3,0.5058390744539825,0.47179109165557964,0.5398329835970022,0.017384802797070237,825
full2,court_independence_lag1,1.5506999731063837,Mixed Outcome,2,0.21502393052783458,0.1909404387728967,0.24123934446003853,0.01283222776181528,825
full2,court_independence_lag1,1.5506999731063837,Contracts Expression,1,0.2652700254839728,0.2243545118074364,0.3106587411811806,0.022047517107721546,825
full2,court_independence_lag1,1.5506999731063837,Expands Expression,3,0.5197060439881935,0.4841000169497648,0.5551130143088653,0.01814639012601799,825
full2,court_independence_lag1,1.6717199707031245,Mixed Outcome,2,0.21760288042757675,0.1952034801266027,0.24180034239650325,0.011887993179931316,825
full2,court_independence_lag1,1.6717199707031245,Contracts Expression,1,0.2491375032996626,0.20839108061411438,0.29488318714915907,0.022089071391899643,825
full2,court_independence_lag1,1.6717199707031245,Expands Expression,3,0.5332596162727603,0.4956250527741339,0.5705194134763375,0.019141738340593413,825
full2,court_independence_lag1,1.7927399682998653,Mixed Outcome,2,0.2199027869514161,0.19832910758064537,0.24311153199585686,0.011425264603332737,825
full2,court_independence_lag1,1.7927399682998653,Contracts Expression,1,0.23361679928002413,0.1927793236832587,0.28010328549353497,0.02229370247458115,825
full2,court_independence_lag1,1.7927399682998653,Expands Expression,3,0.5464804137685585,0.506431291889855,0.5859368287877892,0.020324915693119377,825
full2,court_independence_lag1,1.913759965896606,Mixed Outcome,2,0.22192315728308953,0.20015628139568167,0.24533111132431765,0.011525604834686318,825
full2,court_independence_lag1,1.913759965896606,Contracts Expression,1,0.21872469562818334,0.17765358397968026,0.2662170628624234,0.022600068381064636,825
full2,court_independence_lag1,1.913759965896606,Expands Expression,3,0.5593521470887265,0.5165782756407319,0.6012626603693452,0.021654660279040856,825
full2,court_independence_lag1,2.0347799634933468,Mixed Outcome,2,0.22366527163855185,0.2006797170403274,0.2484651844451461,0.012192025699622792,825
full2,court_independence_lag1,2.0347799634933468,Contracts Expression,1,0.20447313892835614,0.1631279403174238,0.2531277987808687,0.022953323839486957,825
full2,court_independence_lag1,2.0347799634933468,Expands Expression,3,0.5718615894330916,0.526115249010503,0.6164115867944926,0.0230967341727075,825
full2,court_independence_lag1,2.1557999610900875,Mixed Outcome,2,0.22513207715815814,0.20004629341669158,0.2523711857914829,0.013350802102338388,825
full2,court_independence_lag1,2.1557999610900875,Contracts Expression,1,0.19086941496317397,0.14929151377747388,0.24074983054459237,0.023307831072097048,825
full2,court_independence_lag1,2.1557999610900875,Expands Expression,3,0.5839985078786671,0.5350804347699196,0.6313159702410068,0.02462420488627922,825
full2,court_independence_lag1,2.2768199586868283,Mixed Outcome,2,0.22632806441492498,0.1984734116629684,0.25683929456470667,0.01489307599838956,825
full2,court_independence_lag1,2.2768199586868283,Contracts Expression,1,0.17791637938882032,0.1362079037091407,0.229010442664211,0.02362783176944867,825
full2,court_independence_lag1,2.2768199586868283,Expands Expression,3,0.5957555561962549,0.5435023874065533,0.6459241091843245,0.026216649835627874,825
full2,court_independence_lag1,2.397839956283569,Mixed Outcome,2,0.22725913020281907,0.19617102631601724,0.26167012815894314,0.0167145602627212,825
full2,court_independence_lag1,2.397839956283569,Contracts Expression,1,0.16561273533864715,0.12391713060601806,0.21784939273756643,0.023886881839060806,825
full2,court_independence_lag1,2.397839956283569,Expands Expression,3,0.6071281344585339,0.551402095457765,0.6601976972294997,0.02785896863797278,825
full2,court_independence_lag1,2.51885995388031,Mixed Outcome,2,0.22793243026813886,0.19330849968138586,0.26670757499719727,0.018732356607439864,825
full2,court_independence_lag1,2.51885995388031,Contracts Expression,1,0.1539533486686118,0.11243876320654954,0.20721732967621395,0.024066699158612835,825
full2,court_independence_lag1,2.51885995388031,Expands Expression,3,0.61811422106325,0.5587951197017402,0.6741092245437308,0.029540171728688818,825
full2,court_independence_lag1,2.6398799514770506,Mixed Outcome,2,0.22835622554344942,0.19001310075377845,0.27183995662577704,0.020885619643990404,825
full2,court_independence_lag1,2.6398799514770506,Contracts Expression,1,0.1429295915262944,0.10177538269781218,0.1970738916777809,0.02415583544667321,825
full2,court_independence_lag1,2.6398799514770506,Expands Expression,3,0.6287141829302566,0.5656934610183837,0.68763964772991,0.031252305769826925,825
full2,court_independence_lag1,2.7608999490737913,Mixed Outcome,2,0.2285397252552194,0.18637926080313444,0.27699041768773536,0.023130729667482985,825
full2,court_independence_lag1,2.7608999490737913,Contracts Expression,1,0.13252970517732343,0.09191592688782514,0.18738589021967592,0.0241483886794347,825
full2,court_independence_lag1,2.7608999490737913,Expands Expression,3,0.6389305695674574,0.5721070670514922,0.7007764339327337,0.032989565663302876,825
full2,court_independence_lag1,2.881919946670532,Mixed Outcome,2,0.228492930020593,0.18247826943399093,0.28210686992800776,0.025436241143065134,825
full2,court_independence_lag1,2.881919946670532,Contracts Expression,1,0.1227391735111028,0.08283870728653697,0.17812574609584128,0.024042849333224363,825
full2,court_independence_lag1,2.881919946670532,Expands Expression,3,0.6487678964683031,0.5780449839641584,0.7135119830646096,0.03474759254337108,825
full2,court_independence_lag1,3.002939944267273,Mixed Outcome,2,0.22822647774164978,0.1783656106782666,0.2871542996154617,0.0277790383380492,825
full2,court_independence_lag1,3.002939944267273,Contracts Expression,1,0.11354109932242747,0.07451403037572618,0.16927021515393478,0.02384110734752191,825
full2,court_independence_lag1,3.002939944267273,Expands Expression,3,0.6582324229359241,0.5835161958873382,0.7258423913482029,0.03652293774106722,825
full2,court_independence_lag1,3.1239599418640136,Mixed Outcome,2,0.2277514947614863,0.1740859394223765,0.2921094458481977,0.03014170003072726,825
full2,court_independence_lag1,3.1239599418640136,Contracts Expression,1,0.10491657627867298,0.06690642244382589,0.16079938281647957,0.023547615679528785,825
full2,court_independence_lag1,3.1239599418640136,Expands Expression,3,0.6673319289598387,0.5885302034999756,0.7377665067918084,0.038312667423458416,825
full2,court_independence_lag1,3.2449799394607544,Mixed Outcome,2,0.22707945437867472,0.16967632150711628,0.29695723289749526,0.03251075691528265,825
full2,court_independence_lag1,3.2449799394607544,Contracts Expression,1,0.09684505038867659,0.059976486864565214,0.15269588559409947,0.023168694382037558,825
full2,court_independence_lag1,3.2449799394607544,Expands Expression,3,0.6760754952326488,0.59309739119373,0.7492852262710145,0.04011408296965065,825
full2,court_independence_lag1,3.365999937057495,Mixed Outcome,2,0.22622204443673277,0.16516831761820272,0.30168838165752887,0.034875546973838316,825
full2,court_independence_lag1,3.365999937057495,Contracts Expression,1,0.08930466574835069,0.05368243295730631,0.14494431500546967,0.02271195636141451,825
full2,court_independence_lag1,3.365999937057495,Expands Expression,3,0.6844732898149164,0.5972292268450472,0.7604009872770415,0.04192453441611748,825
full2,v2jupurge_lag1,-2.7739999294281006,Mixed Outcome,2,0.12437247527319463,0.05238443552069622,0.2673752704415258,0.05243485871088107,825
full2,v2jupurge_lag1,-2.7739999294281006,Contracts Expression,1,0.22382330287533048,0.08802961404643023,0.4627908362603194,0.09700592035708047,825
full2,v2jupurge_lag1,-2.7739999294281006,Expands Expression,3,0.6518042218514744,0.4481698415208968,0.8118424615664339,0.09669492914647243,825
full2,v2jupurge_lag1,-2.6591799306869506,Mixed Outcome,2,0.12634933403414622,0.05446335903374374,0.2663861997233627,0.05184788266522878,825
full2,v2jupurge_lag1,-2.6591799306869506,Contracts Expression,1,0.2251214654746373,0.09108817950181194,0.4571770859420185,0.09473020651730808,825
full2,v2jupurge_lag1,-2.6591799306869506,Expands Expression,3,0.6485292004912144,0.45018507851023043,0.8061341471628941,0.0944921742405732,825
full2,v2jupurge_lag1,-2.5443599319458006,Mixed Outcome,2,0.12834961403289133,0.056618284897647794,0.26539336991728113,0.05123035541559034,825
full2,v2jupurge_lag1,-2.5443599319458006,Contracts Expression,1,0.22641580748576923,0.0942345858347209,0.45156991105937716,0.0924327959226982,825
full2,v2jupurge_lag1,-2.5443599319458006,Expands Expression,3,0.6452345784813399,0.4521670497862328,0.8003100046499211,0.0922740582376954,825
full2,v2jupurge_lag1,-2.429539933204651,Mixed Outcome,2,0.13037337607006963,0.05885149258085944,0.2643969165849842,0.05058186649536909,825
full2,v2jupurge_lag1,-2.429539933204651,Contracts Expression,1,0.22770611048896566,0.0974701422571863,0.4459710171756759,0.09011408666838334,825
full2,v2jupurge_lag1,-2.429539933204651,Expands Expression,3,0.6419205134409652,0.4541153840783324,0.7943707169413993,0.0900412200929232,825
full2,v2jupurge_lag1,-2.314719934463501,Mixed Outcome,2,0.132420675032648,0.06116528680776748,0.26339699498372354,0.0499020207868295,825
full2,v2jupurge_lag1,-2.314719934463501,Contracts Expression,1,0.2289921545346938,0.10079607254203318,0.44038217720517137,0.0877745129654805,825
full2,v2jupurge_lag1,-2.314719934463501,Expands Expression,3,0.6385871704326593,0.4560296731958459,0.7883171708407182,0.08779433521394812,825
full2,v2jupurge_lag1,-2.199899935722351,Mixed Outcome,2,0.1344915597632121,0.06356199295925478,0.2623937828781076,0.04919044040372063,825
full2,v2jupurge_lag1,-2.199899935722351,Contracts Expression,1,0.2302737182156821,0.1042135008900778,0.43480524037606866,0.08541455000877322,825
full2,v2jupurge_lag1,-2.199899935722351,Expands Expression,3,0.6352347220211054,0.4579094649311777,0.7821504683928127,0.08553411890985153,825
full2,v2jupurge_lag1,-2.0850799369812014,Mixed Outcome,2,0.13658607293119474,0.06604395172256979,0.2613874838347437,0.048446766823547614,825
full2,v2jupurge_lag1,-2.0850799369812014,Contracts Expression,1,0.23155057874122761,0.10772343575570555,0.42924214302684877,0.08303471978478318,825
full2,v2jupurge_lag1,-2.0850799369812014,Expands Expression,3,0.631863348327577,0.4597542548084336,0.7758719390832187,0.0832613304200538,825
full2,v2jupurge_lag1,-1.9702599382400514,Mixed Outcome,2,0.13870425090621394,0.06861351287532386,0.26037833109809955,0.047670663319220034,825
full2,v2jupurge_lag1,-1.9702599382400514,Contracts Expression,1,0.23282251201375648,0.11132675121497666,0.4236949216570763,0.08063559803503897,825
full2,v2jupurge_lag1,-1.9702599382400514,Expands Expression,3,0.6284732370800289,0.461563476447469,0.7694831530822894,0.08097677764092898,825
full2,v2jupurge_lag1,-1.8554399394989014,Mixed Outcome,2,0.14084612363370824,0.07127302806444015,0.25936659217016667,0.04686181775200975,825
full2,v2jupurge_lag1,-1.8554399394989014,Contracts Expression,1,0.2340892927076145,0.11502416535143326,0.4181657287630491,0.0782178226453771,825
full2,v2jupurge_lag1,-1.8554399394989014,Expands Expression,3,0.6250645836586773,0.46333649025829504,0.762985935787594,0.07868132269570566,825
full2,v2jupurge_lag1,-1.7406199407577514,Mixed Outcome,2,0.14301171451304348,0.07402484241064682,0.258352574246487,0.04601994580307308,825
full2,v2jupurge_lag1,-1.7406199407577514,Contracts Expression,1,0.23535069435005534,0.1188162149916885,0.4126568521335001,0.07578210380600128,825
full2,v2jupurge_lag1,-1.7406199407577514,Expands Expression,3,0.6216375911369013,0.46507257011567127,0.7563823839837165,0.07637588852660833,825
full2,v2jupurge_lag1,-1.6257999420166016,Mixed Outcome,2,0.14520104027827574,0.07687128473051474,0.25733663069956764,0.045144794740438456,825
full2,v2jupurge_lag1,-1.6257999420166016,Contracts Expression,1,0.23660648940440882,0.12270322593498084,0.4071707384703235,0.07332923638384681,825
full2,v2jupurge_lag1,-1.6257999420166016,Expands Expression,3,0.6181924703173154,0.4667708875766948,0.7496748840258863,0.07406146673261083,825
full2,v2jupurge_lag1,-1.5109799432754518,Mixed Outcome,2,0.14741411088175466,0.07981465611809324,0.2563191688510052,0.04423614784394281,825
full2,v2jupurge_lag1,-1.5109799432754518,Contracts Expression,1,0.23785644935538233,0.1266852775732259,0.4017100224479052,0.0708601150759025,825
full2,v2jupurge_lag1,-1.5109799432754518,Expands Expression,3,0.614729439762862,0.46843049309608187,0.7428661325631479,0.07173912693145917,825
full2,v2jupurge_lag1,-1.3961599445343018,Mixed Outcome,2,0.14965092938074448,0.08285721656355259,0.2553006593384073,0.04329382964367281,825
full2,v2jupurge_lag1,-1.3961599445343018,Contracts Expression,1,0.23910034479646913,0.13076216046780448,0.39627756265704667,0.06837575308179289,825
full2,v2jupurge_lag1,-1.3961599445343018,Expands Expression,3,0.6112487258227868,0.47005029355646116,0.7359591604557923,0.06941002799488463,825
full2,v2jupurge_lag1,-1.2813399457931518,Mixed Outcome,2,0.15191149182725752,0.08600116920161846,0.25428164746826487,0.042317712170852555,825
full2,v2jupurge_lag1,-1.2813399457931518,Contracts Expression,1,0.2403379455194113,0.13493332500760905,0.39087648632229194,0.06587730526022459,825
full2,v2jupurge_lag1,-1.2813399457931518,Expands Expression,3,0.6077505626533309,0.471629025250301,0.7289573607233805,0.06707543159822907,825
full2,v2jupurge_lag1,-1.166519947052002,Mixed Outcome,2,0.1541957871612658,0.08924864167098465,0.25326276705800094,0.04130772247732268,825
full2,v2jupurge_lag1,-1.166519947052002,Contracts Expression,1,0.2415690206056947,0.1391978186755322,0.38551024528150263,0.06336609704013793,825
full2,v2jupurge_lag1,-1.166519947052002,Expands Expression,3,0.6042351922330398,0.47316522122205634,0.7218645215902069,0.06473671864237142,825
full2,v2jupurge_lag1,-1.0516999483108522,Mixed Outcome,2,0.15650379710749474,0.09260166391727839,0.252244757420214,0.04026385175606831,825
full2,v2jupurge_lag1,-1.0516999483108522,Contracts Expression,1,0.24279333852000215,0.14355420864073792,0.38018268652697335,0.06084366077162974,825
full2,v2jupurge_lag1,-1.0516999483108522,Expands Expression,3,0.6007028643725036,0.4746571715794857,0.7146848659963752,0.062395409258975375,825
full2,v2jupurge_lag1,-0.9368799495697022,Mixed Outcome,2,0.15883549607595807,0.09606214157353757,0.25122848434108963,0.03918616649694104,825
full2,v2jupurge_lag1,-0.9368799495697022,Contracts Expression,1,0.24401066720559553,0.1480004852842432,0.3748981417197456,0.058311781769712245,825
full2,v2jupurge_lag1,-0.9368799495697022,Expands Expression,3,0.5971538367184454,0.4761028749954057,0.7074230993330396,0.06005318730836391,825
full2,v2jupurge_lag1,-0.8220599508285522,Mixed Outcome,2,0.1611908510664348,0.09963182378284671,0.25021496617606537,0.0380748222498891,825
full2,v2jupurge_lag1,-0.8220599508285522,Contracts Expression,1,0.2452207741815675,0.15253394073695042,0.3696615416191277,0.05577255708565112,825
full2,v2jupurge_lag1,-0.8220599508285522,Expands Expression,3,0.5935883747519983,0.4774999791135143,0.700084467670444,0.057711930538868146,825
full2,v2jupurge_lag1,-0.7072399520874022,Mixed Outcome,2,0.1635698215770504,0.10331226396099215,0.24920540655375154,0.03693008075582865,825
full2,v2jupurge_lag1,-0.7072399520874022,Contracts Expression,1,0.2464234266418961,0.15715101439281368,0.36447856348678803,0.05322847112245423,825
full2,v2jupurge_lag1,-0.7072399520874022,Expands Expression,3,0.5900067517810539,0.47884570690944783,0.6926748294130575,0.055373747915329716,825
full2,v2jupurge_lag1,-0.5924199533462526,Mixed Outcome,2,0.16597235951715256,0.10710477149215629,0.24820123568563596,0.03575233146375875,825
full2,v2jupurge_lag1,-0.5924199533462526,Contracts Expression,1,0.24761839155625642,0.1618470944101005,0.3593558224774268,0.050682493719213684,825
full2,v2jupurge_lag1,-0.5924199533462526,Expands Expression,3,0.5864092489265906,0.48013676518640297,0.6852007441908005,0.053041026070323356,825
full2,v2jupurge_lag1,-0.47759995460510263,Mixed Outcome,2,0.16839840912464749,0.11101035164899241,0.24720416298305764,0.034542118811854566,825
full2,v2jupurge_lag1,-0.47759995460510263,Contracts Expression,1,0.24880543577251302,0.16661626009555125,0.3543011221472775,0.04813820843369972,825
full2,v2jupurge_lag1,-0.47759995460510263,Expands Expression,3,0.5827961551028382,0.4813692302476802,0.6776695839359739,0.050716487413291975,825
full2,v2jupurge_lag1,-0.3627799558639526,Mixed Outcome,2,0.1708479068879694,0.11502963004574707,0.24621624466738729,0.0333001771527561,825
full2,v2jupurge_lag1,-0.3627799558639526,Contracts Expression,1,0.24998432612083465,0.17145094431212976,0.349323784967482,0.04559998169356358,825
full2,v2jupurge_lag1,-0.3627799558639526,Expands Expression,3,0.5791677669911959,0.4825384043007394,0.6700896725867114,0.04840326319398448,825
full2,v2jupurge_lag1,-0.24795995712280305,Mixed Outcome,2,0.173320781472858,0.11916275654156018,0.24523997145398663,0.03202747591479703,825
full2,v2jupurge_lag1,-0.24795995712280305,Contracts Expression,1,0.2511548295193507,0.17634148704759023,0.34443509173526216,0.043073187577526637,825
full2,v2jupurge_lag1,-0.24795995712280305,Expands Expression,3,0.5755243890077917,0.48363863422405784,0.662470462784869,0.04610498580085877,825
full2,v2jupurge_lag1,-0.13313995838165305,Mixed Outcome,2,0.17581695365410593,0.12340928152547649,0.24427838337859292,0.030725278605534433,825
full2,v2jupurge_lag1,-0.13313995838165305,Contracts Expression,1,0.25231671308128806,0.18127554029609183,0.33964886976109054,0.04056450860308842,825
full2,v2jupurge_lag1,-0.13313995838165305,Expands Expression,3,0.5718663332646056,0.48466308187466134,0.6548227603936315,0.043825905831138184,825
full2,v2jupurge_lag1,-0.018319959640503036,Mixed Outcome,2,0.17833633625243345,0.12776799465507574,0.24333522169776414,0.02939522072489011,825
full2,v2jupurge_lag1,-0.018319959640503036,Contracts Expression,1,0.25346974422349805,0.1862372697251703,0.33498228439287797,0.03808234040395888,825
full2,v2jupurge_lag1,-0.018319959640503036,Expands Expression,3,0.5681939195240687,0.4856034320674817,0.6471590107107166,0.04157104102974366,825
full2,v2jupurge_lag1,0.09650003910064697,Mixed Outcome,2,0.18087883407665858,0.1322367119727788,0.24241513194654857,0.028039413773742673,825
full2,v2jupurge_lag1,0.09650003910064697,Contracts Expression,1,0.25461369077629786,0.1912062800676833,0.3304569069710359,0.03563733766112048,825
full2,v2jupurge_lag1,0.09650003910064697,Expands Expression,3,0.5645074751470435,0.48644952075636616,0.6394936638585249,0.039346366040519935,825
full2,v2jupurge_lag1,0.21132003784179698,Mixed Outcome,2,0.18344434387130518,0.13681199127544547,0.24152393828844024,0.0266605856323181,825
full2,v2jupurge_lag1,0.21132003784179698,Contracts Expression,1,0.25574832109455026,0.19615617052902284,0.3261001529593978,0.033243149227144185,825
full2,v2jupurge_lag1,0.21132003784179698,Expands Expression,3,0.5608073350341443,0.4871888620760311,0.6318436407072356,0.03715905390063864,825
full2,v2jupurge_lag1,0.32614003658294655,Mixed Outcome,2,0.18603275426980645,0.14148874677247333,0.24066901813785813,0.025262272096540004,825
full2,v2jupurge_lag1,0.32614003658294655,Contracts Expression,1,0.2568734041698778,0.20105261072008832,0.3219471997775525,0.030917398497882827,825
full2,v2jupurge_lag1,0.32614003658294655,Expands Expression,3,0.5570938415603154,0.4878060496162526,0.6242289239789001,0.03501778190493111,825
full2,v2jupurge_lag1,0.44096003532409656,Mixed Outcome,2,0.18864394575343826,0.1462597212006558,0.23985981890624153,0.023849080929268643,825
full2,v2jupurge_lag1,0.44096003532409656,Contracts Expression,1,0.2579887097439395,0.2058508363454081,0.3180434851420292,0.028682960737791943,825
full2,v2jupurge_lag1,0.44096003532409656,Expands Expression,3,0.5533673445026219,0.4882820065989953,0.6166732998852585,0.03293311485075782,825
full2,v2jupurge_lag1,0.5557800340652466,Mixed Outcome,2,0.19127779061612968,0.1511147551005705,0.2391085771916967,0.022427059209188905,825
full2,v2jupurge_lag1,0.5557800340652466,Contracts Expression,1,0.25909400842266583,0.2104925440626082,0.3144478065375236,0.02656954830925914,825
full2,v2jupurge_lag1,0.5557800340652466,Expands Expression,3,0.5496282009612038,0.4885930657552458,0.6092052695297805,0.030917975585986128,825
full2,v2jupurge_lag1,0.6706000328063961,Mixed Outcome,2,0.19393415293527272,0.15603976737315453,0.2384313263230277,0.021004207822077292,825
full2,v2jupurge_lag1,0.6706000328063961,Contracts Expression,1,0.26018907179135775,0.21490241424987364,0.311235793119106,0.024615487781713706,825
full2,v2jupurge_lag1,0.6706000328063961,Expands Expression,3,0.5458767752733691,0.48870988088927864,0.6018591281175443,0.028988202022957706,825
full2,v2jupurge_lag1,0.7854200315475461,Mixed Outcome,2,0.1966128885486627,0.161015328459643,0.23784931095001657,0.019591203673428807,825
full2,v2jupurge_lag1,0.7854200315475461,Contracts Expression,1,0.26127367253055717,0.21898507450913826,0.30850293725570044,0.022869275194232357,825
full2,v2jupurge_lag1,0.7854200315475461,Expands Expression,3,0.5421134389207793,0.48859622293160526,0.5946761592064042,0.027163163924586533,825
full2,v2jupurge_lag1,0.9002400302886961,Mixed Outcome,2,0.19931384503768793,0.16601467322286542,0.2373909616425655,0.018202407703061287,825
full2,v2jupurge_lag1,0.9002400302886961,Contracts Expression,1,0.2623475845325814,0.2226244074371145,0.3063652822195694,0.021389939567656283,825
full2,v2jupurge_lag1,0.9002400302886961,Expands Expression,3,0.5383385704297314,0.48820781625372556,0.587705788264747,0.02546636031419129,825
full2,v2jupurge_lag1,1.0150600290298462,Mixed Outcome,2,0.20203686171687157,0.1710009876749185,0.2370945954001346,0.01685724341367174,825
full2,v2jupurge_lag1,1.0150600290298462,Contracts Expression,1,0.26341058301861836,0.22568855168029547,0.30495441704343107,0.020244507324918518,825
full2,v2jupurge_lag1,1.0150600290298462,Expands Expression,3,0.5345525552645104,0.487491552680129,0.5810063581417055,0.02392582575457826,825
full2,v2jupurge_lag1,1.1298800277709962,Mixed Outcome,2,0.2047817696298901,0.17592387845539312,0.2370119332198282,0.015581992540357316,825
full2,v2jupurge_lag1,1.1298800277709962,Contracts Expression,1,0.264462444656287,0.22804451094039357,0.3044028639136317,0.01950057095631197,825
full2,v2jupurge_lag1,1.1298800277709962,Expands Expression,3,0.5307557857138235,0.48638569046921,0.5746449192227648,0.022574036100239312,825
full2,v2jupurge_lag1,1.2447000265121462,Mixed Outcome,2,0.20754839155213506,0.18071525598829255,0.2372122038533319,0.01441189029091538,825
full2,v2jupurge_lag1,1.2447000265121462,Contracts Expression,1,0.26550294767753196,0.22958324867540578,0.30481898039014876,0.0192135126031209,825
full2,v2jupurge_lag1,1.2447000265121462,Expands Expression,3,0.5269486607703322,0.4848219399067344,0.5686951326739426,0.02144685402422336,825
full2,v2jupurge_lag1,1.3595200252532962,Mixed Outcome,2,0.21033654199993979,0.18528573382232522,0.23778573131287162,0.013392958076231415,825
full2,v2jupurge_lag1,1.3595200252532962,Contracts Expression,1,0.26653187199677586,0.23024798173740418,0.30625866324442486,0.019412095512363132,825
full2,v2jupurge_lag1,1.3595200252532962,Expands Expression,3,0.5231315860032839,0.4827304294385899,0.5632322928971213,0.020581007140031842,825
full2,v2jupurge_lag1,1.4743400239944453,Mixed Outcome,2,0.21314602724652432,0.18952438946792452,0.23884416088341576,0.012582122726116411,825
full2,v2jupurge_lag1,1.4743400239944453,Contracts Expression,1,0.26754899932917753,0.230050801146139,0.3087087257483805,0.02009000392714678,825
full2,v2jupurge_lag1,1.4743400239944453,Expands Expression,3,0.5193049734242995,0.48004801557409305,0.5583250060163247,0.020009861489508445,825
full2,v2jupurge_lag1,1.5891600227355953,Mixed Outcome,2,0.21597664534474592,0.19330689377131352,0.24051231667755038,0.012043068585105505,825
full2,v2jupurge_lag1,1.5891600227355953,Contracts Expression,1,0.26855411330891865,0.22906675995159842,0.3120928084894937,0.021208866763698802,825
full2,v2jupurge_lag1,1.5891600227355953,Expands Expression,3,0.5154692413463345,0.47672890099234794,0.5540245600150364,0.01975801670256464,825
full2,v2jupurge_lag1,1.7039800214767453,Mixed Outcome,2,0.21882818615671543,0.19651666112429078,0.24290703851679726,0.011835450038352941,825
full2,v2jupurge_lag1,1.7039800214767453,Contracts Expression,1,0.2695469996073757,0.22740977788692268,0.3162954740378412,0.022710545705036323,825
full2,v2jupurge_lag1,1.7039800214767453,Expands Expression,3,0.5116248142359094,0.47275448337827947,0.5503550640515993,0.01983628990997749,825
full2,v2jupurge_lag1,1.8188000202178953,Mixed Outcome,2,0.22170043139032652,0.19907584294131753,0.24610617579571004,0.011999086394610234,825
full2,v2jupurge_lag1,1.8188000202178953,Contracts Expression,1,0.27052744605107576,0.22520510359648652,0.3211897447036204,0.02453117166904982,825
full2,v2jupurge_lag1,1.8188000202178953,Expands Expression,3,0.5077721225585978,0.4681383713732135,0.5473084206219939,0.02023915859842158,825
full2,v2jupurge_lag1,1.9336200189590453,Mixed Outcome,2,0.22459315464275575,0.20096983535062157,0.25012406747504146,0.012541469571634782,825
full2,v2jupurge_lag1,1.9336200189590453,Contracts Expression,1,0.2714952427393134,0.2225697449413841,0.32665667290307926,0.02661111379256542,825
full2,v2jupurge_lag1,1.9336200189590453,Expands Expression,3,0.5039116026179317,0.4629241251880767,0.5448465730765357,0.02094590695911215,825
full2,v2jupurge_lag1,2.0484400177001953,Mixed Outcome,2,0.22750612145095717,0.20224739996962385,0.2549114094312215,0.013437715349964664,825
full2,v2jupurge_lag1,2.0484400177001953,Contracts Expression,1,0.2724501821613032,0.21960328340256827,0.3325945281297732,0.028899652107808198,825
full2,v2jupurge_lag1,2.0484400177001953,Expands Expression,3,0.5000436963877392,0.45717681362819873,0.5429099367956572,0.021924919550975586,825
full2,v2jupurge_lag1,2.1632600164413454,Mixed Outcome,2,0.23043908934917598,0.20299729295974633,0.26037861406864277,0.014642498482461627,825
full2,v2jupurge_lag1,2.1632600164413454,Contracts Expression,1,0.2733920593127551,0.2163860911139387,0.33892058201164077,0.031355876465465414,825
full2,v2jupurge_lag1,2.1632600164413454,Expands Expression,3,0.49616885133806765,0.4509721437730954,0.5414282578350907,0.023139208636629605,825
full2,v2jupurge_lag1,2.2780800151824945,Mixed Outcome,2,0.23339180793351444,0.203319443698725,0.2664246209614058,0.01610476522584203,825
full2,v2jupurge_lag1,2.2780800151824945,Contracts Expression,1,0.27432067181174963,0.2129812405414457,0.34556920144682124,0.033947704455279844,825
full2,v2jupurge_lag1,2.2780800151824945,Expands Expression,3,0.4922875202547353,0.444386904751049,0.5403301576530503,0.02455126961635147,825
full2,v2jupurge_lag1,2.3929000139236445,Mixed Outcome,2,0.23636401893352982,0.20330541450416761,0.27295642719791374,0.017777707380717912,825
full2,v2jupurge_lag1,2.3929000139236445,Contracts Expression,1,0.2752358200137836,0.20943761755764703,0.35248873907331824,0.036650287707088156,825
full2,v2jupurge_lag1,2.3929000139236445,Expands Expression,3,0.48840016105268474,0.43749260662407197,0.5395494829549793,0.026126307403201245,825
full2,v2jupurge_lag1,2.5077200126647945,Mixed Outcome,2,0.23935545629088187,0.20303048956737574,0.2798969893780292,0.019622800822345035,825
full2,v2jupurge_lag1,2.5077200126647945,Contracts Expression,1,0.2761373071258733,0.2057930099399793,0.35963844904467945,0.03944443241117567,825
full2,v2jupurge_lag1,2.5077200126647945,Expands Expression,3,0.4845072365832446,0.4303523382117979,0.539028436876469,0.027833822899704756,825
full2,v2jupurge_lag1,2.6225400114059445,Mixed Outcome,2,0.2423658462450008,0.2025531559034787,0.2871857345657622,0.02161007135318767,825
full2,v2jupurge_lag1,2.6225400114059445,Contracts Expression,1,0.2770249393195844,0.20207671990869966,0.366985879490734,0.042315263818116886,825
full2,v2jupurge_lag1,2.6225400114059445,Expands Expression,3,0.4806092144354146,0.4230199500407663,0.538718385364768,0.029648015923824475,825
full2,v2jupurge_lag1,2.7373600101470945,Mixed Outcome,2,0.24539490742575884,0.20191764937561518,0.29477600724809205,0.023716796146477075,825
full2,v2jupurge_lag1,2.7373600101470945,Contracts Expression,1,0.27789852584287644,0.19831162087938356,0.3745048214797262,0.04525117506487018,825
full2,v2jupurge_lag1,2.7373600101470945,Expands Expression,3,0.47670656673136413,0.4155405649633872,0.5385793362590797,0.03154751325506286,825
full2,v2jupurge_lag1,2.8521800088882445,Mixed Outcome,2,0.24844235095310516,0.20115711721018467,0.30263190098943366,0.02592589039861773,825
full2,v2jupurge_lag1,2.8521800088882445,Contracts Expression,1,0.2787578791306197,0.19451572115904348,0.3821737517385986,0.04824302806723673,825
full2,v2jupurge_lag1,2.8521800088882445,Expands Expression,3,0.4727997699162749,0.40795167523688247,0.5385788323207721,0.033514799532878586,825
full2,v2jupurge_lag1,2.9670000076293945,Mixed Outcome,2,0.2515078805436166,0.20029641646390572,0.3107254554239218,0.028224479626122255,825
full2,v2jupurge_lag1,2.9670000076293945,Contracts Expression,1,0.27960281491368894,0.1907033337910076,0.38997466990707536,0.05128355569650896,825
full2,v2jupurge_lag1,2.9670000076293945,Expands Expression,3,0.4688893045426953,0.4002843841999713,0.5386907001141065,0.03553557600749834,825
full2,wdj_expression_lag1,-0.6666666865348816,Mixed Outcome,2,0.2967519285281384,0.22819863722807285,0.37586994013016295,0.037873454097097185,825
full2,wdj_expression_lag1,-0.6666666865348816,Contracts Expression,1,0.166595209254539,0.10446521092905284,0.25514871213784207,0.03815473363190997,825
full2,wdj_expression_lag1,-0.6666666865348816,Expands Expression,3,0.5366528622173237,0.4353914082397407,0.6349790249113687,0.051605081299489264,825
full2,wdj_expression_lag1,-0.633333352804184,Mixed Outcome,2,0.29419929688675805,0.22769018870031646,0.37080822533215113,0.036690930449816986,825
full2,wdj_expression_lag1,-0.633333352804184,Contracts Expression,1,0.16944343539982915,0.10778224455291949,0.25624903825369794,0.037626521617817196,825
full2,wdj_expression_lag1,-0.633333352804184,Expands Expression,3,0.5363572677134131,0.4375155139202849,0.6324225668226231,0.05036301978457614,825
full2,wdj_expression_lag1,-0.6000000190734863,Mixed Outcome,2,0.29164771189306177,0.2271651345235102,0.36577121453120953,0.03552065511948619,825
full2,wdj_expression_lag1,-0.6000000190734863,Contracts Expression,1,0.17232543527220348,0.11117793103657325,0.2573657568682096,0.03707921763406728,825
full2,wdj_expression_lag1,-0.6000000190734863,Expands Expression,3,0.5360268528347345,0.4396053562259932,0.6298280015580255,0.04912227988450681,825
full2,wdj_expression_lag1,-0.5666666853427886,Mixed Outcome,2,0.2890973374797315,0.2266230165405786,0.3607603683441419,0.03436302277704682,825
full2,wdj_expression_lag1,-0.5666666853427886,Contracts Expression,1,0.1752412870001338,0.11465255776202488,0.2584998414184278,0.03651314213408449,825
full2,wdj_expression_lag1,-0.5666666853427886,Expands Expression,3,0.5356613755201353,0.4416602053513743,0.627195267429535,0.047882978071684554,825
full2,wdj_expression_lag1,-0.5333333516120911,Mixed Outcome,2,0.2865483397251105,0.22606332241171215,0.35577719367263677,0.03321845584065539,825
full2,wdj_expression_lag1,-0.5333333516120911,Contracts Expression,1,0.1781910611092761,0.11820626068554563,0.2596523867053268,0.03592868757369132,825
full2,wdj_expression_lag1,-0.5333333516120911,Expands Expression,3,0.5352605991656143,0.4436792673733693,0.6245243911605173,0.04664527027566057,825
full2,wdj_expression_lag1,-0.5000000178813935,Mixed Outcome,2,0.28400088686379715,0.22548547766440336,0.35082325125298786,0.032087408531096984,825
full2,wdj_expression_lag1,-0.5000000178813935,Contracts Expression,1,0.18117482028208373,0.12183900377947839,0.26082462641685433,0.03532632769261527,825
full2,wdj_expression_lag1,-0.5000000178813935,Expands Expression,3,0.5348242928541178,0.4456616714939674,0.6218155016631615,0.045409358590233116,825
full2,wdj_expression_lag1,-0.4666666841506958,Mixed Outcome,2,0.2814551492964023,0.22488883648636213,0.3459001644831327,0.030970371568863862,825
full2,wdj_expression_lag1,-0.4666666841506958,Contracts Expression,1,0.18419261911332926,0.1255505556145204,0.26201795336534023,0.034706628197018495,825
full2,wdj_expression_lag1,-0.4666666841506958,Expands Expression,3,0.5343522315902687,0.4476064551974788,0.6190688459546189,0.04417549904955515,825
full2,wdj_expression_lag1,-0.43333335041999815,Mixed Outcome,2,0.2789112995983214,0.2242726710477193,0.3410096297403667,0.029867877621736857,825
full2,wdj_expression_lag1,-0.43333335041999815,Contracts Expression,1,0.18724450386185165,0.12934046262858712,0.26323394289160695,0.034070259074675736,825
full2,wdj_expression_lag1,-0.43333335041999815,Expands Expression,3,0.5338441965398281,0.44951254694308285,0.6162848075941547,0.04294401066776505,825
full2,wdj_expression_lag1,-0.4000000166893005,Mixed Outcome,2,0.27636951252731884,0.22363615910317416,0.33615342843869256,0.02878050762991982,825
full2,wdj_expression_lag1,-0.4000000166893005,Contracts Expression,1,0.19033051219889743,0.13320801855344203,0.2644743799655627,0.033418008813546146,825
full2,wdj_expression_lag1,-0.4000000166893005,Expands Expression,3,0.533299975273784,0.4513787459362941,0.6134639281006086,0.04171528597606852,825
full2,wdj_expression_lag1,-0.3666666829586029,Mixed Outcome,2,0.27382996502975865,0.22297836958440426,0.3313334411152163,0.02770889815639406,825
full2,wdj_expression_lag1,-0.3666666829586029,Contracts Expression,1,0.19345067295343188,0.13715222939110983,0.265741290591657,0.032750800835071515,825
full2,wdj_expression_lag1,-0.3666666829586029,Expands Expression,3,0.5327193620168087,0.4532036984309043,0.6106069319010982,0.04048980333822108,825
full2,wdj_expression_lag1,-0.33333334922790525,Mixed Outcome,2,0.2712928362452647,0.22229824584959018,0.3265516638782511,0.026653749932282214,825
full2,wdj_expression_lag1,-0.33333334922790525,Contracts Expression,1,0.196605005854829,0.1411717732433185,0.26703697821866307,0.03206971249980203,825
full2,wdj_expression_lag1,-0.33333334922790525,Expands Expression,3,0.5321021578999053,0.4549858699035356,0.6077147554713017,0.0392681413813681,825
full2,wdj_expression_lag1,-0.3000000154972076,Mixed Outcome,2,0.2687583075096402,0.22159458621221245,0.3218102275943018,0.025615837789762452,825
full2,wdj_expression_lag1,-0.3000000154972076,Contracts Expression,1,0.19979352127338781,0.1452649542101042,0.2683640659399896,0.03137599708779123,825
full2,wdj_expression_lag1,-0.3000000154972076,Expands Expression,3,0.5314481712169721,0.4567235123111101,0.604788581459002,0.03805099594659492,825
full2,wdj_expression_lag1,-0.26666668176651,Mixed Outcome,2,0.2662265623558296,0.2208660213256823,0.3171114202369209,0.024596022198393148,825
full2,wdj_expression_lag1,-0.26666668176651,Contracts Expression,1,0.20301621995913582,0.1494296494871638,0.2697255453600852,0.030671109201654966,825
full2,wdj_expression_lag1,-0.26666668176651,Expands Expression,3,0.5307572176850336,0.45841462549038403,0.6018298787335752,0.036839200040895366,825
full2,wdj_expression_lag1,-0.23333334803581235,Mixed Outcome,2,0.26369778651273473,0.22011098796429962,0.31245771285621854,0.0235952626390193,825
full2,wdj_expression_lag1,-0.23333334803581235,Contracts Expression,1,0.20627309277941283,0.15366324872797035,0.27112483306551893,0.029956734073208213,825
full2,wdj_expression_lag1,-0.23333334803581235,Expands Expression,3,0.530029120707852,0.46005691158138295,0.598840449480959,0.03563374736301263,825
full2,wdj_expression_lag1,-0.20000001430511472,Mixed Outcome,2,0.26117216790167697,0.21932769872115215,0.307851789647517,0.022614633059505958,825
full2,wdj_expression_lag1,-0.20000001430511472,Contracts Expression,1,0.2095641204557504,0.1579625847063972,0.27256583567228615,0.029234821271595587,825
full2,wdj_expression_lag1,-0.20000001430511472,Expands Expression,3,0.5292637116425727,0.4616477211595294,0.5958224846602095,0.03443582007649258,825
full2,wdj_expression_lag1,-0.16666668057441703,Mixed Outcome,2,0.2586498966303077,0.21851410715497271,0.30329658258655234,0.02165533965077048,825
full2,wdj_expression_lag1,-0.16666668057441703,Contracts Expression,1,0.212889273300587,0.1623238543591357,0.27405302437793955,0.028507623289851073,825
full2,wdj_expression_lag1,-0.16666668057441703,Expands Expression,3,0.5284608300691066,0.46318398954839096,0.5927786293502592,0.033246821612421706,825
full2,wdj_expression_lag1,-0.13333334684371945,Mixed Outcome,2,0.2561311649837682,0.2176678679902233,0.2987953110258278,0.020718741144519288,825
full2,wdj_expression_lag1,-0.13333334684371945,Contracts Expression,1,0.21624851095436934,0.16674252944906723,0.27559151978669116,0.02777773940592211,825
full2,wdj_expression_lag1,-0.13333334684371945,Expands Expression,3,0.5276203240618628,0.4646621615756881,0.5897120597241944,0.03206841539171137,825
full2,wdj_expression_lag1,-0.10000001311302187,Mixed Outcome,2,0.2536161674129017,0.2167862921388389,0.29435152648302704,0.01980637175037594,825
full2,wdj_expression_lag1,-0.10000001311302187,Contracts Expression,1,0.21964178212364227,0.17121325644315144,0.2771871874252683,0.02704816503655273,825
full2,wdj_expression_lag1,-0.10000001311302187,Expands Expression,3,0.5267420504634557,0.4660781028528569,0.5866265735701475,0.030902570450696172,825
full2,wdj_expression_lag1,-0.06666667938232418,Mixed Outcome,2,0.25110510051931223,0.21586629663217932,0.28996916253169924,0.01891996668648919,825
full2,wdj_expression_lag1,-0.06666667938232418,Contracts Expression,1,0.22306902432069378,0.1757297458476903,0.2788467437186708,0.02632234647332831,825
full2,wdj_expression_lag1,-0.06666667938232418,Expands Expression,3,0.5258258751599929,0.46742699556384754,0.5835266963719469,0.02975161500320426,825
full2,wdj_expression_lag1,-0.03333334565162649,Mixed Outcome,2,0.24859816303710192,0.2149043501000918,0.28565258915654296,0.018061489977888433,825
full2,wdj_expression_lag1,-0.03333334565162649,Contracts Expression,1,0.22653016360539946,0.1802846523249594,0.28057787111603244,0.02560424034160633,825
full2,wdj_expression_lag1,-0.03333334565162649,Expands Expression,3,0.5248716733574973,0.46870321682735366,0.5804178048833936,0.028618298933651705,825
full2,wdj_expression_lag1,-1.1920928910669204e-08,Mixed Outcome,2,0.24609555581107684,0.21389641532661507,0.28140667004250286,0.017233163741067,825
full2,wdj_expression_lag1,-1.1920928910669204e-08,Contracts Expression,1,0.23002511432987469,0.18486944861081409,0.2823893393626767,0.02489837626131285,825
full2,wdj_expression_lag1,-1.1920928910669204e-08,Expands Expression,3,0.5238793298590491,0.4699001981048028,0.5773062697213639,0.027505866009402052,825
full2,wdj_expression_lag1,0.03333332180976867,Mixed Outcome,2,0.24359748177125645,0.21283789178111168,0.2772368198980333,0.016437497474449086,825
full2,wdj_expression_lag1,0.03333332180976867,Contracts Expression,1,0.23355377888658604,0.18947429877467975,0.28429112739363266,0.024209919905747394,825
full2,wdj_expression_lag1,0.03333332180976867,Expands Expression,3,0.522848739342158,0.4710102650881092,0.5741996175403312,0.026418136112394536,825
full2,wdj_expression_lag1,0.06666665554046636,Mixed Outcome,2,0.2411041459035127,0.21172356303293924,0.2731490569031196,0.015677314848674104,825
full2,wdj_expression_lag1,0.06666665554046636,Contracts Expression,1,0.23711604746058146,0.19408793991331338,0.2862945367764154,0.02354473184807872,825
full2,wdj_expression_lag1,0.06666665554046636,Expands Expression,3,0.5217798066359064,0.4720244593769343,0.5711067114745121,0.02535959683612005,825
full2,wdj_expression_lag1,0.09999998927116405,Mixed Outcome,2,0.23861575521617248,0.21054755674162923,0.26915004258908276,0.014955774069786395,825
full2,wdj_expression_lag1,0.09999998927116405,Contracts Expression,1,0.2407117977864713,0.19869758608726334,0.2884122829141288,0.02290941518306135,825
full2,wdj_expression_lag1,0.09999998927116405,Expands Expression,3,0.5206724469973569,0.47293234653439786,0.5680379452537682,0.024335502124706265,825
full2,wdj_expression_lag1,0.13333332300186163,Mixed Outcome,2,0.2361325187024253,0.20930332852376354,0.2652470978479439,0.014276376046218571,825
full2,wdj_expression_lag1,0.13333332300186163,Contracts Expression,1,0.24434089491086908,0.2032888740994146,0.2906585444315617,0.022311341962418567,825
full2,wdj_expression_lag1,0.13333332300186163,Expands Expression,3,0.519526586386706,0.4737218204350967,0.5650054410735919,0.02335197291848918,825
full2,wdj_expression_lag1,0.1666666567325592,Mixed Outcome,2,0.23365464729840266,0.20798368523936614,0.2614481795272279,0.013642952425361317,825
full2,wdj_expression_lag1,0.1666666567325592,Contracts Expression,1,0.2480031909609261,0.20784587705287452,0.2930489448299737,0.02175864525321483,825
full2,wdj_expression_lag1,0.1666666567325592,Expands Expression,3,0.5183421617406719,0.47437892191597697,0.5620232332020332,0.022416090644328326,825
full2,wdj_expression_lag1,0.1999999904632569,Mixed Outcome,2,0.23118235383678032,0.206580867451809,0.2577617978552618,0.013059623415972426,825
full2,wdj_expression_lag1,0.1999999904632569,Contracts Expression,1,0.2516985249196602,0.21235121723732658,0.29560043488678267,0.02126016076878634,825
full2,wdj_expression_lag1,0.1999999904632569,Expands Expression,3,0.5171191212435591,0.47488770116832446,0.5591074078776781,0.02153596856309348,825
full2,wdj_expression_lag1,0.23333332419395458,Mixed Outcome,2,0.22871585299579483,0.2050867136088477,0.2541968521482065,0.012530713886195036,825
full2,wdj_expression_lag1,0.23333332419395458,Contracts Expression,1,0.2554267224087305,0.21678631252192254,0.2983310416473675,0.02082530068041929,825
full2,wdj_expression_lag1,0.23333332419395458,Expands Expression,3,0.5158574245954751,0.4752301679766789,0.5562761553844738,0.020720778506643067,825
full2,wdj_expression_lag1,0.26666665792465216,Mixed Outcome,2,0.2262553612435581,0.20349292754118728,0.25076236320138207,0.0120606167113548,825
full2,wdj_expression_lag1,0.26666665792465216,Contracts Expression,1,0.25918759547934817,0.22113178677551573,0.3012594535166032,0.02046384407990791,825
full2,wdj_expression_lag1,0.26666665792465216,Expands Expression,3,0.5145570432770942,0.47538639011337047,0.553549673985215,0.019980702269743685,825
full2,wdj_expression_lag1,0.29999999165534974,Mixed Outcome,2,0.22380109677757262,0.2017914631250174,0.24746708851732077,0.011653596299330599,825
full2,wdj_expression_lag1,0.29999999165534974,Contracts Expression,1,0.262980942411972,0.22536806122690803,0.3044044245648408,0.020185635494171655,825
full2,wdj_expression_lag1,0.29999999165534974,Expands Expression,3,0.5132179608104552,0.47533481334866945,0.5509498522434624,0.019326770206190898,825
full2,wdj_expression_lag1,0.33333332538604754,Mixed Outcome,2,0.22135327945937472,0.19997502259663325,0.24431902388165383,0.011313534078280117,825
full2,wdj_expression_lag1,0.33333332538604754,Contracts Expression,1,0.26680654752546246,0.22947611757201572,0.3077840072719068,0.020000196153340827,825
full2,wdj_expression_lag1,0.33333332538604754,Expands Expression,3,0.5118401730151622,0.4750528780332366,0.5484996547658925,0.01877054879822771,825
full2,wdj_expression_lag1,0.3666666591167451,Mixed Outcome,2,0.2189121307442267,0.1980376375498447,0.24132482225490098,0.011043631742432109,825
full2,wdj_expression_lag1,0.3666666591167451,Contracts Expression,1,0.2706641809963306,0.23343838621132781,0.3114146603553331,0.01991627177905668,825
full2,wdj_expression_lag1,0.3666666591167451,Expands Expression,3,0.5104236882594444,0.4745179848256922,0.546222158780159,0.018323650358741537,825
full2,wdj_expression_lag1,0.3999999928474427,Mixed Outcome,2,0.21647787360581644,0.195975268497343,0.2384891940983059,0.010846104968895608,825
full2,wdj_expression_lag1,0.3999999928474427,Contracts Expression,1,0.2745535986887207,0.23723967139962293,0.31531031993231873,0.019941361851735364,825
full2,wdj_expression_lag1,0.3999999928474427,Expands Expression,3,0.5089685277054641,0.47370880438450114,0.54413924671604,0.017997067447254097,825
full2,wdj_expression_lag1,0.4333333265781403,Mixed Outcome,2,0.21405073245592768,0.19378633071264167,0.23581438141622704,0.010721914693904043,825
full2,wdj_expression_lag1,0.4333333265781403,Contracts Expression,1,0.27847454199576915,0.24086799264337733,0.3194815547112,0.020081291836061145,825
full2,wdj_expression_lag1,0.4333333265781403,Expands Expression,3,0.5074747255483036,0.47260683134091186,0.5422700544592939,0.017800382741662266,825
full2,wdj_expression_lag1,0.46666666030883786,Mixed Outcome,2,0.21163093305905264,0.1914720452592655,0.23329980660751978,0.01067058753854062,825
full2,wdj_expression_lag1,0.46666666030883786,Contracts Expression,1,0.28242673769291626,0.2443152137410466,0.32393493384897326,0.02033989386912946,825
full2,wdj_expression_lag1,0.46666666030883786,Expands Expression,3,0.5059423292480312,0.47119797210765046,0.5406293857088896,0.017740961566470093,825
full2,wdj_expression_lag1,0.49999999403953566,Mixed Outcome,2,0.20921870244196064,0.18903653541539692,0.2309419759171937,0.010690166112102575,825
full2,wdj_expression_lag1,0.49999999403953566,Contracts Expression,1,0.28640989780378623,0.247577357011291,0.3286727099615014,0.020718848062835957,825
full2,wdj_expression_lag1,0.49999999403953566,Expands Expression,3,0.5043713997542536,0.4694738745804451,0.5392263843651566,0.01782327582728783,825
full2,wdj_expression_lag1,0.5333333277702332,Mixed Outcome,2,0.20681426879821885,0.18648663873084806,0.2287346672506345,0.010777304400128668,825
full2,wdj_expression_lag1,0.5333333277702332,Contracts Expression,1,0.2904237194791904,0.25065455700459344,0.33369286302233475,0.021217707625889638,825
full2,wdj_expression_lag1,0.5333333277702332,Expands Expression,3,0.5027620117225912,0.46743270888358146,0.5380637557816852,0.018048507551171277,825
full2,wdj_expression_lag1,0.5666666615009308,Mixed Outcome,2,0.20441786138771617,0.1838314675012354,0.2266693695651966,0.010927491532221001,825
full2,wdj_expression_lag1,0.5666666615009308,Contracts Expression,1,0.2944678848898121,0.25355067799322123,0.338989480885957,0.021834095322501263,825
full2,wdj_expression_lag1,0.5666666615009308,Expands Expression,3,0.5011142537224723,0.4650792168212331,0.5371377192026108,0.018414524924304856,825
full2,wdj_expression_lag1,0.5999999952316286,Mixed Outcome,2,0.20202971043122445,0.18108180194334417,0.22473588955453716,0.011135360946249595,825
full2,wdj_expression_lag1,0.5999999952316286,Contracts Expression,1,0.2985420611330833,0.25627267934784503,0.344553392357852,0.022564028304654413,825
full2,wdj_expression_lag1,0.5999999952316286,Expands Expression,3,0.49942822843569207,0.46242403146153727,0.5364386899412774,0.018916230049763293,825
full2,wdj_expression_lag1,0.6333333289623262,Mixed Outcome,2,0.19965004700007374,0.1782494230172266,0.22292301867986072,0.011395030397666272,825
full2,wdj_expression_lag1,0.6333333289623262,Contracts Expression,1,0.3026459001547647,0.2588298447541274,0.3503729368859795,0.023402312145317967,825
full2,wdj_expression_lag1,0.6333333289623262,Expands Expression,3,0.4977040528451612,0.4594824489912015,0.5359525091450638,0.019546185544489884,825
full2,wdj_expression_lag1,0.6666666626930238,Mixed Outcome,2,0.1972791029010185,0.17534648264543087,0.2212191627974547,0.011700422947305092,825
full2,wdj_expression_lag1,0.6666666626930238,Contracts Expression,1,0.306779038685687,0.26123299054065274,0.3564347556308839,0.024342945280346237,825
full2,wdj_expression_lag1,0.6666666626930238,Expands Expression,3,0.495941858413294,0.4562729371357977,0.5356619368335341,0.020295375046447666,825
full2,wdj_expression_lag1,0.6999999964237213,Mixed Outcome,2,0.1949171105564042,0.17238497849400214,0.21961286721756976,0.012045534659967374,825
full2,wdj_expression_lag1,0.6999999964237213,Contracts Expression,1,0.31094109819410715,0.26349374326632985,0.3627245137917215,0.025379487905255488,825
full2,wdj_expression_lag1,0.6999999964237213,Expands Expression,3,0.4941417912494885,0.4528156614456676,0.5355481268921904,0.021153954263938252,825
full2,wdj_expression_lag1,0.7333333301544189,Mixed Outcome,2,0.19256430287974835,0.16937636393651487,0.21809320657344547,0.012424633386394653,825
full2,wdj_expression_lag1,0.7333333301544189,Contracts Expression,1,0.3151316848540776,0.2656239409515975,0.3692274998279483,0.026505367629398226,825
full2,wdj_expression_lag1,0.7333333301544189,Expands Expression,3,0.49230401226617465,0.4491312305369071,0.5355918829145809,0.022111890116454338,825
full2,wdj_expression_lag1,0.7666666638851167,Mixed Outcome,2,0.1902209131468724,0.16633129340692876,0.21665003929460588,0.01283238851680362,825
full2,wdj_expression_lag1,0.7666666638851167,Contracts Expression,1,0.31935038953021755,0.26763517832051414,0.3759290812307859,0.027714111545742416,825
full2,wdj_expression_lag1,0.7666666638851167,Expands Expression,3,0.4904286973229101,0.44523975598389715,0.5357745991786689,0.023159439256428552,825
full2,wdj_expression_lag1,0.7999999976158143,Mixed Outcome,2,0.18788717486274134,0.1632594843312022,0.215274145494649,0.013263941295297768,825
full2,wdj_expression_lag1,0.7999999976158143,Contracts Expression,1,0.3235967877792263,0.26953849120496043,0.3828150217127971,0.028999507234296666,825
full2,wdj_expression_lag1,0.7999999976158143,Expands Expression,3,0.4885160373580327,0.44116023412334754,0.5360788794802103,0.02428746234091185,825
full2,wdj_expression_lag1,0.8333333313465119,Mixed Outcome,2,0.18556332162417233,0.160169668798544,0.21395727511291204,0.01371492938116502,825
full2,wdj_expression_lag1,0.8333333313465119,Contracts Expression,1,0.32787043986844894,0.27134416058875277,0.38987167935347694,0.030355702695150533,825
full2,wdj_expression_lag1,0.8333333313465119,Expands Expression,3,0.4865662385073784,0.43691020334487457,0.536488880231291,0.025487597774841424,825
full2,wdj_expression_lag1,0.8666666650772097,Mixed Outcome,2,0.18324958697860372,0.1570696078756749,0.2126921334068496,0.014181479475269591,825
full2,wdj_expression_lag1,0.8666666650772097,Contracts Expression,1,0.33217089081178075,0.2730616109545427,0.3970861110507328,0.03177725816538991,825
full2,wdj_expression_lag1,0.8666666650772097,Expands Expression,3,0.48457952220961625,0.4325056094499348,0.5369904452260437,0.026752329330076905,825
full2,wdj_expression_lag1,0.8999999988079073,Mixed Outcome,2,0.18094620427912084,0.15396614539568165,0.21147232696411175,0.014660179826723272,825
full2,wdj_expression_lag1,0.8999999988079073,Contracts Expression,1,0.33649767042313156,0.2746993777242966,0.40444610849759555,0.033259162701527345,825
full2,wdj_expression_lag1,0.8999999988079073,Expands Expression,3,0.48255612529774755,0.42796081247260775,0.5375710986647327,0.028074981612348327,825
full2,wdj_expression_lag1,0.9333333325386048,Mixed Outcome,2,0.17865340653595563,0.1508652834441332,0.2102922880120018,0.015148041685500293,825
full2,wdj_expression_lag1,0.9333333325386048,Contracts Expression,1,0.3408502933876752,0.2762651219086886,0.4119401875738697,0.03479682670636768,825
full2,wdj_expression_lag1,0.9333333325386048,Expands Expression,3,0.4804963000763704,0.42328867985532376,0.5382199515287559,0.02944967147166891,825
full2,wdj_expression_lag1,0.9666666662693024,Mixed Outcome,2,0.1763714262646818,0.14777226699486198,0.20914718957261952,0.01564245609949662,825
full2,wdj_expression_lag1,0.9666666662693024,Contracts Expression,1,0.34522825935103374,0.27776567456289136,0.4195575485579022,0.03638605928824521,825
full2,wdj_expression_lag1,0.9666666662693024,Expands Expression,3,0.4784003143842848,0.41850072523905985,0.5389275620338907,0.030871236118661483,825
full2,wdj_expression_lag1,1.0,Mixed Outcome,2,0.17410049533135544,0.144691669487673,0.20803285967208768,0.016141150241127552,825
full2,wdj_expression_lag1,1.0,Contracts Expression,1,0.34963105302652303,0.2792070981081519,0.42728802009655326,0.03802303706045716,825
full2,wdj_expression_lag1,1.0,Expands Expression,3,0.4762684516421226,0.41360726526963437,0.5396857777483998,0.03233515200436498,825
full3,court_independence_lag1,-2.684999942779541,Mixed Outcome,2,0.05576733141827148,0.01616536812622394,0.17511774299610394,0.0343730375656879,825
full3,court_independence_lag1,-2.684999942779541,Contracts Expression,1,0.8631870954215857,0.7139667455798535,0.9409944622638666,0.05587260708443112,825
full3,court_independence_lag1,-2.684999942779541,Expands Expression,3,0.0810455731601415,0.03839114590082364,0.1630552590056059,0.030116544826703194,825
full3,court_independence_lag1,-2.5639799451828003,Mixed Outcome,2,0.059358272308115266,0.017938851481352484,0.17898241971858056,0.035316598900253335,825
full3,court_independence_lag1,-2.5639799451828003,Contracts Expression,1,0.8529089136328227,0.703008616210226,0.9342285611211707,0.05734786824523491,825
full3,court_independence_lag1,-2.5639799451828003,Expands Expression,3,0.08773281405906229,0.0429595594570634,0.17083975953867872,0.031114457140336185,825
full3,court_independence_lag1,-2.4429599475860595,Mixed Outcome,2,0.0631155480794835,0.019882523791092593,0.18282044686947996,0.036211110564598324,825
full3,court_independence_lag1,-2.4429599475860595,Contracts Expression,1,0.8420298173000909,0.6917809105727534,0.9267876139424335,0.05870104694927769,825
full3,court_independence_lag1,-2.4429599475860595,Expands Expression,3,0.09485463462042598,0.04799904019528845,0.17885636862203438,0.032049649746254405,825
full3,court_independence_lag1,-2.3219399499893187,Mixed Outcome,2,0.06703865687877525,0.02200811789039351,0.18662383111563202,0.03704857027435212,825
full3,court_independence_lag1,-2.3219399499893187,Contracts Expression,1,0.8305383226399724,0.6802878319855905,0.9186242348930284,0.059914591082383166,825
full3,court_independence_lag1,-2.3219399499893187,Expands Expression,3,0.10242302048125275,0.053543467365710556,0.18710324457088412,0.0329107606751203,825
full3,court_independence_lag1,-2.200919952392578,Mixed Outcome,2,0.07112599866612031,0.0243273715427818,0.19038425141393617,0.03782089636013165,825
full3,court_independence_lag1,-2.200919952392578,Contracts Expression,1,0.8184258351043766,0.66853441016978,0.9096914481560057,0.06097122376874473,825
full3,court_independence_lag1,-2.200919952392578,Expands Expression,3,0.11044816622950246,0.05962640534657109,0.1955780859552159,0.033686481168566186,825
full3,court_independence_lag1,-2.0798999547958372,Mixed Outcome,2,0.0753747911244602,0.026851874912127285,0.1940930625924372,0.03852002113259989,825
full3,court_independence_lag1,-2.0798999547958372,Contracts Expression,1,0.8056869859917126,0.6565265424109699,0.89994347444919,0.06185426000983566,825
full3,court_independence_lag1,-2.0798999547958372,Expands Expression,3,0.11893822288382656,0.06628053795172081,0.20427812116532978,0.03436576291386834,825
full3,court_independence_lag1,-1.9588799571990967,Mixed Outcome,2,0.07978099391880629,0.02959289793527039,0.1977413028173702,0.03913799112680195,825
full3,court_independence_lag1,-1.9588799571990967,Contracts Expression,1,0.7923199516075708,0.6442710298000656,0.8893366242278566,0.06254794198467738,825
full3,court_independence_lag1,-1.9588799571990967,Expands Expression,3,0.12789905447362301,0.07353703469009136,0.21320009807682425,0.03493803924924913,825
full3,court_independence_lag1,-1.8378599596023562,Mixed Outcome,2,0.08433924350677331,0.03256119855373391,0.20131970609758695,0.03966707261415273,825
full3,court_independence_lag1,-1.8378599596023562,Contracts Expression,1,0.7783267469821353,0.6317756054157677,0.8778302914884286,0.06303778619055292,825
full3,court_independence_lag1,-1.8378599596023562,Expands Expression,3,0.13733400951109162,0.08142485660810282,0.2223402754985193,0.03539345560824511,825
full3,court_independence_lag1,-1.7168399620056154,Mixed Outcome,2,0.08904280067944739,0.03576681347818418,0.20481872100234905,0.04009986052545592,825
full3,court_independence_lag1,-1.7168399620056154,Contracts Expression,1,0.7637134860858612,0.6190489509235176,0.8653880374436979,0.06331093474867697,825
full3,court_independence_lag1,-1.7168399620056154,Expands Expression,3,0.14724371323469135,0.08997001278740599,0.2316944185317698,0.035723103870624,825
full3,court_independence_lag1,-1.5958199644088746,Mixed Outcome,2,0.09388351293099373,0.039218833932875355,0.20822853675308425,0.0404293887303761,825
full3,court_independence_lag1,-1.5958199644088746,Contracts Expression,1,0.7484906006726966,0.6061006977397886,0.851978748288553,0.06335650261394324,825
full3,court_independence_lag1,-1.5958199644088746,Expands Expression,3,0.15762588639630887,0.09919478200063009,0.2412578004147662,0.03591925491289642,825
full3,court_independence_lag1,-1.4747999668121339,Mixed Outcome,2,0.09885179361444064,0.04292516963632026,0.2115391177948079,0.04064923947894938,825
full3,court_independence_lag1,-1.4747999668121339,Contracts Expression,1,0.7326730103320578,0.5929414086526278,0.8375778460062738,0.06316591216398625,825
full3,court_independence_lag1,-1.4747999668121339,Expands Expression,3,0.16847519605350303,0.10911691721774833,0.2510252138735353,0.03597558355274297,825
full3,court_independence_lag1,-1.3537799692153931,Mixed Outcome,2,0.1039366196396913,0.04689230508712292,0.21474024787004234,0.040753649740940395,825
full3,court_independence_lag1,-1.3537799692153931,Contracts Expression,1,0.716280237044916,0.5795825355930496,0.8221685259248857,0.06273320673969485,825
full3,court_independence_lag1,-1.3537799692153931,Expands Expression,3,0.1797831433153933,0.11974885333697093,0.26099099547924437,0.035887380303379963,825
full3,court_independence_lag1,-1.2327599716186524,Mixed Outcome,2,0.10912554920946725,0.05112505299732759,0.21782158452903633,0.04073761219239343,825
full3,court_independence_lag1,-1.2327599716186524,Contracts Expression,1,0.6993364585005778,0.5660363491003033,0.8057429898202914,0.062055335190897176,825
full3,court_independence_lag1,-1.2327599716186524,Expands Expression,3,0.19153799228995538,0.13109694040706485,0.27114906704015723,0.03565174492296363,825
full3,court_independence_lag1,-1.1117399740219116,Mixed Outcome,2,0.11440476077231113,0.05562631039639761,0.2207727249353925,0.04059696870752317,825
full3,court_independence_lag1,-1.1117399740219116,Contracts Expression,1,0.681870495610989,0.5523158348994195,0.7883036391164896,0.061132400349863586,825
full3,court_independence_lag1,-1.1117399740219116,Expands Expression,3,0.2037247436167009,0.1431607254219921,0.2814929986919191,0.03526775768256869,825
full3,court_independence_lag1,-0.9907199764251711,Mixed Outcome,2,0.11975911400270683,0.06039682344690228,0.2235832838045445,0.040328494434460155,825
full3,court_independence_lag1,-0.9907199764251711,Contracts Expression,1,0.6639157310207942,0.5384345528713377,0.7698641895326622,0.05996786560308264,825
full3,court_independence_lag1,-0.9907199764251711,Expands Expression,3,0.21632515497650012,0.15593230523659501,0.29201609914952376,0.034736625589945,825
full3,court_independence_lag1,-0.8696999788284303,Mixed Outcome,2,0.12517223320140775,0.06543496728143647,0.2262429843883446,0.03992997088391375,825
full3,court_independence_lag1,-0.8696999788284303,Contracts Expression,1,0.6455099569077297,0.5244064535065935,0.7504506667627839,0.05856871533111551,825
full3,court_independence_lag1,-0.8696999788284303,Expands Expression,3,0.2293178098908622,0.1693957710389778,0.3027115396335958,0.03406180249602722,825
full3,court_independence_lag1,-0.7486799812316896,Mixed Outcome,2,0.13062661304970066,0.07073654708510431,0.22874176364326287,0.03940024696206035,825
full3,court_independence_lag1,-0.7486799812316896,Contracts Expression,1,0.6266951519495632,0.5102456466564198,0.7301022428274786,0.05694556689547078,825
full3,court_independence_lag1,-0.7486799812316896,Expands Expression,3,0.24267823500073718,0.18352676094309123,0.3135725193830262,0.033249084072074823,825
full3,court_independence_lag1,-0.627659983634949,Mixed Outcome,2,0.13610374615611376,0.0762946260816207,0.2310698931662029,0.0387392875632148,825
full3,court_independence_lag1,-0.627659983634949,Contracts Expression,1,0.6075171889506161,0.49596611700090126,0.7088718749539804,0.05511273401644353,825
full3,court_independence_lag1,-0.627659983634949,Expands Expression,3,0.2563790648932711,0.19829213153720776,0.3245924825184875,0.03230668106508382,825
full3,court_independence_lag1,-0.5066399860382083,Mixed Outcome,2,0.14158427131117016,0.08209938488629903,0.23321811823474098,0.037948210240595574,825
full3,court_independence_lag1,-0.5066399860382083,Contracts Expression,1,0.5880254762258151,0.4815813801744387,0.6868267134536906,0.05308824372060764,825
full3,court_independence_lag1,-0.5066399860382083,Expands Expression,3,0.2703902524630147,0.2136497516753545,0.3357653983856826,0.031245276980600607,825
full3,court_independence_lag1,-0.3856199884414675,Mixed Outcome,2,0.14704814082539283,0.08813801469012553,0.2351778184670861,0.03702931164652126,825
full3,court_independence_lag1,-0.3856199884414675,Contracts Expression,1,0.568272537391293,0.4671040731005507,0.6640482520903424,0.05089381138435876,825
full3,court_independence_lag1,-0.3856199884414675,Expands Expression,3,0.2846793217833136,0.22954841266148443,0.34708612033863634,0.030078079316544912,825
full3,court_independence_lag1,-0.26459999084472674,Mixed Outcome,2,0.15247480478102882,0.09439464372305283,0.23694119538999342,0.03598608695124521,825
full3,court_independence_lag1,-0.26459999084472674,Contracts Expression,1,0.5483135356723016,0.4525454721758309,0.6406322035425247,0.048554780501683346,825
full3,court_independence_lag1,-0.26459999084472674,Expands Expression,3,0.2992116595466695,0.2459278388925972,0.35855084083679956,0.028820876426238314,825
full3,court_independence_lag1,-0.14357999324798598,Mixed Outcome,2,0.15784340949516962,0.10085029214157329,0.23850149481772118,0.034823247424171866,825
full3,court_independence_lag1,-0.14357999324798598,Contracts Expression,1,0.5282057501817171,0.4379149344758894,0.6166880927139086,0.04610003511132488,825
full3,court_independence_lag1,-0.14357999324798598,Expands Expression,3,0.31395084032311354,0.26271877337501826,0.37015766268023925,0.027492114441586238,825
full3,court_independence_lag1,-0.022559995651245224,Mixed Outcome,2,0.1631330069908783,0.10748284451899368,0.23985327579673185,0.03354674397341768,825
full3,court_independence_lag1,-0.022559995651245224,Contracts Expression,1,0.5080080128199365,0.4232192619292235,0.5923385697411605,0.0435618923612121,825
full3,court_independence_lag1,-0.022559995651245224,Expands Expression,3,0.328858980189184,0.2798431061634304,0.38190730471492224,0.026113009136451773,825
full3,court_independence_lag1,0.09846000194549553,Mixed Outcome,2,0.16832277182641261,0.1142670209293612,0.24099274357476297,0.032163807979761865,825
full3,court_independence_lag1,0.09846000194549553,Contracts Expression,1,0.48778011547540334,0.4084619999052461,0.567718448590158,0.040975978634219305,825
full3,court_independence_lag1,0.09846000194549553,Expands Expression,3,0.3438971126981845,0.2972140162433025,0.39380395027253706,0.024707703507575902,825
full3,court_independence_lag1,0.2194799995422363,Mixed Outcome,2,0.17339222126533763,0.12117431632243422,0.24191817260826218,0.03068302570884218,825
full3,court_independence_lag1,0.2194799995422363,Contracts Expression,1,0.4675821980395463,0.39364270588524103,0.5429734693417119,0.03838108188881363,825
full3,court_independence_lag1,0.2194799995422363,Expands Expression,3,0.35902558069511425,0.3147361188931426,0.40585621818509304,0.02330346818185565,825
full3,court_independence_lag1,0.34049999713897705,Mixed Outcome,2,0.1783214345071624,0.12817286205904782,0.24263045861539526,0.02911446971861886,825
full3,court_independence_lag1,0.34049999713897705,Contracts Expression,1,0.4474741283636297,0.37875627050265076,0.5182587519674288,0.035818950373429796,825
full3,court_independence_lag1,0.34049999713897705,Expands Expression,3,0.37420443712920737,0.3323056682375257,0.41807817274270753,0.021930909984925008,825
full3,court_independence_lag1,0.4615199947357178,Mixed Outcome,2,0.1830912665618611,0.13522714081225962,0.24313385861272233,0.027469921240200486,825
full3,court_independence_lag1,0.4615199947357178,Contracts Expression,1,0.4275148856482828,0.3637924557108613,0.493736841933167,0.03333396669941284,825
full3,court_independence_lag1,0.4615199947357178,Expands Expression,3,0.3893938477898565,0.34981098277771333,0.43049016659315564,0.02062409192874278,825
full3,court_independence_lag1,0.5825399923324581,Mixed Outcome,2,0.18768355236014206,0.14229745298099664,0.24343700851582703,0.025763233395365147,825
full3,court_independence_lag1,0.5825399923324581,Contracts Expression,1,0.4077619588398692,0.34873594651275863,0.46957512872399504,0.030972559492760607,825
full3,court_independence_lag1,0.5825399923324581,Expands Expression,3,0.40455448879998873,0.3671334625344377,0.4431191072719476,0.019420364207123366,825
full3,court_independence_lag1,0.7035599899291989,Mixed Outcome,2,0.19208129685527828,0.14933898429275125,0.2435543544644051,0.024010908968087635,825
full3,court_independence_lag1,0.7035599899291989,Contracts Expression,1,0.38827077138417626,0.33356739253730366,0.44594224718293723,0.02878212291088157,825
full3,court_independence_lag1,0.7035599899291989,Expands Expression,3,0.41964793176054493,0.38414983697754357,0.45599746711462524,0.018359567256459805,825
full3,court_independence_lag1,0.8245799875259396,Mixed Outcome,2,0.1962688471929356,0.156300254904861,0.24350820221167035,0.022233001147776533,825
full3,court_independence_lag1,0.8245799875259396,Contracts Expression,1,0.36909414313898775,0.3182660936920017,0.4230028974994703,0.026809122686630875,825
full3,court_independence_lag1,0.8245799875259396,Expands Expression,3,0.43463700966807667,0.4007365006365064,0.4691601403533759,0.01748215701719865,825
full3,court_independence_lag1,0.9455999851226804,Mixed Outcome,2,0.2002320434934998,0.16312063952935604,0.2433316793364173,0.020454491539069836,825
full3,court_independence_lag1,0.9455999851226804,Contracts Expression,1,0.35028179936713305,0.30281500655239696,0.40091049577284277,0.025096054444678707,825
full3,court_independence_lag1,0.9455999851226804,Expands Expression,3,0.4494861571393669,0.41677664130629344,0.48263840706181893,0.016825880785842393,825
full3,court_independence_lag1,1.0666199827194212,Mixed Outcome,2,0.2039583453873206,0.16972655987666727,0.2430729937648562,0.01870734460001359,825
full3,court_independence_lag1,1.0666199827194212,Contracts Expression,1,0.33187993553331796,0.287208330974339,0.37979747730140195,0.02367713103090137,825
full3,court_independence_lag1,1.0666199827194212,Expands Expression,3,0.46416171907936193,0.43216990542538986,0.49645122971598055,0.016421123193130292,825
full3,court_independence_lag1,1.187639980316162,Mixed Outcome,2,0.20743693213837722,0.17602597213021998,0.2428013520011827,0.01703342691140973,825
full3,court_independence_lag1,1.187639980316162,Contracts Expression,1,0.31393084514384867,0.2714608052964098,0.35976419388044156,0.02257315109072292,825
full3,court_independence_lag1,1.187639980316162,Expands Expression,3,0.4786322227177727,0.44684251530982194,0.5105959452948161,0.016285977194389716,825
full3,court_independence_lag1,1.3086599779129027,Mixed Outcome,2,0.21065877495092233,0.1819012404385206,0.24261443423716586,0.015488241252095544,825
full3,court_independence_lag1,1.3086599779129027,Contracts Expression,1,0.2964726161517552,0.2556161677402516,0.34086900107633106,0.02178685310661381,825
full3,court_independence_lag1,1.3086599779129027,Expands Expression,3,0.4928686088973232,0.460754104495884,0.5250420725065392,0.016422938606316075,825
full3,court_independence_lag1,1.429679975509643,Mixed Outcome,2,0.21361668083816218,0.1872022242049751,0.24264558930918803,0.014144540125078627,825
full3,court_independence_lag1,1.429679975509643,Contracts Expression,1,0.27953889957120903,0.2397511006055436,0.32312325363594835,0.021300642544196318,825
full3,court_independence_lag1,1.429679975509643,Expands Expression,3,0.506844419590629,0.4738979343435686,0.539731565420713,0.016818923953393017,825
full3,court_independence_lag1,1.5506999731063837,Mixed Outcome,2,0.2163053082038079,0.19174566773168517,0.24306465462726867,0.01309271052256824,825
full3,court_independence_lag1,1.5506999731063837,Contracts Expression,1,0.26315875198785116,0.22397184483717916,0.30649403622016175,0.021078137674937956,825
full3,court_independence_lag1,1.5506999731063837,Expands Expression,3,0.5205359398083402,0.48629414853095604,0.5545858596308233,0.017448788483338782,825
full3,court_independence_lag1,1.6717199707031245,Mixed Outcome,2,0.2187211550117276,0.19533314397405194,0.24406014605366955,0.012431678150586212,825
full3,court_independence_lag1,1.6717199707031245,Contracts Expression,1,0.24735655170356427,0.20840374180215063,0.2909143678254881,0.021069414589541598,825
full3,court_independence_lag1,1.6717199707031245,Expands Expression,3,0.5339222932847089,0.4979791265142322,0.5695166600964652,0.018280788045373236,825
full3,court_independence_lag1,1.7927399682998653,Mixed Outcome,2,0.2208625210676521,0.19779857845437057,0.24579179139276106,0.012244704768691031,825
full3,court_independence_lag1,1.7927399682998653,Contracts Expression,1,0.2321519864011114,0.19317719307403042,0.2762973665958933,0.021218178889315407,825
full3,court_independence_lag1,1.7927399682998653,Expands Expression,3,0.5469854925312357,0.508995085751521,0.5844363372278712,0.019281875157550168,825
full3,court_independence_lag1,1.913759965896606,Mixed Outcome,2,0.22272944648933166,0.19907125011142918,0.2483275131514377,0.012567271678086325,825
full3,court_independence_lag1,1.913759965896606,Contracts Expression,1,0.21756010853181185,0.17841452688075296,0.2625498491462661,0.02146857514269541,825
full3,court_independence_lag1,1.913759965896606,Expands Expression,3,0.5597104449788568,0.5193826335091745,0.5992652512319866,0.020421459193258946,825
full3,court_independence_lag1,2.0347799634933468,Mixed Outcome,2,0.2243236288854825,0.19920639451836475,0.25161273992901445,0.013371470102123775,825
full3,court_independence_lag1,2.0347799634933468,Contracts Expression,1,0.2035914531787024,0.1642207661257289,0.2495823212390565,0.02177009822267043,825
full3,court_independence_lag1,2.0347799634933468,Expands Expression,3,0.5720849179358154,0.5291768334633542,0.6139354630058346,0.021673349522361232,825
full3,court_independence_lag1,2.1557999610900875,Mixed Outcome,2,0.2256483220946581,0.19835367609922225,0.255501786502347,0.014582063811403393,825
full3,court_independence_lag1,2.1557999610900875,Contracts Expression,1,0.19025221197079148,0.15067899124393377,0.23731461126692985,0.02208023725980772,825
full3,court_independence_lag1,2.1557999610900875,Expands Expression,3,0.5840994659345499,0.5384060214142483,0.6283916216191832,0.02301627854179196,825
full3,court_independence_lag1,2.2768199586868283,Mixed Outcome,2,0.22670821955474746,0.1966950474161967,0.25981979265480654,0.016108143727192593,825
full3,court_independence_lag1,2.2768199586868283,Contracts Expression,1,0.17754445574368055,0.1378494242843013,0.22567796172362536,0.022365277901653595,825
full3,court_independence_lag1,2.2768199586868283,Expands Expression,3,0.5957473247015714,0.5470922718259016,0.6425901502584913,0.024433570406065565,825
full3,court_independence_lag1,2.397839956283569,Mixed Outcome,2,0.22750932548853914,0.19439860792919017,0.26440861741420885,0.01786659862227271,825
full3,court_independence_lag1,2.397839956283569,Contracts Expression,1,0.1654663980625614,0.12577087383296756,0.21461488097783102,0.022599935748677982,825
full3,court_independence_lag1,2.397839956283569,Expands Expression,3,0.6070242764488997,0.5552526245055313,0.6564976427772253,0.02591241464495864,825
full3,court_independence_lag1,2.51885995388031,Mixed Outcome,2,0.22805881711026266,0.1916011151710679,0.2691440453228115,0.019790953879887458,825
full3,court_independence_lag1,2.51885995388031,Contracts Expression,1,0.15401269143426533,0.11446336450876565,0.2040778767969297,0.022766401138912682,825
full3,court_independence_lag1,2.51885995388031,Expands Expression,3,0.6179284914554718,0.5629005117120925,0.6700890488996989,0.027443034308379653,825
full3,court_independence_lag1,2.6398799514770506,Mixed Outcome,2,0.2283649009931146,0.18840822395663137,0.2739352387873665,0.021831158034742268,825
full3,court_independence_lag1,2.6398799514770506,Contracts Expression,1,0.14317474801262187,0.10393116363244612,0.19402780963237617,0.02285317970697837,825
full3,court_independence_lag1,2.6398799514770506,Expands Expression,3,0.6284603509942646,0.5700470927695009,0.6833459556093778,0.029017901444755335,825
full3,court_independence_lag1,2.7608999490737913,Mixed Outcome,2,0.22843666660005219,0.18490080819572993,0.2787180913614154,0.02395026282563863,825
full3,court_independence_lag1,2.7608999490737913,Contracts Expression,1,0.1329410768145965,0.09416576185310248,0.18443226639527247,0.022853940851287242,825
full3,court_independence_lag1,2.7608999490737913,Expands Expression,3,0.6386222565853515,0.576702371330694,0.6962551002221263,0.030631066213871877,825
full3,court_independence_lag1,2.881919946670532,Mixed Outcome,2,0.22828393978083372,0.181141622843311,0.28344823332231306,0.026120929558292826,825
full3,court_independence_lag1,2.881919946670532,Contracts Expression,1,0.12329762987747939,0.08514859607127348,0.1752641315855306,0.02276647156968724,825
full3,court_independence_lag1,2.881919946670532,Expands Expression,3,0.6484184303416866,0.5828760619682031,0.7088071552654357,0.03227761848229818,825
full3,court_independence_lag1,3.002939944267273,Mixed Outcome,2,0.2279171387885511,0.17718056109396269,0.2880954425782795,0.02832265431800991,825
full3,court_independence_lag1,3.002939944267273,Contracts Expression,1,0.11422815036176392,0.07685343621395435,0.16650040732386392,0.022591768472419192,825
full3,court_independence_lag1,3.002939944267273,Expands Expression,3,0.6578547108496845,0.5885782171650658,0.7209957774224486,0.033953277393011135,825
full3,court_independence_lag1,3.1239599418640136,Mixed Outcome,2,0.2273471350794838,0.1730583894914619,0.2926395854578013,0.03053977374791332,825
full3,court_independence_lag1,3.1239599418640136,Contracts Expression,1,0.1057145163022794,0.06924842553884157,0.15812127336657245,0.022333269006342246,825
full3,court_independence_lag1,3.1239599418640136,Expands Expression,3,0.6669383486182366,0.593819644543961,0.7328168911564905,0.035654094215798085,825
full3,court_independence_lag1,3.2449799394607544,Mixed Outcome,2,0.2265851208417772,0.1688092886754501,0.29706776584706535,0.032760085690461876,825
full3,court_independence_lag1,3.2449799394607544,Contracts Expression,1,0.09773707449505659,0.06229779505638094,0.15010935432766834,0.021996209695492777,825
full3,court_independence_lag1,3.2449799394607544,Expands Expression,3,0.6756778046631673,0.5986121500787034,0.7442681695479837,0.037376250281744204,825
full3,court_independence_lag1,3.365999937057495,Mixed Outcome,2,0.22564248486184735,0.16446255369670845,0.30137233383254836,0.03497390529202901,825
full3,court_independence_lag1,3.365999937057495,Contracts Expression,1,0.0902749598451213,0.05596328434869579,0.142449155865958,0.021587095294134634,825
full3,court_independence_lag1,3.365999937057495,Expands Expression,3,0.6840825552930325,0.6029686428594541,0.755348673610478,0.03911593153783654,825
full3,v2jupurge_lag1,-2.7739999294281006,Mixed Outcome,2,0.10617860898422551,0.042343221569920646,0.24193766451968873,0.04785502080949797,825
full3,v2jupurge_lag1,-2.7739999294281006,Contracts Expression,1,0.24724671197600598,0.08903923337585876,0.5246602269600609,0.11509685771634945,825
full3,v2jupurge_lag1,-2.7739999294281006,Expands Expression,3,0.6465746790397703,0.4145715846247682,0.8253655212122635,0.11065906225683808,825
full3,v2jupurge_lag1,-2.6591799306869506,Mixed Outcome,2,0.10833927367854446,0.04426496345993096,0.2417060625714991,0.04753635285216666,825
full3,v2jupurge_lag1,-2.6591799306869506,Contracts Expression,1,0.24805626085204188,0.0921133449028857,0.5175147952743023,0.1122110948957996,825
full3,v2jupurge_lag1,-2.6591799306869506,Expands Expression,3,0.6436044654694135,0.4180342654012087,0.8194956985953725,0.10789043734414407,825
full3,v2jupurge_lag1,-2.5443599319458006,Mixed Outcome,2,0.11053623158938794,0.04626870929778476,0.24147042651604778,0.04718550025139527,825
full3,v2jupurge_lag1,-2.5443599319458006,Contracts Expression,1,0.24885481758895217,0.09527402490617172,0.5103526004698488,0.1093104400175847,825
full3,v2jupurge_lag1,-2.5443599319458006,Expands Expression,3,0.6406089508216606,0.42144336059672943,0.813492816059818,0.10511552749615041,825
full3,v2jupurge_lag1,-2.429539933204651,Mixed Outcome,2,0.11276981269088475,0.04835747269827221,0.2412309185473835,0.04680171920154677,825
full3,v2jupurge_lag1,-2.429539933204651,Contracts Expression,1,0.24964209784346375,0.09852242375352797,0.5031766996979703,0.10639536216791978,825
full3,v2jupurge_lag1,-2.429539933204651,Expands Expression,3,0.6375880894656513,0.4247976145584836,0.8073576065633863,0.10233503725363861,825
full3,v2jupurge_lag1,-2.314719934463501,Mixed Outcome,2,0.11504033963298413,0.050534330244653564,0.24098772138236366,0.04638427730129211,825
full3,v2jupurge_lag1,-2.314719934463501,Contracts Expression,1,0.2504178158264656,0.10185960142408063,0.4959902456437808,0.10346636280627869,825
full3,v2jupurge_lag1,-2.314719934463501,Expands Expression,3,0.6345418445405493,0.42809578128512416,0.8010910554409032,0.0995497013658352,825
full3,v2jupurge_lag1,-2.199899935722351,Mixed Outcome,2,0.11734812731201712,0.05280241725976294,0.24074104104187205,0.04593245599382236,825
full3,v2jupurge_lag1,-2.199899935722351,Contracts Expression,1,0.25118168444266636,0.10528651453424277,0.4887964918378138,0.10052398002968783,825
full3,v2jupurge_lag1,-2.199899935722351,Expands Expression,3,0.6314701882453174,0.4313366179926375,0.7946944118697564,0.09676028792118771,825
full3,v2jupurge_lag1,-2.0850799369812014,Mixed Outcome,2,0.11969348243590895,0.05516492267609271,0.2404911101075827,0.045445553285035904,825
full3,v2jupurge_lag1,-2.0850799369812014,Contracts Expression,1,0.25193341543568626,0.10880400162732688,0.48159879945180095,0.09756879365604797,825
full3,v2jupurge_lag1,-2.0850799369812014,Expands Expression,3,0.6283731021284039,0.4345188774603412,0.788169200844178,0.09396760204550124,825
full3,v2jupurge_lag1,-1.9702599382400514,Mixed Outcome,2,0.1220767030844997,0.057625082873239766,0.240238191550181,0.044922886787881845,825
full3,v2jupurge_lag1,-1.9702599382400514,Contracts Expression,1,0.2526727195385934,0.11241276637393718,0.47440064594744297,0.09460143131169348,825
full3,v2jupurge_lag1,-1.9702599382400514,Expands Expression,3,0.6252505773769071,0.4376412989321651,0.7815172358436249,0.09117249028484484,825
full3,v2jupurge_lag1,-1.8554399394989014,Mixed Outcome,2,0.12449807826545006,0.06018617432750141,0.23998258324715652,0.044363797152291884,825
full3,v2jupurge_lag1,-1.8554399394989014,Contracts Expression,1,0.2533993066298333,0.11611335823419008,0.46720563604702575,0.09162257575881387,825
full3,v2jupurge_lag1,-1.8554399394989014,Expands Expression,3,0.6221026151047142,0.44070259729305133,0.7747406324385164,0.08837584581894302,825
full3,v2jupurge_lag1,-1.7406199407577514,Mixed Outcome,2,0.1269578874662529,0.06285150488889014,0.23972462333686173,0.04376765195454625,825
full3,v2jupurge_lag1,-1.7406199407577514,Contracts Expression,1,0.25411288589454895,0.11990615000989169,0.46001751561795956,0.08863297376135389,825
full3,v2jupurge_lag1,-1.7406199407577514,Expands Expression,3,0.6189292266391969,0.44370145017289425,0.767841823148154,0.08557861468538652,825
full3,v2jupurge_lag1,-1.6257999420166016,Mixed Outcome,2,0.12945640020288182,0.06562440346375181,0.23946469659157693,0.0431338501382252,825
full3,v2jupurge_lag1,-1.6257999420166016,Contracts Expression,1,0.25481316599121706,0.1237913115512672,0.45284018922941977,0.08563344687245651,825
full3,v2jupurge_lag1,-1.6257999420166016,Expands Expression,3,0.6157304338059018,0.44663648254040594,0.7608235739588267,0.08278180324097444,825
full3,v2jupurge_lag1,-1.5109799432754518,Mixed Outcome,2,0.13199387556564451,0.06850820783397363,0.23920324203896884,0.04246182712253552,825
full3,v2jupurge_lag1,-1.5109799432754518,Contracts Expression,1,0.25549985522356267,0.127768778667034,0.4456777423567657,0.08262490463739239,825
full3,v2jupurge_lag1,-1.5109799432754518,Expands Expression,3,0.6125062692107933,0.44950624823786434,0.7536890030266323,0.07998648714359888,825
full3,v2jupurge_lag1,-1.3961599445343018,Mixed Outcome,2,0.1345705617628437,0.07150625028337096,0.23894076212125823,0.041751060724271344,825
full3,v2jupurge_lag1,-1.3961599445343018,Contracts Expression,1,0.25617266171768077,0.1318382159988091,0.43853446949856584,0.07960836085348207,825
full3,v2jupurge_lag1,-1.3961599445343018,Expands Expression,3,0.6092567765194761,0.4523092077608061,0.7464416022407191,0.07719382221312432,825
full3,v2jupurge_lag1,-1.2813399457931518,Mixed Outcome,2,0.13718669566284775,0.07462184062361213,0.23867783375959167,0.04100107807941884,825
full3,v2jupurge_lag1,-1.2813399457931518,Contracts Expression,1,0.2568312936042712,0.13599897223320917,0.43141490986090864,0.07658495372733383,825
full3,v2jupurge_lag1,-1.2813399457931518,Expands Expression,3,0.6059820107328814,0.45504370139595934,0.7390852625183831,0.07440505762724396,825
full3,v2jupurge_lag1,-1.166519947052002,Mixed Outcome,2,0.13984250233523918,0.0778582461101612,0.23841512179325644,0.04021146380241247,825
full3,v2jupurge_lag1,-1.166519947052002,Contracts Expression,1,0.25747545920590403,0.14025002550106633,0.424323892788465,0.07355597103775195,825
full3,v2jupurge_lag1,-1.166519947052002,Expands Expression,3,0.6026820384588558,0.4577079165850306,0.7316243039549762,0.07162155203390536,825
full3,v2jupurge_lag1,-1.0516999483108522,Mixed Outcome,2,0.14253819459169503,0.08121866760450348,0.23815339539828198,0.03938186968976025,825
full3,v2jupurge_lag1,-1.0516999483108522,Contracts Expression,1,0.25810486722921133,0.14458991609560276,0.41726659584207765,0.07052288178016768,825
full3,v2jupurge_lag1,-1.0516999483108522,Expands Expression,3,0.5993569381790932,0.46029984805446356,0.724063512284175,0.06884479332924691,825
full3,v2jupurge_lag1,-0.9368799495697022,Mixed Outcome,2,0.1452739725273124,0.0847062111608166,0.2378935482694304,0.03851202636615187,825
full3,v2jupurge_lag1,-0.9368799495697022,Contracts Expression,1,0.2587192269618702,0.1490166626561158,0.4102486194076685,0.06748737627180333,825
full3,v2jupurge_lag1,-0.9368799495697022,Expands Expression,3,0.5960068005108173,0.46281724882188835,0.716408183539445,0.06607642306946329,825
full3,v2jupurge_lag1,-0.8220599508285522,Mixed Outcome,2,0.1480500230630863,0.08832385397700676,0.23763662358927085,0.037601757393421316,825
full3,v2jupurge_lag1,-0.8220599508285522,Contracts Expression,1,0.25931824847426305,0.1535276565921126,0.40327608309568597,0.06445141739837855,825
full3,v2jupurge_lag1,-0.8220599508285522,Expands Expression,3,0.5926317284626516,0.4652575696213424,0.7086641793824836,0.06331826677572056,825
full3,v2jupurge_lag1,-0.7072399520874022,Mixed Outcome,2,0.15086651949029692,0.09207440332817533,0.23738384513235597,0.03665099652806406,825
full3,v2jupurge_lag1,-0.7072399520874022,Contracts Expression,1,0.25990164282565215,0.15811952760522352,0.39635575110780114,0.06141730666281306,825
full3,v2jupurge_lag1,-0.7072399520874022,Expands Expression,3,0.5892318376840507,0.4676178835254043,0.700837996333597,0.06057237178167178,825
full3,v2jupurge_lag1,-0.5924199533462526,Mixed Outcome,2,0.15372362101756462,0.09596044666217678,0.23713665629391875,0.03565980903812114,825
full3,v2jupurge_lag1,-0.5924199533462526,Contracts Expression,1,0.2604691222747221,0.16278797045648233,0.3894951964597846,0.05838777008143626,825
full3,v2jupurge_lag1,-0.5924199533462526,Expands Expression,3,0.585807256707714,0.4698947915275244,0.6929368531606027,0.05784105479203952,825
full3,v2jupurge_lag1,-0.47759995460510263,Mixed Outcome,2,0.15662147232136714,0.09998429043491878,0.23689676943802213,0.0346284182991682,825
full3,v2jupurge_lag1,-0.47759995460510263,Contracts Expression,1,0.26102040049429914,0.16752751927889684,0.3827030177958673,0.05536607093853369,825
full3,v2jupurge_lag1,-0.47759995460510263,Expands Expression,3,0.582358127184334,0.4720843034766323,0.684968802059221,0.05512696202173429,825
full3,v2jupurge_lag1,-0.3627799558639526,Mixed Outcome,2,0.15956020310082353,0.10414788442839011,0.23666622879938443,0.03355723931728311,825
full3,v2jupurge_lag1,-0.3627799558639526,Contracts Expression,1,0.2615551927900809,0.17233125022757595,0.37598912804016277,0.0523561592246398,825
full3,v2jupurge_lag1,-0.3627799558639526,Expands Expression,3,0.5788846041090963,0.4741816869204293,0.6769428711000037,0.05243314572375822,825
full3,v2jupurge_lag1,-0.24795995712280305,Mixed Outcome,2,0.16253992763756966,0.10845272712823684,0.23644749134437312,0.03244692142452701,825
full3,v2jupurge_lag1,-0.24795995712280305,Contracts Expression,1,0.26207321632315833,0.17719038535894208,0.3693651420308886,0.049362871620504505,825
full3,v2jupurge_lag1,-0.24795995712280305,Expands Expression,3,0.5753868560392726,0.47618127394243287,0.6688692478931407,0.04976316217805211,825
full3,v2jupurge_lag1,-0.13313995838165305,Mixed Outcome,2,0.16556074436157064,0.11289974609432264,0.2362435316461436,0.031298403234166376,825
full3,v2jupurge_lag1,-0.13313995838165305,Contracts Expression,1,0.2625741903361194,0.18209375929258378,0.36284490162136906,0.046392201682142406,825
full3,v2jupurge_lag1,-0.13313995838165305,Expands Expression,3,0.5718650653023096,0.47807621278771567,0.6607595177185478,0.0471211978966758,825
full3,v2jupurge_lag1,-0.018319959640503036,Mixed Outcome,2,0.1686227354237279,0.1174891449238658,0.23605797917011903,0.03011298413750994,825
full3,v2jupurge_lag1,-0.018319959640503036,Contracts Expression,1,0.2630578363825136,0.18702709405181034,0.35644519288916404,0.043451668139582754,825
full3,v2jupurge_lag1,-0.018319959640503036,Expands Expression,3,0.5683194281937586,0.4798581467270698,0.6526269737180893,0.044512233024219104,825
full3,v2jupurge_lag1,0.09650003910064697,Mixed Outcome,2,0.17172596627615067,0.1222202050727324,0.23589529970730758,0.02889241832959524,825
full3,v2jupurge_lag1,0.09650003910064697,Contracts Expression,1,0.2635238785594221,0.19197200487709543,0.35018673269704637,0.0405508207753058,825
full3,v2jupurge_lag1,0.09650003910064697,Expands Expression,3,0.5647501551644274,0.48151679703229994,0.6444870223290519,0.04194225376768575,825
full3,v2jupurge_lag1,0.21132003784179698,Mixed Outcome,2,0.17487048526097623,0.12709102601151573,0.2357610374916309,0.02763903979979307,825
full3,v2jupurge_lag1,0.21132003784179698,Contracts Expression,1,0.2639720437428857,0.19690462948228757,0.34409553217245314,0.03770193885450306,825
full3,v2jupurge_lag1,0.21132003784179698,Expands Expression,3,0.5611574709961386,0.48303942007812073,0.6363577139988756,0.039418529203325954,825
full3,v2jupurge_lag1,0.32614003658294655,Mixed Outcome,2,0.17805632320862763,0.1320981803079543,0.23566214143197226,0.026355930242381486,825
full3,v2jupurge_lag1,0.32614003658294655,Contracts Expression,1,0.2644020618259232,0.2017937361336576,0.3382047817612451,0.034920996059591515,825
full3,v2jupurge_lag1,0.32614003658294655,Expands Expression,3,0.5575416149654489,0.4844101009289046,0.6282604368822458,0.036949971736644556,825
full3,v2jupurge_lag1,0.44096003532409656,Mixed Outcome,2,0.1812834930464156,0.13723625036189524,0.23560740876595862,0.025047146883118473,825
full3,v2jupurge_lag1,0.44096003532409656,Contracts Expression,1,0.26481366595885225,0.2065981305531322,0.33255743789023495,0.03222898402550243,825
full3,v2jupurge_lag1,0.44096003532409656,Expands Expression,3,0.5539028409947325,0.4856088389915051,0.6202208180016974,0.03454760398242554,825
full3,v2jupurge_lag1,0.5557800340652466,Mixed Outcome,2,0.18455198941837866,0.1424971995640821,0.23560809340942432,0.023718034347248534,825
full3,v2jupurge_lag1,0.5557800340652466,Contracts Expression,1,0.26520659279162717,0.21126317709270093,0.32720969582473297,0.02965368904851817,825
full3,v2jupurge_lag1,0.5557800340652466,Expands Expression,3,0.5502414177899946,0.4866103798574788,0.6122698778132625,0.032225155624488175,825
full3,v2jupurge_lag1,0.6706000328063961,Mixed Outcome,2,0.1878617883172817,0.14786951149001407,0.23567874544823203,0.022375654482267807,825
full3,v2jupurge_lag1,0.6706000328063961,Contracts Expression,1,0.2655805827178735,0.21571635463152308,0.32223542830229396,0.027231963212614882,825
full3,v2jupurge_lag1,0.6706000328063961,Expands Expression,3,0.5465576289648445,0.48738276141449915,0.6044454701644305,0.02999980676619682,825
full3,v2jupurge_lag1,0.7854200315475461,Mixed Outcome,2,0.19121284672967134,0.15333700608034795,0.23583837289262247,0.021029380647354493,825
full3,v2jupurge_lag1,0.7854200315475461,Contracts Expression,1,0.26593538012031714,0.2198621629743754,0.3177312741944679,0.025012329848736577,825
full3,v2jupurge_lag1,0.7854200315475461,Expands Expression,3,0.5428517731500115,0.4878855923913652,0.5967939895480248,0.0278930688311152,825
full3,v2jupurge_lag1,0.9002400302886961,Mixed Outcome,2,0.19460510229489858,0.1588772145575212,0.23611204403018332,0.019691716884728844,825
full3,v2jupurge_lag1,0.9002400302886961,Contracts Expression,1,0.2662707336172701,0.22357771523918826,0.3138210417375462,0.023057243467799658,825
full3,v2jupurge_lag1,0.9002400302886961,Expands Expression,3,0.5391241640878331,0.4880682056387496,0.5893722034190709,0.025931730872013118,825
full3,v2jupurge_lag1,1.0150600290298462,Mixed Outcome,2,0.19803847297900865,0.16445917754741474,0.23653306600984544,0.01837941124389165,825
full3,v2jupurge_lag1,1.0150600290298462,Contracts Expression,1,0.2665863963098238,0.22671236596558395,0.3106560766266253,0.021443297060609406,825
full3,v2jupurge_lag1,1.0150600290298462,Expands Expression,3,0.5353751307111658,0.487868084171205,0.5822488116181457,0.02414866882760989,825
full3,v2jupurge_lag1,1.1298800277709962,Mixed Outcome,2,0.2015128567644013,0.17004055993404876,0.23714584624535792,0.017114917766838482,825
full3,v2jupurge_lag1,1.1298800277709962,Contracts Expression,1,0.2668821260294278,0.22909736452585236,0.3084056054156307,0.020256322588572757,825
full3,v2jupurge_lag1,1.1298800277709962,Expands Expression,3,0.53160501720617,0.48721040055218084,0.5755048923882049,0.02258308958310467,825
full3,v2jupurge_lag1,1.2447000265121462,Mixed Outcome,2,0.20502813135612996,0.17556414003877052,0.23800937917915613,0.01592817804261734,825
full3,v2jupurge_lag1,1.2447000265121462,Contracts Expression,1,0.26715768558544967,0.23057185592574478,0.3072307321567544,0.01957815885663357,825
full3,v2jupurge_lag1,1.2447000265121462,Expands Expression,3,0.5278141830584197,0.4860100999037588,0.5692318047708556,0.0212794807420762,825
full3,v2jupurge_lag1,1.3595200252532962,Mixed Outcome,2,0.20858415390572566,0.18095420858287758,0.2392008230960704,0.014858449606358204,825
full3,v2jupurge_lag1,1.3595200252532962,Contracts Expression,1,0.2674128430123947,0.2310237175892022,0.30724359970376014,0.019465852938478606,825
full3,v2jupurge_lag1,1.3595200252532962,Expands Expression,3,0.52400300308188,0.4841783515466777,0.563524722442629,0.02028433507987511,825
full3,v2jupurge_lag1,1.4743400239944453,Mixed Outcome,2,0.21218076075340866,0.1861144591927946,0.24081758539211354,0.013955374909564897,825
full3,v2jupurge_lag1,1.4743400239944453,Contracts Expression,1,0.2676473718163673,0.2304273202563087,0.30846962756533003,0.019932423265627705,825
full3,v2jupurge_lag1,1.4743400239944453,Expands Expression,3,0.5201718674302245,0.4816345544799529,0.5584706138459289,0.019640043746376675,825
full3,v2jupurge_lag1,1.5891600227355953,Mixed Outcome,2,0.215817767189505,0.19093060557589722,0.2429746813497546,0.013277641410806021,825
full3,v2jupurge_lag1,1.5891600227355953,Contracts Expression,1,0.2678610512204167,0.22885257472433895,0.31083846458975756,0.020942253746392837,825
full3,v2jupurge_lag1,1.5891600227355953,Expands Expression,3,0.5163211815900784,0.4783224751018392,0.5541320902744328,0.0193766802015737,825
full3,v2jupurge_lag1,1.7039800214767453,Mixed Outcome,2,0.21949496723590653,0.19528212504039855,0.24579296694101263,0.012886989525825322,825
full3,v2jupurge_lag1,1.7039800214767453,Contracts Expression,1,0.26805366640835987,0.22643828190624998,0.31421063901633356,0.02242467795910177,825
full3,v2jupurge_lag1,1.7039800214767453,Expands Expression,3,0.5124513663557334,0.47422511950946183,0.550532519634053,0.019504423565768862,825
full3,v2jupurge_lag1,1.8188000202178953,Mixed Outcome,2,0.22321213344836524,0.19906504406942216,0.24937633015633312,0.012836592421312115,825
full3,v2jupurge_lag1,1.8188000202178953,Contracts Expression,1,0.2682250087666923,0.22334983292576358,0.31841985917852406,0.024295532808668557,825
full3,v2jupurge_lag1,1.8188000202178953,Expands Expression,3,0.5085628577849413,0.46937104207057806,0.5476497042410783,0.0200103398673063,825
full3,v2jupurge_lag1,1.9336200189590453,Mixed Outcome,2,0.2269690167403862,0.20221901916453872,0.2537845878649642,0.0131572502006265,825
full3,v2jupurge_lag1,1.9336200189590453,Contracts Expression,1,0.2683748761241769,0.21974533279106104,0.3233068913189452,0.026474410708283064,825
full3,v2jupurge_lag1,1.9336200189590453,Expands Expression,3,0.504656107135438,0.4638283912888017,0.5454218216876011,0.020861406409213603,825
full3,v2jupurge_lag1,2.0484400177001953,Mixed Outcome,2,0.23076534622945558,0.2047432522696108,0.2590175491273349,0.013849284814366142,825
full3,v2jupurge_lag1,2.0484400177001953,Contracts Expression,1,0.2685030729887103,0.2157588375779538,0.32873632458346774,0.02889318466939888,825
full3,v2jupurge_lag1,2.0484400177001953,Expands Expression,3,0.5007315807818341,0.4576899892117435,0.5437623325721038,0.022012100119932466,825
full3,v2jupurge_lag1,2.1632600164413454,Mixed Outcome,2,0.2346008291063271,0.20669031617675745,0.2650211697979485,0.014885705913721398,825
full3,v2jupurge_lag1,2.1632600164413454,Contracts Expression,1,0.26860941078105666,0.2114967715838406,0.33460015672671367,0.03149781588263163,825
full3,v2jupurge_lag1,2.1632600164413454,Expands Expression,3,0.4967897601126165,0.4510567630806124,0.5425765364399412,0.023412821499278605,825
full3,v2jupurge_lag1,2.2780800151824945,Mixed Outcome,2,0.23847515052801443,0.2081436081957849,0.2717100803841149,0.016223726778020548,825
full3,v2jupurge_lag1,2.2780800151824945,Contracts Expression,1,0.2686937080650385,0.20704085516421233,0.3408148698087557,0.03424684588608905,825
full3,v2jupurge_lag1,2.2780800151824945,Expands Expression,3,0.4928311414069461,0.44402524170087504,0.541774063492829,0.025016245132733945,825
full3,v2jupurge_lag1,2.3929000139236445,Mixed Outcome,2,0.24238797353514951,0.2091935990610953,0.2789913204364907,0.017816890648417703,825
full3,v2jupurge_lag1,2.3929000139236445,Contracts Expression,1,0.2687557907737594,0.2024529915494761,0.3473165475714416,0.037108893990359104,825
full3,v2jupurge_lag1,2.3929000139236445,Expands Expression,3,0.48885623569109266,0.43668078453477843,0.5412756341009918,0.026780749097719235,825
full3,v2jupurge_lag1,2.5077200126647945,Mixed Outcome,2,0.24633893899428086,0.20992262909241052,0.2867795277055623,0.019622832462262284,825
full3,v2jupurge_lag1,2.5077200126647945,Contracts Expression,1,0.2687954924314621,0.19777998363778163,0.3540561634832053,0.040060244661764825,825
full3,v2jupurge_lag1,2.5077200126647945,Expands Expression,3,0.484865568574257,0.4290954041161944,0.5410152255471797,0.028671505664616827,825
full3,v2jupurge_lag1,2.6225400114059445,Mixed Outcome,2,0.25032766556568,0.21039887074132155,0.29500296317974256,0.02160636137824778,825
full3,v2jupurge_lag1,2.6225400114059445,Contracts Expression,1,0.2688126543706145,0.1930573882513704,0.3609957319439715,0.04308287706929262,825
full3,v2jupurge_lag1,2.6225400114059445,Expands Expression,3,0.48085968006370555,0.4213282856616511,0.5409395421540447,0.030660200383923822,825
full3,v2jupurge_lag1,2.7373600101470945,Mixed Outcome,2,0.25435374969714764,0.21067597287605738,0.30360385689337427,0.02373964310119306,825
full3,v2jupurge_lag1,2.7373600101470945,Contracts Expression,1,0.26880712594378336,0.18831244723632687,0.36810538324754816,0.04616296698527259,825
full3,v2jupurge_lag1,2.7373600101470945,Expands Expression,3,0.4768391243590706,0.4134274880049922,0.5410063046881061,0.032724152110196025,825
full3,v2jupurge_lag1,2.8521800088882445,Mixed Outcome,2,0.25841676564429045,0.21079511627615152,0.31253634526335267,0.026001151362084446,825
full3,v2jupurge_lag1,2.8521800088882445,Contracts Expression,1,0.26877876472992906,0.18356624486340167,0.375361212817384,0.049289784318539545,825
full3,v2jupurge_lag1,2.8521800088882445,Expands Expression,3,0.47280446962578027,0.40543192821255397,0.5411822566997482,0.034845291056715515,825
full3,v2jupurge_lag1,2.9670000076293945,Mixed Outcome,2,0.2625162655176731,0.21078761161247422,0.3217638688943695,0.028374342370821447,825
full3,v2jupurge_lag1,2.9670000076293945,Contracts Expression,1,0.2687274367346979,0.17883527497062487,0.3827437212456822,0.05245489239678004,825
full3,v2jupurge_lag1,2.9670000076293945,Expands Expression,3,0.46875629774762845,0.39737322468312114,0.5414413130070667,0.037009211090518045,825
full3,wdj_press_lag1,-0.8888888955116272,Mixed Outcome,2,0.3648518322757805,0.23887023813111397,0.5125347334523436,0.0714745762156697,825
full3,wdj_press_lag1,-0.8888888955116272,Contracts Expression,1,0.1744693370662024,0.08151408080469393,0.33478895531979735,0.06376179163023984,825
full3,wdj_press_lag1,-0.8888888955116272,Expands Expression,3,0.4606788306580183,0.319986924291867,0.6079281590304318,0.07557975048835915,825
full3,wdj_press_lag1,-0.8533333396911621,Mixed Outcome,2,0.3585658799364211,0.23799191694566238,0.5001330764513409,0.06831093153565673,825
full3,wdj_press_lag1,-0.8533333396911621,Contracts Expression,1,0.17775674835441763,0.08567427520910766,0.3327871051406826,0.062343601762212486,825
full3,wdj_press_lag1,-0.8533333396911621,Expands Expression,3,0.4636773717091613,0.32745742047379145,0.605542554784744,0.0728496100633772,825
full3,wdj_press_lag1,-0.817777783870697,Mixed Outcome,2,0.3523181749233323,0.23710027744807968,0.4877308760872514,0.06517257999365281,825
full3,wdj_press_lag1,-0.817777783870697,Contracts Expression,1,0.18107056042654063,0.09000016988663033,0.33079548251205465,0.06086729650815158,825
full3,wdj_press_lag1,-0.817777783870697,Expands Expression,3,0.466611264650126,0.33493106183292987,0.6031142023870941,0.07012240387052003,825
full3,wdj_press_lag1,-0.7822222280502319,Mixed Outcome,2,0.3461105348709076,0.23619455118425015,0.4753442648008434,0.06206275707685858,825
full3,wdj_press_lag1,-0.7822222280502319,Contracts Expression,1,0.18441019748982174,0.0944947573381753,0.32881508523866404,0.05933355289681851,825
full3,wdj_press_lag1,-0.7822222280502319,Expands Expression,3,0.46947926763927045,0.34240122850032056,0.6006422687438152,0.06739927782102875,825
full3,wdj_press_lag1,-0.7466666722297668,Mixed Outcome,2,0.33994473732773894,0.23527377171478392,0.4629895886335986,0.05898473496364274,825
full3,wdj_press_lag1,-0.7466666722297668,Contracts Expression,1,0.18777507515597036,0.09916068057690966,0.32684719314124533,0.05774322227120635,825
full3,wdj_press_lag1,-0.7466666722297668,Expands Expression,3,0.4722801875162905,0.3498612001650174,0.5981261035489854,0.06468140973324336,825
full3,wdj_press_lag1,-0.7111111164093018,Mixed Outcome,2,0.33382251794480633,0.23433673145467418,0.4506833806498379,0.055941840119906196,825
full3,wdj_press_lag1,-0.7111111164093018,Contracts Expression,1,0.19116460103824873,0.10400015793708087,0.3248934244886635,0.056097358487667934,825
full3,wdj_press_lag1,-0.7111111164093018,Expands Expression,3,0.47501288101694344,0.35730411363775405,0.5955653033562314,0.06197004066514714,825
full3,wdj_press_lag1,-0.6755555605888367,Mixed Outcome,2,0.3277455687382128,0.23338192703306346,0.4384423460121775,0.052937476958881124,825
full3,wdj_press_lag1,-0.6755555605888367,Contracts Expression,1,0.1945781753569735,0.1090148928111805,0.3229558061061152,0.05439725312600435,825
full3,wdj_press_lag1,-0.6755555605888367,Expands Expression,3,0.4776762559048144,0.36472290184130257,0.5929597929848298,0.0592665152079678,825
full3,wdj_press_lag1,-0.6400000047683716,Mixed Outcome,2,0.3217155364299068,0.23240748951377002,0.4262833630374453,0.04997515944223374,825
full3,wdj_press_lag1,-0.6400000047683716,Contracts Expression,1,0.19801519155270794,0.11420596421867091,0.3210368612820037,0.052644479814458765,825
full3,wdj_press_lag1,-0.6400000047683716,Expands Expression,3,0.48026927201738595,0.37211020892221375,0.5903099294726227,0.056572333380915385,825
full3,wdj_press_lag1,-0.6044444489479065,Mixed Outcome,2,0.3157340208697289,0.2314110944799835,0.414223505888199,0.04705855318195867,825
full3,wdj_press_lag1,-0.6044444489479065,Contracts Expression,1,0.2014750369063565,0.11957369271024267,0.31913972101122234,0.05084095049656872,825
full3,wdj_press_lag1,-0.6044444489479065,Expands Expression,3,0.4827909422239162,0.3794582743450696,0.587616635649941,0.053889217716375226,825
full3,wdj_press_lag1,-0.5688888931274414,Mixed Outcome,2,0.30980257354189716,0.23038984510657845,0.40228009641471546,0.04419153156094905,825
full3,wdj_press_lag1,-0.5688888931274414,Contracts Expression,1,0.2049570931652972,0.1251174741715613,0.31726826607087677,0.048988987467215146,825
full3,wdj_press_lag1,-0.5688888931274414,Expands Expression,3,0.48524033329280475,0.3867587762389638,0.5848815730288,0.05121920046219169,825
full3,wdj_press_lag1,-0.5333333373069763,Mixed Outcome,2,0.30392269615892986,0.2293401186879778,0.39047079528713075,0.0413782507441021,825
full3,wdj_press_lag1,-0.5333333373069763,Contracts Expression,1,0.20846073717459723,0.13083557138707064,0.315427310148027,0.04709141639664516,825
full3,wdj_press_lag1,-0.5333333373069763,Expands Expression,3,0.48761656666647263,0.39400262059022934,0.5821073674061126,0.04856473771969874,825
full3,wdj_press_lag1,-0.49777778148651125,Mixed Outcome,2,0.298095839345766,0.22825736332406885,0.3788137462828909,0.03862325037213084,825
full3,wdj_press_lag1,-0.49777778148651125,Contracts Expression,1,0.2119853415123072,0.1367248494450467,0.3136228380387904,0.04515168750312839,825
full3,wdj_press_lag1,-0.49777778148651125,Expands Expression,3,0.48991881914192753,0.4011796576391727,0.5792979058436227,0.04592886002620019,825
full3,wdj_press_lag1,-0.46222222566604615,Mixed Outcome,2,0.29232340141665164,0.2271358261383676,0.3673277928736833,0.035931589447630655,825
full3,wdj_press_lag1,-0.46222222566604615,Contracts Expression,1,0.2155302751277468,0.14278043577191038,0.31186231825319044,0.04317403475144503,825
full3,wdj_press_lag1,-0.46222222566604615,Expands Expression,3,0.49214632345560155,0.4082782993788824,0.5764587311737598,0.0433153727178013,825
full3,wdj_press_lag1,-0.42666666984558105,Mixed Outcome,2,0.28660672724714836,0.2259681869154413,0.356032793686709,0.03330903074170791,825
full3,wdj_press_lag1,-0.42666666984558105,Contracts Expression,1,0.21909490398160972,0.1489952781872859,0.3101551167801884,0.041163686747282754,825
full3,wdj_press_lag1,-0.42666666984558105,Expands Expression,3,0.4942983687712428,0.4152850014703582,0.5735975707888437,0.04072912483362578,825
full3,wdj_press_lag1,-0.391111114025116,Mixed Outcome,2,0.280947107243355,0.22474506072793904,0.3449500736687701,0.03076229231138572,825
full3,wdj_press_lag1,-0.391111114025116,Contracts Expression,1,0.22267859168668266,0.1553595641288782,0.308513049032115,0.03912714824636622,825
full3,wdj_press_lag1,-0.391111114025116,Expands Expression,3,0.496374301069963,0.4221835580621056,0.570725051319319,0.03817637291873077,825
full3,wdj_press_lag1,-0.3555555582046509,Mixed Outcome,2,0.27534577641021063,0.2234543194924966,0.3341030613447334,0.028299391670156486,825
full3,wdj_press_lag1,-0.3555555582046509,Contracts Expression,1,0.22628070014788476,0.16185995028210143,0.30695112092678883,0.03707257832639253,825
full3,wdj_press_lag1,-0.3555555582046509,Expands Expression,3,0.4983735234419043,0.42895413781773256,0.5678556710104902,0.03566527642424614,825
full3,wdj_press_lag1,-0.3200000023841858,Mixed Outcome,2,0.2698039135204577,0.22208016597245006,0.3235181789118523,0.02593011652827597,825
full3,wdj_press_lag1,-0.3200000023841858,Contracts Expression,1,0.229900590200294,0.16847853370074334,0.3054885282369768,0.03501030056941007,825
full3,wdj_press_lag1,-0.3200000023841858,Expands Expression,3,0.5002954962792471,0.4355719635673735,0.565009127510564,0.0332065746727273,825
full3,wdj_press_lag1,-0.2844444465637207,Mixed Outcome,2,0.2643226403855759,0.2206018782822113,0.3132260673011171,0.023666663901542418,825
full3,wdj_press_lag1,-0.2844444465637207,Contracts Expression,1,0.23353762224379024,0.17519147374791033,0.30415000511735335,0.03295349176000933,825
full3,wdj_press_lag1,-0.2844444465637207,Expands Expression,3,0.5021397373706343,0.4420055090993687,0.5622121276942259,0.0308145101936398,825
full3,wdj_press_lag1,-0.2488888907432556,Mixed Outcome,2,0.2589030212297211,0.21899214081784069,0.3032632303936893,0.02152449046062188,825
full3,wdj_press_lag1,-0.2488888907432556,Contracts Expression,1,0.2371911568728818,0.18196715304519523,0.3029676338836252,0.030919106476039647,825
full3,wdj_press_lag1,-0.2488888907432556,Expands Expression,3,0.5039058218973975,0.4482140660910017,0.5595008266715612,0.028508073845426304,825
full3,wdj_press_lag1,-0.2133333349227905,Mixed Outcome,2,0.2535460621673807,0.21721492171991078,0.29367413832575306,0.01952339442406843,825
full3,wdj_press_lag1,-0.2133333349227905,Contracts Expression,1,0.24086055550028349,0.18876375845795038,0.3019832352975503,0.028929098731006537,825
full3,wdj_press_lag1,-0.2133333349227905,Expands Expression,3,0.5055933823323345,0.4541445552747733,0.5569240220383613,0.026312636601215685,825
full3,wdj_press_lag1,-0.1777777791023254,Mixed Outcome,2,0.24825271078517486,0.21522302353033906,0.28451366318985355,0.017688764266141088,825
full3,wdj_press_lag1,-0.1777777791023254,Contracts Expression,1,0.2445451809727787,0.19552620402683119,0.3012514177504657,0.027011981171670266,825
full3,wdj_press_lag1,-0.1777777791023254,Expands Expression,3,0.5072021082420466,0.4597276000020313,0.5545470853579787,0.02426195971817592,825
full3,wdj_press_lag1,-0.1422222232818604,Mixed Outcome,2,0.24302385582790426,0.2129558695884403,0.2758492844902953,0.016052707011385434,825
full3,wdj_press_lag1,-0.1422222232818604,Contracts Expression,1,0.24824439817788552,0.2021824820793831,0.3008431994287905,0.0252046788070544,825
full3,wdj_press_lag1,-0.1422222232818604,Expands Expression,3,0.5087317459942099,0.4648733166149691,0.5524561766111501,0.022400352932124664,825
full3,wdj_press_lag1,-0.1066666674613953,Mixed Outcome,2,0.23786032698865284,0.2103389910403867,0.2677615993198057,0.014654308308560435,825
full3,wdj_press_lag1,-0.1066666674613953,Contracts Expression,1,0.2519575746398629,0.20863995765957846,0.3008496886556812,0.023554415876205593,825
full3,wdj_press_lag1,-0.1066666674613953,Expands Expression,3,0.5101820983714849,0.4694682741342543,0.5507612892452449,0.02078424169223297,825
full3,wdj_press_lag1,-0.0711111116409302,Mixed Outcome,2,0.2327628948023921,0.20728803740805615,0.2603403140965915,0.013537583232701511,825
full3,wdj_press_lag1,-0.0711111116409302,Contracts Expression,1,0.2556840811035957,0.2147830080615085,0.30138442096347745,0.022119922693527774,825
full3,wdj_press_lag1,-0.0711111116409302,Expands Expression,3,0.5115530240940119,0.4733768152056003,0.5495949340054853,0.01948151741024742,825
full3,wdj_press_lag1,-0.0355555558204651,Mixed Outcome,2,0.22773227064228363,0.20372094362345497,0.2536720846913818,0.012745263065224294,825
full3,wdj_press_lag1,-0.0355555558204651,Contracts Expression,1,0.2594232921049153,0.22047480852496332,0.3025815521860411,0.02097053598618753,825
full3,wdj_press_lag1,-0.0355555558204651,Expands Expression,3,0.5128444372528022,0.47645173076662883,0.5491014691964289,0.018566125512257052,825
full3,wdj_press_lag1,0.0,Mixed Outcome,2,0.22276910681748277,0.19957936423313838,0.24781909393279444,0.012307849894338047,825
full3,wdj_press_lag1,0.0,Contracts Expression,1,0.26317458652595455,0.22556730343192985,0.30458586857958564,0.02018113452893915,825
full3,wdj_press_lag1,0.0,Expands Expression,3,0.5140563066565622,0.47855831976150315,0.549413046135978,0.01810583357985314,825
full3,wdj_press_lag1,0.0355555558204651,Mixed Outcome,2,0.21787399677099542,0.19485245615839203,0.24279528476295437,0.012231468128390793,825
full3,wdj_press_lag1,0.0355555558204651,Contracts Expression,1,0.2669373481341776,0.22992230581866097,0.30753167150007943,0.019821409912676093,825
full3,wdj_press_lag1,0.0355555558204651,Expands Expression,3,0.5151886550948269,0.47960810253282576,0.5506159012396924,0.01814507660205744,825
full3,wdj_press_lag1,0.0711111116409302,Mixed Outcome,2,0.21304747537580465,0.18958830638130064,0.23855495230276277,0.012492016016068277,825
full3,wdj_press_lag1,0.0711111116409302,Contracts Expression,1,0.270710966103755,0.2334405552215346,0.3115137069524478,0.019941087302284718,825
full3,wdj_press_lag1,0.0711111116409302,Expands Expression,3,0.5162415585204392,0.47958620073198466,0.5527229819361535,0.018691023415158742,825
full3,wdj_press_lag1,0.10666666746139519,Mixed Outcome,2,0.2082900193271824,0.18388333815521352,0.23500336083736514,0.013040552733851449,825
full3,wdj_press_lag1,0.10666666746139519,Contracts Expression,1,0.27449483551806936,0.23608640154684318,0.3165624726384389,0.020557380549141583,825
full3,wdj_press_lag1,0.10666666746139519,Expands Expression,3,0.5172151451547473,0.4785540946100976,0.5556711955663289,0.019712183457564286,825
full3,wdj_press_lag1,0.1422222232818604,Mixed Outcome,2,0.20360204762883172,0.17785668030603735,0.23202240075090524,0.013816361920770587,825
full3,wdj_press_lag1,0.1422222232818604,Contracts Expression,1,0.27828835785213346,0.23789356640430406,0.3226384513579569,0.021652093953926872,825
full3,wdj_press_lag1,0.1422222232818604,Expands Expression,3,0.5181095945190345,0.4766260677219268,0.5593449712211515,0.021150413672412074,825
full3,wdj_press_lag1,0.1777777791023254,Mixed Outcome,2,0.19898392217020897,0.17162541267345344,0.2294953719504591,0.014759575371692011,825
full3,wdj_press_lag1,0.1777777791023254,Contracts Expression,1,0.2820909414338458,0.2389488217328015,0.32964843120264004,0.0231799755294151,825
full3,wdj_press_lag1,0.1777777791023254,Expands Expression,3,0.5189251363959447,0.4739360355172976,0.5636094380003586,0.022937815755814682,825
full3,wdj_press_lag1,0.2133333349227906,Mixed Outcome,2,0.19443594839211933,0.16529018038012294,0.22732140068013837,0.015818513678224073,825
full3,wdj_press_lag1,0.2133333349227906,Contracts Expression,1,0.28590200188305903,0.2393648697002486,0.33747262879130085,0.02508256410277047,825
full3,wdj_press_lag1,0.2133333349227906,Expands Expression,3,0.5196620497248211,0.47061188644553953,0.5683360909955206,0.02500979697007941,825
full3,wdj_press_lag1,0.2488888907432556,Mixed Outcome,2,0.18995837603743285,0.15893086719023639,0.22541979905812234,0.01695190028351631,825
full3,wdj_press_lag1,0.2488888907432556,Contracts Expression,1,0.2897209625275368,0.23925648663008706,0.34598855298682274,0.027300360267953835,825
full3,wdj_press_lag1,0.2488888907432556,Expands Expression,3,0.5203206614350291,0.4667628223209344,0.5734154581491449,0.027311503402977052,825
full3,wdj_press_lag1,0.2844444465637206,Mixed Outcome,2,0.18555139998353187,0.15260801289038337,0.22372868200944343,0.018128148688846865,825
full3,wdj_press_lag1,0.2844444465637206,Contracts Expression,1,0.2935472547949773,0.2387264375184095,0.35508510267572146,0.029780007395277606,825
full3,wdj_press_lag1,0.2844444465637206,Expands Expression,3,0.5209013452214915,0.46247654632335244,0.5787599194884664,0.029799236285320226,825
full3,wdj_press_lag1,0.3200000023841858,Mixed Outcome,2,0.18121516115288291,0.14636630714005638,0.22220150876759462,0.019323592556532532,825
full3,wdj_press_lag1,0.3200000023841858,Contracts Expression,1,0.2973803185803724,0.23786024351881258,0.36466781632751877,0.03247695490274453,825
full3,wdj_press_lag1,0.3200000023841858,Expands Expression,3,0.5214045202667451,0.4578214052208808,0.5843015719946382,0.03243934726028562,825
full3,wdj_press_lag1,0.3555555582046508,Mixed Outcome,2,0.17694974749794423,0.1402382228020799,0.22080348557494298,0.020520645974782276,825
full3,wdj_press_lag1,0.3555555582046508,Contracts Expression,1,0.30121960258809516,0.2367262517468153,0.374658824021345,0.035355417196564105,825
full3,wdj_press_lag1,0.3555555582046508,Expands Expression,3,0.5218306499139611,0.45285011786377255,0.5899885078830975,0.035206329110778714,825
full3,wdj_press_lag1,0.391111114025116,Mixed Outcome,2,0.17275519505642478,0.13424707310697634,0.21950854489019575,0.021706258364875657,825
full3,wdj_press_lag1,0.391111114025116,Contracts Expression,1,0.3050645646481947,0.2353779870666978,0.38499452225582736,0.0383871697453037,825
full3,wdj_press_lag1,0.391111114025116,Expands Expression,3,0.5221802402953807,0.44760345955320696,0.5957811364973779,0.03808093202169023,825
full3,wdj_press_lag1,0.426666669845581,Mixed Outcome,2,0.16863148907277747,0.1284093677739221,0.2182970256675188,0.022870727322090133,825
full3,wdj_press_lag1,0.426666669845581,Contracts Expression,1,0.3089146720065095,0.23385704474673055,0.3956227125747475,0.04155007048583653,825
full3,wdj_press_lag1,0.426666669845581,Expands Expression,3,0.5224538389207134,0.4421133326510207,0.601649119240828,0.04104859466510562,825
full3,wdj_press_lag1,0.4622222256660462,Mixed Outcome,2,0.16457856518166092,0.12273655882007173,0.21715396368941184,0.024006822812122793,825
full3,wdj_press_lag1,0.4622222256660462,Contracts Expression,1,0.3127694015883032,0.23219575191408431,0.40649997593195303,0.04482670018140848,825
full3,wdj_press_lag1,0.4622222256660462,Expands Expression,3,0.5226520332300363,0.43640514208952164,0.6075689986667137,0.044098230670301955,825
full3,wdj_press_lag1,0.4977777814865112,Mixed Outcome,2,0.16059631064899593,0.11723631425808335,0.2160678534951404,0.02510915200811799,825
full3,wdj_press_lag1,0.4977777814865112,Contracts Expression,1,0.3166282402352649,0.2304193545498975,0.41758952584638004,0.04820324556287233,825
full3,wdj_press_lag1,0.4977777814865112,Expands Expression,3,0.5227754491157375,0.43049956966267927,0.6135224276190973,0.04722132194068233,825
full3,wdj_press_lag1,0.5333333373069764,Mixed Outcome,2,0.1566845656661672,0.11191344504470375,0.21502975631186794,0.026173700654688752,825
full3,wdj_press_lag1,0.5333333373069764,Contracts Expression,1,0.3204906849157802,0.22854772091822045,0.4288595491829862,0.05166862967956244,825
full3,wdj_press_lag1,0.5333333373069764,Expands Expression,3,0.5228247494180517,0.4244138784873182,0.6194948668087089,0.050411251345694484,825
full3,wdj_press_lag1,0.5688888931274414,Mixed Outcome,2,0.15284312469282865,0.10677058306269495,0.21403265600462723,0.02719750095224023,825
full3,wdj_press_lag1,0.5688888931274414,Contracts Expression,1,0.3243562429085483,0.22659663416480416,0.44028196149272414,0.05521385219160666,825
full3,wdj_press_lag1,0.5688888931274414,Expands Expression,3,0.5228006323986221,0.4181628666710617,0.6254746315645544,0.05366281375033136,825
full3,wdj_press_lag1,0.6044444489479064,Mixed Outcome,2,0.1490717378437544,0.10180868169775442,0.2130709913101758,0.02817838935871686,825
full3,wdj_press_lag1,0.6044444489479064,Contracts Expression,1,0.3282244319596763,0.22457876188986486,0.45183148872072926,0.0588314946963227,825
full3,wdj_press_lag1,0.6044444489479064,Expands Expression,3,0.522703830196569,0.41175956426667115,0.6314521934695039,0.05697185716586469,825
full3,wdj_press_lag1,0.6400000047683716,Mixed Outcome,2,0.14537011231513305,0.09702738989346103,0.2121403133252918,0.029114828276551208,825
full3,wdj_press_lag1,0.6400000047683716,Contracts Expression,1,0.3320947804135033,0.2225043810146876,0.4634849965247323,0.06251535105496973,825
full3,wdj_press_lag1,0.6400000047683716,Expands Expression,3,0.5225351072713645,0.4052157435936666,0.6374196666025571,0.060335018110044075,825
full3,wdj_press_lag1,0.6755555605888366,Mixed Outcome,2,0.14173791384571172,0.09242533543904934,0.21123703237498298,0.030005773328216346,825
full3,wdj_press_lag1,0.6755555605888366,Contracts Expression,1,0.3359668273175233,0.2203819205296083,0.4752210041323726,0.06626015073650852,825
full3,wdj_press_lag1,0.6755555605888366,Expands Expression,3,0.5222952588367645,0.39854229371758426,0.6433704274224018,0.0637495251512804,825
full3,wdj_press_lag1,0.7111111164093018,Mixed Outcome,2,0.13817476820821503,0.08800034255215294,0.21035822910314403,0.03085057339379341,825
full3,wdj_press_lag1,0.7111111164093018,Contracts Expression,1,0.33984012250184087,0.21821836966105124,0.48701933467888525,0.07006135088991243,825
full3,wdj_press_lag1,0.7111111164093018,Expands Expression,3,0.5219851092899449,0.3917494954748848,0.6492988317556824,0.06721305199426932,825
full3,wdj_press_lag1,0.7466666722297668,Mixed Outcome,2,0.13468026272649997,0.08374960137278332,0.20950151209764262,0.0316488943958476,825
full3,wdj_press_lag1,0.7466666722297668,Contracts Expression,1,0.3437142266336835,0.21601958668470767,0.49886086624628645,0.07391497914797385,825
full3,wdj_press_lag1,0.7466666722297668,Expands Expression,3,0.5216055106398158,0.38484722304491603,0.6552000027710447,0.07072360679329626,825
full3,wdj_press_lag1,0.782222228050232,Mixed Outcome,2,0.13125394781396246,0.07966980182645132,0.20866490954144637,0.03240066046007276,825
full3,wdj_press_lag1,0.782222228050232,Contracts Expression,1,0.34758871124762847,0.21379053419276536,0.5107273572237655,0.07781751397870937,825
full3,wdj_press_lag1,0.782222228050232,Expands Expression,3,0.5211573409384086,0.3778450907024315,0.6610696712233769,0.07427944816517242,825
full3,wdj_press_lag1,0.817777783870697,Mixed Outcome,2,0.12789533852880533,0.07575724073689738,0.20784678597880168,0.03310600791555386,825
full3,wdj_press_lag1,0.817777783870697,Contracts Expression,1,0.35146315875219625,0.21153545965277182,0.5226013265671086,0.08176579296161118,825
full3,wdj_press_lag1,0.817777783870697,Expands Expression,3,0.5206415027189976,0.37075255818975017,0.6669040544856948,0.07787902104879038,825
full3,wdj_press_lag1,0.853333339691162,Mixed Outcome,2,0.12460391614183647,0.07200790857794571,0.20704577779399846,0.033765248878230174,825
full3,wdj_press_lag1,0.853333339691162,Contracts Expression,1,0.35533716241361507,0.2092580350176705,0.5344659746112393,0.08575694196042487,825
full3,wdj_press_lag1,0.853333339691162,Expands Expression,3,0.5200589214445478,0.3635790044884017,0.6726997645868602,0.08152090744914632,825
full3,wdj_press_lag1,0.8888888955116272,Mixed Outcome,2,0.12137912971261582,0.06841756050831871,0.20626074276208922,0.034378842059618525,825
full3,wdj_press_lag1,0.8888888955116272,Contracts Expression,1,0.3592103263175678,0.2069614654751759,0.546305133767467,0.08978832003925727,825
full3,wdj_press_lag1,0.8888888955116272,Expands Expression,3,0.5194105439698161,0.3563337771896521,0.678453738096798,0.08520378844311201,825
full4,court_independence_lag1,-2.684999942779541,Mixed Outcome,2,0.06572115504997604,0.019533791088240632,0.19895701565227028,0.039521243175364346,825
full4,court_independence_lag1,-2.684999942779541,Contracts Expression,1,0.8491019033970354,0.6873736708233921,0.9350680487831623,0.06143092271662061,825
full4,court_independence_lag1,-2.684999942779541,Expands Expression,3,0.08517694155298824,0.04055644584113777,0.17018156006479115,0.03139428228947813,825
full4,court_independence_lag1,-2.5639799451828003,Mixed Outcome,2,0.06955250727331012,0.021544175282725075,0.20241034395898563,0.04035799422744683,825
full4,court_independence_lag1,-2.5639799451828003,Contracts Expression,1,0.8384996844062993,0.6767420096860849,0.9279337717567775,0.06275409467569146,825
full4,court_independence_lag1,-2.5639799451828003,Expands Expression,3,0.09194780832039047,0.045235555347497146,0.1779088073324143,0.032354312320728565,825
full4,court_independence_lag1,-2.4429599475860595,Mixed Outcome,2,0.07353300724360536,0.02373245011522316,0.20580584927021114,0.041128271139484446,825
full4,court_independence_lag1,-2.4429599475860595,Contracts Expression,1,0.8273293038904965,0.6658792184238344,0.9201235789399533,0.06393709630762888,825
full4,court_independence_lag1,-2.4429599475860595,Expands Expression,3,0.09913768886589802,0.05037925142836168,0.18585038021404696,0.03324742914092946,825
full4,court_independence_lag1,-2.3219399499893187,Mixed Outcome,2,0.07765977476567777,0.026109165439528553,0.20913609609453465,0.041824496220689275,825
full4,court_independence_lag1,-2.3219399499893187,Contracts Expression,1,0.8155833793490818,0.6547894840349406,0.9115938549652125,0.064963787388858,825
full4,court_independence_lag1,-2.3219399499893187,Expands Expression,3,0.10675684588524113,0.0560191443005727,0.19400435776429678,0.03406292744013235,825
full4,court_independence_lag1,-2.200919952392578,Mixed Outcome,2,0.08192882951357741,0.028684630872635047,0.21239344843804164,0.042439222521237906,825
full4,court_independence_lag1,-2.200919952392578,Contracts Expression,1,0.8032573163067886,0.6434776988228977,0.9023018278317133,0.0658185804194818,825
full4,court_independence_lag1,-2.200919952392578,Expands Expression,3,0.11481385417963533,0.06218640988740879,0.20236842447295927,0.034790231686205195,825
full4,court_independence_lag1,-2.0798999547958372,Mixed Outcome,2,0.08633503655541269,0.03146875221675208,0.21557007749467866,0.042965228835794504,825
full4,court_independence_lag1,-2.0798999547958372,Contracts Expression,1,0.7903495735516872,0.6319494947643124,0.8922063193370874,0.0664867308826206,825
full4,court_independence_lag1,-2.0798999547958372,Expands Expression,3,0.12331538989290028,0.06891128066370558,0.21093985656263356,0.035419080785020735,825
full4,court_independence_lag1,-1.9588799571990967,Mixed Outcome,2,0.09087206205652644,0.03447085161771044,0.2186579735749936,0.04339561749199191,825
full4,court_independence_lag1,-1.9588799571990967,Contracts Expression,1,0.7768619085698022,0.6202112716043687,0.8812685845148818,0.06695463746278389,825
full4,court_independence_lag1,-1.9588799571990967,Expands Expression,3,0.13226602937367177,0.07622248142189322,0.219715509010705,0.03593972248940425,825
full4,court_independence_lag1,-1.8378599596023562,Mixed Outcome,2,0.09553234081439461,0.03769947314969943,0.2216489633188932,0.04372391318437015,825
full4,court_independence_lag1,-1.8378599596023562,Contracts Expression,1,0.762799596977235,0.6082702158313498,0.8694532331465217,0.06721014614046529,825
full4,court_independence_lag1,-1.8378599596023562,Expands Expression,3,0.1416680622083693,0.08414661672863438,0.22869180514196033,0.036343113666102995,825
full4,court_independence_lag1,-1.7168399620056154,Mixed Outcome,2,0.10030705718323453,0.041162176189788596,0.22453473321584344,0.04394416100173358,825
full4,court_independence_lag1,-1.7168399620056154,Contracts Expression,1,0.7481716198333118,0.5961343074678533,0.8567292224382191,0.06724285159028968,825
full4,court_independence_lag1,-1.7168399620056154,Expands Expression,3,0.15152132298345267,0.09270751943882487,0.23786473099687216,0.03662112217989759,825
full4,court_independence_lag1,-1.5958199644088746,Mixed Outcome,2,0.10518614080749283,0.04486531964413803,0.22730686039880862,0.04405102173618287,825
full4,court_independence_lag1,-1.5958199644088746,Contracts Expression,1,0.7329908129799064,0.5838123114646601,0.8430709056607805,0.06704438903617818,825
full4,court_independence_lag1,-1.5958199644088746,Expands Expression,3,0.16182304621260102,0.10192557218056068,0.24722983703555615,0.03676672598201941,825
full4,court_independence_lag1,-1.4747999668121339,Mixed Outcome,2,0.11015827840154047,0.048813840782011134,0.22995685160085008,0.044039862563843235,825
full4,court_independence_lag1,-1.4747999668121339,Contracts Expression,1,0.7172739729969074,0.5713137503927533,0.8284591170938422,0.06660870968623944,825
full4,court_independence_lag1,-1.4747999668121339,Expands Expression,3,0.17256774860155352,0.11181701605102505,0.25678225010687766,0.03677420503034737,825
full4,court_independence_lag1,-1.3537799692153931,Mixed Outcome,2,0.11521094258940213,0.05301103308663996,0.23247619107994408,0.04390684125813588,825
full4,court_independence_lag1,-1.3537799692153931,Contracts Expression,1,0.701041914988081,0.5586488550730422,0.8128822692027527,0.06593233310869977,825
full4,court_independence_lag1,-1.3537799692153931,Expands Expression,3,0.1837471424225171,0.12239326267164442,0.26651669902760344,0.036639321952510316,825
full4,court_independence_lag1,-1.2327599716186524,Mixed Outcome,2,0.12033043855506619,0.0574583280943361,0.23485639825526575,0.04364898224668532,825
full4,court_independence_lag1,-1.2327599716186524,Contracts Expression,1,0.684319478205337,0.5458284897507901,0.7963374338535264,0.06501457042755182,825
full4,court_independence_lag1,-1.2327599716186524,Expands Expression,3,0.19535008323959677,0.13366022702258773,0.2764275576239187,0.03635948791803435,825
full4,court_independence_lag1,-1.1117399740219116,Mixed Outcome,2,0.12550196895341892,0.06215508660378721,0.2370890957870492,0.04326424306406955,825
full4,court_independence_lag1,-1.1117399740219116,Contracts Expression,1,0.6671354764655312,0.5328640483637751,0.7788313758496437,0.0638577130261373,825
full4,court_independence_lag1,-1.1117399740219116,Expands Expression,3,0.20736255458104927,0.14561769887575812,0.2865089097571719,0.03593391104074013,825
full4,court_independence_lag1,-0.9907199764251711,Mixed Outcome,2,0.13070971719726876,0.06709840482050063,0.23916608891186436,0.042751570099416894,825
full4,court_independence_lag1,-0.9907199764251711,Contracts Expression,1,0.6495225913898534,0.5197673183353824,0.7603815044969757,0.06246718254681705,825
full4,court_independence_lag1,-0.9907199764251711,Expands Expression,3,0.21976769141287805,0.1582587699351778,0.29675464176953487,0.03536372581344124,825
full4,court_independence_lag1,-0.8696999788284303,Mixed Outcome,2,0.13593694887114555,0.07228294086561286,0.24107945706468542,0.042110943009256045,825
full4,court_independence_lag1,-0.8696999788284303,Contracts Expression,1,0.6315172076738069,0.5065503080931597,0.7410167076475633,0.0608516393621731,825
full4,court_independence_lag1,-0.8696999788284303,Expands Expression,3,0.23254584345504753,0.17156933172981312,0.3071585690717771,0.0346521036212407,825
full4,court_independence_lag1,-0.7486799812316896,Mixed Outcome,2,0.14116613063263808,0.07770076651754354,0.24282165923597465,0.04134340778538203,825
full4,court_independence_lag1,-0.7486799812316896,Contracts Expression,1,0.6131591908446364,0.4932250341146492,0.7207780331259827,0.059023048359163194,825
full4,court_independence_lag1,-0.7486799812316896,Expands Expression,3,0.245674678522726,0.18552765567069468,0.3177146053857273,0.033804346321869766,825
full4,court_independence_lag1,-0.627659983634949,Mixed Outcome,2,0.1463790655533411,0.0833412479469999,0.24438565519798996,0.04045109926491292,825
full4,court_independence_lag1,-0.627659983634949,Contracts Expression,1,0.5944916092491092,0.4798032627116696,0.699719184944133,0.05699670279316469,825
full4,court_independence_lag1,-0.627659983634949,Expands Expression,3,0.2591293251975496,0.20010406128040492,0.3284169856315601,0.0328279672741266,825
full4,court_independence_lag1,-0.5066399860382083,Mixed Outcome,2,0.1515570434324624,0.08919095741079833,0.24576504578379466,0.03943725488548429,825
full4,court_independence_lag1,-0.5066399860382083,Contracts Expression,1,0.5755604033027828,0.4662962009708638,0.6779068065281936,0.054791209092931364,825
full4,court_independence_lag1,-0.5066399860382083,Expands Expression,3,0.2728825532647546,0.21526067130390278,0.3392605567758979,0.03173276707927239,825
full4,court_independence_lag1,-0.3856199884414675,Mixed Outcome,2,0.15668100419735145,0.09523361522538802,0.24695423694291208,0.0383062227786347,825
full4,court_independence_lag1,-0.3856199884414675,Contracts Expression,1,0.5564140062867126,0.45271413039558484,0.65542053036614,0.052428437719657175,825
full4,court_independence_lag1,-0.3856199884414675,Expands Expression,3,0.2869049895159366,0.23095124321536184,0.3502411552426162,0.030530914688502043,825
full4,court_independence_lag1,-0.26459999084472674,Mixed Outcome,2,0.16173171209976975,0.10145005765000707,0.24794863451163665,0.037063468940307806,825
full4,court_independence_lag1,-0.26459999084472674,Contracts Expression,1,0.53710292216402,0.43906597612913134,0.632352782779079,0.04993344730581063,825
full4,court_independence_lag1,-0.26459999084472674,Expands Expression,3,0.3011653657362103,0.2471210558413652,0.36135609461924134,0.02923704832183758,825
full4,court_independence_lag1,-0.14357999324798598,Mixed Outcome,2,0.1666899380400119,0.10781822131451017,0.24874487979719534,0.03571559034356289,825
full4,court_independence_lag1,-0.14357999324798598,Contracts Expression,1,0.5176792669723889,0.42535880489153155,0.6088083430767531,0.04733439090727497,825
full4,court_independence_lag1,-0.14357999324798598,Expands Expression,3,0.31563079498759844,0.2637068183645727,0.37260479267664437,0.02786841444823327,825
full4,court_independence_lag1,-0.022559995651245224,Mixed Outcome,2,0.17153664702017074,0.11431312816291585,0.24934114060243276,0.03427034366017289,825
full4,court_independence_lag1,-0.022559995651245224,Contracts Expression,1,0.498196281296615,0.41159724736144904,0.5849036663963991,0.04466241350955228,825
full4,court_independence_lag1,-0.022559995651245224,Expands Expression,3,0.33026707168321306,0.280636559171755,0.38398957014382823,0.02644506583035218,825
full4,court_independence_lag1,0.09846000194549553,Mixed Outcome,2,0.1762531874610373,0.12090684600771286,0.24973747884586212,0.032736703037450236,825
full4,court_independence_lag1,0.09846000194549553,Contracts Expression,1,0.4787078221069437,0.39778284842634654,0.5607659857263357,0.04195154747491117,825
full4,court_independence_lag1,0.09846000194549553,Expands Expression,3,0.3450389904320189,0.29782944902056385,0.39551665043382334,0.024990138855685108,825
full4,court_independence_lag1,0.2194799995422363,Mixed Outcome,2,0.180821478931921,0.12756838787191335,0.24993632542233318,0.031124965601480623,825
full4,court_independence_lag1,0.2194799995422363,Contracts Expression,1,0.4592678428359216,0.38391336647325297,0.5365322052291567,0.039238604805050925,825
full4,court_independence_lag1,0.2194799995422363,Expands Expression,3,0.3599106782321576,0.3151955274731374,0.4071973693135529,0.023530220783092328,825
full4,court_independence_lag1,0.34049999713897705,Mixed Outcome,2,0.18522419475463936,0.13426349709618549,0.2499431068020978,0.02944693071889829,825
full4,court_independence_lag1,0.34049999713897705,Contracts Expression,1,0.4399298709346805,0.3699820790417268,0.5123475747030541,0.036563047598991885,825
full4,court_independence_lag1,0.34049999713897705,Expands Expression,3,0.3748459343106797,0.33263535376277653,0.4190495464287656,0.022095788942911386,825
full4,court_independence_lag1,0.4615199947357178,Mixed Outcome,2,0.1894449359639337,0.14095424298523884,0.2497670879772709,0.02771618949333199,825
full4,court_independence_lag1,0.4615199947357178,Contracts Expression,1,0.4207464922798905,0.35597721928586123,0.4883640802222982,0.03396678442102327,825
full4,court_independence_lag1,0.4615199947357178,Expands Expression,3,0.38980857175617584,0.3500397273317829,0.4310988428559627,0.02072163908023959,825
full4,court_independence_lag1,0.5825399923324581,Mixed Outcome,2,0.19346839324317533,0.1475983215701406,0.2494225248950715,0.025948575586628036,825
full4,court_independence_lag1,0.5825399923324581,Contracts Expression,1,0.4017688516829418,0.3418817810298432,0.46473838239554605,0.03149378261259175,825
full4,court_independence_lag1,0.5825399923324581,Expands Expression,3,0.40476275507388204,0.3672898643742641,0.443379685550031,0.01944709597992335,825
full4,court_independence_lag1,0.7035599899291989,Mixed Outcome,2,0.19728049370661452,0.15414791678938705,0.24893025769652838,0.024162847857994534,825
full4,court_independence_lag1,0.7035599899291989,Contracts Expression,1,0.383046178379473,0.3276740984457633,0.4416289716586861,0.02918930038012385,825
full4,court_independence_lag1,0.7035599899291989,Expands Expression,3,0.41967332791391154,0.3842588001705778,0.4559349555341666,0.018315603364198373,825
full4,court_independence_lag1,0.8245799875259396,Mixed Outcome,2,0.20086852976070024,0.16054793288033115,0.24831992017002844,0.02238169760166049,825
full4,court_independence_lag1,0.8245799875259396,Contracts Expression,1,0.36462534475616,0.3133298051660917,0.4191920132727181,0.027098440152779117,825
full4,court_independence_lag1,0.8245799875259396,Expands Expression,3,0.43450612548314116,0.400815221590182,0.4688132032218251,0.017373068278849473,825
full4,court_independence_lag1,0.9455999851226804,Mixed Outcome,2,0.20422126773336516,0.16673337919862236,0.2476329707028612,0.0206331880789498,825
full4,court_independence_lag1,0.9455999851226804,Contracts Expression,1,0.34655046571957937,0.2988258982176791,0.39757523165051845,0.02526366173415105,825
full4,court_independence_lag1,0.9455999851226804,Expands Expression,3,0.4492282665470558,0.4168310404416468,0.48206205073627556,0.016664281191348763,825
full4,court_independence_lag1,1.0666199827194212,Mixed Outcome,2,0.20732903449187207,0.17262573930692915,0.24692670039369954,0.018952708303796254,825
full4,court_independence_lag1,1.0666199827194212,Contracts Expression,1,0.32886254505635043,0.28414742805831444,0.3769093808414637,0.023720996106106253,825
full4,court_independence_lag1,1.0666199827194212,Expands Expression,3,0.46380842045177806,0.43219307024881276,0.4957173934293055,0.016227217107192292,825
full4,court_independence_lag1,1.187639980316162,Mixed Outcome,2,0.2101837808523868,0.178128458420093,0.2462790733731831,0.01738536918510679,825
full4,court_independence_lag1,1.187639980316162,Contracts Expression,1,0.3115991739120669,0.26929647627802383,0.35729769688391105,0.022495137709550042,825
full4,court_independence_lag1,1.187639980316162,Expands Expression,3,0.4782170452355468,0.44681667302264394,0.5097905142098044,0.01608629706049503,825
full4,court_independence_lag1,1.3086599779129027,Mixed Outcome,2,0.212779121191096,0.18312260211137515,0.24579333769107375,0.015988301927000233,825
full4,court_independence_lag1,1.3086599779129027,Contracts Expression,1,0.29479428517429945,0.25430149158242826,0.3388053047634382,0.021594404020408135,825
full4,court_independence_lag1,1.3086599779129027,Expands Expression,3,0.49242659363460495,0.4606563173324356,0.5242581557341115,0.016247183241535713,825
full4,court_independence_lag1,1.429679975509643,Mixed Outcome,2,0.21511034927007625,0.18746578963584226,0.24559929714402118,0.014831273180156663,825
full4,court_independence_lag1,1.429679975509643,Contracts Expression,1,0.2784779661331625,0.23922347426069654,0.32145211724737544,0.021007358575848394,825
full4,court_independence_lag1,1.429679975509643,Expands Expression,3,0.5064116845967611,0.473707669919462,0.5390609210867372,0.016695846907938947,825
full4,court_independence_lag1,1.5506999731063837,Mixed Outcome,2,0.21717443086584715,0.19100056363563836,0.2458450786393755,0.01399247175395488,825
full4,court_independence_lag1,1.5506999731063837,Contracts Expression,1,0.26267633036496485,0.22415548377599703,0.3052127618323689,0.020702904055197736,825
full4,court_independence_lag1,1.5506999731063837,Expands Expression,3,0.5201492387691883,0.48599985924501027,0.5541113638388223,0.01740260383210349,825
full4,court_independence_lag1,1.6717199707031245,Mixed Outcome,2,0.2189699743127205,0.19357930667517004,0.24667228362827634,0.013545838044114241,825
full4,court_independence_lag1,1.6717199707031245,Contracts Expression,1,0.24741144839265664,0.20921442306390844,0.29002457700919954,0.020634389358655098,825
full4,court_independence_lag1,1.6717199707031245,Expands Expression,3,0.5336185772946237,0.4975819102501114,0.5693077733703138,0.018329081466106643,825
full4,court_independence_lag1,1.7927399682998653,Mixed Outcome,2,0.22049718052969838,0.1951043800402119,0.24817584961858297,0.013540610477016088,825
full4,court_independence_lag1,1.7927399682998653,Contracts Expression,1,0.23270133536930673,0.194527671384673,0.2758010863100966,0.02074642755375963,825
full4,court_independence_lag1,1.7927399682998653,Expands Expression,3,0.5468014841009943,0.5085093237790226,0.5845476921791518,0.019435077344911376,825
full4,court_independence_lag1,1.913759965896606,Mixed Outcome,2,0.22175777447718234,0.19556345278170392,0.2503686574159473,0.01398330677682431,825
full4,court_independence_lag1,1.913759965896606,Contracts Expression,1,0.21855999284901903,0.18021914827238775,0.2624463358691495,0.02098209033693557,825
full4,court_independence_lag1,1.913759965896606,Expands Expression,3,0.5596822326737978,0.518834658645095,0.5997373212625084,0.020683347741655648,825
full4,court_independence_lag1,2.0347799634933468,Mixed Outcome,2,0.22275492028223418,0.19503293078217876,0.2531779797696073,0.014835958644612854,825
full4,court_independence_lag1,2.0347799634933468,Contracts Expression,1,0.20499750068609535,0.16639858482677297,0.24986627847495096,0.021288547995027506,825
full4,court_independence_lag1,2.0347799634933468,Expands Expression,3,0.5722475790316723,0.5286027879043826,0.6147961586917347,0.022041990163046737,825
full4,court_independence_lag1,2.1557999610900875,Mixed Outcome,2,0.2234931224773471,0.19364661129368324,0.2564766528473863,0.016032065624874876,825
full4,court_independence_lag1,2.1557999610900875,Contracts Expression,1,0.1920201542607865,0.15315544803320413,0.2379757118119288,0.0216204053233563,825
full4,court_independence_lag1,2.1557999610900875,Expands Expression,3,0.5844867232618667,0.5378496447094773,0.629658074025728,0.02348502904786483,825
full4,court_independence_lag1,2.2768199586868283,Mixed Outcome,2,0.22397811592080588,0.1915545892341955,0.2601239521285024,0.017497502572381668,825
full4,court_independence_lag1,2.2768199586868283,Contracts Expression,1,0.17963064158162376,0.1405569993019359,0.2267012403820557,0.02194098136934647,825
full4,court_independence_lag1,2.2768199586868283,Expands Expression,3,0.5963912424975707,0.5466029323158363,0.6442703621195189,0.02499198703623678,825
full4,court_independence_lag1,2.397839956283569,Mixed Outcome,2,0.22421674701251743,0.1888951853999896,0.26399341102918117,0.019164768767648277,825
full4,court_independence_lag1,2.397839956283569,Contracts Expression,1,0.16782825436376564,0.1286491436230998,0.21598155553714168,0.022222199970961646,825
full4,court_independence_lag1,2.397839956283569,Expands Expression,3,0.6079549986237167,0.554883654858344,0.6585919368926303,0.02654702872622213,825
full4,court_independence_lag1,2.51885995388031,Mixed Outcome,2,0.22421684879578163,0.18578395286023067,0.26798353469436953,0.020978514758315272,825
full4,court_independence_lag1,2.51885995388031,Contracts Expression,1,0.15660912692568954,0.1174587677933976,0.2057662885183615,0.022443737332597805,825
full4,court_independence_lag1,2.51885995388031,Expands Expression,3,0.6191740242785284,0.5627078080214853,0.6725913413309418,0.028138017271718403,825
full4,court_independence_lag1,2.6398799514770506,Mixed Outcome,2,0.22398711245151373,0.18231335452975247,0.2720178245598303,0.022895620229489943,825
full4,court_independence_lag1,2.6398799514770506,Contracts Expression,1,0.14596649667170258,0.10699664784551903,0.19601431407894368,0.02259188033727664,825
full4,court_independence_lag1,2.6398799514770506,Expands Expression,3,0.6300463908767828,0.5700879179211559,0.6862448984295966,0.02975564563086048,825
full4,court_independence_lag1,2.7608999490737913,Mixed Outcome,2,0.2235369575562492,0.17855660613203633,0.276040627699256,0.024883145407246423,825
full4,court_independence_lag1,2.7608999490737913,Contracts Expression,1,0.13589098001890668,0.09726039080860967,0.186692002883042,0.022658355730788907,825
full4,court_independence_lag1,2.7608999490737913,Expands Expression,3,0.6405720624248432,0.577034316274488,0.6995351253312377,0.03139270192297126,825
full4,court_independence_lag1,2.881919946670532,Mixed Outcome,2,0.2228764032977667,0.17457215012485067,0.28001235301579847,0.026915961686636236,825
full4,court_independence_lag1,2.881919946670532,Contracts Expression,1,0.12637085786446983,0.08823714877300354,0.17777165435062775,0.022639254144780848,825
full4,court_independence_lag1,2.881919946670532,Expands Expression,3,0.6507527388377627,0.5835561374144803,0.7124494326596245,0.03304347814069865,825
full4,court_independence_lag1,3.002939944267273,Mixed Outcome,2,0.22201594263117114,0.17040745010334243,0.2839053716311368,0.028974731995852723,825
full4,court_independence_lag1,3.002939944267273,Contracts Expression,1,0.11739236505001277,0.07990600419435569,0.16923018721865035,0.02253409372443984,825
full4,court_independence_lag1,3.002939944267273,Expands Expression,3,0.6605916923188165,0.5896620632120015,0.7249790879043908,0.034703310309960864,825
full4,court_independence_lag1,3.1239599418640136,Mixed Outcome,2,0.22096642112184034,0.1661018522713252,0.28770086086564955,0.03104437171357926,825
full4,court_independence_lag1,3.1239599418640136,Contracts Expression,1,0.10893997874117224,0.07224000859696647,0.1610480882690219,0.02234502830303838,825
full4,court_independence_lag1,3.1239599418640136,Expands Expression,3,0.6700936001369867,0.5953608546537617,0.7371184066924618,0.03636823125447679,825
full4,court_independence_lag1,3.2449799394607544,Mixed Outcome,2,0.21973892196788267,0.16168863260905927,0.2913864782087728,0.03311293082790533,825
full4,court_independence_lag1,3.2449799394607544,Contracts Expression,1,0.10099670117806679,0.0652078945937206,0.15320858787165728,0.022076188066187802,825
full4,court_independence_lag1,3.2449799394607544,Expands Expression,3,0.6792643768540505,0.6006617094421085,0.7488641332491716,0.03803471639690876,825
full4,court_independence_lag1,3.365999937057495,Mixed Outcome,2,0.21834465843102935,0.15719642737604106,0.29495467167887635,0.03517079742175449,825
full4,court_independence_lag1,3.365999937057495,Contracts Expression,1,0.09354433284311066,0.05877549518583986,0.14569702225045436,0.02173313533350098,825
full4,court_independence_lag1,3.365999937057495,Expands Expression,3,0.6881110087258606,0.6055744811495859,0.7602149737532825,0.03969950464785807,825
full4,v2jupurge_lag1,-2.7739999294281006,Mixed Outcome,2,0.11183413974432574,0.045751795285543094,0.24850707568055072,0.04893230477177191,825
full4,v2jupurge_lag1,-2.7739999294281006,Contracts Expression,1,0.23593649581638673,0.09552832188307182,0.4744601916027754,0.09867597988983391,825
full4,v2jupurge_lag1,-2.7739999294281006,Expands Expression,3,0.6522293644392877,0.4425182799848833,0.8158761853503917,0.09950459577365756,825
full4,v2jupurge_lag1,-2.6591799306869506,Mixed Outcome,2,0.1139484440131162,0.047705111073588616,0.24820253475661458,0.04856710027565962,825
full4,v2jupurge_lag1,-2.6591799306869506,Contracts Expression,1,0.2370004529727791,0.09865557600488754,0.46850722742383843,0.09623510796723088,825
full4,v2jupurge_lag1,-2.6591799306869506,Expands Expression,3,0.6490511030141051,0.44499625963140604,0.8100985487443829,0.09713294561153459,825
full4,v2jupurge_lag1,-2.5443599319458006,Mixed Outcome,2,0.11609470635486319,0.04973574176724881,0.24789494373334753,0.04817172356494942,825
full4,v2jupurge_lag1,-2.5443599319458006,Contracts Expression,1,0.23805621825654996,0.10186428592812548,0.46255721543672024,0.09377743624337107,825
full4,v2jupurge_lag1,-2.5443599319458006,Expands Expression,3,0.645849075388586,0.44742923428108594,0.8041990902106305,0.0947495107992975,825
full4,v2jupurge_lag1,-2.429539933204651,Mixed Outcome,2,0.1182731449127038,0.05184624227127463,0.2475844656801325,0.047745597299012434,825
full4,v2jupurge_lag1,-2.429539933204651,Contracts Expression,1,0.2391035195514221,0.10515526732945213,0.45661209373774614,0.09130342136394773,825
full4,v2jupurge_lag1,-2.429539933204651,Expands Expression,3,0.6426233355358734,0.449816592950204,0.7981785084733147,0.09235493783094381,825
full4,v2jupurge_lag1,-2.314719934463501,Mixed Outcome,2,0.12048397040180979,0.054039205945061265,0.24727128483614058,0.04728815869148177,825
full4,v2jupurge_lag1,-2.314719934463501,Contracts Expression,1,0.24014208308472762,0.1085292373426946,0.45067386664051373,0.08881355403028836,825
full4,v2jupurge_lag1,-2.314719934463501,Expands Expression,3,0.6393739465134621,0.45215770167242114,0.7920377222071354,0.08994990867348374,825
full4,v2jupurge_lag1,-2.199899935722351,Mixed Outcome,2,0.12272738579846564,0.05631725997913802,0.24695560946256637,0.04679886176091378,825
full4,v2jupurge_lag1,-2.199899935722351,Contracts Expression,1,0.2411716335420955,0.1119868015745969,0.44474461269128757,0.08630836356914444,825
full4,v2jupurge_lag1,-2.199899935722351,Expands Expression,3,0.6361009806594387,0.4544518960155563,0.7857778818179308,0.08753514439023387,825
full4,v2jupurge_lag1,-2.0850799369812014,Mixed Outcome,2,0.12500358602804296,0.05868305996945325,0.2466376751630398,0.046277179839488466,825
full4,v2jupurge_lag1,-2.0850799369812014,Contracts Expression,1,0.24219189418636888,0.11552843928755566,0.4388264944257906,0.08378842339750232,825
full4,v2jupurge_lag1,-2.0850799369812014,Expands Expression,3,0.6328045197855873,0.4566984723496271,0.7794003820712632,0.08511140938597446,825
full4,v2jupurge_lag1,-1.9702599382400514,Mixed Outcome,2,0.1273127576522639,0.06113928357580806,0.24631774876271234,0.04572260838507672,825
full4,v2jupurge_lag1,-1.9702599382400514,Contracts Expression,1,0.24320258698071398,0.11915448635563859,0.43292177027353224,0.08125435758906227,825
full4,v2jupurge_lag1,-1.9702599382400514,Expands Expression,3,0.6294846553670231,0.4588966776182258,0.7729068757843475,0.08267951640128145,825
full4,v2jupurge_lag1,-1.8554399394989014,Mixed Outcome,2,0.1296550785561428,0.06368862313015658,0.24599613285651487,0.04513466815218648,825
full4,v2jupurge_lag1,-1.8554399394989014,Contracts Expression,1,0.2442034327158995,0.12286511549442895,0.42703280912105374,0.07870684880310036,825
full4,v2jupurge_lag1,-1.8554399394989014,Expands Expression,3,0.6261414887279578,0.46104569730482464,0.7662992888574117,0.0802403324141668,825
full4,v2jupurge_lag1,-1.7406199407577514,Mixed Outcome,2,0.1320307176350227,0.06633377703471459,0.24567317116268317,0.04451290879024466,825
full4,v2jupurge_lag1,-1.7406199407577514,Contracts Expression,1,0.2451941511417354,0.12666031312449194,0.421162108188825,0.07614664790926527,825
full4,v2jupurge_lag1,-1.7406199407577514,Expands Expression,3,0.6227751312232422,0.46314464121343374,0.7595798369946353,0.07779478564411912,825
full4,v2jupurge_lag1,-1.6257999420166016,Mixed Outcome,2,0.13443983448213084,0.0690774397576066,0.24534925484956896,0.04385691295391867,825
full4,v2jupurge_lag1,-1.6257999420166016,Contracts Expression,1,0.2461744611025864,0.13053985204563276,0.4153123150581488,0.07357458573504809,825
full4,v2jupurge_lag1,-1.6257999420166016,Expands Expression,3,0.6193857044152832,0.4651925265871258,0.7527510445616142,0.0753438739025748,825
full4,v2jupurge_lag1,-1.5109799432754518,Mixed Outcome,2,0.1368825790770936,0.07192229019303442,0.2450248300445659,0.04316630103091319,825
full4,v2jupurge_lag1,-1.5109799432754518,Contracts Expression,1,0.24714408067694346,0.13450325885416017,0.40948625493209967,0.07099158748873959,825
full4,v2jupurge_lag1,-1.5109799432754518,Expands Expression,3,0.6159733402459623,0.46718825796618996,0.7458157661496553,0.07288867459605843,825
full4,v2jupurge_lag1,-1.3961599445343018,Mixed Outcome,2,0.13935909147586018,0.07487097810122793,0.24470040678575747,0.042440736619064084,825
full4,v2jupurge_lag1,-1.3961599445343018,Contracts Expression,1,0.24810272732098645,0.13854977471041768,0.4036869645394164,0.06839869057682181,825
full4,v2jupurge_lag1,-1.3961599445343018,Expands Expression,3,0.6125381812031536,0.4691306030346032,0.7387772115728428,0.07043035676651083,825
full4,v2jupurge_lag1,-1.2813399457931518,Mixed Outcome,2,0.14186950150250152,0.07792610827701854,0.24437656974392014,0.04167993291862618,825
full4,v2jupurge_lag1,-1.2813399457931518,Contracts Expression,1,0.24905011801605434,0.14267830762616643,0.3979177345286682,0.06579706675865878,825
full4,v2jupurge_lag1,-1.2813399457931518,Expands Expression,3,0.6090803804814441,0.47101816350002224,0.7316389752288642,0.06797019565724333,825
full4,v2jupurge_lag1,-1.166519947052002,Mixed Outcome,2,0.14441392844335849,0.08109022201042945,0.24405399112838952,0.04088366024946882,825
full4,v2jupurge_lag1,-1.166519947052002,Contracts Expression,1,0.2499859694199732,0.1468873738478612,0.3921821627947794,0.06318804988500255,825
full4,v2jupurge_lag1,-1.166519947052002,Expands Expression,3,0.6056001021366685,0.472849339793568,0.7244050710165075,0.06550959042535419,825
full4,v2jupurge_lag1,-1.0516999483108522,Mixed Outcome,2,0.14699248074402116,0.08436577529143326,0.24373344630263577,0.04005175496010516,825
full4,v2jupurge_lag1,-1.0516999483108522,Contracts Expression,1,0.2509099980221385,0.15117502510154823,0.3864842219910476,0.060573170881044996,825
full4,v2jupurge_lag1,-1.0516999483108522,Expands Expression,3,0.6020975212338397,0.4746222880359307,0.7170799743451799,0.06305008579508681,825
full4,v2jupurge_lag1,-0.9368799495697022,Mixed Outcome,2,0.14960525570964575,0.08775511306568813,0.24341583278188858,0.039184130070196964,825
full4,v2jupurge_lag1,-0.9368799495697022,Contracts Expression,1,0.25182192030226525,0.155538757351138,0.3808283455938941,0.05795420220386807,825
full4,v2jupurge_lag1,-0.9368799495697022,Expands Expression,3,0.5985728239880898,0.47633486727090113,0.7096686732201496,0.06059339867431739,825
full4,v2jupurge_lag1,-0.8220599508285522,Mixed Outcome,2,0.15225233920910158,0.09126043865650117,0.2431021934782357,0.038280788086660834,825
full4,v2jupurge_lag1,-0.8220599508285522,Contracts Expression,1,0.252721452892706,0.159975395176589,0.3752195384337955,0.05533321479376219,825
full4,v2jupurge_lag1,-0.8220599508285522,Expands Expression,3,0.5950262078981928,0.4779845743840547,0.7021767309739696,0.058141451054620465,825
full4,v2jupurge_lag1,-0.7072399520874022,Mixed Outcome,2,0.15493380538347234,0.09488377721417962,0.2427937453146718,0.03734183656410368,825
full4,v2jupurge_lag1,-0.7072399520874022,Contracts Expression,1,0.2536083127442192,0.16448094372252708,0.36966351976233464,0.052712651640329136,825
full4,v2jupurge_lag1,-0.7072399520874022,Expands Expression,3,0.5914578818723092,0.47956846335420644,0.6946103639881452,0.055696410909163364,825
full4,v2jupurge_lag1,-0.5924199533462526,Mixed Outcome,2,0.1576497163594259,0.09862693171438552,0.24249191467152686,0.03636750715474613,825
full4,v2jupurge_lag1,-0.5924199533462526,Contracts Expression,1,0.25448221729507947,0.16905039714158623,0.3641669099514906,0.05009542363010277,825
full4,v2jupurge_lag1,-0.5924199533462526,Expands Expression,3,0.5878680663454943,0.48108304447065586,0.6869765387673439,0.05326074332151622,825
full4,v2jupurge_lag1,-0.47759995460510263,Mixed Outcome,2,0.16040012196798312,0.10249142957084745,0.2421983815874455,0.03535817912713158,825
full4,v2jupurge_lag1,-0.47759995460510263,Contracts Expression,1,0.2553428846433908,0.1736774881873533,0.3587374761915408,0.047485035523580625,825
full4,v2jupurge_lag1,-0.47759995460510263,Expands Expression,3,0.584256993388626,0.4825241578085444,0.6792830940728756,0.050837274764219405,825
full4,v2jupurge_lag1,-0.3627799558639526,Mixed Outcome,2,0.16318505946921877,0.10647845730966783,0.24191513525860692,0.034314408650005394,825
full4,v2jupurge_lag1,-0.3627799558639526,Contracts Expression,1,0.25619003372246624,0.1783543575810112,0.35338445858447454,0.044885752990348284,825
full4,v2jupurge_lag1,-0.3627799558639526,Expands Expression,3,0.5806249068083157,0.48388681349702545,0.6715388955839331,0.04842927434511366,825
full4,v2jupurge_lag1,-0.24795995712280305,Mixed Outcome,2,0.1660045532834285,0.11058877991097739,0.2416445442247635,0.033236965568982466,825
full4,v2jupurge_lag1,-0.24795995712280305,Contracts Expression,1,0.2570233844791345,0.1830711132738567,0.34811900653172206,0.04230282597464341,825
full4,v2jupurge_lag1,-0.24795995712280305,Expands Expression,3,0.5769720622374365,0.48516498901870486,0.6637540328551328,0.046040557014435386,825
full4,v2jupurge_lag1,-0.13313995838165305,Mixed Outcome,2,0.16885861472930877,0.11482264027057111,0.24138944578816393,0.032126879994282855,825
full4,v2jupurge_lag1,-0.13313995838165305,Contracts Expression,1,0.2578426580548152,0.18781523785617016,0.34295476718659706,0.03974278972985051,825
full4,v2jupurge_lag1,-0.13313995838165305,Expands Expression,3,0.5732987272158755,0.48635137083422725,0.6559400712876423,0.04367561523298038,825
full4,v2jupurge_lag1,-0.018319959640503036,Mixed Outcome,2,0.17174724176968173,0.11917963264785121,0.2411532608021062,0.0309855018297422,825
full4,v2jupurge_lag1,-0.018319959640503036,Contracts Expression,1,0.25864757696919155,0.19257078614903395,0.3379086839562455,0.03721387314734857,825
full4,v2jupurge_lag1,-0.018319959640503036,Expands Expression,3,0.5696051812611262,0.4874370239514607,0.6481103755098997,0.041339787483544554,825
full4,v2jupurge_lag1,0.09650003910064697,Mixed Outcome,2,0.1746704187653232,0.12365854177660503,0.24094014216085244,0.029814577493632047,825
full4,v2jupurge_lag1,0.09650003910064697,Contracts Expression,1,0.25943786530631824,0.19731729389514704,0.3330020841564602,0.03472655480327049,825
full4,v2jupurge_lag1,0.09650003910064697,Expands Expression,3,0.5658917159283589,0.48841096869547657,0.6402805249307711,0.03903947424439461,825
full4,v2jupurge_lag1,0.21132003784179698,Mixed Outcome,2,0.177628116237418,0.1282571362906288,0.24075516835275187,0.028616349628524634,825
full4,v2jupurge_lag1,0.21132003784179698,Contracts Expression,1,0.26021324890297226,0.20202829364071742,0.32826215974743256,0.03229431984898043,825
full4,v2jupurge_lag1,0.21132003784179698,Expands Expression,3,0.5621586348596097,0.4892596392842995,0.6324688468837807,0.03678241443189161,825
full4,v2jupurge_lag1,0.32614003658294655,Mixed Outcome,2,0.18062029063919902,0.1329719009526066,0.24060459760832653,0.027393687726016414,825
full4,v2jupurge_lag1,0.32614003658294655,Contracts Expression,1,0.26097345553907797,0.2066693119437181,0.3237239670347618,0.029934682132631975,825
full4,v2jupurge_lag1,0.32614003658294655,Expands Expression,3,0.5584062538217236,0.48996619500200445,0.6246970965979683,0.03457803728719478,825
full4,v2jupurge_lag1,0.44096003532409656,Mixed Outcome,2,0.18364688413730282,0.1377976864991758,0.24049620385683287,0.026150260492834712,825
full4,v2jupurge_lag1,0.44096003532409656,Contracts Expression,1,0.26171821512997107,0.21119522323715542,0.3194330700242362,0.02767053542476602,825
full4,v2jupurge_lag1,0.44096003532409656,Expands Expression,3,0.5546349007327257,0.4905096545259259,0.6169913134696153,0.03243790483407506,825
full4,v2jupurge_lag1,0.5557800340652466,Mixed Outcome,2,0.18670782440336958,0.14272724833567899,0.2404397232916736,0.02489076465840936,825
full4,v2jupurge_lag1,0.5557800340652466,Contracts Expression,1,0.26244725992033796,0.21554691155236191,0.31544887624328194,0.025531859058123198,825
full4,v2jupurge_lag1,0.5557800340652466,Expands Expression,3,0.550844915676292,0.49086383313210835,0.6093828739454242,0.030376255403806708,825
full4,v2jupurge_lag1,0.6706000328063961,Mixed Outcome,2,0.18980302441642152,0.14775063560260812,0.24044745006399434,0.02362122988716164,825
full4,v2jupurge_lag1,0.6706000328063961,Contracts Expression,1,0.26316032467958617,0.21964745484358944,0.31184845030424185,0.023557669057124662,825
full4,v2jupurge_lag1,0.6706000328063961,Expands Expression,3,0.5470366509039931,0.4909960924280602,0.6019097314058954,0.028410643519290332,825
full4,v2jupurge_lag1,0.7854200315475461,Mixed Outcome,2,0.19293238227653692,0.15285438070442753,0.24053503106287344,0.022349425302379194,825
full4,v2jupurge_lag1,0.7854200315475461,Contracts Expression,1,0.26385714689843753,0.22339870065327913,0.30872993648376024,0.02179777245500484,825
full4,v2jupurge_lag1,0.7854200315475461,Expands Expression,3,0.5432104708250245,0.49086598300611844,0.5946177626969272,0.02656263542039258,825
full4,v2jupurge_lag1,0.9002400302886961,Mixed Outcome,2,0.1960957810303315,0.15802042845299408,0.24072252068772507,0.02108539872575392,825
full4,v2jupurge_lag1,0.9002400302886961,Contracts Expression,1,0.26453746698651587,0.22668037775300884,0.30621344569797626,0.02031323181853177,825
full4,v2jupurge_lag1,0.9002400302886961,Expands Expression,3,0.5393667519831523,0.490424002156829,0.5875619992138824,0.02485844729027221,825
full4,v2jupurge_lag1,1.0150600290298462,Mixed Outcome,2,0.1992930885087447,0.16322474012356808,0.24103576038083283,0.019842181727262476,825
full4,v2jupurge_lag1,1.0150600290298462,Contracts Expression,1,0.26520102847068616,0.2293556435401177,0.3044355071043161,0.01917355152114103,825
full4,v2jupurge_lag1,1.0150600290298462,Expands Expression,3,0.5355058830205688,0.4896109337497234,0.5808072754775129,0.023329288342581456,825
full4,v2jupurge_lag1,1.1298800277709962,Mixed Outcome,2,0.20252415717762565,0.16843552710265994,0.24150812831608734,0.018636683729411213,825
full4,v2jupurge_lag1,1.1298800277709962,Contracts Expression,1,0.26584757819391613,0.23128768430505517,0.30353246722570976,0.01844823045259446,825
full4,v2jupurge_lag1,1.1298800277709962,Expands Expression,3,0.531628264628458,0.48835858336488824,0.5744274821667387,0.022010994411951406,825
full4,v2jupurge_lag1,1.2447000265121462,Mixed Outcome,2,0.20578882400158957,0.1736111461558388,0.24218262729946158,0.017490759005157487,825
full4,v2jupurge_lag1,1.2447000265121462,Contracts Expression,1,0.266476866514397,0.23236818826010291,0.30361201671486326,0.01819226083819515,825
full4,v2jupurge_lag1,1.2447000265121462,Expands Expression,3,0.5277343094840139,0.48659304472643033,0.568502287607887,0.020942372695184293,825
full4,v2jupurge_lag1,1.3595200252532962,Mixed Outcome,2,0.20908691032160287,0.1786978878284226,0.24311407946134556,0.01643232872342445,825
full4,v2jupurge_lag1,1.3595200252532962,Contracts Expression,1,0.26708864750468386,0.2325483970781905,0.3047221390158179,0.018430309653239316,825
full4,v2jupurge_lag1,1.3595200252532962,Expands Expression,3,0.5238244421737133,0.4842415705370406,0.5631102546729839,0.020161709792374964,825
full4,v2jupurge_lag1,1.4743400239944453,Mixed Outcome,2,0.21241822174675587,0.18362830180552386,0.24437078401600687,0.015496229970419783,825
full4,v2jupurge_lag1,1.4743400239944453,Contracts Expression,1,0.26768267915058847,0.23185488913627203,0.3068353277338388,0.01914868075819689,825
full4,v2jupurge_lag1,1.4743400239944453,Expands Expression,3,0.5198990991026563,0.4812431099387855,0.5583182909151306,0.019701409822337205,825
full4,v2jupurge_lag1,1.5891600227355953,Mixed Outcome,2,0.21578254806062563,0.18832137703501753,0.2460343203947983,0.014724119995461839,825
full4,v2jupurge_lag1,1.5891600227355953,Contracts Expression,1,0.2682587235495607,0.23037898848591995,0.30985917869289265,0.020300719401060707,825
full4,v2jupurge_lag1,1.5891600227355953,Expands Expression,3,0.5159587283898143,0.4775604026777568,0.5541695419169411,0.019581836231212155,825
full4,v2jupurge_lag1,1.7039800214767453,Mixed Outcome,2,0.21917966314266285,0.19268661039342153,0.2481954630917161,0.014162398831997793,825
full4,v2jupurge_lag1,1.7039800214767453,Contracts Expression,1,0.26881654710830033,0.22824764492161026,0.3136655113108012,0.021821657921835512,825
full4,v2jupurge_lag1,1.7039800214767453,Expands Expression,3,0.5120037897490367,0.47318927536310246,0.5506740825155345,0.019806575313682455,825
full4,v2jupurge_lag1,1.8188000202178953,Mixed Outcome,2,0.22260932490497004,0.19663390416196744,0.250944268080194,0.013857161233477503,825
full4,v2jupurge_lag1,1.8188000202178953,Contracts Expression,1,0.2693559207393051,0.22559368674079586,0.31812011769641957,0.02364377532508515,825
full4,v2jupurge_lag1,1.8188000202178953,Expands Expression,3,0.5080347543557242,0.46816075770146587,0.5478067880769509,0.020361354212152866,825
full4,v2jupurge_lag1,1.9336200189590453,Mixed Outcome,2,0.226071275244846,0.20008896466417975,0.25435465858291423,0.013846345692089385,825
full4,v2jupurge_lag1,1.9336200189590453,Contracts Expression,1,0.26987662005611135,0.22253685071751525,0.32310173494334704,0.02570605814614415,825
full4,v2jupurge_lag1,1.9336200189590453,Expands Expression,3,0.5040521046990427,0.4625348780322906,0.5455135265477599,0.021217194782326657,825
full4,v2jupurge_lag1,2.0484400177001953,Mixed Outcome,2,0.22956524001343287,0.20300935149410917,0.25846836090469644,0.014151555106775881,825
full4,v2jupurge_lag1,2.0484400177001953,Contracts Expression,1,0.2703784255669228,0.2191763198784833,0.3285095100251396,0.027957993130364595,825
full4,v2jupurge_lag1,2.0484400177001953,Expands Expression,3,0.5000563344196444,0.45638920827631346,0.5437226012240353,0.02233623919282546,825
full4,v2jupurge_lag1,2.1632600164413454,Mixed Outcome,2,0.2330909290007903,0.20539318370916718,0.26328618409861637,0.014773626100214146,825
full4,v2jupurge_lag1,2.1632600164413454,Contracts Expression,1,0.2708611228663541,0.21559051633392004,0.33426321003192877,0.030359662196299483,825
full4,v2jupurge_lag1,2.1632600164413454,Expands Expression,3,0.496047948132856,0.4498069700039505,0.5423566325821029,0.02367779611088779,825
full4,v2jupurge_lag1,2.2780800151824945,Mixed Outcome,2,0.2366480359376772,0.2072755789971801,0.2687715676038958,0.015694457048379115,825
full4,v2jupurge_lag1,2.2780800151824945,Contracts Expression,1,0.2713245028250215,0.21184003725611955,0.3403002896450849,0.03288023702172411,825
full4,v2jupurge_lag1,2.2780800151824945,Expands Expression,3,0.49202746123730234,0.44286811504248763,0.5413414658015923,0.025202869452623098,825
full4,v2jupurge_lag1,2.3929000139236445,Mixed Outcome,2,0.2402362385143092,0.20871561671267702,0.27486360611068483,0.0168836689564919,825
full4,v2jupurge_lag1,2.3929000139236445,Contracts Expression,1,0.27176836177667235,0.20797131112788647,0.3465722387157227,0.0354961085356174,825
full4,v2jupurge_lag1,2.3929000139236445,Expands Expression,3,0.48799539970901906,0.4356443157291733,0.5406111689212701,0.026876694769089923,825
full4,v2jupurge_lag1,2.5077200126647945,Mixed Outcome,2,0.24385519841633155,0.2097813253756209,0.28149205120981274,0.018306271483256874,825
full4,v2jupurge_lag1,2.5077200126647945,Contracts Expression,1,0.27219250170259485,0.2040199217895726,0.35304126240447503,0.03818918752588665,825
full4,v2jupurge_lag1,2.5077200126647945,Expands Expression,3,0.4839522998810728,0.42819713628792966,0.5401098501950968,0.028669655750637055,825
full4,v2jupurge_lag1,2.6225400114059445,Mixed Outcome,2,0.2475045613782063,0.21053848970428257,0.2885884949059951,0.01992837765565573,825
full4,v2jupurge_lag1,2.6225400114059445,Contracts Expression,1,0.2725967304130132,0.2000132915074466,0.35967760264312254,0.04094553334628945,825
full4,v2jupurge_lag1,2.6225400114059445,Expands Expression,3,0.4798987082087795,0.4205781725941052,0.5397915074267571,0.030557199494763754,825
full4,v2jupurge_lag1,2.7373600101470945,Mixed Outcome,2,0.2511839572541887,0.21104477737869778,0.29609223494551007,0.02172020259539667,825
full4,v2jupurge_lag1,2.7373600101470945,Contracts Expression,1,0.2729808617251839,0.19597273091739145,0.366457493047119,0.04375430634316902,825
full4,v2jupurge_lag1,2.7373600101470945,Expands Expression,3,0.47583518102062666,0.41283014327443396,0.5396189263752981,0.03251926896339592,825
full4,v2jupurge_lag1,2.8521800088882445,Mixed Outcome,2,0.25489300010704014,0.21134793972504046,0.30395206791068163,0.02365698260697518,825
full4,v2jupurge_lag1,2.8521800088882445,Contracts Expression,1,0.2733447156379189,0.19191496543180117,0.3733616376713061,0.04660698784896417,825
full4,v2jupurge_lag1,2.8521800088882445,Expands Expression,3,0.47176228425504096,0.40498828705997525,0.5395622733509051,0.03453958120783358,825
full4,v2jupurge_lag1,2.9670000076293945,Mixed Outcome,2,0.2586312883145878,0.2114862708079593,0.31212582572999975,0.02571874143520745,825
full4,v2jupurge_lag1,2.9670000076293945,Contracts Expression,1,0.27368811850225766,0.18785325998325553,0.38037409171412906,0.04949680540854974,825
full4,v2jupurge_lag1,2.9670000076293945,Expands Expression,3,0.46768059318315525,0.3970817301782046,0.5395977182481015,0.036604922426508084,825
full4,wdj_citizen_lag1,-0.3333333432674408,Mixed Outcome,2,0.27382591682207985,0.21632726647959258,0.33997731889324445,0.03164355305773556,825
full4,wdj_citizen_lag1,-0.3333333432674408,Contracts Expression,1,0.2188688629394959,0.15829661279806256,0.2945092025649919,0.03477696804697768,825
full4,wdj_citizen_lag1,-0.3333333432674408,Expands Expression,3,0.5073052202384251,0.4530113995245441,0.5614272735741808,0.027766728890002222,825
full4,wdj_citizen_lag1,-0.306666676402092,Mixed Outcome,2,0.27022895045976864,0.2163090481011703,0.331897372317137,0.029565767409120685,825
full4,wdj_citizen_lag1,-0.306666676402092,Contracts Expression,1,0.22153058410635176,0.1632515928919257,0.29332136801061026,0.033212398195860686,825
full4,wdj_citizen_lag1,-0.306666676402092,Expands Expression,3,0.5082404654338792,0.45638639606279435,0.5599178322093658,0.02650651812647343,825
full4,wdj_citizen_lag1,-0.28000000953674314,Mixed Outcome,2,0.2666560025710495,0.216231562670583,0.3239786245479352,0.027548024402126208,825
full4,wdj_citizen_lag1,-0.28000000953674314,Contracts Expression,1,0.22420558589600517,0.16825837377341574,0.2922198383443362,0.03165515311721073,825
full4,wdj_citizen_lag1,-0.28000000953674314,Expands Expression,3,0.5091384115329454,0.459638031296956,0.5584602443659361,0.02529273433087428,825
full4,wdj_citizen_lag1,-0.25333334267139435,Mixed Outcome,2,0.26310740235040486,0.2160815591207732,0.3162389104052828,0.025597750672020032,825
full4,wdj_citizen_lag1,-0.25333334267139435,Contracts Expression,1,0.22689366457155202,0.1733037879500423,0.29121734970665747,0.030112160955314157,825
full4,wdj_citizen_lag1,-0.25333334267139435,Expands Expression,3,0.5099989330780432,0.4627551529786011,0.5570647755317185,0.02413070306716786,825
full4,wdj_citizen_lag1,-0.22666667580604555,Mixed Outcome,2,0.25958346932617976,0.2158423034163648,0.3086993229284795,0.023724127274039494,825
full4,wdj_citizen_lag1,-0.22666667580604555,Contracts Expression,1,0.229594614610689,0.1783715826501939,0.2903295694309239,0.028591855080808675,825
full4,wdj_citizen_lag1,-0.22666667580604555,Expands Expression,3,0.5108219160631322,0.465724721321094,0.5557436405164938,0.023026736121033904,825
full4,wdj_citizen_lag1,-0.20000000894069672,Mixed Outcome,2,0.25608451326770265,0.2154926107978692,0.30138517404356924,0.02193858319451664,825
full4,wdj_citizen_lag1,-0.20000000894069672,Contracts Expression,1,0.23230822878933927,0.18344170641806606,0.2895758051254164,0.027104536290521793,825
full4,wdj_citizen_lag1,-0.20000000894069672,Expands Expression,3,0.5116072579429585,0.4685315911431103,0.5545112196650865,0.02198824241041118,825
full4,wdj_citizen_lag1,-0.1733333420753479,Mixed Outcome,2,0.2526108340998925,0.21500569097086691,0.29432714334536086,0.020255384316948472,825
full4,wdj_citizen_lag1,-0.1733333420753479,Contracts Expression,1,0.23503429826561942,0.18848946207640513,0.288979847698697,0.025662803609490158,825
full4,wdj_citizen_lag1,-0.1733333420753479,Expands Expression,3,0.5123548676344886,0.4711583602372796,0.5533842089066983,0.021023805291238363,825
full4,wdj_citizen_lag1,-0.1466666752099991,Mixed Outcome,2,0.2491627218254018,0.21434789452194047,0.2875625267185498,0.01869227277783016,825
full4,wdj_citizen_lag1,-0.1466666752099991,Contracts Expression,1,0.2377726126640695,0.19348455114237292,0.2885709232763788,0.024282041026046183,825
full4,wdj_citizen_lag1,-0.1466666752099991,Expands Expression,3,0.5130646655105288,0.47358534769211785,0.5523816399338528,0.02014319379665025,825
full4,wdj_citizen_lag1,-0.12000000834465027,Mixed Outcome,2,0.2457404564543184,0.21347762061421682,0.28113632474277533,0.017271023980212758,825
full4,wdj_citizen_lag1,-0.12000000834465027,Contracts Expression,1,0.24052296016008484,0.19839009400547886,0.28838466973158766,0.022980917320440563,825
full4,wdj_citizen_lag1,-0.12000000834465027,Expands Expression,3,0.5137365833855969,0.47579078773252254,0.5515246849658914,0.019357264204534368,825
full4,wdj_citizen_lag1,-0.09333334147930145,Mixed Outcome,2,0.24234430794147366,0.2123449537007014,0.2751016031337567,0.016017631496051468,825
full4,wdj_citizen_lag1,-0.09333334147930145,Contracts Expression,1,0.24328512756448384,0.20316181585184617,0.2884639478774972,0.021781802290199236,825
full4,wdj_citizen_lag1,-0.09333334147930145,Expands Expression,3,0.5143705644940432,0.4777513386470093,0.5508361465472972,0.018677701172381503,825
full4,wdj_citizen_lag1,-0.06666667461395265,Mixed Outcome,2,0.23897453613136396,0.21089302875828622,0.2695181257008517,0.014961609704765927,825
full4,wdj_citizen_lag1,-0.06666667461395265,Contracts Expression,1,0.24605890040814182,0.20774775127177725,0.28885913441426736,0.02071091959899139,825
full4,wdj_citizen_lag1,-0.06666667461395265,Expands Expression,3,0.5149665634604941,0.47944299736782214,0.5503395418315312,0.018116552245157073,825
full4,wdj_citizen_lag1,-0.04000000774860385,Mixed Outcome,2,0.23563139071069497,0.20906246095289158,0.2644479238868742,0.01413373223597407,825
full4,wdj_citizen_lag1,-0.04000000774860385,Contracts Expression,1,0.24884406302662238,0.21208902073510355,0.2896273434769175,0.019797954356915382,825
full4,wdj_citizen_lag1,-0.04000000774860385,Expands Expression,3,0.5155245462626827,0.4808424592109203,0.5500577418583381,0.01768553554834653,825
full4,wdj_citizen_lag1,-0.013333340883254996,Mixed Outcome,2,0.23231511116856135,0.20679981396650618,0.2599468286295807,0.013561708657769315,825
full4,wdj_citizen_lag1,-0.013333340883254996,Contracts Expression,1,0.25164039864472826,0.21612237277970162,0.29082988296454787,0.019074761760655794,825
full4,wdj_citizen_lag1,-0.013333340883254996,Expands Expression,3,0.5160444901867114,0.4819288566433334,0.5500112319699552,0.017395154315775044,825
full4,wdj_citizen_lag1,0.013333325982093802,Mixed Outcome,2,0.22902592676424743,0.20406925428187717,0.2560528172133906,0.013264233906759857,825
full4,wdj_citizen_lag1,0.013333325982093802,Contracts Expression,1,0.25444768946091056,0.21978505333899132,0.29252738425280933,0.018572890542589537,825
full4,wdj_citizen_lag1,0.013333325982093802,Expands Expression,3,0.5165263837748421,0.4826856631994281,0.5502162072556469,0.01725372721743131,825
full4,wdj_citizen_lag1,0.0399999928474426,Mixed Outcome,2,0.22576405650263093,0.20086350995911154,0.252775056536385,0.013245390478760378,825
full4,wdj_citizen_lag1,0.0399999928474426,Contracts Expression,1,0.2572657167314494,0.22302189483975657,0.2947727126811414,0.018319975864124573,825
full4,wdj_citizen_lag1,0.0399999928474426,Expands Expression,3,0.5169702267659195,0.48310241101032675,0.5506828545691619,0.017266513638119773,825
full4,wdj_citizen_lag1,0.06666665971279145,Mixed Outcome,2,0.22252970911717035,0.1972085574734896,0.2500892191779208,0.013492248796812222,825
full4,wdj_citizen_lag1,0.06666665971279145,Contracts Expression,1,0.26009426085433596,0.2257932945494184,0.29760298935736057,0.0183356798300015,825
full4,wdj_citizen_lag1,0.06666665971279145,Expands Expression,3,0.5173760300284944,0.4831758234065035,0.551414219665606,0.01743513703480584,825
full4,wdj_citizen_lag1,0.09333332657814025,Mixed Outcome,2,0.2193230830604412,0.19315900049161652,0.24794210834051825,0.0139772158564308,825
full4,wdj_citizen_lag1,0.09333332657814025,Contracts Expression,1,0.26293310145277665,0.22808158704219111,0.3010332194292972,0.018628451462844295,825
full4,wdj_citizen_lag1,0.09333332657814025,Expands Expression,3,0.5177438154867832,0.4829100673379627,0.5524059547177863,0.017757456857850358,825
full4,wdj_citizen_lag1,0.11999999344348905,Mixed Outcome,2,0.21614436650217045,0.18878656822223042,0.24626316397704495,0.01466389500289017,825
full4,wdj_citizen_lag1,0.11999999344348905,Contracts Expression,1,0.2657820174582537,0.2298932976289025,0.30505403999370817,0.019194386942309766,825
full4,wdj_citizen_lag1,0.11999999344348905,Expands Expression,3,0.5180736160395756,0.4823160648403062,0.5536470069857748,0.018227919988633233,825
full4,wdj_citizen_lag1,0.1466666603088379,Mixed Outcome,2,0.2129937373347249,0.18416745336022153,0.24497713002952434,0.015513539643201592,825
full4,wdj_citizen_lag1,0.1466666603088379,Contracts Expression,1,0.26864078719304924,0.2312563760549096,0.3096344883520592,0.02001864851778602,825
full4,wdj_citizen_lag1,0.1466666603088379,Expands Expression,3,0.5183654754722254,0.48141006429342553,0.5551210478927503,0.018838289334732243,825
full4,wdj_citizen_lag1,0.1733333271741867,Mixed Outcome,2,0.2098713631859887,0.17937296441302014,0.24401340793309634,0.016489818345151078,825
full4,wdj_citizen_lag1,0.1733333271741867,Contracts Expression,1,0.2715091884521645,0.2322137537145944,0.3147284473728842,0.021078756338864368,825
full4,wdj_citizen_lag1,0.1733333271741867,Expands Expression,3,0.5186194483618468,0.4802118384417171,0.5568082755357062,0.019578562506354934,825
full4,wdj_citizen_lag1,0.1999999940395355,Mixed Outcome,2,0.2067774014395565,0.1744647142514485,0.24331087448422695,0.01756126782568205,825
full4,wdj_citizen_lag1,0.1999999940395355,Contracts Expression,1,0.2743869985845594,0.2328158043581674,0.32028218799149855,0.022348437204093338,825
full4,wdj_citizen_lag1,0.1999999940395355,Expands Expression,3,0.5188355999758842,0.47874289003677084,0.55868720976526,0.020437886447569813,825
full4,wdj_citizen_lag1,0.2266666609048843,Mixed Outcome,2,0.20371199926216804,0.1694933446232982,0.24281916427540912,0.018701943737427243,825
full4,wdj_citizen_lag1,0.2266666609048843,Contracts Expression,1,0.2772739945736286,0.2331139253765128,0.32624079176329396,0.023800899803253426,825
full4,wdj_citizen_lag1,0.2266666609048843,Expands Expression,3,0.5190140061642037,0.477024940000386,0.560736204929625,0.02140532794445516,825
full4,wdj_citizen_lag1,0.2533333277702331,Mixed Outcome,2,0.20067529363828843,0.16449924462220186,0.24249795864381216,0.019891055506632383,825
full4,wdj_citizen_lag1,0.2533333277702331,Contracts Expression,1,0.2801699531168477,0.23315624733264045,0.3325524457999403,0.025411023123211553,825
full4,wdj_citizen_lag1,0.2533333277702331,Expands Expression,3,0.5191547532448652,0.475078825244335,0.5629345531369614,0.022470435273952403,825
full4,wdj_citizen_lag1,0.279999994635582,Mixed Outcome,2,0.1976674114117424,0.1595140759741289,0.24231546821199168,0.021112190495021874,825
full4,wdj_citizen_lag1,0.279999994635582,Contracts Expression,1,0.2830746507045016,0.23298541820451835,0.33917066361818826,0.02715648593139151,825
full4,wdj_citizen_lag1,0.279999994635582,Expands Expression,3,0.5192579378837557,0.47292380963590197,0.5652631745355651,0.023623589286526227,825
full4,wdj_citizen_lag1,0.3066666615009308,Mixed Outcome,2,0.19468846933429737,0.15456243048617577,0.2422467836167753,0.02235247139364275,825
full4,wdj_citizen_lag1,0.3066666615009308,Contracts Expression,1,0.2859878636974364,0.2326379051695993,0.34605498906155285,0.029018121968711886,825
full4,wdj_citizen_lag1,0.3066666615009308,Expands Expression,3,0.519323666968266,0.4705772394310541,0.5677049632763912,0.02485617898697529,825
full4,wdj_citizen_lag1,0.3333333283662796,Mixed Outcome,2,0.1917385741210717,0.14966331879411962,0.2422723952322554,0.02360180013838392,825
full4,wdj_citizen_lag1,0.3333333283662796,Contracts Expression,1,0.2889093684037502,0.23214420116251494,0.3531707960484811,0.030979813660993515,825
full4,wdj_citizen_lag1,0.3333333283662796,Expands Expression,3,0.5193520574751772,0.468054449603033,0.5702448827143949,0.026160649344444304,825
full4,wdj_citizen_lag1,0.3599999952316284,Mixed Outcome,2,0.18881782251265772,0.1448313976602069,0.2423769745790292,0.02485223552210353,825
full4,wdj_citizen_lag1,0.3599999952316284,Contracts Expression,1,0.2918389411543563,0.23152946837487037,0.36048865196145247,0.033028163094073755,825
full4,wdj_citizen_lag1,0.3599999952316284,Expands Expression,3,0.519343236332986,0.4653688325656953,0.5728698983318021,0.02753046645519787,825
full4,wdj_citizen_lag1,0.3866666620969772,Mixed Outcome,2,0.18592630134381918,0.14007793876307292,0.24254841442330083,0.026097502901127174,825
full4,wdj_citizen_lag1,0.3866666620969772,Contracts Expression,1,0.29477635837735183,0.2308143258209801,0.3679835375300163,0.03515208967539717,825
full4,wdj_citizen_lag1,0.3866666620969772,Expands Expression,3,0.5192973402788288,0.4625319990966976,0.5755688185586937,0.028960035833007127,825
full4,wdj_citizen_lag1,0.413333328962326,Mixed Outcome,2,0.18306408761863377,0.1354115768609887,0.24277708963262914,0.027332616596548003,825
full4,wdj_citizen_lag1,0.413333328962326,Contracts Expression,1,0.2977213966711206,0.2300156239190663,0.3756340802334806,0.037342434583046834,825
full4,wdj_citizen_lag1,0.413333328962326,Expands Expression,3,0.5192145157102466,0.45955398189837515,0.5783320930319789,0.030444599073149194,825
full4,wdj_citizen_lag1,0.4399999958276749,Mixed Outcome,2,0.18023124859191936,0.13083888198962157,0.24305529407719892,0.028553592149996358,825
full4,wdj_citizen_lag1,0.4399999958276749,Contracts Expression,1,0.30067383287610727,0.2291471355701853,0.3834218717104415,0.03959160794794078,825
full4,wdj_citizen_lag1,0.4399999958276749,Expands Expression,3,0.519094918531973,0.4564434499387965,0.5811516001276004,0.031980125104876266,825
full4,wdj_citizen_lag1,0.4666666626930237,Mixed Outcome,2,0.1774278418568158,0.1263647960537245,0.24337681317050244,0.029757227800552066,825
full4,wdj_citizen_lag1,0.4666666626930237,Contracts Expression,1,0.303633444145203,0.22822014153649212,0.3913308913410427,0.04189329006525598,825
full4,wdj_citizen_lag1,0.4666666626930237,Expands Expression,3,0.5189387139979806,0.45320791491947077,0.5840204423954661,0.03356320551404373,825
full4,wdj_citizen_lag1,0.4933333295583725,Mixed Outcome,2,0.1746539154383329,0.12199296670681854,0.24373659911069723,0.03094093836625549,825
full4,wdj_citizen_lag1,0.4933333295583725,Contracts Expression,1,0.30660000801267734,0.22724391186469894,0.39934703421911366,0.04424218571956706,825
full4,wdj_citizen_lag1,0.4933333295583725,Expands Expression,3,0.5187460765489913,0.44985392020409887,0.5869327595375097,0.035190958835844506,825
full4,wdj_citizen_lag1,0.5199999964237213,Mixed Outcome,2,0.17190950789272263,0.11772600402052862,0.24413052328039647,0.03210262849130618,825
full4,wdj_citizen_lag1,0.5199999964237213,Contracts Expression,1,0.30957330246160086,0.22622609518682402,0.4074577316424247,0.04663382556762888,825
full4,wdj_citizen_lag1,0.5199999964237213,Expands Expression,3,0.5185171896456762,0.4463872082197254,0.5898835628913625,0.03686094582492273,825
full4,wdj_citizen_lag1,0.5466666632890701,Mixed Outcome,2,0.1691946484124906,0.11356567921544326,0.24455518649442826,0.03324059540247646,825
full4,wdj_citizen_lag1,0.5466666632890701,Contracts Expression,1,0.3125531059897067,0.22517303064659155,0.4156516493300313,0.04906440703941665,825
full4,wdj_citizen_lag1,0.5466666632890701,Expands Expression,3,0.5182522455978018,0.4428128656828333,0.5928685920401748,0.038571096008739196,825
full4,wdj_citizen_lag1,0.5733333301544189,Mixed Outcome,2,0.1665093569368678,0.10951307982974241,0.2450077726847874,0.03435345381958763,825
full4,wdj_citizen_lag1,0.5733333301544189,Contracts Expression,1,0.31553919767364413,0.2240899967600188,0.423918449013377,0.05153066744624164,825
full4,wdj_citizen_lag1,0.5733333301544189,Expands Expression,3,0.5179514453894886,0.4391354478146875,0.5958841923567275,0.04031964490837852,825
full4,wdj_citizen_lag1,0.5999999970197677,Mixed Outcome,2,0.1638536442675652,0.10556873199426314,0.24548593532197424,0.03544007755906894,825
full4,wdj_citizen_lag1,0.5999999970197677,Contracts Expression,1,0.3185313572315567,0.22298140974889888,0.43224860081451566,0.05402978289026686,825
full4,wdj_citizen_lag1,0.5999999970197677,Expands Expression,3,0.5176149985008769,0.43535908355992775,0.5989272114401626,0.04210508087983262,825
full4,wdj_citizen_lag1,0.6266666638851166,Mixed Outcome,2,0.16122751218961465,0.10173269772310561,0.24598770863543157,0.036499553780112215,825
full4,wdj_citizen_lag1,0.6266666638851166,Contracts Expression,1,0.32152936508397495,0.2218509817726112,0.44063323593728476,0.05655928765034762,825
full4,wdj_citizen_lag1,0.6266666638851166,Expands Expression,3,0.5172431227264108,0.43148756411619943,0.601994912109717,0.043926100380764756,825
full4,wdj_citizen_lag1,0.6533333307504654,Mixed Outcome,2,0.15863095359710658,0.09800465309655132,0.24651143773042716,0.03753114686173481,825
full4,wdj_citizen_lag1,0.6533333307504654,Contracts Expression,1,0.3245330024129409,0.22070184747919108,0.4490640312001289,0.05911700974333794,825
full4,wdj_citizen_lag1,0.6533333307504654,Expands Expression,3,0.5168360439899512,0.42752441706240746,0.6050848996402525,0.045781570479708135,825
full4,wdj_citizen_lag1,0.6799999976158142,Mixed Outcome,2,0.15606395262362918,0.0943839517184421,0.2470557231970997,0.038534269663695345,825
full4,wdj_citizen_lag1,0.6799999976158142,Contracts Expression,1,0.3275420512193687,0.21953666556720888,0.457533118666573,0.061701019243144604,825
full4,wdj_citizen_lag1,0.6799999976158142,Expands Expression,3,0.516393996157002,0.4234729681982898,0.6081950610998903,0.04767049751536656,825
full4,wdj_citizen_lag1,0.706666664481163,Mixed Outcome,2,0.15352648477719408,0.09086967673300396,0.24761937690707186,0.03950846048562716,825
full4,wdj_citizen_lag1,0.706666664481163,Contracts Expression,1,0.3305562943785703,0.21835770062005128,0.4660330150603617,0.06430958667074928,825
full4,wdj_citizen_lag1,0.706666664481163,Expands Expression,3,0.5159172208442354,0.41933639296770175,0.6113235148909458,0.049592000937568416,825
full4,wdj_citizen_lag1,0.7333333313465118,Mixed Outcome,2,0.151018517079461,0.08746068387747001,0.24820138650470056,0.0404533644529902,825
full4,wdj_citizen_lag1,0.7333333313465118,Contracts Expression,1,0.33357551569394317,0.2171668893363476,0.4745565667886871,0.06694114934918206,825
full4,wdj_citizen_lag1,0.7333333313465118,Expands Expression,3,0.5154059672265965,0.4151177590847866,0.6144685688498325,0.05154529149190931,825
full4,wdj_citizen_lag1,0.7599999982118606,Mixed Outcome,2,0.14854000820903845,0.08415563744889847,0.24880088670084463,0.04136871836506135,825
full4,wdj_citizen_lag1,0.7599999982118606,Contracts Expression,1,0.33659949994878335,0.21596589438006783,0.4830969072976855,0.06959428407728095,825
full4,wdj_citizen_lag1,0.7599999982118606,Expands Expression,3,0.5148604918421785,0.41082006173575303,0.617628685509125,0.05352965303710396,825
full4,wdj_citizen_lag1,0.7866666650772094,Mixed Outcome,2,0.14609090864865393,0.0809530406197614,0.24941713592310677,0.042254338267954,825
full4,wdj_citizen_lag1,0.7866666650772094,Contracts Expression,1,0.3396280329561965,0.21475614837089488,0.4916474241883412,0.07226768483517954,825
full4,wdj_citizen_lag1,0.7866666650772094,Expands Expression,3,0.5142810583951498,0.40644625251448324,0.6208024533413118,0.05554442739476153,825
full4,wdj_citizen_lag1,0.8133333319425582,Mixed Outcome,2,0.14367116083598394,0.07785126120474459,0.2500494972116378,0.043110109186551955,825
full4,wdj_citizen_lag1,0.8133333319425582,Contracts Expression,1,0.34266090160709956,0.21353888999159856,0.5002017340650409,0.07496014451193696,825
full4,wdj_citizen_lag1,0.8133333319425582,Expands Expression,3,0.5136679375569171,0.40199926305780453,0.6239885629977864,0.057589001730723,825
full4,wdj_citizen_lag1,0.839999998807907,Mixed Outcome,2,0.14128069931792145,0.0748485537324325,0.25069742250013816,0.043935976577260165,825
full4,wdj_citizen_lag1,0.839999998807907,Contracts Expression,1,0.3456978939162856,0.21231519376356062,0.5087536635170085,0.0776705398633803,825
full4,wdj_citizen_lag1,0.839999998807907,Expands Expression,3,0.5130214067657924,0.39748202418483786,0.6271857877202951,0.059662798050833625,825
full4,wdj_citizen_lag1,0.866666665673256,Mixed Outcome,2,0.13891945090807015,0.07194307848710095,0.251360439612635,0.0447319391608284,825
full4,wdj_citizen_lag1,0.866666665673256,Contracts Expression,1,0.34873879906654925,0.21108599471495362,0.5172972349604518,0.08039781907474777,825
full4,wdj_citizen_lag1,0.866666665673256,Expands Expression,3,0.512341750025381,0.39289748120948054,0.6303929672396763,0.061765264464447224,825
full4,wdj_citizen_lag1,0.8933333325386048,Mixed Outcome,2,0.13658733484724445,0.06913291804287636,0.25203814145149955,0.04549804286846101,825
full4,wdj_citizen_lag1,0.8933333325386048,Contracts Expression,1,0.3517834074508687,0.20985210890960965,0.5258266563283885,0.08314099143386232,825
full4,wdj_citizen_lag1,0.8933333325386048,Expands Expression,3,0.5116292577018864,0.3882486059826733,0.6336089945916544,0.0638958679277444,825
full4,wdj_citizen_lag1,0.9199999994039536,Mixed Outcome,2,0.13428426296676127,0.06641609170326573,0.25273017696320776,0.04623437569110201,825
full4,wdj_citizen_lag1,0.9199999994039536,Contracts Expression,1,0.35483151071262503,0.20861425060627925,0.534336313795593,0.0858991187217357,825
full4,wdj_citizen_lag1,0.9199999994039536,Expands Expression,3,0.5108842263206131,0.3835384061281125,0.6368328053753406,0.06605408822793771,825
full4,wdj_citizen_lag1,0.9466666662693024,Mixed Outcome,2,0.13201013985429946,0.06379056817498682,0.25343624355417405,0.04694106326555286,825
full4,wdj_citizen_lag1,0.9466666662693024,Contracts Expression,1,0.35788290178387433,0.20737304666240153,0.5428207668845534,0.08867130800698007,825
full4,wdj_citizen_lag1,0.9466666662693024,Expands Expression,3,0.5101069583618266,0.37876993185917995,0.6400633690586988,0.06823941300964151,825
full4,wdj_citizen_lag1,0.9733333331346512,Mixed Outcome,2,0.1297648630221155,0.061254276740153435,0.2541560806952892,0.047618265064931525,825
full4,wdj_citizen_lag1,0.9733333331346512,Contracts Expression,1,0.3609373749216715,0.20612904867380483,0.5512747454243924,0.09145670559320752,825
full4,wdj_citizen_lag1,0.9733333331346512,Expands Expression,3,0.5092977620562134,0.37394628070217,0.6432996820011373,0.070451333678318,825
full4,wdj_citizen_lag1,1.0,Mixed Outcome,2,0.1275483230773981,0.058805117140331785,0.2548894645057719,0.048266171087471346,825
full4,wdj_citizen_lag1,1.0,Contracts Expression,1,0.3639947257424477,0.20488274324729133,0.5596931479316245,0.09425449191654194,825
full4,wdj_citizen_lag1,1.0,Expands Expression,3,0.5084569511801549,0.36907060040178136,0.646540761915673,0.0726893420423241,825
