model,predictor,row_id,value,run,sample
full1,court_independence_lag1,3,3.0369999408721924,regime_comparison_01,democracy
full1,court_independence_lag1,4,3.0139999389648438,regime_comparison_01,democracy
full1,court_independence_lag1,5,3.0139999389648438,regime_comparison_01,democracy
full1,court_independence_lag1,6,3.0369999408721924,regime_comparison_01,democracy
full1,court_independence_lag1,7,3.0139999389648438,regime_comparison_01,democracy
full1,court_independence_lag1,8,3.365999937057495,regime_comparison_01,democracy
full1,court_independence_lag1,9,3.0139999389648438,regime_comparison_01,democracy
full1,court_independence_lag1,10,2.5280001163482666,regime_comparison_01,democracy
full1,court_independence_lag1,11,3.2790000438690186,regime_comparison_01,democracy
full1,court_independence_lag1,12,3.0139999389648438,regime_comparison_01,democracy
full1,court_independence_lag1,13,3.0139999389648438,regime_comparison_01,democracy
full1,court_independence_lag1,14,3.0139999389648438,regime_comparison_01,democracy
full1,court_independence_lag1,15,3.2790000438690186,regime_comparison_01,democracy
full1,court_independence_lag1,16,3.0139999389648438,regime_comparison_01,democracy
full1,court_independence_lag1,17,3.0139999389648438,regime_comparison_01,democracy
full1,court_independence_lag1,19,3.0139999389648438,regime_comparison_01,democracy
full1,court_independence_lag1,33,-1.3279999494552612,regime_comparison_01,democracy
full1,court_independence_lag1,35,1.9490000009536743,regime_comparison_01,democracy
full1,court_independence_lag1,37,1.9490000009536743,regime_comparison_01,democracy
full1,court_independence_lag1,38,1.2790000438690186,regime_comparison_01,democracy
full1,court_independence_lag1,39,1.6699999570846558,regime_comparison_01,democracy
full1,court_independence_lag1,48,2.1989998817443848,regime_comparison_01,democracy
full1,court_independence_lag1,49,2.1989998817443848,regime_comparison_01,democracy
full1,court_independence_lag1,50,2.1989998817443848,regime_comparison_01,democracy
full1,court_independence_lag1,51,2.1989998817443848,regime_comparison_01,democracy
full1,court_independence_lag1,52,2.1989998817443848,regime_comparison_01,democracy
full1,court_independence_lag1,53,2.1989998817443848,regime_comparison_01,democracy
full1,court_independence_lag1,54,2.1989998817443848,regime_comparison_01,democracy
full1,court_independence_lag1,55,2.1989998817443848,regime_comparison_01,democracy
full1,court_independence_lag1,56,2.2890000343322754,regime_comparison_01,democracy
full1,court_independence_lag1,57,2.1989998817443848,regime_comparison_01,democracy
full1,court_independence_lag1,58,2.1989998817443848,regime_comparison_01,democracy
full1,court_independence_lag1,59,2.2890000343322754,regime_comparison_01,democracy
full1,court_independence_lag1,60,2.2890000343322754,regime_comparison_01,democracy
full1,court_independence_lag1,61,2.2890000343322754,regime_comparison_01,democracy
full1,court_independence_lag1,62,2.1989998817443848,regime_comparison_01,democracy
full1,court_independence_lag1,63,2.1989998817443848,regime_comparison_01,democracy
full1,court_independence_lag1,64,2.2890000343322754,regime_comparison_01,democracy
full1,court_independence_lag1,65,2.1989998817443848,regime_comparison_01,democracy
full1,court_independence_lag1,66,2.1989998817443848,regime_comparison_01,democracy
full1,court_independence_lag1,67,2.2890000343322754,regime_comparison_01,democracy
full1,court_independence_lag1,68,2.1989998817443848,regime_comparison_01,democracy
full1,court_independence_lag1,69,2.2890000343322754,regime_comparison_01,democracy
full1,court_independence_lag1,70,2.2890000343322754,regime_comparison_01,democracy
full1,court_independence_lag1,71,2.2890000343322754,regime_comparison_01,democracy
full1,court_independence_lag1,72,2.1989998817443848,regime_comparison_01,democracy
full1,court_independence_lag1,73,2.1989998817443848,regime_comparison_01,democracy
full1,court_independence_lag1,74,2.1989998817443848,regime_comparison_01,democracy
full1,court_independence_lag1,75,2.2890000343322754,regime_comparison_01,democracy
full1,court_independence_lag1,76,1.8730000257492065,regime_comparison_01,democracy
full1,court_independence_lag1,77,2.9030001163482666,regime_comparison_01,democracy
full1,court_independence_lag1,82,1.565000057220459,regime_comparison_01,democracy
full1,court_independence_lag1,83,1.565000057220459,regime_comparison_01,democracy
full1,court_independence_lag1,84,1.565000057220459,regime_comparison_01,democracy
full1,court_independence_lag1,85,2.2239999771118164,regime_comparison_01,democracy
full1,court_independence_lag1,86,1.565000057220459,regime_comparison_01,democracy
full1,court_independence_lag1,89,1.5980000495910645,regime_comparison_01,democracy
full1,court_independence_lag1,90,2.500999927520752,regime_comparison_01,democracy
full1,court_independence_lag1,91,1.5980000495910645,regime_comparison_01,democracy
full1,court_independence_lag1,92,1.5980000495910645,regime_comparison_01,democracy
full1,court_independence_lag1,93,1.5980000495910645,regime_comparison_01,democracy
full1,court_independence_lag1,94,2.2219998836517334,regime_comparison_01,democracy
full1,court_independence_lag1,95,2.5889999866485596,regime_comparison_01,democracy
full1,court_independence_lag1,96,1.5449999570846558,regime_comparison_01,democracy
full1,court_independence_lag1,97,1.0800000429153442,regime_comparison_01,democracy
full1,court_independence_lag1,98,1.0800000429153442,regime_comparison_01,democracy
full1,court_independence_lag1,99,1.0800000429153442,regime_comparison_01,democracy
full1,court_independence_lag1,100,1.0800000429153442,regime_comparison_01,democracy
full1,court_independence_lag1,118,1.7890000343322754,regime_comparison_01,democracy
full1,court_independence_lag1,122,2.1530001163482666,regime_comparison_01,democracy
full1,court_independence_lag1,128,2.1530001163482666,regime_comparison_01,democracy
full1,court_independence_lag1,136,1.7000000476837158,regime_comparison_01,democracy
full1,court_independence_lag1,138,1.7000000476837158,regime_comparison_01,democracy
full1,court_independence_lag1,139,1.7000000476837158,regime_comparison_01,democracy
full1,court_independence_lag1,140,2.1559998989105225,regime_comparison_01,democracy
full1,court_independence_lag1,145,-0.06199999898672104,regime_comparison_01,democracy
full1,court_independence_lag1,161,1.9079999923706055,regime_comparison_01,democracy
full1,court_independence_lag1,162,1.5420000553131104,regime_comparison_01,democracy
full1,court_independence_lag1,163,1.5420000553131104,regime_comparison_01,democracy
full1,court_independence_lag1,164,1.5420000553131104,regime_comparison_01,democracy
full1,court_independence_lag1,169,1.4019999504089355,regime_comparison_01,democracy
full1,court_independence_lag1,170,1.9670000076293945,regime_comparison_01,democracy
full1,court_independence_lag1,171,1.0850000381469727,regime_comparison_01,democracy
full1,court_independence_lag1,172,1.0850000381469727,regime_comparison_01,democracy
full1,court_independence_lag1,173,1.0850000381469727,regime_comparison_01,democracy
full1,court_independence_lag1,174,1.090000033378601,regime_comparison_01,democracy
full1,court_independence_lag1,177,1.003000020980835,regime_comparison_01,democracy
full1,court_independence_lag1,183,0.6869999766349792,regime_comparison_01,democracy
full1,court_independence_lag1,184,0.9039999842643738,regime_comparison_01,democracy
full1,court_independence_lag1,186,0.9039999842643738,regime_comparison_01,democracy
full1,court_independence_lag1,187,0.6959999799728394,regime_comparison_01,democracy
full1,court_independence_lag1,193,1.8739999532699585,regime_comparison_01,democracy
full1,court_independence_lag1,194,1.5549999475479126,regime_comparison_01,democracy
full1,court_independence_lag1,195,1.406000018119812,regime_comparison_01,democracy
full1,court_independence_lag1,197,1.2569999694824219,regime_comparison_01,democracy
full1,court_independence_lag1,200,0.5860000252723694,regime_comparison_01,democracy
full1,court_independence_lag1,201,0.5860000252723694,regime_comparison_01,democracy
full1,court_independence_lag1,202,0.6769999861717224,regime_comparison_01,democracy
full1,court_independence_lag1,204,0.8790000081062317,regime_comparison_01,democracy
full1,court_independence_lag1,205,0.8790000081062317,regime_comparison_01,democracy
full1,court_independence_lag1,221,0.4740000069141388,regime_comparison_01,democracy
full1,court_independence_lag1,223,0.9399999976158142,regime_comparison_01,democracy
full1,court_independence_lag1,234,1.7209999561309814,regime_comparison_01,democracy
full1,court_independence_lag1,236,1.7920000553131104,regime_comparison_01,democracy
full1,court_independence_lag1,251,0.6909999847412109,regime_comparison_01,democracy
full1,court_independence_lag1,252,0.9089999794960022,regime_comparison_01,democracy
full1,court_independence_lag1,253,0.9089999794960022,regime_comparison_01,democracy
full1,court_independence_lag1,254,1.3919999599456787,regime_comparison_01,democracy
full1,court_independence_lag1,255,1.3919999599456787,regime_comparison_01,democracy
full1,court_independence_lag1,256,1.3919999599456787,regime_comparison_01,democracy
full1,court_independence_lag1,257,1.3919999599456787,regime_comparison_01,democracy
full1,court_independence_lag1,258,1.3919999599456787,regime_comparison_01,democracy
full1,court_independence_lag1,259,0.9089999794960022,regime_comparison_01,democracy
full1,court_independence_lag1,260,1.2799999713897705,regime_comparison_01,democracy
full1,court_independence_lag1,261,1.3919999599456787,regime_comparison_01,democracy
full1,court_independence_lag1,262,1.2799999713897705,regime_comparison_01,democracy
full1,court_independence_lag1,263,1.3919999599456787,regime_comparison_01,democracy
full1,court_independence_lag1,264,1.3919999599456787,regime_comparison_01,democracy
full1,court_independence_lag1,265,1.3919999599456787,regime_comparison_01,democracy
full1,court_independence_lag1,266,1.49399995803833,regime_comparison_01,democracy
full1,court_independence_lag1,267,1.5540000200271606,regime_comparison_01,democracy
full1,court_independence_lag1,268,1.49399995803833,regime_comparison_01,democracy
full1,court_independence_lag1,269,1.5540000200271606,regime_comparison_01,democracy
full1,court_independence_lag1,270,1.49399995803833,regime_comparison_01,democracy
full1,court_independence_lag1,271,1.49399995803833,regime_comparison_01,democracy
full1,court_independence_lag1,272,1.3769999742507935,regime_comparison_01,democracy
full1,court_independence_lag1,273,1.86899995803833,regime_comparison_01,democracy
full1,court_independence_lag1,274,1.86899995803833,regime_comparison_01,democracy
full1,court_independence_lag1,275,2.0309998989105225,regime_comparison_01,democracy
full1,court_independence_lag1,278,1.9539999961853027,regime_comparison_01,democracy
full1,court_independence_lag1,280,1.4490000009536743,regime_comparison_01,democracy
full1,court_independence_lag1,323,1.8530000448226929,regime_comparison_01,democracy
full1,court_independence_lag1,324,1.3359999656677246,regime_comparison_01,democracy
full1,court_independence_lag1,325,1.5740000009536743,regime_comparison_01,democracy
full1,court_independence_lag1,326,1.0549999475479126,regime_comparison_01,democracy
full1,court_independence_lag1,327,1.875,regime_comparison_01,democracy
full1,court_independence_lag1,328,1.875,regime_comparison_01,democracy
full1,court_independence_lag1,329,1.875,regime_comparison_01,democracy
full1,court_independence_lag1,330,1.875,regime_comparison_01,democracy
full1,court_independence_lag1,331,1.875,regime_comparison_01,democracy
full1,court_independence_lag1,332,1.875,regime_comparison_01,democracy
full1,court_independence_lag1,333,1.875,regime_comparison_01,democracy
full1,court_independence_lag1,334,1.875,regime_comparison_01,democracy
full1,court_independence_lag1,335,1.875,regime_comparison_01,democracy
full1,court_independence_lag1,336,2.3269999027252197,regime_comparison_01,democracy
full1,court_independence_lag1,337,2.3269999027252197,regime_comparison_01,democracy
full1,court_independence_lag1,338,2.3269999027252197,regime_comparison_01,democracy
full1,court_independence_lag1,339,2.3269999027252197,regime_comparison_01,democracy
full1,court_independence_lag1,340,2.3269999027252197,regime_comparison_01,democracy
full1,court_independence_lag1,341,2.3269999027252197,regime_comparison_01,democracy
full1,court_independence_lag1,342,1.4539999961853027,regime_comparison_01,democracy
full1,court_independence_lag1,343,2.3269999027252197,regime_comparison_01,democracy
full1,court_independence_lag1,344,1.4539999961853027,regime_comparison_01,democracy
full1,court_independence_lag1,345,2.3269999027252197,regime_comparison_01,democracy
full1,court_independence_lag1,346,2.3269999027252197,regime_comparison_01,democracy
full1,court_independence_lag1,347,2.3269999027252197,regime_comparison_01,democracy
full1,court_independence_lag1,348,2.3269999027252197,regime_comparison_01,democracy
full1,court_independence_lag1,349,2.3269999027252197,regime_comparison_01,democracy
full1,court_independence_lag1,350,2.3269999027252197,regime_comparison_01,democracy
full1,court_independence_lag1,351,1.4539999961853027,regime_comparison_01,democracy
full1,court_independence_lag1,352,2.3269999027252197,regime_comparison_01,democracy
full1,court_independence_lag1,353,1.4539999961853027,regime_comparison_01,democracy
full1,court_independence_lag1,354,2.3269999027252197,regime_comparison_01,democracy
full1,court_independence_lag1,355,1.4539999961853027,regime_comparison_01,democracy
full1,court_independence_lag1,356,1.4539999961853027,regime_comparison_01,democracy
full1,court_independence_lag1,357,2.3269999027252197,regime_comparison_01,democracy
full1,court_independence_lag1,358,1.4539999961853027,regime_comparison_01,democracy
full1,court_independence_lag1,359,2.3269999027252197,regime_comparison_01,democracy
full1,court_independence_lag1,360,2.3269999027252197,regime_comparison_01,democracy
full1,court_independence_lag1,361,2.3269999027252197,regime_comparison_01,democracy
full1,court_independence_lag1,362,2.3269999027252197,regime_comparison_01,democracy
full1,court_independence_lag1,363,2.3269999027252197,regime_comparison_01,democracy
full1,court_independence_lag1,364,1.8619999885559082,regime_comparison_01,democracy
full1,court_independence_lag1,365,1.8619999885559082,regime_comparison_01,democracy
full1,court_independence_lag1,366,2.3269999027252197,regime_comparison_01,democracy
full1,court_independence_lag1,367,2.3269999027252197,regime_comparison_01,democracy
full1,court_independence_lag1,368,2.5220000743865967,regime_comparison_01,democracy
full1,court_independence_lag1,369,2.5220000743865967,regime_comparison_01,democracy
full1,court_independence_lag1,370,2.5220000743865967,regime_comparison_01,democracy
full1,court_independence_lag1,371,2.365999937057495,regime_comparison_01,democracy
full1,court_independence_lag1,372,2.365999937057495,regime_comparison_01,democracy
full1,court_independence_lag1,373,2.365999937057495,regime_comparison_01,democracy
full1,court_independence_lag1,374,2.6449999809265137,regime_comparison_01,democracy
full1,court_independence_lag1,375,2.6449999809265137,regime_comparison_01,democracy
full1,court_independence_lag1,376,2.6449999809265137,regime_comparison_01,democracy
full1,court_independence_lag1,377,2.61899995803833,regime_comparison_01,democracy
full1,court_independence_lag1,378,2.2330000400543213,regime_comparison_01,democracy
full1,court_independence_lag1,379,2.184000015258789,regime_comparison_01,democracy
full1,court_independence_lag1,382,2.1019999980926514,regime_comparison_01,democracy
full1,court_independence_lag1,383,1.9520000219345093,regime_comparison_01,democracy
full1,court_independence_lag1,384,2.359999895095825,regime_comparison_01,democracy
full1,court_independence_lag1,385,2.069000005722046,regime_comparison_01,democracy
full1,court_independence_lag1,386,2.575000047683716,regime_comparison_01,democracy
full1,court_independence_lag1,400,0.6349999904632568,regime_comparison_01,democracy
full1,court_independence_lag1,414,3.365999937057495,regime_comparison_01,democracy
full1,court_independence_lag1,415,2.5280001163482666,regime_comparison_01,democracy
full1,court_independence_lag1,416,3.0139999389648438,regime_comparison_01,democracy
full1,court_independence_lag1,417,2.5280001163482666,regime_comparison_01,democracy
full1,court_independence_lag1,418,3.0139999389648438,regime_comparison_01,democracy
full1,court_independence_lag1,419,2.5280001163482666,regime_comparison_01,democracy
full1,court_independence_lag1,420,3.0139999389648438,regime_comparison_01,democracy
full1,court_independence_lag1,421,3.0139999389648438,regime_comparison_01,democracy
full1,court_independence_lag1,422,3.0139999389648438,regime_comparison_01,democracy
full1,court_independence_lag1,423,3.2790000438690186,regime_comparison_01,democracy
full1,court_independence_lag1,424,3.0139999389648438,regime_comparison_01,democracy
full1,court_independence_lag1,425,3.2790000438690186,regime_comparison_01,democracy
full1,court_independence_lag1,426,3.0139999389648438,regime_comparison_01,democracy
full1,court_independence_lag1,427,3.0139999389648438,regime_comparison_01,democracy
full1,court_independence_lag1,428,3.0139999389648438,regime_comparison_01,democracy
full1,court_independence_lag1,434,1.7400000095367432,regime_comparison_01,democracy
full1,court_independence_lag1,435,2.1989998817443848,regime_comparison_01,democracy
full1,court_independence_lag1,436,2.1989998817443848,regime_comparison_01,democracy
full1,court_independence_lag1,437,2.1989998817443848,regime_comparison_01,democracy
full1,court_independence_lag1,438,2.2890000343322754,regime_comparison_01,democracy
full1,court_independence_lag1,439,2.1989998817443848,regime_comparison_01,democracy
full1,court_independence_lag1,440,2.1989998817443848,regime_comparison_01,democracy
full1,court_independence_lag1,441,2.2890000343322754,regime_comparison_01,democracy
full1,court_independence_lag1,442,2.1989998817443848,regime_comparison_01,democracy
full1,court_independence_lag1,443,2.1989998817443848,regime_comparison_01,democracy
full1,court_independence_lag1,444,2.1989998817443848,regime_comparison_01,democracy
full1,court_independence_lag1,445,2.1989998817443848,regime_comparison_01,democracy
full1,court_independence_lag1,446,2.1989998817443848,regime_comparison_01,democracy
full1,court_independence_lag1,447,2.1989998817443848,regime_comparison_01,democracy
full1,court_independence_lag1,448,2.2890000343322754,regime_comparison_01,democracy
full1,court_independence_lag1,449,2.1989998817443848,regime_comparison_01,democracy
full1,court_independence_lag1,450,2.1989998817443848,regime_comparison_01,democracy
full1,court_independence_lag1,451,2.2890000343322754,regime_comparison_01,democracy
full1,court_independence_lag1,452,2.2890000343322754,regime_comparison_01,democracy
full1,court_independence_lag1,453,2.2890000343322754,regime_comparison_01,democracy
full1,court_independence_lag1,454,2.2890000343322754,regime_comparison_01,democracy
full1,court_independence_lag1,455,2.2890000343322754,regime_comparison_01,democracy
full1,court_independence_lag1,456,2.1989998817443848,regime_comparison_01,democracy
full1,court_independence_lag1,457,2.2890000343322754,regime_comparison_01,democracy
full1,court_independence_lag1,458,2.2890000343322754,regime_comparison_01,democracy
full1,court_independence_lag1,459,2.2890000343322754,regime_comparison_01,democracy
full1,court_independence_lag1,460,2.1989998817443848,regime_comparison_01,democracy
full1,court_independence_lag1,461,2.1989998817443848,regime_comparison_01,democracy
full1,court_independence_lag1,462,2.1989998817443848,regime_comparison_01,democracy
full1,court_independence_lag1,463,2.2890000343322754,regime_comparison_01,democracy
full1,court_independence_lag1,464,2.2890000343322754,regime_comparison_01,democracy
full1,court_independence_lag1,465,2.1989998817443848,regime_comparison_01,democracy
full1,court_independence_lag1,466,2.2890000343322754,regime_comparison_01,democracy
full1,court_independence_lag1,467,2.1989998817443848,regime_comparison_01,democracy
full1,court_independence_lag1,468,2.2890000343322754,regime_comparison_01,democracy
full1,court_independence_lag1,469,2.2890000343322754,regime_comparison_01,democracy
full1,court_independence_lag1,470,2.2890000343322754,regime_comparison_01,democracy
full1,court_independence_lag1,471,2.2890000343322754,regime_comparison_01,democracy
full1,court_independence_lag1,472,1.6480000019073486,regime_comparison_01,democracy
full1,court_independence_lag1,473,1.6480000019073486,regime_comparison_01,democracy
full1,court_independence_lag1,474,1.565000057220459,regime_comparison_01,democracy
full1,court_independence_lag1,475,1.5980000495910645,regime_comparison_01,democracy
full1,court_independence_lag1,478,1.5980000495910645,regime_comparison_01,democracy
full1,court_independence_lag1,480,1.222000002861023,regime_comparison_01,democracy
full1,court_independence_lag1,481,1.222000002861023,regime_comparison_01,democracy
full1,court_independence_lag1,482,1.222000002861023,regime_comparison_01,democracy
full1,court_independence_lag1,483,2.2219998836517334,regime_comparison_01,democracy
full1,court_independence_lag1,484,2.2219998836517334,regime_comparison_01,democracy
full1,court_independence_lag1,485,1.5980000495910645,regime_comparison_01,democracy
full1,court_independence_lag1,486,2.2219998836517334,regime_comparison_01,democracy
full1,court_independence_lag1,487,2.2219998836517334,regime_comparison_01,democracy
full1,court_independence_lag1,488,2.2219998836517334,regime_comparison_01,democracy
full1,court_independence_lag1,489,2.2219998836517334,regime_comparison_01,democracy
full1,court_independence_lag1,491,1.7200000286102295,regime_comparison_01,democracy
full1,court_independence_lag1,492,2.5889999866485596,regime_comparison_01,democracy
full1,court_independence_lag1,493,2.5889999866485596,regime_comparison_01,democracy
full1,court_independence_lag1,494,1.0800000429153442,regime_comparison_01,democracy
full1,court_independence_lag1,495,1.0800000429153442,regime_comparison_01,democracy
full1,court_independence_lag1,502,2.1530001163482666,regime_comparison_01,democracy
full1,court_independence_lag1,504,2.1530001163482666,regime_comparison_01,democracy
full1,court_independence_lag1,505,2.1530001163482666,regime_comparison_01,democracy
full1,court_independence_lag1,507,2.1530001163482666,regime_comparison_01,democracy
full1,court_independence_lag1,509,2.1530001163482666,regime_comparison_01,democracy
full1,court_independence_lag1,511,2.1530001163482666,regime_comparison_01,democracy
full1,court_independence_lag1,512,1.7890000343322754,regime_comparison_01,democracy
full1,court_independence_lag1,514,1.7890000343322754,regime_comparison_01,democracy
full1,court_independence_lag1,516,2.1530001163482666,regime_comparison_01,democracy
full1,court_independence_lag1,518,1.7890000343322754,regime_comparison_01,democracy
full1,court_independence_lag1,519,1.7890000343322754,regime_comparison_01,democracy
full1,court_independence_lag1,521,2.1530001163482666,regime_comparison_01,democracy
full1,court_independence_lag1,525,2.1530001163482666,regime_comparison_01,democracy
full1,court_independence_lag1,526,2.1530001163482666,regime_comparison_01,democracy
full1,court_independence_lag1,527,2.1530001163482666,regime_comparison_01,democracy
full1,court_independence_lag1,529,2.1530001163482666,regime_comparison_01,democracy
full1,court_independence_lag1,543,-0.06199999898672104,regime_comparison_01,democracy
full1,court_independence_lag1,546,-0.06199999898672104,regime_comparison_01,democracy
full1,court_independence_lag1,567,1.5420000553131104,regime_comparison_01,democracy
full1,court_independence_lag1,568,1.5420000553131104,regime_comparison_01,democracy
full1,court_independence_lag1,574,1.3370000123977661,regime_comparison_01,democracy
full1,court_independence_lag1,580,0.6869999766349792,regime_comparison_01,democracy
full1,court_independence_lag1,596,0.5860000252723694,regime_comparison_01,democracy
full1,court_independence_lag1,597,0.5860000252723694,regime_comparison_01,democracy
full1,court_independence_lag1,598,0.5860000252723694,regime_comparison_01,democracy
full1,court_independence_lag1,599,0.6769999861717224,regime_comparison_01,democracy
full1,court_independence_lag1,600,0.8790000081062317,regime_comparison_01,democracy
full1,court_independence_lag1,601,0.8790000081062317,regime_comparison_01,democracy
full1,court_independence_lag1,615,0.9399999976158142,regime_comparison_01,democracy
full1,court_independence_lag1,616,0.597000002861023,regime_comparison_01,democracy
full1,court_independence_lag1,620,-0.2930000126361847,regime_comparison_01,democracy
full1,court_independence_lag1,621,0.9629999995231628,regime_comparison_01,democracy
full1,court_independence_lag1,623,-0.43299999833106995,regime_comparison_01,democracy
full1,court_independence_lag1,631,0.9089999794960022,regime_comparison_01,democracy
full1,court_independence_lag1,632,1.3919999599456787,regime_comparison_01,democracy
full1,court_independence_lag1,633,1.3919999599456787,regime_comparison_01,democracy
full1,court_independence_lag1,634,0.9089999794960022,regime_comparison_01,democracy
full1,court_independence_lag1,635,0.9089999794960022,regime_comparison_01,democracy
full1,court_independence_lag1,636,1.3919999599456787,regime_comparison_01,democracy
full1,court_independence_lag1,637,1.3919999599456787,regime_comparison_01,democracy
full1,court_independence_lag1,638,1.2799999713897705,regime_comparison_01,democracy
full1,court_independence_lag1,639,1.3919999599456787,regime_comparison_01,democracy
full1,court_independence_lag1,640,1.3919999599456787,regime_comparison_01,democracy
full1,court_independence_lag1,641,1.2799999713897705,regime_comparison_01,democracy
full1,court_independence_lag1,642,1.2799999713897705,regime_comparison_01,democracy
full1,court_independence_lag1,643,1.2799999713897705,regime_comparison_01,democracy
full1,court_independence_lag1,644,1.2799999713897705,regime_comparison_01,democracy
full1,court_independence_lag1,645,1.49399995803833,regime_comparison_01,democracy
full1,court_independence_lag1,646,1.49399995803833,regime_comparison_01,democracy
full1,court_independence_lag1,647,1.49399995803833,regime_comparison_01,democracy
full1,court_independence_lag1,648,1.49399995803833,regime_comparison_01,democracy
full1,court_independence_lag1,649,1.49399995803833,regime_comparison_01,democracy
full1,court_independence_lag1,650,1.5540000200271606,regime_comparison_01,democracy
full1,court_independence_lag1,651,1.5540000200271606,regime_comparison_01,democracy
full1,court_independence_lag1,652,1.5540000200271606,regime_comparison_01,democracy
full1,court_independence_lag1,653,1.49399995803833,regime_comparison_01,democracy
full1,court_independence_lag1,654,1.49399995803833,regime_comparison_01,democracy
full1,court_independence_lag1,655,1.5540000200271606,regime_comparison_01,democracy
full1,court_independence_lag1,656,1.5540000200271606,regime_comparison_01,democracy
full1,court_independence_lag1,657,1.49399995803833,regime_comparison_01,democracy
full1,court_independence_lag1,658,1.49399995803833,regime_comparison_01,democracy
full1,court_independence_lag1,659,1.49399995803833,regime_comparison_01,democracy
full1,court_independence_lag1,660,1.86899995803833,regime_comparison_01,democracy
full1,court_independence_lag1,661,1.3769999742507935,regime_comparison_01,democracy
full1,court_independence_lag1,662,1.86899995803833,regime_comparison_01,democracy
full1,court_independence_lag1,663,1.86899995803833,regime_comparison_01,democracy
full1,court_independence_lag1,664,1.3769999742507935,regime_comparison_01,democracy
full1,court_independence_lag1,665,1.3769999742507935,regime_comparison_01,democracy
full1,court_independence_lag1,666,1.3769999742507935,regime_comparison_01,democracy
full1,court_independence_lag1,667,1.86899995803833,regime_comparison_01,democracy
full1,court_independence_lag1,669,1.3769999742507935,regime_comparison_01,democracy
full1,court_independence_lag1,670,1.3769999742507935,regime_comparison_01,democracy
full1,court_independence_lag1,671,1.3769999742507935,regime_comparison_01,democracy
full1,court_independence_lag1,672,1.3769999742507935,regime_comparison_01,democracy
full1,court_independence_lag1,673,1.86899995803833,regime_comparison_01,democracy
full1,court_independence_lag1,674,1.86899995803833,regime_comparison_01,democracy
full1,court_independence_lag1,675,2.0309998989105225,regime_comparison_01,democracy
full1,court_independence_lag1,676,2.0309998989105225,regime_comparison_01,democracy
full1,court_independence_lag1,677,2.0309998989105225,regime_comparison_01,democracy
full1,court_independence_lag1,755,1.3359999656677246,regime_comparison_01,democracy
full1,court_independence_lag1,756,1.875,regime_comparison_01,democracy
full1,court_independence_lag1,757,1.875,regime_comparison_01,democracy
full1,court_independence_lag1,758,2.3269999027252197,regime_comparison_01,democracy
full1,court_independence_lag1,759,2.3269999027252197,regime_comparison_01,democracy
full1,court_independence_lag1,760,2.3269999027252197,regime_comparison_01,democracy
full1,court_independence_lag1,761,2.3269999027252197,regime_comparison_01,democracy
full1,court_independence_lag1,762,2.3269999027252197,regime_comparison_01,democracy
full1,court_independence_lag1,763,2.3269999027252197,regime_comparison_01,democracy
full1,court_independence_lag1,764,2.3269999027252197,regime_comparison_01,democracy
full1,court_independence_lag1,765,2.3269999027252197,regime_comparison_01,democracy
full1,court_independence_lag1,766,2.3269999027252197,regime_comparison_01,democracy
full1,court_independence_lag1,767,2.3269999027252197,regime_comparison_01,democracy
full1,court_independence_lag1,768,2.3269999027252197,regime_comparison_01,democracy
full1,court_independence_lag1,769,2.3269999027252197,regime_comparison_01,democracy
full1,court_independence_lag1,770,1.4539999961853027,regime_comparison_01,democracy
full1,court_independence_lag1,771,2.3269999027252197,regime_comparison_01,democracy
full1,court_independence_lag1,772,2.3269999027252197,regime_comparison_01,democracy
full1,court_independence_lag1,773,2.3269999027252197,regime_comparison_01,democracy
full1,court_independence_lag1,774,1.8619999885559082,regime_comparison_01,democracy
full1,court_independence_lag1,775,1.8619999885559082,regime_comparison_01,democracy
full1,court_independence_lag1,776,2.3269999027252197,regime_comparison_01,democracy
full1,court_independence_lag1,777,2.5220000743865967,regime_comparison_01,democracy
full1,court_independence_lag1,778,2.002000093460083,regime_comparison_01,democracy
full1,court_independence_lag1,779,2.5220000743865967,regime_comparison_01,democracy
full1,court_independence_lag1,780,2.002000093460083,regime_comparison_01,democracy
full1,court_independence_lag1,781,2.002000093460083,regime_comparison_01,democracy
full1,court_independence_lag1,782,2.002000093460083,regime_comparison_01,democracy
full1,court_independence_lag1,783,2.5220000743865967,regime_comparison_01,democracy
full1,court_independence_lag1,784,2.365999937057495,regime_comparison_01,democracy
full1,court_independence_lag1,785,2.365999937057495,regime_comparison_01,democracy
full1,court_independence_lag1,786,2.365999937057495,regime_comparison_01,democracy
full1,court_independence_lag1,787,2.365999937057495,regime_comparison_01,democracy
full1,court_independence_lag1,788,2.365999937057495,regime_comparison_01,democracy
full1,court_independence_lag1,789,2.365999937057495,regime_comparison_01,democracy
full1,court_independence_lag1,790,2.365999937057495,regime_comparison_01,democracy
full1,court_independence_lag1,791,2.365999937057495,regime_comparison_01,democracy
full1,court_independence_lag1,792,2.634000062942505,regime_comparison_01,democracy
full1,court_independence_lag1,793,2.365999937057495,regime_comparison_01,democracy
full1,court_independence_lag1,794,2.365999937057495,regime_comparison_01,democracy
full1,court_independence_lag1,795,2.365999937057495,regime_comparison_01,democracy
full1,court_independence_lag1,796,2.365999937057495,regime_comparison_01,democracy
full1,court_independence_lag1,797,2.365999937057495,regime_comparison_01,democracy
full1,court_independence_lag1,798,2.365999937057495,regime_comparison_01,democracy
full1,court_independence_lag1,799,2.365999937057495,regime_comparison_01,democracy
full1,court_independence_lag1,800,2.365999937057495,regime_comparison_01,democracy
full1,court_independence_lag1,801,2.365999937057495,regime_comparison_01,democracy
full1,court_independence_lag1,802,2.634000062942505,regime_comparison_01,democracy
full1,court_independence_lag1,803,2.365999937057495,regime_comparison_01,democracy
full1,court_independence_lag1,804,2.634000062942505,regime_comparison_01,democracy
full1,court_independence_lag1,805,2.365999937057495,regime_comparison_01,democracy
full1,court_independence_lag1,806,2.365999937057495,regime_comparison_01,democracy
full1,court_independence_lag1,807,2.634000062942505,regime_comparison_01,democracy
full1,court_independence_lag1,808,2.365999937057495,regime_comparison_01,democracy
full1,court_independence_lag1,809,2.365999937057495,regime_comparison_01,democracy
full1,court_independence_lag1,810,2.365999937057495,regime_comparison_01,democracy
full1,court_independence_lag1,811,2.365999937057495,regime_comparison_01,democracy
full1,court_independence_lag1,812,2.365999937057495,regime_comparison_01,democracy
full1,court_independence_lag1,813,2.365999937057495,regime_comparison_01,democracy
full1,court_independence_lag1,814,2.365999937057495,regime_comparison_01,democracy
full1,court_independence_lag1,815,2.365999937057495,regime_comparison_01,democracy
full1,court_independence_lag1,816,2.365999937057495,regime_comparison_01,democracy
full1,court_independence_lag1,817,2.634000062942505,regime_comparison_01,democracy
full1,court_independence_lag1,818,2.365999937057495,regime_comparison_01,democracy
full1,court_independence_lag1,819,2.365999937057495,regime_comparison_01,democracy
full1,court_independence_lag1,820,2.365999937057495,regime_comparison_01,democracy
full1,court_independence_lag1,821,2.365999937057495,regime_comparison_01,democracy
full1,court_independence_lag1,822,2.365999937057495,regime_comparison_01,democracy
full1,court_independence_lag1,823,2.365999937057495,regime_comparison_01,democracy
full1,court_independence_lag1,824,2.365999937057495,regime_comparison_01,democracy
full1,court_independence_lag1,825,2.365999937057495,regime_comparison_01,democracy
full1,court_independence_lag1,826,2.365999937057495,regime_comparison_01,democracy
full1,court_independence_lag1,827,2.365999937057495,regime_comparison_01,democracy
full1,court_independence_lag1,828,2.365999937057495,regime_comparison_01,democracy
full1,court_independence_lag1,829,2.365999937057495,regime_comparison_01,democracy
full1,court_independence_lag1,830,2.365999937057495,regime_comparison_01,democracy
full1,court_independence_lag1,831,2.365999937057495,regime_comparison_01,democracy
full1,court_independence_lag1,832,2.365999937057495,regime_comparison_01,democracy
full1,court_independence_lag1,833,2.365999937057495,regime_comparison_01,democracy
full1,court_independence_lag1,834,2.634000062942505,regime_comparison_01,democracy
full1,court_independence_lag1,835,2.365999937057495,regime_comparison_01,democracy
full1,court_independence_lag1,836,2.634000062942505,regime_comparison_01,democracy
full1,court_independence_lag1,837,2.365999937057495,regime_comparison_01,democracy
full1,court_independence_lag1,838,2.634000062942505,regime_comparison_01,democracy
full1,court_independence_lag1,839,2.365999937057495,regime_comparison_01,democracy
full1,court_independence_lag1,840,2.365999937057495,regime_comparison_01,democracy
full1,court_independence_lag1,841,2.365999937057495,regime_comparison_01,democracy
full1,court_independence_lag1,842,2.365999937057495,regime_comparison_01,democracy
full1,court_independence_lag1,843,2.365999937057495,regime_comparison_01,democracy
full1,court_independence_lag1,844,2.634000062942505,regime_comparison_01,democracy
full1,court_independence_lag1,845,2.365999937057495,regime_comparison_01,democracy
full1,court_independence_lag1,846,2.365999937057495,regime_comparison_01,democracy
full1,court_independence_lag1,847,2.365999937057495,regime_comparison_01,democracy
full1,court_independence_lag1,848,2.365999937057495,regime_comparison_01,democracy
full1,court_independence_lag1,849,2.634000062942505,regime_comparison_01,democracy
full1,court_independence_lag1,850,2.365999937057495,regime_comparison_01,democracy
full1,court_independence_lag1,851,2.365999937057495,regime_comparison_01,democracy
full1,court_independence_lag1,852,2.365999937057495,regime_comparison_01,democracy
full1,court_independence_lag1,853,2.365999937057495,regime_comparison_01,democracy
full1,court_independence_lag1,854,2.365999937057495,regime_comparison_01,democracy
full1,court_independence_lag1,855,2.365999937057495,regime_comparison_01,democracy
full1,court_independence_lag1,856,2.365999937057495,regime_comparison_01,democracy
full1,court_independence_lag1,857,2.365999937057495,regime_comparison_01,democracy
full1,court_independence_lag1,858,2.365999937057495,regime_comparison_01,democracy
full1,court_independence_lag1,859,2.365999937057495,regime_comparison_01,democracy
full1,court_independence_lag1,860,2.365999937057495,regime_comparison_01,democracy
full1,court_independence_lag1,861,2.365999937057495,regime_comparison_01,democracy
full1,court_independence_lag1,862,2.365999937057495,regime_comparison_01,democracy
full1,court_independence_lag1,863,2.634000062942505,regime_comparison_01,democracy
full1,court_independence_lag1,864,2.365999937057495,regime_comparison_01,democracy
full1,court_independence_lag1,865,2.365999937057495,regime_comparison_01,democracy
full1,court_independence_lag1,866,2.365999937057495,regime_comparison_01,democracy
full1,court_independence_lag1,867,2.365999937057495,regime_comparison_01,democracy
full1,court_independence_lag1,868,2.365999937057495,regime_comparison_01,democracy
full1,court_independence_lag1,869,2.365999937057495,regime_comparison_01,democracy
full1,court_independence_lag1,870,2.365999937057495,regime_comparison_01,democracy
full1,court_independence_lag1,871,2.365999937057495,regime_comparison_01,democracy
full1,court_independence_lag1,872,2.6449999809265137,regime_comparison_01,democracy
full1,court_independence_lag1,873,2.6449999809265137,regime_comparison_01,democracy
full1,court_independence_lag1,874,2.6449999809265137,regime_comparison_01,democracy
full1,court_independence_lag1,875,2.6449999809265137,regime_comparison_01,democracy
full1,court_independence_lag1,876,2.6449999809265137,regime_comparison_01,democracy
full1,court_independence_lag1,877,2.6449999809265137,regime_comparison_01,democracy
full1,court_independence_lag1,878,2.6449999809265137,regime_comparison_01,democracy
full1,court_independence_lag1,879,2.634000062942505,regime_comparison_01,democracy
full1,court_independence_lag1,880,2.6449999809265137,regime_comparison_01,democracy
full1,court_independence_lag1,881,2.634000062942505,regime_comparison_01,democracy
full1,court_independence_lag1,882,2.6449999809265137,regime_comparison_01,democracy
full1,court_independence_lag1,883,2.6449999809265137,regime_comparison_01,democracy
full1,court_independence_lag1,884,2.6449999809265137,regime_comparison_01,democracy
full1,court_independence_lag1,885,2.6449999809265137,regime_comparison_01,democracy
full1,court_independence_lag1,886,2.6449999809265137,regime_comparison_01,democracy
full1,court_independence_lag1,887,2.6449999809265137,regime_comparison_01,democracy
full1,court_independence_lag1,888,2.6449999809265137,regime_comparison_01,democracy
full1,court_independence_lag1,889,2.634000062942505,regime_comparison_01,democracy
full1,court_independence_lag1,890,2.6449999809265137,regime_comparison_01,democracy
full1,court_independence_lag1,891,2.6449999809265137,regime_comparison_01,democracy
full1,court_independence_lag1,892,2.6449999809265137,regime_comparison_01,democracy
full1,court_independence_lag1,893,2.6449999809265137,regime_comparison_01,democracy
full1,court_independence_lag1,894,2.6449999809265137,regime_comparison_01,democracy
full1,court_independence_lag1,895,2.6449999809265137,regime_comparison_01,democracy
full1,court_independence_lag1,896,2.6449999809265137,regime_comparison_01,democracy
full1,court_independence_lag1,897,2.5829999446868896,regime_comparison_01,democracy
full1,court_independence_lag1,898,2.6449999809265137,regime_comparison_01,democracy
full1,court_independence_lag1,899,2.6449999809265137,regime_comparison_01,democracy
full1,court_independence_lag1,900,2.6449999809265137,regime_comparison_01,democracy
full1,court_independence_lag1,901,2.5829999446868896,regime_comparison_01,democracy
full1,court_independence_lag1,902,2.5829999446868896,regime_comparison_01,democracy
full1,court_independence_lag1,903,2.6449999809265137,regime_comparison_01,democracy
full1,court_independence_lag1,904,2.6449999809265137,regime_comparison_01,democracy
full1,court_independence_lag1,905,2.5829999446868896,regime_comparison_01,democracy
full1,court_independence_lag1,906,2.5829999446868896,regime_comparison_01,democracy
full1,court_independence_lag1,908,2.6449999809265137,regime_comparison_01,democracy
full1,court_independence_lag1,909,2.6449999809265137,regime_comparison_01,democracy
full1,court_independence_lag1,910,2.6449999809265137,regime_comparison_01,democracy
full1,court_independence_lag1,911,2.5829999446868896,regime_comparison_01,democracy
full1,court_independence_lag1,912,2.6449999809265137,regime_comparison_01,democracy
full1,court_independence_lag1,913,2.6449999809265137,regime_comparison_01,democracy
full1,court_independence_lag1,914,2.6449999809265137,regime_comparison_01,democracy
full1,court_independence_lag1,915,2.6449999809265137,regime_comparison_01,democracy
full1,court_independence_lag1,916,2.6449999809265137,regime_comparison_01,democracy
full1,court_independence_lag1,917,2.5829999446868896,regime_comparison_01,democracy
full1,court_independence_lag1,918,2.6449999809265137,regime_comparison_01,democracy
full1,court_independence_lag1,919,2.5829999446868896,regime_comparison_01,democracy
full1,court_independence_lag1,920,2.6449999809265137,regime_comparison_01,democracy
full1,court_independence_lag1,921,2.6449999809265137,regime_comparison_01,democracy
full1,court_independence_lag1,922,2.6449999809265137,regime_comparison_01,democracy
full1,court_independence_lag1,923,2.6449999809265137,regime_comparison_01,democracy
full1,court_independence_lag1,924,2.5829999446868896,regime_comparison_01,democracy
full1,court_independence_lag1,925,2.6449999809265137,regime_comparison_01,democracy
full1,court_independence_lag1,926,2.6449999809265137,regime_comparison_01,democracy
full1,court_independence_lag1,927,2.6449999809265137,regime_comparison_01,democracy
full1,court_independence_lag1,928,2.6449999809265137,regime_comparison_01,democracy
full1,court_independence_lag1,929,2.6449999809265137,regime_comparison_01,democracy
full1,court_independence_lag1,930,2.5829999446868896,regime_comparison_01,democracy
full1,court_independence_lag1,931,2.6449999809265137,regime_comparison_01,democracy
full1,court_independence_lag1,932,2.6449999809265137,regime_comparison_01,democracy
full1,court_independence_lag1,933,2.6449999809265137,regime_comparison_01,democracy
full1,court_independence_lag1,934,2.6449999809265137,regime_comparison_01,democracy
full1,court_independence_lag1,935,2.6449999809265137,regime_comparison_01,democracy
full1,court_independence_lag1,936,2.6449999809265137,regime_comparison_01,democracy
full1,court_independence_lag1,937,2.6449999809265137,regime_comparison_01,democracy
full1,court_independence_lag1,938,2.6449999809265137,regime_comparison_01,democracy
full1,court_independence_lag1,939,2.6449999809265137,regime_comparison_01,democracy
full1,court_independence_lag1,940,2.6449999809265137,regime_comparison_01,democracy
full1,court_independence_lag1,941,2.6449999809265137,regime_comparison_01,democracy
full1,court_independence_lag1,942,2.5829999446868896,regime_comparison_01,democracy
full1,court_independence_lag1,943,2.6449999809265137,regime_comparison_01,democracy
full1,court_independence_lag1,944,2.5829999446868896,regime_comparison_01,democracy
full1,court_independence_lag1,945,2.6449999809265137,regime_comparison_01,democracy
full1,court_independence_lag1,946,2.6449999809265137,regime_comparison_01,democracy
full1,court_independence_lag1,947,2.61899995803833,regime_comparison_01,democracy
full1,court_independence_lag1,948,2.61899995803833,regime_comparison_01,democracy
full1,court_independence_lag1,949,2.61899995803833,regime_comparison_01,democracy
full1,court_independence_lag1,950,2.61899995803833,regime_comparison_01,democracy
full1,court_independence_lag1,951,2.61899995803833,regime_comparison_01,democracy
full1,court_independence_lag1,952,2.61899995803833,regime_comparison_01,democracy
full1,court_independence_lag1,953,2.61899995803833,regime_comparison_01,democracy
full1,court_independence_lag1,954,2.61899995803833,regime_comparison_01,democracy
full1,court_independence_lag1,955,2.61899995803833,regime_comparison_01,democracy
full1,court_independence_lag1,956,2.61899995803833,regime_comparison_01,democracy
full1,court_independence_lag1,957,2.61899995803833,regime_comparison_01,democracy
full1,court_independence_lag1,958,2.61899995803833,regime_comparison_01,democracy
full1,court_independence_lag1,959,2.61899995803833,regime_comparison_01,democracy
full1,court_independence_lag1,960,2.61899995803833,regime_comparison_01,democracy
full1,court_independence_lag1,961,2.61899995803833,regime_comparison_01,democracy
full1,court_independence_lag1,962,2.61899995803833,regime_comparison_01,democracy
full1,court_independence_lag1,963,2.61899995803833,regime_comparison_01,democracy
full1,court_independence_lag1,964,2.61899995803833,regime_comparison_01,democracy
full1,court_independence_lag1,965,2.61899995803833,regime_comparison_01,democracy
full1,court_independence_lag1,966,2.61899995803833,regime_comparison_01,democracy
full1,court_independence_lag1,967,2.5829999446868896,regime_comparison_01,democracy
full1,court_independence_lag1,968,2.61899995803833,regime_comparison_01,democracy
full1,court_independence_lag1,969,2.61899995803833,regime_comparison_01,democracy
full1,court_independence_lag1,970,2.61899995803833,regime_comparison_01,democracy
full1,court_independence_lag1,971,2.5829999446868896,regime_comparison_01,democracy
full1,court_independence_lag1,972,2.61899995803833,regime_comparison_01,democracy
full1,court_independence_lag1,973,2.61899995803833,regime_comparison_01,democracy
full1,court_independence_lag1,974,2.5829999446868896,regime_comparison_01,democracy
full1,court_independence_lag1,975,2.61899995803833,regime_comparison_01,democracy
full1,court_independence_lag1,976,2.61899995803833,regime_comparison_01,democracy
full1,court_independence_lag1,977,2.61899995803833,regime_comparison_01,democracy
full1,court_independence_lag1,978,2.5829999446868896,regime_comparison_01,democracy
full1,court_independence_lag1,979,2.61899995803833,regime_comparison_01,democracy
full1,court_independence_lag1,980,2.61899995803833,regime_comparison_01,democracy
full1,court_independence_lag1,981,2.5829999446868896,regime_comparison_01,democracy
full1,court_independence_lag1,982,2.61899995803833,regime_comparison_01,democracy
full1,court_independence_lag1,983,2.61899995803833,regime_comparison_01,democracy
full1,court_independence_lag1,984,2.61899995803833,regime_comparison_01,democracy
full1,court_independence_lag1,985,2.61899995803833,regime_comparison_01,democracy
full1,court_independence_lag1,986,2.5829999446868896,regime_comparison_01,democracy
full1,court_independence_lag1,987,2.61899995803833,regime_comparison_01,democracy
full1,court_independence_lag1,988,2.61899995803833,regime_comparison_01,democracy
full1,court_independence_lag1,989,2.61899995803833,regime_comparison_01,democracy
full1,court_independence_lag1,990,2.5829999446868896,regime_comparison_01,democracy
full1,court_independence_lag1,991,2.61899995803833,regime_comparison_01,democracy
full1,court_independence_lag1,992,2.61899995803833,regime_comparison_01,democracy
full1,court_independence_lag1,993,2.2330000400543213,regime_comparison_01,democracy
full1,court_independence_lag1,994,2.5829999446868896,regime_comparison_01,democracy
full1,court_independence_lag1,995,2.2330000400543213,regime_comparison_01,democracy
full1,court_independence_lag1,996,2.2330000400543213,regime_comparison_01,democracy
full1,court_independence_lag1,997,2.2330000400543213,regime_comparison_01,democracy
full1,court_independence_lag1,998,2.5829999446868896,regime_comparison_01,democracy
full1,court_independence_lag1,999,2.2330000400543213,regime_comparison_01,democracy
full1,court_independence_lag1,1000,2.2330000400543213,regime_comparison_01,democracy
full1,court_independence_lag1,1001,2.2330000400543213,regime_comparison_01,democracy
full1,court_independence_lag1,1002,2.2330000400543213,regime_comparison_01,democracy
full1,court_independence_lag1,1003,2.2330000400543213,regime_comparison_01,democracy
full1,court_independence_lag1,1004,2.2330000400543213,regime_comparison_01,democracy
full1,court_independence_lag1,1005,2.2330000400543213,regime_comparison_01,democracy
full1,court_independence_lag1,1006,2.2330000400543213,regime_comparison_01,democracy
full1,court_independence_lag1,1007,2.2330000400543213,regime_comparison_01,democracy
full1,court_independence_lag1,1009,2.2330000400543213,regime_comparison_01,democracy
full1,court_independence_lag1,1010,2.2330000400543213,regime_comparison_01,democracy
full1,court_independence_lag1,1011,2.2330000400543213,regime_comparison_01,democracy
full1,court_independence_lag1,1012,2.2330000400543213,regime_comparison_01,democracy
full1,court_independence_lag1,1014,2.2330000400543213,regime_comparison_01,democracy
full1,court_independence_lag1,1016,2.5829999446868896,regime_comparison_01,democracy
full1,court_independence_lag1,1017,2.5829999446868896,regime_comparison_01,democracy
full1,court_independence_lag1,1018,2.184000015258789,regime_comparison_01,democracy
full1,court_independence_lag1,1019,2.184000015258789,regime_comparison_01,democracy
full1,court_independence_lag1,1021,2.184000015258789,regime_comparison_01,democracy
full1,court_independence_lag1,1022,2.184000015258789,regime_comparison_01,democracy
full1,court_independence_lag1,1023,2.2079999446868896,regime_comparison_01,democracy
full1,court_independence_lag1,1024,2.184000015258789,regime_comparison_01,democracy
full1,court_independence_lag1,1025,2.184000015258789,regime_comparison_01,democracy
full1,court_independence_lag1,1026,2.184000015258789,regime_comparison_01,democracy
full1,court_independence_lag1,1027,2.184000015258789,regime_comparison_01,democracy
full1,court_independence_lag1,1028,2.184000015258789,regime_comparison_01,democracy
full1,court_independence_lag1,1029,2.2079999446868896,regime_comparison_01,democracy
full1,court_independence_lag1,1031,2.2079999446868896,regime_comparison_01,democracy
full1,court_independence_lag1,1033,2.184000015258789,regime_comparison_01,democracy
full1,court_independence_lag1,1036,2.184000015258789,regime_comparison_01,democracy
full1,court_independence_lag1,1038,2.2079999446868896,regime_comparison_01,democracy
full1,court_independence_lag1,1039,2.184000015258789,regime_comparison_01,democracy
full1,court_independence_lag1,1041,2.184000015258789,regime_comparison_01,democracy
full1,court_independence_lag1,1043,2.2079999446868896,regime_comparison_01,democracy
full1,court_independence_lag1,1045,2.2079999446868896,regime_comparison_01,democracy
full1,court_independence_lag1,1049,2.184000015258789,regime_comparison_01,democracy
full1,court_independence_lag1,1051,2.2079999446868896,regime_comparison_01,democracy
full1,court_independence_lag1,1052,2.2079999446868896,regime_comparison_01,democracy
full1,court_independence_lag1,1055,1.6799999475479126,regime_comparison_01,democracy
full1,court_independence_lag1,1056,2.1019999980926514,regime_comparison_01,democracy
full1,court_independence_lag1,1058,2.1019999980926514,regime_comparison_01,democracy
full1,court_independence_lag1,1059,2.1019999980926514,regime_comparison_01,democracy
full1,court_independence_lag1,1060,1.8919999599456787,regime_comparison_01,democracy
full1,v2jupurge_lag1,3,2.609999895095825,regime_comparison_01,democracy
full1,v2jupurge_lag1,4,2.609999895095825,regime_comparison_01,democracy
full1,v2jupurge_lag1,5,2.609999895095825,regime_comparison_01,democracy
full1,v2jupurge_lag1,6,2.609999895095825,regime_comparison_01,democracy
full1,v2jupurge_lag1,7,2.609999895095825,regime_comparison_01,democracy
full1,v2jupurge_lag1,8,2.609999895095825,regime_comparison_01,democracy
full1,v2jupurge_lag1,9,2.9670000076293945,regime_comparison_01,democracy
full1,v2jupurge_lag1,10,2.359999895095825,regime_comparison_01,democracy
full1,v2jupurge_lag1,11,2.8989999294281006,regime_comparison_01,democracy
full1,v2jupurge_lag1,12,2.8989999294281006,regime_comparison_01,democracy
full1,v2jupurge_lag1,13,2.8989999294281006,regime_comparison_01,democracy
full1,v2jupurge_lag1,14,2.2950000762939453,regime_comparison_01,democracy
full1,v2jupurge_lag1,15,2.2950000762939453,regime_comparison_01,democracy
full1,v2jupurge_lag1,16,2.7130000591278076,regime_comparison_01,democracy
full1,v2jupurge_lag1,17,2.7130000591278076,regime_comparison_01,democracy
full1,v2jupurge_lag1,19,1.6480000019073486,regime_comparison_01,democracy
full1,v2jupurge_lag1,33,-1.25600004196167,regime_comparison_01,democracy
full1,v2jupurge_lag1,35,2.1070001125335693,regime_comparison_01,democracy
full1,v2jupurge_lag1,37,1.909999966621399,regime_comparison_01,democracy
full1,v2jupurge_lag1,38,1.2380000352859497,regime_comparison_01,democracy
full1,v2jupurge_lag1,39,2.1449999809265137,regime_comparison_01,democracy
full1,v2jupurge_lag1,48,1.909000039100647,regime_comparison_01,democracy
full1,v2jupurge_lag1,49,1.909000039100647,regime_comparison_01,democracy
full1,v2jupurge_lag1,50,2.0799999237060547,regime_comparison_01,democracy
full1,v2jupurge_lag1,51,2.0799999237060547,regime_comparison_01,democracy
full1,v2jupurge_lag1,52,2.0799999237060547,regime_comparison_01,democracy
full1,v2jupurge_lag1,53,2.0799999237060547,regime_comparison_01,democracy
full1,v2jupurge_lag1,54,2.0799999237060547,regime_comparison_01,democracy
full1,v2jupurge_lag1,55,2.0799999237060547,regime_comparison_01,democracy
full1,v2jupurge_lag1,56,2.0799999237060547,regime_comparison_01,democracy
full1,v2jupurge_lag1,57,2.0799999237060547,regime_comparison_01,democracy
full1,v2jupurge_lag1,58,2.0799999237060547,regime_comparison_01,democracy
full1,v2jupurge_lag1,59,2.0799999237060547,regime_comparison_01,democracy
full1,v2jupurge_lag1,60,2.0799999237060547,regime_comparison_01,democracy
full1,v2jupurge_lag1,61,1.8660000562667847,regime_comparison_01,democracy
full1,v2jupurge_lag1,62,1.8660000562667847,regime_comparison_01,democracy
full1,v2jupurge_lag1,63,1.5700000524520874,regime_comparison_01,democracy
full1,v2jupurge_lag1,64,1.875,regime_comparison_01,democracy
full1,v2jupurge_lag1,65,1.875,regime_comparison_01,democracy
full1,v2jupurge_lag1,66,1.875,regime_comparison_01,democracy
full1,v2jupurge_lag1,67,1.875,regime_comparison_01,democracy
full1,v2jupurge_lag1,68,1.875,regime_comparison_01,democracy
full1,v2jupurge_lag1,69,1.875,regime_comparison_01,democracy
full1,v2jupurge_lag1,70,1.9589999914169312,regime_comparison_01,democracy
full1,v2jupurge_lag1,71,1.9589999914169312,regime_comparison_01,democracy
full1,v2jupurge_lag1,72,1.9589999914169312,regime_comparison_01,democracy
full1,v2jupurge_lag1,73,1.9589999914169312,regime_comparison_01,democracy
full1,v2jupurge_lag1,74,1.7330000400543213,regime_comparison_01,democracy
full1,v2jupurge_lag1,75,2.4690001010894775,regime_comparison_01,democracy
full1,v2jupurge_lag1,76,1.180999994277954,regime_comparison_01,democracy
full1,v2jupurge_lag1,77,1.180999994277954,regime_comparison_01,democracy
full1,v2jupurge_lag1,82,1.1959999799728394,regime_comparison_01,democracy
full1,v2jupurge_lag1,83,1.1959999799728394,regime_comparison_01,democracy
full1,v2jupurge_lag1,84,1.1959999799728394,regime_comparison_01,democracy
full1,v2jupurge_lag1,85,1.1959999799728394,regime_comparison_01,democracy
full1,v2jupurge_lag1,86,1.1959999799728394,regime_comparison_01,democracy
full1,v2jupurge_lag1,89,1.1959999799728394,regime_comparison_01,democracy
full1,v2jupurge_lag1,90,1.1959999799728394,regime_comparison_01,democracy
full1,v2jupurge_lag1,91,1.1959999799728394,regime_comparison_01,democracy
full1,v2jupurge_lag1,92,1.1959999799728394,regime_comparison_01,democracy
full1,v2jupurge_lag1,93,1.1710000038146973,regime_comparison_01,democracy
full1,v2jupurge_lag1,94,1.1710000038146973,regime_comparison_01,democracy
full1,v2jupurge_lag1,95,1.1710000038146973,regime_comparison_01,democracy
full1,v2jupurge_lag1,96,1.1710000038146973,regime_comparison_01,democracy
full1,v2jupurge_lag1,97,0.699999988079071,regime_comparison_01,democracy
full1,v2jupurge_lag1,98,0.699999988079071,regime_comparison_01,democracy
full1,v2jupurge_lag1,99,0.699999988079071,regime_comparison_01,democracy
full1,v2jupurge_lag1,100,0.4050000011920929,regime_comparison_01,democracy
full1,v2jupurge_lag1,118,1.4110000133514404,regime_comparison_01,democracy
full1,v2jupurge_lag1,122,1.4110000133514404,regime_comparison_01,democracy
full1,v2jupurge_lag1,128,1.4110000133514404,regime_comparison_01,democracy
full1,v2jupurge_lag1,136,1.3739999532699585,regime_comparison_01,democracy
full1,v2jupurge_lag1,138,1.3739999532699585,regime_comparison_01,democracy
full1,v2jupurge_lag1,139,1.3739999532699585,regime_comparison_01,democracy
full1,v2jupurge_lag1,140,1.371999979019165,regime_comparison_01,democracy
full1,v2jupurge_lag1,145,1.3559999465942383,regime_comparison_01,democracy
full1,v2jupurge_lag1,161,0.49399998784065247,regime_comparison_01,democracy
full1,v2jupurge_lag1,162,0.7360000014305115,regime_comparison_01,democracy
full1,v2jupurge_lag1,163,0.7360000014305115,regime_comparison_01,democracy
full1,v2jupurge_lag1,164,0.7360000014305115,regime_comparison_01,democracy
full1,v2jupurge_lag1,169,1.4900000095367432,regime_comparison_01,democracy
full1,v2jupurge_lag1,170,1.1089999675750732,regime_comparison_01,democracy
full1,v2jupurge_lag1,171,1.0640000104904175,regime_comparison_01,democracy
full1,v2jupurge_lag1,172,1.0640000104904175,regime_comparison_01,democracy
full1,v2jupurge_lag1,173,1.0640000104904175,regime_comparison_01,democracy
full1,v2jupurge_lag1,174,0.8769999742507935,regime_comparison_01,democracy
full1,v2jupurge_lag1,177,1.5219999551773071,regime_comparison_01,democracy
full1,v2jupurge_lag1,183,2.0160000324249268,regime_comparison_01,democracy
full1,v2jupurge_lag1,184,2.0160000324249268,regime_comparison_01,democracy
full1,v2jupurge_lag1,186,2.0160000324249268,regime_comparison_01,democracy
full1,v2jupurge_lag1,187,2.5309998989105225,regime_comparison_01,democracy
full1,v2jupurge_lag1,193,1.5759999752044678,regime_comparison_01,democracy
full1,v2jupurge_lag1,194,1.6150000095367432,regime_comparison_01,democracy
full1,v2jupurge_lag1,195,2.075000047683716,regime_comparison_01,democracy
full1,v2jupurge_lag1,197,1.3980000019073486,regime_comparison_01,democracy
full1,v2jupurge_lag1,200,1.0789999961853027,regime_comparison_01,democracy
full1,v2jupurge_lag1,201,1.5099999904632568,regime_comparison_01,democracy
full1,v2jupurge_lag1,202,1.5549999475479126,regime_comparison_01,democracy
full1,v2jupurge_lag1,204,0.6299999952316284,regime_comparison_01,democracy
full1,v2jupurge_lag1,205,0.5669999718666077,regime_comparison_01,democracy
full1,v2jupurge_lag1,221,-0.7260000109672546,regime_comparison_01,democracy
full1,v2jupurge_lag1,223,0.30300000309944153,regime_comparison_01,democracy
full1,v2jupurge_lag1,234,0.5049999952316284,regime_comparison_01,democracy
full1,v2jupurge_lag1,236,0.20999999344348907,regime_comparison_01,democracy
full1,v2jupurge_lag1,251,0.8960000276565552,regime_comparison_01,democracy
full1,v2jupurge_lag1,252,2.490000009536743,regime_comparison_01,democracy
full1,v2jupurge_lag1,253,2.490000009536743,regime_comparison_01,democracy
full1,v2jupurge_lag1,254,2.490000009536743,regime_comparison_01,democracy
full1,v2jupurge_lag1,255,2.490000009536743,regime_comparison_01,democracy
full1,v2jupurge_lag1,256,2.490000009536743,regime_comparison_01,democracy
full1,v2jupurge_lag1,257,2.490000009536743,regime_comparison_01,democracy
full1,v2jupurge_lag1,258,2.490000009536743,regime_comparison_01,democracy
full1,v2jupurge_lag1,259,2.490000009536743,regime_comparison_01,democracy
full1,v2jupurge_lag1,260,2.490000009536743,regime_comparison_01,democracy
full1,v2jupurge_lag1,261,2.490000009536743,regime_comparison_01,democracy
full1,v2jupurge_lag1,262,2.490000009536743,regime_comparison_01,democracy
full1,v2jupurge_lag1,263,2.013000011444092,regime_comparison_01,democracy
full1,v2jupurge_lag1,264,2.013000011444092,regime_comparison_01,democracy
full1,v2jupurge_lag1,265,2.5899999141693115,regime_comparison_01,democracy
full1,v2jupurge_lag1,266,2.5899999141693115,regime_comparison_01,democracy
full1,v2jupurge_lag1,267,2.5899999141693115,regime_comparison_01,democracy
full1,v2jupurge_lag1,268,2.5899999141693115,regime_comparison_01,democracy
full1,v2jupurge_lag1,269,2.5899999141693115,regime_comparison_01,democracy
full1,v2jupurge_lag1,270,2.5899999141693115,regime_comparison_01,democracy
full1,v2jupurge_lag1,271,2.5899999141693115,regime_comparison_01,democracy
full1,v2jupurge_lag1,272,1.6610000133514404,regime_comparison_01,democracy
full1,v2jupurge_lag1,273,1.6610000133514404,regime_comparison_01,democracy
full1,v2jupurge_lag1,274,1.6610000133514404,regime_comparison_01,democracy
full1,v2jupurge_lag1,275,1.6610000133514404,regime_comparison_01,democracy
full1,v2jupurge_lag1,278,2.2950000762939453,regime_comparison_01,democracy
full1,v2jupurge_lag1,280,2.322000026702881,regime_comparison_01,democracy
full1,v2jupurge_lag1,323,1.534000039100647,regime_comparison_01,democracy
full1,v2jupurge_lag1,324,1.9919999837875366,regime_comparison_01,democracy
full1,v2jupurge_lag1,325,1.99399995803833,regime_comparison_01,democracy
full1,v2jupurge_lag1,326,1.99399995803833,regime_comparison_01,democracy
full1,v2jupurge_lag1,327,2.1760001182556152,regime_comparison_01,democracy
full1,v2jupurge_lag1,328,2.1760001182556152,regime_comparison_01,democracy
full1,v2jupurge_lag1,329,2.1760001182556152,regime_comparison_01,democracy
full1,v2jupurge_lag1,330,2.1760001182556152,regime_comparison_01,democracy
full1,v2jupurge_lag1,331,2.1760001182556152,regime_comparison_01,democracy
full1,v2jupurge_lag1,332,2.1760001182556152,regime_comparison_01,democracy
full1,v2jupurge_lag1,333,2.1760001182556152,regime_comparison_01,democracy
full1,v2jupurge_lag1,334,2.1760001182556152,regime_comparison_01,democracy
full1,v2jupurge_lag1,335,2.1760001182556152,regime_comparison_01,democracy
full1,v2jupurge_lag1,336,2.2130000591278076,regime_comparison_01,democracy
full1,v2jupurge_lag1,337,2.2130000591278076,regime_comparison_01,democracy
full1,v2jupurge_lag1,338,2.2130000591278076,regime_comparison_01,democracy
full1,v2jupurge_lag1,339,2.2130000591278076,regime_comparison_01,democracy
full1,v2jupurge_lag1,340,2.2130000591278076,regime_comparison_01,democracy
full1,v2jupurge_lag1,341,2.2130000591278076,regime_comparison_01,democracy
full1,v2jupurge_lag1,342,2.2130000591278076,regime_comparison_01,democracy
full1,v2jupurge_lag1,343,2.2130000591278076,regime_comparison_01,democracy
full1,v2jupurge_lag1,344,2.2130000591278076,regime_comparison_01,democracy
full1,v2jupurge_lag1,345,2.2130000591278076,regime_comparison_01,democracy
full1,v2jupurge_lag1,346,0.8960000276565552,regime_comparison_01,democracy
full1,v2jupurge_lag1,347,2.1480000019073486,regime_comparison_01,democracy
full1,v2jupurge_lag1,348,1.1950000524520874,regime_comparison_01,democracy
full1,v2jupurge_lag1,349,0.9169999957084656,regime_comparison_01,democracy
full1,v2jupurge_lag1,350,2.4179999828338623,regime_comparison_01,democracy
full1,v2jupurge_lag1,351,2.4179999828338623,regime_comparison_01,democracy
full1,v2jupurge_lag1,352,2.4179999828338623,regime_comparison_01,democracy
full1,v2jupurge_lag1,353,2.4179999828338623,regime_comparison_01,democracy
full1,v2jupurge_lag1,354,2.4179999828338623,regime_comparison_01,democracy
full1,v2jupurge_lag1,355,2.4179999828338623,regime_comparison_01,democracy
full1,v2jupurge_lag1,356,2.4179999828338623,regime_comparison_01,democracy
full1,v2jupurge_lag1,357,2.4179999828338623,regime_comparison_01,democracy
full1,v2jupurge_lag1,358,2.4179999828338623,regime_comparison_01,democracy
full1,v2jupurge_lag1,359,2.4179999828338623,regime_comparison_01,democracy
full1,v2jupurge_lag1,360,2.4179999828338623,regime_comparison_01,democracy
full1,v2jupurge_lag1,361,2.4179999828338623,regime_comparison_01,democracy
full1,v2jupurge_lag1,362,2.4179999828338623,regime_comparison_01,democracy
full1,v2jupurge_lag1,363,2.4179999828338623,regime_comparison_01,democracy
full1,v2jupurge_lag1,364,1.7369999885559082,regime_comparison_01,democracy
full1,v2jupurge_lag1,365,1.7369999885559082,regime_comparison_01,democracy
full1,v2jupurge_lag1,366,2.4240000247955322,regime_comparison_01,democracy
full1,v2jupurge_lag1,367,2.0490000247955322,regime_comparison_01,democracy
full1,v2jupurge_lag1,368,1.1460000276565552,regime_comparison_01,democracy
full1,v2jupurge_lag1,369,1.878999948501587,regime_comparison_01,democracy
full1,v2jupurge_lag1,370,1.878999948501587,regime_comparison_01,democracy
full1,v2jupurge_lag1,371,1.8530000448226929,regime_comparison_01,democracy
full1,v2jupurge_lag1,372,1.8530000448226929,regime_comparison_01,democracy
full1,v2jupurge_lag1,373,1.8530000448226929,regime_comparison_01,democracy
full1,v2jupurge_lag1,374,1.8530000448226929,regime_comparison_01,democracy
full1,v2jupurge_lag1,375,1.8530000448226929,regime_comparison_01,democracy
full1,v2jupurge_lag1,376,1.8530000448226929,regime_comparison_01,democracy
full1,v2jupurge_lag1,377,1.8530000448226929,regime_comparison_01,democracy
full1,v2jupurge_lag1,378,2.134999990463257,regime_comparison_01,democracy
full1,v2jupurge_lag1,379,2.134999990463257,regime_comparison_01,democracy
full1,v2jupurge_lag1,382,1.4570000171661377,regime_comparison_01,democracy
full1,v2jupurge_lag1,383,1.4539999961853027,regime_comparison_01,democracy
full1,v2jupurge_lag1,384,1.9500000476837158,regime_comparison_01,democracy
full1,v2jupurge_lag1,385,2.015000104904175,regime_comparison_01,democracy
full1,v2jupurge_lag1,386,2.1659998893737793,regime_comparison_01,democracy
full1,v2jupurge_lag1,400,1.3930000066757202,regime_comparison_01,democracy
full1,v2jupurge_lag1,414,2.609999895095825,regime_comparison_01,democracy
full1,v2jupurge_lag1,415,2.9670000076293945,regime_comparison_01,democracy
full1,v2jupurge_lag1,416,2.9670000076293945,regime_comparison_01,democracy
full1,v2jupurge_lag1,417,2.9670000076293945,regime_comparison_01,democracy
full1,v2jupurge_lag1,418,2.9670000076293945,regime_comparison_01,democracy
full1,v2jupurge_lag1,419,2.359999895095825,regime_comparison_01,democracy
full1,v2jupurge_lag1,420,2.8989999294281006,regime_comparison_01,democracy
full1,v2jupurge_lag1,421,2.8989999294281006,regime_comparison_01,democracy
full1,v2jupurge_lag1,422,2.8989999294281006,regime_comparison_01,democracy
full1,v2jupurge_lag1,423,2.8989999294281006,regime_comparison_01,democracy
full1,v2jupurge_lag1,424,2.8989999294281006,regime_comparison_01,democracy
full1,v2jupurge_lag1,425,2.8989999294281006,regime_comparison_01,democracy
full1,v2jupurge_lag1,426,2.8989999294281006,regime_comparison_01,democracy
full1,v2jupurge_lag1,427,2.8989999294281006,regime_comparison_01,democracy
full1,v2jupurge_lag1,428,2.2950000762939453,regime_comparison_01,democracy
full1,v2jupurge_lag1,434,1.909999966621399,regime_comparison_01,democracy
full1,v2jupurge_lag1,435,1.909000039100647,regime_comparison_01,democracy
full1,v2jupurge_lag1,436,2.0799999237060547,regime_comparison_01,democracy
full1,v2jupurge_lag1,437,2.0799999237060547,regime_comparison_01,democracy
full1,v2jupurge_lag1,438,2.0799999237060547,regime_comparison_01,democracy
full1,v2jupurge_lag1,439,2.0799999237060547,regime_comparison_01,democracy
full1,v2jupurge_lag1,440,2.0799999237060547,regime_comparison_01,democracy
full1,v2jupurge_lag1,441,1.8660000562667847,regime_comparison_01,democracy
full1,v2jupurge_lag1,442,1.875,regime_comparison_01,democracy
full1,v2jupurge_lag1,443,1.875,regime_comparison_01,democracy
full1,v2jupurge_lag1,444,1.875,regime_comparison_01,democracy
full1,v2jupurge_lag1,445,1.875,regime_comparison_01,democracy
full1,v2jupurge_lag1,446,1.875,regime_comparison_01,democracy
full1,v2jupurge_lag1,447,1.875,regime_comparison_01,democracy
full1,v2jupurge_lag1,448,1.875,regime_comparison_01,democracy
full1,v2jupurge_lag1,449,1.875,regime_comparison_01,democracy
full1,v2jupurge_lag1,450,1.875,regime_comparison_01,democracy
full1,v2jupurge_lag1,451,1.875,regime_comparison_01,democracy
full1,v2jupurge_lag1,452,1.875,regime_comparison_01,democracy
full1,v2jupurge_lag1,453,1.875,regime_comparison_01,democracy
full1,v2jupurge_lag1,454,1.875,regime_comparison_01,democracy
full1,v2jupurge_lag1,455,1.875,regime_comparison_01,democracy
full1,v2jupurge_lag1,456,1.875,regime_comparison_01,democracy
full1,v2jupurge_lag1,457,1.875,regime_comparison_01,democracy
full1,v2jupurge_lag1,458,1.875,regime_comparison_01,democracy
full1,v2jupurge_lag1,459,1.9589999914169312,regime_comparison_01,democracy
full1,v2jupurge_lag1,460,1.9589999914169312,regime_comparison_01,democracy
full1,v2jupurge_lag1,461,1.9589999914169312,regime_comparison_01,democracy
full1,v2jupurge_lag1,462,1.9589999914169312,regime_comparison_01,democracy
full1,v2jupurge_lag1,463,1.9589999914169312,regime_comparison_01,democracy
full1,v2jupurge_lag1,464,1.9589999914169312,regime_comparison_01,democracy
full1,v2jupurge_lag1,465,1.9589999914169312,regime_comparison_01,democracy
full1,v2jupurge_lag1,466,1.9589999914169312,regime_comparison_01,democracy
full1,v2jupurge_lag1,467,1.9589999914169312,regime_comparison_01,democracy
full1,v2jupurge_lag1,468,1.9589999914169312,regime_comparison_01,democracy
full1,v2jupurge_lag1,469,1.7330000400543213,regime_comparison_01,democracy
full1,v2jupurge_lag1,470,1.7330000400543213,regime_comparison_01,democracy
full1,v2jupurge_lag1,471,1.7330000400543213,regime_comparison_01,democracy
full1,v2jupurge_lag1,472,2.4690001010894775,regime_comparison_01,democracy
full1,v2jupurge_lag1,473,2.4690001010894775,regime_comparison_01,democracy
full1,v2jupurge_lag1,474,1.1959999799728394,regime_comparison_01,democracy
full1,v2jupurge_lag1,475,1.1959999799728394,regime_comparison_01,democracy
full1,v2jupurge_lag1,478,1.1959999799728394,regime_comparison_01,democracy
full1,v2jupurge_lag1,480,1.1710000038146973,regime_comparison_01,democracy
full1,v2jupurge_lag1,481,1.1710000038146973,regime_comparison_01,democracy
full1,v2jupurge_lag1,482,1.1710000038146973,regime_comparison_01,democracy
full1,v2jupurge_lag1,483,1.1710000038146973,regime_comparison_01,democracy
full1,v2jupurge_lag1,484,1.1710000038146973,regime_comparison_01,democracy
full1,v2jupurge_lag1,485,1.1710000038146973,regime_comparison_01,democracy
full1,v2jupurge_lag1,486,1.1710000038146973,regime_comparison_01,democracy
full1,v2jupurge_lag1,487,1.1710000038146973,regime_comparison_01,democracy
full1,v2jupurge_lag1,488,1.1710000038146973,regime_comparison_01,democracy
full1,v2jupurge_lag1,489,1.1710000038146973,regime_comparison_01,democracy
full1,v2jupurge_lag1,491,1.1710000038146973,regime_comparison_01,democracy
full1,v2jupurge_lag1,492,1.1710000038146973,regime_comparison_01,democracy
full1,v2jupurge_lag1,493,1.1710000038146973,regime_comparison_01,democracy
full1,v2jupurge_lag1,494,0.699999988079071,regime_comparison_01,democracy
full1,v2jupurge_lag1,495,0.699999988079071,regime_comparison_01,democracy
full1,v2jupurge_lag1,502,1.4110000133514404,regime_comparison_01,democracy
full1,v2jupurge_lag1,504,1.4110000133514404,regime_comparison_01,democracy
full1,v2jupurge_lag1,505,1.4110000133514404,regime_comparison_01,democracy
full1,v2jupurge_lag1,507,1.4110000133514404,regime_comparison_01,democracy
full1,v2jupurge_lag1,509,1.4110000133514404,regime_comparison_01,democracy
full1,v2jupurge_lag1,511,1.4110000133514404,regime_comparison_01,democracy
full1,v2jupurge_lag1,512,1.4110000133514404,regime_comparison_01,democracy
full1,v2jupurge_lag1,514,1.4110000133514404,regime_comparison_01,democracy
full1,v2jupurge_lag1,516,1.4110000133514404,regime_comparison_01,democracy
full1,v2jupurge_lag1,518,1.4110000133514404,regime_comparison_01,democracy
full1,v2jupurge_lag1,519,1.4110000133514404,regime_comparison_01,democracy
full1,v2jupurge_lag1,521,1.4110000133514404,regime_comparison_01,democracy
full1,v2jupurge_lag1,525,1.4110000133514404,regime_comparison_01,democracy
full1,v2jupurge_lag1,526,1.4110000133514404,regime_comparison_01,democracy
full1,v2jupurge_lag1,527,1.4110000133514404,regime_comparison_01,democracy
full1,v2jupurge_lag1,529,1.4110000133514404,regime_comparison_01,democracy
full1,v2jupurge_lag1,543,1.3559999465942383,regime_comparison_01,democracy
full1,v2jupurge_lag1,546,1.3559999465942383,regime_comparison_01,democracy
full1,v2jupurge_lag1,567,0.7360000014305115,regime_comparison_01,democracy
full1,v2jupurge_lag1,568,0.7360000014305115,regime_comparison_01,democracy
full1,v2jupurge_lag1,574,1.5219999551773071,regime_comparison_01,democracy
full1,v2jupurge_lag1,580,2.0160000324249268,regime_comparison_01,democracy
full1,v2jupurge_lag1,596,1.0789999961853027,regime_comparison_01,democracy
full1,v2jupurge_lag1,597,1.0789999961853027,regime_comparison_01,democracy
full1,v2jupurge_lag1,598,1.5099999904632568,regime_comparison_01,democracy
full1,v2jupurge_lag1,599,1.5549999475479126,regime_comparison_01,democracy
full1,v2jupurge_lag1,600,0.8339999914169312,regime_comparison_01,democracy
full1,v2jupurge_lag1,601,0.8339999914169312,regime_comparison_01,democracy
full1,v2jupurge_lag1,615,0.30300000309944153,regime_comparison_01,democracy
full1,v2jupurge_lag1,616,0.30300000309944153,regime_comparison_01,democracy
full1,v2jupurge_lag1,620,-0.7710000276565552,regime_comparison_01,democracy
full1,v2jupurge_lag1,621,-1.2070000171661377,regime_comparison_01,democracy
full1,v2jupurge_lag1,623,-0.828000009059906,regime_comparison_01,democracy
full1,v2jupurge_lag1,631,2.490000009536743,regime_comparison_01,democracy
full1,v2jupurge_lag1,632,2.490000009536743,regime_comparison_01,democracy
full1,v2jupurge_lag1,633,2.490000009536743,regime_comparison_01,democracy
full1,v2jupurge_lag1,634,2.490000009536743,regime_comparison_01,democracy
full1,v2jupurge_lag1,635,2.490000009536743,regime_comparison_01,democracy
full1,v2jupurge_lag1,636,2.490000009536743,regime_comparison_01,democracy
full1,v2jupurge_lag1,637,2.490000009536743,regime_comparison_01,democracy
full1,v2jupurge_lag1,638,2.490000009536743,regime_comparison_01,democracy
full1,v2jupurge_lag1,639,2.490000009536743,regime_comparison_01,democracy
full1,v2jupurge_lag1,640,2.013000011444092,regime_comparison_01,democracy
full1,v2jupurge_lag1,641,2.013000011444092,regime_comparison_01,democracy
full1,v2jupurge_lag1,642,2.013000011444092,regime_comparison_01,democracy
full1,v2jupurge_lag1,643,2.013000011444092,regime_comparison_01,democracy
full1,v2jupurge_lag1,644,2.013000011444092,regime_comparison_01,democracy
full1,v2jupurge_lag1,645,2.5899999141693115,regime_comparison_01,democracy
full1,v2jupurge_lag1,646,2.5899999141693115,regime_comparison_01,democracy
full1,v2jupurge_lag1,647,2.5899999141693115,regime_comparison_01,democracy
full1,v2jupurge_lag1,648,2.5899999141693115,regime_comparison_01,democracy
full1,v2jupurge_lag1,649,2.5899999141693115,regime_comparison_01,democracy
full1,v2jupurge_lag1,650,2.5899999141693115,regime_comparison_01,democracy
full1,v2jupurge_lag1,651,2.5899999141693115,regime_comparison_01,democracy
full1,v2jupurge_lag1,652,2.5899999141693115,regime_comparison_01,democracy
full1,v2jupurge_lag1,653,2.5899999141693115,regime_comparison_01,democracy
full1,v2jupurge_lag1,654,2.5899999141693115,regime_comparison_01,democracy
full1,v2jupurge_lag1,655,2.5899999141693115,regime_comparison_01,democracy
full1,v2jupurge_lag1,656,2.5899999141693115,regime_comparison_01,democracy
full1,v2jupurge_lag1,657,2.5899999141693115,regime_comparison_01,democracy
full1,v2jupurge_lag1,658,2.5899999141693115,regime_comparison_01,democracy
full1,v2jupurge_lag1,659,2.5899999141693115,regime_comparison_01,democracy
full1,v2jupurge_lag1,660,2.5899999141693115,regime_comparison_01,democracy
full1,v2jupurge_lag1,661,1.6610000133514404,regime_comparison_01,democracy
full1,v2jupurge_lag1,662,1.6610000133514404,regime_comparison_01,democracy
full1,v2jupurge_lag1,663,1.6610000133514404,regime_comparison_01,democracy
full1,v2jupurge_lag1,664,1.6610000133514404,regime_comparison_01,democracy
full1,v2jupurge_lag1,665,1.6610000133514404,regime_comparison_01,democracy
full1,v2jupurge_lag1,666,1.6610000133514404,regime_comparison_01,democracy
full1,v2jupurge_lag1,667,1.6610000133514404,regime_comparison_01,democracy
full1,v2jupurge_lag1,669,1.6610000133514404,regime_comparison_01,democracy
full1,v2jupurge_lag1,670,1.6610000133514404,regime_comparison_01,democracy
full1,v2jupurge_lag1,671,1.6610000133514404,regime_comparison_01,democracy
full1,v2jupurge_lag1,672,1.6610000133514404,regime_comparison_01,democracy
full1,v2jupurge_lag1,673,1.6610000133514404,regime_comparison_01,democracy
full1,v2jupurge_lag1,674,1.6610000133514404,regime_comparison_01,democracy
full1,v2jupurge_lag1,675,1.6610000133514404,regime_comparison_01,democracy
full1,v2jupurge_lag1,676,1.6610000133514404,regime_comparison_01,democracy
full1,v2jupurge_lag1,677,1.6610000133514404,regime_comparison_01,democracy
full1,v2jupurge_lag1,755,1.99399995803833,regime_comparison_01,democracy
full1,v2jupurge_lag1,756,2.1760001182556152,regime_comparison_01,democracy
full1,v2jupurge_lag1,757,2.1760001182556152,regime_comparison_01,democracy
full1,v2jupurge_lag1,758,2.2130000591278076,regime_comparison_01,democracy
full1,v2jupurge_lag1,759,2.2130000591278076,regime_comparison_01,democracy
full1,v2jupurge_lag1,760,2.2130000591278076,regime_comparison_01,democracy
full1,v2jupurge_lag1,761,2.2130000591278076,regime_comparison_01,democracy
full1,v2jupurge_lag1,762,2.2130000591278076,regime_comparison_01,democracy
full1,v2jupurge_lag1,763,2.2130000591278076,regime_comparison_01,democracy
full1,v2jupurge_lag1,764,2.2130000591278076,regime_comparison_01,democracy
full1,v2jupurge_lag1,765,2.2130000591278076,regime_comparison_01,democracy
full1,v2jupurge_lag1,766,0.8960000276565552,regime_comparison_01,democracy
full1,v2jupurge_lag1,767,1.1950000524520874,regime_comparison_01,democracy
full1,v2jupurge_lag1,768,2.4179999828338623,regime_comparison_01,democracy
full1,v2jupurge_lag1,769,2.4179999828338623,regime_comparison_01,democracy
full1,v2jupurge_lag1,770,2.4179999828338623,regime_comparison_01,democracy
full1,v2jupurge_lag1,771,2.4179999828338623,regime_comparison_01,democracy
full1,v2jupurge_lag1,772,2.4179999828338623,regime_comparison_01,democracy
full1,v2jupurge_lag1,773,2.4179999828338623,regime_comparison_01,democracy
full1,v2jupurge_lag1,774,2.4179999828338623,regime_comparison_01,democracy
full1,v2jupurge_lag1,775,1.7369999885559082,regime_comparison_01,democracy
full1,v2jupurge_lag1,776,2.0490000247955322,regime_comparison_01,democracy
full1,v2jupurge_lag1,777,1.1460000276565552,regime_comparison_01,democracy
full1,v2jupurge_lag1,778,1.878999948501587,regime_comparison_01,democracy
full1,v2jupurge_lag1,779,1.878999948501587,regime_comparison_01,democracy
full1,v2jupurge_lag1,780,1.878999948501587,regime_comparison_01,democracy
full1,v2jupurge_lag1,781,1.878999948501587,regime_comparison_01,democracy
full1,v2jupurge_lag1,782,1.878999948501587,regime_comparison_01,democracy
full1,v2jupurge_lag1,783,1.878999948501587,regime_comparison_01,democracy
full1,v2jupurge_lag1,784,1.8530000448226929,regime_comparison_01,democracy
full1,v2jupurge_lag1,785,1.8530000448226929,regime_comparison_01,democracy
full1,v2jupurge_lag1,786,1.8530000448226929,regime_comparison_01,democracy
full1,v2jupurge_lag1,787,1.8530000448226929,regime_comparison_01,democracy
full1,v2jupurge_lag1,788,1.8530000448226929,regime_comparison_01,democracy
full1,v2jupurge_lag1,789,1.8530000448226929,regime_comparison_01,democracy
full1,v2jupurge_lag1,790,1.8530000448226929,regime_comparison_01,democracy
full1,v2jupurge_lag1,791,1.8530000448226929,regime_comparison_01,democracy
full1,v2jupurge_lag1,792,1.8530000448226929,regime_comparison_01,democracy
full1,v2jupurge_lag1,793,1.8530000448226929,regime_comparison_01,democracy
full1,v2jupurge_lag1,794,1.8530000448226929,regime_comparison_01,democracy
full1,v2jupurge_lag1,795,1.8530000448226929,regime_comparison_01,democracy
full1,v2jupurge_lag1,796,1.8530000448226929,regime_comparison_01,democracy
full1,v2jupurge_lag1,797,1.8530000448226929,regime_comparison_01,democracy
full1,v2jupurge_lag1,798,1.8530000448226929,regime_comparison_01,democracy
full1,v2jupurge_lag1,799,1.8530000448226929,regime_comparison_01,democracy
full1,v2jupurge_lag1,800,1.8530000448226929,regime_comparison_01,democracy
full1,v2jupurge_lag1,801,1.8530000448226929,regime_comparison_01,democracy
full1,v2jupurge_lag1,802,1.8530000448226929,regime_comparison_01,democracy
full1,v2jupurge_lag1,803,1.8530000448226929,regime_comparison_01,democracy
full1,v2jupurge_lag1,804,1.8530000448226929,regime_comparison_01,democracy
full1,v2jupurge_lag1,805,1.8530000448226929,regime_comparison_01,democracy
full1,v2jupurge_lag1,806,1.8530000448226929,regime_comparison_01,democracy
full1,v2jupurge_lag1,807,1.8530000448226929,regime_comparison_01,democracy
full1,v2jupurge_lag1,808,1.8530000448226929,regime_comparison_01,democracy
full1,v2jupurge_lag1,809,1.8530000448226929,regime_comparison_01,democracy
full1,v2jupurge_lag1,810,1.8530000448226929,regime_comparison_01,democracy
full1,v2jupurge_lag1,811,1.8530000448226929,regime_comparison_01,democracy
full1,v2jupurge_lag1,812,1.8530000448226929,regime_comparison_01,democracy
full1,v2jupurge_lag1,813,1.8530000448226929,regime_comparison_01,democracy
full1,v2jupurge_lag1,814,1.8530000448226929,regime_comparison_01,democracy
full1,v2jupurge_lag1,815,1.8530000448226929,regime_comparison_01,democracy
full1,v2jupurge_lag1,816,1.8530000448226929,regime_comparison_01,democracy
full1,v2jupurge_lag1,817,1.8530000448226929,regime_comparison_01,democracy
full1,v2jupurge_lag1,818,1.8530000448226929,regime_comparison_01,democracy
full1,v2jupurge_lag1,819,1.8530000448226929,regime_comparison_01,democracy
full1,v2jupurge_lag1,820,1.8530000448226929,regime_comparison_01,democracy
full1,v2jupurge_lag1,821,1.8530000448226929,regime_comparison_01,democracy
full1,v2jupurge_lag1,822,1.8530000448226929,regime_comparison_01,democracy
full1,v2jupurge_lag1,823,1.8530000448226929,regime_comparison_01,democracy
full1,v2jupurge_lag1,824,1.8530000448226929,regime_comparison_01,democracy
full1,v2jupurge_lag1,825,1.8530000448226929,regime_comparison_01,democracy
full1,v2jupurge_lag1,826,1.8530000448226929,regime_comparison_01,democracy
full1,v2jupurge_lag1,827,1.8530000448226929,regime_comparison_01,democracy
full1,v2jupurge_lag1,828,1.8530000448226929,regime_comparison_01,democracy
full1,v2jupurge_lag1,829,1.8530000448226929,regime_comparison_01,democracy
full1,v2jupurge_lag1,830,1.8530000448226929,regime_comparison_01,democracy
full1,v2jupurge_lag1,831,1.8530000448226929,regime_comparison_01,democracy
full1,v2jupurge_lag1,832,1.8530000448226929,regime_comparison_01,democracy
full1,v2jupurge_lag1,833,1.8530000448226929,regime_comparison_01,democracy
full1,v2jupurge_lag1,834,1.8530000448226929,regime_comparison_01,democracy
full1,v2jupurge_lag1,835,1.8530000448226929,regime_comparison_01,democracy
full1,v2jupurge_lag1,836,1.8530000448226929,regime_comparison_01,democracy
full1,v2jupurge_lag1,837,1.8530000448226929,regime_comparison_01,democracy
full1,v2jupurge_lag1,838,1.8530000448226929,regime_comparison_01,democracy
full1,v2jupurge_lag1,839,1.8530000448226929,regime_comparison_01,democracy
full1,v2jupurge_lag1,840,1.8530000448226929,regime_comparison_01,democracy
full1,v2jupurge_lag1,841,1.8530000448226929,regime_comparison_01,democracy
full1,v2jupurge_lag1,842,1.8530000448226929,regime_comparison_01,democracy
full1,v2jupurge_lag1,843,1.8530000448226929,regime_comparison_01,democracy
full1,v2jupurge_lag1,844,1.8530000448226929,regime_comparison_01,democracy
full1,v2jupurge_lag1,845,1.8530000448226929,regime_comparison_01,democracy
full1,v2jupurge_lag1,846,1.8530000448226929,regime_comparison_01,democracy
full1,v2jupurge_lag1,847,1.8530000448226929,regime_comparison_01,democracy
full1,v2jupurge_lag1,848,1.8530000448226929,regime_comparison_01,democracy
full1,v2jupurge_lag1,849,1.8530000448226929,regime_comparison_01,democracy
full1,v2jupurge_lag1,850,1.8530000448226929,regime_comparison_01,democracy
full1,v2jupurge_lag1,851,1.8530000448226929,regime_comparison_01,democracy
full1,v2jupurge_lag1,852,1.8530000448226929,regime_comparison_01,democracy
full1,v2jupurge_lag1,853,1.8530000448226929,regime_comparison_01,democracy
full1,v2jupurge_lag1,854,1.8530000448226929,regime_comparison_01,democracy
full1,v2jupurge_lag1,855,1.8530000448226929,regime_comparison_01,democracy
full1,v2jupurge_lag1,856,1.8530000448226929,regime_comparison_01,democracy
full1,v2jupurge_lag1,857,1.8530000448226929,regime_comparison_01,democracy
full1,v2jupurge_lag1,858,1.8530000448226929,regime_comparison_01,democracy
full1,v2jupurge_lag1,859,1.8530000448226929,regime_comparison_01,democracy
full1,v2jupurge_lag1,860,1.8530000448226929,regime_comparison_01,democracy
full1,v2jupurge_lag1,861,1.8530000448226929,regime_comparison_01,democracy
full1,v2jupurge_lag1,862,1.8530000448226929,regime_comparison_01,democracy
full1,v2jupurge_lag1,863,1.8530000448226929,regime_comparison_01,democracy
full1,v2jupurge_lag1,864,1.8530000448226929,regime_comparison_01,democracy
full1,v2jupurge_lag1,865,1.8530000448226929,regime_comparison_01,democracy
full1,v2jupurge_lag1,866,1.8530000448226929,regime_comparison_01,democracy
full1,v2jupurge_lag1,867,1.8530000448226929,regime_comparison_01,democracy
full1,v2jupurge_lag1,868,1.8530000448226929,regime_comparison_01,democracy
full1,v2jupurge_lag1,869,1.8530000448226929,regime_comparison_01,democracy
full1,v2jupurge_lag1,870,1.8530000448226929,regime_comparison_01,democracy
full1,v2jupurge_lag1,871,1.8530000448226929,regime_comparison_01,democracy
full1,v2jupurge_lag1,872,1.8530000448226929,regime_comparison_01,democracy
full1,v2jupurge_lag1,873,1.8530000448226929,regime_comparison_01,democracy
full1,v2jupurge_lag1,874,1.8530000448226929,regime_comparison_01,democracy
full1,v2jupurge_lag1,875,1.8530000448226929,regime_comparison_01,democracy
full1,v2jupurge_lag1,876,1.8530000448226929,regime_comparison_01,democracy
full1,v2jupurge_lag1,877,1.8530000448226929,regime_comparison_01,democracy
full1,v2jupurge_lag1,878,1.8530000448226929,regime_comparison_01,democracy
full1,v2jupurge_lag1,879,1.8530000448226929,regime_comparison_01,democracy
full1,v2jupurge_lag1,880,1.8530000448226929,regime_comparison_01,democracy
full1,v2jupurge_lag1,881,1.8530000448226929,regime_comparison_01,democracy
full1,v2jupurge_lag1,882,1.8530000448226929,regime_comparison_01,democracy
full1,v2jupurge_lag1,883,1.8530000448226929,regime_comparison_01,democracy
full1,v2jupurge_lag1,884,1.8530000448226929,regime_comparison_01,democracy
full1,v2jupurge_lag1,885,1.8530000448226929,regime_comparison_01,democracy
full1,v2jupurge_lag1,886,1.8530000448226929,regime_comparison_01,democracy
full1,v2jupurge_lag1,887,1.8530000448226929,regime_comparison_01,democracy
full1,v2jupurge_lag1,888,1.8530000448226929,regime_comparison_01,democracy
full1,v2jupurge_lag1,889,1.8530000448226929,regime_comparison_01,democracy
full1,v2jupurge_lag1,890,1.8530000448226929,regime_comparison_01,democracy
full1,v2jupurge_lag1,891,1.8530000448226929,regime_comparison_01,democracy
full1,v2jupurge_lag1,892,1.8530000448226929,regime_comparison_01,democracy
full1,v2jupurge_lag1,893,1.8530000448226929,regime_comparison_01,democracy
full1,v2jupurge_lag1,894,1.8530000448226929,regime_comparison_01,democracy
full1,v2jupurge_lag1,895,1.8530000448226929,regime_comparison_01,democracy
full1,v2jupurge_lag1,896,1.8530000448226929,regime_comparison_01,democracy
full1,v2jupurge_lag1,897,1.8530000448226929,regime_comparison_01,democracy
full1,v2jupurge_lag1,898,1.8530000448226929,regime_comparison_01,democracy
full1,v2jupurge_lag1,899,1.8530000448226929,regime_comparison_01,democracy
full1,v2jupurge_lag1,900,1.8530000448226929,regime_comparison_01,democracy
full1,v2jupurge_lag1,901,1.8530000448226929,regime_comparison_01,democracy
full1,v2jupurge_lag1,902,1.8530000448226929,regime_comparison_01,democracy
full1,v2jupurge_lag1,903,1.8530000448226929,regime_comparison_01,democracy
full1,v2jupurge_lag1,904,1.8530000448226929,regime_comparison_01,democracy
full1,v2jupurge_lag1,905,1.8530000448226929,regime_comparison_01,democracy
full1,v2jupurge_lag1,906,1.8530000448226929,regime_comparison_01,democracy
full1,v2jupurge_lag1,908,1.8530000448226929,regime_comparison_01,democracy
full1,v2jupurge_lag1,909,1.8530000448226929,regime_comparison_01,democracy
full1,v2jupurge_lag1,910,1.8530000448226929,regime_comparison_01,democracy
full1,v2jupurge_lag1,911,1.8530000448226929,regime_comparison_01,democracy
full1,v2jupurge_lag1,912,1.8530000448226929,regime_comparison_01,democracy
full1,v2jupurge_lag1,913,1.8530000448226929,regime_comparison_01,democracy
full1,v2jupurge_lag1,914,1.8530000448226929,regime_comparison_01,democracy
full1,v2jupurge_lag1,915,1.8530000448226929,regime_comparison_01,democracy
full1,v2jupurge_lag1,916,1.8530000448226929,regime_comparison_01,democracy
full1,v2jupurge_lag1,917,1.8530000448226929,regime_comparison_01,democracy
full1,v2jupurge_lag1,918,1.8530000448226929,regime_comparison_01,democracy
full1,v2jupurge_lag1,919,1.8530000448226929,regime_comparison_01,democracy
full1,v2jupurge_lag1,920,1.8530000448226929,regime_comparison_01,democracy
full1,v2jupurge_lag1,921,1.8530000448226929,regime_comparison_01,democracy
full1,v2jupurge_lag1,922,1.8530000448226929,regime_comparison_01,democracy
full1,v2jupurge_lag1,923,1.8530000448226929,regime_comparison_01,democracy
full1,v2jupurge_lag1,924,1.8530000448226929,regime_comparison_01,democracy
full1,v2jupurge_lag1,925,1.8530000448226929,regime_comparison_01,democracy
full1,v2jupurge_lag1,926,1.8530000448226929,regime_comparison_01,democracy
full1,v2jupurge_lag1,927,1.8530000448226929,regime_comparison_01,democracy
full1,v2jupurge_lag1,928,1.8530000448226929,regime_comparison_01,democracy
full1,v2jupurge_lag1,929,1.8530000448226929,regime_comparison_01,democracy
full1,v2jupurge_lag1,930,1.8530000448226929,regime_comparison_01,democracy
full1,v2jupurge_lag1,931,1.8530000448226929,regime_comparison_01,democracy
full1,v2jupurge_lag1,932,1.8530000448226929,regime_comparison_01,democracy
full1,v2jupurge_lag1,933,1.8530000448226929,regime_comparison_01,democracy
full1,v2jupurge_lag1,934,1.8530000448226929,regime_comparison_01,democracy
full1,v2jupurge_lag1,935,1.8530000448226929,regime_comparison_01,democracy
full1,v2jupurge_lag1,936,1.8530000448226929,regime_comparison_01,democracy
full1,v2jupurge_lag1,937,1.8530000448226929,regime_comparison_01,democracy
full1,v2jupurge_lag1,938,1.8530000448226929,regime_comparison_01,democracy
full1,v2jupurge_lag1,939,1.8530000448226929,regime_comparison_01,democracy
full1,v2jupurge_lag1,940,1.8530000448226929,regime_comparison_01,democracy
full1,v2jupurge_lag1,941,1.8530000448226929,regime_comparison_01,democracy
full1,v2jupurge_lag1,942,1.8530000448226929,regime_comparison_01,democracy
full1,v2jupurge_lag1,943,1.8530000448226929,regime_comparison_01,democracy
full1,v2jupurge_lag1,944,1.8530000448226929,regime_comparison_01,democracy
full1,v2jupurge_lag1,945,1.8530000448226929,regime_comparison_01,democracy
full1,v2jupurge_lag1,946,1.8530000448226929,regime_comparison_01,democracy
full1,v2jupurge_lag1,947,1.8530000448226929,regime_comparison_01,democracy
full1,v2jupurge_lag1,948,1.8530000448226929,regime_comparison_01,democracy
full1,v2jupurge_lag1,949,1.8530000448226929,regime_comparison_01,democracy
full1,v2jupurge_lag1,950,1.8530000448226929,regime_comparison_01,democracy
full1,v2jupurge_lag1,951,1.8530000448226929,regime_comparison_01,democracy
full1,v2jupurge_lag1,952,1.8530000448226929,regime_comparison_01,democracy
full1,v2jupurge_lag1,953,1.8530000448226929,regime_comparison_01,democracy
full1,v2jupurge_lag1,954,1.8530000448226929,regime_comparison_01,democracy
full1,v2jupurge_lag1,955,1.8530000448226929,regime_comparison_01,democracy
full1,v2jupurge_lag1,956,1.8530000448226929,regime_comparison_01,democracy
full1,v2jupurge_lag1,957,1.8530000448226929,regime_comparison_01,democracy
full1,v2jupurge_lag1,958,1.8530000448226929,regime_comparison_01,democracy
full1,v2jupurge_lag1,959,1.8530000448226929,regime_comparison_01,democracy
full1,v2jupurge_lag1,960,1.8530000448226929,regime_comparison_01,democracy
full1,v2jupurge_lag1,961,1.8530000448226929,regime_comparison_01,democracy
full1,v2jupurge_lag1,962,1.8530000448226929,regime_comparison_01,democracy
full1,v2jupurge_lag1,963,1.8530000448226929,regime_comparison_01,democracy
full1,v2jupurge_lag1,964,1.8530000448226929,regime_comparison_01,democracy
full1,v2jupurge_lag1,965,1.8530000448226929,regime_comparison_01,democracy
full1,v2jupurge_lag1,966,1.8530000448226929,regime_comparison_01,democracy
full1,v2jupurge_lag1,967,1.8530000448226929,regime_comparison_01,democracy
full1,v2jupurge_lag1,968,1.8530000448226929,regime_comparison_01,democracy
full1,v2jupurge_lag1,969,1.8530000448226929,regime_comparison_01,democracy
full1,v2jupurge_lag1,970,1.8530000448226929,regime_comparison_01,democracy
full1,v2jupurge_lag1,971,1.8530000448226929,regime_comparison_01,democracy
full1,v2jupurge_lag1,972,1.8530000448226929,regime_comparison_01,democracy
full1,v2jupurge_lag1,973,1.8530000448226929,regime_comparison_01,democracy
full1,v2jupurge_lag1,974,1.8530000448226929,regime_comparison_01,democracy
full1,v2jupurge_lag1,975,1.8530000448226929,regime_comparison_01,democracy
full1,v2jupurge_lag1,976,1.8530000448226929,regime_comparison_01,democracy
full1,v2jupurge_lag1,977,1.8530000448226929,regime_comparison_01,democracy
full1,v2jupurge_lag1,978,1.8530000448226929,regime_comparison_01,democracy
full1,v2jupurge_lag1,979,1.8530000448226929,regime_comparison_01,democracy
full1,v2jupurge_lag1,980,1.8530000448226929,regime_comparison_01,democracy
full1,v2jupurge_lag1,981,1.8530000448226929,regime_comparison_01,democracy
full1,v2jupurge_lag1,982,1.8530000448226929,regime_comparison_01,democracy
full1,v2jupurge_lag1,983,1.8530000448226929,regime_comparison_01,democracy
full1,v2jupurge_lag1,984,1.8530000448226929,regime_comparison_01,democracy
full1,v2jupurge_lag1,985,1.8530000448226929,regime_comparison_01,democracy
full1,v2jupurge_lag1,986,1.8530000448226929,regime_comparison_01,democracy
full1,v2jupurge_lag1,987,1.8530000448226929,regime_comparison_01,democracy
full1,v2jupurge_lag1,988,1.8530000448226929,regime_comparison_01,democracy
full1,v2jupurge_lag1,989,1.8530000448226929,regime_comparison_01,democracy
full1,v2jupurge_lag1,990,1.8530000448226929,regime_comparison_01,democracy
full1,v2jupurge_lag1,991,1.8530000448226929,regime_comparison_01,democracy
full1,v2jupurge_lag1,992,1.8530000448226929,regime_comparison_01,democracy
full1,v2jupurge_lag1,993,2.134999990463257,regime_comparison_01,democracy
full1,v2jupurge_lag1,994,2.134999990463257,regime_comparison_01,democracy
full1,v2jupurge_lag1,995,2.134999990463257,regime_comparison_01,democracy
full1,v2jupurge_lag1,996,2.134999990463257,regime_comparison_01,democracy
full1,v2jupurge_lag1,997,2.134999990463257,regime_comparison_01,democracy
full1,v2jupurge_lag1,998,2.134999990463257,regime_comparison_01,democracy
full1,v2jupurge_lag1,999,2.134999990463257,regime_comparison_01,democracy
full1,v2jupurge_lag1,1000,2.134999990463257,regime_comparison_01,democracy
full1,v2jupurge_lag1,1001,2.134999990463257,regime_comparison_01,democracy
full1,v2jupurge_lag1,1002,2.134999990463257,regime_comparison_01,democracy
full1,v2jupurge_lag1,1003,2.134999990463257,regime_comparison_01,democracy
full1,v2jupurge_lag1,1004,2.134999990463257,regime_comparison_01,democracy
full1,v2jupurge_lag1,1005,2.134999990463257,regime_comparison_01,democracy
full1,v2jupurge_lag1,1006,2.134999990463257,regime_comparison_01,democracy
full1,v2jupurge_lag1,1007,2.134999990463257,regime_comparison_01,democracy
full1,v2jupurge_lag1,1009,2.134999990463257,regime_comparison_01,democracy
full1,v2jupurge_lag1,1010,2.134999990463257,regime_comparison_01,democracy
full1,v2jupurge_lag1,1011,2.134999990463257,regime_comparison_01,democracy
full1,v2jupurge_lag1,1012,2.134999990463257,regime_comparison_01,democracy
full1,v2jupurge_lag1,1014,2.134999990463257,regime_comparison_01,democracy
full1,v2jupurge_lag1,1016,2.134999990463257,regime_comparison_01,democracy
full1,v2jupurge_lag1,1017,2.134999990463257,regime_comparison_01,democracy
full1,v2jupurge_lag1,1018,2.134999990463257,regime_comparison_01,democracy
full1,v2jupurge_lag1,1019,2.134999990463257,regime_comparison_01,democracy
full1,v2jupurge_lag1,1021,2.134999990463257,regime_comparison_01,democracy
full1,v2jupurge_lag1,1022,2.134999990463257,regime_comparison_01,democracy
full1,v2jupurge_lag1,1023,2.134999990463257,regime_comparison_01,democracy
full1,v2jupurge_lag1,1024,2.134999990463257,regime_comparison_01,democracy
full1,v2jupurge_lag1,1025,2.134999990463257,regime_comparison_01,democracy
full1,v2jupurge_lag1,1026,2.134999990463257,regime_comparison_01,democracy
full1,v2jupurge_lag1,1027,2.134999990463257,regime_comparison_01,democracy
full1,v2jupurge_lag1,1028,2.134999990463257,regime_comparison_01,democracy
full1,v2jupurge_lag1,1029,2.134999990463257,regime_comparison_01,democracy
full1,v2jupurge_lag1,1031,2.134999990463257,regime_comparison_01,democracy
full1,v2jupurge_lag1,1033,2.134999990463257,regime_comparison_01,democracy
full1,v2jupurge_lag1,1036,2.134999990463257,regime_comparison_01,democracy
full1,v2jupurge_lag1,1038,2.134999990463257,regime_comparison_01,democracy
full1,v2jupurge_lag1,1039,2.134999990463257,regime_comparison_01,democracy
full1,v2jupurge_lag1,1041,2.134999990463257,regime_comparison_01,democracy
full1,v2jupurge_lag1,1043,2.134999990463257,regime_comparison_01,democracy
full1,v2jupurge_lag1,1045,1.4570000171661377,regime_comparison_01,democracy
full1,v2jupurge_lag1,1049,1.4570000171661377,regime_comparison_01,democracy
full1,v2jupurge_lag1,1051,1.4570000171661377,regime_comparison_01,democracy
full1,v2jupurge_lag1,1052,1.4570000171661377,regime_comparison_01,democracy
full1,v2jupurge_lag1,1055,1.4570000171661377,regime_comparison_01,democracy
full1,v2jupurge_lag1,1056,1.4570000171661377,regime_comparison_01,democracy
full1,v2jupurge_lag1,1058,1.4570000171661377,regime_comparison_01,democracy
full1,v2jupurge_lag1,1059,1.4570000171661377,regime_comparison_01,democracy
full1,v2jupurge_lag1,1060,1.4539999961853027,regime_comparison_01,democracy
full2,court_independence_lag1,3,3.0369999408721924,regime_comparison_01,democracy
full2,court_independence_lag1,4,3.0139999389648438,regime_comparison_01,democracy
full2,court_independence_lag1,5,3.0139999389648438,regime_comparison_01,democracy
full2,court_independence_lag1,6,3.0369999408721924,regime_comparison_01,democracy
full2,court_independence_lag1,7,3.0139999389648438,regime_comparison_01,democracy
full2,court_independence_lag1,8,3.365999937057495,regime_comparison_01,democracy
full2,court_independence_lag1,9,3.0139999389648438,regime_comparison_01,democracy
full2,court_independence_lag1,10,2.5280001163482666,regime_comparison_01,democracy
full2,court_independence_lag1,11,3.2790000438690186,regime_comparison_01,democracy
full2,court_independence_lag1,12,3.0139999389648438,regime_comparison_01,democracy
full2,court_independence_lag1,13,3.0139999389648438,regime_comparison_01,democracy
full2,court_independence_lag1,14,3.0139999389648438,regime_comparison_01,democracy
full2,court_independence_lag1,15,3.2790000438690186,regime_comparison_01,democracy
full2,court_independence_lag1,16,3.0139999389648438,regime_comparison_01,democracy
full2,court_independence_lag1,17,3.0139999389648438,regime_comparison_01,democracy
full2,court_independence_lag1,19,3.0139999389648438,regime_comparison_01,democracy
full2,court_independence_lag1,33,-1.3279999494552612,regime_comparison_01,democracy
full2,court_independence_lag1,35,1.9490000009536743,regime_comparison_01,democracy
full2,court_independence_lag1,37,1.9490000009536743,regime_comparison_01,democracy
full2,court_independence_lag1,38,1.2790000438690186,regime_comparison_01,democracy
full2,court_independence_lag1,39,1.6699999570846558,regime_comparison_01,democracy
full2,court_independence_lag1,48,2.1989998817443848,regime_comparison_01,democracy
full2,court_independence_lag1,49,2.1989998817443848,regime_comparison_01,democracy
full2,court_independence_lag1,50,2.1989998817443848,regime_comparison_01,democracy
full2,court_independence_lag1,51,2.1989998817443848,regime_comparison_01,democracy
full2,court_independence_lag1,52,2.1989998817443848,regime_comparison_01,democracy
full2,court_independence_lag1,53,2.1989998817443848,regime_comparison_01,democracy
full2,court_independence_lag1,54,2.1989998817443848,regime_comparison_01,democracy
full2,court_independence_lag1,55,2.1989998817443848,regime_comparison_01,democracy
full2,court_independence_lag1,56,2.2890000343322754,regime_comparison_01,democracy
full2,court_independence_lag1,57,2.1989998817443848,regime_comparison_01,democracy
full2,court_independence_lag1,58,2.1989998817443848,regime_comparison_01,democracy
full2,court_independence_lag1,59,2.2890000343322754,regime_comparison_01,democracy
full2,court_independence_lag1,60,2.2890000343322754,regime_comparison_01,democracy
full2,court_independence_lag1,61,2.2890000343322754,regime_comparison_01,democracy
full2,court_independence_lag1,62,2.1989998817443848,regime_comparison_01,democracy
full2,court_independence_lag1,63,2.1989998817443848,regime_comparison_01,democracy
full2,court_independence_lag1,64,2.2890000343322754,regime_comparison_01,democracy
full2,court_independence_lag1,65,2.1989998817443848,regime_comparison_01,democracy
full2,court_independence_lag1,66,2.1989998817443848,regime_comparison_01,democracy
full2,court_independence_lag1,67,2.2890000343322754,regime_comparison_01,democracy
full2,court_independence_lag1,68,2.1989998817443848,regime_comparison_01,democracy
full2,court_independence_lag1,69,2.2890000343322754,regime_comparison_01,democracy
full2,court_independence_lag1,70,2.2890000343322754,regime_comparison_01,democracy
full2,court_independence_lag1,71,2.2890000343322754,regime_comparison_01,democracy
full2,court_independence_lag1,72,2.1989998817443848,regime_comparison_01,democracy
full2,court_independence_lag1,73,2.1989998817443848,regime_comparison_01,democracy
full2,court_independence_lag1,74,2.1989998817443848,regime_comparison_01,democracy
full2,court_independence_lag1,75,2.2890000343322754,regime_comparison_01,democracy
full2,court_independence_lag1,76,1.8730000257492065,regime_comparison_01,democracy
full2,court_independence_lag1,77,2.9030001163482666,regime_comparison_01,democracy
full2,court_independence_lag1,82,1.565000057220459,regime_comparison_01,democracy
full2,court_independence_lag1,83,1.565000057220459,regime_comparison_01,democracy
full2,court_independence_lag1,84,1.565000057220459,regime_comparison_01,democracy
full2,court_independence_lag1,85,2.2239999771118164,regime_comparison_01,democracy
full2,court_independence_lag1,86,1.565000057220459,regime_comparison_01,democracy
full2,court_independence_lag1,89,1.5980000495910645,regime_comparison_01,democracy
full2,court_independence_lag1,90,2.500999927520752,regime_comparison_01,democracy
full2,court_independence_lag1,91,1.5980000495910645,regime_comparison_01,democracy
full2,court_independence_lag1,92,1.5980000495910645,regime_comparison_01,democracy
full2,court_independence_lag1,93,1.5980000495910645,regime_comparison_01,democracy
full2,court_independence_lag1,94,2.2219998836517334,regime_comparison_01,democracy
full2,court_independence_lag1,95,2.5889999866485596,regime_comparison_01,democracy
full2,court_independence_lag1,96,1.5449999570846558,regime_comparison_01,democracy
full2,court_independence_lag1,97,1.0800000429153442,regime_comparison_01,democracy
full2,court_independence_lag1,98,1.0800000429153442,regime_comparison_01,democracy
full2,court_independence_lag1,99,1.0800000429153442,regime_comparison_01,democracy
full2,court_independence_lag1,100,1.0800000429153442,regime_comparison_01,democracy
full2,court_independence_lag1,118,1.7890000343322754,regime_comparison_01,democracy
full2,court_independence_lag1,122,2.1530001163482666,regime_comparison_01,democracy
full2,court_independence_lag1,128,2.1530001163482666,regime_comparison_01,democracy
full2,court_independence_lag1,136,1.7000000476837158,regime_comparison_01,democracy
full2,court_independence_lag1,138,1.7000000476837158,regime_comparison_01,democracy
full2,court_independence_lag1,139,1.7000000476837158,regime_comparison_01,democracy
full2,court_independence_lag1,140,2.1559998989105225,regime_comparison_01,democracy
full2,court_independence_lag1,145,-0.06199999898672104,regime_comparison_01,democracy
full2,court_independence_lag1,161,1.9079999923706055,regime_comparison_01,democracy
full2,court_independence_lag1,162,1.5420000553131104,regime_comparison_01,democracy
full2,court_independence_lag1,163,1.5420000553131104,regime_comparison_01,democracy
full2,court_independence_lag1,164,1.5420000553131104,regime_comparison_01,democracy
full2,court_independence_lag1,169,1.4019999504089355,regime_comparison_01,democracy
full2,court_independence_lag1,170,1.9670000076293945,regime_comparison_01,democracy
full2,court_independence_lag1,171,1.0850000381469727,regime_comparison_01,democracy
full2,court_independence_lag1,172,1.0850000381469727,regime_comparison_01,democracy
full2,court_independence_lag1,173,1.0850000381469727,regime_comparison_01,democracy
full2,court_independence_lag1,174,1.090000033378601,regime_comparison_01,democracy
full2,court_independence_lag1,177,1.003000020980835,regime_comparison_01,democracy
full2,court_independence_lag1,183,0.6869999766349792,regime_comparison_01,democracy
full2,court_independence_lag1,184,0.9039999842643738,regime_comparison_01,democracy
full2,court_independence_lag1,186,0.9039999842643738,regime_comparison_01,democracy
full2,court_independence_lag1,187,0.6959999799728394,regime_comparison_01,democracy
full2,court_independence_lag1,193,1.8739999532699585,regime_comparison_01,democracy
full2,court_independence_lag1,194,1.5549999475479126,regime_comparison_01,democracy
full2,court_independence_lag1,195,1.406000018119812,regime_comparison_01,democracy
full2,court_independence_lag1,197,1.2569999694824219,regime_comparison_01,democracy
full2,court_independence_lag1,200,0.5860000252723694,regime_comparison_01,democracy
full2,court_independence_lag1,201,0.5860000252723694,regime_comparison_01,democracy
full2,court_independence_lag1,202,0.6769999861717224,regime_comparison_01,democracy
full2,court_independence_lag1,204,0.8790000081062317,regime_comparison_01,democracy
full2,court_independence_lag1,205,0.8790000081062317,regime_comparison_01,democracy
full2,court_independence_lag1,221,0.4740000069141388,regime_comparison_01,democracy
full2,court_independence_lag1,223,0.9399999976158142,regime_comparison_01,democracy
full2,court_independence_lag1,234,1.7209999561309814,regime_comparison_01,democracy
full2,court_independence_lag1,236,1.7920000553131104,regime_comparison_01,democracy
full2,court_independence_lag1,251,0.6909999847412109,regime_comparison_01,democracy
full2,court_independence_lag1,252,0.9089999794960022,regime_comparison_01,democracy
full2,court_independence_lag1,253,0.9089999794960022,regime_comparison_01,democracy
full2,court_independence_lag1,254,1.3919999599456787,regime_comparison_01,democracy
full2,court_independence_lag1,255,1.3919999599456787,regime_comparison_01,democracy
full2,court_independence_lag1,256,1.3919999599456787,regime_comparison_01,democracy
full2,court_independence_lag1,257,1.3919999599456787,regime_comparison_01,democracy
full2,court_independence_lag1,258,1.3919999599456787,regime_comparison_01,democracy
full2,court_independence_lag1,259,0.9089999794960022,regime_comparison_01,democracy
full2,court_independence_lag1,260,1.2799999713897705,regime_comparison_01,democracy
full2,court_independence_lag1,261,1.3919999599456787,regime_comparison_01,democracy
full2,court_independence_lag1,262,1.2799999713897705,regime_comparison_01,democracy
full2,court_independence_lag1,263,1.3919999599456787,regime_comparison_01,democracy
full2,court_independence_lag1,264,1.3919999599456787,regime_comparison_01,democracy
full2,court_independence_lag1,265,1.3919999599456787,regime_comparison_01,democracy
full2,court_independence_lag1,266,1.49399995803833,regime_comparison_01,democracy
full2,court_independence_lag1,267,1.5540000200271606,regime_comparison_01,democracy
full2,court_independence_lag1,268,1.49399995803833,regime_comparison_01,democracy
full2,court_independence_lag1,269,1.5540000200271606,regime_comparison_01,democracy
full2,court_independence_lag1,270,1.49399995803833,regime_comparison_01,democracy
full2,court_independence_lag1,271,1.49399995803833,regime_comparison_01,democracy
full2,court_independence_lag1,272,1.3769999742507935,regime_comparison_01,democracy
full2,court_independence_lag1,273,1.86899995803833,regime_comparison_01,democracy
full2,court_independence_lag1,274,1.86899995803833,regime_comparison_01,democracy
full2,court_independence_lag1,275,2.0309998989105225,regime_comparison_01,democracy
full2,court_independence_lag1,278,1.9539999961853027,regime_comparison_01,democracy
full2,court_independence_lag1,280,1.4490000009536743,regime_comparison_01,democracy
full2,court_independence_lag1,323,1.8530000448226929,regime_comparison_01,democracy
full2,court_independence_lag1,324,1.3359999656677246,regime_comparison_01,democracy
full2,court_independence_lag1,325,1.5740000009536743,regime_comparison_01,democracy
full2,court_independence_lag1,326,1.0549999475479126,regime_comparison_01,democracy
full2,court_independence_lag1,327,1.875,regime_comparison_01,democracy
full2,court_independence_lag1,328,1.875,regime_comparison_01,democracy
full2,court_independence_lag1,329,1.875,regime_comparison_01,democracy
full2,court_independence_lag1,330,1.875,regime_comparison_01,democracy
full2,court_independence_lag1,331,1.875,regime_comparison_01,democracy
full2,court_independence_lag1,332,1.875,regime_comparison_01,democracy
full2,court_independence_lag1,333,1.875,regime_comparison_01,democracy
full2,court_independence_lag1,334,1.875,regime_comparison_01,democracy
full2,court_independence_lag1,335,1.875,regime_comparison_01,democracy
full2,court_independence_lag1,336,2.3269999027252197,regime_comparison_01,democracy
full2,court_independence_lag1,337,2.3269999027252197,regime_comparison_01,democracy
full2,court_independence_lag1,338,2.3269999027252197,regime_comparison_01,democracy
full2,court_independence_lag1,339,2.3269999027252197,regime_comparison_01,democracy
full2,court_independence_lag1,340,2.3269999027252197,regime_comparison_01,democracy
full2,court_independence_lag1,341,2.3269999027252197,regime_comparison_01,democracy
full2,court_independence_lag1,342,1.4539999961853027,regime_comparison_01,democracy
full2,court_independence_lag1,343,2.3269999027252197,regime_comparison_01,democracy
full2,court_independence_lag1,344,1.4539999961853027,regime_comparison_01,democracy
full2,court_independence_lag1,345,2.3269999027252197,regime_comparison_01,democracy
full2,court_independence_lag1,346,2.3269999027252197,regime_comparison_01,democracy
full2,court_independence_lag1,347,2.3269999027252197,regime_comparison_01,democracy
full2,court_independence_lag1,348,2.3269999027252197,regime_comparison_01,democracy
full2,court_independence_lag1,349,2.3269999027252197,regime_comparison_01,democracy
full2,court_independence_lag1,350,2.3269999027252197,regime_comparison_01,democracy
full2,court_independence_lag1,351,1.4539999961853027,regime_comparison_01,democracy
full2,court_independence_lag1,352,2.3269999027252197,regime_comparison_01,democracy
full2,court_independence_lag1,353,1.4539999961853027,regime_comparison_01,democracy
full2,court_independence_lag1,354,2.3269999027252197,regime_comparison_01,democracy
full2,court_independence_lag1,355,1.4539999961853027,regime_comparison_01,democracy
full2,court_independence_lag1,356,1.4539999961853027,regime_comparison_01,democracy
full2,court_independence_lag1,357,2.3269999027252197,regime_comparison_01,democracy
full2,court_independence_lag1,358,1.4539999961853027,regime_comparison_01,democracy
full2,court_independence_lag1,359,2.3269999027252197,regime_comparison_01,democracy
full2,court_independence_lag1,360,2.3269999027252197,regime_comparison_01,democracy
full2,court_independence_lag1,361,2.3269999027252197,regime_comparison_01,democracy
full2,court_independence_lag1,362,2.3269999027252197,regime_comparison_01,democracy
full2,court_independence_lag1,363,2.3269999027252197,regime_comparison_01,democracy
full2,court_independence_lag1,364,1.8619999885559082,regime_comparison_01,democracy
full2,court_independence_lag1,365,1.8619999885559082,regime_comparison_01,democracy
full2,court_independence_lag1,366,2.3269999027252197,regime_comparison_01,democracy
full2,court_independence_lag1,367,2.3269999027252197,regime_comparison_01,democracy
full2,court_independence_lag1,368,2.5220000743865967,regime_comparison_01,democracy
full2,court_independence_lag1,369,2.5220000743865967,regime_comparison_01,democracy
full2,court_independence_lag1,370,2.5220000743865967,regime_comparison_01,democracy
full2,court_independence_lag1,371,2.365999937057495,regime_comparison_01,democracy
full2,court_independence_lag1,372,2.365999937057495,regime_comparison_01,democracy
full2,court_independence_lag1,373,2.365999937057495,regime_comparison_01,democracy
full2,court_independence_lag1,374,2.6449999809265137,regime_comparison_01,democracy
full2,court_independence_lag1,375,2.6449999809265137,regime_comparison_01,democracy
full2,court_independence_lag1,376,2.6449999809265137,regime_comparison_01,democracy
full2,court_independence_lag1,377,2.61899995803833,regime_comparison_01,democracy
full2,court_independence_lag1,378,2.2330000400543213,regime_comparison_01,democracy
full2,court_independence_lag1,379,2.184000015258789,regime_comparison_01,democracy
full2,court_independence_lag1,382,2.1019999980926514,regime_comparison_01,democracy
full2,court_independence_lag1,383,1.9520000219345093,regime_comparison_01,democracy
full2,court_independence_lag1,384,2.359999895095825,regime_comparison_01,democracy
full2,court_independence_lag1,385,2.069000005722046,regime_comparison_01,democracy
full2,court_independence_lag1,386,2.575000047683716,regime_comparison_01,democracy
full2,court_independence_lag1,400,0.6349999904632568,regime_comparison_01,democracy
full2,court_independence_lag1,414,3.365999937057495,regime_comparison_01,democracy
full2,court_independence_lag1,415,2.5280001163482666,regime_comparison_01,democracy
full2,court_independence_lag1,416,3.0139999389648438,regime_comparison_01,democracy
full2,court_independence_lag1,417,2.5280001163482666,regime_comparison_01,democracy
full2,court_independence_lag1,418,3.0139999389648438,regime_comparison_01,democracy
full2,court_independence_lag1,419,2.5280001163482666,regime_comparison_01,democracy
full2,court_independence_lag1,420,3.0139999389648438,regime_comparison_01,democracy
full2,court_independence_lag1,421,3.0139999389648438,regime_comparison_01,democracy
full2,court_independence_lag1,422,3.0139999389648438,regime_comparison_01,democracy
full2,court_independence_lag1,423,3.2790000438690186,regime_comparison_01,democracy
full2,court_independence_lag1,424,3.0139999389648438,regime_comparison_01,democracy
full2,court_independence_lag1,425,3.2790000438690186,regime_comparison_01,democracy
full2,court_independence_lag1,426,3.0139999389648438,regime_comparison_01,democracy
full2,court_independence_lag1,427,3.0139999389648438,regime_comparison_01,democracy
full2,court_independence_lag1,428,3.0139999389648438,regime_comparison_01,democracy
full2,court_independence_lag1,434,1.7400000095367432,regime_comparison_01,democracy
full2,court_independence_lag1,435,2.1989998817443848,regime_comparison_01,democracy
full2,court_independence_lag1,436,2.1989998817443848,regime_comparison_01,democracy
full2,court_independence_lag1,437,2.1989998817443848,regime_comparison_01,democracy
full2,court_independence_lag1,438,2.2890000343322754,regime_comparison_01,democracy
full2,court_independence_lag1,439,2.1989998817443848,regime_comparison_01,democracy
full2,court_independence_lag1,440,2.1989998817443848,regime_comparison_01,democracy
full2,court_independence_lag1,441,2.2890000343322754,regime_comparison_01,democracy
full2,court_independence_lag1,442,2.1989998817443848,regime_comparison_01,democracy
full2,court_independence_lag1,443,2.1989998817443848,regime_comparison_01,democracy
full2,court_independence_lag1,444,2.1989998817443848,regime_comparison_01,democracy
full2,court_independence_lag1,445,2.1989998817443848,regime_comparison_01,democracy
full2,court_independence_lag1,446,2.1989998817443848,regime_comparison_01,democracy
full2,court_independence_lag1,447,2.1989998817443848,regime_comparison_01,democracy
full2,court_independence_lag1,448,2.2890000343322754,regime_comparison_01,democracy
full2,court_independence_lag1,449,2.1989998817443848,regime_comparison_01,democracy
full2,court_independence_lag1,450,2.1989998817443848,regime_comparison_01,democracy
full2,court_independence_lag1,451,2.2890000343322754,regime_comparison_01,democracy
full2,court_independence_lag1,452,2.2890000343322754,regime_comparison_01,democracy
full2,court_independence_lag1,453,2.2890000343322754,regime_comparison_01,democracy
full2,court_independence_lag1,454,2.2890000343322754,regime_comparison_01,democracy
full2,court_independence_lag1,455,2.2890000343322754,regime_comparison_01,democracy
full2,court_independence_lag1,456,2.1989998817443848,regime_comparison_01,democracy
full2,court_independence_lag1,457,2.2890000343322754,regime_comparison_01,democracy
full2,court_independence_lag1,458,2.2890000343322754,regime_comparison_01,democracy
full2,court_independence_lag1,459,2.2890000343322754,regime_comparison_01,democracy
full2,court_independence_lag1,460,2.1989998817443848,regime_comparison_01,democracy
full2,court_independence_lag1,461,2.1989998817443848,regime_comparison_01,democracy
full2,court_independence_lag1,462,2.1989998817443848,regime_comparison_01,democracy
full2,court_independence_lag1,463,2.2890000343322754,regime_comparison_01,democracy
full2,court_independence_lag1,464,2.2890000343322754,regime_comparison_01,democracy
full2,court_independence_lag1,465,2.1989998817443848,regime_comparison_01,democracy
full2,court_independence_lag1,466,2.2890000343322754,regime_comparison_01,democracy
full2,court_independence_lag1,467,2.1989998817443848,regime_comparison_01,democracy
full2,court_independence_lag1,468,2.2890000343322754,regime_comparison_01,democracy
full2,court_independence_lag1,469,2.2890000343322754,regime_comparison_01,democracy
full2,court_independence_lag1,470,2.2890000343322754,regime_comparison_01,democracy
full2,court_independence_lag1,471,2.2890000343322754,regime_comparison_01,democracy
full2,court_independence_lag1,472,1.6480000019073486,regime_comparison_01,democracy
full2,court_independence_lag1,473,1.6480000019073486,regime_comparison_01,democracy
full2,court_independence_lag1,474,1.565000057220459,regime_comparison_01,democracy
full2,court_independence_lag1,475,1.5980000495910645,regime_comparison_01,democracy
full2,court_independence_lag1,478,1.5980000495910645,regime_comparison_01,democracy
full2,court_independence_lag1,480,1.222000002861023,regime_comparison_01,democracy
full2,court_independence_lag1,481,1.222000002861023,regime_comparison_01,democracy
full2,court_independence_lag1,482,1.222000002861023,regime_comparison_01,democracy
full2,court_independence_lag1,483,2.2219998836517334,regime_comparison_01,democracy
full2,court_independence_lag1,484,2.2219998836517334,regime_comparison_01,democracy
full2,court_independence_lag1,485,1.5980000495910645,regime_comparison_01,democracy
full2,court_independence_lag1,486,2.2219998836517334,regime_comparison_01,democracy
full2,court_independence_lag1,487,2.2219998836517334,regime_comparison_01,democracy
full2,court_independence_lag1,488,2.2219998836517334,regime_comparison_01,democracy
full2,court_independence_lag1,489,2.2219998836517334,regime_comparison_01,democracy
full2,court_independence_lag1,491,1.7200000286102295,regime_comparison_01,democracy
full2,court_independence_lag1,492,2.5889999866485596,regime_comparison_01,democracy
full2,court_independence_lag1,493,2.5889999866485596,regime_comparison_01,democracy
full2,court_independence_lag1,494,1.0800000429153442,regime_comparison_01,democracy
full2,court_independence_lag1,495,1.0800000429153442,regime_comparison_01,democracy
full2,court_independence_lag1,502,2.1530001163482666,regime_comparison_01,democracy
full2,court_independence_lag1,504,2.1530001163482666,regime_comparison_01,democracy
full2,court_independence_lag1,505,2.1530001163482666,regime_comparison_01,democracy
full2,court_independence_lag1,507,2.1530001163482666,regime_comparison_01,democracy
full2,court_independence_lag1,509,2.1530001163482666,regime_comparison_01,democracy
full2,court_independence_lag1,511,2.1530001163482666,regime_comparison_01,democracy
full2,court_independence_lag1,512,1.7890000343322754,regime_comparison_01,democracy
full2,court_independence_lag1,514,1.7890000343322754,regime_comparison_01,democracy
full2,court_independence_lag1,516,2.1530001163482666,regime_comparison_01,democracy
full2,court_independence_lag1,518,1.7890000343322754,regime_comparison_01,democracy
full2,court_independence_lag1,519,1.7890000343322754,regime_comparison_01,democracy
full2,court_independence_lag1,521,2.1530001163482666,regime_comparison_01,democracy
full2,court_independence_lag1,525,2.1530001163482666,regime_comparison_01,democracy
full2,court_independence_lag1,526,2.1530001163482666,regime_comparison_01,democracy
full2,court_independence_lag1,527,2.1530001163482666,regime_comparison_01,democracy
full2,court_independence_lag1,529,2.1530001163482666,regime_comparison_01,democracy
full2,court_independence_lag1,543,-0.06199999898672104,regime_comparison_01,democracy
full2,court_independence_lag1,546,-0.06199999898672104,regime_comparison_01,democracy
full2,court_independence_lag1,567,1.5420000553131104,regime_comparison_01,democracy
full2,court_independence_lag1,568,1.5420000553131104,regime_comparison_01,democracy
full2,court_independence_lag1,574,1.3370000123977661,regime_comparison_01,democracy
full2,court_independence_lag1,580,0.6869999766349792,regime_comparison_01,democracy
full2,court_independence_lag1,596,0.5860000252723694,regime_comparison_01,democracy
full2,court_independence_lag1,597,0.5860000252723694,regime_comparison_01,democracy
full2,court_independence_lag1,598,0.5860000252723694,regime_comparison_01,democracy
full2,court_independence_lag1,599,0.6769999861717224,regime_comparison_01,democracy
full2,court_independence_lag1,600,0.8790000081062317,regime_comparison_01,democracy
full2,court_independence_lag1,601,0.8790000081062317,regime_comparison_01,democracy
full2,court_independence_lag1,615,0.9399999976158142,regime_comparison_01,democracy
full2,court_independence_lag1,616,0.597000002861023,regime_comparison_01,democracy
full2,court_independence_lag1,620,-0.2930000126361847,regime_comparison_01,democracy
full2,court_independence_lag1,621,0.9629999995231628,regime_comparison_01,democracy
full2,court_independence_lag1,623,-0.43299999833106995,regime_comparison_01,democracy
full2,court_independence_lag1,631,0.9089999794960022,regime_comparison_01,democracy
full2,court_independence_lag1,632,1.3919999599456787,regime_comparison_01,democracy
full2,court_independence_lag1,633,1.3919999599456787,regime_comparison_01,democracy
full2,court_independence_lag1,634,0.9089999794960022,regime_comparison_01,democracy
full2,court_independence_lag1,635,0.9089999794960022,regime_comparison_01,democracy
full2,court_independence_lag1,636,1.3919999599456787,regime_comparison_01,democracy
full2,court_independence_lag1,637,1.3919999599456787,regime_comparison_01,democracy
full2,court_independence_lag1,638,1.2799999713897705,regime_comparison_01,democracy
full2,court_independence_lag1,639,1.3919999599456787,regime_comparison_01,democracy
full2,court_independence_lag1,640,1.3919999599456787,regime_comparison_01,democracy
full2,court_independence_lag1,641,1.2799999713897705,regime_comparison_01,democracy
full2,court_independence_lag1,642,1.2799999713897705,regime_comparison_01,democracy
full2,court_independence_lag1,643,1.2799999713897705,regime_comparison_01,democracy
full2,court_independence_lag1,644,1.2799999713897705,regime_comparison_01,democracy
full2,court_independence_lag1,645,1.49399995803833,regime_comparison_01,democracy
full2,court_independence_lag1,646,1.49399995803833,regime_comparison_01,democracy
full2,court_independence_lag1,647,1.49399995803833,regime_comparison_01,democracy
full2,court_independence_lag1,648,1.49399995803833,regime_comparison_01,democracy
full2,court_independence_lag1,649,1.49399995803833,regime_comparison_01,democracy
full2,court_independence_lag1,650,1.5540000200271606,regime_comparison_01,democracy
full2,court_independence_lag1,651,1.5540000200271606,regime_comparison_01,democracy
full2,court_independence_lag1,652,1.5540000200271606,regime_comparison_01,democracy
full2,court_independence_lag1,653,1.49399995803833,regime_comparison_01,democracy
full2,court_independence_lag1,654,1.49399995803833,regime_comparison_01,democracy
full2,court_independence_lag1,655,1.5540000200271606,regime_comparison_01,democracy
full2,court_independence_lag1,656,1.5540000200271606,regime_comparison_01,democracy
full2,court_independence_lag1,657,1.49399995803833,regime_comparison_01,democracy
full2,court_independence_lag1,658,1.49399995803833,regime_comparison_01,democracy
full2,court_independence_lag1,659,1.49399995803833,regime_comparison_01,democracy
full2,court_independence_lag1,660,1.86899995803833,regime_comparison_01,democracy
full2,court_independence_lag1,661,1.3769999742507935,regime_comparison_01,democracy
full2,court_independence_lag1,662,1.86899995803833,regime_comparison_01,democracy
full2,court_independence_lag1,663,1.86899995803833,regime_comparison_01,democracy
full2,court_independence_lag1,664,1.3769999742507935,regime_comparison_01,democracy
full2,court_independence_lag1,665,1.3769999742507935,regime_comparison_01,democracy
full2,court_independence_lag1,666,1.3769999742507935,regime_comparison_01,democracy
full2,court_independence_lag1,667,1.86899995803833,regime_comparison_01,democracy
full2,court_independence_lag1,669,1.3769999742507935,regime_comparison_01,democracy
full2,court_independence_lag1,670,1.3769999742507935,regime_comparison_01,democracy
full2,court_independence_lag1,671,1.3769999742507935,regime_comparison_01,democracy
full2,court_independence_lag1,672,1.3769999742507935,regime_comparison_01,democracy
full2,court_independence_lag1,673,1.86899995803833,regime_comparison_01,democracy
full2,court_independence_lag1,674,1.86899995803833,regime_comparison_01,democracy
full2,court_independence_lag1,675,2.0309998989105225,regime_comparison_01,democracy
full2,court_independence_lag1,676,2.0309998989105225,regime_comparison_01,democracy
full2,court_independence_lag1,677,2.0309998989105225,regime_comparison_01,democracy
full2,court_independence_lag1,755,1.3359999656677246,regime_comparison_01,democracy
full2,court_independence_lag1,756,1.875,regime_comparison_01,democracy
full2,court_independence_lag1,757,1.875,regime_comparison_01,democracy
full2,court_independence_lag1,758,2.3269999027252197,regime_comparison_01,democracy
full2,court_independence_lag1,759,2.3269999027252197,regime_comparison_01,democracy
full2,court_independence_lag1,760,2.3269999027252197,regime_comparison_01,democracy
full2,court_independence_lag1,761,2.3269999027252197,regime_comparison_01,democracy
full2,court_independence_lag1,762,2.3269999027252197,regime_comparison_01,democracy
full2,court_independence_lag1,763,2.3269999027252197,regime_comparison_01,democracy
full2,court_independence_lag1,764,2.3269999027252197,regime_comparison_01,democracy
full2,court_independence_lag1,765,2.3269999027252197,regime_comparison_01,democracy
full2,court_independence_lag1,766,2.3269999027252197,regime_comparison_01,democracy
full2,court_independence_lag1,767,2.3269999027252197,regime_comparison_01,democracy
full2,court_independence_lag1,768,2.3269999027252197,regime_comparison_01,democracy
full2,court_independence_lag1,769,2.3269999027252197,regime_comparison_01,democracy
full2,court_independence_lag1,770,1.4539999961853027,regime_comparison_01,democracy
full2,court_independence_lag1,771,2.3269999027252197,regime_comparison_01,democracy
full2,court_independence_lag1,772,2.3269999027252197,regime_comparison_01,democracy
full2,court_independence_lag1,773,2.3269999027252197,regime_comparison_01,democracy
full2,court_independence_lag1,774,1.8619999885559082,regime_comparison_01,democracy
full2,court_independence_lag1,775,1.8619999885559082,regime_comparison_01,democracy
full2,court_independence_lag1,776,2.3269999027252197,regime_comparison_01,democracy
full2,court_independence_lag1,777,2.5220000743865967,regime_comparison_01,democracy
full2,court_independence_lag1,778,2.002000093460083,regime_comparison_01,democracy
full2,court_independence_lag1,779,2.5220000743865967,regime_comparison_01,democracy
full2,court_independence_lag1,780,2.002000093460083,regime_comparison_01,democracy
full2,court_independence_lag1,781,2.002000093460083,regime_comparison_01,democracy
full2,court_independence_lag1,782,2.002000093460083,regime_comparison_01,democracy
full2,court_independence_lag1,783,2.5220000743865967,regime_comparison_01,democracy
full2,court_independence_lag1,784,2.365999937057495,regime_comparison_01,democracy
full2,court_independence_lag1,785,2.365999937057495,regime_comparison_01,democracy
full2,court_independence_lag1,786,2.365999937057495,regime_comparison_01,democracy
full2,court_independence_lag1,787,2.365999937057495,regime_comparison_01,democracy
full2,court_independence_lag1,788,2.365999937057495,regime_comparison_01,democracy
full2,court_independence_lag1,789,2.365999937057495,regime_comparison_01,democracy
full2,court_independence_lag1,790,2.365999937057495,regime_comparison_01,democracy
full2,court_independence_lag1,791,2.365999937057495,regime_comparison_01,democracy
full2,court_independence_lag1,792,2.634000062942505,regime_comparison_01,democracy
full2,court_independence_lag1,793,2.365999937057495,regime_comparison_01,democracy
full2,court_independence_lag1,794,2.365999937057495,regime_comparison_01,democracy
full2,court_independence_lag1,795,2.365999937057495,regime_comparison_01,democracy
full2,court_independence_lag1,796,2.365999937057495,regime_comparison_01,democracy
full2,court_independence_lag1,797,2.365999937057495,regime_comparison_01,democracy
full2,court_independence_lag1,798,2.365999937057495,regime_comparison_01,democracy
full2,court_independence_lag1,799,2.365999937057495,regime_comparison_01,democracy
full2,court_independence_lag1,800,2.365999937057495,regime_comparison_01,democracy
full2,court_independence_lag1,801,2.365999937057495,regime_comparison_01,democracy
full2,court_independence_lag1,802,2.634000062942505,regime_comparison_01,democracy
full2,court_independence_lag1,803,2.365999937057495,regime_comparison_01,democracy
full2,court_independence_lag1,804,2.634000062942505,regime_comparison_01,democracy
full2,court_independence_lag1,805,2.365999937057495,regime_comparison_01,democracy
full2,court_independence_lag1,806,2.365999937057495,regime_comparison_01,democracy
full2,court_independence_lag1,807,2.634000062942505,regime_comparison_01,democracy
full2,court_independence_lag1,808,2.365999937057495,regime_comparison_01,democracy
full2,court_independence_lag1,809,2.365999937057495,regime_comparison_01,democracy
full2,court_independence_lag1,810,2.365999937057495,regime_comparison_01,democracy
full2,court_independence_lag1,811,2.365999937057495,regime_comparison_01,democracy
full2,court_independence_lag1,812,2.365999937057495,regime_comparison_01,democracy
full2,court_independence_lag1,813,2.365999937057495,regime_comparison_01,democracy
full2,court_independence_lag1,814,2.365999937057495,regime_comparison_01,democracy
full2,court_independence_lag1,815,2.365999937057495,regime_comparison_01,democracy
full2,court_independence_lag1,816,2.365999937057495,regime_comparison_01,democracy
full2,court_independence_lag1,817,2.634000062942505,regime_comparison_01,democracy
full2,court_independence_lag1,818,2.365999937057495,regime_comparison_01,democracy
full2,court_independence_lag1,819,2.365999937057495,regime_comparison_01,democracy
full2,court_independence_lag1,820,2.365999937057495,regime_comparison_01,democracy
full2,court_independence_lag1,821,2.365999937057495,regime_comparison_01,democracy
full2,court_independence_lag1,822,2.365999937057495,regime_comparison_01,democracy
full2,court_independence_lag1,823,2.365999937057495,regime_comparison_01,democracy
full2,court_independence_lag1,824,2.365999937057495,regime_comparison_01,democracy
full2,court_independence_lag1,825,2.365999937057495,regime_comparison_01,democracy
full2,court_independence_lag1,826,2.365999937057495,regime_comparison_01,democracy
full2,court_independence_lag1,827,2.365999937057495,regime_comparison_01,democracy
full2,court_independence_lag1,828,2.365999937057495,regime_comparison_01,democracy
full2,court_independence_lag1,829,2.365999937057495,regime_comparison_01,democracy
full2,court_independence_lag1,830,2.365999937057495,regime_comparison_01,democracy
full2,court_independence_lag1,831,2.365999937057495,regime_comparison_01,democracy
full2,court_independence_lag1,832,2.365999937057495,regime_comparison_01,democracy
full2,court_independence_lag1,833,2.365999937057495,regime_comparison_01,democracy
full2,court_independence_lag1,834,2.634000062942505,regime_comparison_01,democracy
full2,court_independence_lag1,835,2.365999937057495,regime_comparison_01,democracy
full2,court_independence_lag1,836,2.634000062942505,regime_comparison_01,democracy
full2,court_independence_lag1,837,2.365999937057495,regime_comparison_01,democracy
full2,court_independence_lag1,838,2.634000062942505,regime_comparison_01,democracy
full2,court_independence_lag1,839,2.365999937057495,regime_comparison_01,democracy
full2,court_independence_lag1,840,2.365999937057495,regime_comparison_01,democracy
full2,court_independence_lag1,841,2.365999937057495,regime_comparison_01,democracy
full2,court_independence_lag1,842,2.365999937057495,regime_comparison_01,democracy
full2,court_independence_lag1,843,2.365999937057495,regime_comparison_01,democracy
full2,court_independence_lag1,844,2.634000062942505,regime_comparison_01,democracy
full2,court_independence_lag1,845,2.365999937057495,regime_comparison_01,democracy
full2,court_independence_lag1,846,2.365999937057495,regime_comparison_01,democracy
full2,court_independence_lag1,847,2.365999937057495,regime_comparison_01,democracy
full2,court_independence_lag1,848,2.365999937057495,regime_comparison_01,democracy
full2,court_independence_lag1,849,2.634000062942505,regime_comparison_01,democracy
full2,court_independence_lag1,850,2.365999937057495,regime_comparison_01,democracy
full2,court_independence_lag1,851,2.365999937057495,regime_comparison_01,democracy
full2,court_independence_lag1,852,2.365999937057495,regime_comparison_01,democracy
full2,court_independence_lag1,853,2.365999937057495,regime_comparison_01,democracy
full2,court_independence_lag1,854,2.365999937057495,regime_comparison_01,democracy
full2,court_independence_lag1,855,2.365999937057495,regime_comparison_01,democracy
full2,court_independence_lag1,856,2.365999937057495,regime_comparison_01,democracy
full2,court_independence_lag1,857,2.365999937057495,regime_comparison_01,democracy
full2,court_independence_lag1,858,2.365999937057495,regime_comparison_01,democracy
full2,court_independence_lag1,859,2.365999937057495,regime_comparison_01,democracy
full2,court_independence_lag1,860,2.365999937057495,regime_comparison_01,democracy
full2,court_independence_lag1,861,2.365999937057495,regime_comparison_01,democracy
full2,court_independence_lag1,862,2.365999937057495,regime_comparison_01,democracy
full2,court_independence_lag1,863,2.634000062942505,regime_comparison_01,democracy
full2,court_independence_lag1,864,2.365999937057495,regime_comparison_01,democracy
full2,court_independence_lag1,865,2.365999937057495,regime_comparison_01,democracy
full2,court_independence_lag1,866,2.365999937057495,regime_comparison_01,democracy
full2,court_independence_lag1,867,2.365999937057495,regime_comparison_01,democracy
full2,court_independence_lag1,868,2.365999937057495,regime_comparison_01,democracy
full2,court_independence_lag1,869,2.365999937057495,regime_comparison_01,democracy
full2,court_independence_lag1,870,2.365999937057495,regime_comparison_01,democracy
full2,court_independence_lag1,871,2.365999937057495,regime_comparison_01,democracy
full2,court_independence_lag1,872,2.6449999809265137,regime_comparison_01,democracy
full2,court_independence_lag1,873,2.6449999809265137,regime_comparison_01,democracy
full2,court_independence_lag1,874,2.6449999809265137,regime_comparison_01,democracy
full2,court_independence_lag1,875,2.6449999809265137,regime_comparison_01,democracy
full2,court_independence_lag1,876,2.6449999809265137,regime_comparison_01,democracy
full2,court_independence_lag1,877,2.6449999809265137,regime_comparison_01,democracy
full2,court_independence_lag1,878,2.6449999809265137,regime_comparison_01,democracy
full2,court_independence_lag1,879,2.634000062942505,regime_comparison_01,democracy
full2,court_independence_lag1,880,2.6449999809265137,regime_comparison_01,democracy
full2,court_independence_lag1,881,2.634000062942505,regime_comparison_01,democracy
full2,court_independence_lag1,882,2.6449999809265137,regime_comparison_01,democracy
full2,court_independence_lag1,883,2.6449999809265137,regime_comparison_01,democracy
full2,court_independence_lag1,884,2.6449999809265137,regime_comparison_01,democracy
full2,court_independence_lag1,885,2.6449999809265137,regime_comparison_01,democracy
full2,court_independence_lag1,886,2.6449999809265137,regime_comparison_01,democracy
full2,court_independence_lag1,887,2.6449999809265137,regime_comparison_01,democracy
full2,court_independence_lag1,888,2.6449999809265137,regime_comparison_01,democracy
full2,court_independence_lag1,889,2.634000062942505,regime_comparison_01,democracy
full2,court_independence_lag1,890,2.6449999809265137,regime_comparison_01,democracy
full2,court_independence_lag1,891,2.6449999809265137,regime_comparison_01,democracy
full2,court_independence_lag1,892,2.6449999809265137,regime_comparison_01,democracy
full2,court_independence_lag1,893,2.6449999809265137,regime_comparison_01,democracy
full2,court_independence_lag1,894,2.6449999809265137,regime_comparison_01,democracy
full2,court_independence_lag1,895,2.6449999809265137,regime_comparison_01,democracy
full2,court_independence_lag1,896,2.6449999809265137,regime_comparison_01,democracy
full2,court_independence_lag1,897,2.5829999446868896,regime_comparison_01,democracy
full2,court_independence_lag1,898,2.6449999809265137,regime_comparison_01,democracy
full2,court_independence_lag1,899,2.6449999809265137,regime_comparison_01,democracy
full2,court_independence_lag1,900,2.6449999809265137,regime_comparison_01,democracy
full2,court_independence_lag1,901,2.5829999446868896,regime_comparison_01,democracy
full2,court_independence_lag1,902,2.5829999446868896,regime_comparison_01,democracy
full2,court_independence_lag1,903,2.6449999809265137,regime_comparison_01,democracy
full2,court_independence_lag1,904,2.6449999809265137,regime_comparison_01,democracy
full2,court_independence_lag1,905,2.5829999446868896,regime_comparison_01,democracy
full2,court_independence_lag1,906,2.5829999446868896,regime_comparison_01,democracy
full2,court_independence_lag1,908,2.6449999809265137,regime_comparison_01,democracy
full2,court_independence_lag1,909,2.6449999809265137,regime_comparison_01,democracy
full2,court_independence_lag1,910,2.6449999809265137,regime_comparison_01,democracy
full2,court_independence_lag1,911,2.5829999446868896,regime_comparison_01,democracy
full2,court_independence_lag1,912,2.6449999809265137,regime_comparison_01,democracy
full2,court_independence_lag1,913,2.6449999809265137,regime_comparison_01,democracy
full2,court_independence_lag1,914,2.6449999809265137,regime_comparison_01,democracy
full2,court_independence_lag1,915,2.6449999809265137,regime_comparison_01,democracy
full2,court_independence_lag1,916,2.6449999809265137,regime_comparison_01,democracy
full2,court_independence_lag1,917,2.5829999446868896,regime_comparison_01,democracy
full2,court_independence_lag1,918,2.6449999809265137,regime_comparison_01,democracy
full2,court_independence_lag1,919,2.5829999446868896,regime_comparison_01,democracy
full2,court_independence_lag1,920,2.6449999809265137,regime_comparison_01,democracy
full2,court_independence_lag1,921,2.6449999809265137,regime_comparison_01,democracy
full2,court_independence_lag1,922,2.6449999809265137,regime_comparison_01,democracy
full2,court_independence_lag1,923,2.6449999809265137,regime_comparison_01,democracy
full2,court_independence_lag1,924,2.5829999446868896,regime_comparison_01,democracy
full2,court_independence_lag1,925,2.6449999809265137,regime_comparison_01,democracy
full2,court_independence_lag1,926,2.6449999809265137,regime_comparison_01,democracy
full2,court_independence_lag1,927,2.6449999809265137,regime_comparison_01,democracy
full2,court_independence_lag1,928,2.6449999809265137,regime_comparison_01,democracy
full2,court_independence_lag1,929,2.6449999809265137,regime_comparison_01,democracy
full2,court_independence_lag1,930,2.5829999446868896,regime_comparison_01,democracy
full2,court_independence_lag1,931,2.6449999809265137,regime_comparison_01,democracy
full2,court_independence_lag1,932,2.6449999809265137,regime_comparison_01,democracy
full2,court_independence_lag1,933,2.6449999809265137,regime_comparison_01,democracy
full2,court_independence_lag1,934,2.6449999809265137,regime_comparison_01,democracy
full2,court_independence_lag1,935,2.6449999809265137,regime_comparison_01,democracy
full2,court_independence_lag1,936,2.6449999809265137,regime_comparison_01,democracy
full2,court_independence_lag1,937,2.6449999809265137,regime_comparison_01,democracy
full2,court_independence_lag1,938,2.6449999809265137,regime_comparison_01,democracy
full2,court_independence_lag1,939,2.6449999809265137,regime_comparison_01,democracy
full2,court_independence_lag1,940,2.6449999809265137,regime_comparison_01,democracy
full2,court_independence_lag1,941,2.6449999809265137,regime_comparison_01,democracy
full2,court_independence_lag1,942,2.5829999446868896,regime_comparison_01,democracy
full2,court_independence_lag1,943,2.6449999809265137,regime_comparison_01,democracy
full2,court_independence_lag1,944,2.5829999446868896,regime_comparison_01,democracy
full2,court_independence_lag1,945,2.6449999809265137,regime_comparison_01,democracy
full2,court_independence_lag1,946,2.6449999809265137,regime_comparison_01,democracy
full2,court_independence_lag1,947,2.61899995803833,regime_comparison_01,democracy
full2,court_independence_lag1,948,2.61899995803833,regime_comparison_01,democracy
full2,court_independence_lag1,949,2.61899995803833,regime_comparison_01,democracy
full2,court_independence_lag1,950,2.61899995803833,regime_comparison_01,democracy
full2,court_independence_lag1,951,2.61899995803833,regime_comparison_01,democracy
full2,court_independence_lag1,952,2.61899995803833,regime_comparison_01,democracy
full2,court_independence_lag1,953,2.61899995803833,regime_comparison_01,democracy
full2,court_independence_lag1,954,2.61899995803833,regime_comparison_01,democracy
full2,court_independence_lag1,955,2.61899995803833,regime_comparison_01,democracy
full2,court_independence_lag1,956,2.61899995803833,regime_comparison_01,democracy
full2,court_independence_lag1,957,2.61899995803833,regime_comparison_01,democracy
full2,court_independence_lag1,958,2.61899995803833,regime_comparison_01,democracy
full2,court_independence_lag1,959,2.61899995803833,regime_comparison_01,democracy
full2,court_independence_lag1,960,2.61899995803833,regime_comparison_01,democracy
full2,court_independence_lag1,961,2.61899995803833,regime_comparison_01,democracy
full2,court_independence_lag1,962,2.61899995803833,regime_comparison_01,democracy
full2,court_independence_lag1,963,2.61899995803833,regime_comparison_01,democracy
full2,court_independence_lag1,964,2.61899995803833,regime_comparison_01,democracy
full2,court_independence_lag1,965,2.61899995803833,regime_comparison_01,democracy
full2,court_independence_lag1,966,2.61899995803833,regime_comparison_01,democracy
full2,court_independence_lag1,967,2.5829999446868896,regime_comparison_01,democracy
full2,court_independence_lag1,968,2.61899995803833,regime_comparison_01,democracy
full2,court_independence_lag1,969,2.61899995803833,regime_comparison_01,democracy
full2,court_independence_lag1,970,2.61899995803833,regime_comparison_01,democracy
full2,court_independence_lag1,971,2.5829999446868896,regime_comparison_01,democracy
full2,court_independence_lag1,972,2.61899995803833,regime_comparison_01,democracy
full2,court_independence_lag1,973,2.61899995803833,regime_comparison_01,democracy
full2,court_independence_lag1,974,2.5829999446868896,regime_comparison_01,democracy
full2,court_independence_lag1,975,2.61899995803833,regime_comparison_01,democracy
full2,court_independence_lag1,976,2.61899995803833,regime_comparison_01,democracy
full2,court_independence_lag1,977,2.61899995803833,regime_comparison_01,democracy
full2,court_independence_lag1,978,2.5829999446868896,regime_comparison_01,democracy
full2,court_independence_lag1,979,2.61899995803833,regime_comparison_01,democracy
full2,court_independence_lag1,980,2.61899995803833,regime_comparison_01,democracy
full2,court_independence_lag1,981,2.5829999446868896,regime_comparison_01,democracy
full2,court_independence_lag1,982,2.61899995803833,regime_comparison_01,democracy
full2,court_independence_lag1,983,2.61899995803833,regime_comparison_01,democracy
full2,court_independence_lag1,984,2.61899995803833,regime_comparison_01,democracy
full2,court_independence_lag1,985,2.61899995803833,regime_comparison_01,democracy
full2,court_independence_lag1,986,2.5829999446868896,regime_comparison_01,democracy
full2,court_independence_lag1,987,2.61899995803833,regime_comparison_01,democracy
full2,court_independence_lag1,988,2.61899995803833,regime_comparison_01,democracy
full2,court_independence_lag1,989,2.61899995803833,regime_comparison_01,democracy
full2,court_independence_lag1,990,2.5829999446868896,regime_comparison_01,democracy
full2,court_independence_lag1,991,2.61899995803833,regime_comparison_01,democracy
full2,court_independence_lag1,992,2.61899995803833,regime_comparison_01,democracy
full2,court_independence_lag1,993,2.2330000400543213,regime_comparison_01,democracy
full2,court_independence_lag1,994,2.5829999446868896,regime_comparison_01,democracy
full2,court_independence_lag1,995,2.2330000400543213,regime_comparison_01,democracy
full2,court_independence_lag1,996,2.2330000400543213,regime_comparison_01,democracy
full2,court_independence_lag1,997,2.2330000400543213,regime_comparison_01,democracy
full2,court_independence_lag1,998,2.5829999446868896,regime_comparison_01,democracy
full2,court_independence_lag1,999,2.2330000400543213,regime_comparison_01,democracy
full2,court_independence_lag1,1000,2.2330000400543213,regime_comparison_01,democracy
full2,court_independence_lag1,1001,2.2330000400543213,regime_comparison_01,democracy
full2,court_independence_lag1,1002,2.2330000400543213,regime_comparison_01,democracy
full2,court_independence_lag1,1003,2.2330000400543213,regime_comparison_01,democracy
full2,court_independence_lag1,1004,2.2330000400543213,regime_comparison_01,democracy
full2,court_independence_lag1,1005,2.2330000400543213,regime_comparison_01,democracy
full2,court_independence_lag1,1006,2.2330000400543213,regime_comparison_01,democracy
full2,court_independence_lag1,1007,2.2330000400543213,regime_comparison_01,democracy
full2,court_independence_lag1,1009,2.2330000400543213,regime_comparison_01,democracy
full2,court_independence_lag1,1010,2.2330000400543213,regime_comparison_01,democracy
full2,court_independence_lag1,1011,2.2330000400543213,regime_comparison_01,democracy
full2,court_independence_lag1,1012,2.2330000400543213,regime_comparison_01,democracy
full2,court_independence_lag1,1014,2.2330000400543213,regime_comparison_01,democracy
full2,court_independence_lag1,1016,2.5829999446868896,regime_comparison_01,democracy
full2,court_independence_lag1,1017,2.5829999446868896,regime_comparison_01,democracy
full2,court_independence_lag1,1018,2.184000015258789,regime_comparison_01,democracy
full2,court_independence_lag1,1019,2.184000015258789,regime_comparison_01,democracy
full2,court_independence_lag1,1021,2.184000015258789,regime_comparison_01,democracy
full2,court_independence_lag1,1022,2.184000015258789,regime_comparison_01,democracy
full2,court_independence_lag1,1023,2.2079999446868896,regime_comparison_01,democracy
full2,court_independence_lag1,1024,2.184000015258789,regime_comparison_01,democracy
full2,court_independence_lag1,1025,2.184000015258789,regime_comparison_01,democracy
full2,court_independence_lag1,1026,2.184000015258789,regime_comparison_01,democracy
full2,court_independence_lag1,1027,2.184000015258789,regime_comparison_01,democracy
full2,court_independence_lag1,1028,2.184000015258789,regime_comparison_01,democracy
full2,court_independence_lag1,1029,2.2079999446868896,regime_comparison_01,democracy
full2,court_independence_lag1,1031,2.2079999446868896,regime_comparison_01,democracy
full2,court_independence_lag1,1033,2.184000015258789,regime_comparison_01,democracy
full2,court_independence_lag1,1036,2.184000015258789,regime_comparison_01,democracy
full2,court_independence_lag1,1038,2.2079999446868896,regime_comparison_01,democracy
full2,court_independence_lag1,1039,2.184000015258789,regime_comparison_01,democracy
full2,court_independence_lag1,1041,2.184000015258789,regime_comparison_01,democracy
full2,court_independence_lag1,1043,2.2079999446868896,regime_comparison_01,democracy
full2,court_independence_lag1,1045,2.2079999446868896,regime_comparison_01,democracy
full2,court_independence_lag1,1049,2.184000015258789,regime_comparison_01,democracy
full2,court_independence_lag1,1051,2.2079999446868896,regime_comparison_01,democracy
full2,court_independence_lag1,1052,2.2079999446868896,regime_comparison_01,democracy
full2,court_independence_lag1,1055,1.6799999475479126,regime_comparison_01,democracy
full2,court_independence_lag1,1056,2.1019999980926514,regime_comparison_01,democracy
full2,court_independence_lag1,1058,2.1019999980926514,regime_comparison_01,democracy
full2,court_independence_lag1,1059,2.1019999980926514,regime_comparison_01,democracy
full2,court_independence_lag1,1060,1.8919999599456787,regime_comparison_01,democracy
full2,v2jupurge_lag1,3,2.609999895095825,regime_comparison_01,democracy
full2,v2jupurge_lag1,4,2.609999895095825,regime_comparison_01,democracy
full2,v2jupurge_lag1,5,2.609999895095825,regime_comparison_01,democracy
full2,v2jupurge_lag1,6,2.609999895095825,regime_comparison_01,democracy
full2,v2jupurge_lag1,7,2.609999895095825,regime_comparison_01,democracy
full2,v2jupurge_lag1,8,2.609999895095825,regime_comparison_01,democracy
full2,v2jupurge_lag1,9,2.9670000076293945,regime_comparison_01,democracy
full2,v2jupurge_lag1,10,2.359999895095825,regime_comparison_01,democracy
full2,v2jupurge_lag1,11,2.8989999294281006,regime_comparison_01,democracy
full2,v2jupurge_lag1,12,2.8989999294281006,regime_comparison_01,democracy
full2,v2jupurge_lag1,13,2.8989999294281006,regime_comparison_01,democracy
full2,v2jupurge_lag1,14,2.2950000762939453,regime_comparison_01,democracy
full2,v2jupurge_lag1,15,2.2950000762939453,regime_comparison_01,democracy
full2,v2jupurge_lag1,16,2.7130000591278076,regime_comparison_01,democracy
full2,v2jupurge_lag1,17,2.7130000591278076,regime_comparison_01,democracy
full2,v2jupurge_lag1,19,1.6480000019073486,regime_comparison_01,democracy
full2,v2jupurge_lag1,33,-1.25600004196167,regime_comparison_01,democracy
full2,v2jupurge_lag1,35,2.1070001125335693,regime_comparison_01,democracy
full2,v2jupurge_lag1,37,1.909999966621399,regime_comparison_01,democracy
full2,v2jupurge_lag1,38,1.2380000352859497,regime_comparison_01,democracy
full2,v2jupurge_lag1,39,2.1449999809265137,regime_comparison_01,democracy
full2,v2jupurge_lag1,48,1.909000039100647,regime_comparison_01,democracy
full2,v2jupurge_lag1,49,1.909000039100647,regime_comparison_01,democracy
full2,v2jupurge_lag1,50,2.0799999237060547,regime_comparison_01,democracy
full2,v2jupurge_lag1,51,2.0799999237060547,regime_comparison_01,democracy
full2,v2jupurge_lag1,52,2.0799999237060547,regime_comparison_01,democracy
full2,v2jupurge_lag1,53,2.0799999237060547,regime_comparison_01,democracy
full2,v2jupurge_lag1,54,2.0799999237060547,regime_comparison_01,democracy
full2,v2jupurge_lag1,55,2.0799999237060547,regime_comparison_01,democracy
full2,v2jupurge_lag1,56,2.0799999237060547,regime_comparison_01,democracy
full2,v2jupurge_lag1,57,2.0799999237060547,regime_comparison_01,democracy
full2,v2jupurge_lag1,58,2.0799999237060547,regime_comparison_01,democracy
full2,v2jupurge_lag1,59,2.0799999237060547,regime_comparison_01,democracy
full2,v2jupurge_lag1,60,2.0799999237060547,regime_comparison_01,democracy
full2,v2jupurge_lag1,61,1.8660000562667847,regime_comparison_01,democracy
full2,v2jupurge_lag1,62,1.8660000562667847,regime_comparison_01,democracy
full2,v2jupurge_lag1,63,1.5700000524520874,regime_comparison_01,democracy
full2,v2jupurge_lag1,64,1.875,regime_comparison_01,democracy
full2,v2jupurge_lag1,65,1.875,regime_comparison_01,democracy
full2,v2jupurge_lag1,66,1.875,regime_comparison_01,democracy
full2,v2jupurge_lag1,67,1.875,regime_comparison_01,democracy
full2,v2jupurge_lag1,68,1.875,regime_comparison_01,democracy
full2,v2jupurge_lag1,69,1.875,regime_comparison_01,democracy
full2,v2jupurge_lag1,70,1.9589999914169312,regime_comparison_01,democracy
full2,v2jupurge_lag1,71,1.9589999914169312,regime_comparison_01,democracy
full2,v2jupurge_lag1,72,1.9589999914169312,regime_comparison_01,democracy
full2,v2jupurge_lag1,73,1.9589999914169312,regime_comparison_01,democracy
full2,v2jupurge_lag1,74,1.7330000400543213,regime_comparison_01,democracy
full2,v2jupurge_lag1,75,2.4690001010894775,regime_comparison_01,democracy
full2,v2jupurge_lag1,76,1.180999994277954,regime_comparison_01,democracy
full2,v2jupurge_lag1,77,1.180999994277954,regime_comparison_01,democracy
full2,v2jupurge_lag1,82,1.1959999799728394,regime_comparison_01,democracy
full2,v2jupurge_lag1,83,1.1959999799728394,regime_comparison_01,democracy
full2,v2jupurge_lag1,84,1.1959999799728394,regime_comparison_01,democracy
full2,v2jupurge_lag1,85,1.1959999799728394,regime_comparison_01,democracy
full2,v2jupurge_lag1,86,1.1959999799728394,regime_comparison_01,democracy
full2,v2jupurge_lag1,89,1.1959999799728394,regime_comparison_01,democracy
full2,v2jupurge_lag1,90,1.1959999799728394,regime_comparison_01,democracy
full2,v2jupurge_lag1,91,1.1959999799728394,regime_comparison_01,democracy
full2,v2jupurge_lag1,92,1.1959999799728394,regime_comparison_01,democracy
full2,v2jupurge_lag1,93,1.1710000038146973,regime_comparison_01,democracy
full2,v2jupurge_lag1,94,1.1710000038146973,regime_comparison_01,democracy
full2,v2jupurge_lag1,95,1.1710000038146973,regime_comparison_01,democracy
full2,v2jupurge_lag1,96,1.1710000038146973,regime_comparison_01,democracy
full2,v2jupurge_lag1,97,0.699999988079071,regime_comparison_01,democracy
full2,v2jupurge_lag1,98,0.699999988079071,regime_comparison_01,democracy
full2,v2jupurge_lag1,99,0.699999988079071,regime_comparison_01,democracy
full2,v2jupurge_lag1,100,0.4050000011920929,regime_comparison_01,democracy
full2,v2jupurge_lag1,118,1.4110000133514404,regime_comparison_01,democracy
full2,v2jupurge_lag1,122,1.4110000133514404,regime_comparison_01,democracy
full2,v2jupurge_lag1,128,1.4110000133514404,regime_comparison_01,democracy
full2,v2jupurge_lag1,136,1.3739999532699585,regime_comparison_01,democracy
full2,v2jupurge_lag1,138,1.3739999532699585,regime_comparison_01,democracy
full2,v2jupurge_lag1,139,1.3739999532699585,regime_comparison_01,democracy
full2,v2jupurge_lag1,140,1.371999979019165,regime_comparison_01,democracy
full2,v2jupurge_lag1,145,1.3559999465942383,regime_comparison_01,democracy
full2,v2jupurge_lag1,161,0.49399998784065247,regime_comparison_01,democracy
full2,v2jupurge_lag1,162,0.7360000014305115,regime_comparison_01,democracy
full2,v2jupurge_lag1,163,0.7360000014305115,regime_comparison_01,democracy
full2,v2jupurge_lag1,164,0.7360000014305115,regime_comparison_01,democracy
full2,v2jupurge_lag1,169,1.4900000095367432,regime_comparison_01,democracy
full2,v2jupurge_lag1,170,1.1089999675750732,regime_comparison_01,democracy
full2,v2jupurge_lag1,171,1.0640000104904175,regime_comparison_01,democracy
full2,v2jupurge_lag1,172,1.0640000104904175,regime_comparison_01,democracy
full2,v2jupurge_lag1,173,1.0640000104904175,regime_comparison_01,democracy
full2,v2jupurge_lag1,174,0.8769999742507935,regime_comparison_01,democracy
full2,v2jupurge_lag1,177,1.5219999551773071,regime_comparison_01,democracy
full2,v2jupurge_lag1,183,2.0160000324249268,regime_comparison_01,democracy
full2,v2jupurge_lag1,184,2.0160000324249268,regime_comparison_01,democracy
full2,v2jupurge_lag1,186,2.0160000324249268,regime_comparison_01,democracy
full2,v2jupurge_lag1,187,2.5309998989105225,regime_comparison_01,democracy
full2,v2jupurge_lag1,193,1.5759999752044678,regime_comparison_01,democracy
full2,v2jupurge_lag1,194,1.6150000095367432,regime_comparison_01,democracy
full2,v2jupurge_lag1,195,2.075000047683716,regime_comparison_01,democracy
full2,v2jupurge_lag1,197,1.3980000019073486,regime_comparison_01,democracy
full2,v2jupurge_lag1,200,1.0789999961853027,regime_comparison_01,democracy
full2,v2jupurge_lag1,201,1.5099999904632568,regime_comparison_01,democracy
full2,v2jupurge_lag1,202,1.5549999475479126,regime_comparison_01,democracy
full2,v2jupurge_lag1,204,0.6299999952316284,regime_comparison_01,democracy
full2,v2jupurge_lag1,205,0.5669999718666077,regime_comparison_01,democracy
full2,v2jupurge_lag1,221,-0.7260000109672546,regime_comparison_01,democracy
full2,v2jupurge_lag1,223,0.30300000309944153,regime_comparison_01,democracy
full2,v2jupurge_lag1,234,0.5049999952316284,regime_comparison_01,democracy
full2,v2jupurge_lag1,236,0.20999999344348907,regime_comparison_01,democracy
full2,v2jupurge_lag1,251,0.8960000276565552,regime_comparison_01,democracy
full2,v2jupurge_lag1,252,2.490000009536743,regime_comparison_01,democracy
full2,v2jupurge_lag1,253,2.490000009536743,regime_comparison_01,democracy
full2,v2jupurge_lag1,254,2.490000009536743,regime_comparison_01,democracy
full2,v2jupurge_lag1,255,2.490000009536743,regime_comparison_01,democracy
full2,v2jupurge_lag1,256,2.490000009536743,regime_comparison_01,democracy
full2,v2jupurge_lag1,257,2.490000009536743,regime_comparison_01,democracy
full2,v2jupurge_lag1,258,2.490000009536743,regime_comparison_01,democracy
full2,v2jupurge_lag1,259,2.490000009536743,regime_comparison_01,democracy
full2,v2jupurge_lag1,260,2.490000009536743,regime_comparison_01,democracy
full2,v2jupurge_lag1,261,2.490000009536743,regime_comparison_01,democracy
full2,v2jupurge_lag1,262,2.490000009536743,regime_comparison_01,democracy
full2,v2jupurge_lag1,263,2.013000011444092,regime_comparison_01,democracy
full2,v2jupurge_lag1,264,2.013000011444092,regime_comparison_01,democracy
full2,v2jupurge_lag1,265,2.5899999141693115,regime_comparison_01,democracy
full2,v2jupurge_lag1,266,2.5899999141693115,regime_comparison_01,democracy
full2,v2jupurge_lag1,267,2.5899999141693115,regime_comparison_01,democracy
full2,v2jupurge_lag1,268,2.5899999141693115,regime_comparison_01,democracy
full2,v2jupurge_lag1,269,2.5899999141693115,regime_comparison_01,democracy
full2,v2jupurge_lag1,270,2.5899999141693115,regime_comparison_01,democracy
full2,v2jupurge_lag1,271,2.5899999141693115,regime_comparison_01,democracy
full2,v2jupurge_lag1,272,1.6610000133514404,regime_comparison_01,democracy
full2,v2jupurge_lag1,273,1.6610000133514404,regime_comparison_01,democracy
full2,v2jupurge_lag1,274,1.6610000133514404,regime_comparison_01,democracy
full2,v2jupurge_lag1,275,1.6610000133514404,regime_comparison_01,democracy
full2,v2jupurge_lag1,278,2.2950000762939453,regime_comparison_01,democracy
full2,v2jupurge_lag1,280,2.322000026702881,regime_comparison_01,democracy
full2,v2jupurge_lag1,323,1.534000039100647,regime_comparison_01,democracy
full2,v2jupurge_lag1,324,1.9919999837875366,regime_comparison_01,democracy
full2,v2jupurge_lag1,325,1.99399995803833,regime_comparison_01,democracy
full2,v2jupurge_lag1,326,1.99399995803833,regime_comparison_01,democracy
full2,v2jupurge_lag1,327,2.1760001182556152,regime_comparison_01,democracy
full2,v2jupurge_lag1,328,2.1760001182556152,regime_comparison_01,democracy
full2,v2jupurge_lag1,329,2.1760001182556152,regime_comparison_01,democracy
full2,v2jupurge_lag1,330,2.1760001182556152,regime_comparison_01,democracy
full2,v2jupurge_lag1,331,2.1760001182556152,regime_comparison_01,democracy
full2,v2jupurge_lag1,332,2.1760001182556152,regime_comparison_01,democracy
full2,v2jupurge_lag1,333,2.1760001182556152,regime_comparison_01,democracy
full2,v2jupurge_lag1,334,2.1760001182556152,regime_comparison_01,democracy
full2,v2jupurge_lag1,335,2.1760001182556152,regime_comparison_01,democracy
full2,v2jupurge_lag1,336,2.2130000591278076,regime_comparison_01,democracy
full2,v2jupurge_lag1,337,2.2130000591278076,regime_comparison_01,democracy
full2,v2jupurge_lag1,338,2.2130000591278076,regime_comparison_01,democracy
full2,v2jupurge_lag1,339,2.2130000591278076,regime_comparison_01,democracy
full2,v2jupurge_lag1,340,2.2130000591278076,regime_comparison_01,democracy
full2,v2jupurge_lag1,341,2.2130000591278076,regime_comparison_01,democracy
full2,v2jupurge_lag1,342,2.2130000591278076,regime_comparison_01,democracy
full2,v2jupurge_lag1,343,2.2130000591278076,regime_comparison_01,democracy
full2,v2jupurge_lag1,344,2.2130000591278076,regime_comparison_01,democracy
full2,v2jupurge_lag1,345,2.2130000591278076,regime_comparison_01,democracy
full2,v2jupurge_lag1,346,0.8960000276565552,regime_comparison_01,democracy
full2,v2jupurge_lag1,347,2.1480000019073486,regime_comparison_01,democracy
full2,v2jupurge_lag1,348,1.1950000524520874,regime_comparison_01,democracy
full2,v2jupurge_lag1,349,0.9169999957084656,regime_comparison_01,democracy
full2,v2jupurge_lag1,350,2.4179999828338623,regime_comparison_01,democracy
full2,v2jupurge_lag1,351,2.4179999828338623,regime_comparison_01,democracy
full2,v2jupurge_lag1,352,2.4179999828338623,regime_comparison_01,democracy
full2,v2jupurge_lag1,353,2.4179999828338623,regime_comparison_01,democracy
full2,v2jupurge_lag1,354,2.4179999828338623,regime_comparison_01,democracy
full2,v2jupurge_lag1,355,2.4179999828338623,regime_comparison_01,democracy
full2,v2jupurge_lag1,356,2.4179999828338623,regime_comparison_01,democracy
full2,v2jupurge_lag1,357,2.4179999828338623,regime_comparison_01,democracy
full2,v2jupurge_lag1,358,2.4179999828338623,regime_comparison_01,democracy
full2,v2jupurge_lag1,359,2.4179999828338623,regime_comparison_01,democracy
full2,v2jupurge_lag1,360,2.4179999828338623,regime_comparison_01,democracy
full2,v2jupurge_lag1,361,2.4179999828338623,regime_comparison_01,democracy
full2,v2jupurge_lag1,362,2.4179999828338623,regime_comparison_01,democracy
full2,v2jupurge_lag1,363,2.4179999828338623,regime_comparison_01,democracy
full2,v2jupurge_lag1,364,1.7369999885559082,regime_comparison_01,democracy
full2,v2jupurge_lag1,365,1.7369999885559082,regime_comparison_01,democracy
full2,v2jupurge_lag1,366,2.4240000247955322,regime_comparison_01,democracy
full2,v2jupurge_lag1,367,2.0490000247955322,regime_comparison_01,democracy
full2,v2jupurge_lag1,368,1.1460000276565552,regime_comparison_01,democracy
full2,v2jupurge_lag1,369,1.878999948501587,regime_comparison_01,democracy
full2,v2jupurge_lag1,370,1.878999948501587,regime_comparison_01,democracy
full2,v2jupurge_lag1,371,1.8530000448226929,regime_comparison_01,democracy
full2,v2jupurge_lag1,372,1.8530000448226929,regime_comparison_01,democracy
full2,v2jupurge_lag1,373,1.8530000448226929,regime_comparison_01,democracy
full2,v2jupurge_lag1,374,1.8530000448226929,regime_comparison_01,democracy
full2,v2jupurge_lag1,375,1.8530000448226929,regime_comparison_01,democracy
full2,v2jupurge_lag1,376,1.8530000448226929,regime_comparison_01,democracy
full2,v2jupurge_lag1,377,1.8530000448226929,regime_comparison_01,democracy
full2,v2jupurge_lag1,378,2.134999990463257,regime_comparison_01,democracy
full2,v2jupurge_lag1,379,2.134999990463257,regime_comparison_01,democracy
full2,v2jupurge_lag1,382,1.4570000171661377,regime_comparison_01,democracy
full2,v2jupurge_lag1,383,1.4539999961853027,regime_comparison_01,democracy
full2,v2jupurge_lag1,384,1.9500000476837158,regime_comparison_01,democracy
full2,v2jupurge_lag1,385,2.015000104904175,regime_comparison_01,democracy
full2,v2jupurge_lag1,386,2.1659998893737793,regime_comparison_01,democracy
full2,v2jupurge_lag1,400,1.3930000066757202,regime_comparison_01,democracy
full2,v2jupurge_lag1,414,2.609999895095825,regime_comparison_01,democracy
full2,v2jupurge_lag1,415,2.9670000076293945,regime_comparison_01,democracy
full2,v2jupurge_lag1,416,2.9670000076293945,regime_comparison_01,democracy
full2,v2jupurge_lag1,417,2.9670000076293945,regime_comparison_01,democracy
full2,v2jupurge_lag1,418,2.9670000076293945,regime_comparison_01,democracy
full2,v2jupurge_lag1,419,2.359999895095825,regime_comparison_01,democracy
full2,v2jupurge_lag1,420,2.8989999294281006,regime_comparison_01,democracy
full2,v2jupurge_lag1,421,2.8989999294281006,regime_comparison_01,democracy
full2,v2jupurge_lag1,422,2.8989999294281006,regime_comparison_01,democracy
full2,v2jupurge_lag1,423,2.8989999294281006,regime_comparison_01,democracy
full2,v2jupurge_lag1,424,2.8989999294281006,regime_comparison_01,democracy
full2,v2jupurge_lag1,425,2.8989999294281006,regime_comparison_01,democracy
full2,v2jupurge_lag1,426,2.8989999294281006,regime_comparison_01,democracy
full2,v2jupurge_lag1,427,2.8989999294281006,regime_comparison_01,democracy
full2,v2jupurge_lag1,428,2.2950000762939453,regime_comparison_01,democracy
full2,v2jupurge_lag1,434,1.909999966621399,regime_comparison_01,democracy
full2,v2jupurge_lag1,435,1.909000039100647,regime_comparison_01,democracy
full2,v2jupurge_lag1,436,2.0799999237060547,regime_comparison_01,democracy
full2,v2jupurge_lag1,437,2.0799999237060547,regime_comparison_01,democracy
full2,v2jupurge_lag1,438,2.0799999237060547,regime_comparison_01,democracy
full2,v2jupurge_lag1,439,2.0799999237060547,regime_comparison_01,democracy
full2,v2jupurge_lag1,440,2.0799999237060547,regime_comparison_01,democracy
full2,v2jupurge_lag1,441,1.8660000562667847,regime_comparison_01,democracy
full2,v2jupurge_lag1,442,1.875,regime_comparison_01,democracy
full2,v2jupurge_lag1,443,1.875,regime_comparison_01,democracy
full2,v2jupurge_lag1,444,1.875,regime_comparison_01,democracy
full2,v2jupurge_lag1,445,1.875,regime_comparison_01,democracy
full2,v2jupurge_lag1,446,1.875,regime_comparison_01,democracy
full2,v2jupurge_lag1,447,1.875,regime_comparison_01,democracy
full2,v2jupurge_lag1,448,1.875,regime_comparison_01,democracy
full2,v2jupurge_lag1,449,1.875,regime_comparison_01,democracy
full2,v2jupurge_lag1,450,1.875,regime_comparison_01,democracy
full2,v2jupurge_lag1,451,1.875,regime_comparison_01,democracy
full2,v2jupurge_lag1,452,1.875,regime_comparison_01,democracy
full2,v2jupurge_lag1,453,1.875,regime_comparison_01,democracy
full2,v2jupurge_lag1,454,1.875,regime_comparison_01,democracy
full2,v2jupurge_lag1,455,1.875,regime_comparison_01,democracy
full2,v2jupurge_lag1,456,1.875,regime_comparison_01,democracy
full2,v2jupurge_lag1,457,1.875,regime_comparison_01,democracy
full2,v2jupurge_lag1,458,1.875,regime_comparison_01,democracy
full2,v2jupurge_lag1,459,1.9589999914169312,regime_comparison_01,democracy
full2,v2jupurge_lag1,460,1.9589999914169312,regime_comparison_01,democracy
full2,v2jupurge_lag1,461,1.9589999914169312,regime_comparison_01,democracy
full2,v2jupurge_lag1,462,1.9589999914169312,regime_comparison_01,democracy
full2,v2jupurge_lag1,463,1.9589999914169312,regime_comparison_01,democracy
full2,v2jupurge_lag1,464,1.9589999914169312,regime_comparison_01,democracy
full2,v2jupurge_lag1,465,1.9589999914169312,regime_comparison_01,democracy
full2,v2jupurge_lag1,466,1.9589999914169312,regime_comparison_01,democracy
full2,v2jupurge_lag1,467,1.9589999914169312,regime_comparison_01,democracy
full2,v2jupurge_lag1,468,1.9589999914169312,regime_comparison_01,democracy
full2,v2jupurge_lag1,469,1.7330000400543213,regime_comparison_01,democracy
full2,v2jupurge_lag1,470,1.7330000400543213,regime_comparison_01,democracy
full2,v2jupurge_lag1,471,1.7330000400543213,regime_comparison_01,democracy
full2,v2jupurge_lag1,472,2.4690001010894775,regime_comparison_01,democracy
full2,v2jupurge_lag1,473,2.4690001010894775,regime_comparison_01,democracy
full2,v2jupurge_lag1,474,1.1959999799728394,regime_comparison_01,democracy
full2,v2jupurge_lag1,475,1.1959999799728394,regime_comparison_01,democracy
full2,v2jupurge_lag1,478,1.1959999799728394,regime_comparison_01,democracy
full2,v2jupurge_lag1,480,1.1710000038146973,regime_comparison_01,democracy
full2,v2jupurge_lag1,481,1.1710000038146973,regime_comparison_01,democracy
full2,v2jupurge_lag1,482,1.1710000038146973,regime_comparison_01,democracy
full2,v2jupurge_lag1,483,1.1710000038146973,regime_comparison_01,democracy
full2,v2jupurge_lag1,484,1.1710000038146973,regime_comparison_01,democracy
full2,v2jupurge_lag1,485,1.1710000038146973,regime_comparison_01,democracy
full2,v2jupurge_lag1,486,1.1710000038146973,regime_comparison_01,democracy
full2,v2jupurge_lag1,487,1.1710000038146973,regime_comparison_01,democracy
full2,v2jupurge_lag1,488,1.1710000038146973,regime_comparison_01,democracy
full2,v2jupurge_lag1,489,1.1710000038146973,regime_comparison_01,democracy
full2,v2jupurge_lag1,491,1.1710000038146973,regime_comparison_01,democracy
full2,v2jupurge_lag1,492,1.1710000038146973,regime_comparison_01,democracy
full2,v2jupurge_lag1,493,1.1710000038146973,regime_comparison_01,democracy
full2,v2jupurge_lag1,494,0.699999988079071,regime_comparison_01,democracy
full2,v2jupurge_lag1,495,0.699999988079071,regime_comparison_01,democracy
full2,v2jupurge_lag1,502,1.4110000133514404,regime_comparison_01,democracy
full2,v2jupurge_lag1,504,1.4110000133514404,regime_comparison_01,democracy
full2,v2jupurge_lag1,505,1.4110000133514404,regime_comparison_01,democracy
full2,v2jupurge_lag1,507,1.4110000133514404,regime_comparison_01,democracy
full2,v2jupurge_lag1,509,1.4110000133514404,regime_comparison_01,democracy
full2,v2jupurge_lag1,511,1.4110000133514404,regime_comparison_01,democracy
full2,v2jupurge_lag1,512,1.4110000133514404,regime_comparison_01,democracy
full2,v2jupurge_lag1,514,1.4110000133514404,regime_comparison_01,democracy
full2,v2jupurge_lag1,516,1.4110000133514404,regime_comparison_01,democracy
full2,v2jupurge_lag1,518,1.4110000133514404,regime_comparison_01,democracy
full2,v2jupurge_lag1,519,1.4110000133514404,regime_comparison_01,democracy
full2,v2jupurge_lag1,521,1.4110000133514404,regime_comparison_01,democracy
full2,v2jupurge_lag1,525,1.4110000133514404,regime_comparison_01,democracy
full2,v2jupurge_lag1,526,1.4110000133514404,regime_comparison_01,democracy
full2,v2jupurge_lag1,527,1.4110000133514404,regime_comparison_01,democracy
full2,v2jupurge_lag1,529,1.4110000133514404,regime_comparison_01,democracy
full2,v2jupurge_lag1,543,1.3559999465942383,regime_comparison_01,democracy
full2,v2jupurge_lag1,546,1.3559999465942383,regime_comparison_01,democracy
full2,v2jupurge_lag1,567,0.7360000014305115,regime_comparison_01,democracy
full2,v2jupurge_lag1,568,0.7360000014305115,regime_comparison_01,democracy
full2,v2jupurge_lag1,574,1.5219999551773071,regime_comparison_01,democracy
full2,v2jupurge_lag1,580,2.0160000324249268,regime_comparison_01,democracy
full2,v2jupurge_lag1,596,1.0789999961853027,regime_comparison_01,democracy
full2,v2jupurge_lag1,597,1.0789999961853027,regime_comparison_01,democracy
full2,v2jupurge_lag1,598,1.5099999904632568,regime_comparison_01,democracy
full2,v2jupurge_lag1,599,1.5549999475479126,regime_comparison_01,democracy
full2,v2jupurge_lag1,600,0.8339999914169312,regime_comparison_01,democracy
full2,v2jupurge_lag1,601,0.8339999914169312,regime_comparison_01,democracy
full2,v2jupurge_lag1,615,0.30300000309944153,regime_comparison_01,democracy
full2,v2jupurge_lag1,616,0.30300000309944153,regime_comparison_01,democracy
full2,v2jupurge_lag1,620,-0.7710000276565552,regime_comparison_01,democracy
full2,v2jupurge_lag1,621,-1.2070000171661377,regime_comparison_01,democracy
full2,v2jupurge_lag1,623,-0.828000009059906,regime_comparison_01,democracy
full2,v2jupurge_lag1,631,2.490000009536743,regime_comparison_01,democracy
full2,v2jupurge_lag1,632,2.490000009536743,regime_comparison_01,democracy
full2,v2jupurge_lag1,633,2.490000009536743,regime_comparison_01,democracy
full2,v2jupurge_lag1,634,2.490000009536743,regime_comparison_01,democracy
full2,v2jupurge_lag1,635,2.490000009536743,regime_comparison_01,democracy
full2,v2jupurge_lag1,636,2.490000009536743,regime_comparison_01,democracy
full2,v2jupurge_lag1,637,2.490000009536743,regime_comparison_01,democracy
full2,v2jupurge_lag1,638,2.490000009536743,regime_comparison_01,democracy
full2,v2jupurge_lag1,639,2.490000009536743,regime_comparison_01,democracy
full2,v2jupurge_lag1,640,2.013000011444092,regime_comparison_01,democracy
full2,v2jupurge_lag1,641,2.013000011444092,regime_comparison_01,democracy
full2,v2jupurge_lag1,642,2.013000011444092,regime_comparison_01,democracy
full2,v2jupurge_lag1,643,2.013000011444092,regime_comparison_01,democracy
full2,v2jupurge_lag1,644,2.013000011444092,regime_comparison_01,democracy
full2,v2jupurge_lag1,645,2.5899999141693115,regime_comparison_01,democracy
full2,v2jupurge_lag1,646,2.5899999141693115,regime_comparison_01,democracy
full2,v2jupurge_lag1,647,2.5899999141693115,regime_comparison_01,democracy
full2,v2jupurge_lag1,648,2.5899999141693115,regime_comparison_01,democracy
full2,v2jupurge_lag1,649,2.5899999141693115,regime_comparison_01,democracy
full2,v2jupurge_lag1,650,2.5899999141693115,regime_comparison_01,democracy
full2,v2jupurge_lag1,651,2.5899999141693115,regime_comparison_01,democracy
full2,v2jupurge_lag1,652,2.5899999141693115,regime_comparison_01,democracy
full2,v2jupurge_lag1,653,2.5899999141693115,regime_comparison_01,democracy
full2,v2jupurge_lag1,654,2.5899999141693115,regime_comparison_01,democracy
full2,v2jupurge_lag1,655,2.5899999141693115,regime_comparison_01,democracy
full2,v2jupurge_lag1,656,2.5899999141693115,regime_comparison_01,democracy
full2,v2jupurge_lag1,657,2.5899999141693115,regime_comparison_01,democracy
full2,v2jupurge_lag1,658,2.5899999141693115,regime_comparison_01,democracy
full2,v2jupurge_lag1,659,2.5899999141693115,regime_comparison_01,democracy
full2,v2jupurge_lag1,660,2.5899999141693115,regime_comparison_01,democracy
full2,v2jupurge_lag1,661,1.6610000133514404,regime_comparison_01,democracy
full2,v2jupurge_lag1,662,1.6610000133514404,regime_comparison_01,democracy
full2,v2jupurge_lag1,663,1.6610000133514404,regime_comparison_01,democracy
full2,v2jupurge_lag1,664,1.6610000133514404,regime_comparison_01,democracy
full2,v2jupurge_lag1,665,1.6610000133514404,regime_comparison_01,democracy
full2,v2jupurge_lag1,666,1.6610000133514404,regime_comparison_01,democracy
full2,v2jupurge_lag1,667,1.6610000133514404,regime_comparison_01,democracy
full2,v2jupurge_lag1,669,1.6610000133514404,regime_comparison_01,democracy
full2,v2jupurge_lag1,670,1.6610000133514404,regime_comparison_01,democracy
full2,v2jupurge_lag1,671,1.6610000133514404,regime_comparison_01,democracy
full2,v2jupurge_lag1,672,1.6610000133514404,regime_comparison_01,democracy
full2,v2jupurge_lag1,673,1.6610000133514404,regime_comparison_01,democracy
full2,v2jupurge_lag1,674,1.6610000133514404,regime_comparison_01,democracy
full2,v2jupurge_lag1,675,1.6610000133514404,regime_comparison_01,democracy
full2,v2jupurge_lag1,676,1.6610000133514404,regime_comparison_01,democracy
full2,v2jupurge_lag1,677,1.6610000133514404,regime_comparison_01,democracy
full2,v2jupurge_lag1,755,1.99399995803833,regime_comparison_01,democracy
full2,v2jupurge_lag1,756,2.1760001182556152,regime_comparison_01,democracy
full2,v2jupurge_lag1,757,2.1760001182556152,regime_comparison_01,democracy
full2,v2jupurge_lag1,758,2.2130000591278076,regime_comparison_01,democracy
full2,v2jupurge_lag1,759,2.2130000591278076,regime_comparison_01,democracy
full2,v2jupurge_lag1,760,2.2130000591278076,regime_comparison_01,democracy
full2,v2jupurge_lag1,761,2.2130000591278076,regime_comparison_01,democracy
full2,v2jupurge_lag1,762,2.2130000591278076,regime_comparison_01,democracy
full2,v2jupurge_lag1,763,2.2130000591278076,regime_comparison_01,democracy
full2,v2jupurge_lag1,764,2.2130000591278076,regime_comparison_01,democracy
full2,v2jupurge_lag1,765,2.2130000591278076,regime_comparison_01,democracy
full2,v2jupurge_lag1,766,0.8960000276565552,regime_comparison_01,democracy
full2,v2jupurge_lag1,767,1.1950000524520874,regime_comparison_01,democracy
full2,v2jupurge_lag1,768,2.4179999828338623,regime_comparison_01,democracy
full2,v2jupurge_lag1,769,2.4179999828338623,regime_comparison_01,democracy
full2,v2jupurge_lag1,770,2.4179999828338623,regime_comparison_01,democracy
full2,v2jupurge_lag1,771,2.4179999828338623,regime_comparison_01,democracy
full2,v2jupurge_lag1,772,2.4179999828338623,regime_comparison_01,democracy
full2,v2jupurge_lag1,773,2.4179999828338623,regime_comparison_01,democracy
full2,v2jupurge_lag1,774,2.4179999828338623,regime_comparison_01,democracy
full2,v2jupurge_lag1,775,1.7369999885559082,regime_comparison_01,democracy
full2,v2jupurge_lag1,776,2.0490000247955322,regime_comparison_01,democracy
full2,v2jupurge_lag1,777,1.1460000276565552,regime_comparison_01,democracy
full2,v2jupurge_lag1,778,1.878999948501587,regime_comparison_01,democracy
full2,v2jupurge_lag1,779,1.878999948501587,regime_comparison_01,democracy
full2,v2jupurge_lag1,780,1.878999948501587,regime_comparison_01,democracy
full2,v2jupurge_lag1,781,1.878999948501587,regime_comparison_01,democracy
full2,v2jupurge_lag1,782,1.878999948501587,regime_comparison_01,democracy
full2,v2jupurge_lag1,783,1.878999948501587,regime_comparison_01,democracy
full2,v2jupurge_lag1,784,1.8530000448226929,regime_comparison_01,democracy
full2,v2jupurge_lag1,785,1.8530000448226929,regime_comparison_01,democracy
full2,v2jupurge_lag1,786,1.8530000448226929,regime_comparison_01,democracy
full2,v2jupurge_lag1,787,1.8530000448226929,regime_comparison_01,democracy
full2,v2jupurge_lag1,788,1.8530000448226929,regime_comparison_01,democracy
full2,v2jupurge_lag1,789,1.8530000448226929,regime_comparison_01,democracy
full2,v2jupurge_lag1,790,1.8530000448226929,regime_comparison_01,democracy
full2,v2jupurge_lag1,791,1.8530000448226929,regime_comparison_01,democracy
full2,v2jupurge_lag1,792,1.8530000448226929,regime_comparison_01,democracy
full2,v2jupurge_lag1,793,1.8530000448226929,regime_comparison_01,democracy
full2,v2jupurge_lag1,794,1.8530000448226929,regime_comparison_01,democracy
full2,v2jupurge_lag1,795,1.8530000448226929,regime_comparison_01,democracy
full2,v2jupurge_lag1,796,1.8530000448226929,regime_comparison_01,democracy
full2,v2jupurge_lag1,797,1.8530000448226929,regime_comparison_01,democracy
full2,v2jupurge_lag1,798,1.8530000448226929,regime_comparison_01,democracy
full2,v2jupurge_lag1,799,1.8530000448226929,regime_comparison_01,democracy
full2,v2jupurge_lag1,800,1.8530000448226929,regime_comparison_01,democracy
full2,v2jupurge_lag1,801,1.8530000448226929,regime_comparison_01,democracy
full2,v2jupurge_lag1,802,1.8530000448226929,regime_comparison_01,democracy
full2,v2jupurge_lag1,803,1.8530000448226929,regime_comparison_01,democracy
full2,v2jupurge_lag1,804,1.8530000448226929,regime_comparison_01,democracy
full2,v2jupurge_lag1,805,1.8530000448226929,regime_comparison_01,democracy
full2,v2jupurge_lag1,806,1.8530000448226929,regime_comparison_01,democracy
full2,v2jupurge_lag1,807,1.8530000448226929,regime_comparison_01,democracy
full2,v2jupurge_lag1,808,1.8530000448226929,regime_comparison_01,democracy
full2,v2jupurge_lag1,809,1.8530000448226929,regime_comparison_01,democracy
full2,v2jupurge_lag1,810,1.8530000448226929,regime_comparison_01,democracy
full2,v2jupurge_lag1,811,1.8530000448226929,regime_comparison_01,democracy
full2,v2jupurge_lag1,812,1.8530000448226929,regime_comparison_01,democracy
full2,v2jupurge_lag1,813,1.8530000448226929,regime_comparison_01,democracy
full2,v2jupurge_lag1,814,1.8530000448226929,regime_comparison_01,democracy
full2,v2jupurge_lag1,815,1.8530000448226929,regime_comparison_01,democracy
full2,v2jupurge_lag1,816,1.8530000448226929,regime_comparison_01,democracy
full2,v2jupurge_lag1,817,1.8530000448226929,regime_comparison_01,democracy
full2,v2jupurge_lag1,818,1.8530000448226929,regime_comparison_01,democracy
full2,v2jupurge_lag1,819,1.8530000448226929,regime_comparison_01,democracy
full2,v2jupurge_lag1,820,1.8530000448226929,regime_comparison_01,democracy
full2,v2jupurge_lag1,821,1.8530000448226929,regime_comparison_01,democracy
full2,v2jupurge_lag1,822,1.8530000448226929,regime_comparison_01,democracy
full2,v2jupurge_lag1,823,1.8530000448226929,regime_comparison_01,democracy
full2,v2jupurge_lag1,824,1.8530000448226929,regime_comparison_01,democracy
full2,v2jupurge_lag1,825,1.8530000448226929,regime_comparison_01,democracy
full2,v2jupurge_lag1,826,1.8530000448226929,regime_comparison_01,democracy
full2,v2jupurge_lag1,827,1.8530000448226929,regime_comparison_01,democracy
full2,v2jupurge_lag1,828,1.8530000448226929,regime_comparison_01,democracy
full2,v2jupurge_lag1,829,1.8530000448226929,regime_comparison_01,democracy
full2,v2jupurge_lag1,830,1.8530000448226929,regime_comparison_01,democracy
full2,v2jupurge_lag1,831,1.8530000448226929,regime_comparison_01,democracy
full2,v2jupurge_lag1,832,1.8530000448226929,regime_comparison_01,democracy
full2,v2jupurge_lag1,833,1.8530000448226929,regime_comparison_01,democracy
full2,v2jupurge_lag1,834,1.8530000448226929,regime_comparison_01,democracy
full2,v2jupurge_lag1,835,1.8530000448226929,regime_comparison_01,democracy
full2,v2jupurge_lag1,836,1.8530000448226929,regime_comparison_01,democracy
full2,v2jupurge_lag1,837,1.8530000448226929,regime_comparison_01,democracy
full2,v2jupurge_lag1,838,1.8530000448226929,regime_comparison_01,democracy
full2,v2jupurge_lag1,839,1.8530000448226929,regime_comparison_01,democracy
full2,v2jupurge_lag1,840,1.8530000448226929,regime_comparison_01,democracy
full2,v2jupurge_lag1,841,1.8530000448226929,regime_comparison_01,democracy
full2,v2jupurge_lag1,842,1.8530000448226929,regime_comparison_01,democracy
full2,v2jupurge_lag1,843,1.8530000448226929,regime_comparison_01,democracy
full2,v2jupurge_lag1,844,1.8530000448226929,regime_comparison_01,democracy
full2,v2jupurge_lag1,845,1.8530000448226929,regime_comparison_01,democracy
full2,v2jupurge_lag1,846,1.8530000448226929,regime_comparison_01,democracy
full2,v2jupurge_lag1,847,1.8530000448226929,regime_comparison_01,democracy
full2,v2jupurge_lag1,848,1.8530000448226929,regime_comparison_01,democracy
full2,v2jupurge_lag1,849,1.8530000448226929,regime_comparison_01,democracy
full2,v2jupurge_lag1,850,1.8530000448226929,regime_comparison_01,democracy
full2,v2jupurge_lag1,851,1.8530000448226929,regime_comparison_01,democracy
full2,v2jupurge_lag1,852,1.8530000448226929,regime_comparison_01,democracy
full2,v2jupurge_lag1,853,1.8530000448226929,regime_comparison_01,democracy
full2,v2jupurge_lag1,854,1.8530000448226929,regime_comparison_01,democracy
full2,v2jupurge_lag1,855,1.8530000448226929,regime_comparison_01,democracy
full2,v2jupurge_lag1,856,1.8530000448226929,regime_comparison_01,democracy
full2,v2jupurge_lag1,857,1.8530000448226929,regime_comparison_01,democracy
full2,v2jupurge_lag1,858,1.8530000448226929,regime_comparison_01,democracy
full2,v2jupurge_lag1,859,1.8530000448226929,regime_comparison_01,democracy
full2,v2jupurge_lag1,860,1.8530000448226929,regime_comparison_01,democracy
full2,v2jupurge_lag1,861,1.8530000448226929,regime_comparison_01,democracy
full2,v2jupurge_lag1,862,1.8530000448226929,regime_comparison_01,democracy
full2,v2jupurge_lag1,863,1.8530000448226929,regime_comparison_01,democracy
full2,v2jupurge_lag1,864,1.8530000448226929,regime_comparison_01,democracy
full2,v2jupurge_lag1,865,1.8530000448226929,regime_comparison_01,democracy
full2,v2jupurge_lag1,866,1.8530000448226929,regime_comparison_01,democracy
full2,v2jupurge_lag1,867,1.8530000448226929,regime_comparison_01,democracy
full2,v2jupurge_lag1,868,1.8530000448226929,regime_comparison_01,democracy
full2,v2jupurge_lag1,869,1.8530000448226929,regime_comparison_01,democracy
full2,v2jupurge_lag1,870,1.8530000448226929,regime_comparison_01,democracy
full2,v2jupurge_lag1,871,1.8530000448226929,regime_comparison_01,democracy
full2,v2jupurge_lag1,872,1.8530000448226929,regime_comparison_01,democracy
full2,v2jupurge_lag1,873,1.8530000448226929,regime_comparison_01,democracy
full2,v2jupurge_lag1,874,1.8530000448226929,regime_comparison_01,democracy
full2,v2jupurge_lag1,875,1.8530000448226929,regime_comparison_01,democracy
full2,v2jupurge_lag1,876,1.8530000448226929,regime_comparison_01,democracy
full2,v2jupurge_lag1,877,1.8530000448226929,regime_comparison_01,democracy
full2,v2jupurge_lag1,878,1.8530000448226929,regime_comparison_01,democracy
full2,v2jupurge_lag1,879,1.8530000448226929,regime_comparison_01,democracy
full2,v2jupurge_lag1,880,1.8530000448226929,regime_comparison_01,democracy
full2,v2jupurge_lag1,881,1.8530000448226929,regime_comparison_01,democracy
full2,v2jupurge_lag1,882,1.8530000448226929,regime_comparison_01,democracy
full2,v2jupurge_lag1,883,1.8530000448226929,regime_comparison_01,democracy
full2,v2jupurge_lag1,884,1.8530000448226929,regime_comparison_01,democracy
full2,v2jupurge_lag1,885,1.8530000448226929,regime_comparison_01,democracy
full2,v2jupurge_lag1,886,1.8530000448226929,regime_comparison_01,democracy
full2,v2jupurge_lag1,887,1.8530000448226929,regime_comparison_01,democracy
full2,v2jupurge_lag1,888,1.8530000448226929,regime_comparison_01,democracy
full2,v2jupurge_lag1,889,1.8530000448226929,regime_comparison_01,democracy
full2,v2jupurge_lag1,890,1.8530000448226929,regime_comparison_01,democracy
full2,v2jupurge_lag1,891,1.8530000448226929,regime_comparison_01,democracy
full2,v2jupurge_lag1,892,1.8530000448226929,regime_comparison_01,democracy
full2,v2jupurge_lag1,893,1.8530000448226929,regime_comparison_01,democracy
full2,v2jupurge_lag1,894,1.8530000448226929,regime_comparison_01,democracy
full2,v2jupurge_lag1,895,1.8530000448226929,regime_comparison_01,democracy
full2,v2jupurge_lag1,896,1.8530000448226929,regime_comparison_01,democracy
full2,v2jupurge_lag1,897,1.8530000448226929,regime_comparison_01,democracy
full2,v2jupurge_lag1,898,1.8530000448226929,regime_comparison_01,democracy
full2,v2jupurge_lag1,899,1.8530000448226929,regime_comparison_01,democracy
full2,v2jupurge_lag1,900,1.8530000448226929,regime_comparison_01,democracy
full2,v2jupurge_lag1,901,1.8530000448226929,regime_comparison_01,democracy
full2,v2jupurge_lag1,902,1.8530000448226929,regime_comparison_01,democracy
full2,v2jupurge_lag1,903,1.8530000448226929,regime_comparison_01,democracy
full2,v2jupurge_lag1,904,1.8530000448226929,regime_comparison_01,democracy
full2,v2jupurge_lag1,905,1.8530000448226929,regime_comparison_01,democracy
full2,v2jupurge_lag1,906,1.8530000448226929,regime_comparison_01,democracy
full2,v2jupurge_lag1,908,1.8530000448226929,regime_comparison_01,democracy
full2,v2jupurge_lag1,909,1.8530000448226929,regime_comparison_01,democracy
full2,v2jupurge_lag1,910,1.8530000448226929,regime_comparison_01,democracy
full2,v2jupurge_lag1,911,1.8530000448226929,regime_comparison_01,democracy
full2,v2jupurge_lag1,912,1.8530000448226929,regime_comparison_01,democracy
full2,v2jupurge_lag1,913,1.8530000448226929,regime_comparison_01,democracy
full2,v2jupurge_lag1,914,1.8530000448226929,regime_comparison_01,democracy
full2,v2jupurge_lag1,915,1.8530000448226929,regime_comparison_01,democracy
full2,v2jupurge_lag1,916,1.8530000448226929,regime_comparison_01,democracy
full2,v2jupurge_lag1,917,1.8530000448226929,regime_comparison_01,democracy
full2,v2jupurge_lag1,918,1.8530000448226929,regime_comparison_01,democracy
full2,v2jupurge_lag1,919,1.8530000448226929,regime_comparison_01,democracy
full2,v2jupurge_lag1,920,1.8530000448226929,regime_comparison_01,democracy
full2,v2jupurge_lag1,921,1.8530000448226929,regime_comparison_01,democracy
full2,v2jupurge_lag1,922,1.8530000448226929,regime_comparison_01,democracy
full2,v2jupurge_lag1,923,1.8530000448226929,regime_comparison_01,democracy
full2,v2jupurge_lag1,924,1.8530000448226929,regime_comparison_01,democracy
full2,v2jupurge_lag1,925,1.8530000448226929,regime_comparison_01,democracy
full2,v2jupurge_lag1,926,1.8530000448226929,regime_comparison_01,democracy
full2,v2jupurge_lag1,927,1.8530000448226929,regime_comparison_01,democracy
full2,v2jupurge_lag1,928,1.8530000448226929,regime_comparison_01,democracy
full2,v2jupurge_lag1,929,1.8530000448226929,regime_comparison_01,democracy
full2,v2jupurge_lag1,930,1.8530000448226929,regime_comparison_01,democracy
full2,v2jupurge_lag1,931,1.8530000448226929,regime_comparison_01,democracy
full2,v2jupurge_lag1,932,1.8530000448226929,regime_comparison_01,democracy
full2,v2jupurge_lag1,933,1.8530000448226929,regime_comparison_01,democracy
full2,v2jupurge_lag1,934,1.8530000448226929,regime_comparison_01,democracy
full2,v2jupurge_lag1,935,1.8530000448226929,regime_comparison_01,democracy
full2,v2jupurge_lag1,936,1.8530000448226929,regime_comparison_01,democracy
full2,v2jupurge_lag1,937,1.8530000448226929,regime_comparison_01,democracy
full2,v2jupurge_lag1,938,1.8530000448226929,regime_comparison_01,democracy
full2,v2jupurge_lag1,939,1.8530000448226929,regime_comparison_01,democracy
full2,v2jupurge_lag1,940,1.8530000448226929,regime_comparison_01,democracy
full2,v2jupurge_lag1,941,1.8530000448226929,regime_comparison_01,democracy
full2,v2jupurge_lag1,942,1.8530000448226929,regime_comparison_01,democracy
full2,v2jupurge_lag1,943,1.8530000448226929,regime_comparison_01,democracy
full2,v2jupurge_lag1,944,1.8530000448226929,regime_comparison_01,democracy
full2,v2jupurge_lag1,945,1.8530000448226929,regime_comparison_01,democracy
full2,v2jupurge_lag1,946,1.8530000448226929,regime_comparison_01,democracy
full2,v2jupurge_lag1,947,1.8530000448226929,regime_comparison_01,democracy
full2,v2jupurge_lag1,948,1.8530000448226929,regime_comparison_01,democracy
full2,v2jupurge_lag1,949,1.8530000448226929,regime_comparison_01,democracy
full2,v2jupurge_lag1,950,1.8530000448226929,regime_comparison_01,democracy
full2,v2jupurge_lag1,951,1.8530000448226929,regime_comparison_01,democracy
full2,v2jupurge_lag1,952,1.8530000448226929,regime_comparison_01,democracy
full2,v2jupurge_lag1,953,1.8530000448226929,regime_comparison_01,democracy
full2,v2jupurge_lag1,954,1.8530000448226929,regime_comparison_01,democracy
full2,v2jupurge_lag1,955,1.8530000448226929,regime_comparison_01,democracy
full2,v2jupurge_lag1,956,1.8530000448226929,regime_comparison_01,democracy
full2,v2jupurge_lag1,957,1.8530000448226929,regime_comparison_01,democracy
full2,v2jupurge_lag1,958,1.8530000448226929,regime_comparison_01,democracy
full2,v2jupurge_lag1,959,1.8530000448226929,regime_comparison_01,democracy
full2,v2jupurge_lag1,960,1.8530000448226929,regime_comparison_01,democracy
full2,v2jupurge_lag1,961,1.8530000448226929,regime_comparison_01,democracy
full2,v2jupurge_lag1,962,1.8530000448226929,regime_comparison_01,democracy
full2,v2jupurge_lag1,963,1.8530000448226929,regime_comparison_01,democracy
full2,v2jupurge_lag1,964,1.8530000448226929,regime_comparison_01,democracy
full2,v2jupurge_lag1,965,1.8530000448226929,regime_comparison_01,democracy
full2,v2jupurge_lag1,966,1.8530000448226929,regime_comparison_01,democracy
full2,v2jupurge_lag1,967,1.8530000448226929,regime_comparison_01,democracy
full2,v2jupurge_lag1,968,1.8530000448226929,regime_comparison_01,democracy
full2,v2jupurge_lag1,969,1.8530000448226929,regime_comparison_01,democracy
full2,v2jupurge_lag1,970,1.8530000448226929,regime_comparison_01,democracy
full2,v2jupurge_lag1,971,1.8530000448226929,regime_comparison_01,democracy
full2,v2jupurge_lag1,972,1.8530000448226929,regime_comparison_01,democracy
full2,v2jupurge_lag1,973,1.8530000448226929,regime_comparison_01,democracy
full2,v2jupurge_lag1,974,1.8530000448226929,regime_comparison_01,democracy
full2,v2jupurge_lag1,975,1.8530000448226929,regime_comparison_01,democracy
full2,v2jupurge_lag1,976,1.8530000448226929,regime_comparison_01,democracy
full2,v2jupurge_lag1,977,1.8530000448226929,regime_comparison_01,democracy
full2,v2jupurge_lag1,978,1.8530000448226929,regime_comparison_01,democracy
full2,v2jupurge_lag1,979,1.8530000448226929,regime_comparison_01,democracy
full2,v2jupurge_lag1,980,1.8530000448226929,regime_comparison_01,democracy
full2,v2jupurge_lag1,981,1.8530000448226929,regime_comparison_01,democracy
full2,v2jupurge_lag1,982,1.8530000448226929,regime_comparison_01,democracy
full2,v2jupurge_lag1,983,1.8530000448226929,regime_comparison_01,democracy
full2,v2jupurge_lag1,984,1.8530000448226929,regime_comparison_01,democracy
full2,v2jupurge_lag1,985,1.8530000448226929,regime_comparison_01,democracy
full2,v2jupurge_lag1,986,1.8530000448226929,regime_comparison_01,democracy
full2,v2jupurge_lag1,987,1.8530000448226929,regime_comparison_01,democracy
full2,v2jupurge_lag1,988,1.8530000448226929,regime_comparison_01,democracy
full2,v2jupurge_lag1,989,1.8530000448226929,regime_comparison_01,democracy
full2,v2jupurge_lag1,990,1.8530000448226929,regime_comparison_01,democracy
full2,v2jupurge_lag1,991,1.8530000448226929,regime_comparison_01,democracy
full2,v2jupurge_lag1,992,1.8530000448226929,regime_comparison_01,democracy
full2,v2jupurge_lag1,993,2.134999990463257,regime_comparison_01,democracy
full2,v2jupurge_lag1,994,2.134999990463257,regime_comparison_01,democracy
full2,v2jupurge_lag1,995,2.134999990463257,regime_comparison_01,democracy
full2,v2jupurge_lag1,996,2.134999990463257,regime_comparison_01,democracy
full2,v2jupurge_lag1,997,2.134999990463257,regime_comparison_01,democracy
full2,v2jupurge_lag1,998,2.134999990463257,regime_comparison_01,democracy
full2,v2jupurge_lag1,999,2.134999990463257,regime_comparison_01,democracy
full2,v2jupurge_lag1,1000,2.134999990463257,regime_comparison_01,democracy
full2,v2jupurge_lag1,1001,2.134999990463257,regime_comparison_01,democracy
full2,v2jupurge_lag1,1002,2.134999990463257,regime_comparison_01,democracy
full2,v2jupurge_lag1,1003,2.134999990463257,regime_comparison_01,democracy
full2,v2jupurge_lag1,1004,2.134999990463257,regime_comparison_01,democracy
full2,v2jupurge_lag1,1005,2.134999990463257,regime_comparison_01,democracy
full2,v2jupurge_lag1,1006,2.134999990463257,regime_comparison_01,democracy
full2,v2jupurge_lag1,1007,2.134999990463257,regime_comparison_01,democracy
full2,v2jupurge_lag1,1009,2.134999990463257,regime_comparison_01,democracy
full2,v2jupurge_lag1,1010,2.134999990463257,regime_comparison_01,democracy
full2,v2jupurge_lag1,1011,2.134999990463257,regime_comparison_01,democracy
full2,v2jupurge_lag1,1012,2.134999990463257,regime_comparison_01,democracy
full2,v2jupurge_lag1,1014,2.134999990463257,regime_comparison_01,democracy
full2,v2jupurge_lag1,1016,2.134999990463257,regime_comparison_01,democracy
full2,v2jupurge_lag1,1017,2.134999990463257,regime_comparison_01,democracy
full2,v2jupurge_lag1,1018,2.134999990463257,regime_comparison_01,democracy
full2,v2jupurge_lag1,1019,2.134999990463257,regime_comparison_01,democracy
full2,v2jupurge_lag1,1021,2.134999990463257,regime_comparison_01,democracy
full2,v2jupurge_lag1,1022,2.134999990463257,regime_comparison_01,democracy
full2,v2jupurge_lag1,1023,2.134999990463257,regime_comparison_01,democracy
full2,v2jupurge_lag1,1024,2.134999990463257,regime_comparison_01,democracy
full2,v2jupurge_lag1,1025,2.134999990463257,regime_comparison_01,democracy
full2,v2jupurge_lag1,1026,2.134999990463257,regime_comparison_01,democracy
full2,v2jupurge_lag1,1027,2.134999990463257,regime_comparison_01,democracy
full2,v2jupurge_lag1,1028,2.134999990463257,regime_comparison_01,democracy
full2,v2jupurge_lag1,1029,2.134999990463257,regime_comparison_01,democracy
full2,v2jupurge_lag1,1031,2.134999990463257,regime_comparison_01,democracy
full2,v2jupurge_lag1,1033,2.134999990463257,regime_comparison_01,democracy
full2,v2jupurge_lag1,1036,2.134999990463257,regime_comparison_01,democracy
full2,v2jupurge_lag1,1038,2.134999990463257,regime_comparison_01,democracy
full2,v2jupurge_lag1,1039,2.134999990463257,regime_comparison_01,democracy
full2,v2jupurge_lag1,1041,2.134999990463257,regime_comparison_01,democracy
full2,v2jupurge_lag1,1043,2.134999990463257,regime_comparison_01,democracy
full2,v2jupurge_lag1,1045,1.4570000171661377,regime_comparison_01,democracy
full2,v2jupurge_lag1,1049,1.4570000171661377,regime_comparison_01,democracy
full2,v2jupurge_lag1,1051,1.4570000171661377,regime_comparison_01,democracy
full2,v2jupurge_lag1,1052,1.4570000171661377,regime_comparison_01,democracy
full2,v2jupurge_lag1,1055,1.4570000171661377,regime_comparison_01,democracy
full2,v2jupurge_lag1,1056,1.4570000171661377,regime_comparison_01,democracy
full2,v2jupurge_lag1,1058,1.4570000171661377,regime_comparison_01,democracy
full2,v2jupurge_lag1,1059,1.4570000171661377,regime_comparison_01,democracy
full2,v2jupurge_lag1,1060,1.4539999961853027,regime_comparison_01,democracy
full2,wdj_expression_lag1,3,0.0,regime_comparison_01,democracy
full2,wdj_expression_lag1,4,0.0,regime_comparison_01,democracy
full2,wdj_expression_lag1,5,0.0,regime_comparison_01,democracy
full2,wdj_expression_lag1,6,0.0,regime_comparison_01,democracy
full2,wdj_expression_lag1,7,0.0,regime_comparison_01,democracy
full2,wdj_expression_lag1,8,0.0,regime_comparison_01,democracy
full2,wdj_expression_lag1,9,0.0,regime_comparison_01,democracy
full2,wdj_expression_lag1,10,0.0,regime_comparison_01,democracy
full2,wdj_expression_lag1,11,0.0,regime_comparison_01,democracy
full2,wdj_expression_lag1,12,0.0,regime_comparison_01,democracy
full2,wdj_expression_lag1,13,0.9444444179534912,regime_comparison_01,democracy
full2,wdj_expression_lag1,14,1.0,regime_comparison_01,democracy
full2,wdj_expression_lag1,15,1.0,regime_comparison_01,democracy
full2,wdj_expression_lag1,16,1.0,regime_comparison_01,democracy
full2,wdj_expression_lag1,17,1.0,regime_comparison_01,democracy
full2,wdj_expression_lag1,19,1.0,regime_comparison_01,democracy
full2,wdj_expression_lag1,33,0.9814814925193787,regime_comparison_01,democracy
full2,wdj_expression_lag1,35,0.0,regime_comparison_01,democracy
full2,wdj_expression_lag1,37,0.0,regime_comparison_01,democracy
full2,wdj_expression_lag1,38,0.0,regime_comparison_01,democracy
full2,wdj_expression_lag1,39,0.0,regime_comparison_01,democracy
full2,wdj_expression_lag1,48,0.0,regime_comparison_01,democracy
full2,wdj_expression_lag1,49,0.0,regime_comparison_01,democracy
full2,wdj_expression_lag1,50,0.0,regime_comparison_01,democracy
full2,wdj_expression_lag1,51,0.0,regime_comparison_01,democracy
full2,wdj_expression_lag1,52,0.0,regime_comparison_01,democracy
full2,wdj_expression_lag1,53,0.0,regime_comparison_01,democracy
full2,wdj_expression_lag1,54,0.0,regime_comparison_01,democracy
full2,wdj_expression_lag1,55,0.0,regime_comparison_01,democracy
full2,wdj_expression_lag1,56,0.0,regime_comparison_01,democracy
full2,wdj_expression_lag1,57,0.0,regime_comparison_01,democracy
full2,wdj_expression_lag1,58,0.0,regime_comparison_01,democracy
full2,wdj_expression_lag1,59,0.0,regime_comparison_01,democracy
full2,wdj_expression_lag1,60,0.0,regime_comparison_01,democracy
full2,wdj_expression_lag1,61,0.0,regime_comparison_01,democracy
full2,wdj_expression_lag1,62,0.0,regime_comparison_01,democracy
full2,wdj_expression_lag1,63,0.0,regime_comparison_01,democracy
full2,wdj_expression_lag1,64,0.0,regime_comparison_01,democracy
full2,wdj_expression_lag1,65,0.0,regime_comparison_01,democracy
full2,wdj_expression_lag1,66,0.0,regime_comparison_01,democracy
full2,wdj_expression_lag1,67,0.0,regime_comparison_01,democracy
full2,wdj_expression_lag1,68,0.0,regime_comparison_01,democracy
full2,wdj_expression_lag1,69,0.0,regime_comparison_01,democracy
full2,wdj_expression_lag1,70,0.0,regime_comparison_01,democracy
full2,wdj_expression_lag1,71,0.0,regime_comparison_01,democracy
full2,wdj_expression_lag1,72,0.0,regime_comparison_01,democracy
full2,wdj_expression_lag1,73,0.7777777910232544,regime_comparison_01,democracy
full2,wdj_expression_lag1,74,0.7777777910232544,regime_comparison_01,democracy
full2,wdj_expression_lag1,75,0.7777777910232544,regime_comparison_01,democracy
full2,wdj_expression_lag1,76,0.7777777910232544,regime_comparison_01,democracy
full2,wdj_expression_lag1,77,0.7777777910232544,regime_comparison_01,democracy
full2,wdj_expression_lag1,82,0.920634925365448,regime_comparison_01,democracy
full2,wdj_expression_lag1,83,0.920634925365448,regime_comparison_01,democracy
full2,wdj_expression_lag1,84,0.920634925365448,regime_comparison_01,democracy
full2,wdj_expression_lag1,85,0.920634925365448,regime_comparison_01,democracy
full2,wdj_expression_lag1,86,0.920634925365448,regime_comparison_01,democracy
full2,wdj_expression_lag1,89,0.920634925365448,regime_comparison_01,democracy
full2,wdj_expression_lag1,90,0.920634925365448,regime_comparison_01,democracy
full2,wdj_expression_lag1,91,0.920634925365448,regime_comparison_01,democracy
full2,wdj_expression_lag1,92,0.920634925365448,regime_comparison_01,democracy
full2,wdj_expression_lag1,93,0.920634925365448,regime_comparison_01,democracy
full2,wdj_expression_lag1,94,0.920634925365448,regime_comparison_01,democracy
full2,wdj_expression_lag1,95,0.920634925365448,regime_comparison_01,democracy
full2,wdj_expression_lag1,96,0.920634925365448,regime_comparison_01,democracy
full2,wdj_expression_lag1,97,0.9081196784973145,regime_comparison_01,democracy
full2,wdj_expression_lag1,98,0.9081196784973145,regime_comparison_01,democracy
full2,wdj_expression_lag1,99,0.9009661674499512,regime_comparison_01,democracy
full2,wdj_expression_lag1,100,0.9050925970077515,regime_comparison_01,democracy
full2,wdj_expression_lag1,118,0.0,regime_comparison_01,democracy
full2,wdj_expression_lag1,122,0.0,regime_comparison_01,democracy
full2,wdj_expression_lag1,128,0.6296296119689941,regime_comparison_01,democracy
full2,wdj_expression_lag1,136,0.0,regime_comparison_01,democracy
full2,wdj_expression_lag1,138,0.0,regime_comparison_01,democracy
full2,wdj_expression_lag1,139,0.0,regime_comparison_01,democracy
full2,wdj_expression_lag1,140,0.0,regime_comparison_01,democracy
full2,wdj_expression_lag1,145,0.39393940567970276,regime_comparison_01,democracy
full2,wdj_expression_lag1,161,0.0,regime_comparison_01,democracy
full2,wdj_expression_lag1,162,0.0,regime_comparison_01,democracy
full2,wdj_expression_lag1,163,0.0,regime_comparison_01,democracy
full2,wdj_expression_lag1,164,0.0,regime_comparison_01,democracy
full2,wdj_expression_lag1,169,0.8518518805503845,regime_comparison_01,democracy
full2,wdj_expression_lag1,170,0.8518518805503845,regime_comparison_01,democracy
full2,wdj_expression_lag1,171,0.0,regime_comparison_01,democracy
full2,wdj_expression_lag1,172,0.0,regime_comparison_01,democracy
full2,wdj_expression_lag1,173,0.0,regime_comparison_01,democracy
full2,wdj_expression_lag1,174,0.0,regime_comparison_01,democracy
full2,wdj_expression_lag1,177,0.0,regime_comparison_01,democracy
full2,wdj_expression_lag1,183,0.7638888955116272,regime_comparison_01,democracy
full2,wdj_expression_lag1,184,0.7638888955116272,regime_comparison_01,democracy
full2,wdj_expression_lag1,186,0.8148148059844971,regime_comparison_01,democracy
full2,wdj_expression_lag1,187,0.8148148059844971,regime_comparison_01,democracy
full2,wdj_expression_lag1,193,0.0,regime_comparison_01,democracy
full2,wdj_expression_lag1,194,0.0,regime_comparison_01,democracy
full2,wdj_expression_lag1,195,0.0,regime_comparison_01,democracy
full2,wdj_expression_lag1,197,0.0,regime_comparison_01,democracy
full2,wdj_expression_lag1,200,0.0,regime_comparison_01,democracy
full2,wdj_expression_lag1,201,0.0,regime_comparison_01,democracy
full2,wdj_expression_lag1,202,0.9537037014961243,regime_comparison_01,democracy
full2,wdj_expression_lag1,204,0.9074074029922485,regime_comparison_01,democracy
full2,wdj_expression_lag1,205,0.9074074029922485,regime_comparison_01,democracy
full2,wdj_expression_lag1,221,0.0,regime_comparison_01,democracy
full2,wdj_expression_lag1,223,0.0,regime_comparison_01,democracy
full2,wdj_expression_lag1,234,0.5530864000320435,regime_comparison_01,democracy
full2,wdj_expression_lag1,236,0.5591787695884705,regime_comparison_01,democracy
full2,wdj_expression_lag1,251,0.0,regime_comparison_01,democracy
full2,wdj_expression_lag1,252,0.0,regime_comparison_01,democracy
full2,wdj_expression_lag1,253,0.0,regime_comparison_01,democracy
full2,wdj_expression_lag1,254,0.0,regime_comparison_01,democracy
full2,wdj_expression_lag1,255,0.0,regime_comparison_01,democracy
full2,wdj_expression_lag1,256,0.0,regime_comparison_01,democracy
full2,wdj_expression_lag1,257,0.0,regime_comparison_01,democracy
full2,wdj_expression_lag1,258,0.0,regime_comparison_01,democracy
full2,wdj_expression_lag1,259,0.0,regime_comparison_01,democracy
full2,wdj_expression_lag1,260,0.0,regime_comparison_01,democracy
full2,wdj_expression_lag1,261,0.0,regime_comparison_01,democracy
full2,wdj_expression_lag1,262,0.0,regime_comparison_01,democracy
full2,wdj_expression_lag1,263,0.0,regime_comparison_01,democracy
full2,wdj_expression_lag1,264,0.0,regime_comparison_01,democracy
full2,wdj_expression_lag1,265,0.0,regime_comparison_01,democracy
full2,wdj_expression_lag1,266,0.0,regime_comparison_01,democracy
full2,wdj_expression_lag1,267,0.0,regime_comparison_01,democracy
full2,wdj_expression_lag1,268,0.0,regime_comparison_01,democracy
full2,wdj_expression_lag1,269,0.0,regime_comparison_01,democracy
full2,wdj_expression_lag1,270,0.0,regime_comparison_01,democracy
full2,wdj_expression_lag1,271,0.0,regime_comparison_01,democracy
full2,wdj_expression_lag1,272,0.0,regime_comparison_01,democracy
full2,wdj_expression_lag1,273,0.4027777910232544,regime_comparison_01,democracy
full2,wdj_expression_lag1,274,0.4027777910232544,regime_comparison_01,democracy
full2,wdj_expression_lag1,275,0.4027777910232544,regime_comparison_01,democracy
full2,wdj_expression_lag1,278,0.0,regime_comparison_01,democracy
full2,wdj_expression_lag1,280,0.0,regime_comparison_01,democracy
full2,wdj_expression_lag1,323,0.0,regime_comparison_01,democracy
full2,wdj_expression_lag1,324,0.0,regime_comparison_01,democracy
full2,wdj_expression_lag1,325,0.0,regime_comparison_01,democracy
full2,wdj_expression_lag1,326,0.0,regime_comparison_01,democracy
full2,wdj_expression_lag1,327,0.0,regime_comparison_01,democracy
full2,wdj_expression_lag1,328,0.0,regime_comparison_01,democracy
full2,wdj_expression_lag1,329,0.0,regime_comparison_01,democracy
full2,wdj_expression_lag1,330,0.0,regime_comparison_01,democracy
full2,wdj_expression_lag1,331,0.0,regime_comparison_01,democracy
full2,wdj_expression_lag1,332,0.0,regime_comparison_01,democracy
full2,wdj_expression_lag1,333,0.0,regime_comparison_01,democracy
full2,wdj_expression_lag1,334,0.0,regime_comparison_01,democracy
full2,wdj_expression_lag1,335,0.0,regime_comparison_01,democracy
full2,wdj_expression_lag1,336,0.0,regime_comparison_01,democracy
full2,wdj_expression_lag1,337,0.0,regime_comparison_01,democracy
full2,wdj_expression_lag1,338,0.0,regime_comparison_01,democracy
full2,wdj_expression_lag1,339,0.0,regime_comparison_01,democracy
full2,wdj_expression_lag1,340,0.0,regime_comparison_01,democracy
full2,wdj_expression_lag1,341,0.0,regime_comparison_01,democracy
full2,wdj_expression_lag1,342,0.0,regime_comparison_01,democracy
full2,wdj_expression_lag1,343,0.0,regime_comparison_01,democracy
full2,wdj_expression_lag1,344,0.0,regime_comparison_01,democracy
full2,wdj_expression_lag1,345,0.0,regime_comparison_01,democracy
full2,wdj_expression_lag1,346,0.0,regime_comparison_01,democracy
full2,wdj_expression_lag1,347,0.0,regime_comparison_01,democracy
full2,wdj_expression_lag1,348,0.0,regime_comparison_01,democracy
full2,wdj_expression_lag1,349,0.0,regime_comparison_01,democracy
full2,wdj_expression_lag1,350,0.0,regime_comparison_01,democracy
full2,wdj_expression_lag1,351,0.0,regime_comparison_01,democracy
full2,wdj_expression_lag1,352,0.0,regime_comparison_01,democracy
full2,wdj_expression_lag1,353,0.0,regime_comparison_01,democracy
full2,wdj_expression_lag1,354,0.0,regime_comparison_01,democracy
full2,wdj_expression_lag1,355,0.0,regime_comparison_01,democracy
full2,wdj_expression_lag1,356,-0.6666666865348816,regime_comparison_01,democracy
full2,wdj_expression_lag1,357,-0.6666666865348816,regime_comparison_01,democracy
full2,wdj_expression_lag1,358,0.0,regime_comparison_01,democracy
full2,wdj_expression_lag1,359,0.0,regime_comparison_01,democracy
full2,wdj_expression_lag1,360,0.0,regime_comparison_01,democracy
full2,wdj_expression_lag1,361,0.0,regime_comparison_01,democracy
full2,wdj_expression_lag1,362,0.0,regime_comparison_01,democracy
full2,wdj_expression_lag1,363,0.0,regime_comparison_01,democracy
full2,wdj_expression_lag1,364,0.0,regime_comparison_01,democracy
full2,wdj_expression_lag1,365,0.0,regime_comparison_01,democracy
full2,wdj_expression_lag1,366,0.0,regime_comparison_01,democracy
full2,wdj_expression_lag1,367,0.0,regime_comparison_01,democracy
full2,wdj_expression_lag1,368,0.0,regime_comparison_01,democracy
full2,wdj_expression_lag1,369,0.0,regime_comparison_01,democracy
full2,wdj_expression_lag1,370,0.0,regime_comparison_01,democracy
full2,wdj_expression_lag1,371,0.0,regime_comparison_01,democracy
full2,wdj_expression_lag1,372,0.0,regime_comparison_01,democracy
full2,wdj_expression_lag1,373,0.0,regime_comparison_01,democracy
full2,wdj_expression_lag1,374,1.0,regime_comparison_01,democracy
full2,wdj_expression_lag1,375,1.0,regime_comparison_01,democracy
full2,wdj_expression_lag1,376,1.0,regime_comparison_01,democracy
full2,wdj_expression_lag1,377,1.0,regime_comparison_01,democracy
full2,wdj_expression_lag1,378,1.0,regime_comparison_01,democracy
full2,wdj_expression_lag1,379,1.0,regime_comparison_01,democracy
full2,wdj_expression_lag1,382,1.0,regime_comparison_01,democracy
full2,wdj_expression_lag1,383,0.0,regime_comparison_01,democracy
full2,wdj_expression_lag1,384,0.7460317611694336,regime_comparison_01,democracy
full2,wdj_expression_lag1,385,0.7460317611694336,regime_comparison_01,democracy
full2,wdj_expression_lag1,386,0.7460317611694336,regime_comparison_01,democracy
full2,wdj_expression_lag1,400,-0.2222222238779068,regime_comparison_01,democracy
full2,wdj_expression_lag1,414,0.0,regime_comparison_01,democracy
full2,wdj_expression_lag1,415,0.0,regime_comparison_01,democracy
full2,wdj_expression_lag1,416,0.0,regime_comparison_01,democracy
full2,wdj_expression_lag1,417,0.0,regime_comparison_01,democracy
full2,wdj_expression_lag1,418,0.0,regime_comparison_01,democracy
full2,wdj_expression_lag1,419,0.0,regime_comparison_01,democracy
full2,wdj_expression_lag1,420,0.0,regime_comparison_01,democracy
full2,wdj_expression_lag1,421,0.0,regime_comparison_01,democracy
full2,wdj_expression_lag1,422,0.0,regime_comparison_01,democracy
full2,wdj_expression_lag1,423,0.0,regime_comparison_01,democracy
full2,wdj_expression_lag1,424,0.0,regime_comparison_01,democracy
full2,wdj_expression_lag1,425,0.9444444179534912,regime_comparison_01,democracy
full2,wdj_expression_lag1,426,0.9444444179534912,regime_comparison_01,democracy
full2,wdj_expression_lag1,427,0.9444444179534912,regime_comparison_01,democracy
full2,wdj_expression_lag1,428,1.0,regime_comparison_01,democracy
full2,wdj_expression_lag1,434,0.0,regime_comparison_01,democracy
full2,wdj_expression_lag1,435,0.0,regime_comparison_01,democracy
full2,wdj_expression_lag1,436,0.0,regime_comparison_01,democracy
full2,wdj_expression_lag1,437,0.0,regime_comparison_01,democracy
full2,wdj_expression_lag1,438,0.0,regime_comparison_01,democracy
full2,wdj_expression_lag1,439,0.0,regime_comparison_01,democracy
full2,wdj_expression_lag1,440,0.0,regime_comparison_01,democracy
full2,wdj_expression_lag1,441,0.0,regime_comparison_01,democracy
full2,wdj_expression_lag1,442,0.0,regime_comparison_01,democracy
full2,wdj_expression_lag1,443,0.0,regime_comparison_01,democracy
full2,wdj_expression_lag1,444,0.0,regime_comparison_01,democracy
full2,wdj_expression_lag1,445,0.0,regime_comparison_01,democracy
full2,wdj_expression_lag1,446,0.0,regime_comparison_01,democracy
full2,wdj_expression_lag1,447,0.0,regime_comparison_01,democracy
full2,wdj_expression_lag1,448,0.0,regime_comparison_01,democracy
full2,wdj_expression_lag1,449,0.0,regime_comparison_01,democracy
full2,wdj_expression_lag1,450,0.0,regime_comparison_01,democracy
full2,wdj_expression_lag1,451,0.0,regime_comparison_01,democracy
full2,wdj_expression_lag1,452,0.0,regime_comparison_01,democracy
full2,wdj_expression_lag1,453,0.0,regime_comparison_01,democracy
full2,wdj_expression_lag1,454,0.0,regime_comparison_01,democracy
full2,wdj_expression_lag1,455,0.0,regime_comparison_01,democracy
full2,wdj_expression_lag1,456,0.0,regime_comparison_01,democracy
full2,wdj_expression_lag1,457,0.0,regime_comparison_01,democracy
full2,wdj_expression_lag1,458,0.0,regime_comparison_01,democracy
full2,wdj_expression_lag1,459,0.0,regime_comparison_01,democracy
full2,wdj_expression_lag1,460,0.0,regime_comparison_01,democracy
full2,wdj_expression_lag1,461,0.0,regime_comparison_01,democracy
full2,wdj_expression_lag1,462,0.0,regime_comparison_01,democracy
full2,wdj_expression_lag1,463,0.0,regime_comparison_01,democracy
full2,wdj_expression_lag1,464,0.0,regime_comparison_01,democracy
full2,wdj_expression_lag1,465,0.0,regime_comparison_01,democracy
full2,wdj_expression_lag1,466,0.0,regime_comparison_01,democracy
full2,wdj_expression_lag1,467,0.7777777910232544,regime_comparison_01,democracy
full2,wdj_expression_lag1,468,0.7777777910232544,regime_comparison_01,democracy
full2,wdj_expression_lag1,469,0.7777777910232544,regime_comparison_01,democracy
full2,wdj_expression_lag1,470,0.7777777910232544,regime_comparison_01,democracy
full2,wdj_expression_lag1,471,0.7777777910232544,regime_comparison_01,democracy
full2,wdj_expression_lag1,472,0.7777777910232544,regime_comparison_01,democracy
full2,wdj_expression_lag1,473,0.7777777910232544,regime_comparison_01,democracy
full2,wdj_expression_lag1,474,0.920634925365448,regime_comparison_01,democracy
full2,wdj_expression_lag1,475,0.920634925365448,regime_comparison_01,democracy
full2,wdj_expression_lag1,478,0.920634925365448,regime_comparison_01,democracy
full2,wdj_expression_lag1,480,0.920634925365448,regime_comparison_01,democracy
full2,wdj_expression_lag1,481,0.920634925365448,regime_comparison_01,democracy
full2,wdj_expression_lag1,482,0.920634925365448,regime_comparison_01,democracy
full2,wdj_expression_lag1,483,0.920634925365448,regime_comparison_01,democracy
full2,wdj_expression_lag1,484,0.920634925365448,regime_comparison_01,democracy
full2,wdj_expression_lag1,485,0.920634925365448,regime_comparison_01,democracy
full2,wdj_expression_lag1,486,0.920634925365448,regime_comparison_01,democracy
full2,wdj_expression_lag1,487,0.920634925365448,regime_comparison_01,democracy
full2,wdj_expression_lag1,488,0.920634925365448,regime_comparison_01,democracy
full2,wdj_expression_lag1,489,0.920634925365448,regime_comparison_01,democracy
full2,wdj_expression_lag1,491,0.920634925365448,regime_comparison_01,democracy
full2,wdj_expression_lag1,492,0.920634925365448,regime_comparison_01,democracy
full2,wdj_expression_lag1,493,0.920634925365448,regime_comparison_01,democracy
full2,wdj_expression_lag1,494,0.9081196784973145,regime_comparison_01,democracy
full2,wdj_expression_lag1,495,0.9009661674499512,regime_comparison_01,democracy
full2,wdj_expression_lag1,502,0.0,regime_comparison_01,democracy
full2,wdj_expression_lag1,504,0.0,regime_comparison_01,democracy
full2,wdj_expression_lag1,505,0.0,regime_comparison_01,democracy
full2,wdj_expression_lag1,507,0.0,regime_comparison_01,democracy
full2,wdj_expression_lag1,509,0.0,regime_comparison_01,democracy
full2,wdj_expression_lag1,511,0.0,regime_comparison_01,democracy
full2,wdj_expression_lag1,512,0.0,regime_comparison_01,democracy
full2,wdj_expression_lag1,514,0.0,regime_comparison_01,democracy
full2,wdj_expression_lag1,516,0.0,regime_comparison_01,democracy
full2,wdj_expression_lag1,518,0.0,regime_comparison_01,democracy
full2,wdj_expression_lag1,519,0.0,regime_comparison_01,democracy
full2,wdj_expression_lag1,521,0.6296296119689941,regime_comparison_01,democracy
full2,wdj_expression_lag1,525,0.6296296119689941,regime_comparison_01,democracy
full2,wdj_expression_lag1,526,0.6296296119689941,regime_comparison_01,democracy
full2,wdj_expression_lag1,527,0.6296296119689941,regime_comparison_01,democracy
full2,wdj_expression_lag1,529,0.6296296119689941,regime_comparison_01,democracy
full2,wdj_expression_lag1,543,0.39393940567970276,regime_comparison_01,democracy
full2,wdj_expression_lag1,546,0.39393940567970276,regime_comparison_01,democracy
full2,wdj_expression_lag1,567,0.0,regime_comparison_01,democracy
full2,wdj_expression_lag1,568,0.0,regime_comparison_01,democracy
full2,wdj_expression_lag1,574,0.0,regime_comparison_01,democracy
full2,wdj_expression_lag1,580,0.7638888955116272,regime_comparison_01,democracy
full2,wdj_expression_lag1,596,0.0,regime_comparison_01,democracy
full2,wdj_expression_lag1,597,0.0,regime_comparison_01,democracy
full2,wdj_expression_lag1,598,0.0,regime_comparison_01,democracy
full2,wdj_expression_lag1,599,0.9537037014961243,regime_comparison_01,democracy
full2,wdj_expression_lag1,600,0.9074074029922485,regime_comparison_01,democracy
full2,wdj_expression_lag1,601,0.9074074029922485,regime_comparison_01,democracy
full2,wdj_expression_lag1,615,0.0,regime_comparison_01,democracy
full2,wdj_expression_lag1,616,0.0,regime_comparison_01,democracy
full2,wdj_expression_lag1,620,0.5591787695884705,regime_comparison_01,democracy
full2,wdj_expression_lag1,621,0.44907405972480774,regime_comparison_01,democracy
full2,wdj_expression_lag1,623,0.44907405972480774,regime_comparison_01,democracy
full2,wdj_expression_lag1,631,0.0,regime_comparison_01,democracy
full2,wdj_expression_lag1,632,0.0,regime_comparison_01,democracy
full2,wdj_expression_lag1,633,0.0,regime_comparison_01,democracy
full2,wdj_expression_lag1,634,0.0,regime_comparison_01,democracy
full2,wdj_expression_lag1,635,0.0,regime_comparison_01,democracy
full2,wdj_expression_lag1,636,0.0,regime_comparison_01,democracy
full2,wdj_expression_lag1,637,0.0,regime_comparison_01,democracy
full2,wdj_expression_lag1,638,0.0,regime_comparison_01,democracy
full2,wdj_expression_lag1,639,0.0,regime_comparison_01,democracy
full2,wdj_expression_lag1,640,0.0,regime_comparison_01,democracy
full2,wdj_expression_lag1,641,0.0,regime_comparison_01,democracy
full2,wdj_expression_lag1,642,0.0,regime_comparison_01,democracy
full2,wdj_expression_lag1,643,0.0,regime_comparison_01,democracy
full2,wdj_expression_lag1,644,0.0,regime_comparison_01,democracy
full2,wdj_expression_lag1,645,0.0,regime_comparison_01,democracy
full2,wdj_expression_lag1,646,0.0,regime_comparison_01,democracy
full2,wdj_expression_lag1,647,0.0,regime_comparison_01,democracy
full2,wdj_expression_lag1,648,0.0,regime_comparison_01,democracy
full2,wdj_expression_lag1,649,0.0,regime_comparison_01,democracy
full2,wdj_expression_lag1,650,0.0,regime_comparison_01,democracy
full2,wdj_expression_lag1,651,0.0,regime_comparison_01,democracy
full2,wdj_expression_lag1,652,0.0,regime_comparison_01,democracy
full2,wdj_expression_lag1,653,0.0,regime_comparison_01,democracy
full2,wdj_expression_lag1,654,0.0,regime_comparison_01,democracy
full2,wdj_expression_lag1,655,0.0,regime_comparison_01,democracy
full2,wdj_expression_lag1,656,0.0,regime_comparison_01,democracy
full2,wdj_expression_lag1,657,0.0,regime_comparison_01,democracy
full2,wdj_expression_lag1,658,0.0,regime_comparison_01,democracy
full2,wdj_expression_lag1,659,0.0,regime_comparison_01,democracy
full2,wdj_expression_lag1,660,0.0,regime_comparison_01,democracy
full2,wdj_expression_lag1,661,0.0,regime_comparison_01,democracy
full2,wdj_expression_lag1,662,0.0,regime_comparison_01,democracy
full2,wdj_expression_lag1,663,0.0,regime_comparison_01,democracy
full2,wdj_expression_lag1,664,0.0,regime_comparison_01,democracy
full2,wdj_expression_lag1,665,0.0,regime_comparison_01,democracy
full2,wdj_expression_lag1,666,0.4027777910232544,regime_comparison_01,democracy
full2,wdj_expression_lag1,667,0.4027777910232544,regime_comparison_01,democracy
full2,wdj_expression_lag1,669,0.4027777910232544,regime_comparison_01,democracy
full2,wdj_expression_lag1,670,0.4027777910232544,regime_comparison_01,democracy
full2,wdj_expression_lag1,671,0.4027777910232544,regime_comparison_01,democracy
full2,wdj_expression_lag1,672,0.4027777910232544,regime_comparison_01,democracy
full2,wdj_expression_lag1,673,0.4027777910232544,regime_comparison_01,democracy
full2,wdj_expression_lag1,674,0.4027777910232544,regime_comparison_01,democracy
full2,wdj_expression_lag1,675,0.4027777910232544,regime_comparison_01,democracy
full2,wdj_expression_lag1,676,0.4027777910232544,regime_comparison_01,democracy
full2,wdj_expression_lag1,677,0.4027777910232544,regime_comparison_01,democracy
full2,wdj_expression_lag1,755,0.0,regime_comparison_01,democracy
full2,wdj_expression_lag1,756,0.0,regime_comparison_01,democracy
full2,wdj_expression_lag1,757,0.0,regime_comparison_01,democracy
full2,wdj_expression_lag1,758,0.0,regime_comparison_01,democracy
full2,wdj_expression_lag1,759,0.0,regime_comparison_01,democracy
full2,wdj_expression_lag1,760,0.0,regime_comparison_01,democracy
full2,wdj_expression_lag1,761,0.0,regime_comparison_01,democracy
full2,wdj_expression_lag1,762,0.0,regime_comparison_01,democracy
full2,wdj_expression_lag1,763,0.0,regime_comparison_01,democracy
full2,wdj_expression_lag1,764,0.0,regime_comparison_01,democracy
full2,wdj_expression_lag1,765,0.0,regime_comparison_01,democracy
full2,wdj_expression_lag1,766,0.0,regime_comparison_01,democracy
full2,wdj_expression_lag1,767,0.0,regime_comparison_01,democracy
full2,wdj_expression_lag1,768,0.0,regime_comparison_01,democracy
full2,wdj_expression_lag1,769,0.0,regime_comparison_01,democracy
full2,wdj_expression_lag1,770,0.0,regime_comparison_01,democracy
full2,wdj_expression_lag1,771,-0.6666666865348816,regime_comparison_01,democracy
full2,wdj_expression_lag1,772,0.0,regime_comparison_01,democracy
full2,wdj_expression_lag1,773,0.0,regime_comparison_01,democracy
full2,wdj_expression_lag1,774,0.0,regime_comparison_01,democracy
full2,wdj_expression_lag1,775,0.0,regime_comparison_01,democracy
full2,wdj_expression_lag1,776,0.0,regime_comparison_01,democracy
full2,wdj_expression_lag1,777,0.0,regime_comparison_01,democracy
full2,wdj_expression_lag1,778,0.0,regime_comparison_01,democracy
full2,wdj_expression_lag1,779,0.0,regime_comparison_01,democracy
full2,wdj_expression_lag1,780,0.0,regime_comparison_01,democracy
full2,wdj_expression_lag1,781,0.0,regime_comparison_01,democracy
full2,wdj_expression_lag1,782,0.0,regime_comparison_01,democracy
full2,wdj_expression_lag1,783,0.0,regime_comparison_01,democracy
full2,wdj_expression_lag1,784,0.0,regime_comparison_01,democracy
full2,wdj_expression_lag1,785,0.0,regime_comparison_01,democracy
full2,wdj_expression_lag1,786,0.0,regime_comparison_01,democracy
full2,wdj_expression_lag1,787,0.0,regime_comparison_01,democracy
full2,wdj_expression_lag1,788,0.0,regime_comparison_01,democracy
full2,wdj_expression_lag1,789,0.0,regime_comparison_01,democracy
full2,wdj_expression_lag1,790,0.0,regime_comparison_01,democracy
full2,wdj_expression_lag1,791,0.0,regime_comparison_01,democracy
full2,wdj_expression_lag1,792,0.0,regime_comparison_01,democracy
full2,wdj_expression_lag1,793,0.0,regime_comparison_01,democracy
full2,wdj_expression_lag1,794,0.0,regime_comparison_01,democracy
full2,wdj_expression_lag1,795,0.0,regime_comparison_01,democracy
full2,wdj_expression_lag1,796,0.0,regime_comparison_01,democracy
full2,wdj_expression_lag1,797,0.0,regime_comparison_01,democracy
full2,wdj_expression_lag1,798,0.0,regime_comparison_01,democracy
full2,wdj_expression_lag1,799,0.0,regime_comparison_01,democracy
full2,wdj_expression_lag1,800,0.0,regime_comparison_01,democracy
full2,wdj_expression_lag1,801,0.0,regime_comparison_01,democracy
full2,wdj_expression_lag1,802,0.0,regime_comparison_01,democracy
full2,wdj_expression_lag1,803,0.0,regime_comparison_01,democracy
full2,wdj_expression_lag1,804,0.0,regime_comparison_01,democracy
full2,wdj_expression_lag1,805,0.0,regime_comparison_01,democracy
full2,wdj_expression_lag1,806,0.0,regime_comparison_01,democracy
full2,wdj_expression_lag1,807,0.0,regime_comparison_01,democracy
full2,wdj_expression_lag1,808,0.0,regime_comparison_01,democracy
full2,wdj_expression_lag1,809,0.0,regime_comparison_01,democracy
full2,wdj_expression_lag1,810,0.0,regime_comparison_01,democracy
full2,wdj_expression_lag1,811,0.0,regime_comparison_01,democracy
full2,wdj_expression_lag1,812,0.0,regime_comparison_01,democracy
full2,wdj_expression_lag1,813,0.0,regime_comparison_01,democracy
full2,wdj_expression_lag1,814,0.0,regime_comparison_01,democracy
full2,wdj_expression_lag1,815,0.0,regime_comparison_01,democracy
full2,wdj_expression_lag1,816,0.0,regime_comparison_01,democracy
full2,wdj_expression_lag1,817,0.0,regime_comparison_01,democracy
full2,wdj_expression_lag1,818,0.0,regime_comparison_01,democracy
full2,wdj_expression_lag1,819,0.0,regime_comparison_01,democracy
full2,wdj_expression_lag1,820,0.0,regime_comparison_01,democracy
full2,wdj_expression_lag1,821,0.0,regime_comparison_01,democracy
full2,wdj_expression_lag1,822,0.0,regime_comparison_01,democracy
full2,wdj_expression_lag1,823,0.0,regime_comparison_01,democracy
full2,wdj_expression_lag1,824,0.0,regime_comparison_01,democracy
full2,wdj_expression_lag1,825,0.0,regime_comparison_01,democracy
full2,wdj_expression_lag1,826,0.0,regime_comparison_01,democracy
full2,wdj_expression_lag1,827,0.0,regime_comparison_01,democracy
full2,wdj_expression_lag1,828,0.0,regime_comparison_01,democracy
full2,wdj_expression_lag1,829,0.0,regime_comparison_01,democracy
full2,wdj_expression_lag1,830,0.0,regime_comparison_01,democracy
full2,wdj_expression_lag1,831,0.0,regime_comparison_01,democracy
full2,wdj_expression_lag1,832,0.0,regime_comparison_01,democracy
full2,wdj_expression_lag1,833,0.0,regime_comparison_01,democracy
full2,wdj_expression_lag1,834,0.0,regime_comparison_01,democracy
full2,wdj_expression_lag1,835,0.0,regime_comparison_01,democracy
full2,wdj_expression_lag1,836,0.0,regime_comparison_01,democracy
full2,wdj_expression_lag1,837,0.0,regime_comparison_01,democracy
full2,wdj_expression_lag1,838,0.0,regime_comparison_01,democracy
full2,wdj_expression_lag1,839,0.0,regime_comparison_01,democracy
full2,wdj_expression_lag1,840,0.0,regime_comparison_01,democracy
full2,wdj_expression_lag1,841,0.0,regime_comparison_01,democracy
full2,wdj_expression_lag1,842,0.0,regime_comparison_01,democracy
full2,wdj_expression_lag1,843,0.0,regime_comparison_01,democracy
full2,wdj_expression_lag1,844,0.0,regime_comparison_01,democracy
full2,wdj_expression_lag1,845,0.0,regime_comparison_01,democracy
full2,wdj_expression_lag1,846,0.0,regime_comparison_01,democracy
full2,wdj_expression_lag1,847,0.0,regime_comparison_01,democracy
full2,wdj_expression_lag1,848,0.0,regime_comparison_01,democracy
full2,wdj_expression_lag1,849,0.0,regime_comparison_01,democracy
full2,wdj_expression_lag1,850,0.0,regime_comparison_01,democracy
full2,wdj_expression_lag1,851,0.0,regime_comparison_01,democracy
full2,wdj_expression_lag1,852,0.0,regime_comparison_01,democracy
full2,wdj_expression_lag1,853,0.0,regime_comparison_01,democracy
full2,wdj_expression_lag1,854,0.0,regime_comparison_01,democracy
full2,wdj_expression_lag1,855,0.0,regime_comparison_01,democracy
full2,wdj_expression_lag1,856,0.0,regime_comparison_01,democracy
full2,wdj_expression_lag1,857,0.0,regime_comparison_01,democracy
full2,wdj_expression_lag1,858,0.0,regime_comparison_01,democracy
full2,wdj_expression_lag1,859,0.0,regime_comparison_01,democracy
full2,wdj_expression_lag1,860,0.0,regime_comparison_01,democracy
full2,wdj_expression_lag1,861,0.0,regime_comparison_01,democracy
full2,wdj_expression_lag1,862,0.0,regime_comparison_01,democracy
full2,wdj_expression_lag1,863,0.0,regime_comparison_01,democracy
full2,wdj_expression_lag1,864,0.0,regime_comparison_01,democracy
full2,wdj_expression_lag1,865,0.0,regime_comparison_01,democracy
full2,wdj_expression_lag1,866,0.0,regime_comparison_01,democracy
full2,wdj_expression_lag1,867,0.0,regime_comparison_01,democracy
full2,wdj_expression_lag1,868,0.0,regime_comparison_01,democracy
full2,wdj_expression_lag1,869,0.0,regime_comparison_01,democracy
full2,wdj_expression_lag1,870,0.0,regime_comparison_01,democracy
full2,wdj_expression_lag1,871,0.0,regime_comparison_01,democracy
full2,wdj_expression_lag1,872,1.0,regime_comparison_01,democracy
full2,wdj_expression_lag1,873,1.0,regime_comparison_01,democracy
full2,wdj_expression_lag1,874,1.0,regime_comparison_01,democracy
full2,wdj_expression_lag1,875,1.0,regime_comparison_01,democracy
full2,wdj_expression_lag1,876,1.0,regime_comparison_01,democracy
full2,wdj_expression_lag1,877,1.0,regime_comparison_01,democracy
full2,wdj_expression_lag1,878,1.0,regime_comparison_01,democracy
full2,wdj_expression_lag1,879,1.0,regime_comparison_01,democracy
full2,wdj_expression_lag1,880,1.0,regime_comparison_01,democracy
full2,wdj_expression_lag1,881,1.0,regime_comparison_01,democracy
full2,wdj_expression_lag1,882,1.0,regime_comparison_01,democracy
full2,wdj_expression_lag1,883,1.0,regime_comparison_01,democracy
full2,wdj_expression_lag1,884,1.0,regime_comparison_01,democracy
full2,wdj_expression_lag1,885,1.0,regime_comparison_01,democracy
full2,wdj_expression_lag1,886,1.0,regime_comparison_01,democracy
full2,wdj_expression_lag1,887,1.0,regime_comparison_01,democracy
full2,wdj_expression_lag1,888,1.0,regime_comparison_01,democracy
full2,wdj_expression_lag1,889,1.0,regime_comparison_01,democracy
full2,wdj_expression_lag1,890,1.0,regime_comparison_01,democracy
full2,wdj_expression_lag1,891,1.0,regime_comparison_01,democracy
full2,wdj_expression_lag1,892,1.0,regime_comparison_01,democracy
full2,wdj_expression_lag1,893,1.0,regime_comparison_01,democracy
full2,wdj_expression_lag1,894,1.0,regime_comparison_01,democracy
full2,wdj_expression_lag1,895,1.0,regime_comparison_01,democracy
full2,wdj_expression_lag1,896,1.0,regime_comparison_01,democracy
full2,wdj_expression_lag1,897,1.0,regime_comparison_01,democracy
full2,wdj_expression_lag1,898,1.0,regime_comparison_01,democracy
full2,wdj_expression_lag1,899,1.0,regime_comparison_01,democracy
full2,wdj_expression_lag1,900,1.0,regime_comparison_01,democracy
full2,wdj_expression_lag1,901,1.0,regime_comparison_01,democracy
full2,wdj_expression_lag1,902,1.0,regime_comparison_01,democracy
full2,wdj_expression_lag1,903,1.0,regime_comparison_01,democracy
full2,wdj_expression_lag1,904,1.0,regime_comparison_01,democracy
full2,wdj_expression_lag1,905,1.0,regime_comparison_01,democracy
full2,wdj_expression_lag1,906,1.0,regime_comparison_01,democracy
full2,wdj_expression_lag1,908,1.0,regime_comparison_01,democracy
full2,wdj_expression_lag1,909,1.0,regime_comparison_01,democracy
full2,wdj_expression_lag1,910,1.0,regime_comparison_01,democracy
full2,wdj_expression_lag1,911,1.0,regime_comparison_01,democracy
full2,wdj_expression_lag1,912,1.0,regime_comparison_01,democracy
full2,wdj_expression_lag1,913,1.0,regime_comparison_01,democracy
full2,wdj_expression_lag1,914,1.0,regime_comparison_01,democracy
full2,wdj_expression_lag1,915,1.0,regime_comparison_01,democracy
full2,wdj_expression_lag1,916,1.0,regime_comparison_01,democracy
full2,wdj_expression_lag1,917,1.0,regime_comparison_01,democracy
full2,wdj_expression_lag1,918,1.0,regime_comparison_01,democracy
full2,wdj_expression_lag1,919,1.0,regime_comparison_01,democracy
full2,wdj_expression_lag1,920,1.0,regime_comparison_01,democracy
full2,wdj_expression_lag1,921,1.0,regime_comparison_01,democracy
full2,wdj_expression_lag1,922,1.0,regime_comparison_01,democracy
full2,wdj_expression_lag1,923,1.0,regime_comparison_01,democracy
full2,wdj_expression_lag1,924,1.0,regime_comparison_01,democracy
full2,wdj_expression_lag1,925,1.0,regime_comparison_01,democracy
full2,wdj_expression_lag1,926,1.0,regime_comparison_01,democracy
full2,wdj_expression_lag1,927,1.0,regime_comparison_01,democracy
full2,wdj_expression_lag1,928,1.0,regime_comparison_01,democracy
full2,wdj_expression_lag1,929,1.0,regime_comparison_01,democracy
full2,wdj_expression_lag1,930,1.0,regime_comparison_01,democracy
full2,wdj_expression_lag1,931,1.0,regime_comparison_01,democracy
full2,wdj_expression_lag1,932,1.0,regime_comparison_01,democracy
full2,wdj_expression_lag1,933,1.0,regime_comparison_01,democracy
full2,wdj_expression_lag1,934,1.0,regime_comparison_01,democracy
full2,wdj_expression_lag1,935,1.0,regime_comparison_01,democracy
full2,wdj_expression_lag1,936,1.0,regime_comparison_01,democracy
full2,wdj_expression_lag1,937,1.0,regime_comparison_01,democracy
full2,wdj_expression_lag1,938,1.0,regime_comparison_01,democracy
full2,wdj_expression_lag1,939,1.0,regime_comparison_01,democracy
full2,wdj_expression_lag1,940,1.0,regime_comparison_01,democracy
full2,wdj_expression_lag1,941,1.0,regime_comparison_01,democracy
full2,wdj_expression_lag1,942,1.0,regime_comparison_01,democracy
full2,wdj_expression_lag1,943,1.0,regime_comparison_01,democracy
full2,wdj_expression_lag1,944,1.0,regime_comparison_01,democracy
full2,wdj_expression_lag1,945,1.0,regime_comparison_01,democracy
full2,wdj_expression_lag1,946,1.0,regime_comparison_01,democracy
full2,wdj_expression_lag1,947,1.0,regime_comparison_01,democracy
full2,wdj_expression_lag1,948,1.0,regime_comparison_01,democracy
full2,wdj_expression_lag1,949,1.0,regime_comparison_01,democracy
full2,wdj_expression_lag1,950,1.0,regime_comparison_01,democracy
full2,wdj_expression_lag1,951,1.0,regime_comparison_01,democracy
full2,wdj_expression_lag1,952,1.0,regime_comparison_01,democracy
full2,wdj_expression_lag1,953,1.0,regime_comparison_01,democracy
full2,wdj_expression_lag1,954,1.0,regime_comparison_01,democracy
full2,wdj_expression_lag1,955,1.0,regime_comparison_01,democracy
full2,wdj_expression_lag1,956,1.0,regime_comparison_01,democracy
full2,wdj_expression_lag1,957,1.0,regime_comparison_01,democracy
full2,wdj_expression_lag1,958,1.0,regime_comparison_01,democracy
full2,wdj_expression_lag1,959,1.0,regime_comparison_01,democracy
full2,wdj_expression_lag1,960,1.0,regime_comparison_01,democracy
full2,wdj_expression_lag1,961,1.0,regime_comparison_01,democracy
full2,wdj_expression_lag1,962,1.0,regime_comparison_01,democracy
full2,wdj_expression_lag1,963,1.0,regime_comparison_01,democracy
full2,wdj_expression_lag1,964,1.0,regime_comparison_01,democracy
full2,wdj_expression_lag1,965,1.0,regime_comparison_01,democracy
full2,wdj_expression_lag1,966,1.0,regime_comparison_01,democracy
full2,wdj_expression_lag1,967,1.0,regime_comparison_01,democracy
full2,wdj_expression_lag1,968,1.0,regime_comparison_01,democracy
full2,wdj_expression_lag1,969,1.0,regime_comparison_01,democracy
full2,wdj_expression_lag1,970,1.0,regime_comparison_01,democracy
full2,wdj_expression_lag1,971,1.0,regime_comparison_01,democracy
full2,wdj_expression_lag1,972,1.0,regime_comparison_01,democracy
full2,wdj_expression_lag1,973,1.0,regime_comparison_01,democracy
full2,wdj_expression_lag1,974,1.0,regime_comparison_01,democracy
full2,wdj_expression_lag1,975,1.0,regime_comparison_01,democracy
full2,wdj_expression_lag1,976,1.0,regime_comparison_01,democracy
full2,wdj_expression_lag1,977,1.0,regime_comparison_01,democracy
full2,wdj_expression_lag1,978,1.0,regime_comparison_01,democracy
full2,wdj_expression_lag1,979,1.0,regime_comparison_01,democracy
full2,wdj_expression_lag1,980,1.0,regime_comparison_01,democracy
full2,wdj_expression_lag1,981,1.0,regime_comparison_01,democracy
full2,wdj_expression_lag1,982,1.0,regime_comparison_01,democracy
full2,wdj_expression_lag1,983,1.0,regime_comparison_01,democracy
full2,wdj_expression_lag1,984,1.0,regime_comparison_01,democracy
full2,wdj_expression_lag1,985,1.0,regime_comparison_01,democracy
full2,wdj_expression_lag1,986,1.0,regime_comparison_01,democracy
full2,wdj_expression_lag1,987,1.0,regime_comparison_01,democracy
full2,wdj_expression_lag1,988,1.0,regime_comparison_01,democracy
full2,wdj_expression_lag1,989,1.0,regime_comparison_01,democracy
full2,wdj_expression_lag1,990,1.0,regime_comparison_01,democracy
full2,wdj_expression_lag1,991,1.0,regime_comparison_01,democracy
full2,wdj_expression_lag1,992,1.0,regime_comparison_01,democracy
full2,wdj_expression_lag1,993,1.0,regime_comparison_01,democracy
full2,wdj_expression_lag1,994,1.0,regime_comparison_01,democracy
full2,wdj_expression_lag1,995,1.0,regime_comparison_01,democracy
full2,wdj_expression_lag1,996,1.0,regime_comparison_01,democracy
full2,wdj_expression_lag1,997,1.0,regime_comparison_01,democracy
full2,wdj_expression_lag1,998,1.0,regime_comparison_01,democracy
full2,wdj_expression_lag1,999,1.0,regime_comparison_01,democracy
full2,wdj_expression_lag1,1000,1.0,regime_comparison_01,democracy
full2,wdj_expression_lag1,1001,1.0,regime_comparison_01,democracy
full2,wdj_expression_lag1,1002,1.0,regime_comparison_01,democracy
full2,wdj_expression_lag1,1003,1.0,regime_comparison_01,democracy
full2,wdj_expression_lag1,1004,1.0,regime_comparison_01,democracy
full2,wdj_expression_lag1,1005,1.0,regime_comparison_01,democracy
full2,wdj_expression_lag1,1006,1.0,regime_comparison_01,democracy
full2,wdj_expression_lag1,1007,1.0,regime_comparison_01,democracy
full2,wdj_expression_lag1,1009,1.0,regime_comparison_01,democracy
full2,wdj_expression_lag1,1010,1.0,regime_comparison_01,democracy
full2,wdj_expression_lag1,1011,1.0,regime_comparison_01,democracy
full2,wdj_expression_lag1,1012,1.0,regime_comparison_01,democracy
full2,wdj_expression_lag1,1014,1.0,regime_comparison_01,democracy
full2,wdj_expression_lag1,1016,1.0,regime_comparison_01,democracy
full2,wdj_expression_lag1,1017,1.0,regime_comparison_01,democracy
full2,wdj_expression_lag1,1018,1.0,regime_comparison_01,democracy
full2,wdj_expression_lag1,1019,1.0,regime_comparison_01,democracy
full2,wdj_expression_lag1,1021,1.0,regime_comparison_01,democracy
full2,wdj_expression_lag1,1022,1.0,regime_comparison_01,democracy
full2,wdj_expression_lag1,1023,1.0,regime_comparison_01,democracy
full2,wdj_expression_lag1,1024,1.0,regime_comparison_01,democracy
full2,wdj_expression_lag1,1025,1.0,regime_comparison_01,democracy
full2,wdj_expression_lag1,1026,1.0,regime_comparison_01,democracy
full2,wdj_expression_lag1,1027,1.0,regime_comparison_01,democracy
full2,wdj_expression_lag1,1028,1.0,regime_comparison_01,democracy
full2,wdj_expression_lag1,1029,1.0,regime_comparison_01,democracy
full2,wdj_expression_lag1,1031,1.0,regime_comparison_01,democracy
full2,wdj_expression_lag1,1033,1.0,regime_comparison_01,democracy
full2,wdj_expression_lag1,1036,1.0,regime_comparison_01,democracy
full2,wdj_expression_lag1,1038,1.0,regime_comparison_01,democracy
full2,wdj_expression_lag1,1039,1.0,regime_comparison_01,democracy
full2,wdj_expression_lag1,1041,1.0,regime_comparison_01,democracy
full2,wdj_expression_lag1,1043,1.0,regime_comparison_01,democracy
full2,wdj_expression_lag1,1045,1.0,regime_comparison_01,democracy
full2,wdj_expression_lag1,1049,1.0,regime_comparison_01,democracy
full2,wdj_expression_lag1,1051,1.0,regime_comparison_01,democracy
full2,wdj_expression_lag1,1052,1.0,regime_comparison_01,democracy
full2,wdj_expression_lag1,1055,1.0,regime_comparison_01,democracy
full2,wdj_expression_lag1,1056,1.0,regime_comparison_01,democracy
full2,wdj_expression_lag1,1058,1.0,regime_comparison_01,democracy
full2,wdj_expression_lag1,1059,1.0,regime_comparison_01,democracy
full2,wdj_expression_lag1,1060,0.0,regime_comparison_01,democracy
full3,court_independence_lag1,3,3.0369999408721924,regime_comparison_01,democracy
full3,court_independence_lag1,4,3.0139999389648438,regime_comparison_01,democracy
full3,court_independence_lag1,5,3.0139999389648438,regime_comparison_01,democracy
full3,court_independence_lag1,6,3.0369999408721924,regime_comparison_01,democracy
full3,court_independence_lag1,7,3.0139999389648438,regime_comparison_01,democracy
full3,court_independence_lag1,8,3.365999937057495,regime_comparison_01,democracy
full3,court_independence_lag1,9,3.0139999389648438,regime_comparison_01,democracy
full3,court_independence_lag1,10,2.5280001163482666,regime_comparison_01,democracy
full3,court_independence_lag1,11,3.2790000438690186,regime_comparison_01,democracy
full3,court_independence_lag1,12,3.0139999389648438,regime_comparison_01,democracy
full3,court_independence_lag1,13,3.0139999389648438,regime_comparison_01,democracy
full3,court_independence_lag1,14,3.0139999389648438,regime_comparison_01,democracy
full3,court_independence_lag1,15,3.2790000438690186,regime_comparison_01,democracy
full3,court_independence_lag1,16,3.0139999389648438,regime_comparison_01,democracy
full3,court_independence_lag1,17,3.0139999389648438,regime_comparison_01,democracy
full3,court_independence_lag1,19,3.0139999389648438,regime_comparison_01,democracy
full3,court_independence_lag1,33,-1.3279999494552612,regime_comparison_01,democracy
full3,court_independence_lag1,35,1.9490000009536743,regime_comparison_01,democracy
full3,court_independence_lag1,37,1.9490000009536743,regime_comparison_01,democracy
full3,court_independence_lag1,38,1.2790000438690186,regime_comparison_01,democracy
full3,court_independence_lag1,39,1.6699999570846558,regime_comparison_01,democracy
full3,court_independence_lag1,48,2.1989998817443848,regime_comparison_01,democracy
full3,court_independence_lag1,49,2.1989998817443848,regime_comparison_01,democracy
full3,court_independence_lag1,50,2.1989998817443848,regime_comparison_01,democracy
full3,court_independence_lag1,51,2.1989998817443848,regime_comparison_01,democracy
full3,court_independence_lag1,52,2.1989998817443848,regime_comparison_01,democracy
full3,court_independence_lag1,53,2.1989998817443848,regime_comparison_01,democracy
full3,court_independence_lag1,54,2.1989998817443848,regime_comparison_01,democracy
full3,court_independence_lag1,55,2.1989998817443848,regime_comparison_01,democracy
full3,court_independence_lag1,56,2.2890000343322754,regime_comparison_01,democracy
full3,court_independence_lag1,57,2.1989998817443848,regime_comparison_01,democracy
full3,court_independence_lag1,58,2.1989998817443848,regime_comparison_01,democracy
full3,court_independence_lag1,59,2.2890000343322754,regime_comparison_01,democracy
full3,court_independence_lag1,60,2.2890000343322754,regime_comparison_01,democracy
full3,court_independence_lag1,61,2.2890000343322754,regime_comparison_01,democracy
full3,court_independence_lag1,62,2.1989998817443848,regime_comparison_01,democracy
full3,court_independence_lag1,63,2.1989998817443848,regime_comparison_01,democracy
full3,court_independence_lag1,64,2.2890000343322754,regime_comparison_01,democracy
full3,court_independence_lag1,65,2.1989998817443848,regime_comparison_01,democracy
full3,court_independence_lag1,66,2.1989998817443848,regime_comparison_01,democracy
full3,court_independence_lag1,67,2.2890000343322754,regime_comparison_01,democracy
full3,court_independence_lag1,68,2.1989998817443848,regime_comparison_01,democracy
full3,court_independence_lag1,69,2.2890000343322754,regime_comparison_01,democracy
full3,court_independence_lag1,70,2.2890000343322754,regime_comparison_01,democracy
full3,court_independence_lag1,71,2.2890000343322754,regime_comparison_01,democracy
full3,court_independence_lag1,72,2.1989998817443848,regime_comparison_01,democracy
full3,court_independence_lag1,73,2.1989998817443848,regime_comparison_01,democracy
full3,court_independence_lag1,74,2.1989998817443848,regime_comparison_01,democracy
full3,court_independence_lag1,75,2.2890000343322754,regime_comparison_01,democracy
full3,court_independence_lag1,76,1.8730000257492065,regime_comparison_01,democracy
full3,court_independence_lag1,77,2.9030001163482666,regime_comparison_01,democracy
full3,court_independence_lag1,82,1.565000057220459,regime_comparison_01,democracy
full3,court_independence_lag1,83,1.565000057220459,regime_comparison_01,democracy
full3,court_independence_lag1,84,1.565000057220459,regime_comparison_01,democracy
full3,court_independence_lag1,85,2.2239999771118164,regime_comparison_01,democracy
full3,court_independence_lag1,86,1.565000057220459,regime_comparison_01,democracy
full3,court_independence_lag1,89,1.5980000495910645,regime_comparison_01,democracy
full3,court_independence_lag1,90,2.500999927520752,regime_comparison_01,democracy
full3,court_independence_lag1,91,1.5980000495910645,regime_comparison_01,democracy
full3,court_independence_lag1,92,1.5980000495910645,regime_comparison_01,democracy
full3,court_independence_lag1,93,1.5980000495910645,regime_comparison_01,democracy
full3,court_independence_lag1,94,2.2219998836517334,regime_comparison_01,democracy
full3,court_independence_lag1,95,2.5889999866485596,regime_comparison_01,democracy
full3,court_independence_lag1,96,1.5449999570846558,regime_comparison_01,democracy
full3,court_independence_lag1,97,1.0800000429153442,regime_comparison_01,democracy
full3,court_independence_lag1,98,1.0800000429153442,regime_comparison_01,democracy
full3,court_independence_lag1,99,1.0800000429153442,regime_comparison_01,democracy
full3,court_independence_lag1,100,1.0800000429153442,regime_comparison_01,democracy
full3,court_independence_lag1,118,1.7890000343322754,regime_comparison_01,democracy
full3,court_independence_lag1,122,2.1530001163482666,regime_comparison_01,democracy
full3,court_independence_lag1,128,2.1530001163482666,regime_comparison_01,democracy
full3,court_independence_lag1,136,1.7000000476837158,regime_comparison_01,democracy
full3,court_independence_lag1,138,1.7000000476837158,regime_comparison_01,democracy
full3,court_independence_lag1,139,1.7000000476837158,regime_comparison_01,democracy
full3,court_independence_lag1,140,2.1559998989105225,regime_comparison_01,democracy
full3,court_independence_lag1,145,-0.06199999898672104,regime_comparison_01,democracy
full3,court_independence_lag1,161,1.9079999923706055,regime_comparison_01,democracy
full3,court_independence_lag1,162,1.5420000553131104,regime_comparison_01,democracy
full3,court_independence_lag1,163,1.5420000553131104,regime_comparison_01,democracy
full3,court_independence_lag1,164,1.5420000553131104,regime_comparison_01,democracy
full3,court_independence_lag1,169,1.4019999504089355,regime_comparison_01,democracy
full3,court_independence_lag1,170,1.9670000076293945,regime_comparison_01,democracy
full3,court_independence_lag1,171,1.0850000381469727,regime_comparison_01,democracy
full3,court_independence_lag1,172,1.0850000381469727,regime_comparison_01,democracy
full3,court_independence_lag1,173,1.0850000381469727,regime_comparison_01,democracy
full3,court_independence_lag1,174,1.090000033378601,regime_comparison_01,democracy
full3,court_independence_lag1,177,1.003000020980835,regime_comparison_01,democracy
full3,court_independence_lag1,183,0.6869999766349792,regime_comparison_01,democracy
full3,court_independence_lag1,184,0.9039999842643738,regime_comparison_01,democracy
full3,court_independence_lag1,186,0.9039999842643738,regime_comparison_01,democracy
full3,court_independence_lag1,187,0.6959999799728394,regime_comparison_01,democracy
full3,court_independence_lag1,193,1.8739999532699585,regime_comparison_01,democracy
full3,court_independence_lag1,194,1.5549999475479126,regime_comparison_01,democracy
full3,court_independence_lag1,195,1.406000018119812,regime_comparison_01,democracy
full3,court_independence_lag1,197,1.2569999694824219,regime_comparison_01,democracy
full3,court_independence_lag1,200,0.5860000252723694,regime_comparison_01,democracy
full3,court_independence_lag1,201,0.5860000252723694,regime_comparison_01,democracy
full3,court_independence_lag1,202,0.6769999861717224,regime_comparison_01,democracy
full3,court_independence_lag1,204,0.8790000081062317,regime_comparison_01,democracy
full3,court_independence_lag1,205,0.8790000081062317,regime_comparison_01,democracy
full3,court_independence_lag1,221,0.4740000069141388,regime_comparison_01,democracy
full3,court_independence_lag1,223,0.9399999976158142,regime_comparison_01,democracy
full3,court_independence_lag1,234,1.7209999561309814,regime_comparison_01,democracy
full3,court_independence_lag1,236,1.7920000553131104,regime_comparison_01,democracy
full3,court_independence_lag1,251,0.6909999847412109,regime_comparison_01,democracy
full3,court_independence_lag1,252,0.9089999794960022,regime_comparison_01,democracy
full3,court_independence_lag1,253,0.9089999794960022,regime_comparison_01,democracy
full3,court_independence_lag1,254,1.3919999599456787,regime_comparison_01,democracy
full3,court_independence_lag1,255,1.3919999599456787,regime_comparison_01,democracy
full3,court_independence_lag1,256,1.3919999599456787,regime_comparison_01,democracy
full3,court_independence_lag1,257,1.3919999599456787,regime_comparison_01,democracy
full3,court_independence_lag1,258,1.3919999599456787,regime_comparison_01,democracy
full3,court_independence_lag1,259,0.9089999794960022,regime_comparison_01,democracy
full3,court_independence_lag1,260,1.2799999713897705,regime_comparison_01,democracy
full3,court_independence_lag1,261,1.3919999599456787,regime_comparison_01,democracy
full3,court_independence_lag1,262,1.2799999713897705,regime_comparison_01,democracy
full3,court_independence_lag1,263,1.3919999599456787,regime_comparison_01,democracy
full3,court_independence_lag1,264,1.3919999599456787,regime_comparison_01,democracy
full3,court_independence_lag1,265,1.3919999599456787,regime_comparison_01,democracy
full3,court_independence_lag1,266,1.49399995803833,regime_comparison_01,democracy
full3,court_independence_lag1,267,1.5540000200271606,regime_comparison_01,democracy
full3,court_independence_lag1,268,1.49399995803833,regime_comparison_01,democracy
full3,court_independence_lag1,269,1.5540000200271606,regime_comparison_01,democracy
full3,court_independence_lag1,270,1.49399995803833,regime_comparison_01,democracy
full3,court_independence_lag1,271,1.49399995803833,regime_comparison_01,democracy
full3,court_independence_lag1,272,1.3769999742507935,regime_comparison_01,democracy
full3,court_independence_lag1,273,1.86899995803833,regime_comparison_01,democracy
full3,court_independence_lag1,274,1.86899995803833,regime_comparison_01,democracy
full3,court_independence_lag1,275,2.0309998989105225,regime_comparison_01,democracy
full3,court_independence_lag1,278,1.9539999961853027,regime_comparison_01,democracy
full3,court_independence_lag1,280,1.4490000009536743,regime_comparison_01,democracy
full3,court_independence_lag1,323,1.8530000448226929,regime_comparison_01,democracy
full3,court_independence_lag1,324,1.3359999656677246,regime_comparison_01,democracy
full3,court_independence_lag1,325,1.5740000009536743,regime_comparison_01,democracy
full3,court_independence_lag1,326,1.0549999475479126,regime_comparison_01,democracy
full3,court_independence_lag1,327,1.875,regime_comparison_01,democracy
full3,court_independence_lag1,328,1.875,regime_comparison_01,democracy
full3,court_independence_lag1,329,1.875,regime_comparison_01,democracy
full3,court_independence_lag1,330,1.875,regime_comparison_01,democracy
full3,court_independence_lag1,331,1.875,regime_comparison_01,democracy
full3,court_independence_lag1,332,1.875,regime_comparison_01,democracy
full3,court_independence_lag1,333,1.875,regime_comparison_01,democracy
full3,court_independence_lag1,334,1.875,regime_comparison_01,democracy
full3,court_independence_lag1,335,1.875,regime_comparison_01,democracy
full3,court_independence_lag1,336,2.3269999027252197,regime_comparison_01,democracy
full3,court_independence_lag1,337,2.3269999027252197,regime_comparison_01,democracy
full3,court_independence_lag1,338,2.3269999027252197,regime_comparison_01,democracy
full3,court_independence_lag1,339,2.3269999027252197,regime_comparison_01,democracy
full3,court_independence_lag1,340,2.3269999027252197,regime_comparison_01,democracy
full3,court_independence_lag1,341,2.3269999027252197,regime_comparison_01,democracy
full3,court_independence_lag1,342,1.4539999961853027,regime_comparison_01,democracy
full3,court_independence_lag1,343,2.3269999027252197,regime_comparison_01,democracy
full3,court_independence_lag1,344,1.4539999961853027,regime_comparison_01,democracy
full3,court_independence_lag1,345,2.3269999027252197,regime_comparison_01,democracy
full3,court_independence_lag1,346,2.3269999027252197,regime_comparison_01,democracy
full3,court_independence_lag1,347,2.3269999027252197,regime_comparison_01,democracy
full3,court_independence_lag1,348,2.3269999027252197,regime_comparison_01,democracy
full3,court_independence_lag1,349,2.3269999027252197,regime_comparison_01,democracy
full3,court_independence_lag1,350,2.3269999027252197,regime_comparison_01,democracy
full3,court_independence_lag1,351,1.4539999961853027,regime_comparison_01,democracy
full3,court_independence_lag1,352,2.3269999027252197,regime_comparison_01,democracy
full3,court_independence_lag1,353,1.4539999961853027,regime_comparison_01,democracy
full3,court_independence_lag1,354,2.3269999027252197,regime_comparison_01,democracy
full3,court_independence_lag1,355,1.4539999961853027,regime_comparison_01,democracy
full3,court_independence_lag1,356,1.4539999961853027,regime_comparison_01,democracy
full3,court_independence_lag1,357,2.3269999027252197,regime_comparison_01,democracy
full3,court_independence_lag1,358,1.4539999961853027,regime_comparison_01,democracy
full3,court_independence_lag1,359,2.3269999027252197,regime_comparison_01,democracy
full3,court_independence_lag1,360,2.3269999027252197,regime_comparison_01,democracy
full3,court_independence_lag1,361,2.3269999027252197,regime_comparison_01,democracy
full3,court_independence_lag1,362,2.3269999027252197,regime_comparison_01,democracy
full3,court_independence_lag1,363,2.3269999027252197,regime_comparison_01,democracy
full3,court_independence_lag1,364,1.8619999885559082,regime_comparison_01,democracy
full3,court_independence_lag1,365,1.8619999885559082,regime_comparison_01,democracy
full3,court_independence_lag1,366,2.3269999027252197,regime_comparison_01,democracy
full3,court_independence_lag1,367,2.3269999027252197,regime_comparison_01,democracy
full3,court_independence_lag1,368,2.5220000743865967,regime_comparison_01,democracy
full3,court_independence_lag1,369,2.5220000743865967,regime_comparison_01,democracy
full3,court_independence_lag1,370,2.5220000743865967,regime_comparison_01,democracy
full3,court_independence_lag1,371,2.365999937057495,regime_comparison_01,democracy
full3,court_independence_lag1,372,2.365999937057495,regime_comparison_01,democracy
full3,court_independence_lag1,373,2.365999937057495,regime_comparison_01,democracy
full3,court_independence_lag1,374,2.6449999809265137,regime_comparison_01,democracy
full3,court_independence_lag1,375,2.6449999809265137,regime_comparison_01,democracy
full3,court_independence_lag1,376,2.6449999809265137,regime_comparison_01,democracy
full3,court_independence_lag1,377,2.61899995803833,regime_comparison_01,democracy
full3,court_independence_lag1,378,2.2330000400543213,regime_comparison_01,democracy
full3,court_independence_lag1,379,2.184000015258789,regime_comparison_01,democracy
full3,court_independence_lag1,382,2.1019999980926514,regime_comparison_01,democracy
full3,court_independence_lag1,383,1.9520000219345093,regime_comparison_01,democracy
full3,court_independence_lag1,384,2.359999895095825,regime_comparison_01,democracy
full3,court_independence_lag1,385,2.069000005722046,regime_comparison_01,democracy
full3,court_independence_lag1,386,2.575000047683716,regime_comparison_01,democracy
full3,court_independence_lag1,400,0.6349999904632568,regime_comparison_01,democracy
full3,court_independence_lag1,414,3.365999937057495,regime_comparison_01,democracy
full3,court_independence_lag1,415,2.5280001163482666,regime_comparison_01,democracy
full3,court_independence_lag1,416,3.0139999389648438,regime_comparison_01,democracy
full3,court_independence_lag1,417,2.5280001163482666,regime_comparison_01,democracy
full3,court_independence_lag1,418,3.0139999389648438,regime_comparison_01,democracy
full3,court_independence_lag1,419,2.5280001163482666,regime_comparison_01,democracy
full3,court_independence_lag1,420,3.0139999389648438,regime_comparison_01,democracy
full3,court_independence_lag1,421,3.0139999389648438,regime_comparison_01,democracy
full3,court_independence_lag1,422,3.0139999389648438,regime_comparison_01,democracy
full3,court_independence_lag1,423,3.2790000438690186,regime_comparison_01,democracy
full3,court_independence_lag1,424,3.0139999389648438,regime_comparison_01,democracy
full3,court_independence_lag1,425,3.2790000438690186,regime_comparison_01,democracy
full3,court_independence_lag1,426,3.0139999389648438,regime_comparison_01,democracy
full3,court_independence_lag1,427,3.0139999389648438,regime_comparison_01,democracy
full3,court_independence_lag1,428,3.0139999389648438,regime_comparison_01,democracy
full3,court_independence_lag1,434,1.7400000095367432,regime_comparison_01,democracy
full3,court_independence_lag1,435,2.1989998817443848,regime_comparison_01,democracy
full3,court_independence_lag1,436,2.1989998817443848,regime_comparison_01,democracy
full3,court_independence_lag1,437,2.1989998817443848,regime_comparison_01,democracy
full3,court_independence_lag1,438,2.2890000343322754,regime_comparison_01,democracy
full3,court_independence_lag1,439,2.1989998817443848,regime_comparison_01,democracy
full3,court_independence_lag1,440,2.1989998817443848,regime_comparison_01,democracy
full3,court_independence_lag1,441,2.2890000343322754,regime_comparison_01,democracy
full3,court_independence_lag1,442,2.1989998817443848,regime_comparison_01,democracy
full3,court_independence_lag1,443,2.1989998817443848,regime_comparison_01,democracy
full3,court_independence_lag1,444,2.1989998817443848,regime_comparison_01,democracy
full3,court_independence_lag1,445,2.1989998817443848,regime_comparison_01,democracy
full3,court_independence_lag1,446,2.1989998817443848,regime_comparison_01,democracy
full3,court_independence_lag1,447,2.1989998817443848,regime_comparison_01,democracy
full3,court_independence_lag1,448,2.2890000343322754,regime_comparison_01,democracy
full3,court_independence_lag1,449,2.1989998817443848,regime_comparison_01,democracy
full3,court_independence_lag1,450,2.1989998817443848,regime_comparison_01,democracy
full3,court_independence_lag1,451,2.2890000343322754,regime_comparison_01,democracy
full3,court_independence_lag1,452,2.2890000343322754,regime_comparison_01,democracy
full3,court_independence_lag1,453,2.2890000343322754,regime_comparison_01,democracy
full3,court_independence_lag1,454,2.2890000343322754,regime_comparison_01,democracy
full3,court_independence_lag1,455,2.2890000343322754,regime_comparison_01,democracy
full3,court_independence_lag1,456,2.1989998817443848,regime_comparison_01,democracy
full3,court_independence_lag1,457,2.2890000343322754,regime_comparison_01,democracy
full3,court_independence_lag1,458,2.2890000343322754,regime_comparison_01,democracy
full3,court_independence_lag1,459,2.2890000343322754,regime_comparison_01,democracy
full3,court_independence_lag1,460,2.1989998817443848,regime_comparison_01,democracy
full3,court_independence_lag1,461,2.1989998817443848,regime_comparison_01,democracy
full3,court_independence_lag1,462,2.1989998817443848,regime_comparison_01,democracy
full3,court_independence_lag1,463,2.2890000343322754,regime_comparison_01,democracy
full3,court_independence_lag1,464,2.2890000343322754,regime_comparison_01,democracy
full3,court_independence_lag1,465,2.1989998817443848,regime_comparison_01,democracy
full3,court_independence_lag1,466,2.2890000343322754,regime_comparison_01,democracy
full3,court_independence_lag1,467,2.1989998817443848,regime_comparison_01,democracy
full3,court_independence_lag1,468,2.2890000343322754,regime_comparison_01,democracy
full3,court_independence_lag1,469,2.2890000343322754,regime_comparison_01,democracy
full3,court_independence_lag1,470,2.2890000343322754,regime_comparison_01,democracy
full3,court_independence_lag1,471,2.2890000343322754,regime_comparison_01,democracy
full3,court_independence_lag1,472,1.6480000019073486,regime_comparison_01,democracy
full3,court_independence_lag1,473,1.6480000019073486,regime_comparison_01,democracy
full3,court_independence_lag1,474,1.565000057220459,regime_comparison_01,democracy
full3,court_independence_lag1,475,1.5980000495910645,regime_comparison_01,democracy
full3,court_independence_lag1,478,1.5980000495910645,regime_comparison_01,democracy
full3,court_independence_lag1,480,1.222000002861023,regime_comparison_01,democracy
full3,court_independence_lag1,481,1.222000002861023,regime_comparison_01,democracy
full3,court_independence_lag1,482,1.222000002861023,regime_comparison_01,democracy
full3,court_independence_lag1,483,2.2219998836517334,regime_comparison_01,democracy
full3,court_independence_lag1,484,2.2219998836517334,regime_comparison_01,democracy
full3,court_independence_lag1,485,1.5980000495910645,regime_comparison_01,democracy
full3,court_independence_lag1,486,2.2219998836517334,regime_comparison_01,democracy
full3,court_independence_lag1,487,2.2219998836517334,regime_comparison_01,democracy
full3,court_independence_lag1,488,2.2219998836517334,regime_comparison_01,democracy
full3,court_independence_lag1,489,2.2219998836517334,regime_comparison_01,democracy
full3,court_independence_lag1,491,1.7200000286102295,regime_comparison_01,democracy
full3,court_independence_lag1,492,2.5889999866485596,regime_comparison_01,democracy
full3,court_independence_lag1,493,2.5889999866485596,regime_comparison_01,democracy
full3,court_independence_lag1,494,1.0800000429153442,regime_comparison_01,democracy
full3,court_independence_lag1,495,1.0800000429153442,regime_comparison_01,democracy
full3,court_independence_lag1,502,2.1530001163482666,regime_comparison_01,democracy
full3,court_independence_lag1,504,2.1530001163482666,regime_comparison_01,democracy
full3,court_independence_lag1,505,2.1530001163482666,regime_comparison_01,democracy
full3,court_independence_lag1,507,2.1530001163482666,regime_comparison_01,democracy
full3,court_independence_lag1,509,2.1530001163482666,regime_comparison_01,democracy
full3,court_independence_lag1,511,2.1530001163482666,regime_comparison_01,democracy
full3,court_independence_lag1,512,1.7890000343322754,regime_comparison_01,democracy
full3,court_independence_lag1,514,1.7890000343322754,regime_comparison_01,democracy
full3,court_independence_lag1,516,2.1530001163482666,regime_comparison_01,democracy
full3,court_independence_lag1,518,1.7890000343322754,regime_comparison_01,democracy
full3,court_independence_lag1,519,1.7890000343322754,regime_comparison_01,democracy
full3,court_independence_lag1,521,2.1530001163482666,regime_comparison_01,democracy
full3,court_independence_lag1,525,2.1530001163482666,regime_comparison_01,democracy
full3,court_independence_lag1,526,2.1530001163482666,regime_comparison_01,democracy
full3,court_independence_lag1,527,2.1530001163482666,regime_comparison_01,democracy
full3,court_independence_lag1,529,2.1530001163482666,regime_comparison_01,democracy
full3,court_independence_lag1,543,-0.06199999898672104,regime_comparison_01,democracy
full3,court_independence_lag1,546,-0.06199999898672104,regime_comparison_01,democracy
full3,court_independence_lag1,567,1.5420000553131104,regime_comparison_01,democracy
full3,court_independence_lag1,568,1.5420000553131104,regime_comparison_01,democracy
full3,court_independence_lag1,574,1.3370000123977661,regime_comparison_01,democracy
full3,court_independence_lag1,580,0.6869999766349792,regime_comparison_01,democracy
full3,court_independence_lag1,596,0.5860000252723694,regime_comparison_01,democracy
full3,court_independence_lag1,597,0.5860000252723694,regime_comparison_01,democracy
full3,court_independence_lag1,598,0.5860000252723694,regime_comparison_01,democracy
full3,court_independence_lag1,599,0.6769999861717224,regime_comparison_01,democracy
full3,court_independence_lag1,600,0.8790000081062317,regime_comparison_01,democracy
full3,court_independence_lag1,601,0.8790000081062317,regime_comparison_01,democracy
full3,court_independence_lag1,615,0.9399999976158142,regime_comparison_01,democracy
full3,court_independence_lag1,616,0.597000002861023,regime_comparison_01,democracy
full3,court_independence_lag1,620,-0.2930000126361847,regime_comparison_01,democracy
full3,court_independence_lag1,621,0.9629999995231628,regime_comparison_01,democracy
full3,court_independence_lag1,623,-0.43299999833106995,regime_comparison_01,democracy
full3,court_independence_lag1,631,0.9089999794960022,regime_comparison_01,democracy
full3,court_independence_lag1,632,1.3919999599456787,regime_comparison_01,democracy
full3,court_independence_lag1,633,1.3919999599456787,regime_comparison_01,democracy
full3,court_independence_lag1,634,0.9089999794960022,regime_comparison_01,democracy
full3,court_independence_lag1,635,0.9089999794960022,regime_comparison_01,democracy
full3,court_independence_lag1,636,1.3919999599456787,regime_comparison_01,democracy
full3,court_independence_lag1,637,1.3919999599456787,regime_comparison_01,democracy
full3,court_independence_lag1,638,1.2799999713897705,regime_comparison_01,democracy
full3,court_independence_lag1,639,1.3919999599456787,regime_comparison_01,democracy
full3,court_independence_lag1,640,1.3919999599456787,regime_comparison_01,democracy
full3,court_independence_lag1,641,1.2799999713897705,regime_comparison_01,democracy
full3,court_independence_lag1,642,1.2799999713897705,regime_comparison_01,democracy
full3,court_independence_lag1,643,1.2799999713897705,regime_comparison_01,democracy
full3,court_independence_lag1,644,1.2799999713897705,regime_comparison_01,democracy
full3,court_independence_lag1,645,1.49399995803833,regime_comparison_01,democracy
full3,court_independence_lag1,646,1.49399995803833,regime_comparison_01,democracy
full3,court_independence_lag1,647,1.49399995803833,regime_comparison_01,democracy
full3,court_independence_lag1,648,1.49399995803833,regime_comparison_01,democracy
full3,court_independence_lag1,649,1.49399995803833,regime_comparison_01,democracy
full3,court_independence_lag1,650,1.5540000200271606,regime_comparison_01,democracy
full3,court_independence_lag1,651,1.5540000200271606,regime_comparison_01,democracy
full3,court_independence_lag1,652,1.5540000200271606,regime_comparison_01,democracy
full3,court_independence_lag1,653,1.49399995803833,regime_comparison_01,democracy
full3,court_independence_lag1,654,1.49399995803833,regime_comparison_01,democracy
full3,court_independence_lag1,655,1.5540000200271606,regime_comparison_01,democracy
full3,court_independence_lag1,656,1.5540000200271606,regime_comparison_01,democracy
full3,court_independence_lag1,657,1.49399995803833,regime_comparison_01,democracy
full3,court_independence_lag1,658,1.49399995803833,regime_comparison_01,democracy
full3,court_independence_lag1,659,1.49399995803833,regime_comparison_01,democracy
full3,court_independence_lag1,660,1.86899995803833,regime_comparison_01,democracy
full3,court_independence_lag1,661,1.3769999742507935,regime_comparison_01,democracy
full3,court_independence_lag1,662,1.86899995803833,regime_comparison_01,democracy
full3,court_independence_lag1,663,1.86899995803833,regime_comparison_01,democracy
full3,court_independence_lag1,664,1.3769999742507935,regime_comparison_01,democracy
full3,court_independence_lag1,665,1.3769999742507935,regime_comparison_01,democracy
full3,court_independence_lag1,666,1.3769999742507935,regime_comparison_01,democracy
full3,court_independence_lag1,667,1.86899995803833,regime_comparison_01,democracy
full3,court_independence_lag1,669,1.3769999742507935,regime_comparison_01,democracy
full3,court_independence_lag1,670,1.3769999742507935,regime_comparison_01,democracy
full3,court_independence_lag1,671,1.3769999742507935,regime_comparison_01,democracy
full3,court_independence_lag1,672,1.3769999742507935,regime_comparison_01,democracy
full3,court_independence_lag1,673,1.86899995803833,regime_comparison_01,democracy
full3,court_independence_lag1,674,1.86899995803833,regime_comparison_01,democracy
full3,court_independence_lag1,675,2.0309998989105225,regime_comparison_01,democracy
full3,court_independence_lag1,676,2.0309998989105225,regime_comparison_01,democracy
full3,court_independence_lag1,677,2.0309998989105225,regime_comparison_01,democracy
full3,court_independence_lag1,755,1.3359999656677246,regime_comparison_01,democracy
full3,court_independence_lag1,756,1.875,regime_comparison_01,democracy
full3,court_independence_lag1,757,1.875,regime_comparison_01,democracy
full3,court_independence_lag1,758,2.3269999027252197,regime_comparison_01,democracy
full3,court_independence_lag1,759,2.3269999027252197,regime_comparison_01,democracy
full3,court_independence_lag1,760,2.3269999027252197,regime_comparison_01,democracy
full3,court_independence_lag1,761,2.3269999027252197,regime_comparison_01,democracy
full3,court_independence_lag1,762,2.3269999027252197,regime_comparison_01,democracy
full3,court_independence_lag1,763,2.3269999027252197,regime_comparison_01,democracy
full3,court_independence_lag1,764,2.3269999027252197,regime_comparison_01,democracy
full3,court_independence_lag1,765,2.3269999027252197,regime_comparison_01,democracy
full3,court_independence_lag1,766,2.3269999027252197,regime_comparison_01,democracy
full3,court_independence_lag1,767,2.3269999027252197,regime_comparison_01,democracy
full3,court_independence_lag1,768,2.3269999027252197,regime_comparison_01,democracy
full3,court_independence_lag1,769,2.3269999027252197,regime_comparison_01,democracy
full3,court_independence_lag1,770,1.4539999961853027,regime_comparison_01,democracy
full3,court_independence_lag1,771,2.3269999027252197,regime_comparison_01,democracy
full3,court_independence_lag1,772,2.3269999027252197,regime_comparison_01,democracy
full3,court_independence_lag1,773,2.3269999027252197,regime_comparison_01,democracy
full3,court_independence_lag1,774,1.8619999885559082,regime_comparison_01,democracy
full3,court_independence_lag1,775,1.8619999885559082,regime_comparison_01,democracy
full3,court_independence_lag1,776,2.3269999027252197,regime_comparison_01,democracy
full3,court_independence_lag1,777,2.5220000743865967,regime_comparison_01,democracy
full3,court_independence_lag1,778,2.002000093460083,regime_comparison_01,democracy
full3,court_independence_lag1,779,2.5220000743865967,regime_comparison_01,democracy
full3,court_independence_lag1,780,2.002000093460083,regime_comparison_01,democracy
full3,court_independence_lag1,781,2.002000093460083,regime_comparison_01,democracy
full3,court_independence_lag1,782,2.002000093460083,regime_comparison_01,democracy
full3,court_independence_lag1,783,2.5220000743865967,regime_comparison_01,democracy
full3,court_independence_lag1,784,2.365999937057495,regime_comparison_01,democracy
full3,court_independence_lag1,785,2.365999937057495,regime_comparison_01,democracy
full3,court_independence_lag1,786,2.365999937057495,regime_comparison_01,democracy
full3,court_independence_lag1,787,2.365999937057495,regime_comparison_01,democracy
full3,court_independence_lag1,788,2.365999937057495,regime_comparison_01,democracy
full3,court_independence_lag1,789,2.365999937057495,regime_comparison_01,democracy
full3,court_independence_lag1,790,2.365999937057495,regime_comparison_01,democracy
full3,court_independence_lag1,791,2.365999937057495,regime_comparison_01,democracy
full3,court_independence_lag1,792,2.634000062942505,regime_comparison_01,democracy
full3,court_independence_lag1,793,2.365999937057495,regime_comparison_01,democracy
full3,court_independence_lag1,794,2.365999937057495,regime_comparison_01,democracy
full3,court_independence_lag1,795,2.365999937057495,regime_comparison_01,democracy
full3,court_independence_lag1,796,2.365999937057495,regime_comparison_01,democracy
full3,court_independence_lag1,797,2.365999937057495,regime_comparison_01,democracy
full3,court_independence_lag1,798,2.365999937057495,regime_comparison_01,democracy
full3,court_independence_lag1,799,2.365999937057495,regime_comparison_01,democracy
full3,court_independence_lag1,800,2.365999937057495,regime_comparison_01,democracy
full3,court_independence_lag1,801,2.365999937057495,regime_comparison_01,democracy
full3,court_independence_lag1,802,2.634000062942505,regime_comparison_01,democracy
full3,court_independence_lag1,803,2.365999937057495,regime_comparison_01,democracy
full3,court_independence_lag1,804,2.634000062942505,regime_comparison_01,democracy
full3,court_independence_lag1,805,2.365999937057495,regime_comparison_01,democracy
full3,court_independence_lag1,806,2.365999937057495,regime_comparison_01,democracy
full3,court_independence_lag1,807,2.634000062942505,regime_comparison_01,democracy
full3,court_independence_lag1,808,2.365999937057495,regime_comparison_01,democracy
full3,court_independence_lag1,809,2.365999937057495,regime_comparison_01,democracy
full3,court_independence_lag1,810,2.365999937057495,regime_comparison_01,democracy
full3,court_independence_lag1,811,2.365999937057495,regime_comparison_01,democracy
full3,court_independence_lag1,812,2.365999937057495,regime_comparison_01,democracy
full3,court_independence_lag1,813,2.365999937057495,regime_comparison_01,democracy
full3,court_independence_lag1,814,2.365999937057495,regime_comparison_01,democracy
full3,court_independence_lag1,815,2.365999937057495,regime_comparison_01,democracy
full3,court_independence_lag1,816,2.365999937057495,regime_comparison_01,democracy
full3,court_independence_lag1,817,2.634000062942505,regime_comparison_01,democracy
full3,court_independence_lag1,818,2.365999937057495,regime_comparison_01,democracy
full3,court_independence_lag1,819,2.365999937057495,regime_comparison_01,democracy
full3,court_independence_lag1,820,2.365999937057495,regime_comparison_01,democracy
full3,court_independence_lag1,821,2.365999937057495,regime_comparison_01,democracy
full3,court_independence_lag1,822,2.365999937057495,regime_comparison_01,democracy
full3,court_independence_lag1,823,2.365999937057495,regime_comparison_01,democracy
full3,court_independence_lag1,824,2.365999937057495,regime_comparison_01,democracy
full3,court_independence_lag1,825,2.365999937057495,regime_comparison_01,democracy
full3,court_independence_lag1,826,2.365999937057495,regime_comparison_01,democracy
full3,court_independence_lag1,827,2.365999937057495,regime_comparison_01,democracy
full3,court_independence_lag1,828,2.365999937057495,regime_comparison_01,democracy
full3,court_independence_lag1,829,2.365999937057495,regime_comparison_01,democracy
full3,court_independence_lag1,830,2.365999937057495,regime_comparison_01,democracy
full3,court_independence_lag1,831,2.365999937057495,regime_comparison_01,democracy
full3,court_independence_lag1,832,2.365999937057495,regime_comparison_01,democracy
full3,court_independence_lag1,833,2.365999937057495,regime_comparison_01,democracy
full3,court_independence_lag1,834,2.634000062942505,regime_comparison_01,democracy
full3,court_independence_lag1,835,2.365999937057495,regime_comparison_01,democracy
full3,court_independence_lag1,836,2.634000062942505,regime_comparison_01,democracy
full3,court_independence_lag1,837,2.365999937057495,regime_comparison_01,democracy
full3,court_independence_lag1,838,2.634000062942505,regime_comparison_01,democracy
full3,court_independence_lag1,839,2.365999937057495,regime_comparison_01,democracy
full3,court_independence_lag1,840,2.365999937057495,regime_comparison_01,democracy
full3,court_independence_lag1,841,2.365999937057495,regime_comparison_01,democracy
full3,court_independence_lag1,842,2.365999937057495,regime_comparison_01,democracy
full3,court_independence_lag1,843,2.365999937057495,regime_comparison_01,democracy
full3,court_independence_lag1,844,2.634000062942505,regime_comparison_01,democracy
full3,court_independence_lag1,845,2.365999937057495,regime_comparison_01,democracy
full3,court_independence_lag1,846,2.365999937057495,regime_comparison_01,democracy
full3,court_independence_lag1,847,2.365999937057495,regime_comparison_01,democracy
full3,court_independence_lag1,848,2.365999937057495,regime_comparison_01,democracy
full3,court_independence_lag1,849,2.634000062942505,regime_comparison_01,democracy
full3,court_independence_lag1,850,2.365999937057495,regime_comparison_01,democracy
full3,court_independence_lag1,851,2.365999937057495,regime_comparison_01,democracy
full3,court_independence_lag1,852,2.365999937057495,regime_comparison_01,democracy
full3,court_independence_lag1,853,2.365999937057495,regime_comparison_01,democracy
full3,court_independence_lag1,854,2.365999937057495,regime_comparison_01,democracy
full3,court_independence_lag1,855,2.365999937057495,regime_comparison_01,democracy
full3,court_independence_lag1,856,2.365999937057495,regime_comparison_01,democracy
full3,court_independence_lag1,857,2.365999937057495,regime_comparison_01,democracy
full3,court_independence_lag1,858,2.365999937057495,regime_comparison_01,democracy
full3,court_independence_lag1,859,2.365999937057495,regime_comparison_01,democracy
full3,court_independence_lag1,860,2.365999937057495,regime_comparison_01,democracy
full3,court_independence_lag1,861,2.365999937057495,regime_comparison_01,democracy
full3,court_independence_lag1,862,2.365999937057495,regime_comparison_01,democracy
full3,court_independence_lag1,863,2.634000062942505,regime_comparison_01,democracy
full3,court_independence_lag1,864,2.365999937057495,regime_comparison_01,democracy
full3,court_independence_lag1,865,2.365999937057495,regime_comparison_01,democracy
full3,court_independence_lag1,866,2.365999937057495,regime_comparison_01,democracy
full3,court_independence_lag1,867,2.365999937057495,regime_comparison_01,democracy
full3,court_independence_lag1,868,2.365999937057495,regime_comparison_01,democracy
full3,court_independence_lag1,869,2.365999937057495,regime_comparison_01,democracy
full3,court_independence_lag1,870,2.365999937057495,regime_comparison_01,democracy
full3,court_independence_lag1,871,2.365999937057495,regime_comparison_01,democracy
full3,court_independence_lag1,872,2.6449999809265137,regime_comparison_01,democracy
full3,court_independence_lag1,873,2.6449999809265137,regime_comparison_01,democracy
full3,court_independence_lag1,874,2.6449999809265137,regime_comparison_01,democracy
full3,court_independence_lag1,875,2.6449999809265137,regime_comparison_01,democracy
full3,court_independence_lag1,876,2.6449999809265137,regime_comparison_01,democracy
full3,court_independence_lag1,877,2.6449999809265137,regime_comparison_01,democracy
full3,court_independence_lag1,878,2.6449999809265137,regime_comparison_01,democracy
full3,court_independence_lag1,879,2.634000062942505,regime_comparison_01,democracy
full3,court_independence_lag1,880,2.6449999809265137,regime_comparison_01,democracy
full3,court_independence_lag1,881,2.634000062942505,regime_comparison_01,democracy
full3,court_independence_lag1,882,2.6449999809265137,regime_comparison_01,democracy
full3,court_independence_lag1,883,2.6449999809265137,regime_comparison_01,democracy
full3,court_independence_lag1,884,2.6449999809265137,regime_comparison_01,democracy
full3,court_independence_lag1,885,2.6449999809265137,regime_comparison_01,democracy
full3,court_independence_lag1,886,2.6449999809265137,regime_comparison_01,democracy
full3,court_independence_lag1,887,2.6449999809265137,regime_comparison_01,democracy
full3,court_independence_lag1,888,2.6449999809265137,regime_comparison_01,democracy
full3,court_independence_lag1,889,2.634000062942505,regime_comparison_01,democracy
full3,court_independence_lag1,890,2.6449999809265137,regime_comparison_01,democracy
full3,court_independence_lag1,891,2.6449999809265137,regime_comparison_01,democracy
full3,court_independence_lag1,892,2.6449999809265137,regime_comparison_01,democracy
full3,court_independence_lag1,893,2.6449999809265137,regime_comparison_01,democracy
full3,court_independence_lag1,894,2.6449999809265137,regime_comparison_01,democracy
full3,court_independence_lag1,895,2.6449999809265137,regime_comparison_01,democracy
full3,court_independence_lag1,896,2.6449999809265137,regime_comparison_01,democracy
full3,court_independence_lag1,897,2.5829999446868896,regime_comparison_01,democracy
full3,court_independence_lag1,898,2.6449999809265137,regime_comparison_01,democracy
full3,court_independence_lag1,899,2.6449999809265137,regime_comparison_01,democracy
full3,court_independence_lag1,900,2.6449999809265137,regime_comparison_01,democracy
full3,court_independence_lag1,901,2.5829999446868896,regime_comparison_01,democracy
full3,court_independence_lag1,902,2.5829999446868896,regime_comparison_01,democracy
full3,court_independence_lag1,903,2.6449999809265137,regime_comparison_01,democracy
full3,court_independence_lag1,904,2.6449999809265137,regime_comparison_01,democracy
full3,court_independence_lag1,905,2.5829999446868896,regime_comparison_01,democracy
full3,court_independence_lag1,906,2.5829999446868896,regime_comparison_01,democracy
full3,court_independence_lag1,908,2.6449999809265137,regime_comparison_01,democracy
full3,court_independence_lag1,909,2.6449999809265137,regime_comparison_01,democracy
full3,court_independence_lag1,910,2.6449999809265137,regime_comparison_01,democracy
full3,court_independence_lag1,911,2.5829999446868896,regime_comparison_01,democracy
full3,court_independence_lag1,912,2.6449999809265137,regime_comparison_01,democracy
full3,court_independence_lag1,913,2.6449999809265137,regime_comparison_01,democracy
full3,court_independence_lag1,914,2.6449999809265137,regime_comparison_01,democracy
full3,court_independence_lag1,915,2.6449999809265137,regime_comparison_01,democracy
full3,court_independence_lag1,916,2.6449999809265137,regime_comparison_01,democracy
full3,court_independence_lag1,917,2.5829999446868896,regime_comparison_01,democracy
full3,court_independence_lag1,918,2.6449999809265137,regime_comparison_01,democracy
full3,court_independence_lag1,919,2.5829999446868896,regime_comparison_01,democracy
full3,court_independence_lag1,920,2.6449999809265137,regime_comparison_01,democracy
full3,court_independence_lag1,921,2.6449999809265137,regime_comparison_01,democracy
full3,court_independence_lag1,922,2.6449999809265137,regime_comparison_01,democracy
full3,court_independence_lag1,923,2.6449999809265137,regime_comparison_01,democracy
full3,court_independence_lag1,924,2.5829999446868896,regime_comparison_01,democracy
full3,court_independence_lag1,925,2.6449999809265137,regime_comparison_01,democracy
full3,court_independence_lag1,926,2.6449999809265137,regime_comparison_01,democracy
full3,court_independence_lag1,927,2.6449999809265137,regime_comparison_01,democracy
full3,court_independence_lag1,928,2.6449999809265137,regime_comparison_01,democracy
full3,court_independence_lag1,929,2.6449999809265137,regime_comparison_01,democracy
full3,court_independence_lag1,930,2.5829999446868896,regime_comparison_01,democracy
full3,court_independence_lag1,931,2.6449999809265137,regime_comparison_01,democracy
full3,court_independence_lag1,932,2.6449999809265137,regime_comparison_01,democracy
full3,court_independence_lag1,933,2.6449999809265137,regime_comparison_01,democracy
full3,court_independence_lag1,934,2.6449999809265137,regime_comparison_01,democracy
full3,court_independence_lag1,935,2.6449999809265137,regime_comparison_01,democracy
full3,court_independence_lag1,936,2.6449999809265137,regime_comparison_01,democracy
full3,court_independence_lag1,937,2.6449999809265137,regime_comparison_01,democracy
full3,court_independence_lag1,938,2.6449999809265137,regime_comparison_01,democracy
full3,court_independence_lag1,939,2.6449999809265137,regime_comparison_01,democracy
full3,court_independence_lag1,940,2.6449999809265137,regime_comparison_01,democracy
full3,court_independence_lag1,941,2.6449999809265137,regime_comparison_01,democracy
full3,court_independence_lag1,942,2.5829999446868896,regime_comparison_01,democracy
full3,court_independence_lag1,943,2.6449999809265137,regime_comparison_01,democracy
full3,court_independence_lag1,944,2.5829999446868896,regime_comparison_01,democracy
full3,court_independence_lag1,945,2.6449999809265137,regime_comparison_01,democracy
full3,court_independence_lag1,946,2.6449999809265137,regime_comparison_01,democracy
full3,court_independence_lag1,947,2.61899995803833,regime_comparison_01,democracy
full3,court_independence_lag1,948,2.61899995803833,regime_comparison_01,democracy
full3,court_independence_lag1,949,2.61899995803833,regime_comparison_01,democracy
full3,court_independence_lag1,950,2.61899995803833,regime_comparison_01,democracy
full3,court_independence_lag1,951,2.61899995803833,regime_comparison_01,democracy
full3,court_independence_lag1,952,2.61899995803833,regime_comparison_01,democracy
full3,court_independence_lag1,953,2.61899995803833,regime_comparison_01,democracy
full3,court_independence_lag1,954,2.61899995803833,regime_comparison_01,democracy
full3,court_independence_lag1,955,2.61899995803833,regime_comparison_01,democracy
full3,court_independence_lag1,956,2.61899995803833,regime_comparison_01,democracy
full3,court_independence_lag1,957,2.61899995803833,regime_comparison_01,democracy
full3,court_independence_lag1,958,2.61899995803833,regime_comparison_01,democracy
full3,court_independence_lag1,959,2.61899995803833,regime_comparison_01,democracy
full3,court_independence_lag1,960,2.61899995803833,regime_comparison_01,democracy
full3,court_independence_lag1,961,2.61899995803833,regime_comparison_01,democracy
full3,court_independence_lag1,962,2.61899995803833,regime_comparison_01,democracy
full3,court_independence_lag1,963,2.61899995803833,regime_comparison_01,democracy
full3,court_independence_lag1,964,2.61899995803833,regime_comparison_01,democracy
full3,court_independence_lag1,965,2.61899995803833,regime_comparison_01,democracy
full3,court_independence_lag1,966,2.61899995803833,regime_comparison_01,democracy
full3,court_independence_lag1,967,2.5829999446868896,regime_comparison_01,democracy
full3,court_independence_lag1,968,2.61899995803833,regime_comparison_01,democracy
full3,court_independence_lag1,969,2.61899995803833,regime_comparison_01,democracy
full3,court_independence_lag1,970,2.61899995803833,regime_comparison_01,democracy
full3,court_independence_lag1,971,2.5829999446868896,regime_comparison_01,democracy
full3,court_independence_lag1,972,2.61899995803833,regime_comparison_01,democracy
full3,court_independence_lag1,973,2.61899995803833,regime_comparison_01,democracy
full3,court_independence_lag1,974,2.5829999446868896,regime_comparison_01,democracy
full3,court_independence_lag1,975,2.61899995803833,regime_comparison_01,democracy
full3,court_independence_lag1,976,2.61899995803833,regime_comparison_01,democracy
full3,court_independence_lag1,977,2.61899995803833,regime_comparison_01,democracy
full3,court_independence_lag1,978,2.5829999446868896,regime_comparison_01,democracy
full3,court_independence_lag1,979,2.61899995803833,regime_comparison_01,democracy
full3,court_independence_lag1,980,2.61899995803833,regime_comparison_01,democracy
full3,court_independence_lag1,981,2.5829999446868896,regime_comparison_01,democracy
full3,court_independence_lag1,982,2.61899995803833,regime_comparison_01,democracy
full3,court_independence_lag1,983,2.61899995803833,regime_comparison_01,democracy
full3,court_independence_lag1,984,2.61899995803833,regime_comparison_01,democracy
full3,court_independence_lag1,985,2.61899995803833,regime_comparison_01,democracy
full3,court_independence_lag1,986,2.5829999446868896,regime_comparison_01,democracy
full3,court_independence_lag1,987,2.61899995803833,regime_comparison_01,democracy
full3,court_independence_lag1,988,2.61899995803833,regime_comparison_01,democracy
full3,court_independence_lag1,989,2.61899995803833,regime_comparison_01,democracy
full3,court_independence_lag1,990,2.5829999446868896,regime_comparison_01,democracy
full3,court_independence_lag1,991,2.61899995803833,regime_comparison_01,democracy
full3,court_independence_lag1,992,2.61899995803833,regime_comparison_01,democracy
full3,court_independence_lag1,993,2.2330000400543213,regime_comparison_01,democracy
full3,court_independence_lag1,994,2.5829999446868896,regime_comparison_01,democracy
full3,court_independence_lag1,995,2.2330000400543213,regime_comparison_01,democracy
full3,court_independence_lag1,996,2.2330000400543213,regime_comparison_01,democracy
full3,court_independence_lag1,997,2.2330000400543213,regime_comparison_01,democracy
full3,court_independence_lag1,998,2.5829999446868896,regime_comparison_01,democracy
full3,court_independence_lag1,999,2.2330000400543213,regime_comparison_01,democracy
full3,court_independence_lag1,1000,2.2330000400543213,regime_comparison_01,democracy
full3,court_independence_lag1,1001,2.2330000400543213,regime_comparison_01,democracy
full3,court_independence_lag1,1002,2.2330000400543213,regime_comparison_01,democracy
full3,court_independence_lag1,1003,2.2330000400543213,regime_comparison_01,democracy
full3,court_independence_lag1,1004,2.2330000400543213,regime_comparison_01,democracy
full3,court_independence_lag1,1005,2.2330000400543213,regime_comparison_01,democracy
full3,court_independence_lag1,1006,2.2330000400543213,regime_comparison_01,democracy
full3,court_independence_lag1,1007,2.2330000400543213,regime_comparison_01,democracy
full3,court_independence_lag1,1009,2.2330000400543213,regime_comparison_01,democracy
full3,court_independence_lag1,1010,2.2330000400543213,regime_comparison_01,democracy
full3,court_independence_lag1,1011,2.2330000400543213,regime_comparison_01,democracy
full3,court_independence_lag1,1012,2.2330000400543213,regime_comparison_01,democracy
full3,court_independence_lag1,1014,2.2330000400543213,regime_comparison_01,democracy
full3,court_independence_lag1,1016,2.5829999446868896,regime_comparison_01,democracy
full3,court_independence_lag1,1017,2.5829999446868896,regime_comparison_01,democracy
full3,court_independence_lag1,1018,2.184000015258789,regime_comparison_01,democracy
full3,court_independence_lag1,1019,2.184000015258789,regime_comparison_01,democracy
full3,court_independence_lag1,1021,2.184000015258789,regime_comparison_01,democracy
full3,court_independence_lag1,1022,2.184000015258789,regime_comparison_01,democracy
full3,court_independence_lag1,1023,2.2079999446868896,regime_comparison_01,democracy
full3,court_independence_lag1,1024,2.184000015258789,regime_comparison_01,democracy
full3,court_independence_lag1,1025,2.184000015258789,regime_comparison_01,democracy
full3,court_independence_lag1,1026,2.184000015258789,regime_comparison_01,democracy
full3,court_independence_lag1,1027,2.184000015258789,regime_comparison_01,democracy
full3,court_independence_lag1,1028,2.184000015258789,regime_comparison_01,democracy
full3,court_independence_lag1,1029,2.2079999446868896,regime_comparison_01,democracy
full3,court_independence_lag1,1031,2.2079999446868896,regime_comparison_01,democracy
full3,court_independence_lag1,1033,2.184000015258789,regime_comparison_01,democracy
full3,court_independence_lag1,1036,2.184000015258789,regime_comparison_01,democracy
full3,court_independence_lag1,1038,2.2079999446868896,regime_comparison_01,democracy
full3,court_independence_lag1,1039,2.184000015258789,regime_comparison_01,democracy
full3,court_independence_lag1,1041,2.184000015258789,regime_comparison_01,democracy
full3,court_independence_lag1,1043,2.2079999446868896,regime_comparison_01,democracy
full3,court_independence_lag1,1045,2.2079999446868896,regime_comparison_01,democracy
full3,court_independence_lag1,1049,2.184000015258789,regime_comparison_01,democracy
full3,court_independence_lag1,1051,2.2079999446868896,regime_comparison_01,democracy
full3,court_independence_lag1,1052,2.2079999446868896,regime_comparison_01,democracy
full3,court_independence_lag1,1055,1.6799999475479126,regime_comparison_01,democracy
full3,court_independence_lag1,1056,2.1019999980926514,regime_comparison_01,democracy
full3,court_independence_lag1,1058,2.1019999980926514,regime_comparison_01,democracy
full3,court_independence_lag1,1059,2.1019999980926514,regime_comparison_01,democracy
full3,court_independence_lag1,1060,1.8919999599456787,regime_comparison_01,democracy
full3,v2jupurge_lag1,3,2.609999895095825,regime_comparison_01,democracy
full3,v2jupurge_lag1,4,2.609999895095825,regime_comparison_01,democracy
full3,v2jupurge_lag1,5,2.609999895095825,regime_comparison_01,democracy
full3,v2jupurge_lag1,6,2.609999895095825,regime_comparison_01,democracy
full3,v2jupurge_lag1,7,2.609999895095825,regime_comparison_01,democracy
full3,v2jupurge_lag1,8,2.609999895095825,regime_comparison_01,democracy
full3,v2jupurge_lag1,9,2.9670000076293945,regime_comparison_01,democracy
full3,v2jupurge_lag1,10,2.359999895095825,regime_comparison_01,democracy
full3,v2jupurge_lag1,11,2.8989999294281006,regime_comparison_01,democracy
full3,v2jupurge_lag1,12,2.8989999294281006,regime_comparison_01,democracy
full3,v2jupurge_lag1,13,2.8989999294281006,regime_comparison_01,democracy
full3,v2jupurge_lag1,14,2.2950000762939453,regime_comparison_01,democracy
full3,v2jupurge_lag1,15,2.2950000762939453,regime_comparison_01,democracy
full3,v2jupurge_lag1,16,2.7130000591278076,regime_comparison_01,democracy
full3,v2jupurge_lag1,17,2.7130000591278076,regime_comparison_01,democracy
full3,v2jupurge_lag1,19,1.6480000019073486,regime_comparison_01,democracy
full3,v2jupurge_lag1,33,-1.25600004196167,regime_comparison_01,democracy
full3,v2jupurge_lag1,35,2.1070001125335693,regime_comparison_01,democracy
full3,v2jupurge_lag1,37,1.909999966621399,regime_comparison_01,democracy
full3,v2jupurge_lag1,38,1.2380000352859497,regime_comparison_01,democracy
full3,v2jupurge_lag1,39,2.1449999809265137,regime_comparison_01,democracy
full3,v2jupurge_lag1,48,1.909000039100647,regime_comparison_01,democracy
full3,v2jupurge_lag1,49,1.909000039100647,regime_comparison_01,democracy
full3,v2jupurge_lag1,50,2.0799999237060547,regime_comparison_01,democracy
full3,v2jupurge_lag1,51,2.0799999237060547,regime_comparison_01,democracy
full3,v2jupurge_lag1,52,2.0799999237060547,regime_comparison_01,democracy
full3,v2jupurge_lag1,53,2.0799999237060547,regime_comparison_01,democracy
full3,v2jupurge_lag1,54,2.0799999237060547,regime_comparison_01,democracy
full3,v2jupurge_lag1,55,2.0799999237060547,regime_comparison_01,democracy
full3,v2jupurge_lag1,56,2.0799999237060547,regime_comparison_01,democracy
full3,v2jupurge_lag1,57,2.0799999237060547,regime_comparison_01,democracy
full3,v2jupurge_lag1,58,2.0799999237060547,regime_comparison_01,democracy
full3,v2jupurge_lag1,59,2.0799999237060547,regime_comparison_01,democracy
full3,v2jupurge_lag1,60,2.0799999237060547,regime_comparison_01,democracy
full3,v2jupurge_lag1,61,1.8660000562667847,regime_comparison_01,democracy
full3,v2jupurge_lag1,62,1.8660000562667847,regime_comparison_01,democracy
full3,v2jupurge_lag1,63,1.5700000524520874,regime_comparison_01,democracy
full3,v2jupurge_lag1,64,1.875,regime_comparison_01,democracy
full3,v2jupurge_lag1,65,1.875,regime_comparison_01,democracy
full3,v2jupurge_lag1,66,1.875,regime_comparison_01,democracy
full3,v2jupurge_lag1,67,1.875,regime_comparison_01,democracy
full3,v2jupurge_lag1,68,1.875,regime_comparison_01,democracy
full3,v2jupurge_lag1,69,1.875,regime_comparison_01,democracy
full3,v2jupurge_lag1,70,1.9589999914169312,regime_comparison_01,democracy
full3,v2jupurge_lag1,71,1.9589999914169312,regime_comparison_01,democracy
full3,v2jupurge_lag1,72,1.9589999914169312,regime_comparison_01,democracy
full3,v2jupurge_lag1,73,1.9589999914169312,regime_comparison_01,democracy
full3,v2jupurge_lag1,74,1.7330000400543213,regime_comparison_01,democracy
full3,v2jupurge_lag1,75,2.4690001010894775,regime_comparison_01,democracy
full3,v2jupurge_lag1,76,1.180999994277954,regime_comparison_01,democracy
full3,v2jupurge_lag1,77,1.180999994277954,regime_comparison_01,democracy
full3,v2jupurge_lag1,82,1.1959999799728394,regime_comparison_01,democracy
full3,v2jupurge_lag1,83,1.1959999799728394,regime_comparison_01,democracy
full3,v2jupurge_lag1,84,1.1959999799728394,regime_comparison_01,democracy
full3,v2jupurge_lag1,85,1.1959999799728394,regime_comparison_01,democracy
full3,v2jupurge_lag1,86,1.1959999799728394,regime_comparison_01,democracy
full3,v2jupurge_lag1,89,1.1959999799728394,regime_comparison_01,democracy
full3,v2jupurge_lag1,90,1.1959999799728394,regime_comparison_01,democracy
full3,v2jupurge_lag1,91,1.1959999799728394,regime_comparison_01,democracy
full3,v2jupurge_lag1,92,1.1959999799728394,regime_comparison_01,democracy
full3,v2jupurge_lag1,93,1.1710000038146973,regime_comparison_01,democracy
full3,v2jupurge_lag1,94,1.1710000038146973,regime_comparison_01,democracy
full3,v2jupurge_lag1,95,1.1710000038146973,regime_comparison_01,democracy
full3,v2jupurge_lag1,96,1.1710000038146973,regime_comparison_01,democracy
full3,v2jupurge_lag1,97,0.699999988079071,regime_comparison_01,democracy
full3,v2jupurge_lag1,98,0.699999988079071,regime_comparison_01,democracy
full3,v2jupurge_lag1,99,0.699999988079071,regime_comparison_01,democracy
full3,v2jupurge_lag1,100,0.4050000011920929,regime_comparison_01,democracy
full3,v2jupurge_lag1,118,1.4110000133514404,regime_comparison_01,democracy
full3,v2jupurge_lag1,122,1.4110000133514404,regime_comparison_01,democracy
full3,v2jupurge_lag1,128,1.4110000133514404,regime_comparison_01,democracy
full3,v2jupurge_lag1,136,1.3739999532699585,regime_comparison_01,democracy
full3,v2jupurge_lag1,138,1.3739999532699585,regime_comparison_01,democracy
full3,v2jupurge_lag1,139,1.3739999532699585,regime_comparison_01,democracy
full3,v2jupurge_lag1,140,1.371999979019165,regime_comparison_01,democracy
full3,v2jupurge_lag1,145,1.3559999465942383,regime_comparison_01,democracy
full3,v2jupurge_lag1,161,0.49399998784065247,regime_comparison_01,democracy
full3,v2jupurge_lag1,162,0.7360000014305115,regime_comparison_01,democracy
full3,v2jupurge_lag1,163,0.7360000014305115,regime_comparison_01,democracy
full3,v2jupurge_lag1,164,0.7360000014305115,regime_comparison_01,democracy
full3,v2jupurge_lag1,169,1.4900000095367432,regime_comparison_01,democracy
full3,v2jupurge_lag1,170,1.1089999675750732,regime_comparison_01,democracy
full3,v2jupurge_lag1,171,1.0640000104904175,regime_comparison_01,democracy
full3,v2jupurge_lag1,172,1.0640000104904175,regime_comparison_01,democracy
full3,v2jupurge_lag1,173,1.0640000104904175,regime_comparison_01,democracy
full3,v2jupurge_lag1,174,0.8769999742507935,regime_comparison_01,democracy
full3,v2jupurge_lag1,177,1.5219999551773071,regime_comparison_01,democracy
full3,v2jupurge_lag1,183,2.0160000324249268,regime_comparison_01,democracy
full3,v2jupurge_lag1,184,2.0160000324249268,regime_comparison_01,democracy
full3,v2jupurge_lag1,186,2.0160000324249268,regime_comparison_01,democracy
full3,v2jupurge_lag1,187,2.5309998989105225,regime_comparison_01,democracy
full3,v2jupurge_lag1,193,1.5759999752044678,regime_comparison_01,democracy
full3,v2jupurge_lag1,194,1.6150000095367432,regime_comparison_01,democracy
full3,v2jupurge_lag1,195,2.075000047683716,regime_comparison_01,democracy
full3,v2jupurge_lag1,197,1.3980000019073486,regime_comparison_01,democracy
full3,v2jupurge_lag1,200,1.0789999961853027,regime_comparison_01,democracy
full3,v2jupurge_lag1,201,1.5099999904632568,regime_comparison_01,democracy
full3,v2jupurge_lag1,202,1.5549999475479126,regime_comparison_01,democracy
full3,v2jupurge_lag1,204,0.6299999952316284,regime_comparison_01,democracy
full3,v2jupurge_lag1,205,0.5669999718666077,regime_comparison_01,democracy
full3,v2jupurge_lag1,221,-0.7260000109672546,regime_comparison_01,democracy
full3,v2jupurge_lag1,223,0.30300000309944153,regime_comparison_01,democracy
full3,v2jupurge_lag1,234,0.5049999952316284,regime_comparison_01,democracy
full3,v2jupurge_lag1,236,0.20999999344348907,regime_comparison_01,democracy
full3,v2jupurge_lag1,251,0.8960000276565552,regime_comparison_01,democracy
full3,v2jupurge_lag1,252,2.490000009536743,regime_comparison_01,democracy
full3,v2jupurge_lag1,253,2.490000009536743,regime_comparison_01,democracy
full3,v2jupurge_lag1,254,2.490000009536743,regime_comparison_01,democracy
full3,v2jupurge_lag1,255,2.490000009536743,regime_comparison_01,democracy
full3,v2jupurge_lag1,256,2.490000009536743,regime_comparison_01,democracy
full3,v2jupurge_lag1,257,2.490000009536743,regime_comparison_01,democracy
full3,v2jupurge_lag1,258,2.490000009536743,regime_comparison_01,democracy
full3,v2jupurge_lag1,259,2.490000009536743,regime_comparison_01,democracy
full3,v2jupurge_lag1,260,2.490000009536743,regime_comparison_01,democracy
full3,v2jupurge_lag1,261,2.490000009536743,regime_comparison_01,democracy
full3,v2jupurge_lag1,262,2.490000009536743,regime_comparison_01,democracy
full3,v2jupurge_lag1,263,2.013000011444092,regime_comparison_01,democracy
full3,v2jupurge_lag1,264,2.013000011444092,regime_comparison_01,democracy
full3,v2jupurge_lag1,265,2.5899999141693115,regime_comparison_01,democracy
full3,v2jupurge_lag1,266,2.5899999141693115,regime_comparison_01,democracy
full3,v2jupurge_lag1,267,2.5899999141693115,regime_comparison_01,democracy
full3,v2jupurge_lag1,268,2.5899999141693115,regime_comparison_01,democracy
full3,v2jupurge_lag1,269,2.5899999141693115,regime_comparison_01,democracy
full3,v2jupurge_lag1,270,2.5899999141693115,regime_comparison_01,democracy
full3,v2jupurge_lag1,271,2.5899999141693115,regime_comparison_01,democracy
full3,v2jupurge_lag1,272,1.6610000133514404,regime_comparison_01,democracy
full3,v2jupurge_lag1,273,1.6610000133514404,regime_comparison_01,democracy
full3,v2jupurge_lag1,274,1.6610000133514404,regime_comparison_01,democracy
full3,v2jupurge_lag1,275,1.6610000133514404,regime_comparison_01,democracy
full3,v2jupurge_lag1,278,2.2950000762939453,regime_comparison_01,democracy
full3,v2jupurge_lag1,280,2.322000026702881,regime_comparison_01,democracy
full3,v2jupurge_lag1,323,1.534000039100647,regime_comparison_01,democracy
full3,v2jupurge_lag1,324,1.9919999837875366,regime_comparison_01,democracy
full3,v2jupurge_lag1,325,1.99399995803833,regime_comparison_01,democracy
full3,v2jupurge_lag1,326,1.99399995803833,regime_comparison_01,democracy
full3,v2jupurge_lag1,327,2.1760001182556152,regime_comparison_01,democracy
full3,v2jupurge_lag1,328,2.1760001182556152,regime_comparison_01,democracy
full3,v2jupurge_lag1,329,2.1760001182556152,regime_comparison_01,democracy
full3,v2jupurge_lag1,330,2.1760001182556152,regime_comparison_01,democracy
full3,v2jupurge_lag1,331,2.1760001182556152,regime_comparison_01,democracy
full3,v2jupurge_lag1,332,2.1760001182556152,regime_comparison_01,democracy
full3,v2jupurge_lag1,333,2.1760001182556152,regime_comparison_01,democracy
full3,v2jupurge_lag1,334,2.1760001182556152,regime_comparison_01,democracy
full3,v2jupurge_lag1,335,2.1760001182556152,regime_comparison_01,democracy
full3,v2jupurge_lag1,336,2.2130000591278076,regime_comparison_01,democracy
full3,v2jupurge_lag1,337,2.2130000591278076,regime_comparison_01,democracy
full3,v2jupurge_lag1,338,2.2130000591278076,regime_comparison_01,democracy
full3,v2jupurge_lag1,339,2.2130000591278076,regime_comparison_01,democracy
full3,v2jupurge_lag1,340,2.2130000591278076,regime_comparison_01,democracy
full3,v2jupurge_lag1,341,2.2130000591278076,regime_comparison_01,democracy
full3,v2jupurge_lag1,342,2.2130000591278076,regime_comparison_01,democracy
full3,v2jupurge_lag1,343,2.2130000591278076,regime_comparison_01,democracy
full3,v2jupurge_lag1,344,2.2130000591278076,regime_comparison_01,democracy
full3,v2jupurge_lag1,345,2.2130000591278076,regime_comparison_01,democracy
full3,v2jupurge_lag1,346,0.8960000276565552,regime_comparison_01,democracy
full3,v2jupurge_lag1,347,2.1480000019073486,regime_comparison_01,democracy
full3,v2jupurge_lag1,348,1.1950000524520874,regime_comparison_01,democracy
full3,v2jupurge_lag1,349,0.9169999957084656,regime_comparison_01,democracy
full3,v2jupurge_lag1,350,2.4179999828338623,regime_comparison_01,democracy
full3,v2jupurge_lag1,351,2.4179999828338623,regime_comparison_01,democracy
full3,v2jupurge_lag1,352,2.4179999828338623,regime_comparison_01,democracy
full3,v2jupurge_lag1,353,2.4179999828338623,regime_comparison_01,democracy
full3,v2jupurge_lag1,354,2.4179999828338623,regime_comparison_01,democracy
full3,v2jupurge_lag1,355,2.4179999828338623,regime_comparison_01,democracy
full3,v2jupurge_lag1,356,2.4179999828338623,regime_comparison_01,democracy
full3,v2jupurge_lag1,357,2.4179999828338623,regime_comparison_01,democracy
full3,v2jupurge_lag1,358,2.4179999828338623,regime_comparison_01,democracy
full3,v2jupurge_lag1,359,2.4179999828338623,regime_comparison_01,democracy
full3,v2jupurge_lag1,360,2.4179999828338623,regime_comparison_01,democracy
full3,v2jupurge_lag1,361,2.4179999828338623,regime_comparison_01,democracy
full3,v2jupurge_lag1,362,2.4179999828338623,regime_comparison_01,democracy
full3,v2jupurge_lag1,363,2.4179999828338623,regime_comparison_01,democracy
full3,v2jupurge_lag1,364,1.7369999885559082,regime_comparison_01,democracy
full3,v2jupurge_lag1,365,1.7369999885559082,regime_comparison_01,democracy
full3,v2jupurge_lag1,366,2.4240000247955322,regime_comparison_01,democracy
full3,v2jupurge_lag1,367,2.0490000247955322,regime_comparison_01,democracy
full3,v2jupurge_lag1,368,1.1460000276565552,regime_comparison_01,democracy
full3,v2jupurge_lag1,369,1.878999948501587,regime_comparison_01,democracy
full3,v2jupurge_lag1,370,1.878999948501587,regime_comparison_01,democracy
full3,v2jupurge_lag1,371,1.8530000448226929,regime_comparison_01,democracy
full3,v2jupurge_lag1,372,1.8530000448226929,regime_comparison_01,democracy
full3,v2jupurge_lag1,373,1.8530000448226929,regime_comparison_01,democracy
full3,v2jupurge_lag1,374,1.8530000448226929,regime_comparison_01,democracy
full3,v2jupurge_lag1,375,1.8530000448226929,regime_comparison_01,democracy
full3,v2jupurge_lag1,376,1.8530000448226929,regime_comparison_01,democracy
full3,v2jupurge_lag1,377,1.8530000448226929,regime_comparison_01,democracy
full3,v2jupurge_lag1,378,2.134999990463257,regime_comparison_01,democracy
full3,v2jupurge_lag1,379,2.134999990463257,regime_comparison_01,democracy
full3,v2jupurge_lag1,382,1.4570000171661377,regime_comparison_01,democracy
full3,v2jupurge_lag1,383,1.4539999961853027,regime_comparison_01,democracy
full3,v2jupurge_lag1,384,1.9500000476837158,regime_comparison_01,democracy
full3,v2jupurge_lag1,385,2.015000104904175,regime_comparison_01,democracy
full3,v2jupurge_lag1,386,2.1659998893737793,regime_comparison_01,democracy
full3,v2jupurge_lag1,400,1.3930000066757202,regime_comparison_01,democracy
full3,v2jupurge_lag1,414,2.609999895095825,regime_comparison_01,democracy
full3,v2jupurge_lag1,415,2.9670000076293945,regime_comparison_01,democracy
full3,v2jupurge_lag1,416,2.9670000076293945,regime_comparison_01,democracy
full3,v2jupurge_lag1,417,2.9670000076293945,regime_comparison_01,democracy
full3,v2jupurge_lag1,418,2.9670000076293945,regime_comparison_01,democracy
full3,v2jupurge_lag1,419,2.359999895095825,regime_comparison_01,democracy
full3,v2jupurge_lag1,420,2.8989999294281006,regime_comparison_01,democracy
full3,v2jupurge_lag1,421,2.8989999294281006,regime_comparison_01,democracy
full3,v2jupurge_lag1,422,2.8989999294281006,regime_comparison_01,democracy
full3,v2jupurge_lag1,423,2.8989999294281006,regime_comparison_01,democracy
full3,v2jupurge_lag1,424,2.8989999294281006,regime_comparison_01,democracy
full3,v2jupurge_lag1,425,2.8989999294281006,regime_comparison_01,democracy
full3,v2jupurge_lag1,426,2.8989999294281006,regime_comparison_01,democracy
full3,v2jupurge_lag1,427,2.8989999294281006,regime_comparison_01,democracy
full3,v2jupurge_lag1,428,2.2950000762939453,regime_comparison_01,democracy
full3,v2jupurge_lag1,434,1.909999966621399,regime_comparison_01,democracy
full3,v2jupurge_lag1,435,1.909000039100647,regime_comparison_01,democracy
full3,v2jupurge_lag1,436,2.0799999237060547,regime_comparison_01,democracy
full3,v2jupurge_lag1,437,2.0799999237060547,regime_comparison_01,democracy
full3,v2jupurge_lag1,438,2.0799999237060547,regime_comparison_01,democracy
full3,v2jupurge_lag1,439,2.0799999237060547,regime_comparison_01,democracy
full3,v2jupurge_lag1,440,2.0799999237060547,regime_comparison_01,democracy
full3,v2jupurge_lag1,441,1.8660000562667847,regime_comparison_01,democracy
full3,v2jupurge_lag1,442,1.875,regime_comparison_01,democracy
full3,v2jupurge_lag1,443,1.875,regime_comparison_01,democracy
full3,v2jupurge_lag1,444,1.875,regime_comparison_01,democracy
full3,v2jupurge_lag1,445,1.875,regime_comparison_01,democracy
full3,v2jupurge_lag1,446,1.875,regime_comparison_01,democracy
full3,v2jupurge_lag1,447,1.875,regime_comparison_01,democracy
full3,v2jupurge_lag1,448,1.875,regime_comparison_01,democracy
full3,v2jupurge_lag1,449,1.875,regime_comparison_01,democracy
full3,v2jupurge_lag1,450,1.875,regime_comparison_01,democracy
full3,v2jupurge_lag1,451,1.875,regime_comparison_01,democracy
full3,v2jupurge_lag1,452,1.875,regime_comparison_01,democracy
full3,v2jupurge_lag1,453,1.875,regime_comparison_01,democracy
full3,v2jupurge_lag1,454,1.875,regime_comparison_01,democracy
full3,v2jupurge_lag1,455,1.875,regime_comparison_01,democracy
full3,v2jupurge_lag1,456,1.875,regime_comparison_01,democracy
full3,v2jupurge_lag1,457,1.875,regime_comparison_01,democracy
full3,v2jupurge_lag1,458,1.875,regime_comparison_01,democracy
full3,v2jupurge_lag1,459,1.9589999914169312,regime_comparison_01,democracy
full3,v2jupurge_lag1,460,1.9589999914169312,regime_comparison_01,democracy
full3,v2jupurge_lag1,461,1.9589999914169312,regime_comparison_01,democracy
full3,v2jupurge_lag1,462,1.9589999914169312,regime_comparison_01,democracy
full3,v2jupurge_lag1,463,1.9589999914169312,regime_comparison_01,democracy
full3,v2jupurge_lag1,464,1.9589999914169312,regime_comparison_01,democracy
full3,v2jupurge_lag1,465,1.9589999914169312,regime_comparison_01,democracy
full3,v2jupurge_lag1,466,1.9589999914169312,regime_comparison_01,democracy
full3,v2jupurge_lag1,467,1.9589999914169312,regime_comparison_01,democracy
full3,v2jupurge_lag1,468,1.9589999914169312,regime_comparison_01,democracy
full3,v2jupurge_lag1,469,1.7330000400543213,regime_comparison_01,democracy
full3,v2jupurge_lag1,470,1.7330000400543213,regime_comparison_01,democracy
full3,v2jupurge_lag1,471,1.7330000400543213,regime_comparison_01,democracy
full3,v2jupurge_lag1,472,2.4690001010894775,regime_comparison_01,democracy
full3,v2jupurge_lag1,473,2.4690001010894775,regime_comparison_01,democracy
full3,v2jupurge_lag1,474,1.1959999799728394,regime_comparison_01,democracy
full3,v2jupurge_lag1,475,1.1959999799728394,regime_comparison_01,democracy
full3,v2jupurge_lag1,478,1.1959999799728394,regime_comparison_01,democracy
full3,v2jupurge_lag1,480,1.1710000038146973,regime_comparison_01,democracy
full3,v2jupurge_lag1,481,1.1710000038146973,regime_comparison_01,democracy
full3,v2jupurge_lag1,482,1.1710000038146973,regime_comparison_01,democracy
full3,v2jupurge_lag1,483,1.1710000038146973,regime_comparison_01,democracy
full3,v2jupurge_lag1,484,1.1710000038146973,regime_comparison_01,democracy
full3,v2jupurge_lag1,485,1.1710000038146973,regime_comparison_01,democracy
full3,v2jupurge_lag1,486,1.1710000038146973,regime_comparison_01,democracy
full3,v2jupurge_lag1,487,1.1710000038146973,regime_comparison_01,democracy
full3,v2jupurge_lag1,488,1.1710000038146973,regime_comparison_01,democracy
full3,v2jupurge_lag1,489,1.1710000038146973,regime_comparison_01,democracy
full3,v2jupurge_lag1,491,1.1710000038146973,regime_comparison_01,democracy
full3,v2jupurge_lag1,492,1.1710000038146973,regime_comparison_01,democracy
full3,v2jupurge_lag1,493,1.1710000038146973,regime_comparison_01,democracy
full3,v2jupurge_lag1,494,0.699999988079071,regime_comparison_01,democracy
full3,v2jupurge_lag1,495,0.699999988079071,regime_comparison_01,democracy
full3,v2jupurge_lag1,502,1.4110000133514404,regime_comparison_01,democracy
full3,v2jupurge_lag1,504,1.4110000133514404,regime_comparison_01,democracy
full3,v2jupurge_lag1,505,1.4110000133514404,regime_comparison_01,democracy
full3,v2jupurge_lag1,507,1.4110000133514404,regime_comparison_01,democracy
full3,v2jupurge_lag1,509,1.4110000133514404,regime_comparison_01,democracy
full3,v2jupurge_lag1,511,1.4110000133514404,regime_comparison_01,democracy
full3,v2jupurge_lag1,512,1.4110000133514404,regime_comparison_01,democracy
full3,v2jupurge_lag1,514,1.4110000133514404,regime_comparison_01,democracy
full3,v2jupurge_lag1,516,1.4110000133514404,regime_comparison_01,democracy
full3,v2jupurge_lag1,518,1.4110000133514404,regime_comparison_01,democracy
full3,v2jupurge_lag1,519,1.4110000133514404,regime_comparison_01,democracy
full3,v2jupurge_lag1,521,1.4110000133514404,regime_comparison_01,democracy
full3,v2jupurge_lag1,525,1.4110000133514404,regime_comparison_01,democracy
full3,v2jupurge_lag1,526,1.4110000133514404,regime_comparison_01,democracy
full3,v2jupurge_lag1,527,1.4110000133514404,regime_comparison_01,democracy
full3,v2jupurge_lag1,529,1.4110000133514404,regime_comparison_01,democracy
full3,v2jupurge_lag1,543,1.3559999465942383,regime_comparison_01,democracy
full3,v2jupurge_lag1,546,1.3559999465942383,regime_comparison_01,democracy
full3,v2jupurge_lag1,567,0.7360000014305115,regime_comparison_01,democracy
full3,v2jupurge_lag1,568,0.7360000014305115,regime_comparison_01,democracy
full3,v2jupurge_lag1,574,1.5219999551773071,regime_comparison_01,democracy
full3,v2jupurge_lag1,580,2.0160000324249268,regime_comparison_01,democracy
full3,v2jupurge_lag1,596,1.0789999961853027,regime_comparison_01,democracy
full3,v2jupurge_lag1,597,1.0789999961853027,regime_comparison_01,democracy
full3,v2jupurge_lag1,598,1.5099999904632568,regime_comparison_01,democracy
full3,v2jupurge_lag1,599,1.5549999475479126,regime_comparison_01,democracy
full3,v2jupurge_lag1,600,0.8339999914169312,regime_comparison_01,democracy
full3,v2jupurge_lag1,601,0.8339999914169312,regime_comparison_01,democracy
full3,v2jupurge_lag1,615,0.30300000309944153,regime_comparison_01,democracy
full3,v2jupurge_lag1,616,0.30300000309944153,regime_comparison_01,democracy
full3,v2jupurge_lag1,620,-0.7710000276565552,regime_comparison_01,democracy
full3,v2jupurge_lag1,621,-1.2070000171661377,regime_comparison_01,democracy
full3,v2jupurge_lag1,623,-0.828000009059906,regime_comparison_01,democracy
full3,v2jupurge_lag1,631,2.490000009536743,regime_comparison_01,democracy
full3,v2jupurge_lag1,632,2.490000009536743,regime_comparison_01,democracy
full3,v2jupurge_lag1,633,2.490000009536743,regime_comparison_01,democracy
full3,v2jupurge_lag1,634,2.490000009536743,regime_comparison_01,democracy
full3,v2jupurge_lag1,635,2.490000009536743,regime_comparison_01,democracy
full3,v2jupurge_lag1,636,2.490000009536743,regime_comparison_01,democracy
full3,v2jupurge_lag1,637,2.490000009536743,regime_comparison_01,democracy
full3,v2jupurge_lag1,638,2.490000009536743,regime_comparison_01,democracy
full3,v2jupurge_lag1,639,2.490000009536743,regime_comparison_01,democracy
full3,v2jupurge_lag1,640,2.013000011444092,regime_comparison_01,democracy
full3,v2jupurge_lag1,641,2.013000011444092,regime_comparison_01,democracy
full3,v2jupurge_lag1,642,2.013000011444092,regime_comparison_01,democracy
full3,v2jupurge_lag1,643,2.013000011444092,regime_comparison_01,democracy
full3,v2jupurge_lag1,644,2.013000011444092,regime_comparison_01,democracy
full3,v2jupurge_lag1,645,2.5899999141693115,regime_comparison_01,democracy
full3,v2jupurge_lag1,646,2.5899999141693115,regime_comparison_01,democracy
full3,v2jupurge_lag1,647,2.5899999141693115,regime_comparison_01,democracy
full3,v2jupurge_lag1,648,2.5899999141693115,regime_comparison_01,democracy
full3,v2jupurge_lag1,649,2.5899999141693115,regime_comparison_01,democracy
full3,v2jupurge_lag1,650,2.5899999141693115,regime_comparison_01,democracy
full3,v2jupurge_lag1,651,2.5899999141693115,regime_comparison_01,democracy
full3,v2jupurge_lag1,652,2.5899999141693115,regime_comparison_01,democracy
full3,v2jupurge_lag1,653,2.5899999141693115,regime_comparison_01,democracy
full3,v2jupurge_lag1,654,2.5899999141693115,regime_comparison_01,democracy
full3,v2jupurge_lag1,655,2.5899999141693115,regime_comparison_01,democracy
full3,v2jupurge_lag1,656,2.5899999141693115,regime_comparison_01,democracy
full3,v2jupurge_lag1,657,2.5899999141693115,regime_comparison_01,democracy
full3,v2jupurge_lag1,658,2.5899999141693115,regime_comparison_01,democracy
full3,v2jupurge_lag1,659,2.5899999141693115,regime_comparison_01,democracy
full3,v2jupurge_lag1,660,2.5899999141693115,regime_comparison_01,democracy
full3,v2jupurge_lag1,661,1.6610000133514404,regime_comparison_01,democracy
full3,v2jupurge_lag1,662,1.6610000133514404,regime_comparison_01,democracy
full3,v2jupurge_lag1,663,1.6610000133514404,regime_comparison_01,democracy
full3,v2jupurge_lag1,664,1.6610000133514404,regime_comparison_01,democracy
full3,v2jupurge_lag1,665,1.6610000133514404,regime_comparison_01,democracy
full3,v2jupurge_lag1,666,1.6610000133514404,regime_comparison_01,democracy
full3,v2jupurge_lag1,667,1.6610000133514404,regime_comparison_01,democracy
full3,v2jupurge_lag1,669,1.6610000133514404,regime_comparison_01,democracy
full3,v2jupurge_lag1,670,1.6610000133514404,regime_comparison_01,democracy
full3,v2jupurge_lag1,671,1.6610000133514404,regime_comparison_01,democracy
full3,v2jupurge_lag1,672,1.6610000133514404,regime_comparison_01,democracy
full3,v2jupurge_lag1,673,1.6610000133514404,regime_comparison_01,democracy
full3,v2jupurge_lag1,674,1.6610000133514404,regime_comparison_01,democracy
full3,v2jupurge_lag1,675,1.6610000133514404,regime_comparison_01,democracy
full3,v2jupurge_lag1,676,1.6610000133514404,regime_comparison_01,democracy
full3,v2jupurge_lag1,677,1.6610000133514404,regime_comparison_01,democracy
full3,v2jupurge_lag1,755,1.99399995803833,regime_comparison_01,democracy
full3,v2jupurge_lag1,756,2.1760001182556152,regime_comparison_01,democracy
full3,v2jupurge_lag1,757,2.1760001182556152,regime_comparison_01,democracy
full3,v2jupurge_lag1,758,2.2130000591278076,regime_comparison_01,democracy
full3,v2jupurge_lag1,759,2.2130000591278076,regime_comparison_01,democracy
full3,v2jupurge_lag1,760,2.2130000591278076,regime_comparison_01,democracy
full3,v2jupurge_lag1,761,2.2130000591278076,regime_comparison_01,democracy
full3,v2jupurge_lag1,762,2.2130000591278076,regime_comparison_01,democracy
full3,v2jupurge_lag1,763,2.2130000591278076,regime_comparison_01,democracy
full3,v2jupurge_lag1,764,2.2130000591278076,regime_comparison_01,democracy
full3,v2jupurge_lag1,765,2.2130000591278076,regime_comparison_01,democracy
full3,v2jupurge_lag1,766,0.8960000276565552,regime_comparison_01,democracy
full3,v2jupurge_lag1,767,1.1950000524520874,regime_comparison_01,democracy
full3,v2jupurge_lag1,768,2.4179999828338623,regime_comparison_01,democracy
full3,v2jupurge_lag1,769,2.4179999828338623,regime_comparison_01,democracy
full3,v2jupurge_lag1,770,2.4179999828338623,regime_comparison_01,democracy
full3,v2jupurge_lag1,771,2.4179999828338623,regime_comparison_01,democracy
full3,v2jupurge_lag1,772,2.4179999828338623,regime_comparison_01,democracy
full3,v2jupurge_lag1,773,2.4179999828338623,regime_comparison_01,democracy
full3,v2jupurge_lag1,774,2.4179999828338623,regime_comparison_01,democracy
full3,v2jupurge_lag1,775,1.7369999885559082,regime_comparison_01,democracy
full3,v2jupurge_lag1,776,2.0490000247955322,regime_comparison_01,democracy
full3,v2jupurge_lag1,777,1.1460000276565552,regime_comparison_01,democracy
full3,v2jupurge_lag1,778,1.878999948501587,regime_comparison_01,democracy
full3,v2jupurge_lag1,779,1.878999948501587,regime_comparison_01,democracy
full3,v2jupurge_lag1,780,1.878999948501587,regime_comparison_01,democracy
full3,v2jupurge_lag1,781,1.878999948501587,regime_comparison_01,democracy
full3,v2jupurge_lag1,782,1.878999948501587,regime_comparison_01,democracy
full3,v2jupurge_lag1,783,1.878999948501587,regime_comparison_01,democracy
full3,v2jupurge_lag1,784,1.8530000448226929,regime_comparison_01,democracy
full3,v2jupurge_lag1,785,1.8530000448226929,regime_comparison_01,democracy
full3,v2jupurge_lag1,786,1.8530000448226929,regime_comparison_01,democracy
full3,v2jupurge_lag1,787,1.8530000448226929,regime_comparison_01,democracy
full3,v2jupurge_lag1,788,1.8530000448226929,regime_comparison_01,democracy
full3,v2jupurge_lag1,789,1.8530000448226929,regime_comparison_01,democracy
full3,v2jupurge_lag1,790,1.8530000448226929,regime_comparison_01,democracy
full3,v2jupurge_lag1,791,1.8530000448226929,regime_comparison_01,democracy
full3,v2jupurge_lag1,792,1.8530000448226929,regime_comparison_01,democracy
full3,v2jupurge_lag1,793,1.8530000448226929,regime_comparison_01,democracy
full3,v2jupurge_lag1,794,1.8530000448226929,regime_comparison_01,democracy
full3,v2jupurge_lag1,795,1.8530000448226929,regime_comparison_01,democracy
full3,v2jupurge_lag1,796,1.8530000448226929,regime_comparison_01,democracy
full3,v2jupurge_lag1,797,1.8530000448226929,regime_comparison_01,democracy
full3,v2jupurge_lag1,798,1.8530000448226929,regime_comparison_01,democracy
full3,v2jupurge_lag1,799,1.8530000448226929,regime_comparison_01,democracy
full3,v2jupurge_lag1,800,1.8530000448226929,regime_comparison_01,democracy
full3,v2jupurge_lag1,801,1.8530000448226929,regime_comparison_01,democracy
full3,v2jupurge_lag1,802,1.8530000448226929,regime_comparison_01,democracy
full3,v2jupurge_lag1,803,1.8530000448226929,regime_comparison_01,democracy
full3,v2jupurge_lag1,804,1.8530000448226929,regime_comparison_01,democracy
full3,v2jupurge_lag1,805,1.8530000448226929,regime_comparison_01,democracy
full3,v2jupurge_lag1,806,1.8530000448226929,regime_comparison_01,democracy
full3,v2jupurge_lag1,807,1.8530000448226929,regime_comparison_01,democracy
full3,v2jupurge_lag1,808,1.8530000448226929,regime_comparison_01,democracy
full3,v2jupurge_lag1,809,1.8530000448226929,regime_comparison_01,democracy
full3,v2jupurge_lag1,810,1.8530000448226929,regime_comparison_01,democracy
full3,v2jupurge_lag1,811,1.8530000448226929,regime_comparison_01,democracy
full3,v2jupurge_lag1,812,1.8530000448226929,regime_comparison_01,democracy
full3,v2jupurge_lag1,813,1.8530000448226929,regime_comparison_01,democracy
full3,v2jupurge_lag1,814,1.8530000448226929,regime_comparison_01,democracy
full3,v2jupurge_lag1,815,1.8530000448226929,regime_comparison_01,democracy
full3,v2jupurge_lag1,816,1.8530000448226929,regime_comparison_01,democracy
full3,v2jupurge_lag1,817,1.8530000448226929,regime_comparison_01,democracy
full3,v2jupurge_lag1,818,1.8530000448226929,regime_comparison_01,democracy
full3,v2jupurge_lag1,819,1.8530000448226929,regime_comparison_01,democracy
full3,v2jupurge_lag1,820,1.8530000448226929,regime_comparison_01,democracy
full3,v2jupurge_lag1,821,1.8530000448226929,regime_comparison_01,democracy
full3,v2jupurge_lag1,822,1.8530000448226929,regime_comparison_01,democracy
full3,v2jupurge_lag1,823,1.8530000448226929,regime_comparison_01,democracy
full3,v2jupurge_lag1,824,1.8530000448226929,regime_comparison_01,democracy
full3,v2jupurge_lag1,825,1.8530000448226929,regime_comparison_01,democracy
full3,v2jupurge_lag1,826,1.8530000448226929,regime_comparison_01,democracy
full3,v2jupurge_lag1,827,1.8530000448226929,regime_comparison_01,democracy
full3,v2jupurge_lag1,828,1.8530000448226929,regime_comparison_01,democracy
full3,v2jupurge_lag1,829,1.8530000448226929,regime_comparison_01,democracy
full3,v2jupurge_lag1,830,1.8530000448226929,regime_comparison_01,democracy
full3,v2jupurge_lag1,831,1.8530000448226929,regime_comparison_01,democracy
full3,v2jupurge_lag1,832,1.8530000448226929,regime_comparison_01,democracy
full3,v2jupurge_lag1,833,1.8530000448226929,regime_comparison_01,democracy
full3,v2jupurge_lag1,834,1.8530000448226929,regime_comparison_01,democracy
full3,v2jupurge_lag1,835,1.8530000448226929,regime_comparison_01,democracy
full3,v2jupurge_lag1,836,1.8530000448226929,regime_comparison_01,democracy
full3,v2jupurge_lag1,837,1.8530000448226929,regime_comparison_01,democracy
full3,v2jupurge_lag1,838,1.8530000448226929,regime_comparison_01,democracy
full3,v2jupurge_lag1,839,1.8530000448226929,regime_comparison_01,democracy
full3,v2jupurge_lag1,840,1.8530000448226929,regime_comparison_01,democracy
full3,v2jupurge_lag1,841,1.8530000448226929,regime_comparison_01,democracy
full3,v2jupurge_lag1,842,1.8530000448226929,regime_comparison_01,democracy
full3,v2jupurge_lag1,843,1.8530000448226929,regime_comparison_01,democracy
full3,v2jupurge_lag1,844,1.8530000448226929,regime_comparison_01,democracy
full3,v2jupurge_lag1,845,1.8530000448226929,regime_comparison_01,democracy
full3,v2jupurge_lag1,846,1.8530000448226929,regime_comparison_01,democracy
full3,v2jupurge_lag1,847,1.8530000448226929,regime_comparison_01,democracy
full3,v2jupurge_lag1,848,1.8530000448226929,regime_comparison_01,democracy
full3,v2jupurge_lag1,849,1.8530000448226929,regime_comparison_01,democracy
full3,v2jupurge_lag1,850,1.8530000448226929,regime_comparison_01,democracy
full3,v2jupurge_lag1,851,1.8530000448226929,regime_comparison_01,democracy
full3,v2jupurge_lag1,852,1.8530000448226929,regime_comparison_01,democracy
full3,v2jupurge_lag1,853,1.8530000448226929,regime_comparison_01,democracy
full3,v2jupurge_lag1,854,1.8530000448226929,regime_comparison_01,democracy
full3,v2jupurge_lag1,855,1.8530000448226929,regime_comparison_01,democracy
full3,v2jupurge_lag1,856,1.8530000448226929,regime_comparison_01,democracy
full3,v2jupurge_lag1,857,1.8530000448226929,regime_comparison_01,democracy
full3,v2jupurge_lag1,858,1.8530000448226929,regime_comparison_01,democracy
full3,v2jupurge_lag1,859,1.8530000448226929,regime_comparison_01,democracy
full3,v2jupurge_lag1,860,1.8530000448226929,regime_comparison_01,democracy
full3,v2jupurge_lag1,861,1.8530000448226929,regime_comparison_01,democracy
full3,v2jupurge_lag1,862,1.8530000448226929,regime_comparison_01,democracy
full3,v2jupurge_lag1,863,1.8530000448226929,regime_comparison_01,democracy
full3,v2jupurge_lag1,864,1.8530000448226929,regime_comparison_01,democracy
full3,v2jupurge_lag1,865,1.8530000448226929,regime_comparison_01,democracy
full3,v2jupurge_lag1,866,1.8530000448226929,regime_comparison_01,democracy
full3,v2jupurge_lag1,867,1.8530000448226929,regime_comparison_01,democracy
full3,v2jupurge_lag1,868,1.8530000448226929,regime_comparison_01,democracy
full3,v2jupurge_lag1,869,1.8530000448226929,regime_comparison_01,democracy
full3,v2jupurge_lag1,870,1.8530000448226929,regime_comparison_01,democracy
full3,v2jupurge_lag1,871,1.8530000448226929,regime_comparison_01,democracy
full3,v2jupurge_lag1,872,1.8530000448226929,regime_comparison_01,democracy
full3,v2jupurge_lag1,873,1.8530000448226929,regime_comparison_01,democracy
full3,v2jupurge_lag1,874,1.8530000448226929,regime_comparison_01,democracy
full3,v2jupurge_lag1,875,1.8530000448226929,regime_comparison_01,democracy
full3,v2jupurge_lag1,876,1.8530000448226929,regime_comparison_01,democracy
full3,v2jupurge_lag1,877,1.8530000448226929,regime_comparison_01,democracy
full3,v2jupurge_lag1,878,1.8530000448226929,regime_comparison_01,democracy
full3,v2jupurge_lag1,879,1.8530000448226929,regime_comparison_01,democracy
full3,v2jupurge_lag1,880,1.8530000448226929,regime_comparison_01,democracy
full3,v2jupurge_lag1,881,1.8530000448226929,regime_comparison_01,democracy
full3,v2jupurge_lag1,882,1.8530000448226929,regime_comparison_01,democracy
full3,v2jupurge_lag1,883,1.8530000448226929,regime_comparison_01,democracy
full3,v2jupurge_lag1,884,1.8530000448226929,regime_comparison_01,democracy
full3,v2jupurge_lag1,885,1.8530000448226929,regime_comparison_01,democracy
full3,v2jupurge_lag1,886,1.8530000448226929,regime_comparison_01,democracy
full3,v2jupurge_lag1,887,1.8530000448226929,regime_comparison_01,democracy
full3,v2jupurge_lag1,888,1.8530000448226929,regime_comparison_01,democracy
full3,v2jupurge_lag1,889,1.8530000448226929,regime_comparison_01,democracy
full3,v2jupurge_lag1,890,1.8530000448226929,regime_comparison_01,democracy
full3,v2jupurge_lag1,891,1.8530000448226929,regime_comparison_01,democracy
full3,v2jupurge_lag1,892,1.8530000448226929,regime_comparison_01,democracy
full3,v2jupurge_lag1,893,1.8530000448226929,regime_comparison_01,democracy
full3,v2jupurge_lag1,894,1.8530000448226929,regime_comparison_01,democracy
full3,v2jupurge_lag1,895,1.8530000448226929,regime_comparison_01,democracy
full3,v2jupurge_lag1,896,1.8530000448226929,regime_comparison_01,democracy
full3,v2jupurge_lag1,897,1.8530000448226929,regime_comparison_01,democracy
full3,v2jupurge_lag1,898,1.8530000448226929,regime_comparison_01,democracy
full3,v2jupurge_lag1,899,1.8530000448226929,regime_comparison_01,democracy
full3,v2jupurge_lag1,900,1.8530000448226929,regime_comparison_01,democracy
full3,v2jupurge_lag1,901,1.8530000448226929,regime_comparison_01,democracy
full3,v2jupurge_lag1,902,1.8530000448226929,regime_comparison_01,democracy
full3,v2jupurge_lag1,903,1.8530000448226929,regime_comparison_01,democracy
full3,v2jupurge_lag1,904,1.8530000448226929,regime_comparison_01,democracy
full3,v2jupurge_lag1,905,1.8530000448226929,regime_comparison_01,democracy
full3,v2jupurge_lag1,906,1.8530000448226929,regime_comparison_01,democracy
full3,v2jupurge_lag1,908,1.8530000448226929,regime_comparison_01,democracy
full3,v2jupurge_lag1,909,1.8530000448226929,regime_comparison_01,democracy
full3,v2jupurge_lag1,910,1.8530000448226929,regime_comparison_01,democracy
full3,v2jupurge_lag1,911,1.8530000448226929,regime_comparison_01,democracy
full3,v2jupurge_lag1,912,1.8530000448226929,regime_comparison_01,democracy
full3,v2jupurge_lag1,913,1.8530000448226929,regime_comparison_01,democracy
full3,v2jupurge_lag1,914,1.8530000448226929,regime_comparison_01,democracy
full3,v2jupurge_lag1,915,1.8530000448226929,regime_comparison_01,democracy
full3,v2jupurge_lag1,916,1.8530000448226929,regime_comparison_01,democracy
full3,v2jupurge_lag1,917,1.8530000448226929,regime_comparison_01,democracy
full3,v2jupurge_lag1,918,1.8530000448226929,regime_comparison_01,democracy
full3,v2jupurge_lag1,919,1.8530000448226929,regime_comparison_01,democracy
full3,v2jupurge_lag1,920,1.8530000448226929,regime_comparison_01,democracy
full3,v2jupurge_lag1,921,1.8530000448226929,regime_comparison_01,democracy
full3,v2jupurge_lag1,922,1.8530000448226929,regime_comparison_01,democracy
full3,v2jupurge_lag1,923,1.8530000448226929,regime_comparison_01,democracy
full3,v2jupurge_lag1,924,1.8530000448226929,regime_comparison_01,democracy
full3,v2jupurge_lag1,925,1.8530000448226929,regime_comparison_01,democracy
full3,v2jupurge_lag1,926,1.8530000448226929,regime_comparison_01,democracy
full3,v2jupurge_lag1,927,1.8530000448226929,regime_comparison_01,democracy
full3,v2jupurge_lag1,928,1.8530000448226929,regime_comparison_01,democracy
full3,v2jupurge_lag1,929,1.8530000448226929,regime_comparison_01,democracy
full3,v2jupurge_lag1,930,1.8530000448226929,regime_comparison_01,democracy
full3,v2jupurge_lag1,931,1.8530000448226929,regime_comparison_01,democracy
full3,v2jupurge_lag1,932,1.8530000448226929,regime_comparison_01,democracy
full3,v2jupurge_lag1,933,1.8530000448226929,regime_comparison_01,democracy
full3,v2jupurge_lag1,934,1.8530000448226929,regime_comparison_01,democracy
full3,v2jupurge_lag1,935,1.8530000448226929,regime_comparison_01,democracy
full3,v2jupurge_lag1,936,1.8530000448226929,regime_comparison_01,democracy
full3,v2jupurge_lag1,937,1.8530000448226929,regime_comparison_01,democracy
full3,v2jupurge_lag1,938,1.8530000448226929,regime_comparison_01,democracy
full3,v2jupurge_lag1,939,1.8530000448226929,regime_comparison_01,democracy
full3,v2jupurge_lag1,940,1.8530000448226929,regime_comparison_01,democracy
full3,v2jupurge_lag1,941,1.8530000448226929,regime_comparison_01,democracy
full3,v2jupurge_lag1,942,1.8530000448226929,regime_comparison_01,democracy
full3,v2jupurge_lag1,943,1.8530000448226929,regime_comparison_01,democracy
full3,v2jupurge_lag1,944,1.8530000448226929,regime_comparison_01,democracy
full3,v2jupurge_lag1,945,1.8530000448226929,regime_comparison_01,democracy
full3,v2jupurge_lag1,946,1.8530000448226929,regime_comparison_01,democracy
full3,v2jupurge_lag1,947,1.8530000448226929,regime_comparison_01,democracy
full3,v2jupurge_lag1,948,1.8530000448226929,regime_comparison_01,democracy
full3,v2jupurge_lag1,949,1.8530000448226929,regime_comparison_01,democracy
full3,v2jupurge_lag1,950,1.8530000448226929,regime_comparison_01,democracy
full3,v2jupurge_lag1,951,1.8530000448226929,regime_comparison_01,democracy
full3,v2jupurge_lag1,952,1.8530000448226929,regime_comparison_01,democracy
full3,v2jupurge_lag1,953,1.8530000448226929,regime_comparison_01,democracy
full3,v2jupurge_lag1,954,1.8530000448226929,regime_comparison_01,democracy
full3,v2jupurge_lag1,955,1.8530000448226929,regime_comparison_01,democracy
full3,v2jupurge_lag1,956,1.8530000448226929,regime_comparison_01,democracy
full3,v2jupurge_lag1,957,1.8530000448226929,regime_comparison_01,democracy
full3,v2jupurge_lag1,958,1.8530000448226929,regime_comparison_01,democracy
full3,v2jupurge_lag1,959,1.8530000448226929,regime_comparison_01,democracy
full3,v2jupurge_lag1,960,1.8530000448226929,regime_comparison_01,democracy
full3,v2jupurge_lag1,961,1.8530000448226929,regime_comparison_01,democracy
full3,v2jupurge_lag1,962,1.8530000448226929,regime_comparison_01,democracy
full3,v2jupurge_lag1,963,1.8530000448226929,regime_comparison_01,democracy
full3,v2jupurge_lag1,964,1.8530000448226929,regime_comparison_01,democracy
full3,v2jupurge_lag1,965,1.8530000448226929,regime_comparison_01,democracy
full3,v2jupurge_lag1,966,1.8530000448226929,regime_comparison_01,democracy
full3,v2jupurge_lag1,967,1.8530000448226929,regime_comparison_01,democracy
full3,v2jupurge_lag1,968,1.8530000448226929,regime_comparison_01,democracy
full3,v2jupurge_lag1,969,1.8530000448226929,regime_comparison_01,democracy
full3,v2jupurge_lag1,970,1.8530000448226929,regime_comparison_01,democracy
full3,v2jupurge_lag1,971,1.8530000448226929,regime_comparison_01,democracy
full3,v2jupurge_lag1,972,1.8530000448226929,regime_comparison_01,democracy
full3,v2jupurge_lag1,973,1.8530000448226929,regime_comparison_01,democracy
full3,v2jupurge_lag1,974,1.8530000448226929,regime_comparison_01,democracy
full3,v2jupurge_lag1,975,1.8530000448226929,regime_comparison_01,democracy
full3,v2jupurge_lag1,976,1.8530000448226929,regime_comparison_01,democracy
full3,v2jupurge_lag1,977,1.8530000448226929,regime_comparison_01,democracy
full3,v2jupurge_lag1,978,1.8530000448226929,regime_comparison_01,democracy
full3,v2jupurge_lag1,979,1.8530000448226929,regime_comparison_01,democracy
full3,v2jupurge_lag1,980,1.8530000448226929,regime_comparison_01,democracy
full3,v2jupurge_lag1,981,1.8530000448226929,regime_comparison_01,democracy
full3,v2jupurge_lag1,982,1.8530000448226929,regime_comparison_01,democracy
full3,v2jupurge_lag1,983,1.8530000448226929,regime_comparison_01,democracy
full3,v2jupurge_lag1,984,1.8530000448226929,regime_comparison_01,democracy
full3,v2jupurge_lag1,985,1.8530000448226929,regime_comparison_01,democracy
full3,v2jupurge_lag1,986,1.8530000448226929,regime_comparison_01,democracy
full3,v2jupurge_lag1,987,1.8530000448226929,regime_comparison_01,democracy
full3,v2jupurge_lag1,988,1.8530000448226929,regime_comparison_01,democracy
full3,v2jupurge_lag1,989,1.8530000448226929,regime_comparison_01,democracy
full3,v2jupurge_lag1,990,1.8530000448226929,regime_comparison_01,democracy
full3,v2jupurge_lag1,991,1.8530000448226929,regime_comparison_01,democracy
full3,v2jupurge_lag1,992,1.8530000448226929,regime_comparison_01,democracy
full3,v2jupurge_lag1,993,2.134999990463257,regime_comparison_01,democracy
full3,v2jupurge_lag1,994,2.134999990463257,regime_comparison_01,democracy
full3,v2jupurge_lag1,995,2.134999990463257,regime_comparison_01,democracy
full3,v2jupurge_lag1,996,2.134999990463257,regime_comparison_01,democracy
full3,v2jupurge_lag1,997,2.134999990463257,regime_comparison_01,democracy
full3,v2jupurge_lag1,998,2.134999990463257,regime_comparison_01,democracy
full3,v2jupurge_lag1,999,2.134999990463257,regime_comparison_01,democracy
full3,v2jupurge_lag1,1000,2.134999990463257,regime_comparison_01,democracy
full3,v2jupurge_lag1,1001,2.134999990463257,regime_comparison_01,democracy
full3,v2jupurge_lag1,1002,2.134999990463257,regime_comparison_01,democracy
full3,v2jupurge_lag1,1003,2.134999990463257,regime_comparison_01,democracy
full3,v2jupurge_lag1,1004,2.134999990463257,regime_comparison_01,democracy
full3,v2jupurge_lag1,1005,2.134999990463257,regime_comparison_01,democracy
full3,v2jupurge_lag1,1006,2.134999990463257,regime_comparison_01,democracy
full3,v2jupurge_lag1,1007,2.134999990463257,regime_comparison_01,democracy
full3,v2jupurge_lag1,1009,2.134999990463257,regime_comparison_01,democracy
full3,v2jupurge_lag1,1010,2.134999990463257,regime_comparison_01,democracy
full3,v2jupurge_lag1,1011,2.134999990463257,regime_comparison_01,democracy
full3,v2jupurge_lag1,1012,2.134999990463257,regime_comparison_01,democracy
full3,v2jupurge_lag1,1014,2.134999990463257,regime_comparison_01,democracy
full3,v2jupurge_lag1,1016,2.134999990463257,regime_comparison_01,democracy
full3,v2jupurge_lag1,1017,2.134999990463257,regime_comparison_01,democracy
full3,v2jupurge_lag1,1018,2.134999990463257,regime_comparison_01,democracy
full3,v2jupurge_lag1,1019,2.134999990463257,regime_comparison_01,democracy
full3,v2jupurge_lag1,1021,2.134999990463257,regime_comparison_01,democracy
full3,v2jupurge_lag1,1022,2.134999990463257,regime_comparison_01,democracy
full3,v2jupurge_lag1,1023,2.134999990463257,regime_comparison_01,democracy
full3,v2jupurge_lag1,1024,2.134999990463257,regime_comparison_01,democracy
full3,v2jupurge_lag1,1025,2.134999990463257,regime_comparison_01,democracy
full3,v2jupurge_lag1,1026,2.134999990463257,regime_comparison_01,democracy
full3,v2jupurge_lag1,1027,2.134999990463257,regime_comparison_01,democracy
full3,v2jupurge_lag1,1028,2.134999990463257,regime_comparison_01,democracy
full3,v2jupurge_lag1,1029,2.134999990463257,regime_comparison_01,democracy
full3,v2jupurge_lag1,1031,2.134999990463257,regime_comparison_01,democracy
full3,v2jupurge_lag1,1033,2.134999990463257,regime_comparison_01,democracy
full3,v2jupurge_lag1,1036,2.134999990463257,regime_comparison_01,democracy
full3,v2jupurge_lag1,1038,2.134999990463257,regime_comparison_01,democracy
full3,v2jupurge_lag1,1039,2.134999990463257,regime_comparison_01,democracy
full3,v2jupurge_lag1,1041,2.134999990463257,regime_comparison_01,democracy
full3,v2jupurge_lag1,1043,2.134999990463257,regime_comparison_01,democracy
full3,v2jupurge_lag1,1045,1.4570000171661377,regime_comparison_01,democracy
full3,v2jupurge_lag1,1049,1.4570000171661377,regime_comparison_01,democracy
full3,v2jupurge_lag1,1051,1.4570000171661377,regime_comparison_01,democracy
full3,v2jupurge_lag1,1052,1.4570000171661377,regime_comparison_01,democracy
full3,v2jupurge_lag1,1055,1.4570000171661377,regime_comparison_01,democracy
full3,v2jupurge_lag1,1056,1.4570000171661377,regime_comparison_01,democracy
full3,v2jupurge_lag1,1058,1.4570000171661377,regime_comparison_01,democracy
full3,v2jupurge_lag1,1059,1.4570000171661377,regime_comparison_01,democracy
full3,v2jupurge_lag1,1060,1.4539999961853027,regime_comparison_01,democracy
full3,wdj_press_lag1,3,0.0,regime_comparison_01,democracy
full3,wdj_press_lag1,4,0.0,regime_comparison_01,democracy
full3,wdj_press_lag1,5,0.0,regime_comparison_01,democracy
full3,wdj_press_lag1,6,0.0,regime_comparison_01,democracy
full3,wdj_press_lag1,7,0.0,regime_comparison_01,democracy
full3,wdj_press_lag1,8,0.0,regime_comparison_01,democracy
full3,wdj_press_lag1,9,0.0,regime_comparison_01,democracy
full3,wdj_press_lag1,10,0.0,regime_comparison_01,democracy
full3,wdj_press_lag1,11,0.0,regime_comparison_01,democracy
full3,wdj_press_lag1,12,0.0,regime_comparison_01,democracy
full3,wdj_press_lag1,13,0.0,regime_comparison_01,democracy
full3,wdj_press_lag1,14,0.0,regime_comparison_01,democracy
full3,wdj_press_lag1,15,0.0,regime_comparison_01,democracy
full3,wdj_press_lag1,16,0.0,regime_comparison_01,democracy
full3,wdj_press_lag1,17,0.0,regime_comparison_01,democracy
full3,wdj_press_lag1,19,0.0,regime_comparison_01,democracy
full3,wdj_press_lag1,33,0.0,regime_comparison_01,democracy
full3,wdj_press_lag1,35,0.0,regime_comparison_01,democracy
full3,wdj_press_lag1,37,0.0,regime_comparison_01,democracy
full3,wdj_press_lag1,38,0.0,regime_comparison_01,democracy
full3,wdj_press_lag1,39,0.0,regime_comparison_01,democracy
full3,wdj_press_lag1,48,0.0,regime_comparison_01,democracy
full3,wdj_press_lag1,49,0.0,regime_comparison_01,democracy
full3,wdj_press_lag1,50,0.0,regime_comparison_01,democracy
full3,wdj_press_lag1,51,0.0,regime_comparison_01,democracy
full3,wdj_press_lag1,52,0.0,regime_comparison_01,democracy
full3,wdj_press_lag1,53,0.0,regime_comparison_01,democracy
full3,wdj_press_lag1,54,0.0,regime_comparison_01,democracy
full3,wdj_press_lag1,55,0.0,regime_comparison_01,democracy
full3,wdj_press_lag1,56,0.0,regime_comparison_01,democracy
full3,wdj_press_lag1,57,0.0,regime_comparison_01,democracy
full3,wdj_press_lag1,58,0.0,regime_comparison_01,democracy
full3,wdj_press_lag1,59,0.0,regime_comparison_01,democracy
full3,wdj_press_lag1,60,0.0,regime_comparison_01,democracy
full3,wdj_press_lag1,61,0.0,regime_comparison_01,democracy
full3,wdj_press_lag1,62,0.0,regime_comparison_01,democracy
full3,wdj_press_lag1,63,0.0,regime_comparison_01,democracy
full3,wdj_press_lag1,64,0.0,regime_comparison_01,democracy
full3,wdj_press_lag1,65,0.0,regime_comparison_01,democracy
full3,wdj_press_lag1,66,0.0,regime_comparison_01,democracy
full3,wdj_press_lag1,67,0.0,regime_comparison_01,democracy
full3,wdj_press_lag1,68,0.0,regime_comparison_01,democracy
full3,wdj_press_lag1,69,0.0,regime_comparison_01,democracy
full3,wdj_press_lag1,70,0.0,regime_comparison_01,democracy
full3,wdj_press_lag1,71,0.0,regime_comparison_01,democracy
full3,wdj_press_lag1,72,0.0,regime_comparison_01,democracy
full3,wdj_press_lag1,73,0.0,regime_comparison_01,democracy
full3,wdj_press_lag1,74,0.0,regime_comparison_01,democracy
full3,wdj_press_lag1,75,0.0,regime_comparison_01,democracy
full3,wdj_press_lag1,76,0.0,regime_comparison_01,democracy
full3,wdj_press_lag1,77,0.0,regime_comparison_01,democracy
full3,wdj_press_lag1,82,0.8703703880310059,regime_comparison_01,democracy
full3,wdj_press_lag1,83,0.8703703880310059,regime_comparison_01,democracy
full3,wdj_press_lag1,84,0.8703703880310059,regime_comparison_01,democracy
full3,wdj_press_lag1,85,0.8703703880310059,regime_comparison_01,democracy
full3,wdj_press_lag1,86,0.8703703880310059,regime_comparison_01,democracy
full3,wdj_press_lag1,89,0.8703703880310059,regime_comparison_01,democracy
full3,wdj_press_lag1,90,0.8703703880310059,regime_comparison_01,democracy
full3,wdj_press_lag1,91,0.8703703880310059,regime_comparison_01,democracy
full3,wdj_press_lag1,92,0.8703703880310059,regime_comparison_01,democracy
full3,wdj_press_lag1,93,0.8703703880310059,regime_comparison_01,democracy
full3,wdj_press_lag1,94,0.8703703880310059,regime_comparison_01,democracy
full3,wdj_press_lag1,95,0.8703703880310059,regime_comparison_01,democracy
full3,wdj_press_lag1,96,0.8703703880310059,regime_comparison_01,democracy
full3,wdj_press_lag1,97,0.8240740895271301,regime_comparison_01,democracy
full3,wdj_press_lag1,98,0.8240740895271301,regime_comparison_01,democracy
full3,wdj_press_lag1,99,0.8240740895271301,regime_comparison_01,democracy
full3,wdj_press_lag1,100,0.8240740895271301,regime_comparison_01,democracy
full3,wdj_press_lag1,118,0.0,regime_comparison_01,democracy
full3,wdj_press_lag1,122,0.0,regime_comparison_01,democracy
full3,wdj_press_lag1,128,0.0,regime_comparison_01,democracy
full3,wdj_press_lag1,136,0.0,regime_comparison_01,democracy
full3,wdj_press_lag1,138,0.0,regime_comparison_01,democracy
full3,wdj_press_lag1,139,0.0,regime_comparison_01,democracy
full3,wdj_press_lag1,140,0.0,regime_comparison_01,democracy
full3,wdj_press_lag1,145,0.0,regime_comparison_01,democracy
full3,wdj_press_lag1,161,0.0,regime_comparison_01,democracy
full3,wdj_press_lag1,162,0.0,regime_comparison_01,democracy
full3,wdj_press_lag1,163,0.0,regime_comparison_01,democracy
full3,wdj_press_lag1,164,0.0,regime_comparison_01,democracy
full3,wdj_press_lag1,169,0.0,regime_comparison_01,democracy
full3,wdj_press_lag1,170,0.0,regime_comparison_01,democracy
full3,wdj_press_lag1,171,0.0,regime_comparison_01,democracy
full3,wdj_press_lag1,172,0.0,regime_comparison_01,democracy
full3,wdj_press_lag1,173,0.0,regime_comparison_01,democracy
full3,wdj_press_lag1,174,0.0,regime_comparison_01,democracy
full3,wdj_press_lag1,177,0.0,regime_comparison_01,democracy
full3,wdj_press_lag1,183,0.7638888955116272,regime_comparison_01,democracy
full3,wdj_press_lag1,184,0.7638888955116272,regime_comparison_01,democracy
full3,wdj_press_lag1,186,0.7777777910232544,regime_comparison_01,democracy
full3,wdj_press_lag1,187,0.7777777910232544,regime_comparison_01,democracy
full3,wdj_press_lag1,193,0.0,regime_comparison_01,democracy
full3,wdj_press_lag1,194,0.0,regime_comparison_01,democracy
full3,wdj_press_lag1,195,0.0,regime_comparison_01,democracy
full3,wdj_press_lag1,197,0.0,regime_comparison_01,democracy
full3,wdj_press_lag1,200,0.0,regime_comparison_01,democracy
full3,wdj_press_lag1,201,0.0,regime_comparison_01,democracy
full3,wdj_press_lag1,202,0.0,regime_comparison_01,democracy
full3,wdj_press_lag1,204,0.8888888955116272,regime_comparison_01,democracy
full3,wdj_press_lag1,205,0.8888888955116272,regime_comparison_01,democracy
full3,wdj_press_lag1,221,0.0,regime_comparison_01,democracy
full3,wdj_press_lag1,223,0.0,regime_comparison_01,democracy
full3,wdj_press_lag1,234,0.5656565427780151,regime_comparison_01,democracy
full3,wdj_press_lag1,236,0.5879629850387573,regime_comparison_01,democracy
full3,wdj_press_lag1,251,0.0,regime_comparison_01,democracy
full3,wdj_press_lag1,252,0.0,regime_comparison_01,democracy
full3,wdj_press_lag1,253,0.0,regime_comparison_01,democracy
full3,wdj_press_lag1,254,0.0,regime_comparison_01,democracy
full3,wdj_press_lag1,255,0.0,regime_comparison_01,democracy
full3,wdj_press_lag1,256,0.0,regime_comparison_01,democracy
full3,wdj_press_lag1,257,0.0,regime_comparison_01,democracy
full3,wdj_press_lag1,258,0.0,regime_comparison_01,democracy
full3,wdj_press_lag1,259,0.0,regime_comparison_01,democracy
full3,wdj_press_lag1,260,0.0,regime_comparison_01,democracy
full3,wdj_press_lag1,261,0.0,regime_comparison_01,democracy
full3,wdj_press_lag1,262,0.0,regime_comparison_01,democracy
full3,wdj_press_lag1,263,0.0,regime_comparison_01,democracy
full3,wdj_press_lag1,264,0.0,regime_comparison_01,democracy
full3,wdj_press_lag1,265,0.0,regime_comparison_01,democracy
full3,wdj_press_lag1,266,0.0,regime_comparison_01,democracy
full3,wdj_press_lag1,267,0.0,regime_comparison_01,democracy
full3,wdj_press_lag1,268,0.0,regime_comparison_01,democracy
full3,wdj_press_lag1,269,0.0,regime_comparison_01,democracy
full3,wdj_press_lag1,270,0.0,regime_comparison_01,democracy
full3,wdj_press_lag1,271,0.0,regime_comparison_01,democracy
full3,wdj_press_lag1,272,0.0,regime_comparison_01,democracy
full3,wdj_press_lag1,273,0.0,regime_comparison_01,democracy
full3,wdj_press_lag1,274,0.0,regime_comparison_01,democracy
full3,wdj_press_lag1,275,0.0,regime_comparison_01,democracy
full3,wdj_press_lag1,278,0.0,regime_comparison_01,democracy
full3,wdj_press_lag1,280,0.0,regime_comparison_01,democracy
full3,wdj_press_lag1,323,0.0,regime_comparison_01,democracy
full3,wdj_press_lag1,324,0.0,regime_comparison_01,democracy
full3,wdj_press_lag1,325,0.0,regime_comparison_01,democracy
full3,wdj_press_lag1,326,0.0,regime_comparison_01,democracy
full3,wdj_press_lag1,327,0.0,regime_comparison_01,democracy
full3,wdj_press_lag1,328,0.0,regime_comparison_01,democracy
full3,wdj_press_lag1,329,0.0,regime_comparison_01,democracy
full3,wdj_press_lag1,330,0.0,regime_comparison_01,democracy
full3,wdj_press_lag1,331,0.0,regime_comparison_01,democracy
full3,wdj_press_lag1,332,0.0,regime_comparison_01,democracy
full3,wdj_press_lag1,333,0.0,regime_comparison_01,democracy
full3,wdj_press_lag1,334,0.0,regime_comparison_01,democracy
full3,wdj_press_lag1,335,0.0,regime_comparison_01,democracy
full3,wdj_press_lag1,336,0.0,regime_comparison_01,democracy
full3,wdj_press_lag1,337,0.0,regime_comparison_01,democracy
full3,wdj_press_lag1,338,0.0,regime_comparison_01,democracy
full3,wdj_press_lag1,339,0.0,regime_comparison_01,democracy
full3,wdj_press_lag1,340,0.0,regime_comparison_01,democracy
full3,wdj_press_lag1,341,0.0,regime_comparison_01,democracy
full3,wdj_press_lag1,342,0.0,regime_comparison_01,democracy
full3,wdj_press_lag1,343,0.0,regime_comparison_01,democracy
full3,wdj_press_lag1,344,0.0,regime_comparison_01,democracy
full3,wdj_press_lag1,345,0.0,regime_comparison_01,democracy
full3,wdj_press_lag1,346,0.0,regime_comparison_01,democracy
full3,wdj_press_lag1,347,0.0,regime_comparison_01,democracy
full3,wdj_press_lag1,348,0.0,regime_comparison_01,democracy
full3,wdj_press_lag1,349,0.0,regime_comparison_01,democracy
full3,wdj_press_lag1,350,0.0,regime_comparison_01,democracy
full3,wdj_press_lag1,351,0.0,regime_comparison_01,democracy
full3,wdj_press_lag1,352,0.0,regime_comparison_01,democracy
full3,wdj_press_lag1,353,0.0,regime_comparison_01,democracy
full3,wdj_press_lag1,354,0.0,regime_comparison_01,democracy
full3,wdj_press_lag1,355,0.0,regime_comparison_01,democracy
full3,wdj_press_lag1,356,0.0,regime_comparison_01,democracy
full3,wdj_press_lag1,357,0.0,regime_comparison_01,democracy
full3,wdj_press_lag1,358,0.0,regime_comparison_01,democracy
full3,wdj_press_lag1,359,0.0,regime_comparison_01,democracy
full3,wdj_press_lag1,360,0.0,regime_comparison_01,democracy
full3,wdj_press_lag1,361,0.0,regime_comparison_01,democracy
full3,wdj_press_lag1,362,0.0,regime_comparison_01,democracy
full3,wdj_press_lag1,363,0.0,regime_comparison_01,democracy
full3,wdj_press_lag1,364,0.0,regime_comparison_01,democracy
full3,wdj_press_lag1,365,0.0,regime_comparison_01,democracy
full3,wdj_press_lag1,366,0.0,regime_comparison_01,democracy
full3,wdj_press_lag1,367,0.0,regime_comparison_01,democracy
full3,wdj_press_lag1,368,0.0,regime_comparison_01,democracy
full3,wdj_press_lag1,369,0.0,regime_comparison_01,democracy
full3,wdj_press_lag1,370,0.0,regime_comparison_01,democracy
full3,wdj_press_lag1,371,0.0,regime_comparison_01,democracy
full3,wdj_press_lag1,372,0.0,regime_comparison_01,democracy
full3,wdj_press_lag1,373,0.0,regime_comparison_01,democracy
full3,wdj_press_lag1,374,0.0,regime_comparison_01,democracy
full3,wdj_press_lag1,375,0.0,regime_comparison_01,democracy
full3,wdj_press_lag1,376,0.0,regime_comparison_01,democracy
full3,wdj_press_lag1,377,0.0,regime_comparison_01,democracy
full3,wdj_press_lag1,378,0.0,regime_comparison_01,democracy
full3,wdj_press_lag1,379,0.0,regime_comparison_01,democracy
full3,wdj_press_lag1,382,0.0,regime_comparison_01,democracy
full3,wdj_press_lag1,383,0.0,regime_comparison_01,democracy
full3,wdj_press_lag1,384,0.0,regime_comparison_01,democracy
full3,wdj_press_lag1,385,0.0,regime_comparison_01,democracy
full3,wdj_press_lag1,386,0.0,regime_comparison_01,democracy
full3,wdj_press_lag1,400,-0.380952388048172,regime_comparison_01,democracy
full3,wdj_press_lag1,414,0.0,regime_comparison_01,democracy
full3,wdj_press_lag1,415,0.0,regime_comparison_01,democracy
full3,wdj_press_lag1,416,0.0,regime_comparison_01,democracy
full3,wdj_press_lag1,417,0.0,regime_comparison_01,democracy
full3,wdj_press_lag1,418,0.0,regime_comparison_01,democracy
full3,wdj_press_lag1,419,0.0,regime_comparison_01,democracy
full3,wdj_press_lag1,420,0.0,regime_comparison_01,democracy
full3,wdj_press_lag1,421,0.0,regime_comparison_01,democracy
full3,wdj_press_lag1,422,0.0,regime_comparison_01,democracy
full3,wdj_press_lag1,423,0.0,regime_comparison_01,democracy
full3,wdj_press_lag1,424,0.0,regime_comparison_01,democracy
full3,wdj_press_lag1,425,0.0,regime_comparison_01,democracy
full3,wdj_press_lag1,426,0.0,regime_comparison_01,democracy
full3,wdj_press_lag1,427,0.0,regime_comparison_01,democracy
full3,wdj_press_lag1,428,0.0,regime_comparison_01,democracy
full3,wdj_press_lag1,434,0.0,regime_comparison_01,democracy
full3,wdj_press_lag1,435,0.0,regime_comparison_01,democracy
full3,wdj_press_lag1,436,0.0,regime_comparison_01,democracy
full3,wdj_press_lag1,437,0.0,regime_comparison_01,democracy
full3,wdj_press_lag1,438,0.0,regime_comparison_01,democracy
full3,wdj_press_lag1,439,0.0,regime_comparison_01,democracy
full3,wdj_press_lag1,440,0.0,regime_comparison_01,democracy
full3,wdj_press_lag1,441,0.0,regime_comparison_01,democracy
full3,wdj_press_lag1,442,0.0,regime_comparison_01,democracy
full3,wdj_press_lag1,443,0.0,regime_comparison_01,democracy
full3,wdj_press_lag1,444,0.0,regime_comparison_01,democracy
full3,wdj_press_lag1,445,0.0,regime_comparison_01,democracy
full3,wdj_press_lag1,446,0.0,regime_comparison_01,democracy
full3,wdj_press_lag1,447,0.0,regime_comparison_01,democracy
full3,wdj_press_lag1,448,0.0,regime_comparison_01,democracy
full3,wdj_press_lag1,449,0.0,regime_comparison_01,democracy
full3,wdj_press_lag1,450,0.0,regime_comparison_01,democracy
full3,wdj_press_lag1,451,0.0,regime_comparison_01,democracy
full3,wdj_press_lag1,452,0.0,regime_comparison_01,democracy
full3,wdj_press_lag1,453,0.0,regime_comparison_01,democracy
full3,wdj_press_lag1,454,0.0,regime_comparison_01,democracy
full3,wdj_press_lag1,455,0.0,regime_comparison_01,democracy
full3,wdj_press_lag1,456,0.0,regime_comparison_01,democracy
full3,wdj_press_lag1,457,0.0,regime_comparison_01,democracy
full3,wdj_press_lag1,458,0.0,regime_comparison_01,democracy
full3,wdj_press_lag1,459,0.0,regime_comparison_01,democracy
full3,wdj_press_lag1,460,0.0,regime_comparison_01,democracy
full3,wdj_press_lag1,461,0.0,regime_comparison_01,democracy
full3,wdj_press_lag1,462,0.0,regime_comparison_01,democracy
full3,wdj_press_lag1,463,0.0,regime_comparison_01,democracy
full3,wdj_press_lag1,464,0.0,regime_comparison_01,democracy
full3,wdj_press_lag1,465,0.0,regime_comparison_01,democracy
full3,wdj_press_lag1,466,0.0,regime_comparison_01,democracy
full3,wdj_press_lag1,467,0.0,regime_comparison_01,democracy
full3,wdj_press_lag1,468,0.0,regime_comparison_01,democracy
full3,wdj_press_lag1,469,0.0,regime_comparison_01,democracy
full3,wdj_press_lag1,470,0.0,regime_comparison_01,democracy
full3,wdj_press_lag1,471,0.0,regime_comparison_01,democracy
full3,wdj_press_lag1,472,0.0,regime_comparison_01,democracy
full3,wdj_press_lag1,473,0.0,regime_comparison_01,democracy
full3,wdj_press_lag1,474,0.8703703880310059,regime_comparison_01,democracy
full3,wdj_press_lag1,475,0.8703703880310059,regime_comparison_01,democracy
full3,wdj_press_lag1,478,0.8703703880310059,regime_comparison_01,democracy
full3,wdj_press_lag1,480,0.8703703880310059,regime_comparison_01,democracy
full3,wdj_press_lag1,481,0.8703703880310059,regime_comparison_01,democracy
full3,wdj_press_lag1,482,0.8703703880310059,regime_comparison_01,democracy
full3,wdj_press_lag1,483,0.8703703880310059,regime_comparison_01,democracy
full3,wdj_press_lag1,484,0.8703703880310059,regime_comparison_01,democracy
full3,wdj_press_lag1,485,0.8703703880310059,regime_comparison_01,democracy
full3,wdj_press_lag1,486,0.8703703880310059,regime_comparison_01,democracy
full3,wdj_press_lag1,487,0.8703703880310059,regime_comparison_01,democracy
full3,wdj_press_lag1,488,0.8703703880310059,regime_comparison_01,democracy
full3,wdj_press_lag1,489,0.8703703880310059,regime_comparison_01,democracy
full3,wdj_press_lag1,491,0.8703703880310059,regime_comparison_01,democracy
full3,wdj_press_lag1,492,0.8703703880310059,regime_comparison_01,democracy
full3,wdj_press_lag1,493,0.8703703880310059,regime_comparison_01,democracy
full3,wdj_press_lag1,494,0.8240740895271301,regime_comparison_01,democracy
full3,wdj_press_lag1,495,0.8240740895271301,regime_comparison_01,democracy
full3,wdj_press_lag1,502,0.0,regime_comparison_01,democracy
full3,wdj_press_lag1,504,0.0,regime_comparison_01,democracy
full3,wdj_press_lag1,505,0.0,regime_comparison_01,democracy
full3,wdj_press_lag1,507,0.0,regime_comparison_01,democracy
full3,wdj_press_lag1,509,0.0,regime_comparison_01,democracy
full3,wdj_press_lag1,511,0.0,regime_comparison_01,democracy
full3,wdj_press_lag1,512,0.0,regime_comparison_01,democracy
full3,wdj_press_lag1,514,0.0,regime_comparison_01,democracy
full3,wdj_press_lag1,516,0.0,regime_comparison_01,democracy
full3,wdj_press_lag1,518,0.0,regime_comparison_01,democracy
full3,wdj_press_lag1,519,0.0,regime_comparison_01,democracy
full3,wdj_press_lag1,521,0.0,regime_comparison_01,democracy
full3,wdj_press_lag1,525,0.0,regime_comparison_01,democracy
full3,wdj_press_lag1,526,0.0,regime_comparison_01,democracy
full3,wdj_press_lag1,527,0.0,regime_comparison_01,democracy
full3,wdj_press_lag1,529,0.0,regime_comparison_01,democracy
full3,wdj_press_lag1,543,0.0,regime_comparison_01,democracy
full3,wdj_press_lag1,546,0.0,regime_comparison_01,democracy
full3,wdj_press_lag1,567,0.0,regime_comparison_01,democracy
full3,wdj_press_lag1,568,0.0,regime_comparison_01,democracy
full3,wdj_press_lag1,574,0.0,regime_comparison_01,democracy
full3,wdj_press_lag1,580,0.7638888955116272,regime_comparison_01,democracy
full3,wdj_press_lag1,596,0.0,regime_comparison_01,democracy
full3,wdj_press_lag1,597,0.0,regime_comparison_01,democracy
full3,wdj_press_lag1,598,0.0,regime_comparison_01,democracy
full3,wdj_press_lag1,599,0.0,regime_comparison_01,democracy
full3,wdj_press_lag1,600,0.8888888955116272,regime_comparison_01,democracy
full3,wdj_press_lag1,601,0.8888888955116272,regime_comparison_01,democracy
full3,wdj_press_lag1,615,0.0,regime_comparison_01,democracy
full3,wdj_press_lag1,616,0.0,regime_comparison_01,democracy
full3,wdj_press_lag1,620,0.5879629850387573,regime_comparison_01,democracy
full3,wdj_press_lag1,621,-0.8888888955116272,regime_comparison_01,democracy
full3,wdj_press_lag1,623,-0.8888888955116272,regime_comparison_01,democracy
full3,wdj_press_lag1,631,0.0,regime_comparison_01,democracy
full3,wdj_press_lag1,632,0.0,regime_comparison_01,democracy
full3,wdj_press_lag1,633,0.0,regime_comparison_01,democracy
full3,wdj_press_lag1,634,0.0,regime_comparison_01,democracy
full3,wdj_press_lag1,635,0.0,regime_comparison_01,democracy
full3,wdj_press_lag1,636,0.0,regime_comparison_01,democracy
full3,wdj_press_lag1,637,0.0,regime_comparison_01,democracy
full3,wdj_press_lag1,638,0.0,regime_comparison_01,democracy
full3,wdj_press_lag1,639,0.0,regime_comparison_01,democracy
full3,wdj_press_lag1,640,0.0,regime_comparison_01,democracy
full3,wdj_press_lag1,641,0.0,regime_comparison_01,democracy
full3,wdj_press_lag1,642,0.0,regime_comparison_01,democracy
full3,wdj_press_lag1,643,0.0,regime_comparison_01,democracy
full3,wdj_press_lag1,644,0.0,regime_comparison_01,democracy
full3,wdj_press_lag1,645,0.0,regime_comparison_01,democracy
full3,wdj_press_lag1,646,0.0,regime_comparison_01,democracy
full3,wdj_press_lag1,647,0.0,regime_comparison_01,democracy
full3,wdj_press_lag1,648,0.0,regime_comparison_01,democracy
full3,wdj_press_lag1,649,0.0,regime_comparison_01,democracy
full3,wdj_press_lag1,650,0.0,regime_comparison_01,democracy
full3,wdj_press_lag1,651,0.0,regime_comparison_01,democracy
full3,wdj_press_lag1,652,0.0,regime_comparison_01,democracy
full3,wdj_press_lag1,653,0.0,regime_comparison_01,democracy
full3,wdj_press_lag1,654,0.0,regime_comparison_01,democracy
full3,wdj_press_lag1,655,0.0,regime_comparison_01,democracy
full3,wdj_press_lag1,656,0.0,regime_comparison_01,democracy
full3,wdj_press_lag1,657,0.0,regime_comparison_01,democracy
full3,wdj_press_lag1,658,0.0,regime_comparison_01,democracy
full3,wdj_press_lag1,659,0.0,regime_comparison_01,democracy
full3,wdj_press_lag1,660,0.0,regime_comparison_01,democracy
full3,wdj_press_lag1,661,0.0,regime_comparison_01,democracy
full3,wdj_press_lag1,662,0.0,regime_comparison_01,democracy
full3,wdj_press_lag1,663,0.0,regime_comparison_01,democracy
full3,wdj_press_lag1,664,0.0,regime_comparison_01,democracy
full3,wdj_press_lag1,665,0.0,regime_comparison_01,democracy
full3,wdj_press_lag1,666,0.0,regime_comparison_01,democracy
full3,wdj_press_lag1,667,0.0,regime_comparison_01,democracy
full3,wdj_press_lag1,669,0.0,regime_comparison_01,democracy
full3,wdj_press_lag1,670,0.0,regime_comparison_01,democracy
full3,wdj_press_lag1,671,0.0,regime_comparison_01,democracy
full3,wdj_press_lag1,672,0.0,regime_comparison_01,democracy
full3,wdj_press_lag1,673,0.0,regime_comparison_01,democracy
full3,wdj_press_lag1,674,0.0,regime_comparison_01,democracy
full3,wdj_press_lag1,675,0.0,regime_comparison_01,democracy
full3,wdj_press_lag1,676,0.0,regime_comparison_01,democracy
full3,wdj_press_lag1,677,0.0,regime_comparison_01,democracy
full3,wdj_press_lag1,755,0.0,regime_comparison_01,democracy
full3,wdj_press_lag1,756,0.0,regime_comparison_01,democracy
full3,wdj_press_lag1,757,0.0,regime_comparison_01,democracy
full3,wdj_press_lag1,758,0.0,regime_comparison_01,democracy
full3,wdj_press_lag1,759,0.0,regime_comparison_01,democracy
full3,wdj_press_lag1,760,0.0,regime_comparison_01,democracy
full3,wdj_press_lag1,761,0.0,regime_comparison_01,democracy
full3,wdj_press_lag1,762,0.0,regime_comparison_01,democracy
full3,wdj_press_lag1,763,0.0,regime_comparison_01,democracy
full3,wdj_press_lag1,764,0.0,regime_comparison_01,democracy
full3,wdj_press_lag1,765,0.0,regime_comparison_01,democracy
full3,wdj_press_lag1,766,0.0,regime_comparison_01,democracy
full3,wdj_press_lag1,767,0.0,regime_comparison_01,democracy
full3,wdj_press_lag1,768,0.0,regime_comparison_01,democracy
full3,wdj_press_lag1,769,0.0,regime_comparison_01,democracy
full3,wdj_press_lag1,770,0.0,regime_comparison_01,democracy
full3,wdj_press_lag1,771,0.0,regime_comparison_01,democracy
full3,wdj_press_lag1,772,0.0,regime_comparison_01,democracy
full3,wdj_press_lag1,773,0.0,regime_comparison_01,democracy
full3,wdj_press_lag1,774,0.0,regime_comparison_01,democracy
full3,wdj_press_lag1,775,0.0,regime_comparison_01,democracy
full3,wdj_press_lag1,776,0.0,regime_comparison_01,democracy
full3,wdj_press_lag1,777,0.0,regime_comparison_01,democracy
full3,wdj_press_lag1,778,0.0,regime_comparison_01,democracy
full3,wdj_press_lag1,779,0.0,regime_comparison_01,democracy
full3,wdj_press_lag1,780,0.0,regime_comparison_01,democracy
full3,wdj_press_lag1,781,0.0,regime_comparison_01,democracy
full3,wdj_press_lag1,782,0.0,regime_comparison_01,democracy
full3,wdj_press_lag1,783,0.0,regime_comparison_01,democracy
full3,wdj_press_lag1,784,0.0,regime_comparison_01,democracy
full3,wdj_press_lag1,785,0.0,regime_comparison_01,democracy
full3,wdj_press_lag1,786,0.0,regime_comparison_01,democracy
full3,wdj_press_lag1,787,0.0,regime_comparison_01,democracy
full3,wdj_press_lag1,788,0.0,regime_comparison_01,democracy
full3,wdj_press_lag1,789,0.0,regime_comparison_01,democracy
full3,wdj_press_lag1,790,0.0,regime_comparison_01,democracy
full3,wdj_press_lag1,791,0.0,regime_comparison_01,democracy
full3,wdj_press_lag1,792,0.0,regime_comparison_01,democracy
full3,wdj_press_lag1,793,0.0,regime_comparison_01,democracy
full3,wdj_press_lag1,794,0.0,regime_comparison_01,democracy
full3,wdj_press_lag1,795,0.0,regime_comparison_01,democracy
full3,wdj_press_lag1,796,0.0,regime_comparison_01,democracy
full3,wdj_press_lag1,797,0.0,regime_comparison_01,democracy
full3,wdj_press_lag1,798,0.0,regime_comparison_01,democracy
full3,wdj_press_lag1,799,0.0,regime_comparison_01,democracy
full3,wdj_press_lag1,800,0.0,regime_comparison_01,democracy
full3,wdj_press_lag1,801,0.0,regime_comparison_01,democracy
full3,wdj_press_lag1,802,0.0,regime_comparison_01,democracy
full3,wdj_press_lag1,803,0.0,regime_comparison_01,democracy
full3,wdj_press_lag1,804,0.0,regime_comparison_01,democracy
full3,wdj_press_lag1,805,0.0,regime_comparison_01,democracy
full3,wdj_press_lag1,806,0.0,regime_comparison_01,democracy
full3,wdj_press_lag1,807,0.0,regime_comparison_01,democracy
full3,wdj_press_lag1,808,0.0,regime_comparison_01,democracy
full3,wdj_press_lag1,809,0.0,regime_comparison_01,democracy
full3,wdj_press_lag1,810,0.0,regime_comparison_01,democracy
full3,wdj_press_lag1,811,0.0,regime_comparison_01,democracy
full3,wdj_press_lag1,812,0.0,regime_comparison_01,democracy
full3,wdj_press_lag1,813,0.0,regime_comparison_01,democracy
full3,wdj_press_lag1,814,0.0,regime_comparison_01,democracy
full3,wdj_press_lag1,815,0.0,regime_comparison_01,democracy
full3,wdj_press_lag1,816,0.0,regime_comparison_01,democracy
full3,wdj_press_lag1,817,0.0,regime_comparison_01,democracy
full3,wdj_press_lag1,818,0.0,regime_comparison_01,democracy
full3,wdj_press_lag1,819,0.0,regime_comparison_01,democracy
full3,wdj_press_lag1,820,0.0,regime_comparison_01,democracy
full3,wdj_press_lag1,821,0.0,regime_comparison_01,democracy
full3,wdj_press_lag1,822,0.0,regime_comparison_01,democracy
full3,wdj_press_lag1,823,0.0,regime_comparison_01,democracy
full3,wdj_press_lag1,824,0.0,regime_comparison_01,democracy
full3,wdj_press_lag1,825,0.0,regime_comparison_01,democracy
full3,wdj_press_lag1,826,0.0,regime_comparison_01,democracy
full3,wdj_press_lag1,827,0.0,regime_comparison_01,democracy
full3,wdj_press_lag1,828,0.0,regime_comparison_01,democracy
full3,wdj_press_lag1,829,0.0,regime_comparison_01,democracy
full3,wdj_press_lag1,830,0.0,regime_comparison_01,democracy
full3,wdj_press_lag1,831,0.0,regime_comparison_01,democracy
full3,wdj_press_lag1,832,0.0,regime_comparison_01,democracy
full3,wdj_press_lag1,833,0.0,regime_comparison_01,democracy
full3,wdj_press_lag1,834,0.0,regime_comparison_01,democracy
full3,wdj_press_lag1,835,0.0,regime_comparison_01,democracy
full3,wdj_press_lag1,836,0.0,regime_comparison_01,democracy
full3,wdj_press_lag1,837,0.0,regime_comparison_01,democracy
full3,wdj_press_lag1,838,0.0,regime_comparison_01,democracy
full3,wdj_press_lag1,839,0.0,regime_comparison_01,democracy
full3,wdj_press_lag1,840,0.0,regime_comparison_01,democracy
full3,wdj_press_lag1,841,0.0,regime_comparison_01,democracy
full3,wdj_press_lag1,842,0.0,regime_comparison_01,democracy
full3,wdj_press_lag1,843,0.0,regime_comparison_01,democracy
full3,wdj_press_lag1,844,0.0,regime_comparison_01,democracy
full3,wdj_press_lag1,845,0.0,regime_comparison_01,democracy
full3,wdj_press_lag1,846,0.0,regime_comparison_01,democracy
full3,wdj_press_lag1,847,0.0,regime_comparison_01,democracy
full3,wdj_press_lag1,848,0.0,regime_comparison_01,democracy
full3,wdj_press_lag1,849,0.0,regime_comparison_01,democracy
full3,wdj_press_lag1,850,0.0,regime_comparison_01,democracy
full3,wdj_press_lag1,851,0.0,regime_comparison_01,democracy
full3,wdj_press_lag1,852,0.0,regime_comparison_01,democracy
full3,wdj_press_lag1,853,0.0,regime_comparison_01,democracy
full3,wdj_press_lag1,854,0.0,regime_comparison_01,democracy
full3,wdj_press_lag1,855,0.0,regime_comparison_01,democracy
full3,wdj_press_lag1,856,0.0,regime_comparison_01,democracy
full3,wdj_press_lag1,857,0.0,regime_comparison_01,democracy
full3,wdj_press_lag1,858,0.0,regime_comparison_01,democracy
full3,wdj_press_lag1,859,0.0,regime_comparison_01,democracy
full3,wdj_press_lag1,860,0.0,regime_comparison_01,democracy
full3,wdj_press_lag1,861,0.0,regime_comparison_01,democracy
full3,wdj_press_lag1,862,0.0,regime_comparison_01,democracy
full3,wdj_press_lag1,863,0.0,regime_comparison_01,democracy
full3,wdj_press_lag1,864,0.0,regime_comparison_01,democracy
full3,wdj_press_lag1,865,0.0,regime_comparison_01,democracy
full3,wdj_press_lag1,866,0.0,regime_comparison_01,democracy
full3,wdj_press_lag1,867,0.0,regime_comparison_01,democracy
full3,wdj_press_lag1,868,0.0,regime_comparison_01,democracy
full3,wdj_press_lag1,869,0.0,regime_comparison_01,democracy
full3,wdj_press_lag1,870,0.0,regime_comparison_01,democracy
full3,wdj_press_lag1,871,0.0,regime_comparison_01,democracy
full3,wdj_press_lag1,872,0.0,regime_comparison_01,democracy
full3,wdj_press_lag1,873,0.0,regime_comparison_01,democracy
full3,wdj_press_lag1,874,0.0,regime_comparison_01,democracy
full3,wdj_press_lag1,875,0.0,regime_comparison_01,democracy
full3,wdj_press_lag1,876,0.0,regime_comparison_01,democracy
full3,wdj_press_lag1,877,0.0,regime_comparison_01,democracy
full3,wdj_press_lag1,878,0.0,regime_comparison_01,democracy
full3,wdj_press_lag1,879,0.0,regime_comparison_01,democracy
full3,wdj_press_lag1,880,0.0,regime_comparison_01,democracy
full3,wdj_press_lag1,881,0.0,regime_comparison_01,democracy
full3,wdj_press_lag1,882,0.0,regime_comparison_01,democracy
full3,wdj_press_lag1,883,0.0,regime_comparison_01,democracy
full3,wdj_press_lag1,884,0.0,regime_comparison_01,democracy
full3,wdj_press_lag1,885,0.0,regime_comparison_01,democracy
full3,wdj_press_lag1,886,0.0,regime_comparison_01,democracy
full3,wdj_press_lag1,887,0.0,regime_comparison_01,democracy
full3,wdj_press_lag1,888,0.0,regime_comparison_01,democracy
full3,wdj_press_lag1,889,0.0,regime_comparison_01,democracy
full3,wdj_press_lag1,890,0.0,regime_comparison_01,democracy
full3,wdj_press_lag1,891,0.0,regime_comparison_01,democracy
full3,wdj_press_lag1,892,0.0,regime_comparison_01,democracy
full3,wdj_press_lag1,893,0.0,regime_comparison_01,democracy
full3,wdj_press_lag1,894,0.0,regime_comparison_01,democracy
full3,wdj_press_lag1,895,0.0,regime_comparison_01,democracy
full3,wdj_press_lag1,896,0.0,regime_comparison_01,democracy
full3,wdj_press_lag1,897,0.0,regime_comparison_01,democracy
full3,wdj_press_lag1,898,0.0,regime_comparison_01,democracy
full3,wdj_press_lag1,899,0.0,regime_comparison_01,democracy
full3,wdj_press_lag1,900,0.0,regime_comparison_01,democracy
full3,wdj_press_lag1,901,0.0,regime_comparison_01,democracy
full3,wdj_press_lag1,902,0.0,regime_comparison_01,democracy
full3,wdj_press_lag1,903,0.0,regime_comparison_01,democracy
full3,wdj_press_lag1,904,0.0,regime_comparison_01,democracy
full3,wdj_press_lag1,905,0.0,regime_comparison_01,democracy
full3,wdj_press_lag1,906,0.0,regime_comparison_01,democracy
full3,wdj_press_lag1,908,0.0,regime_comparison_01,democracy
full3,wdj_press_lag1,909,0.0,regime_comparison_01,democracy
full3,wdj_press_lag1,910,0.0,regime_comparison_01,democracy
full3,wdj_press_lag1,911,0.0,regime_comparison_01,democracy
full3,wdj_press_lag1,912,0.0,regime_comparison_01,democracy
full3,wdj_press_lag1,913,0.0,regime_comparison_01,democracy
full3,wdj_press_lag1,914,0.0,regime_comparison_01,democracy
full3,wdj_press_lag1,915,0.0,regime_comparison_01,democracy
full3,wdj_press_lag1,916,0.0,regime_comparison_01,democracy
full3,wdj_press_lag1,917,0.0,regime_comparison_01,democracy
full3,wdj_press_lag1,918,0.0,regime_comparison_01,democracy
full3,wdj_press_lag1,919,0.0,regime_comparison_01,democracy
full3,wdj_press_lag1,920,0.0,regime_comparison_01,democracy
full3,wdj_press_lag1,921,0.0,regime_comparison_01,democracy
full3,wdj_press_lag1,922,0.0,regime_comparison_01,democracy
full3,wdj_press_lag1,923,0.0,regime_comparison_01,democracy
full3,wdj_press_lag1,924,0.0,regime_comparison_01,democracy
full3,wdj_press_lag1,925,0.0,regime_comparison_01,democracy
full3,wdj_press_lag1,926,0.0,regime_comparison_01,democracy
full3,wdj_press_lag1,927,0.0,regime_comparison_01,democracy
full3,wdj_press_lag1,928,0.0,regime_comparison_01,democracy
full3,wdj_press_lag1,929,0.0,regime_comparison_01,democracy
full3,wdj_press_lag1,930,0.0,regime_comparison_01,democracy
full3,wdj_press_lag1,931,0.0,regime_comparison_01,democracy
full3,wdj_press_lag1,932,0.0,regime_comparison_01,democracy
full3,wdj_press_lag1,933,0.0,regime_comparison_01,democracy
full3,wdj_press_lag1,934,0.0,regime_comparison_01,democracy
full3,wdj_press_lag1,935,0.0,regime_comparison_01,democracy
full3,wdj_press_lag1,936,0.0,regime_comparison_01,democracy
full3,wdj_press_lag1,937,0.0,regime_comparison_01,democracy
full3,wdj_press_lag1,938,0.0,regime_comparison_01,democracy
full3,wdj_press_lag1,939,0.0,regime_comparison_01,democracy
full3,wdj_press_lag1,940,0.0,regime_comparison_01,democracy
full3,wdj_press_lag1,941,0.0,regime_comparison_01,democracy
full3,wdj_press_lag1,942,0.0,regime_comparison_01,democracy
full3,wdj_press_lag1,943,0.0,regime_comparison_01,democracy
full3,wdj_press_lag1,944,0.0,regime_comparison_01,democracy
full3,wdj_press_lag1,945,0.0,regime_comparison_01,democracy
full3,wdj_press_lag1,946,0.0,regime_comparison_01,democracy
full3,wdj_press_lag1,947,0.0,regime_comparison_01,democracy
full3,wdj_press_lag1,948,0.0,regime_comparison_01,democracy
full3,wdj_press_lag1,949,0.0,regime_comparison_01,democracy
full3,wdj_press_lag1,950,0.0,regime_comparison_01,democracy
full3,wdj_press_lag1,951,0.0,regime_comparison_01,democracy
full3,wdj_press_lag1,952,0.0,regime_comparison_01,democracy
full3,wdj_press_lag1,953,0.0,regime_comparison_01,democracy
full3,wdj_press_lag1,954,0.0,regime_comparison_01,democracy
full3,wdj_press_lag1,955,0.0,regime_comparison_01,democracy
full3,wdj_press_lag1,956,0.0,regime_comparison_01,democracy
full3,wdj_press_lag1,957,0.0,regime_comparison_01,democracy
full3,wdj_press_lag1,958,0.0,regime_comparison_01,democracy
full3,wdj_press_lag1,959,0.0,regime_comparison_01,democracy
full3,wdj_press_lag1,960,0.0,regime_comparison_01,democracy
full3,wdj_press_lag1,961,0.0,regime_comparison_01,democracy
full3,wdj_press_lag1,962,0.0,regime_comparison_01,democracy
full3,wdj_press_lag1,963,0.0,regime_comparison_01,democracy
full3,wdj_press_lag1,964,0.0,regime_comparison_01,democracy
full3,wdj_press_lag1,965,0.0,regime_comparison_01,democracy
full3,wdj_press_lag1,966,0.0,regime_comparison_01,democracy
full3,wdj_press_lag1,967,0.0,regime_comparison_01,democracy
full3,wdj_press_lag1,968,0.0,regime_comparison_01,democracy
full3,wdj_press_lag1,969,0.0,regime_comparison_01,democracy
full3,wdj_press_lag1,970,0.0,regime_comparison_01,democracy
full3,wdj_press_lag1,971,0.0,regime_comparison_01,democracy
full3,wdj_press_lag1,972,0.0,regime_comparison_01,democracy
full3,wdj_press_lag1,973,0.0,regime_comparison_01,democracy
full3,wdj_press_lag1,974,0.0,regime_comparison_01,democracy
full3,wdj_press_lag1,975,0.0,regime_comparison_01,democracy
full3,wdj_press_lag1,976,0.0,regime_comparison_01,democracy
full3,wdj_press_lag1,977,0.0,regime_comparison_01,democracy
full3,wdj_press_lag1,978,0.0,regime_comparison_01,democracy
full3,wdj_press_lag1,979,0.0,regime_comparison_01,democracy
full3,wdj_press_lag1,980,0.0,regime_comparison_01,democracy
full3,wdj_press_lag1,981,0.0,regime_comparison_01,democracy
full3,wdj_press_lag1,982,0.0,regime_comparison_01,democracy
full3,wdj_press_lag1,983,0.0,regime_comparison_01,democracy
full3,wdj_press_lag1,984,0.0,regime_comparison_01,democracy
full3,wdj_press_lag1,985,0.0,regime_comparison_01,democracy
full3,wdj_press_lag1,986,0.0,regime_comparison_01,democracy
full3,wdj_press_lag1,987,0.0,regime_comparison_01,democracy
full3,wdj_press_lag1,988,0.0,regime_comparison_01,democracy
full3,wdj_press_lag1,989,0.0,regime_comparison_01,democracy
full3,wdj_press_lag1,990,0.0,regime_comparison_01,democracy
full3,wdj_press_lag1,991,0.0,regime_comparison_01,democracy
full3,wdj_press_lag1,992,0.0,regime_comparison_01,democracy
full3,wdj_press_lag1,993,0.0,regime_comparison_01,democracy
full3,wdj_press_lag1,994,0.0,regime_comparison_01,democracy
full3,wdj_press_lag1,995,0.0,regime_comparison_01,democracy
full3,wdj_press_lag1,996,0.0,regime_comparison_01,democracy
full3,wdj_press_lag1,997,0.0,regime_comparison_01,democracy
full3,wdj_press_lag1,998,0.0,regime_comparison_01,democracy
full3,wdj_press_lag1,999,0.0,regime_comparison_01,democracy
full3,wdj_press_lag1,1000,0.0,regime_comparison_01,democracy
full3,wdj_press_lag1,1001,0.0,regime_comparison_01,democracy
full3,wdj_press_lag1,1002,0.0,regime_comparison_01,democracy
full3,wdj_press_lag1,1003,0.0,regime_comparison_01,democracy
full3,wdj_press_lag1,1004,0.0,regime_comparison_01,democracy
full3,wdj_press_lag1,1005,0.0,regime_comparison_01,democracy
full3,wdj_press_lag1,1006,0.0,regime_comparison_01,democracy
full3,wdj_press_lag1,1007,0.0,regime_comparison_01,democracy
full3,wdj_press_lag1,1009,0.0,regime_comparison_01,democracy
full3,wdj_press_lag1,1010,0.0,regime_comparison_01,democracy
full3,wdj_press_lag1,1011,0.0,regime_comparison_01,democracy
full3,wdj_press_lag1,1012,0.0,regime_comparison_01,democracy
full3,wdj_press_lag1,1014,0.0,regime_comparison_01,democracy
full3,wdj_press_lag1,1016,0.0,regime_comparison_01,democracy
full3,wdj_press_lag1,1017,0.0,regime_comparison_01,democracy
full3,wdj_press_lag1,1018,0.0,regime_comparison_01,democracy
full3,wdj_press_lag1,1019,0.0,regime_comparison_01,democracy
full3,wdj_press_lag1,1021,0.0,regime_comparison_01,democracy
full3,wdj_press_lag1,1022,0.0,regime_comparison_01,democracy
full3,wdj_press_lag1,1023,0.0,regime_comparison_01,democracy
full3,wdj_press_lag1,1024,0.0,regime_comparison_01,democracy
full3,wdj_press_lag1,1025,0.0,regime_comparison_01,democracy
full3,wdj_press_lag1,1026,0.0,regime_comparison_01,democracy
full3,wdj_press_lag1,1027,0.0,regime_comparison_01,democracy
full3,wdj_press_lag1,1028,0.0,regime_comparison_01,democracy
full3,wdj_press_lag1,1029,0.0,regime_comparison_01,democracy
full3,wdj_press_lag1,1031,0.0,regime_comparison_01,democracy
full3,wdj_press_lag1,1033,0.0,regime_comparison_01,democracy
full3,wdj_press_lag1,1036,0.0,regime_comparison_01,democracy
full3,wdj_press_lag1,1038,0.0,regime_comparison_01,democracy
full3,wdj_press_lag1,1039,0.0,regime_comparison_01,democracy
full3,wdj_press_lag1,1041,0.0,regime_comparison_01,democracy
full3,wdj_press_lag1,1043,0.0,regime_comparison_01,democracy
full3,wdj_press_lag1,1045,0.0,regime_comparison_01,democracy
full3,wdj_press_lag1,1049,0.0,regime_comparison_01,democracy
full3,wdj_press_lag1,1051,0.0,regime_comparison_01,democracy
full3,wdj_press_lag1,1052,0.0,regime_comparison_01,democracy
full3,wdj_press_lag1,1055,0.0,regime_comparison_01,democracy
full3,wdj_press_lag1,1056,0.0,regime_comparison_01,democracy
full3,wdj_press_lag1,1058,0.0,regime_comparison_01,democracy
full3,wdj_press_lag1,1059,0.0,regime_comparison_01,democracy
full3,wdj_press_lag1,1060,0.0,regime_comparison_01,democracy
full4,court_independence_lag1,3,3.0369999408721924,regime_comparison_01,democracy
full4,court_independence_lag1,4,3.0139999389648438,regime_comparison_01,democracy
full4,court_independence_lag1,5,3.0139999389648438,regime_comparison_01,democracy
full4,court_independence_lag1,6,3.0369999408721924,regime_comparison_01,democracy
full4,court_independence_lag1,7,3.0139999389648438,regime_comparison_01,democracy
full4,court_independence_lag1,8,3.365999937057495,regime_comparison_01,democracy
full4,court_independence_lag1,9,3.0139999389648438,regime_comparison_01,democracy
full4,court_independence_lag1,10,2.5280001163482666,regime_comparison_01,democracy
full4,court_independence_lag1,11,3.2790000438690186,regime_comparison_01,democracy
full4,court_independence_lag1,12,3.0139999389648438,regime_comparison_01,democracy
full4,court_independence_lag1,13,3.0139999389648438,regime_comparison_01,democracy
full4,court_independence_lag1,14,3.0139999389648438,regime_comparison_01,democracy
full4,court_independence_lag1,15,3.2790000438690186,regime_comparison_01,democracy
full4,court_independence_lag1,16,3.0139999389648438,regime_comparison_01,democracy
full4,court_independence_lag1,17,3.0139999389648438,regime_comparison_01,democracy
full4,court_independence_lag1,19,3.0139999389648438,regime_comparison_01,democracy
full4,court_independence_lag1,33,-1.3279999494552612,regime_comparison_01,democracy
full4,court_independence_lag1,35,1.9490000009536743,regime_comparison_01,democracy
full4,court_independence_lag1,37,1.9490000009536743,regime_comparison_01,democracy
full4,court_independence_lag1,38,1.2790000438690186,regime_comparison_01,democracy
full4,court_independence_lag1,39,1.6699999570846558,regime_comparison_01,democracy
full4,court_independence_lag1,48,2.1989998817443848,regime_comparison_01,democracy
full4,court_independence_lag1,49,2.1989998817443848,regime_comparison_01,democracy
full4,court_independence_lag1,50,2.1989998817443848,regime_comparison_01,democracy
full4,court_independence_lag1,51,2.1989998817443848,regime_comparison_01,democracy
full4,court_independence_lag1,52,2.1989998817443848,regime_comparison_01,democracy
full4,court_independence_lag1,53,2.1989998817443848,regime_comparison_01,democracy
full4,court_independence_lag1,54,2.1989998817443848,regime_comparison_01,democracy
full4,court_independence_lag1,55,2.1989998817443848,regime_comparison_01,democracy
full4,court_independence_lag1,56,2.2890000343322754,regime_comparison_01,democracy
full4,court_independence_lag1,57,2.1989998817443848,regime_comparison_01,democracy
full4,court_independence_lag1,58,2.1989998817443848,regime_comparison_01,democracy
full4,court_independence_lag1,59,2.2890000343322754,regime_comparison_01,democracy
full4,court_independence_lag1,60,2.2890000343322754,regime_comparison_01,democracy
full4,court_independence_lag1,61,2.2890000343322754,regime_comparison_01,democracy
full4,court_independence_lag1,62,2.1989998817443848,regime_comparison_01,democracy
full4,court_independence_lag1,63,2.1989998817443848,regime_comparison_01,democracy
full4,court_independence_lag1,64,2.2890000343322754,regime_comparison_01,democracy
full4,court_independence_lag1,65,2.1989998817443848,regime_comparison_01,democracy
full4,court_independence_lag1,66,2.1989998817443848,regime_comparison_01,democracy
full4,court_independence_lag1,67,2.2890000343322754,regime_comparison_01,democracy
full4,court_independence_lag1,68,2.1989998817443848,regime_comparison_01,democracy
full4,court_independence_lag1,69,2.2890000343322754,regime_comparison_01,democracy
full4,court_independence_lag1,70,2.2890000343322754,regime_comparison_01,democracy
full4,court_independence_lag1,71,2.2890000343322754,regime_comparison_01,democracy
full4,court_independence_lag1,72,2.1989998817443848,regime_comparison_01,democracy
full4,court_independence_lag1,73,2.1989998817443848,regime_comparison_01,democracy
full4,court_independence_lag1,74,2.1989998817443848,regime_comparison_01,democracy
full4,court_independence_lag1,75,2.2890000343322754,regime_comparison_01,democracy
full4,court_independence_lag1,76,1.8730000257492065,regime_comparison_01,democracy
full4,court_independence_lag1,77,2.9030001163482666,regime_comparison_01,democracy
full4,court_independence_lag1,82,1.565000057220459,regime_comparison_01,democracy
full4,court_independence_lag1,83,1.565000057220459,regime_comparison_01,democracy
full4,court_independence_lag1,84,1.565000057220459,regime_comparison_01,democracy
full4,court_independence_lag1,85,2.2239999771118164,regime_comparison_01,democracy
full4,court_independence_lag1,86,1.565000057220459,regime_comparison_01,democracy
full4,court_independence_lag1,89,1.5980000495910645,regime_comparison_01,democracy
full4,court_independence_lag1,90,2.500999927520752,regime_comparison_01,democracy
full4,court_independence_lag1,91,1.5980000495910645,regime_comparison_01,democracy
full4,court_independence_lag1,92,1.5980000495910645,regime_comparison_01,democracy
full4,court_independence_lag1,93,1.5980000495910645,regime_comparison_01,democracy
full4,court_independence_lag1,94,2.2219998836517334,regime_comparison_01,democracy
full4,court_independence_lag1,95,2.5889999866485596,regime_comparison_01,democracy
full4,court_independence_lag1,96,1.5449999570846558,regime_comparison_01,democracy
full4,court_independence_lag1,97,1.0800000429153442,regime_comparison_01,democracy
full4,court_independence_lag1,98,1.0800000429153442,regime_comparison_01,democracy
full4,court_independence_lag1,99,1.0800000429153442,regime_comparison_01,democracy
full4,court_independence_lag1,100,1.0800000429153442,regime_comparison_01,democracy
full4,court_independence_lag1,118,1.7890000343322754,regime_comparison_01,democracy
full4,court_independence_lag1,122,2.1530001163482666,regime_comparison_01,democracy
full4,court_independence_lag1,128,2.1530001163482666,regime_comparison_01,democracy
full4,court_independence_lag1,136,1.7000000476837158,regime_comparison_01,democracy
full4,court_independence_lag1,138,1.7000000476837158,regime_comparison_01,democracy
full4,court_independence_lag1,139,1.7000000476837158,regime_comparison_01,democracy
full4,court_independence_lag1,140,2.1559998989105225,regime_comparison_01,democracy
full4,court_independence_lag1,145,-0.06199999898672104,regime_comparison_01,democracy
full4,court_independence_lag1,161,1.9079999923706055,regime_comparison_01,democracy
full4,court_independence_lag1,162,1.5420000553131104,regime_comparison_01,democracy
full4,court_independence_lag1,163,1.5420000553131104,regime_comparison_01,democracy
full4,court_independence_lag1,164,1.5420000553131104,regime_comparison_01,democracy
full4,court_independence_lag1,169,1.4019999504089355,regime_comparison_01,democracy
full4,court_independence_lag1,170,1.9670000076293945,regime_comparison_01,democracy
full4,court_independence_lag1,171,1.0850000381469727,regime_comparison_01,democracy
full4,court_independence_lag1,172,1.0850000381469727,regime_comparison_01,democracy
full4,court_independence_lag1,173,1.0850000381469727,regime_comparison_01,democracy
full4,court_independence_lag1,174,1.090000033378601,regime_comparison_01,democracy
full4,court_independence_lag1,177,1.003000020980835,regime_comparison_01,democracy
full4,court_independence_lag1,183,0.6869999766349792,regime_comparison_01,democracy
full4,court_independence_lag1,184,0.9039999842643738,regime_comparison_01,democracy
full4,court_independence_lag1,186,0.9039999842643738,regime_comparison_01,democracy
full4,court_independence_lag1,187,0.6959999799728394,regime_comparison_01,democracy
full4,court_independence_lag1,193,1.8739999532699585,regime_comparison_01,democracy
full4,court_independence_lag1,194,1.5549999475479126,regime_comparison_01,democracy
full4,court_independence_lag1,195,1.406000018119812,regime_comparison_01,democracy
full4,court_independence_lag1,197,1.2569999694824219,regime_comparison_01,democracy
full4,court_independence_lag1,200,0.5860000252723694,regime_comparison_01,democracy
full4,court_independence_lag1,201,0.5860000252723694,regime_comparison_01,democracy
full4,court_independence_lag1,202,0.6769999861717224,regime_comparison_01,democracy
full4,court_independence_lag1,204,0.8790000081062317,regime_comparison_01,democracy
full4,court_independence_lag1,205,0.8790000081062317,regime_comparison_01,democracy
full4,court_independence_lag1,221,0.4740000069141388,regime_comparison_01,democracy
full4,court_independence_lag1,223,0.9399999976158142,regime_comparison_01,democracy
full4,court_independence_lag1,234,1.7209999561309814,regime_comparison_01,democracy
full4,court_independence_lag1,236,1.7920000553131104,regime_comparison_01,democracy
full4,court_independence_lag1,251,0.6909999847412109,regime_comparison_01,democracy
full4,court_independence_lag1,252,0.9089999794960022,regime_comparison_01,democracy
full4,court_independence_lag1,253,0.9089999794960022,regime_comparison_01,democracy
full4,court_independence_lag1,254,1.3919999599456787,regime_comparison_01,democracy
full4,court_independence_lag1,255,1.3919999599456787,regime_comparison_01,democracy
full4,court_independence_lag1,256,1.3919999599456787,regime_comparison_01,democracy
full4,court_independence_lag1,257,1.3919999599456787,regime_comparison_01,democracy
full4,court_independence_lag1,258,1.3919999599456787,regime_comparison_01,democracy
full4,court_independence_lag1,259,0.9089999794960022,regime_comparison_01,democracy
full4,court_independence_lag1,260,1.2799999713897705,regime_comparison_01,democracy
full4,court_independence_lag1,261,1.3919999599456787,regime_comparison_01,democracy
full4,court_independence_lag1,262,1.2799999713897705,regime_comparison_01,democracy
full4,court_independence_lag1,263,1.3919999599456787,regime_comparison_01,democracy
full4,court_independence_lag1,264,1.3919999599456787,regime_comparison_01,democracy
full4,court_independence_lag1,265,1.3919999599456787,regime_comparison_01,democracy
full4,court_independence_lag1,266,1.49399995803833,regime_comparison_01,democracy
full4,court_independence_lag1,267,1.5540000200271606,regime_comparison_01,democracy
full4,court_independence_lag1,268,1.49399995803833,regime_comparison_01,democracy
full4,court_independence_lag1,269,1.5540000200271606,regime_comparison_01,democracy
full4,court_independence_lag1,270,1.49399995803833,regime_comparison_01,democracy
full4,court_independence_lag1,271,1.49399995803833,regime_comparison_01,democracy
full4,court_independence_lag1,272,1.3769999742507935,regime_comparison_01,democracy
full4,court_independence_lag1,273,1.86899995803833,regime_comparison_01,democracy
full4,court_independence_lag1,274,1.86899995803833,regime_comparison_01,democracy
full4,court_independence_lag1,275,2.0309998989105225,regime_comparison_01,democracy
full4,court_independence_lag1,278,1.9539999961853027,regime_comparison_01,democracy
full4,court_independence_lag1,280,1.4490000009536743,regime_comparison_01,democracy
full4,court_independence_lag1,323,1.8530000448226929,regime_comparison_01,democracy
full4,court_independence_lag1,324,1.3359999656677246,regime_comparison_01,democracy
full4,court_independence_lag1,325,1.5740000009536743,regime_comparison_01,democracy
full4,court_independence_lag1,326,1.0549999475479126,regime_comparison_01,democracy
full4,court_independence_lag1,327,1.875,regime_comparison_01,democracy
full4,court_independence_lag1,328,1.875,regime_comparison_01,democracy
full4,court_independence_lag1,329,1.875,regime_comparison_01,democracy
full4,court_independence_lag1,330,1.875,regime_comparison_01,democracy
full4,court_independence_lag1,331,1.875,regime_comparison_01,democracy
full4,court_independence_lag1,332,1.875,regime_comparison_01,democracy
full4,court_independence_lag1,333,1.875,regime_comparison_01,democracy
full4,court_independence_lag1,334,1.875,regime_comparison_01,democracy
full4,court_independence_lag1,335,1.875,regime_comparison_01,democracy
full4,court_independence_lag1,336,2.3269999027252197,regime_comparison_01,democracy
full4,court_independence_lag1,337,2.3269999027252197,regime_comparison_01,democracy
full4,court_independence_lag1,338,2.3269999027252197,regime_comparison_01,democracy
full4,court_independence_lag1,339,2.3269999027252197,regime_comparison_01,democracy
full4,court_independence_lag1,340,2.3269999027252197,regime_comparison_01,democracy
full4,court_independence_lag1,341,2.3269999027252197,regime_comparison_01,democracy
full4,court_independence_lag1,342,1.4539999961853027,regime_comparison_01,democracy
full4,court_independence_lag1,343,2.3269999027252197,regime_comparison_01,democracy
full4,court_independence_lag1,344,1.4539999961853027,regime_comparison_01,democracy
full4,court_independence_lag1,345,2.3269999027252197,regime_comparison_01,democracy
full4,court_independence_lag1,346,2.3269999027252197,regime_comparison_01,democracy
full4,court_independence_lag1,347,2.3269999027252197,regime_comparison_01,democracy
full4,court_independence_lag1,348,2.3269999027252197,regime_comparison_01,democracy
full4,court_independence_lag1,349,2.3269999027252197,regime_comparison_01,democracy
full4,court_independence_lag1,350,2.3269999027252197,regime_comparison_01,democracy
full4,court_independence_lag1,351,1.4539999961853027,regime_comparison_01,democracy
full4,court_independence_lag1,352,2.3269999027252197,regime_comparison_01,democracy
full4,court_independence_lag1,353,1.4539999961853027,regime_comparison_01,democracy
full4,court_independence_lag1,354,2.3269999027252197,regime_comparison_01,democracy
full4,court_independence_lag1,355,1.4539999961853027,regime_comparison_01,democracy
full4,court_independence_lag1,356,1.4539999961853027,regime_comparison_01,democracy
full4,court_independence_lag1,357,2.3269999027252197,regime_comparison_01,democracy
full4,court_independence_lag1,358,1.4539999961853027,regime_comparison_01,democracy
full4,court_independence_lag1,359,2.3269999027252197,regime_comparison_01,democracy
full4,court_independence_lag1,360,2.3269999027252197,regime_comparison_01,democracy
full4,court_independence_lag1,361,2.3269999027252197,regime_comparison_01,democracy
full4,court_independence_lag1,362,2.3269999027252197,regime_comparison_01,democracy
full4,court_independence_lag1,363,2.3269999027252197,regime_comparison_01,democracy
full4,court_independence_lag1,364,1.8619999885559082,regime_comparison_01,democracy
full4,court_independence_lag1,365,1.8619999885559082,regime_comparison_01,democracy
full4,court_independence_lag1,366,2.3269999027252197,regime_comparison_01,democracy
full4,court_independence_lag1,367,2.3269999027252197,regime_comparison_01,democracy
full4,court_independence_lag1,368,2.5220000743865967,regime_comparison_01,democracy
full4,court_independence_lag1,369,2.5220000743865967,regime_comparison_01,democracy
full4,court_independence_lag1,370,2.5220000743865967,regime_comparison_01,democracy
full4,court_independence_lag1,371,2.365999937057495,regime_comparison_01,democracy
full4,court_independence_lag1,372,2.365999937057495,regime_comparison_01,democracy
full4,court_independence_lag1,373,2.365999937057495,regime_comparison_01,democracy
full4,court_independence_lag1,374,2.6449999809265137,regime_comparison_01,democracy
full4,court_independence_lag1,375,2.6449999809265137,regime_comparison_01,democracy
full4,court_independence_lag1,376,2.6449999809265137,regime_comparison_01,democracy
full4,court_independence_lag1,377,2.61899995803833,regime_comparison_01,democracy
full4,court_independence_lag1,378,2.2330000400543213,regime_comparison_01,democracy
full4,court_independence_lag1,379,2.184000015258789,regime_comparison_01,democracy
full4,court_independence_lag1,382,2.1019999980926514,regime_comparison_01,democracy
full4,court_independence_lag1,383,1.9520000219345093,regime_comparison_01,democracy
full4,court_independence_lag1,384,2.359999895095825,regime_comparison_01,democracy
full4,court_independence_lag1,385,2.069000005722046,regime_comparison_01,democracy
full4,court_independence_lag1,386,2.575000047683716,regime_comparison_01,democracy
full4,court_independence_lag1,400,0.6349999904632568,regime_comparison_01,democracy
full4,court_independence_lag1,414,3.365999937057495,regime_comparison_01,democracy
full4,court_independence_lag1,415,2.5280001163482666,regime_comparison_01,democracy
full4,court_independence_lag1,416,3.0139999389648438,regime_comparison_01,democracy
full4,court_independence_lag1,417,2.5280001163482666,regime_comparison_01,democracy
full4,court_independence_lag1,418,3.0139999389648438,regime_comparison_01,democracy
full4,court_independence_lag1,419,2.5280001163482666,regime_comparison_01,democracy
full4,court_independence_lag1,420,3.0139999389648438,regime_comparison_01,democracy
full4,court_independence_lag1,421,3.0139999389648438,regime_comparison_01,democracy
full4,court_independence_lag1,422,3.0139999389648438,regime_comparison_01,democracy
full4,court_independence_lag1,423,3.2790000438690186,regime_comparison_01,democracy
full4,court_independence_lag1,424,3.0139999389648438,regime_comparison_01,democracy
full4,court_independence_lag1,425,3.2790000438690186,regime_comparison_01,democracy
full4,court_independence_lag1,426,3.0139999389648438,regime_comparison_01,democracy
full4,court_independence_lag1,427,3.0139999389648438,regime_comparison_01,democracy
full4,court_independence_lag1,428,3.0139999389648438,regime_comparison_01,democracy
full4,court_independence_lag1,434,1.7400000095367432,regime_comparison_01,democracy
full4,court_independence_lag1,435,2.1989998817443848,regime_comparison_01,democracy
full4,court_independence_lag1,436,2.1989998817443848,regime_comparison_01,democracy
full4,court_independence_lag1,437,2.1989998817443848,regime_comparison_01,democracy
full4,court_independence_lag1,438,2.2890000343322754,regime_comparison_01,democracy
full4,court_independence_lag1,439,2.1989998817443848,regime_comparison_01,democracy
full4,court_independence_lag1,440,2.1989998817443848,regime_comparison_01,democracy
full4,court_independence_lag1,441,2.2890000343322754,regime_comparison_01,democracy
full4,court_independence_lag1,442,2.1989998817443848,regime_comparison_01,democracy
full4,court_independence_lag1,443,2.1989998817443848,regime_comparison_01,democracy
full4,court_independence_lag1,444,2.1989998817443848,regime_comparison_01,democracy
full4,court_independence_lag1,445,2.1989998817443848,regime_comparison_01,democracy
full4,court_independence_lag1,446,2.1989998817443848,regime_comparison_01,democracy
full4,court_independence_lag1,447,2.1989998817443848,regime_comparison_01,democracy
full4,court_independence_lag1,448,2.2890000343322754,regime_comparison_01,democracy
full4,court_independence_lag1,449,2.1989998817443848,regime_comparison_01,democracy
full4,court_independence_lag1,450,2.1989998817443848,regime_comparison_01,democracy
full4,court_independence_lag1,451,2.2890000343322754,regime_comparison_01,democracy
full4,court_independence_lag1,452,2.2890000343322754,regime_comparison_01,democracy
full4,court_independence_lag1,453,2.2890000343322754,regime_comparison_01,democracy
full4,court_independence_lag1,454,2.2890000343322754,regime_comparison_01,democracy
full4,court_independence_lag1,455,2.2890000343322754,regime_comparison_01,democracy
full4,court_independence_lag1,456,2.1989998817443848,regime_comparison_01,democracy
full4,court_independence_lag1,457,2.2890000343322754,regime_comparison_01,democracy
full4,court_independence_lag1,458,2.2890000343322754,regime_comparison_01,democracy
full4,court_independence_lag1,459,2.2890000343322754,regime_comparison_01,democracy
full4,court_independence_lag1,460,2.1989998817443848,regime_comparison_01,democracy
full4,court_independence_lag1,461,2.1989998817443848,regime_comparison_01,democracy
full4,court_independence_lag1,462,2.1989998817443848,regime_comparison_01,democracy
full4,court_independence_lag1,463,2.2890000343322754,regime_comparison_01,democracy
full4,court_independence_lag1,464,2.2890000343322754,regime_comparison_01,democracy
full4,court_independence_lag1,465,2.1989998817443848,regime_comparison_01,democracy
full4,court_independence_lag1,466,2.2890000343322754,regime_comparison_01,democracy
full4,court_independence_lag1,467,2.1989998817443848,regime_comparison_01,democracy
full4,court_independence_lag1,468,2.2890000343322754,regime_comparison_01,democracy
full4,court_independence_lag1,469,2.2890000343322754,regime_comparison_01,democracy
full4,court_independence_lag1,470,2.2890000343322754,regime_comparison_01,democracy
full4,court_independence_lag1,471,2.2890000343322754,regime_comparison_01,democracy
full4,court_independence_lag1,472,1.6480000019073486,regime_comparison_01,democracy
full4,court_independence_lag1,473,1.6480000019073486,regime_comparison_01,democracy
full4,court_independence_lag1,474,1.565000057220459,regime_comparison_01,democracy
full4,court_independence_lag1,475,1.5980000495910645,regime_comparison_01,democracy
full4,court_independence_lag1,478,1.5980000495910645,regime_comparison_01,democracy
full4,court_independence_lag1,480,1.222000002861023,regime_comparison_01,democracy
full4,court_independence_lag1,481,1.222000002861023,regime_comparison_01,democracy
full4,court_independence_lag1,482,1.222000002861023,regime_comparison_01,democracy
full4,court_independence_lag1,483,2.2219998836517334,regime_comparison_01,democracy
full4,court_independence_lag1,484,2.2219998836517334,regime_comparison_01,democracy
full4,court_independence_lag1,485,1.5980000495910645,regime_comparison_01,democracy
full4,court_independence_lag1,486,2.2219998836517334,regime_comparison_01,democracy
full4,court_independence_lag1,487,2.2219998836517334,regime_comparison_01,democracy
full4,court_independence_lag1,488,2.2219998836517334,regime_comparison_01,democracy
full4,court_independence_lag1,489,2.2219998836517334,regime_comparison_01,democracy
full4,court_independence_lag1,491,1.7200000286102295,regime_comparison_01,democracy
full4,court_independence_lag1,492,2.5889999866485596,regime_comparison_01,democracy
full4,court_independence_lag1,493,2.5889999866485596,regime_comparison_01,democracy
full4,court_independence_lag1,494,1.0800000429153442,regime_comparison_01,democracy
full4,court_independence_lag1,495,1.0800000429153442,regime_comparison_01,democracy
full4,court_independence_lag1,502,2.1530001163482666,regime_comparison_01,democracy
full4,court_independence_lag1,504,2.1530001163482666,regime_comparison_01,democracy
full4,court_independence_lag1,505,2.1530001163482666,regime_comparison_01,democracy
full4,court_independence_lag1,507,2.1530001163482666,regime_comparison_01,democracy
full4,court_independence_lag1,509,2.1530001163482666,regime_comparison_01,democracy
full4,court_independence_lag1,511,2.1530001163482666,regime_comparison_01,democracy
full4,court_independence_lag1,512,1.7890000343322754,regime_comparison_01,democracy
full4,court_independence_lag1,514,1.7890000343322754,regime_comparison_01,democracy
full4,court_independence_lag1,516,2.1530001163482666,regime_comparison_01,democracy
full4,court_independence_lag1,518,1.7890000343322754,regime_comparison_01,democracy
full4,court_independence_lag1,519,1.7890000343322754,regime_comparison_01,democracy
full4,court_independence_lag1,521,2.1530001163482666,regime_comparison_01,democracy
full4,court_independence_lag1,525,2.1530001163482666,regime_comparison_01,democracy
full4,court_independence_lag1,526,2.1530001163482666,regime_comparison_01,democracy
full4,court_independence_lag1,527,2.1530001163482666,regime_comparison_01,democracy
full4,court_independence_lag1,529,2.1530001163482666,regime_comparison_01,democracy
full4,court_independence_lag1,543,-0.06199999898672104,regime_comparison_01,democracy
full4,court_independence_lag1,546,-0.06199999898672104,regime_comparison_01,democracy
full4,court_independence_lag1,567,1.5420000553131104,regime_comparison_01,democracy
full4,court_independence_lag1,568,1.5420000553131104,regime_comparison_01,democracy
full4,court_independence_lag1,574,1.3370000123977661,regime_comparison_01,democracy
full4,court_independence_lag1,580,0.6869999766349792,regime_comparison_01,democracy
full4,court_independence_lag1,596,0.5860000252723694,regime_comparison_01,democracy
full4,court_independence_lag1,597,0.5860000252723694,regime_comparison_01,democracy
full4,court_independence_lag1,598,0.5860000252723694,regime_comparison_01,democracy
full4,court_independence_lag1,599,0.6769999861717224,regime_comparison_01,democracy
full4,court_independence_lag1,600,0.8790000081062317,regime_comparison_01,democracy
full4,court_independence_lag1,601,0.8790000081062317,regime_comparison_01,democracy
full4,court_independence_lag1,615,0.9399999976158142,regime_comparison_01,democracy
full4,court_independence_lag1,616,0.597000002861023,regime_comparison_01,democracy
full4,court_independence_lag1,620,-0.2930000126361847,regime_comparison_01,democracy
full4,court_independence_lag1,621,0.9629999995231628,regime_comparison_01,democracy
full4,court_independence_lag1,623,-0.43299999833106995,regime_comparison_01,democracy
full4,court_independence_lag1,631,0.9089999794960022,regime_comparison_01,democracy
full4,court_independence_lag1,632,1.3919999599456787,regime_comparison_01,democracy
full4,court_independence_lag1,633,1.3919999599456787,regime_comparison_01,democracy
full4,court_independence_lag1,634,0.9089999794960022,regime_comparison_01,democracy
full4,court_independence_lag1,635,0.9089999794960022,regime_comparison_01,democracy
full4,court_independence_lag1,636,1.3919999599456787,regime_comparison_01,democracy
full4,court_independence_lag1,637,1.3919999599456787,regime_comparison_01,democracy
full4,court_independence_lag1,638,1.2799999713897705,regime_comparison_01,democracy
full4,court_independence_lag1,639,1.3919999599456787,regime_comparison_01,democracy
full4,court_independence_lag1,640,1.3919999599456787,regime_comparison_01,democracy
full4,court_independence_lag1,641,1.2799999713897705,regime_comparison_01,democracy
full4,court_independence_lag1,642,1.2799999713897705,regime_comparison_01,democracy
full4,court_independence_lag1,643,1.2799999713897705,regime_comparison_01,democracy
full4,court_independence_lag1,644,1.2799999713897705,regime_comparison_01,democracy
full4,court_independence_lag1,645,1.49399995803833,regime_comparison_01,democracy
full4,court_independence_lag1,646,1.49399995803833,regime_comparison_01,democracy
full4,court_independence_lag1,647,1.49399995803833,regime_comparison_01,democracy
full4,court_independence_lag1,648,1.49399995803833,regime_comparison_01,democracy
full4,court_independence_lag1,649,1.49399995803833,regime_comparison_01,democracy
full4,court_independence_lag1,650,1.5540000200271606,regime_comparison_01,democracy
full4,court_independence_lag1,651,1.5540000200271606,regime_comparison_01,democracy
full4,court_independence_lag1,652,1.5540000200271606,regime_comparison_01,democracy
full4,court_independence_lag1,653,1.49399995803833,regime_comparison_01,democracy
full4,court_independence_lag1,654,1.49399995803833,regime_comparison_01,democracy
full4,court_independence_lag1,655,1.5540000200271606,regime_comparison_01,democracy
full4,court_independence_lag1,656,1.5540000200271606,regime_comparison_01,democracy
full4,court_independence_lag1,657,1.49399995803833,regime_comparison_01,democracy
full4,court_independence_lag1,658,1.49399995803833,regime_comparison_01,democracy
full4,court_independence_lag1,659,1.49399995803833,regime_comparison_01,democracy
full4,court_independence_lag1,660,1.86899995803833,regime_comparison_01,democracy
full4,court_independence_lag1,661,1.3769999742507935,regime_comparison_01,democracy
full4,court_independence_lag1,662,1.86899995803833,regime_comparison_01,democracy
full4,court_independence_lag1,663,1.86899995803833,regime_comparison_01,democracy
full4,court_independence_lag1,664,1.3769999742507935,regime_comparison_01,democracy
full4,court_independence_lag1,665,1.3769999742507935,regime_comparison_01,democracy
full4,court_independence_lag1,666,1.3769999742507935,regime_comparison_01,democracy
full4,court_independence_lag1,667,1.86899995803833,regime_comparison_01,democracy
full4,court_independence_lag1,669,1.3769999742507935,regime_comparison_01,democracy
full4,court_independence_lag1,670,1.3769999742507935,regime_comparison_01,democracy
full4,court_independence_lag1,671,1.3769999742507935,regime_comparison_01,democracy
full4,court_independence_lag1,672,1.3769999742507935,regime_comparison_01,democracy
full4,court_independence_lag1,673,1.86899995803833,regime_comparison_01,democracy
full4,court_independence_lag1,674,1.86899995803833,regime_comparison_01,democracy
full4,court_independence_lag1,675,2.0309998989105225,regime_comparison_01,democracy
full4,court_independence_lag1,676,2.0309998989105225,regime_comparison_01,democracy
full4,court_independence_lag1,677,2.0309998989105225,regime_comparison_01,democracy
full4,court_independence_lag1,755,1.3359999656677246,regime_comparison_01,democracy
full4,court_independence_lag1,756,1.875,regime_comparison_01,democracy
full4,court_independence_lag1,757,1.875,regime_comparison_01,democracy
full4,court_independence_lag1,758,2.3269999027252197,regime_comparison_01,democracy
full4,court_independence_lag1,759,2.3269999027252197,regime_comparison_01,democracy
full4,court_independence_lag1,760,2.3269999027252197,regime_comparison_01,democracy
full4,court_independence_lag1,761,2.3269999027252197,regime_comparison_01,democracy
full4,court_independence_lag1,762,2.3269999027252197,regime_comparison_01,democracy
full4,court_independence_lag1,763,2.3269999027252197,regime_comparison_01,democracy
full4,court_independence_lag1,764,2.3269999027252197,regime_comparison_01,democracy
full4,court_independence_lag1,765,2.3269999027252197,regime_comparison_01,democracy
full4,court_independence_lag1,766,2.3269999027252197,regime_comparison_01,democracy
full4,court_independence_lag1,767,2.3269999027252197,regime_comparison_01,democracy
full4,court_independence_lag1,768,2.3269999027252197,regime_comparison_01,democracy
full4,court_independence_lag1,769,2.3269999027252197,regime_comparison_01,democracy
full4,court_independence_lag1,770,1.4539999961853027,regime_comparison_01,democracy
full4,court_independence_lag1,771,2.3269999027252197,regime_comparison_01,democracy
full4,court_independence_lag1,772,2.3269999027252197,regime_comparison_01,democracy
full4,court_independence_lag1,773,2.3269999027252197,regime_comparison_01,democracy
full4,court_independence_lag1,774,1.8619999885559082,regime_comparison_01,democracy
full4,court_independence_lag1,775,1.8619999885559082,regime_comparison_01,democracy
full4,court_independence_lag1,776,2.3269999027252197,regime_comparison_01,democracy
full4,court_independence_lag1,777,2.5220000743865967,regime_comparison_01,democracy
full4,court_independence_lag1,778,2.002000093460083,regime_comparison_01,democracy
full4,court_independence_lag1,779,2.5220000743865967,regime_comparison_01,democracy
full4,court_independence_lag1,780,2.002000093460083,regime_comparison_01,democracy
full4,court_independence_lag1,781,2.002000093460083,regime_comparison_01,democracy
full4,court_independence_lag1,782,2.002000093460083,regime_comparison_01,democracy
full4,court_independence_lag1,783,2.5220000743865967,regime_comparison_01,democracy
full4,court_independence_lag1,784,2.365999937057495,regime_comparison_01,democracy
full4,court_independence_lag1,785,2.365999937057495,regime_comparison_01,democracy
full4,court_independence_lag1,786,2.365999937057495,regime_comparison_01,democracy
full4,court_independence_lag1,787,2.365999937057495,regime_comparison_01,democracy
full4,court_independence_lag1,788,2.365999937057495,regime_comparison_01,democracy
full4,court_independence_lag1,789,2.365999937057495,regime_comparison_01,democracy
full4,court_independence_lag1,790,2.365999937057495,regime_comparison_01,democracy
full4,court_independence_lag1,791,2.365999937057495,regime_comparison_01,democracy
full4,court_independence_lag1,792,2.634000062942505,regime_comparison_01,democracy
full4,court_independence_lag1,793,2.365999937057495,regime_comparison_01,democracy
full4,court_independence_lag1,794,2.365999937057495,regime_comparison_01,democracy
full4,court_independence_lag1,795,2.365999937057495,regime_comparison_01,democracy
full4,court_independence_lag1,796,2.365999937057495,regime_comparison_01,democracy
full4,court_independence_lag1,797,2.365999937057495,regime_comparison_01,democracy
full4,court_independence_lag1,798,2.365999937057495,regime_comparison_01,democracy
full4,court_independence_lag1,799,2.365999937057495,regime_comparison_01,democracy
full4,court_independence_lag1,800,2.365999937057495,regime_comparison_01,democracy
full4,court_independence_lag1,801,2.365999937057495,regime_comparison_01,democracy
full4,court_independence_lag1,802,2.634000062942505,regime_comparison_01,democracy
full4,court_independence_lag1,803,2.365999937057495,regime_comparison_01,democracy
full4,court_independence_lag1,804,2.634000062942505,regime_comparison_01,democracy
full4,court_independence_lag1,805,2.365999937057495,regime_comparison_01,democracy
full4,court_independence_lag1,806,2.365999937057495,regime_comparison_01,democracy
full4,court_independence_lag1,807,2.634000062942505,regime_comparison_01,democracy
full4,court_independence_lag1,808,2.365999937057495,regime_comparison_01,democracy
full4,court_independence_lag1,809,2.365999937057495,regime_comparison_01,democracy
full4,court_independence_lag1,810,2.365999937057495,regime_comparison_01,democracy
full4,court_independence_lag1,811,2.365999937057495,regime_comparison_01,democracy
full4,court_independence_lag1,812,2.365999937057495,regime_comparison_01,democracy
full4,court_independence_lag1,813,2.365999937057495,regime_comparison_01,democracy
full4,court_independence_lag1,814,2.365999937057495,regime_comparison_01,democracy
full4,court_independence_lag1,815,2.365999937057495,regime_comparison_01,democracy
full4,court_independence_lag1,816,2.365999937057495,regime_comparison_01,democracy
full4,court_independence_lag1,817,2.634000062942505,regime_comparison_01,democracy
full4,court_independence_lag1,818,2.365999937057495,regime_comparison_01,democracy
full4,court_independence_lag1,819,2.365999937057495,regime_comparison_01,democracy
full4,court_independence_lag1,820,2.365999937057495,regime_comparison_01,democracy
full4,court_independence_lag1,821,2.365999937057495,regime_comparison_01,democracy
full4,court_independence_lag1,822,2.365999937057495,regime_comparison_01,democracy
full4,court_independence_lag1,823,2.365999937057495,regime_comparison_01,democracy
full4,court_independence_lag1,824,2.365999937057495,regime_comparison_01,democracy
full4,court_independence_lag1,825,2.365999937057495,regime_comparison_01,democracy
full4,court_independence_lag1,826,2.365999937057495,regime_comparison_01,democracy
full4,court_independence_lag1,827,2.365999937057495,regime_comparison_01,democracy
full4,court_independence_lag1,828,2.365999937057495,regime_comparison_01,democracy
full4,court_independence_lag1,829,2.365999937057495,regime_comparison_01,democracy
full4,court_independence_lag1,830,2.365999937057495,regime_comparison_01,democracy
full4,court_independence_lag1,831,2.365999937057495,regime_comparison_01,democracy
full4,court_independence_lag1,832,2.365999937057495,regime_comparison_01,democracy
full4,court_independence_lag1,833,2.365999937057495,regime_comparison_01,democracy
full4,court_independence_lag1,834,2.634000062942505,regime_comparison_01,democracy
full4,court_independence_lag1,835,2.365999937057495,regime_comparison_01,democracy
full4,court_independence_lag1,836,2.634000062942505,regime_comparison_01,democracy
full4,court_independence_lag1,837,2.365999937057495,regime_comparison_01,democracy
full4,court_independence_lag1,838,2.634000062942505,regime_comparison_01,democracy
full4,court_independence_lag1,839,2.365999937057495,regime_comparison_01,democracy
full4,court_independence_lag1,840,2.365999937057495,regime_comparison_01,democracy
full4,court_independence_lag1,841,2.365999937057495,regime_comparison_01,democracy
full4,court_independence_lag1,842,2.365999937057495,regime_comparison_01,democracy
full4,court_independence_lag1,843,2.365999937057495,regime_comparison_01,democracy
full4,court_independence_lag1,844,2.634000062942505,regime_comparison_01,democracy
full4,court_independence_lag1,845,2.365999937057495,regime_comparison_01,democracy
full4,court_independence_lag1,846,2.365999937057495,regime_comparison_01,democracy
full4,court_independence_lag1,847,2.365999937057495,regime_comparison_01,democracy
full4,court_independence_lag1,848,2.365999937057495,regime_comparison_01,democracy
full4,court_independence_lag1,849,2.634000062942505,regime_comparison_01,democracy
full4,court_independence_lag1,850,2.365999937057495,regime_comparison_01,democracy
full4,court_independence_lag1,851,2.365999937057495,regime_comparison_01,democracy
full4,court_independence_lag1,852,2.365999937057495,regime_comparison_01,democracy
full4,court_independence_lag1,853,2.365999937057495,regime_comparison_01,democracy
full4,court_independence_lag1,854,2.365999937057495,regime_comparison_01,democracy
full4,court_independence_lag1,855,2.365999937057495,regime_comparison_01,democracy
full4,court_independence_lag1,856,2.365999937057495,regime_comparison_01,democracy
full4,court_independence_lag1,857,2.365999937057495,regime_comparison_01,democracy
full4,court_independence_lag1,858,2.365999937057495,regime_comparison_01,democracy
full4,court_independence_lag1,859,2.365999937057495,regime_comparison_01,democracy
full4,court_independence_lag1,860,2.365999937057495,regime_comparison_01,democracy
full4,court_independence_lag1,861,2.365999937057495,regime_comparison_01,democracy
full4,court_independence_lag1,862,2.365999937057495,regime_comparison_01,democracy
full4,court_independence_lag1,863,2.634000062942505,regime_comparison_01,democracy
full4,court_independence_lag1,864,2.365999937057495,regime_comparison_01,democracy
full4,court_independence_lag1,865,2.365999937057495,regime_comparison_01,democracy
full4,court_independence_lag1,866,2.365999937057495,regime_comparison_01,democracy
full4,court_independence_lag1,867,2.365999937057495,regime_comparison_01,democracy
full4,court_independence_lag1,868,2.365999937057495,regime_comparison_01,democracy
full4,court_independence_lag1,869,2.365999937057495,regime_comparison_01,democracy
full4,court_independence_lag1,870,2.365999937057495,regime_comparison_01,democracy
full4,court_independence_lag1,871,2.365999937057495,regime_comparison_01,democracy
full4,court_independence_lag1,872,2.6449999809265137,regime_comparison_01,democracy
full4,court_independence_lag1,873,2.6449999809265137,regime_comparison_01,democracy
full4,court_independence_lag1,874,2.6449999809265137,regime_comparison_01,democracy
full4,court_independence_lag1,875,2.6449999809265137,regime_comparison_01,democracy
full4,court_independence_lag1,876,2.6449999809265137,regime_comparison_01,democracy
full4,court_independence_lag1,877,2.6449999809265137,regime_comparison_01,democracy
full4,court_independence_lag1,878,2.6449999809265137,regime_comparison_01,democracy
full4,court_independence_lag1,879,2.634000062942505,regime_comparison_01,democracy
full4,court_independence_lag1,880,2.6449999809265137,regime_comparison_01,democracy
full4,court_independence_lag1,881,2.634000062942505,regime_comparison_01,democracy
full4,court_independence_lag1,882,2.6449999809265137,regime_comparison_01,democracy
full4,court_independence_lag1,883,2.6449999809265137,regime_comparison_01,democracy
full4,court_independence_lag1,884,2.6449999809265137,regime_comparison_01,democracy
full4,court_independence_lag1,885,2.6449999809265137,regime_comparison_01,democracy
full4,court_independence_lag1,886,2.6449999809265137,regime_comparison_01,democracy
full4,court_independence_lag1,887,2.6449999809265137,regime_comparison_01,democracy
full4,court_independence_lag1,888,2.6449999809265137,regime_comparison_01,democracy
full4,court_independence_lag1,889,2.634000062942505,regime_comparison_01,democracy
full4,court_independence_lag1,890,2.6449999809265137,regime_comparison_01,democracy
full4,court_independence_lag1,891,2.6449999809265137,regime_comparison_01,democracy
full4,court_independence_lag1,892,2.6449999809265137,regime_comparison_01,democracy
full4,court_independence_lag1,893,2.6449999809265137,regime_comparison_01,democracy
full4,court_independence_lag1,894,2.6449999809265137,regime_comparison_01,democracy
full4,court_independence_lag1,895,2.6449999809265137,regime_comparison_01,democracy
full4,court_independence_lag1,896,2.6449999809265137,regime_comparison_01,democracy
full4,court_independence_lag1,897,2.5829999446868896,regime_comparison_01,democracy
full4,court_independence_lag1,898,2.6449999809265137,regime_comparison_01,democracy
full4,court_independence_lag1,899,2.6449999809265137,regime_comparison_01,democracy
full4,court_independence_lag1,900,2.6449999809265137,regime_comparison_01,democracy
full4,court_independence_lag1,901,2.5829999446868896,regime_comparison_01,democracy
full4,court_independence_lag1,902,2.5829999446868896,regime_comparison_01,democracy
full4,court_independence_lag1,903,2.6449999809265137,regime_comparison_01,democracy
full4,court_independence_lag1,904,2.6449999809265137,regime_comparison_01,democracy
full4,court_independence_lag1,905,2.5829999446868896,regime_comparison_01,democracy
full4,court_independence_lag1,906,2.5829999446868896,regime_comparison_01,democracy
full4,court_independence_lag1,908,2.6449999809265137,regime_comparison_01,democracy
full4,court_independence_lag1,909,2.6449999809265137,regime_comparison_01,democracy
full4,court_independence_lag1,910,2.6449999809265137,regime_comparison_01,democracy
full4,court_independence_lag1,911,2.5829999446868896,regime_comparison_01,democracy
full4,court_independence_lag1,912,2.6449999809265137,regime_comparison_01,democracy
full4,court_independence_lag1,913,2.6449999809265137,regime_comparison_01,democracy
full4,court_independence_lag1,914,2.6449999809265137,regime_comparison_01,democracy
full4,court_independence_lag1,915,2.6449999809265137,regime_comparison_01,democracy
full4,court_independence_lag1,916,2.6449999809265137,regime_comparison_01,democracy
full4,court_independence_lag1,917,2.5829999446868896,regime_comparison_01,democracy
full4,court_independence_lag1,918,2.6449999809265137,regime_comparison_01,democracy
full4,court_independence_lag1,919,2.5829999446868896,regime_comparison_01,democracy
full4,court_independence_lag1,920,2.6449999809265137,regime_comparison_01,democracy
full4,court_independence_lag1,921,2.6449999809265137,regime_comparison_01,democracy
full4,court_independence_lag1,922,2.6449999809265137,regime_comparison_01,democracy
full4,court_independence_lag1,923,2.6449999809265137,regime_comparison_01,democracy
full4,court_independence_lag1,924,2.5829999446868896,regime_comparison_01,democracy
full4,court_independence_lag1,925,2.6449999809265137,regime_comparison_01,democracy
full4,court_independence_lag1,926,2.6449999809265137,regime_comparison_01,democracy
full4,court_independence_lag1,927,2.6449999809265137,regime_comparison_01,democracy
full4,court_independence_lag1,928,2.6449999809265137,regime_comparison_01,democracy
full4,court_independence_lag1,929,2.6449999809265137,regime_comparison_01,democracy
full4,court_independence_lag1,930,2.5829999446868896,regime_comparison_01,democracy
full4,court_independence_lag1,931,2.6449999809265137,regime_comparison_01,democracy
full4,court_independence_lag1,932,2.6449999809265137,regime_comparison_01,democracy
full4,court_independence_lag1,933,2.6449999809265137,regime_comparison_01,democracy
full4,court_independence_lag1,934,2.6449999809265137,regime_comparison_01,democracy
full4,court_independence_lag1,935,2.6449999809265137,regime_comparison_01,democracy
full4,court_independence_lag1,936,2.6449999809265137,regime_comparison_01,democracy
full4,court_independence_lag1,937,2.6449999809265137,regime_comparison_01,democracy
full4,court_independence_lag1,938,2.6449999809265137,regime_comparison_01,democracy
full4,court_independence_lag1,939,2.6449999809265137,regime_comparison_01,democracy
full4,court_independence_lag1,940,2.6449999809265137,regime_comparison_01,democracy
full4,court_independence_lag1,941,2.6449999809265137,regime_comparison_01,democracy
full4,court_independence_lag1,942,2.5829999446868896,regime_comparison_01,democracy
full4,court_independence_lag1,943,2.6449999809265137,regime_comparison_01,democracy
full4,court_independence_lag1,944,2.5829999446868896,regime_comparison_01,democracy
full4,court_independence_lag1,945,2.6449999809265137,regime_comparison_01,democracy
full4,court_independence_lag1,946,2.6449999809265137,regime_comparison_01,democracy
full4,court_independence_lag1,947,2.61899995803833,regime_comparison_01,democracy
full4,court_independence_lag1,948,2.61899995803833,regime_comparison_01,democracy
full4,court_independence_lag1,949,2.61899995803833,regime_comparison_01,democracy
full4,court_independence_lag1,950,2.61899995803833,regime_comparison_01,democracy
full4,court_independence_lag1,951,2.61899995803833,regime_comparison_01,democracy
full4,court_independence_lag1,952,2.61899995803833,regime_comparison_01,democracy
full4,court_independence_lag1,953,2.61899995803833,regime_comparison_01,democracy
full4,court_independence_lag1,954,2.61899995803833,regime_comparison_01,democracy
full4,court_independence_lag1,955,2.61899995803833,regime_comparison_01,democracy
full4,court_independence_lag1,956,2.61899995803833,regime_comparison_01,democracy
full4,court_independence_lag1,957,2.61899995803833,regime_comparison_01,democracy
full4,court_independence_lag1,958,2.61899995803833,regime_comparison_01,democracy
full4,court_independence_lag1,959,2.61899995803833,regime_comparison_01,democracy
full4,court_independence_lag1,960,2.61899995803833,regime_comparison_01,democracy
full4,court_independence_lag1,961,2.61899995803833,regime_comparison_01,democracy
full4,court_independence_lag1,962,2.61899995803833,regime_comparison_01,democracy
full4,court_independence_lag1,963,2.61899995803833,regime_comparison_01,democracy
full4,court_independence_lag1,964,2.61899995803833,regime_comparison_01,democracy
full4,court_independence_lag1,965,2.61899995803833,regime_comparison_01,democracy
full4,court_independence_lag1,966,2.61899995803833,regime_comparison_01,democracy
full4,court_independence_lag1,967,2.5829999446868896,regime_comparison_01,democracy
full4,court_independence_lag1,968,2.61899995803833,regime_comparison_01,democracy
full4,court_independence_lag1,969,2.61899995803833,regime_comparison_01,democracy
full4,court_independence_lag1,970,2.61899995803833,regime_comparison_01,democracy
full4,court_independence_lag1,971,2.5829999446868896,regime_comparison_01,democracy
full4,court_independence_lag1,972,2.61899995803833,regime_comparison_01,democracy
full4,court_independence_lag1,973,2.61899995803833,regime_comparison_01,democracy
full4,court_independence_lag1,974,2.5829999446868896,regime_comparison_01,democracy
full4,court_independence_lag1,975,2.61899995803833,regime_comparison_01,democracy
full4,court_independence_lag1,976,2.61899995803833,regime_comparison_01,democracy
full4,court_independence_lag1,977,2.61899995803833,regime_comparison_01,democracy
full4,court_independence_lag1,978,2.5829999446868896,regime_comparison_01,democracy
full4,court_independence_lag1,979,2.61899995803833,regime_comparison_01,democracy
full4,court_independence_lag1,980,2.61899995803833,regime_comparison_01,democracy
full4,court_independence_lag1,981,2.5829999446868896,regime_comparison_01,democracy
full4,court_independence_lag1,982,2.61899995803833,regime_comparison_01,democracy
full4,court_independence_lag1,983,2.61899995803833,regime_comparison_01,democracy
full4,court_independence_lag1,984,2.61899995803833,regime_comparison_01,democracy
full4,court_independence_lag1,985,2.61899995803833,regime_comparison_01,democracy
full4,court_independence_lag1,986,2.5829999446868896,regime_comparison_01,democracy
full4,court_independence_lag1,987,2.61899995803833,regime_comparison_01,democracy
full4,court_independence_lag1,988,2.61899995803833,regime_comparison_01,democracy
full4,court_independence_lag1,989,2.61899995803833,regime_comparison_01,democracy
full4,court_independence_lag1,990,2.5829999446868896,regime_comparison_01,democracy
full4,court_independence_lag1,991,2.61899995803833,regime_comparison_01,democracy
full4,court_independence_lag1,992,2.61899995803833,regime_comparison_01,democracy
full4,court_independence_lag1,993,2.2330000400543213,regime_comparison_01,democracy
full4,court_independence_lag1,994,2.5829999446868896,regime_comparison_01,democracy
full4,court_independence_lag1,995,2.2330000400543213,regime_comparison_01,democracy
full4,court_independence_lag1,996,2.2330000400543213,regime_comparison_01,democracy
full4,court_independence_lag1,997,2.2330000400543213,regime_comparison_01,democracy
full4,court_independence_lag1,998,2.5829999446868896,regime_comparison_01,democracy
full4,court_independence_lag1,999,2.2330000400543213,regime_comparison_01,democracy
full4,court_independence_lag1,1000,2.2330000400543213,regime_comparison_01,democracy
full4,court_independence_lag1,1001,2.2330000400543213,regime_comparison_01,democracy
full4,court_independence_lag1,1002,2.2330000400543213,regime_comparison_01,democracy
full4,court_independence_lag1,1003,2.2330000400543213,regime_comparison_01,democracy
full4,court_independence_lag1,1004,2.2330000400543213,regime_comparison_01,democracy
full4,court_independence_lag1,1005,2.2330000400543213,regime_comparison_01,democracy
full4,court_independence_lag1,1006,2.2330000400543213,regime_comparison_01,democracy
full4,court_independence_lag1,1007,2.2330000400543213,regime_comparison_01,democracy
full4,court_independence_lag1,1009,2.2330000400543213,regime_comparison_01,democracy
full4,court_independence_lag1,1010,2.2330000400543213,regime_comparison_01,democracy
full4,court_independence_lag1,1011,2.2330000400543213,regime_comparison_01,democracy
full4,court_independence_lag1,1012,2.2330000400543213,regime_comparison_01,democracy
full4,court_independence_lag1,1014,2.2330000400543213,regime_comparison_01,democracy
full4,court_independence_lag1,1016,2.5829999446868896,regime_comparison_01,democracy
full4,court_independence_lag1,1017,2.5829999446868896,regime_comparison_01,democracy
full4,court_independence_lag1,1018,2.184000015258789,regime_comparison_01,democracy
full4,court_independence_lag1,1019,2.184000015258789,regime_comparison_01,democracy
full4,court_independence_lag1,1021,2.184000015258789,regime_comparison_01,democracy
full4,court_independence_lag1,1022,2.184000015258789,regime_comparison_01,democracy
full4,court_independence_lag1,1023,2.2079999446868896,regime_comparison_01,democracy
full4,court_independence_lag1,1024,2.184000015258789,regime_comparison_01,democracy
full4,court_independence_lag1,1025,2.184000015258789,regime_comparison_01,democracy
full4,court_independence_lag1,1026,2.184000015258789,regime_comparison_01,democracy
full4,court_independence_lag1,1027,2.184000015258789,regime_comparison_01,democracy
full4,court_independence_lag1,1028,2.184000015258789,regime_comparison_01,democracy
full4,court_independence_lag1,1029,2.2079999446868896,regime_comparison_01,democracy
full4,court_independence_lag1,1031,2.2079999446868896,regime_comparison_01,democracy
full4,court_independence_lag1,1033,2.184000015258789,regime_comparison_01,democracy
full4,court_independence_lag1,1036,2.184000015258789,regime_comparison_01,democracy
full4,court_independence_lag1,1038,2.2079999446868896,regime_comparison_01,democracy
full4,court_independence_lag1,1039,2.184000015258789,regime_comparison_01,democracy
full4,court_independence_lag1,1041,2.184000015258789,regime_comparison_01,democracy
full4,court_independence_lag1,1043,2.2079999446868896,regime_comparison_01,democracy
full4,court_independence_lag1,1045,2.2079999446868896,regime_comparison_01,democracy
full4,court_independence_lag1,1049,2.184000015258789,regime_comparison_01,democracy
full4,court_independence_lag1,1051,2.2079999446868896,regime_comparison_01,democracy
full4,court_independence_lag1,1052,2.2079999446868896,regime_comparison_01,democracy
full4,court_independence_lag1,1055,1.6799999475479126,regime_comparison_01,democracy
full4,court_independence_lag1,1056,2.1019999980926514,regime_comparison_01,democracy
full4,court_independence_lag1,1058,2.1019999980926514,regime_comparison_01,democracy
full4,court_independence_lag1,1059,2.1019999980926514,regime_comparison_01,democracy
full4,court_independence_lag1,1060,1.8919999599456787,regime_comparison_01,democracy
full4,v2jupurge_lag1,3,2.609999895095825,regime_comparison_01,democracy
full4,v2jupurge_lag1,4,2.609999895095825,regime_comparison_01,democracy
full4,v2jupurge_lag1,5,2.609999895095825,regime_comparison_01,democracy
full4,v2jupurge_lag1,6,2.609999895095825,regime_comparison_01,democracy
full4,v2jupurge_lag1,7,2.609999895095825,regime_comparison_01,democracy
full4,v2jupurge_lag1,8,2.609999895095825,regime_comparison_01,democracy
full4,v2jupurge_lag1,9,2.9670000076293945,regime_comparison_01,democracy
full4,v2jupurge_lag1,10,2.359999895095825,regime_comparison_01,democracy
full4,v2jupurge_lag1,11,2.8989999294281006,regime_comparison_01,democracy
full4,v2jupurge_lag1,12,2.8989999294281006,regime_comparison_01,democracy
full4,v2jupurge_lag1,13,2.8989999294281006,regime_comparison_01,democracy
full4,v2jupurge_lag1,14,2.2950000762939453,regime_comparison_01,democracy
full4,v2jupurge_lag1,15,2.2950000762939453,regime_comparison_01,democracy
full4,v2jupurge_lag1,16,2.7130000591278076,regime_comparison_01,democracy
full4,v2jupurge_lag1,17,2.7130000591278076,regime_comparison_01,democracy
full4,v2jupurge_lag1,19,1.6480000019073486,regime_comparison_01,democracy
full4,v2jupurge_lag1,33,-1.25600004196167,regime_comparison_01,democracy
full4,v2jupurge_lag1,35,2.1070001125335693,regime_comparison_01,democracy
full4,v2jupurge_lag1,37,1.909999966621399,regime_comparison_01,democracy
full4,v2jupurge_lag1,38,1.2380000352859497,regime_comparison_01,democracy
full4,v2jupurge_lag1,39,2.1449999809265137,regime_comparison_01,democracy
full4,v2jupurge_lag1,48,1.909000039100647,regime_comparison_01,democracy
full4,v2jupurge_lag1,49,1.909000039100647,regime_comparison_01,democracy
full4,v2jupurge_lag1,50,2.0799999237060547,regime_comparison_01,democracy
full4,v2jupurge_lag1,51,2.0799999237060547,regime_comparison_01,democracy
full4,v2jupurge_lag1,52,2.0799999237060547,regime_comparison_01,democracy
full4,v2jupurge_lag1,53,2.0799999237060547,regime_comparison_01,democracy
full4,v2jupurge_lag1,54,2.0799999237060547,regime_comparison_01,democracy
full4,v2jupurge_lag1,55,2.0799999237060547,regime_comparison_01,democracy
full4,v2jupurge_lag1,56,2.0799999237060547,regime_comparison_01,democracy
full4,v2jupurge_lag1,57,2.0799999237060547,regime_comparison_01,democracy
full4,v2jupurge_lag1,58,2.0799999237060547,regime_comparison_01,democracy
full4,v2jupurge_lag1,59,2.0799999237060547,regime_comparison_01,democracy
full4,v2jupurge_lag1,60,2.0799999237060547,regime_comparison_01,democracy
full4,v2jupurge_lag1,61,1.8660000562667847,regime_comparison_01,democracy
full4,v2jupurge_lag1,62,1.8660000562667847,regime_comparison_01,democracy
full4,v2jupurge_lag1,63,1.5700000524520874,regime_comparison_01,democracy
full4,v2jupurge_lag1,64,1.875,regime_comparison_01,democracy
full4,v2jupurge_lag1,65,1.875,regime_comparison_01,democracy
full4,v2jupurge_lag1,66,1.875,regime_comparison_01,democracy
full4,v2jupurge_lag1,67,1.875,regime_comparison_01,democracy
full4,v2jupurge_lag1,68,1.875,regime_comparison_01,democracy
full4,v2jupurge_lag1,69,1.875,regime_comparison_01,democracy
full4,v2jupurge_lag1,70,1.9589999914169312,regime_comparison_01,democracy
full4,v2jupurge_lag1,71,1.9589999914169312,regime_comparison_01,democracy
full4,v2jupurge_lag1,72,1.9589999914169312,regime_comparison_01,democracy
full4,v2jupurge_lag1,73,1.9589999914169312,regime_comparison_01,democracy
full4,v2jupurge_lag1,74,1.7330000400543213,regime_comparison_01,democracy
full4,v2jupurge_lag1,75,2.4690001010894775,regime_comparison_01,democracy
full4,v2jupurge_lag1,76,1.180999994277954,regime_comparison_01,democracy
full4,v2jupurge_lag1,77,1.180999994277954,regime_comparison_01,democracy
full4,v2jupurge_lag1,82,1.1959999799728394,regime_comparison_01,democracy
full4,v2jupurge_lag1,83,1.1959999799728394,regime_comparison_01,democracy
full4,v2jupurge_lag1,84,1.1959999799728394,regime_comparison_01,democracy
full4,v2jupurge_lag1,85,1.1959999799728394,regime_comparison_01,democracy
full4,v2jupurge_lag1,86,1.1959999799728394,regime_comparison_01,democracy
full4,v2jupurge_lag1,89,1.1959999799728394,regime_comparison_01,democracy
full4,v2jupurge_lag1,90,1.1959999799728394,regime_comparison_01,democracy
full4,v2jupurge_lag1,91,1.1959999799728394,regime_comparison_01,democracy
full4,v2jupurge_lag1,92,1.1959999799728394,regime_comparison_01,democracy
full4,v2jupurge_lag1,93,1.1710000038146973,regime_comparison_01,democracy
full4,v2jupurge_lag1,94,1.1710000038146973,regime_comparison_01,democracy
full4,v2jupurge_lag1,95,1.1710000038146973,regime_comparison_01,democracy
full4,v2jupurge_lag1,96,1.1710000038146973,regime_comparison_01,democracy
full4,v2jupurge_lag1,97,0.699999988079071,regime_comparison_01,democracy
full4,v2jupurge_lag1,98,0.699999988079071,regime_comparison_01,democracy
full4,v2jupurge_lag1,99,0.699999988079071,regime_comparison_01,democracy
full4,v2jupurge_lag1,100,0.4050000011920929,regime_comparison_01,democracy
full4,v2jupurge_lag1,118,1.4110000133514404,regime_comparison_01,democracy
full4,v2jupurge_lag1,122,1.4110000133514404,regime_comparison_01,democracy
full4,v2jupurge_lag1,128,1.4110000133514404,regime_comparison_01,democracy
full4,v2jupurge_lag1,136,1.3739999532699585,regime_comparison_01,democracy
full4,v2jupurge_lag1,138,1.3739999532699585,regime_comparison_01,democracy
full4,v2jupurge_lag1,139,1.3739999532699585,regime_comparison_01,democracy
full4,v2jupurge_lag1,140,1.371999979019165,regime_comparison_01,democracy
full4,v2jupurge_lag1,145,1.3559999465942383,regime_comparison_01,democracy
full4,v2jupurge_lag1,161,0.49399998784065247,regime_comparison_01,democracy
full4,v2jupurge_lag1,162,0.7360000014305115,regime_comparison_01,democracy
full4,v2jupurge_lag1,163,0.7360000014305115,regime_comparison_01,democracy
full4,v2jupurge_lag1,164,0.7360000014305115,regime_comparison_01,democracy
full4,v2jupurge_lag1,169,1.4900000095367432,regime_comparison_01,democracy
full4,v2jupurge_lag1,170,1.1089999675750732,regime_comparison_01,democracy
full4,v2jupurge_lag1,171,1.0640000104904175,regime_comparison_01,democracy
full4,v2jupurge_lag1,172,1.0640000104904175,regime_comparison_01,democracy
full4,v2jupurge_lag1,173,1.0640000104904175,regime_comparison_01,democracy
full4,v2jupurge_lag1,174,0.8769999742507935,regime_comparison_01,democracy
full4,v2jupurge_lag1,177,1.5219999551773071,regime_comparison_01,democracy
full4,v2jupurge_lag1,183,2.0160000324249268,regime_comparison_01,democracy
full4,v2jupurge_lag1,184,2.0160000324249268,regime_comparison_01,democracy
full4,v2jupurge_lag1,186,2.0160000324249268,regime_comparison_01,democracy
full4,v2jupurge_lag1,187,2.5309998989105225,regime_comparison_01,democracy
full4,v2jupurge_lag1,193,1.5759999752044678,regime_comparison_01,democracy
full4,v2jupurge_lag1,194,1.6150000095367432,regime_comparison_01,democracy
full4,v2jupurge_lag1,195,2.075000047683716,regime_comparison_01,democracy
full4,v2jupurge_lag1,197,1.3980000019073486,regime_comparison_01,democracy
full4,v2jupurge_lag1,200,1.0789999961853027,regime_comparison_01,democracy
full4,v2jupurge_lag1,201,1.5099999904632568,regime_comparison_01,democracy
full4,v2jupurge_lag1,202,1.5549999475479126,regime_comparison_01,democracy
full4,v2jupurge_lag1,204,0.6299999952316284,regime_comparison_01,democracy
full4,v2jupurge_lag1,205,0.5669999718666077,regime_comparison_01,democracy
full4,v2jupurge_lag1,221,-0.7260000109672546,regime_comparison_01,democracy
full4,v2jupurge_lag1,223,0.30300000309944153,regime_comparison_01,democracy
full4,v2jupurge_lag1,234,0.5049999952316284,regime_comparison_01,democracy
full4,v2jupurge_lag1,236,0.20999999344348907,regime_comparison_01,democracy
full4,v2jupurge_lag1,251,0.8960000276565552,regime_comparison_01,democracy
full4,v2jupurge_lag1,252,2.490000009536743,regime_comparison_01,democracy
full4,v2jupurge_lag1,253,2.490000009536743,regime_comparison_01,democracy
full4,v2jupurge_lag1,254,2.490000009536743,regime_comparison_01,democracy
full4,v2jupurge_lag1,255,2.490000009536743,regime_comparison_01,democracy
full4,v2jupurge_lag1,256,2.490000009536743,regime_comparison_01,democracy
full4,v2jupurge_lag1,257,2.490000009536743,regime_comparison_01,democracy
full4,v2jupurge_lag1,258,2.490000009536743,regime_comparison_01,democracy
full4,v2jupurge_lag1,259,2.490000009536743,regime_comparison_01,democracy
full4,v2jupurge_lag1,260,2.490000009536743,regime_comparison_01,democracy
full4,v2jupurge_lag1,261,2.490000009536743,regime_comparison_01,democracy
full4,v2jupurge_lag1,262,2.490000009536743,regime_comparison_01,democracy
full4,v2jupurge_lag1,263,2.013000011444092,regime_comparison_01,democracy
full4,v2jupurge_lag1,264,2.013000011444092,regime_comparison_01,democracy
full4,v2jupurge_lag1,265,2.5899999141693115,regime_comparison_01,democracy
full4,v2jupurge_lag1,266,2.5899999141693115,regime_comparison_01,democracy
full4,v2jupurge_lag1,267,2.5899999141693115,regime_comparison_01,democracy
full4,v2jupurge_lag1,268,2.5899999141693115,regime_comparison_01,democracy
full4,v2jupurge_lag1,269,2.5899999141693115,regime_comparison_01,democracy
full4,v2jupurge_lag1,270,2.5899999141693115,regime_comparison_01,democracy
full4,v2jupurge_lag1,271,2.5899999141693115,regime_comparison_01,democracy
full4,v2jupurge_lag1,272,1.6610000133514404,regime_comparison_01,democracy
full4,v2jupurge_lag1,273,1.6610000133514404,regime_comparison_01,democracy
full4,v2jupurge_lag1,274,1.6610000133514404,regime_comparison_01,democracy
full4,v2jupurge_lag1,275,1.6610000133514404,regime_comparison_01,democracy
full4,v2jupurge_lag1,278,2.2950000762939453,regime_comparison_01,democracy
full4,v2jupurge_lag1,280,2.322000026702881,regime_comparison_01,democracy
full4,v2jupurge_lag1,323,1.534000039100647,regime_comparison_01,democracy
full4,v2jupurge_lag1,324,1.9919999837875366,regime_comparison_01,democracy
full4,v2jupurge_lag1,325,1.99399995803833,regime_comparison_01,democracy
full4,v2jupurge_lag1,326,1.99399995803833,regime_comparison_01,democracy
full4,v2jupurge_lag1,327,2.1760001182556152,regime_comparison_01,democracy
full4,v2jupurge_lag1,328,2.1760001182556152,regime_comparison_01,democracy
full4,v2jupurge_lag1,329,2.1760001182556152,regime_comparison_01,democracy
full4,v2jupurge_lag1,330,2.1760001182556152,regime_comparison_01,democracy
full4,v2jupurge_lag1,331,2.1760001182556152,regime_comparison_01,democracy
full4,v2jupurge_lag1,332,2.1760001182556152,regime_comparison_01,democracy
full4,v2jupurge_lag1,333,2.1760001182556152,regime_comparison_01,democracy
full4,v2jupurge_lag1,334,2.1760001182556152,regime_comparison_01,democracy
full4,v2jupurge_lag1,335,2.1760001182556152,regime_comparison_01,democracy
full4,v2jupurge_lag1,336,2.2130000591278076,regime_comparison_01,democracy
full4,v2jupurge_lag1,337,2.2130000591278076,regime_comparison_01,democracy
full4,v2jupurge_lag1,338,2.2130000591278076,regime_comparison_01,democracy
full4,v2jupurge_lag1,339,2.2130000591278076,regime_comparison_01,democracy
full4,v2jupurge_lag1,340,2.2130000591278076,regime_comparison_01,democracy
full4,v2jupurge_lag1,341,2.2130000591278076,regime_comparison_01,democracy
full4,v2jupurge_lag1,342,2.2130000591278076,regime_comparison_01,democracy
full4,v2jupurge_lag1,343,2.2130000591278076,regime_comparison_01,democracy
full4,v2jupurge_lag1,344,2.2130000591278076,regime_comparison_01,democracy
full4,v2jupurge_lag1,345,2.2130000591278076,regime_comparison_01,democracy
full4,v2jupurge_lag1,346,0.8960000276565552,regime_comparison_01,democracy
full4,v2jupurge_lag1,347,2.1480000019073486,regime_comparison_01,democracy
full4,v2jupurge_lag1,348,1.1950000524520874,regime_comparison_01,democracy
full4,v2jupurge_lag1,349,0.9169999957084656,regime_comparison_01,democracy
full4,v2jupurge_lag1,350,2.4179999828338623,regime_comparison_01,democracy
full4,v2jupurge_lag1,351,2.4179999828338623,regime_comparison_01,democracy
full4,v2jupurge_lag1,352,2.4179999828338623,regime_comparison_01,democracy
full4,v2jupurge_lag1,353,2.4179999828338623,regime_comparison_01,democracy
full4,v2jupurge_lag1,354,2.4179999828338623,regime_comparison_01,democracy
full4,v2jupurge_lag1,355,2.4179999828338623,regime_comparison_01,democracy
full4,v2jupurge_lag1,356,2.4179999828338623,regime_comparison_01,democracy
full4,v2jupurge_lag1,357,2.4179999828338623,regime_comparison_01,democracy
full4,v2jupurge_lag1,358,2.4179999828338623,regime_comparison_01,democracy
full4,v2jupurge_lag1,359,2.4179999828338623,regime_comparison_01,democracy
full4,v2jupurge_lag1,360,2.4179999828338623,regime_comparison_01,democracy
full4,v2jupurge_lag1,361,2.4179999828338623,regime_comparison_01,democracy
full4,v2jupurge_lag1,362,2.4179999828338623,regime_comparison_01,democracy
full4,v2jupurge_lag1,363,2.4179999828338623,regime_comparison_01,democracy
full4,v2jupurge_lag1,364,1.7369999885559082,regime_comparison_01,democracy
full4,v2jupurge_lag1,365,1.7369999885559082,regime_comparison_01,democracy
full4,v2jupurge_lag1,366,2.4240000247955322,regime_comparison_01,democracy
full4,v2jupurge_lag1,367,2.0490000247955322,regime_comparison_01,democracy
full4,v2jupurge_lag1,368,1.1460000276565552,regime_comparison_01,democracy
full4,v2jupurge_lag1,369,1.878999948501587,regime_comparison_01,democracy
full4,v2jupurge_lag1,370,1.878999948501587,regime_comparison_01,democracy
full4,v2jupurge_lag1,371,1.8530000448226929,regime_comparison_01,democracy
full4,v2jupurge_lag1,372,1.8530000448226929,regime_comparison_01,democracy
full4,v2jupurge_lag1,373,1.8530000448226929,regime_comparison_01,democracy
full4,v2jupurge_lag1,374,1.8530000448226929,regime_comparison_01,democracy
full4,v2jupurge_lag1,375,1.8530000448226929,regime_comparison_01,democracy
full4,v2jupurge_lag1,376,1.8530000448226929,regime_comparison_01,democracy
full4,v2jupurge_lag1,377,1.8530000448226929,regime_comparison_01,democracy
full4,v2jupurge_lag1,378,2.134999990463257,regime_comparison_01,democracy
full4,v2jupurge_lag1,379,2.134999990463257,regime_comparison_01,democracy
full4,v2jupurge_lag1,382,1.4570000171661377,regime_comparison_01,democracy
full4,v2jupurge_lag1,383,1.4539999961853027,regime_comparison_01,democracy
full4,v2jupurge_lag1,384,1.9500000476837158,regime_comparison_01,democracy
full4,v2jupurge_lag1,385,2.015000104904175,regime_comparison_01,democracy
full4,v2jupurge_lag1,386,2.1659998893737793,regime_comparison_01,democracy
full4,v2jupurge_lag1,400,1.3930000066757202,regime_comparison_01,democracy
full4,v2jupurge_lag1,414,2.609999895095825,regime_comparison_01,democracy
full4,v2jupurge_lag1,415,2.9670000076293945,regime_comparison_01,democracy
full4,v2jupurge_lag1,416,2.9670000076293945,regime_comparison_01,democracy
full4,v2jupurge_lag1,417,2.9670000076293945,regime_comparison_01,democracy
full4,v2jupurge_lag1,418,2.9670000076293945,regime_comparison_01,democracy
full4,v2jupurge_lag1,419,2.359999895095825,regime_comparison_01,democracy
full4,v2jupurge_lag1,420,2.8989999294281006,regime_comparison_01,democracy
full4,v2jupurge_lag1,421,2.8989999294281006,regime_comparison_01,democracy
full4,v2jupurge_lag1,422,2.8989999294281006,regime_comparison_01,democracy
full4,v2jupurge_lag1,423,2.8989999294281006,regime_comparison_01,democracy
full4,v2jupurge_lag1,424,2.8989999294281006,regime_comparison_01,democracy
full4,v2jupurge_lag1,425,2.8989999294281006,regime_comparison_01,democracy
full4,v2jupurge_lag1,426,2.8989999294281006,regime_comparison_01,democracy
full4,v2jupurge_lag1,427,2.8989999294281006,regime_comparison_01,democracy
full4,v2jupurge_lag1,428,2.2950000762939453,regime_comparison_01,democracy
full4,v2jupurge_lag1,434,1.909999966621399,regime_comparison_01,democracy
full4,v2jupurge_lag1,435,1.909000039100647,regime_comparison_01,democracy
full4,v2jupurge_lag1,436,2.0799999237060547,regime_comparison_01,democracy
full4,v2jupurge_lag1,437,2.0799999237060547,regime_comparison_01,democracy
full4,v2jupurge_lag1,438,2.0799999237060547,regime_comparison_01,democracy
full4,v2jupurge_lag1,439,2.0799999237060547,regime_comparison_01,democracy
full4,v2jupurge_lag1,440,2.0799999237060547,regime_comparison_01,democracy
full4,v2jupurge_lag1,441,1.8660000562667847,regime_comparison_01,democracy
full4,v2jupurge_lag1,442,1.875,regime_comparison_01,democracy
full4,v2jupurge_lag1,443,1.875,regime_comparison_01,democracy
full4,v2jupurge_lag1,444,1.875,regime_comparison_01,democracy
full4,v2jupurge_lag1,445,1.875,regime_comparison_01,democracy
full4,v2jupurge_lag1,446,1.875,regime_comparison_01,democracy
full4,v2jupurge_lag1,447,1.875,regime_comparison_01,democracy
full4,v2jupurge_lag1,448,1.875,regime_comparison_01,democracy
full4,v2jupurge_lag1,449,1.875,regime_comparison_01,democracy
full4,v2jupurge_lag1,450,1.875,regime_comparison_01,democracy
full4,v2jupurge_lag1,451,1.875,regime_comparison_01,democracy
full4,v2jupurge_lag1,452,1.875,regime_comparison_01,democracy
full4,v2jupurge_lag1,453,1.875,regime_comparison_01,democracy
full4,v2jupurge_lag1,454,1.875,regime_comparison_01,democracy
full4,v2jupurge_lag1,455,1.875,regime_comparison_01,democracy
full4,v2jupurge_lag1,456,1.875,regime_comparison_01,democracy
full4,v2jupurge_lag1,457,1.875,regime_comparison_01,democracy
full4,v2jupurge_lag1,458,1.875,regime_comparison_01,democracy
full4,v2jupurge_lag1,459,1.9589999914169312,regime_comparison_01,democracy
full4,v2jupurge_lag1,460,1.9589999914169312,regime_comparison_01,democracy
full4,v2jupurge_lag1,461,1.9589999914169312,regime_comparison_01,democracy
full4,v2jupurge_lag1,462,1.9589999914169312,regime_comparison_01,democracy
full4,v2jupurge_lag1,463,1.9589999914169312,regime_comparison_01,democracy
full4,v2jupurge_lag1,464,1.9589999914169312,regime_comparison_01,democracy
full4,v2jupurge_lag1,465,1.9589999914169312,regime_comparison_01,democracy
full4,v2jupurge_lag1,466,1.9589999914169312,regime_comparison_01,democracy
full4,v2jupurge_lag1,467,1.9589999914169312,regime_comparison_01,democracy
full4,v2jupurge_lag1,468,1.9589999914169312,regime_comparison_01,democracy
full4,v2jupurge_lag1,469,1.7330000400543213,regime_comparison_01,democracy
full4,v2jupurge_lag1,470,1.7330000400543213,regime_comparison_01,democracy
full4,v2jupurge_lag1,471,1.7330000400543213,regime_comparison_01,democracy
full4,v2jupurge_lag1,472,2.4690001010894775,regime_comparison_01,democracy
full4,v2jupurge_lag1,473,2.4690001010894775,regime_comparison_01,democracy
full4,v2jupurge_lag1,474,1.1959999799728394,regime_comparison_01,democracy
full4,v2jupurge_lag1,475,1.1959999799728394,regime_comparison_01,democracy
full4,v2jupurge_lag1,478,1.1959999799728394,regime_comparison_01,democracy
full4,v2jupurge_lag1,480,1.1710000038146973,regime_comparison_01,democracy
full4,v2jupurge_lag1,481,1.1710000038146973,regime_comparison_01,democracy
full4,v2jupurge_lag1,482,1.1710000038146973,regime_comparison_01,democracy
full4,v2jupurge_lag1,483,1.1710000038146973,regime_comparison_01,democracy
full4,v2jupurge_lag1,484,1.1710000038146973,regime_comparison_01,democracy
full4,v2jupurge_lag1,485,1.1710000038146973,regime_comparison_01,democracy
full4,v2jupurge_lag1,486,1.1710000038146973,regime_comparison_01,democracy
full4,v2jupurge_lag1,487,1.1710000038146973,regime_comparison_01,democracy
full4,v2jupurge_lag1,488,1.1710000038146973,regime_comparison_01,democracy
full4,v2jupurge_lag1,489,1.1710000038146973,regime_comparison_01,democracy
full4,v2jupurge_lag1,491,1.1710000038146973,regime_comparison_01,democracy
full4,v2jupurge_lag1,492,1.1710000038146973,regime_comparison_01,democracy
full4,v2jupurge_lag1,493,1.1710000038146973,regime_comparison_01,democracy
full4,v2jupurge_lag1,494,0.699999988079071,regime_comparison_01,democracy
full4,v2jupurge_lag1,495,0.699999988079071,regime_comparison_01,democracy
full4,v2jupurge_lag1,502,1.4110000133514404,regime_comparison_01,democracy
full4,v2jupurge_lag1,504,1.4110000133514404,regime_comparison_01,democracy
full4,v2jupurge_lag1,505,1.4110000133514404,regime_comparison_01,democracy
full4,v2jupurge_lag1,507,1.4110000133514404,regime_comparison_01,democracy
full4,v2jupurge_lag1,509,1.4110000133514404,regime_comparison_01,democracy
full4,v2jupurge_lag1,511,1.4110000133514404,regime_comparison_01,democracy
full4,v2jupurge_lag1,512,1.4110000133514404,regime_comparison_01,democracy
full4,v2jupurge_lag1,514,1.4110000133514404,regime_comparison_01,democracy
full4,v2jupurge_lag1,516,1.4110000133514404,regime_comparison_01,democracy
full4,v2jupurge_lag1,518,1.4110000133514404,regime_comparison_01,democracy
full4,v2jupurge_lag1,519,1.4110000133514404,regime_comparison_01,democracy
full4,v2jupurge_lag1,521,1.4110000133514404,regime_comparison_01,democracy
full4,v2jupurge_lag1,525,1.4110000133514404,regime_comparison_01,democracy
full4,v2jupurge_lag1,526,1.4110000133514404,regime_comparison_01,democracy
full4,v2jupurge_lag1,527,1.4110000133514404,regime_comparison_01,democracy
full4,v2jupurge_lag1,529,1.4110000133514404,regime_comparison_01,democracy
full4,v2jupurge_lag1,543,1.3559999465942383,regime_comparison_01,democracy
full4,v2jupurge_lag1,546,1.3559999465942383,regime_comparison_01,democracy
full4,v2jupurge_lag1,567,0.7360000014305115,regime_comparison_01,democracy
full4,v2jupurge_lag1,568,0.7360000014305115,regime_comparison_01,democracy
full4,v2jupurge_lag1,574,1.5219999551773071,regime_comparison_01,democracy
full4,v2jupurge_lag1,580,2.0160000324249268,regime_comparison_01,democracy
full4,v2jupurge_lag1,596,1.0789999961853027,regime_comparison_01,democracy
full4,v2jupurge_lag1,597,1.0789999961853027,regime_comparison_01,democracy
full4,v2jupurge_lag1,598,1.5099999904632568,regime_comparison_01,democracy
full4,v2jupurge_lag1,599,1.5549999475479126,regime_comparison_01,democracy
full4,v2jupurge_lag1,600,0.8339999914169312,regime_comparison_01,democracy
full4,v2jupurge_lag1,601,0.8339999914169312,regime_comparison_01,democracy
full4,v2jupurge_lag1,615,0.30300000309944153,regime_comparison_01,democracy
full4,v2jupurge_lag1,616,0.30300000309944153,regime_comparison_01,democracy
full4,v2jupurge_lag1,620,-0.7710000276565552,regime_comparison_01,democracy
full4,v2jupurge_lag1,621,-1.2070000171661377,regime_comparison_01,democracy
full4,v2jupurge_lag1,623,-0.828000009059906,regime_comparison_01,democracy
full4,v2jupurge_lag1,631,2.490000009536743,regime_comparison_01,democracy
full4,v2jupurge_lag1,632,2.490000009536743,regime_comparison_01,democracy
full4,v2jupurge_lag1,633,2.490000009536743,regime_comparison_01,democracy
full4,v2jupurge_lag1,634,2.490000009536743,regime_comparison_01,democracy
full4,v2jupurge_lag1,635,2.490000009536743,regime_comparison_01,democracy
full4,v2jupurge_lag1,636,2.490000009536743,regime_comparison_01,democracy
full4,v2jupurge_lag1,637,2.490000009536743,regime_comparison_01,democracy
full4,v2jupurge_lag1,638,2.490000009536743,regime_comparison_01,democracy
full4,v2jupurge_lag1,639,2.490000009536743,regime_comparison_01,democracy
full4,v2jupurge_lag1,640,2.013000011444092,regime_comparison_01,democracy
full4,v2jupurge_lag1,641,2.013000011444092,regime_comparison_01,democracy
full4,v2jupurge_lag1,642,2.013000011444092,regime_comparison_01,democracy
full4,v2jupurge_lag1,643,2.013000011444092,regime_comparison_01,democracy
full4,v2jupurge_lag1,644,2.013000011444092,regime_comparison_01,democracy
full4,v2jupurge_lag1,645,2.5899999141693115,regime_comparison_01,democracy
full4,v2jupurge_lag1,646,2.5899999141693115,regime_comparison_01,democracy
full4,v2jupurge_lag1,647,2.5899999141693115,regime_comparison_01,democracy
full4,v2jupurge_lag1,648,2.5899999141693115,regime_comparison_01,democracy
full4,v2jupurge_lag1,649,2.5899999141693115,regime_comparison_01,democracy
full4,v2jupurge_lag1,650,2.5899999141693115,regime_comparison_01,democracy
full4,v2jupurge_lag1,651,2.5899999141693115,regime_comparison_01,democracy
full4,v2jupurge_lag1,652,2.5899999141693115,regime_comparison_01,democracy
full4,v2jupurge_lag1,653,2.5899999141693115,regime_comparison_01,democracy
full4,v2jupurge_lag1,654,2.5899999141693115,regime_comparison_01,democracy
full4,v2jupurge_lag1,655,2.5899999141693115,regime_comparison_01,democracy
full4,v2jupurge_lag1,656,2.5899999141693115,regime_comparison_01,democracy
full4,v2jupurge_lag1,657,2.5899999141693115,regime_comparison_01,democracy
full4,v2jupurge_lag1,658,2.5899999141693115,regime_comparison_01,democracy
full4,v2jupurge_lag1,659,2.5899999141693115,regime_comparison_01,democracy
full4,v2jupurge_lag1,660,2.5899999141693115,regime_comparison_01,democracy
full4,v2jupurge_lag1,661,1.6610000133514404,regime_comparison_01,democracy
full4,v2jupurge_lag1,662,1.6610000133514404,regime_comparison_01,democracy
full4,v2jupurge_lag1,663,1.6610000133514404,regime_comparison_01,democracy
full4,v2jupurge_lag1,664,1.6610000133514404,regime_comparison_01,democracy
full4,v2jupurge_lag1,665,1.6610000133514404,regime_comparison_01,democracy
full4,v2jupurge_lag1,666,1.6610000133514404,regime_comparison_01,democracy
full4,v2jupurge_lag1,667,1.6610000133514404,regime_comparison_01,democracy
full4,v2jupurge_lag1,669,1.6610000133514404,regime_comparison_01,democracy
full4,v2jupurge_lag1,670,1.6610000133514404,regime_comparison_01,democracy
full4,v2jupurge_lag1,671,1.6610000133514404,regime_comparison_01,democracy
full4,v2jupurge_lag1,672,1.6610000133514404,regime_comparison_01,democracy
full4,v2jupurge_lag1,673,1.6610000133514404,regime_comparison_01,democracy
full4,v2jupurge_lag1,674,1.6610000133514404,regime_comparison_01,democracy
full4,v2jupurge_lag1,675,1.6610000133514404,regime_comparison_01,democracy
full4,v2jupurge_lag1,676,1.6610000133514404,regime_comparison_01,democracy
full4,v2jupurge_lag1,677,1.6610000133514404,regime_comparison_01,democracy
full4,v2jupurge_lag1,755,1.99399995803833,regime_comparison_01,democracy
full4,v2jupurge_lag1,756,2.1760001182556152,regime_comparison_01,democracy
full4,v2jupurge_lag1,757,2.1760001182556152,regime_comparison_01,democracy
full4,v2jupurge_lag1,758,2.2130000591278076,regime_comparison_01,democracy
full4,v2jupurge_lag1,759,2.2130000591278076,regime_comparison_01,democracy
full4,v2jupurge_lag1,760,2.2130000591278076,regime_comparison_01,democracy
full4,v2jupurge_lag1,761,2.2130000591278076,regime_comparison_01,democracy
full4,v2jupurge_lag1,762,2.2130000591278076,regime_comparison_01,democracy
full4,v2jupurge_lag1,763,2.2130000591278076,regime_comparison_01,democracy
full4,v2jupurge_lag1,764,2.2130000591278076,regime_comparison_01,democracy
full4,v2jupurge_lag1,765,2.2130000591278076,regime_comparison_01,democracy
full4,v2jupurge_lag1,766,0.8960000276565552,regime_comparison_01,democracy
full4,v2jupurge_lag1,767,1.1950000524520874,regime_comparison_01,democracy
full4,v2jupurge_lag1,768,2.4179999828338623,regime_comparison_01,democracy
full4,v2jupurge_lag1,769,2.4179999828338623,regime_comparison_01,democracy
full4,v2jupurge_lag1,770,2.4179999828338623,regime_comparison_01,democracy
full4,v2jupurge_lag1,771,2.4179999828338623,regime_comparison_01,democracy
full4,v2jupurge_lag1,772,2.4179999828338623,regime_comparison_01,democracy
full4,v2jupurge_lag1,773,2.4179999828338623,regime_comparison_01,democracy
full4,v2jupurge_lag1,774,2.4179999828338623,regime_comparison_01,democracy
full4,v2jupurge_lag1,775,1.7369999885559082,regime_comparison_01,democracy
full4,v2jupurge_lag1,776,2.0490000247955322,regime_comparison_01,democracy
full4,v2jupurge_lag1,777,1.1460000276565552,regime_comparison_01,democracy
full4,v2jupurge_lag1,778,1.878999948501587,regime_comparison_01,democracy
full4,v2jupurge_lag1,779,1.878999948501587,regime_comparison_01,democracy
full4,v2jupurge_lag1,780,1.878999948501587,regime_comparison_01,democracy
full4,v2jupurge_lag1,781,1.878999948501587,regime_comparison_01,democracy
full4,v2jupurge_lag1,782,1.878999948501587,regime_comparison_01,democracy
full4,v2jupurge_lag1,783,1.878999948501587,regime_comparison_01,democracy
full4,v2jupurge_lag1,784,1.8530000448226929,regime_comparison_01,democracy
full4,v2jupurge_lag1,785,1.8530000448226929,regime_comparison_01,democracy
full4,v2jupurge_lag1,786,1.8530000448226929,regime_comparison_01,democracy
full4,v2jupurge_lag1,787,1.8530000448226929,regime_comparison_01,democracy
full4,v2jupurge_lag1,788,1.8530000448226929,regime_comparison_01,democracy
full4,v2jupurge_lag1,789,1.8530000448226929,regime_comparison_01,democracy
full4,v2jupurge_lag1,790,1.8530000448226929,regime_comparison_01,democracy
full4,v2jupurge_lag1,791,1.8530000448226929,regime_comparison_01,democracy
full4,v2jupurge_lag1,792,1.8530000448226929,regime_comparison_01,democracy
full4,v2jupurge_lag1,793,1.8530000448226929,regime_comparison_01,democracy
full4,v2jupurge_lag1,794,1.8530000448226929,regime_comparison_01,democracy
full4,v2jupurge_lag1,795,1.8530000448226929,regime_comparison_01,democracy
full4,v2jupurge_lag1,796,1.8530000448226929,regime_comparison_01,democracy
full4,v2jupurge_lag1,797,1.8530000448226929,regime_comparison_01,democracy
full4,v2jupurge_lag1,798,1.8530000448226929,regime_comparison_01,democracy
full4,v2jupurge_lag1,799,1.8530000448226929,regime_comparison_01,democracy
full4,v2jupurge_lag1,800,1.8530000448226929,regime_comparison_01,democracy
full4,v2jupurge_lag1,801,1.8530000448226929,regime_comparison_01,democracy
full4,v2jupurge_lag1,802,1.8530000448226929,regime_comparison_01,democracy
full4,v2jupurge_lag1,803,1.8530000448226929,regime_comparison_01,democracy
full4,v2jupurge_lag1,804,1.8530000448226929,regime_comparison_01,democracy
full4,v2jupurge_lag1,805,1.8530000448226929,regime_comparison_01,democracy
full4,v2jupurge_lag1,806,1.8530000448226929,regime_comparison_01,democracy
full4,v2jupurge_lag1,807,1.8530000448226929,regime_comparison_01,democracy
full4,v2jupurge_lag1,808,1.8530000448226929,regime_comparison_01,democracy
full4,v2jupurge_lag1,809,1.8530000448226929,regime_comparison_01,democracy
full4,v2jupurge_lag1,810,1.8530000448226929,regime_comparison_01,democracy
full4,v2jupurge_lag1,811,1.8530000448226929,regime_comparison_01,democracy
full4,v2jupurge_lag1,812,1.8530000448226929,regime_comparison_01,democracy
full4,v2jupurge_lag1,813,1.8530000448226929,regime_comparison_01,democracy
full4,v2jupurge_lag1,814,1.8530000448226929,regime_comparison_01,democracy
full4,v2jupurge_lag1,815,1.8530000448226929,regime_comparison_01,democracy
full4,v2jupurge_lag1,816,1.8530000448226929,regime_comparison_01,democracy
full4,v2jupurge_lag1,817,1.8530000448226929,regime_comparison_01,democracy
full4,v2jupurge_lag1,818,1.8530000448226929,regime_comparison_01,democracy
full4,v2jupurge_lag1,819,1.8530000448226929,regime_comparison_01,democracy
full4,v2jupurge_lag1,820,1.8530000448226929,regime_comparison_01,democracy
full4,v2jupurge_lag1,821,1.8530000448226929,regime_comparison_01,democracy
full4,v2jupurge_lag1,822,1.8530000448226929,regime_comparison_01,democracy
full4,v2jupurge_lag1,823,1.8530000448226929,regime_comparison_01,democracy
full4,v2jupurge_lag1,824,1.8530000448226929,regime_comparison_01,democracy
full4,v2jupurge_lag1,825,1.8530000448226929,regime_comparison_01,democracy
full4,v2jupurge_lag1,826,1.8530000448226929,regime_comparison_01,democracy
full4,v2jupurge_lag1,827,1.8530000448226929,regime_comparison_01,democracy
full4,v2jupurge_lag1,828,1.8530000448226929,regime_comparison_01,democracy
full4,v2jupurge_lag1,829,1.8530000448226929,regime_comparison_01,democracy
full4,v2jupurge_lag1,830,1.8530000448226929,regime_comparison_01,democracy
full4,v2jupurge_lag1,831,1.8530000448226929,regime_comparison_01,democracy
full4,v2jupurge_lag1,832,1.8530000448226929,regime_comparison_01,democracy
full4,v2jupurge_lag1,833,1.8530000448226929,regime_comparison_01,democracy
full4,v2jupurge_lag1,834,1.8530000448226929,regime_comparison_01,democracy
full4,v2jupurge_lag1,835,1.8530000448226929,regime_comparison_01,democracy
full4,v2jupurge_lag1,836,1.8530000448226929,regime_comparison_01,democracy
full4,v2jupurge_lag1,837,1.8530000448226929,regime_comparison_01,democracy
full4,v2jupurge_lag1,838,1.8530000448226929,regime_comparison_01,democracy
full4,v2jupurge_lag1,839,1.8530000448226929,regime_comparison_01,democracy
full4,v2jupurge_lag1,840,1.8530000448226929,regime_comparison_01,democracy
full4,v2jupurge_lag1,841,1.8530000448226929,regime_comparison_01,democracy
full4,v2jupurge_lag1,842,1.8530000448226929,regime_comparison_01,democracy
full4,v2jupurge_lag1,843,1.8530000448226929,regime_comparison_01,democracy
full4,v2jupurge_lag1,844,1.8530000448226929,regime_comparison_01,democracy
full4,v2jupurge_lag1,845,1.8530000448226929,regime_comparison_01,democracy
full4,v2jupurge_lag1,846,1.8530000448226929,regime_comparison_01,democracy
full4,v2jupurge_lag1,847,1.8530000448226929,regime_comparison_01,democracy
full4,v2jupurge_lag1,848,1.8530000448226929,regime_comparison_01,democracy
full4,v2jupurge_lag1,849,1.8530000448226929,regime_comparison_01,democracy
full4,v2jupurge_lag1,850,1.8530000448226929,regime_comparison_01,democracy
full4,v2jupurge_lag1,851,1.8530000448226929,regime_comparison_01,democracy
full4,v2jupurge_lag1,852,1.8530000448226929,regime_comparison_01,democracy
full4,v2jupurge_lag1,853,1.8530000448226929,regime_comparison_01,democracy
full4,v2jupurge_lag1,854,1.8530000448226929,regime_comparison_01,democracy
full4,v2jupurge_lag1,855,1.8530000448226929,regime_comparison_01,democracy
full4,v2jupurge_lag1,856,1.8530000448226929,regime_comparison_01,democracy
full4,v2jupurge_lag1,857,1.8530000448226929,regime_comparison_01,democracy
full4,v2jupurge_lag1,858,1.8530000448226929,regime_comparison_01,democracy
full4,v2jupurge_lag1,859,1.8530000448226929,regime_comparison_01,democracy
full4,v2jupurge_lag1,860,1.8530000448226929,regime_comparison_01,democracy
full4,v2jupurge_lag1,861,1.8530000448226929,regime_comparison_01,democracy
full4,v2jupurge_lag1,862,1.8530000448226929,regime_comparison_01,democracy
full4,v2jupurge_lag1,863,1.8530000448226929,regime_comparison_01,democracy
full4,v2jupurge_lag1,864,1.8530000448226929,regime_comparison_01,democracy
full4,v2jupurge_lag1,865,1.8530000448226929,regime_comparison_01,democracy
full4,v2jupurge_lag1,866,1.8530000448226929,regime_comparison_01,democracy
full4,v2jupurge_lag1,867,1.8530000448226929,regime_comparison_01,democracy
full4,v2jupurge_lag1,868,1.8530000448226929,regime_comparison_01,democracy
full4,v2jupurge_lag1,869,1.8530000448226929,regime_comparison_01,democracy
full4,v2jupurge_lag1,870,1.8530000448226929,regime_comparison_01,democracy
full4,v2jupurge_lag1,871,1.8530000448226929,regime_comparison_01,democracy
full4,v2jupurge_lag1,872,1.8530000448226929,regime_comparison_01,democracy
full4,v2jupurge_lag1,873,1.8530000448226929,regime_comparison_01,democracy
full4,v2jupurge_lag1,874,1.8530000448226929,regime_comparison_01,democracy
full4,v2jupurge_lag1,875,1.8530000448226929,regime_comparison_01,democracy
full4,v2jupurge_lag1,876,1.8530000448226929,regime_comparison_01,democracy
full4,v2jupurge_lag1,877,1.8530000448226929,regime_comparison_01,democracy
full4,v2jupurge_lag1,878,1.8530000448226929,regime_comparison_01,democracy
full4,v2jupurge_lag1,879,1.8530000448226929,regime_comparison_01,democracy
full4,v2jupurge_lag1,880,1.8530000448226929,regime_comparison_01,democracy
full4,v2jupurge_lag1,881,1.8530000448226929,regime_comparison_01,democracy
full4,v2jupurge_lag1,882,1.8530000448226929,regime_comparison_01,democracy
full4,v2jupurge_lag1,883,1.8530000448226929,regime_comparison_01,democracy
full4,v2jupurge_lag1,884,1.8530000448226929,regime_comparison_01,democracy
full4,v2jupurge_lag1,885,1.8530000448226929,regime_comparison_01,democracy
full4,v2jupurge_lag1,886,1.8530000448226929,regime_comparison_01,democracy
full4,v2jupurge_lag1,887,1.8530000448226929,regime_comparison_01,democracy
full4,v2jupurge_lag1,888,1.8530000448226929,regime_comparison_01,democracy
full4,v2jupurge_lag1,889,1.8530000448226929,regime_comparison_01,democracy
full4,v2jupurge_lag1,890,1.8530000448226929,regime_comparison_01,democracy
full4,v2jupurge_lag1,891,1.8530000448226929,regime_comparison_01,democracy
full4,v2jupurge_lag1,892,1.8530000448226929,regime_comparison_01,democracy
full4,v2jupurge_lag1,893,1.8530000448226929,regime_comparison_01,democracy
full4,v2jupurge_lag1,894,1.8530000448226929,regime_comparison_01,democracy
full4,v2jupurge_lag1,895,1.8530000448226929,regime_comparison_01,democracy
full4,v2jupurge_lag1,896,1.8530000448226929,regime_comparison_01,democracy
full4,v2jupurge_lag1,897,1.8530000448226929,regime_comparison_01,democracy
full4,v2jupurge_lag1,898,1.8530000448226929,regime_comparison_01,democracy
full4,v2jupurge_lag1,899,1.8530000448226929,regime_comparison_01,democracy
full4,v2jupurge_lag1,900,1.8530000448226929,regime_comparison_01,democracy
full4,v2jupurge_lag1,901,1.8530000448226929,regime_comparison_01,democracy
full4,v2jupurge_lag1,902,1.8530000448226929,regime_comparison_01,democracy
full4,v2jupurge_lag1,903,1.8530000448226929,regime_comparison_01,democracy
full4,v2jupurge_lag1,904,1.8530000448226929,regime_comparison_01,democracy
full4,v2jupurge_lag1,905,1.8530000448226929,regime_comparison_01,democracy
full4,v2jupurge_lag1,906,1.8530000448226929,regime_comparison_01,democracy
full4,v2jupurge_lag1,908,1.8530000448226929,regime_comparison_01,democracy
full4,v2jupurge_lag1,909,1.8530000448226929,regime_comparison_01,democracy
full4,v2jupurge_lag1,910,1.8530000448226929,regime_comparison_01,democracy
full4,v2jupurge_lag1,911,1.8530000448226929,regime_comparison_01,democracy
full4,v2jupurge_lag1,912,1.8530000448226929,regime_comparison_01,democracy
full4,v2jupurge_lag1,913,1.8530000448226929,regime_comparison_01,democracy
full4,v2jupurge_lag1,914,1.8530000448226929,regime_comparison_01,democracy
full4,v2jupurge_lag1,915,1.8530000448226929,regime_comparison_01,democracy
full4,v2jupurge_lag1,916,1.8530000448226929,regime_comparison_01,democracy
full4,v2jupurge_lag1,917,1.8530000448226929,regime_comparison_01,democracy
full4,v2jupurge_lag1,918,1.8530000448226929,regime_comparison_01,democracy
full4,v2jupurge_lag1,919,1.8530000448226929,regime_comparison_01,democracy
full4,v2jupurge_lag1,920,1.8530000448226929,regime_comparison_01,democracy
full4,v2jupurge_lag1,921,1.8530000448226929,regime_comparison_01,democracy
full4,v2jupurge_lag1,922,1.8530000448226929,regime_comparison_01,democracy
full4,v2jupurge_lag1,923,1.8530000448226929,regime_comparison_01,democracy
full4,v2jupurge_lag1,924,1.8530000448226929,regime_comparison_01,democracy
full4,v2jupurge_lag1,925,1.8530000448226929,regime_comparison_01,democracy
full4,v2jupurge_lag1,926,1.8530000448226929,regime_comparison_01,democracy
full4,v2jupurge_lag1,927,1.8530000448226929,regime_comparison_01,democracy
full4,v2jupurge_lag1,928,1.8530000448226929,regime_comparison_01,democracy
full4,v2jupurge_lag1,929,1.8530000448226929,regime_comparison_01,democracy
full4,v2jupurge_lag1,930,1.8530000448226929,regime_comparison_01,democracy
full4,v2jupurge_lag1,931,1.8530000448226929,regime_comparison_01,democracy
full4,v2jupurge_lag1,932,1.8530000448226929,regime_comparison_01,democracy
full4,v2jupurge_lag1,933,1.8530000448226929,regime_comparison_01,democracy
full4,v2jupurge_lag1,934,1.8530000448226929,regime_comparison_01,democracy
full4,v2jupurge_lag1,935,1.8530000448226929,regime_comparison_01,democracy
full4,v2jupurge_lag1,936,1.8530000448226929,regime_comparison_01,democracy
full4,v2jupurge_lag1,937,1.8530000448226929,regime_comparison_01,democracy
full4,v2jupurge_lag1,938,1.8530000448226929,regime_comparison_01,democracy
full4,v2jupurge_lag1,939,1.8530000448226929,regime_comparison_01,democracy
full4,v2jupurge_lag1,940,1.8530000448226929,regime_comparison_01,democracy
full4,v2jupurge_lag1,941,1.8530000448226929,regime_comparison_01,democracy
full4,v2jupurge_lag1,942,1.8530000448226929,regime_comparison_01,democracy
full4,v2jupurge_lag1,943,1.8530000448226929,regime_comparison_01,democracy
full4,v2jupurge_lag1,944,1.8530000448226929,regime_comparison_01,democracy
full4,v2jupurge_lag1,945,1.8530000448226929,regime_comparison_01,democracy
full4,v2jupurge_lag1,946,1.8530000448226929,regime_comparison_01,democracy
full4,v2jupurge_lag1,947,1.8530000448226929,regime_comparison_01,democracy
full4,v2jupurge_lag1,948,1.8530000448226929,regime_comparison_01,democracy
full4,v2jupurge_lag1,949,1.8530000448226929,regime_comparison_01,democracy
full4,v2jupurge_lag1,950,1.8530000448226929,regime_comparison_01,democracy
full4,v2jupurge_lag1,951,1.8530000448226929,regime_comparison_01,democracy
full4,v2jupurge_lag1,952,1.8530000448226929,regime_comparison_01,democracy
full4,v2jupurge_lag1,953,1.8530000448226929,regime_comparison_01,democracy
full4,v2jupurge_lag1,954,1.8530000448226929,regime_comparison_01,democracy
full4,v2jupurge_lag1,955,1.8530000448226929,regime_comparison_01,democracy
full4,v2jupurge_lag1,956,1.8530000448226929,regime_comparison_01,democracy
full4,v2jupurge_lag1,957,1.8530000448226929,regime_comparison_01,democracy
full4,v2jupurge_lag1,958,1.8530000448226929,regime_comparison_01,democracy
full4,v2jupurge_lag1,959,1.8530000448226929,regime_comparison_01,democracy
full4,v2jupurge_lag1,960,1.8530000448226929,regime_comparison_01,democracy
full4,v2jupurge_lag1,961,1.8530000448226929,regime_comparison_01,democracy
full4,v2jupurge_lag1,962,1.8530000448226929,regime_comparison_01,democracy
full4,v2jupurge_lag1,963,1.8530000448226929,regime_comparison_01,democracy
full4,v2jupurge_lag1,964,1.8530000448226929,regime_comparison_01,democracy
full4,v2jupurge_lag1,965,1.8530000448226929,regime_comparison_01,democracy
full4,v2jupurge_lag1,966,1.8530000448226929,regime_comparison_01,democracy
full4,v2jupurge_lag1,967,1.8530000448226929,regime_comparison_01,democracy
full4,v2jupurge_lag1,968,1.8530000448226929,regime_comparison_01,democracy
full4,v2jupurge_lag1,969,1.8530000448226929,regime_comparison_01,democracy
full4,v2jupurge_lag1,970,1.8530000448226929,regime_comparison_01,democracy
full4,v2jupurge_lag1,971,1.8530000448226929,regime_comparison_01,democracy
full4,v2jupurge_lag1,972,1.8530000448226929,regime_comparison_01,democracy
full4,v2jupurge_lag1,973,1.8530000448226929,regime_comparison_01,democracy
full4,v2jupurge_lag1,974,1.8530000448226929,regime_comparison_01,democracy
full4,v2jupurge_lag1,975,1.8530000448226929,regime_comparison_01,democracy
full4,v2jupurge_lag1,976,1.8530000448226929,regime_comparison_01,democracy
full4,v2jupurge_lag1,977,1.8530000448226929,regime_comparison_01,democracy
full4,v2jupurge_lag1,978,1.8530000448226929,regime_comparison_01,democracy
full4,v2jupurge_lag1,979,1.8530000448226929,regime_comparison_01,democracy
full4,v2jupurge_lag1,980,1.8530000448226929,regime_comparison_01,democracy
full4,v2jupurge_lag1,981,1.8530000448226929,regime_comparison_01,democracy
full4,v2jupurge_lag1,982,1.8530000448226929,regime_comparison_01,democracy
full4,v2jupurge_lag1,983,1.8530000448226929,regime_comparison_01,democracy
full4,v2jupurge_lag1,984,1.8530000448226929,regime_comparison_01,democracy
full4,v2jupurge_lag1,985,1.8530000448226929,regime_comparison_01,democracy
full4,v2jupurge_lag1,986,1.8530000448226929,regime_comparison_01,democracy
full4,v2jupurge_lag1,987,1.8530000448226929,regime_comparison_01,democracy
full4,v2jupurge_lag1,988,1.8530000448226929,regime_comparison_01,democracy
full4,v2jupurge_lag1,989,1.8530000448226929,regime_comparison_01,democracy
full4,v2jupurge_lag1,990,1.8530000448226929,regime_comparison_01,democracy
full4,v2jupurge_lag1,991,1.8530000448226929,regime_comparison_01,democracy
full4,v2jupurge_lag1,992,1.8530000448226929,regime_comparison_01,democracy
full4,v2jupurge_lag1,993,2.134999990463257,regime_comparison_01,democracy
full4,v2jupurge_lag1,994,2.134999990463257,regime_comparison_01,democracy
full4,v2jupurge_lag1,995,2.134999990463257,regime_comparison_01,democracy
full4,v2jupurge_lag1,996,2.134999990463257,regime_comparison_01,democracy
full4,v2jupurge_lag1,997,2.134999990463257,regime_comparison_01,democracy
full4,v2jupurge_lag1,998,2.134999990463257,regime_comparison_01,democracy
full4,v2jupurge_lag1,999,2.134999990463257,regime_comparison_01,democracy
full4,v2jupurge_lag1,1000,2.134999990463257,regime_comparison_01,democracy
full4,v2jupurge_lag1,1001,2.134999990463257,regime_comparison_01,democracy
full4,v2jupurge_lag1,1002,2.134999990463257,regime_comparison_01,democracy
full4,v2jupurge_lag1,1003,2.134999990463257,regime_comparison_01,democracy
full4,v2jupurge_lag1,1004,2.134999990463257,regime_comparison_01,democracy
full4,v2jupurge_lag1,1005,2.134999990463257,regime_comparison_01,democracy
full4,v2jupurge_lag1,1006,2.134999990463257,regime_comparison_01,democracy
full4,v2jupurge_lag1,1007,2.134999990463257,regime_comparison_01,democracy
full4,v2jupurge_lag1,1009,2.134999990463257,regime_comparison_01,democracy
full4,v2jupurge_lag1,1010,2.134999990463257,regime_comparison_01,democracy
full4,v2jupurge_lag1,1011,2.134999990463257,regime_comparison_01,democracy
full4,v2jupurge_lag1,1012,2.134999990463257,regime_comparison_01,democracy
full4,v2jupurge_lag1,1014,2.134999990463257,regime_comparison_01,democracy
full4,v2jupurge_lag1,1016,2.134999990463257,regime_comparison_01,democracy
full4,v2jupurge_lag1,1017,2.134999990463257,regime_comparison_01,democracy
full4,v2jupurge_lag1,1018,2.134999990463257,regime_comparison_01,democracy
full4,v2jupurge_lag1,1019,2.134999990463257,regime_comparison_01,democracy
full4,v2jupurge_lag1,1021,2.134999990463257,regime_comparison_01,democracy
full4,v2jupurge_lag1,1022,2.134999990463257,regime_comparison_01,democracy
full4,v2jupurge_lag1,1023,2.134999990463257,regime_comparison_01,democracy
full4,v2jupurge_lag1,1024,2.134999990463257,regime_comparison_01,democracy
full4,v2jupurge_lag1,1025,2.134999990463257,regime_comparison_01,democracy
full4,v2jupurge_lag1,1026,2.134999990463257,regime_comparison_01,democracy
full4,v2jupurge_lag1,1027,2.134999990463257,regime_comparison_01,democracy
full4,v2jupurge_lag1,1028,2.134999990463257,regime_comparison_01,democracy
full4,v2jupurge_lag1,1029,2.134999990463257,regime_comparison_01,democracy
full4,v2jupurge_lag1,1031,2.134999990463257,regime_comparison_01,democracy
full4,v2jupurge_lag1,1033,2.134999990463257,regime_comparison_01,democracy
full4,v2jupurge_lag1,1036,2.134999990463257,regime_comparison_01,democracy
full4,v2jupurge_lag1,1038,2.134999990463257,regime_comparison_01,democracy
full4,v2jupurge_lag1,1039,2.134999990463257,regime_comparison_01,democracy
full4,v2jupurge_lag1,1041,2.134999990463257,regime_comparison_01,democracy
full4,v2jupurge_lag1,1043,2.134999990463257,regime_comparison_01,democracy
full4,v2jupurge_lag1,1045,1.4570000171661377,regime_comparison_01,democracy
full4,v2jupurge_lag1,1049,1.4570000171661377,regime_comparison_01,democracy
full4,v2jupurge_lag1,1051,1.4570000171661377,regime_comparison_01,democracy
full4,v2jupurge_lag1,1052,1.4570000171661377,regime_comparison_01,democracy
full4,v2jupurge_lag1,1055,1.4570000171661377,regime_comparison_01,democracy
full4,v2jupurge_lag1,1056,1.4570000171661377,regime_comparison_01,democracy
full4,v2jupurge_lag1,1058,1.4570000171661377,regime_comparison_01,democracy
full4,v2jupurge_lag1,1059,1.4570000171661377,regime_comparison_01,democracy
full4,v2jupurge_lag1,1060,1.4539999961853027,regime_comparison_01,democracy
full4,wdj_citizen_lag1,3,0.0,regime_comparison_01,democracy
full4,wdj_citizen_lag1,4,0.0,regime_comparison_01,democracy
full4,wdj_citizen_lag1,5,0.0,regime_comparison_01,democracy
full4,wdj_citizen_lag1,6,0.0,regime_comparison_01,democracy
full4,wdj_citizen_lag1,7,0.0,regime_comparison_01,democracy
full4,wdj_citizen_lag1,8,0.0,regime_comparison_01,democracy
full4,wdj_citizen_lag1,9,0.0,regime_comparison_01,democracy
full4,wdj_citizen_lag1,10,0.0,regime_comparison_01,democracy
full4,wdj_citizen_lag1,11,0.0,regime_comparison_01,democracy
full4,wdj_citizen_lag1,12,0.0,regime_comparison_01,democracy
full4,wdj_citizen_lag1,13,0.9444444179534912,regime_comparison_01,democracy
full4,wdj_citizen_lag1,14,0.0,regime_comparison_01,democracy
full4,wdj_citizen_lag1,15,0.0,regime_comparison_01,democracy
full4,wdj_citizen_lag1,16,0.0,regime_comparison_01,democracy
full4,wdj_citizen_lag1,17,0.0,regime_comparison_01,democracy
full4,wdj_citizen_lag1,19,0.0,regime_comparison_01,democracy
full4,wdj_citizen_lag1,33,0.9814814925193787,regime_comparison_01,democracy
full4,wdj_citizen_lag1,35,0.0,regime_comparison_01,democracy
full4,wdj_citizen_lag1,37,0.0,regime_comparison_01,democracy
full4,wdj_citizen_lag1,38,0.0,regime_comparison_01,democracy
full4,wdj_citizen_lag1,39,0.0,regime_comparison_01,democracy
full4,wdj_citizen_lag1,48,0.0,regime_comparison_01,democracy
full4,wdj_citizen_lag1,49,0.0,regime_comparison_01,democracy
full4,wdj_citizen_lag1,50,0.0,regime_comparison_01,democracy
full4,wdj_citizen_lag1,51,0.0,regime_comparison_01,democracy
full4,wdj_citizen_lag1,52,0.0,regime_comparison_01,democracy
full4,wdj_citizen_lag1,53,0.0,regime_comparison_01,democracy
full4,wdj_citizen_lag1,54,0.0,regime_comparison_01,democracy
full4,wdj_citizen_lag1,55,0.0,regime_comparison_01,democracy
full4,wdj_citizen_lag1,56,0.0,regime_comparison_01,democracy
full4,wdj_citizen_lag1,57,0.0,regime_comparison_01,democracy
full4,wdj_citizen_lag1,58,0.0,regime_comparison_01,democracy
full4,wdj_citizen_lag1,59,0.0,regime_comparison_01,democracy
full4,wdj_citizen_lag1,60,0.0,regime_comparison_01,democracy
full4,wdj_citizen_lag1,61,0.0,regime_comparison_01,democracy
full4,wdj_citizen_lag1,62,0.0,regime_comparison_01,democracy
full4,wdj_citizen_lag1,63,0.0,regime_comparison_01,democracy
full4,wdj_citizen_lag1,64,0.0,regime_comparison_01,democracy
full4,wdj_citizen_lag1,65,0.0,regime_comparison_01,democracy
full4,wdj_citizen_lag1,66,0.0,regime_comparison_01,democracy
full4,wdj_citizen_lag1,67,0.0,regime_comparison_01,democracy
full4,wdj_citizen_lag1,68,0.0,regime_comparison_01,democracy
full4,wdj_citizen_lag1,69,0.0,regime_comparison_01,democracy
full4,wdj_citizen_lag1,70,0.0,regime_comparison_01,democracy
full4,wdj_citizen_lag1,71,0.0,regime_comparison_01,democracy
full4,wdj_citizen_lag1,72,0.0,regime_comparison_01,democracy
full4,wdj_citizen_lag1,73,0.7777777910232544,regime_comparison_01,democracy
full4,wdj_citizen_lag1,74,0.7777777910232544,regime_comparison_01,democracy
full4,wdj_citizen_lag1,75,0.7777777910232544,regime_comparison_01,democracy
full4,wdj_citizen_lag1,76,0.7777777910232544,regime_comparison_01,democracy
full4,wdj_citizen_lag1,77,0.7777777910232544,regime_comparison_01,democracy
full4,wdj_citizen_lag1,82,1.0,regime_comparison_01,democracy
full4,wdj_citizen_lag1,83,1.0,regime_comparison_01,democracy
full4,wdj_citizen_lag1,84,1.0,regime_comparison_01,democracy
full4,wdj_citizen_lag1,85,1.0,regime_comparison_01,democracy
full4,wdj_citizen_lag1,86,1.0,regime_comparison_01,democracy
full4,wdj_citizen_lag1,89,1.0,regime_comparison_01,democracy
full4,wdj_citizen_lag1,90,1.0,regime_comparison_01,democracy
full4,wdj_citizen_lag1,91,1.0,regime_comparison_01,democracy
full4,wdj_citizen_lag1,92,1.0,regime_comparison_01,democracy
full4,wdj_citizen_lag1,93,1.0,regime_comparison_01,democracy
full4,wdj_citizen_lag1,94,1.0,regime_comparison_01,democracy
full4,wdj_citizen_lag1,95,1.0,regime_comparison_01,democracy
full4,wdj_citizen_lag1,96,1.0,regime_comparison_01,democracy
full4,wdj_citizen_lag1,97,0.9629629850387573,regime_comparison_01,democracy
full4,wdj_citizen_lag1,98,0.9629629850387573,regime_comparison_01,democracy
full4,wdj_citizen_lag1,99,0.9629629850387573,regime_comparison_01,democracy
full4,wdj_citizen_lag1,100,0.9682539701461792,regime_comparison_01,democracy
full4,wdj_citizen_lag1,118,0.0,regime_comparison_01,democracy
full4,wdj_citizen_lag1,122,0.0,regime_comparison_01,democracy
full4,wdj_citizen_lag1,128,0.0,regime_comparison_01,democracy
full4,wdj_citizen_lag1,136,0.0,regime_comparison_01,democracy
full4,wdj_citizen_lag1,138,0.0,regime_comparison_01,democracy
full4,wdj_citizen_lag1,139,0.0,regime_comparison_01,democracy
full4,wdj_citizen_lag1,140,0.0,regime_comparison_01,democracy
full4,wdj_citizen_lag1,145,0.39393940567970276,regime_comparison_01,democracy
full4,wdj_citizen_lag1,161,0.0,regime_comparison_01,democracy
full4,wdj_citizen_lag1,162,0.0,regime_comparison_01,democracy
full4,wdj_citizen_lag1,163,0.0,regime_comparison_01,democracy
full4,wdj_citizen_lag1,164,0.0,regime_comparison_01,democracy
full4,wdj_citizen_lag1,169,0.8444444537162781,regime_comparison_01,democracy
full4,wdj_citizen_lag1,170,0.8444444537162781,regime_comparison_01,democracy
full4,wdj_citizen_lag1,171,0.0,regime_comparison_01,democracy
full4,wdj_citizen_lag1,172,0.0,regime_comparison_01,democracy
full4,wdj_citizen_lag1,173,0.0,regime_comparison_01,democracy
full4,wdj_citizen_lag1,174,0.0,regime_comparison_01,democracy
full4,wdj_citizen_lag1,177,0.0,regime_comparison_01,democracy
full4,wdj_citizen_lag1,183,0.0,regime_comparison_01,democracy
full4,wdj_citizen_lag1,184,0.0,regime_comparison_01,democracy
full4,wdj_citizen_lag1,186,0.8888888955116272,regime_comparison_01,democracy
full4,wdj_citizen_lag1,187,0.8888888955116272,regime_comparison_01,democracy
full4,wdj_citizen_lag1,193,0.0,regime_comparison_01,democracy
full4,wdj_citizen_lag1,194,0.0,regime_comparison_01,democracy
full4,wdj_citizen_lag1,195,0.0,regime_comparison_01,democracy
full4,wdj_citizen_lag1,197,0.0,regime_comparison_01,democracy
full4,wdj_citizen_lag1,200,0.0,regime_comparison_01,democracy
full4,wdj_citizen_lag1,201,0.0,regime_comparison_01,democracy
full4,wdj_citizen_lag1,202,0.9682539701461792,regime_comparison_01,democracy
full4,wdj_citizen_lag1,204,0.9682539701461792,regime_comparison_01,democracy
full4,wdj_citizen_lag1,205,0.9682539701461792,regime_comparison_01,democracy
full4,wdj_citizen_lag1,221,0.0,regime_comparison_01,democracy
full4,wdj_citizen_lag1,223,0.0,regime_comparison_01,democracy
full4,wdj_citizen_lag1,234,0.40123456716537476,regime_comparison_01,democracy
full4,wdj_citizen_lag1,236,0.40123456716537476,regime_comparison_01,democracy
full4,wdj_citizen_lag1,251,0.0,regime_comparison_01,democracy
full4,wdj_citizen_lag1,252,0.0,regime_comparison_01,democracy
full4,wdj_citizen_lag1,253,0.0,regime_comparison_01,democracy
full4,wdj_citizen_lag1,254,0.0,regime_comparison_01,democracy
full4,wdj_citizen_lag1,255,0.0,regime_comparison_01,democracy
full4,wdj_citizen_lag1,256,0.0,regime_comparison_01,democracy
full4,wdj_citizen_lag1,257,0.0,regime_comparison_01,democracy
full4,wdj_citizen_lag1,258,0.0,regime_comparison_01,democracy
full4,wdj_citizen_lag1,259,0.0,regime_comparison_01,democracy
full4,wdj_citizen_lag1,260,0.0,regime_comparison_01,democracy
full4,wdj_citizen_lag1,261,0.0,regime_comparison_01,democracy
full4,wdj_citizen_lag1,262,0.0,regime_comparison_01,democracy
full4,wdj_citizen_lag1,263,0.0,regime_comparison_01,democracy
full4,wdj_citizen_lag1,264,0.0,regime_comparison_01,democracy
full4,wdj_citizen_lag1,265,0.0,regime_comparison_01,democracy
full4,wdj_citizen_lag1,266,0.0,regime_comparison_01,democracy
full4,wdj_citizen_lag1,267,0.0,regime_comparison_01,democracy
full4,wdj_citizen_lag1,268,0.0,regime_comparison_01,democracy
full4,wdj_citizen_lag1,269,0.0,regime_comparison_01,democracy
full4,wdj_citizen_lag1,270,0.0,regime_comparison_01,democracy
full4,wdj_citizen_lag1,271,0.0,regime_comparison_01,democracy
full4,wdj_citizen_lag1,272,0.0,regime_comparison_01,democracy
full4,wdj_citizen_lag1,273,0.25925925374031067,regime_comparison_01,democracy
full4,wdj_citizen_lag1,274,0.25925925374031067,regime_comparison_01,democracy
full4,wdj_citizen_lag1,275,0.25925925374031067,regime_comparison_01,democracy
full4,wdj_citizen_lag1,278,0.0,regime_comparison_01,democracy
full4,wdj_citizen_lag1,280,0.0,regime_comparison_01,democracy
full4,wdj_citizen_lag1,323,0.0,regime_comparison_01,democracy
full4,wdj_citizen_lag1,324,0.0,regime_comparison_01,democracy
full4,wdj_citizen_lag1,325,0.0,regime_comparison_01,democracy
full4,wdj_citizen_lag1,326,0.0,regime_comparison_01,democracy
full4,wdj_citizen_lag1,327,0.0,regime_comparison_01,democracy
full4,wdj_citizen_lag1,328,0.0,regime_comparison_01,democracy
full4,wdj_citizen_lag1,329,0.0,regime_comparison_01,democracy
full4,wdj_citizen_lag1,330,0.0,regime_comparison_01,democracy
full4,wdj_citizen_lag1,331,0.0,regime_comparison_01,democracy
full4,wdj_citizen_lag1,332,0.0,regime_comparison_01,democracy
full4,wdj_citizen_lag1,333,0.0,regime_comparison_01,democracy
full4,wdj_citizen_lag1,334,0.0,regime_comparison_01,democracy
full4,wdj_citizen_lag1,335,0.0,regime_comparison_01,democracy
full4,wdj_citizen_lag1,336,0.0,regime_comparison_01,democracy
full4,wdj_citizen_lag1,337,0.0,regime_comparison_01,democracy
full4,wdj_citizen_lag1,338,0.0,regime_comparison_01,democracy
full4,wdj_citizen_lag1,339,0.0,regime_comparison_01,democracy
full4,wdj_citizen_lag1,340,0.0,regime_comparison_01,democracy
full4,wdj_citizen_lag1,341,0.0,regime_comparison_01,democracy
full4,wdj_citizen_lag1,342,0.0,regime_comparison_01,democracy
full4,wdj_citizen_lag1,343,0.0,regime_comparison_01,democracy
full4,wdj_citizen_lag1,344,0.0,regime_comparison_01,democracy
full4,wdj_citizen_lag1,345,0.0,regime_comparison_01,democracy
full4,wdj_citizen_lag1,346,0.0,regime_comparison_01,democracy
full4,wdj_citizen_lag1,347,0.0,regime_comparison_01,democracy
full4,wdj_citizen_lag1,348,0.0,regime_comparison_01,democracy
full4,wdj_citizen_lag1,349,0.0,regime_comparison_01,democracy
full4,wdj_citizen_lag1,350,0.0,regime_comparison_01,democracy
full4,wdj_citizen_lag1,351,0.0,regime_comparison_01,democracy
full4,wdj_citizen_lag1,352,0.0,regime_comparison_01,democracy
full4,wdj_citizen_lag1,353,0.0,regime_comparison_01,democracy
full4,wdj_citizen_lag1,354,0.0,regime_comparison_01,democracy
full4,wdj_citizen_lag1,355,0.0,regime_comparison_01,democracy
full4,wdj_citizen_lag1,356,0.0,regime_comparison_01,democracy
full4,wdj_citizen_lag1,357,0.0,regime_comparison_01,democracy
full4,wdj_citizen_lag1,358,0.0,regime_comparison_01,democracy
full4,wdj_citizen_lag1,359,0.0,regime_comparison_01,democracy
full4,wdj_citizen_lag1,360,0.0,regime_comparison_01,democracy
full4,wdj_citizen_lag1,361,0.0,regime_comparison_01,democracy
full4,wdj_citizen_lag1,362,0.0,regime_comparison_01,democracy
full4,wdj_citizen_lag1,363,0.0,regime_comparison_01,democracy
full4,wdj_citizen_lag1,364,0.0,regime_comparison_01,democracy
full4,wdj_citizen_lag1,365,0.0,regime_comparison_01,democracy
full4,wdj_citizen_lag1,366,0.0,regime_comparison_01,democracy
full4,wdj_citizen_lag1,367,0.0,regime_comparison_01,democracy
full4,wdj_citizen_lag1,368,0.0,regime_comparison_01,democracy
full4,wdj_citizen_lag1,369,0.0,regime_comparison_01,democracy
full4,wdj_citizen_lag1,370,0.0,regime_comparison_01,democracy
full4,wdj_citizen_lag1,371,0.0,regime_comparison_01,democracy
full4,wdj_citizen_lag1,372,0.0,regime_comparison_01,democracy
full4,wdj_citizen_lag1,373,0.0,regime_comparison_01,democracy
full4,wdj_citizen_lag1,374,0.0,regime_comparison_01,democracy
full4,wdj_citizen_lag1,375,0.0,regime_comparison_01,democracy
full4,wdj_citizen_lag1,376,0.0,regime_comparison_01,democracy
full4,wdj_citizen_lag1,377,0.0,regime_comparison_01,democracy
full4,wdj_citizen_lag1,378,0.0,regime_comparison_01,democracy
full4,wdj_citizen_lag1,379,0.0,regime_comparison_01,democracy
full4,wdj_citizen_lag1,382,0.0,regime_comparison_01,democracy
full4,wdj_citizen_lag1,383,0.0,regime_comparison_01,democracy
full4,wdj_citizen_lag1,384,0.0,regime_comparison_01,democracy
full4,wdj_citizen_lag1,385,0.0,regime_comparison_01,democracy
full4,wdj_citizen_lag1,386,0.0,regime_comparison_01,democracy
full4,wdj_citizen_lag1,400,-0.1527777761220932,regime_comparison_01,democracy
full4,wdj_citizen_lag1,414,0.0,regime_comparison_01,democracy
full4,wdj_citizen_lag1,415,0.0,regime_comparison_01,democracy
full4,wdj_citizen_lag1,416,0.0,regime_comparison_01,democracy
full4,wdj_citizen_lag1,417,0.0,regime_comparison_01,democracy
full4,wdj_citizen_lag1,418,0.0,regime_comparison_01,democracy
full4,wdj_citizen_lag1,419,0.0,regime_comparison_01,democracy
full4,wdj_citizen_lag1,420,0.0,regime_comparison_01,democracy
full4,wdj_citizen_lag1,421,0.0,regime_comparison_01,democracy
full4,wdj_citizen_lag1,422,0.0,regime_comparison_01,democracy
full4,wdj_citizen_lag1,423,0.0,regime_comparison_01,democracy
full4,wdj_citizen_lag1,424,0.0,regime_comparison_01,democracy
full4,wdj_citizen_lag1,425,0.9444444179534912,regime_comparison_01,democracy
full4,wdj_citizen_lag1,426,0.9444444179534912,regime_comparison_01,democracy
full4,wdj_citizen_lag1,427,0.9444444179534912,regime_comparison_01,democracy
full4,wdj_citizen_lag1,428,0.0,regime_comparison_01,democracy
full4,wdj_citizen_lag1,434,0.0,regime_comparison_01,democracy
full4,wdj_citizen_lag1,435,0.0,regime_comparison_01,democracy
full4,wdj_citizen_lag1,436,0.0,regime_comparison_01,democracy
full4,wdj_citizen_lag1,437,0.0,regime_comparison_01,democracy
full4,wdj_citizen_lag1,438,0.0,regime_comparison_01,democracy
full4,wdj_citizen_lag1,439,0.0,regime_comparison_01,democracy
full4,wdj_citizen_lag1,440,0.0,regime_comparison_01,democracy
full4,wdj_citizen_lag1,441,0.0,regime_comparison_01,democracy
full4,wdj_citizen_lag1,442,0.0,regime_comparison_01,democracy
full4,wdj_citizen_lag1,443,0.0,regime_comparison_01,democracy
full4,wdj_citizen_lag1,444,0.0,regime_comparison_01,democracy
full4,wdj_citizen_lag1,445,0.0,regime_comparison_01,democracy
full4,wdj_citizen_lag1,446,0.0,regime_comparison_01,democracy
full4,wdj_citizen_lag1,447,0.0,regime_comparison_01,democracy
full4,wdj_citizen_lag1,448,0.0,regime_comparison_01,democracy
full4,wdj_citizen_lag1,449,0.0,regime_comparison_01,democracy
full4,wdj_citizen_lag1,450,0.0,regime_comparison_01,democracy
full4,wdj_citizen_lag1,451,0.0,regime_comparison_01,democracy
full4,wdj_citizen_lag1,452,0.0,regime_comparison_01,democracy
full4,wdj_citizen_lag1,453,0.0,regime_comparison_01,democracy
full4,wdj_citizen_lag1,454,0.0,regime_comparison_01,democracy
full4,wdj_citizen_lag1,455,0.0,regime_comparison_01,democracy
full4,wdj_citizen_lag1,456,0.0,regime_comparison_01,democracy
full4,wdj_citizen_lag1,457,0.0,regime_comparison_01,democracy
full4,wdj_citizen_lag1,458,0.0,regime_comparison_01,democracy
full4,wdj_citizen_lag1,459,0.0,regime_comparison_01,democracy
full4,wdj_citizen_lag1,460,0.0,regime_comparison_01,democracy
full4,wdj_citizen_lag1,461,0.0,regime_comparison_01,democracy
full4,wdj_citizen_lag1,462,0.0,regime_comparison_01,democracy
full4,wdj_citizen_lag1,463,0.0,regime_comparison_01,democracy
full4,wdj_citizen_lag1,464,0.0,regime_comparison_01,democracy
full4,wdj_citizen_lag1,465,0.0,regime_comparison_01,democracy
full4,wdj_citizen_lag1,466,0.0,regime_comparison_01,democracy
full4,wdj_citizen_lag1,467,0.7777777910232544,regime_comparison_01,democracy
full4,wdj_citizen_lag1,468,0.7777777910232544,regime_comparison_01,democracy
full4,wdj_citizen_lag1,469,0.7777777910232544,regime_comparison_01,democracy
full4,wdj_citizen_lag1,470,0.7777777910232544,regime_comparison_01,democracy
full4,wdj_citizen_lag1,471,0.7777777910232544,regime_comparison_01,democracy
full4,wdj_citizen_lag1,472,0.7777777910232544,regime_comparison_01,democracy
full4,wdj_citizen_lag1,473,0.7777777910232544,regime_comparison_01,democracy
full4,wdj_citizen_lag1,474,1.0,regime_comparison_01,democracy
full4,wdj_citizen_lag1,475,1.0,regime_comparison_01,democracy
full4,wdj_citizen_lag1,478,1.0,regime_comparison_01,democracy
full4,wdj_citizen_lag1,480,1.0,regime_comparison_01,democracy
full4,wdj_citizen_lag1,481,1.0,regime_comparison_01,democracy
full4,wdj_citizen_lag1,482,1.0,regime_comparison_01,democracy
full4,wdj_citizen_lag1,483,1.0,regime_comparison_01,democracy
full4,wdj_citizen_lag1,484,1.0,regime_comparison_01,democracy
full4,wdj_citizen_lag1,485,1.0,regime_comparison_01,democracy
full4,wdj_citizen_lag1,486,1.0,regime_comparison_01,democracy
full4,wdj_citizen_lag1,487,1.0,regime_comparison_01,democracy
full4,wdj_citizen_lag1,488,1.0,regime_comparison_01,democracy
full4,wdj_citizen_lag1,489,1.0,regime_comparison_01,democracy
full4,wdj_citizen_lag1,491,1.0,regime_comparison_01,democracy
full4,wdj_citizen_lag1,492,1.0,regime_comparison_01,democracy
full4,wdj_citizen_lag1,493,1.0,regime_comparison_01,democracy
full4,wdj_citizen_lag1,494,0.9629629850387573,regime_comparison_01,democracy
full4,wdj_citizen_lag1,495,0.9629629850387573,regime_comparison_01,democracy
full4,wdj_citizen_lag1,502,0.0,regime_comparison_01,democracy
full4,wdj_citizen_lag1,504,0.0,regime_comparison_01,democracy
full4,wdj_citizen_lag1,505,0.0,regime_comparison_01,democracy
full4,wdj_citizen_lag1,507,0.0,regime_comparison_01,democracy
full4,wdj_citizen_lag1,509,0.0,regime_comparison_01,democracy
full4,wdj_citizen_lag1,511,0.0,regime_comparison_01,democracy
full4,wdj_citizen_lag1,512,0.0,regime_comparison_01,democracy
full4,wdj_citizen_lag1,514,0.0,regime_comparison_01,democracy
full4,wdj_citizen_lag1,516,0.0,regime_comparison_01,democracy
full4,wdj_citizen_lag1,518,0.0,regime_comparison_01,democracy
full4,wdj_citizen_lag1,519,0.0,regime_comparison_01,democracy
full4,wdj_citizen_lag1,521,0.0,regime_comparison_01,democracy
full4,wdj_citizen_lag1,525,0.0,regime_comparison_01,democracy
full4,wdj_citizen_lag1,526,0.0,regime_comparison_01,democracy
full4,wdj_citizen_lag1,527,0.0,regime_comparison_01,democracy
full4,wdj_citizen_lag1,529,0.0,regime_comparison_01,democracy
full4,wdj_citizen_lag1,543,0.39393940567970276,regime_comparison_01,democracy
full4,wdj_citizen_lag1,546,0.39393940567970276,regime_comparison_01,democracy
full4,wdj_citizen_lag1,567,0.0,regime_comparison_01,democracy
full4,wdj_citizen_lag1,568,0.0,regime_comparison_01,democracy
full4,wdj_citizen_lag1,574,0.0,regime_comparison_01,democracy
full4,wdj_citizen_lag1,580,0.0,regime_comparison_01,democracy
full4,wdj_citizen_lag1,596,0.0,regime_comparison_01,democracy
full4,wdj_citizen_lag1,597,0.0,regime_comparison_01,democracy
full4,wdj_citizen_lag1,598,0.0,regime_comparison_01,democracy
full4,wdj_citizen_lag1,599,0.9682539701461792,regime_comparison_01,democracy
full4,wdj_citizen_lag1,600,0.9682539701461792,regime_comparison_01,democracy
full4,wdj_citizen_lag1,601,0.9682539701461792,regime_comparison_01,democracy
full4,wdj_citizen_lag1,615,0.0,regime_comparison_01,democracy
full4,wdj_citizen_lag1,616,0.0,regime_comparison_01,democracy
full4,wdj_citizen_lag1,620,0.40123456716537476,regime_comparison_01,democracy
full4,wdj_citizen_lag1,621,0.40123456716537476,regime_comparison_01,democracy
full4,wdj_citizen_lag1,623,0.40123456716537476,regime_comparison_01,democracy
full4,wdj_citizen_lag1,631,0.0,regime_comparison_01,democracy
full4,wdj_citizen_lag1,632,0.0,regime_comparison_01,democracy
full4,wdj_citizen_lag1,633,0.0,regime_comparison_01,democracy
full4,wdj_citizen_lag1,634,0.0,regime_comparison_01,democracy
full4,wdj_citizen_lag1,635,0.0,regime_comparison_01,democracy
full4,wdj_citizen_lag1,636,0.0,regime_comparison_01,democracy
full4,wdj_citizen_lag1,637,0.0,regime_comparison_01,democracy
full4,wdj_citizen_lag1,638,0.0,regime_comparison_01,democracy
full4,wdj_citizen_lag1,639,0.0,regime_comparison_01,democracy
full4,wdj_citizen_lag1,640,0.0,regime_comparison_01,democracy
full4,wdj_citizen_lag1,641,0.0,regime_comparison_01,democracy
full4,wdj_citizen_lag1,642,0.0,regime_comparison_01,democracy
full4,wdj_citizen_lag1,643,0.0,regime_comparison_01,democracy
full4,wdj_citizen_lag1,644,0.0,regime_comparison_01,democracy
full4,wdj_citizen_lag1,645,0.0,regime_comparison_01,democracy
full4,wdj_citizen_lag1,646,0.0,regime_comparison_01,democracy
full4,wdj_citizen_lag1,647,0.0,regime_comparison_01,democracy
full4,wdj_citizen_lag1,648,0.0,regime_comparison_01,democracy
full4,wdj_citizen_lag1,649,0.0,regime_comparison_01,democracy
full4,wdj_citizen_lag1,650,0.0,regime_comparison_01,democracy
full4,wdj_citizen_lag1,651,0.0,regime_comparison_01,democracy
full4,wdj_citizen_lag1,652,0.0,regime_comparison_01,democracy
full4,wdj_citizen_lag1,653,0.0,regime_comparison_01,democracy
full4,wdj_citizen_lag1,654,0.0,regime_comparison_01,democracy
full4,wdj_citizen_lag1,655,0.0,regime_comparison_01,democracy
full4,wdj_citizen_lag1,656,0.0,regime_comparison_01,democracy
full4,wdj_citizen_lag1,657,0.0,regime_comparison_01,democracy
full4,wdj_citizen_lag1,658,0.0,regime_comparison_01,democracy
full4,wdj_citizen_lag1,659,0.0,regime_comparison_01,democracy
full4,wdj_citizen_lag1,660,0.0,regime_comparison_01,democracy
full4,wdj_citizen_lag1,661,0.0,regime_comparison_01,democracy
full4,wdj_citizen_lag1,662,0.0,regime_comparison_01,democracy
full4,wdj_citizen_lag1,663,0.0,regime_comparison_01,democracy
full4,wdj_citizen_lag1,664,0.0,regime_comparison_01,democracy
full4,wdj_citizen_lag1,665,0.0,regime_comparison_01,democracy
full4,wdj_citizen_lag1,666,0.25925925374031067,regime_comparison_01,democracy
full4,wdj_citizen_lag1,667,0.25925925374031067,regime_comparison_01,democracy
full4,wdj_citizen_lag1,669,0.25925925374031067,regime_comparison_01,democracy
full4,wdj_citizen_lag1,670,0.25925925374031067,regime_comparison_01,democracy
full4,wdj_citizen_lag1,671,0.25925925374031067,regime_comparison_01,democracy
full4,wdj_citizen_lag1,672,0.25925925374031067,regime_comparison_01,democracy
full4,wdj_citizen_lag1,673,0.25925925374031067,regime_comparison_01,democracy
full4,wdj_citizen_lag1,674,0.25925925374031067,regime_comparison_01,democracy
full4,wdj_citizen_lag1,675,0.25925925374031067,regime_comparison_01,democracy
full4,wdj_citizen_lag1,676,0.25925925374031067,regime_comparison_01,democracy
full4,wdj_citizen_lag1,677,0.25925925374031067,regime_comparison_01,democracy
full4,wdj_citizen_lag1,755,0.0,regime_comparison_01,democracy
full4,wdj_citizen_lag1,756,0.0,regime_comparison_01,democracy
full4,wdj_citizen_lag1,757,0.0,regime_comparison_01,democracy
full4,wdj_citizen_lag1,758,0.0,regime_comparison_01,democracy
full4,wdj_citizen_lag1,759,0.0,regime_comparison_01,democracy
full4,wdj_citizen_lag1,760,0.0,regime_comparison_01,democracy
full4,wdj_citizen_lag1,761,0.0,regime_comparison_01,democracy
full4,wdj_citizen_lag1,762,0.0,regime_comparison_01,democracy
full4,wdj_citizen_lag1,763,0.0,regime_comparison_01,democracy
full4,wdj_citizen_lag1,764,0.0,regime_comparison_01,democracy
full4,wdj_citizen_lag1,765,0.0,regime_comparison_01,democracy
full4,wdj_citizen_lag1,766,0.0,regime_comparison_01,democracy
full4,wdj_citizen_lag1,767,0.0,regime_comparison_01,democracy
full4,wdj_citizen_lag1,768,0.0,regime_comparison_01,democracy
full4,wdj_citizen_lag1,769,0.0,regime_comparison_01,democracy
full4,wdj_citizen_lag1,770,0.0,regime_comparison_01,democracy
full4,wdj_citizen_lag1,771,0.0,regime_comparison_01,democracy
full4,wdj_citizen_lag1,772,0.0,regime_comparison_01,democracy
full4,wdj_citizen_lag1,773,0.0,regime_comparison_01,democracy
full4,wdj_citizen_lag1,774,0.0,regime_comparison_01,democracy
full4,wdj_citizen_lag1,775,0.0,regime_comparison_01,democracy
full4,wdj_citizen_lag1,776,0.0,regime_comparison_01,democracy
full4,wdj_citizen_lag1,777,0.0,regime_comparison_01,democracy
full4,wdj_citizen_lag1,778,0.0,regime_comparison_01,democracy
full4,wdj_citizen_lag1,779,0.0,regime_comparison_01,democracy
full4,wdj_citizen_lag1,780,0.0,regime_comparison_01,democracy
full4,wdj_citizen_lag1,781,0.0,regime_comparison_01,democracy
full4,wdj_citizen_lag1,782,0.0,regime_comparison_01,democracy
full4,wdj_citizen_lag1,783,0.0,regime_comparison_01,democracy
full4,wdj_citizen_lag1,784,0.0,regime_comparison_01,democracy
full4,wdj_citizen_lag1,785,0.0,regime_comparison_01,democracy
full4,wdj_citizen_lag1,786,0.0,regime_comparison_01,democracy
full4,wdj_citizen_lag1,787,0.0,regime_comparison_01,democracy
full4,wdj_citizen_lag1,788,0.0,regime_comparison_01,democracy
full4,wdj_citizen_lag1,789,0.0,regime_comparison_01,democracy
full4,wdj_citizen_lag1,790,0.0,regime_comparison_01,democracy
full4,wdj_citizen_lag1,791,0.0,regime_comparison_01,democracy
full4,wdj_citizen_lag1,792,0.0,regime_comparison_01,democracy
full4,wdj_citizen_lag1,793,0.0,regime_comparison_01,democracy
full4,wdj_citizen_lag1,794,0.0,regime_comparison_01,democracy
full4,wdj_citizen_lag1,795,0.0,regime_comparison_01,democracy
full4,wdj_citizen_lag1,796,0.0,regime_comparison_01,democracy
full4,wdj_citizen_lag1,797,0.0,regime_comparison_01,democracy
full4,wdj_citizen_lag1,798,0.0,regime_comparison_01,democracy
full4,wdj_citizen_lag1,799,0.0,regime_comparison_01,democracy
full4,wdj_citizen_lag1,800,0.0,regime_comparison_01,democracy
full4,wdj_citizen_lag1,801,0.0,regime_comparison_01,democracy
full4,wdj_citizen_lag1,802,0.0,regime_comparison_01,democracy
full4,wdj_citizen_lag1,803,0.0,regime_comparison_01,democracy
full4,wdj_citizen_lag1,804,0.0,regime_comparison_01,democracy
full4,wdj_citizen_lag1,805,0.0,regime_comparison_01,democracy
full4,wdj_citizen_lag1,806,0.0,regime_comparison_01,democracy
full4,wdj_citizen_lag1,807,0.0,regime_comparison_01,democracy
full4,wdj_citizen_lag1,808,0.0,regime_comparison_01,democracy
full4,wdj_citizen_lag1,809,0.0,regime_comparison_01,democracy
full4,wdj_citizen_lag1,810,0.0,regime_comparison_01,democracy
full4,wdj_citizen_lag1,811,0.0,regime_comparison_01,democracy
full4,wdj_citizen_lag1,812,0.0,regime_comparison_01,democracy
full4,wdj_citizen_lag1,813,0.0,regime_comparison_01,democracy
full4,wdj_citizen_lag1,814,0.0,regime_comparison_01,democracy
full4,wdj_citizen_lag1,815,0.0,regime_comparison_01,democracy
full4,wdj_citizen_lag1,816,0.0,regime_comparison_01,democracy
full4,wdj_citizen_lag1,817,0.0,regime_comparison_01,democracy
full4,wdj_citizen_lag1,818,0.0,regime_comparison_01,democracy
full4,wdj_citizen_lag1,819,0.0,regime_comparison_01,democracy
full4,wdj_citizen_lag1,820,0.0,regime_comparison_01,democracy
full4,wdj_citizen_lag1,821,0.0,regime_comparison_01,democracy
full4,wdj_citizen_lag1,822,0.0,regime_comparison_01,democracy
full4,wdj_citizen_lag1,823,0.0,regime_comparison_01,democracy
full4,wdj_citizen_lag1,824,0.0,regime_comparison_01,democracy
full4,wdj_citizen_lag1,825,0.0,regime_comparison_01,democracy
full4,wdj_citizen_lag1,826,0.0,regime_comparison_01,democracy
full4,wdj_citizen_lag1,827,0.0,regime_comparison_01,democracy
full4,wdj_citizen_lag1,828,0.0,regime_comparison_01,democracy
full4,wdj_citizen_lag1,829,0.0,regime_comparison_01,democracy
full4,wdj_citizen_lag1,830,0.0,regime_comparison_01,democracy
full4,wdj_citizen_lag1,831,0.0,regime_comparison_01,democracy
full4,wdj_citizen_lag1,832,0.0,regime_comparison_01,democracy
full4,wdj_citizen_lag1,833,0.0,regime_comparison_01,democracy
full4,wdj_citizen_lag1,834,0.0,regime_comparison_01,democracy
full4,wdj_citizen_lag1,835,0.0,regime_comparison_01,democracy
full4,wdj_citizen_lag1,836,0.0,regime_comparison_01,democracy
full4,wdj_citizen_lag1,837,0.0,regime_comparison_01,democracy
full4,wdj_citizen_lag1,838,0.0,regime_comparison_01,democracy
full4,wdj_citizen_lag1,839,0.0,regime_comparison_01,democracy
full4,wdj_citizen_lag1,840,0.0,regime_comparison_01,democracy
full4,wdj_citizen_lag1,841,0.0,regime_comparison_01,democracy
full4,wdj_citizen_lag1,842,0.0,regime_comparison_01,democracy
full4,wdj_citizen_lag1,843,0.0,regime_comparison_01,democracy
full4,wdj_citizen_lag1,844,0.0,regime_comparison_01,democracy
full4,wdj_citizen_lag1,845,0.0,regime_comparison_01,democracy
full4,wdj_citizen_lag1,846,0.0,regime_comparison_01,democracy
full4,wdj_citizen_lag1,847,0.0,regime_comparison_01,democracy
full4,wdj_citizen_lag1,848,0.0,regime_comparison_01,democracy
full4,wdj_citizen_lag1,849,0.0,regime_comparison_01,democracy
full4,wdj_citizen_lag1,850,0.0,regime_comparison_01,democracy
full4,wdj_citizen_lag1,851,0.0,regime_comparison_01,democracy
full4,wdj_citizen_lag1,852,0.0,regime_comparison_01,democracy
full4,wdj_citizen_lag1,853,0.0,regime_comparison_01,democracy
full4,wdj_citizen_lag1,854,0.0,regime_comparison_01,democracy
full4,wdj_citizen_lag1,855,0.0,regime_comparison_01,democracy
full4,wdj_citizen_lag1,856,0.0,regime_comparison_01,democracy
full4,wdj_citizen_lag1,857,0.0,regime_comparison_01,democracy
full4,wdj_citizen_lag1,858,0.0,regime_comparison_01,democracy
full4,wdj_citizen_lag1,859,0.0,regime_comparison_01,democracy
full4,wdj_citizen_lag1,860,0.0,regime_comparison_01,democracy
full4,wdj_citizen_lag1,861,0.0,regime_comparison_01,democracy
full4,wdj_citizen_lag1,862,0.0,regime_comparison_01,democracy
full4,wdj_citizen_lag1,863,0.0,regime_comparison_01,democracy
full4,wdj_citizen_lag1,864,0.0,regime_comparison_01,democracy
full4,wdj_citizen_lag1,865,0.0,regime_comparison_01,democracy
full4,wdj_citizen_lag1,866,0.0,regime_comparison_01,democracy
full4,wdj_citizen_lag1,867,0.0,regime_comparison_01,democracy
full4,wdj_citizen_lag1,868,0.0,regime_comparison_01,democracy
full4,wdj_citizen_lag1,869,0.0,regime_comparison_01,democracy
full4,wdj_citizen_lag1,870,0.0,regime_comparison_01,democracy
full4,wdj_citizen_lag1,871,0.0,regime_comparison_01,democracy
full4,wdj_citizen_lag1,872,0.0,regime_comparison_01,democracy
full4,wdj_citizen_lag1,873,0.0,regime_comparison_01,democracy
full4,wdj_citizen_lag1,874,0.0,regime_comparison_01,democracy
full4,wdj_citizen_lag1,875,0.0,regime_comparison_01,democracy
full4,wdj_citizen_lag1,876,0.0,regime_comparison_01,democracy
full4,wdj_citizen_lag1,877,0.0,regime_comparison_01,democracy
full4,wdj_citizen_lag1,878,0.0,regime_comparison_01,democracy
full4,wdj_citizen_lag1,879,0.0,regime_comparison_01,democracy
full4,wdj_citizen_lag1,880,0.0,regime_comparison_01,democracy
full4,wdj_citizen_lag1,881,0.0,regime_comparison_01,democracy
full4,wdj_citizen_lag1,882,0.0,regime_comparison_01,democracy
full4,wdj_citizen_lag1,883,0.0,regime_comparison_01,democracy
full4,wdj_citizen_lag1,884,0.0,regime_comparison_01,democracy
full4,wdj_citizen_lag1,885,0.0,regime_comparison_01,democracy
full4,wdj_citizen_lag1,886,0.0,regime_comparison_01,democracy
full4,wdj_citizen_lag1,887,0.0,regime_comparison_01,democracy
full4,wdj_citizen_lag1,888,0.0,regime_comparison_01,democracy
full4,wdj_citizen_lag1,889,0.0,regime_comparison_01,democracy
full4,wdj_citizen_lag1,890,0.0,regime_comparison_01,democracy
full4,wdj_citizen_lag1,891,0.0,regime_comparison_01,democracy
full4,wdj_citizen_lag1,892,0.0,regime_comparison_01,democracy
full4,wdj_citizen_lag1,893,0.0,regime_comparison_01,democracy
full4,wdj_citizen_lag1,894,0.0,regime_comparison_01,democracy
full4,wdj_citizen_lag1,895,0.0,regime_comparison_01,democracy
full4,wdj_citizen_lag1,896,0.0,regime_comparison_01,democracy
full4,wdj_citizen_lag1,897,0.0,regime_comparison_01,democracy
full4,wdj_citizen_lag1,898,0.0,regime_comparison_01,democracy
full4,wdj_citizen_lag1,899,0.0,regime_comparison_01,democracy
full4,wdj_citizen_lag1,900,0.0,regime_comparison_01,democracy
full4,wdj_citizen_lag1,901,0.0,regime_comparison_01,democracy
full4,wdj_citizen_lag1,902,0.0,regime_comparison_01,democracy
full4,wdj_citizen_lag1,903,0.0,regime_comparison_01,democracy
full4,wdj_citizen_lag1,904,0.0,regime_comparison_01,democracy
full4,wdj_citizen_lag1,905,0.0,regime_comparison_01,democracy
full4,wdj_citizen_lag1,906,0.0,regime_comparison_01,democracy
full4,wdj_citizen_lag1,908,0.0,regime_comparison_01,democracy
full4,wdj_citizen_lag1,909,0.0,regime_comparison_01,democracy
full4,wdj_citizen_lag1,910,0.0,regime_comparison_01,democracy
full4,wdj_citizen_lag1,911,0.0,regime_comparison_01,democracy
full4,wdj_citizen_lag1,912,0.0,regime_comparison_01,democracy
full4,wdj_citizen_lag1,913,0.0,regime_comparison_01,democracy
full4,wdj_citizen_lag1,914,0.0,regime_comparison_01,democracy
full4,wdj_citizen_lag1,915,0.0,regime_comparison_01,democracy
full4,wdj_citizen_lag1,916,0.0,regime_comparison_01,democracy
full4,wdj_citizen_lag1,917,0.0,regime_comparison_01,democracy
full4,wdj_citizen_lag1,918,0.0,regime_comparison_01,democracy
full4,wdj_citizen_lag1,919,0.0,regime_comparison_01,democracy
full4,wdj_citizen_lag1,920,0.0,regime_comparison_01,democracy
full4,wdj_citizen_lag1,921,0.0,regime_comparison_01,democracy
full4,wdj_citizen_lag1,922,0.0,regime_comparison_01,democracy
full4,wdj_citizen_lag1,923,0.0,regime_comparison_01,democracy
full4,wdj_citizen_lag1,924,0.0,regime_comparison_01,democracy
full4,wdj_citizen_lag1,925,0.0,regime_comparison_01,democracy
full4,wdj_citizen_lag1,926,0.0,regime_comparison_01,democracy
full4,wdj_citizen_lag1,927,0.0,regime_comparison_01,democracy
full4,wdj_citizen_lag1,928,0.0,regime_comparison_01,democracy
full4,wdj_citizen_lag1,929,0.0,regime_comparison_01,democracy
full4,wdj_citizen_lag1,930,0.0,regime_comparison_01,democracy
full4,wdj_citizen_lag1,931,0.0,regime_comparison_01,democracy
full4,wdj_citizen_lag1,932,0.0,regime_comparison_01,democracy
full4,wdj_citizen_lag1,933,0.0,regime_comparison_01,democracy
full4,wdj_citizen_lag1,934,0.0,regime_comparison_01,democracy
full4,wdj_citizen_lag1,935,0.0,regime_comparison_01,democracy
full4,wdj_citizen_lag1,936,0.0,regime_comparison_01,democracy
full4,wdj_citizen_lag1,937,0.0,regime_comparison_01,democracy
full4,wdj_citizen_lag1,938,0.0,regime_comparison_01,democracy
full4,wdj_citizen_lag1,939,0.0,regime_comparison_01,democracy
full4,wdj_citizen_lag1,940,0.0,regime_comparison_01,democracy
full4,wdj_citizen_lag1,941,0.0,regime_comparison_01,democracy
full4,wdj_citizen_lag1,942,0.0,regime_comparison_01,democracy
full4,wdj_citizen_lag1,943,0.0,regime_comparison_01,democracy
full4,wdj_citizen_lag1,944,0.0,regime_comparison_01,democracy
full4,wdj_citizen_lag1,945,0.0,regime_comparison_01,democracy
full4,wdj_citizen_lag1,946,0.0,regime_comparison_01,democracy
full4,wdj_citizen_lag1,947,0.0,regime_comparison_01,democracy
full4,wdj_citizen_lag1,948,0.0,regime_comparison_01,democracy
full4,wdj_citizen_lag1,949,0.0,regime_comparison_01,democracy
full4,wdj_citizen_lag1,950,0.0,regime_comparison_01,democracy
full4,wdj_citizen_lag1,951,0.0,regime_comparison_01,democracy
full4,wdj_citizen_lag1,952,0.0,regime_comparison_01,democracy
full4,wdj_citizen_lag1,953,0.0,regime_comparison_01,democracy
full4,wdj_citizen_lag1,954,0.0,regime_comparison_01,democracy
full4,wdj_citizen_lag1,955,0.0,regime_comparison_01,democracy
full4,wdj_citizen_lag1,956,0.0,regime_comparison_01,democracy
full4,wdj_citizen_lag1,957,0.0,regime_comparison_01,democracy
full4,wdj_citizen_lag1,958,0.0,regime_comparison_01,democracy
full4,wdj_citizen_lag1,959,0.0,regime_comparison_01,democracy
full4,wdj_citizen_lag1,960,0.0,regime_comparison_01,democracy
full4,wdj_citizen_lag1,961,0.0,regime_comparison_01,democracy
full4,wdj_citizen_lag1,962,0.0,regime_comparison_01,democracy
full4,wdj_citizen_lag1,963,0.0,regime_comparison_01,democracy
full4,wdj_citizen_lag1,964,0.0,regime_comparison_01,democracy
full4,wdj_citizen_lag1,965,0.0,regime_comparison_01,democracy
full4,wdj_citizen_lag1,966,0.0,regime_comparison_01,democracy
full4,wdj_citizen_lag1,967,0.0,regime_comparison_01,democracy
full4,wdj_citizen_lag1,968,0.0,regime_comparison_01,democracy
full4,wdj_citizen_lag1,969,0.0,regime_comparison_01,democracy
full4,wdj_citizen_lag1,970,0.0,regime_comparison_01,democracy
full4,wdj_citizen_lag1,971,0.0,regime_comparison_01,democracy
full4,wdj_citizen_lag1,972,0.0,regime_comparison_01,democracy
full4,wdj_citizen_lag1,973,0.0,regime_comparison_01,democracy
full4,wdj_citizen_lag1,974,0.0,regime_comparison_01,democracy
full4,wdj_citizen_lag1,975,0.0,regime_comparison_01,democracy
full4,wdj_citizen_lag1,976,0.0,regime_comparison_01,democracy
full4,wdj_citizen_lag1,977,0.0,regime_comparison_01,democracy
full4,wdj_citizen_lag1,978,0.0,regime_comparison_01,democracy
full4,wdj_citizen_lag1,979,0.0,regime_comparison_01,democracy
full4,wdj_citizen_lag1,980,0.0,regime_comparison_01,democracy
full4,wdj_citizen_lag1,981,0.0,regime_comparison_01,democracy
full4,wdj_citizen_lag1,982,0.0,regime_comparison_01,democracy
full4,wdj_citizen_lag1,983,0.0,regime_comparison_01,democracy
full4,wdj_citizen_lag1,984,0.0,regime_comparison_01,democracy
full4,wdj_citizen_lag1,985,0.0,regime_comparison_01,democracy
full4,wdj_citizen_lag1,986,0.0,regime_comparison_01,democracy
full4,wdj_citizen_lag1,987,0.0,regime_comparison_01,democracy
full4,wdj_citizen_lag1,988,0.0,regime_comparison_01,democracy
full4,wdj_citizen_lag1,989,0.0,regime_comparison_01,democracy
full4,wdj_citizen_lag1,990,0.0,regime_comparison_01,democracy
full4,wdj_citizen_lag1,991,0.0,regime_comparison_01,democracy
full4,wdj_citizen_lag1,992,0.0,regime_comparison_01,democracy
full4,wdj_citizen_lag1,993,0.0,regime_comparison_01,democracy
full4,wdj_citizen_lag1,994,0.0,regime_comparison_01,democracy
full4,wdj_citizen_lag1,995,0.0,regime_comparison_01,democracy
full4,wdj_citizen_lag1,996,0.0,regime_comparison_01,democracy
full4,wdj_citizen_lag1,997,0.0,regime_comparison_01,democracy
full4,wdj_citizen_lag1,998,0.0,regime_comparison_01,democracy
full4,wdj_citizen_lag1,999,0.0,regime_comparison_01,democracy
full4,wdj_citizen_lag1,1000,0.0,regime_comparison_01,democracy
full4,wdj_citizen_lag1,1001,0.0,regime_comparison_01,democracy
full4,wdj_citizen_lag1,1002,0.0,regime_comparison_01,democracy
full4,wdj_citizen_lag1,1003,0.0,regime_comparison_01,democracy
full4,wdj_citizen_lag1,1004,0.0,regime_comparison_01,democracy
full4,wdj_citizen_lag1,1005,0.0,regime_comparison_01,democracy
full4,wdj_citizen_lag1,1006,0.0,regime_comparison_01,democracy
full4,wdj_citizen_lag1,1007,0.0,regime_comparison_01,democracy
full4,wdj_citizen_lag1,1009,0.0,regime_comparison_01,democracy
full4,wdj_citizen_lag1,1010,0.0,regime_comparison_01,democracy
full4,wdj_citizen_lag1,1011,0.0,regime_comparison_01,democracy
full4,wdj_citizen_lag1,1012,0.0,regime_comparison_01,democracy
full4,wdj_citizen_lag1,1014,0.0,regime_comparison_01,democracy
full4,wdj_citizen_lag1,1016,0.0,regime_comparison_01,democracy
full4,wdj_citizen_lag1,1017,0.0,regime_comparison_01,democracy
full4,wdj_citizen_lag1,1018,0.0,regime_comparison_01,democracy
full4,wdj_citizen_lag1,1019,0.0,regime_comparison_01,democracy
full4,wdj_citizen_lag1,1021,0.0,regime_comparison_01,democracy
full4,wdj_citizen_lag1,1022,0.0,regime_comparison_01,democracy
full4,wdj_citizen_lag1,1023,0.0,regime_comparison_01,democracy
full4,wdj_citizen_lag1,1024,0.0,regime_comparison_01,democracy
full4,wdj_citizen_lag1,1025,0.0,regime_comparison_01,democracy
full4,wdj_citizen_lag1,1026,0.0,regime_comparison_01,democracy
full4,wdj_citizen_lag1,1027,0.0,regime_comparison_01,democracy
full4,wdj_citizen_lag1,1028,0.0,regime_comparison_01,democracy
full4,wdj_citizen_lag1,1029,0.0,regime_comparison_01,democracy
full4,wdj_citizen_lag1,1031,0.0,regime_comparison_01,democracy
full4,wdj_citizen_lag1,1033,0.0,regime_comparison_01,democracy
full4,wdj_citizen_lag1,1036,0.0,regime_comparison_01,democracy
full4,wdj_citizen_lag1,1038,0.0,regime_comparison_01,democracy
full4,wdj_citizen_lag1,1039,0.0,regime_comparison_01,democracy
full4,wdj_citizen_lag1,1041,0.0,regime_comparison_01,democracy
full4,wdj_citizen_lag1,1043,0.0,regime_comparison_01,democracy
full4,wdj_citizen_lag1,1045,0.0,regime_comparison_01,democracy
full4,wdj_citizen_lag1,1049,0.0,regime_comparison_01,democracy
full4,wdj_citizen_lag1,1051,0.0,regime_comparison_01,democracy
full4,wdj_citizen_lag1,1052,0.0,regime_comparison_01,democracy
full4,wdj_citizen_lag1,1055,0.0,regime_comparison_01,democracy
full4,wdj_citizen_lag1,1056,0.0,regime_comparison_01,democracy
full4,wdj_citizen_lag1,1058,0.0,regime_comparison_01,democracy
full4,wdj_citizen_lag1,1059,0.0,regime_comparison_01,democracy
full4,wdj_citizen_lag1,1060,0.0,regime_comparison_01,democracy
