model,predictor,grid_value,outcome,outcome_code_stata,probability,lower,upper,se_probability,N,run,sample
full1,court_independence_lag1,-1.3279999494552612,Mixed Outcome,2,0.31767156758654397,0.05570305601419955,0.7860737892800042,0.22847341158630324,632,regime_comparison_01,democracy
full1,court_independence_lag1,-1.3279999494552612,Contracts Expression,1,0.2054599413827867,0.011573507967134133,0.85098796884569,0.2577740170475985,632,regime_comparison_01,democracy
full1,court_independence_lag1,-1.3279999494552612,Expands Expression,3,0.4768684910306695,0.16107884457001276,0.8123020913085125,0.19825579715099073,632,regime_comparison_01,democracy
full1,court_independence_lag1,-1.234119951725006,Mixed Outcome,2,0.3160068080076677,0.05837039294771097,0.7749428289867014,0.22151222214009444,632,regime_comparison_01,democracy
full1,court_independence_lag1,-1.234119951725006,Contracts Expression,1,0.20495298752852606,0.012518869482706564,0.8397917044992392,0.250436226100884,632,regime_comparison_01,democracy
full1,court_independence_lag1,-1.234119951725006,Expands Expression,3,0.4790402044638056,0.16822163018472255,0.8069802999363199,0.19282677899701575,632,regime_comparison_01,democracy
full1,court_independence_lag1,-1.140239953994751,Mixed Outcome,2,0.31434445763864605,0.061150350115456435,0.7634246693615536,0.21459397441694616,632,regime_comparison_01,democracy
full1,court_independence_lag1,-1.140239953994751,Contracts Expression,1,0.20444329827115915,0.013539192022318723,0.8279306912641581,0.24312603203996916,632,regime_comparison_01,democracy
full1,court_independence_lag1,-1.140239953994751,Expands Expression,3,0.4812122440901962,0.17561561298698197,0.8015430488889106,0.18738555412207392,632,regime_comparison_01,democracy
full1,court_independence_lag1,-1.0463599562644958,Mixed Outcome,2,0.3126845684701297,0.06404658731600711,0.7515242317424197,0.2077189765567484,632,regime_comparison_01,democracy
full1,court_independence_lag1,-1.0463599562644958,Contracts Expression,1,0.20393089870736478,0.014640142097695936,0.8153913678517578,0.23584369067466296,632,regime_comparison_01,democracy
full1,court_independence_lag1,-1.0463599562644958,Expands Expression,3,0.483384532822505,0.18326370382783722,0.7959899743698432,0.18193280419044536,632,regime_comparison_01,democracy
full1,court_independence_lag1,-0.9524799585342407,Mixed Outcome,2,0.31102719227753195,0.06706279225117996,0.7392483678631327,0.2008875413619503,632,regime_comparison_01,democracy
full1,court_independence_lag1,-0.9524799585342407,Contracts Expression,1,0.20341581414927637,0.01582777562855762,0.8021637952525477,0.22858946345180314,632,regime_comparison_01,democracy
full1,court_independence_lag1,-0.9524799585342407,Expands Expression,3,0.4855569935731919,0.19116827988315105,0.7903208661976457,0.17646923037008108,632,regime_comparison_01,democracy
full1,court_independence_lag1,-0.8585999608039856,Mixed Outcome,2,0.30937238061443756,0.07020267089034185,0.726605932170094,0.1940999876584463,632,regime_comparison_01,democracy
full1,court_independence_lag1,-0.8585999608039856,Contracts Expression,1,0.2028980701211472,0.017108558586222417,0.7882421914613719,0.22136361848761177,632,regime_comparison_01,democracy
full1,court_independence_lag1,-0.8585999608039856,Expands Expression,3,0.48772954926441425,0.19933113154263005,0.7845356799958446,0.17099555607568395,632,regime_comparison_01,democracy
full1,court_independence_lag1,-0.7647199630737305,Mixed Outcome,2,0.3077201848060697,0.07346993656332806,0.7136078371713424,0.1873566419250254,632,regime_comparison_01,democracy
full1,court_independence_lag1,-0.7647199630737305,Contracts Expression,1,0.20237769235598835,0.018489387646131707,0.7736254576870673,0.21416643179567618,632,regime_comparison_01,democracy
full1,court_independence_lag1,-0.7647199630737305,Expands Expression,3,0.48990212283794127,0.207753408047602,0.7786345504698318,0.16551253028297264,632,regime_comparison_01,democracy
full1,court_independence_lag1,-0.6708399653434753,Mixed Outcome,2,0.3060706559427947,0.07686829762916506,0.7002670896620015,0.18065784025306808,632,regime_comparison_01,democracy
full1,court_independence_lag1,-0.6708399653434753,Contracts Expression,1,0.20185470679215747,0.01997761059671674,0.7583176804823228,0.20699818875463438,632,regime_comparison_01,democracy
full1,court_independence_lag1,-0.6708399653434753,Expands Expression,3,0.4920746372650475,0.21643556206875464,0.7726178060089287,0.1600209315520646,632,regime_comparison_01,democracy
full1,court_independence_lag1,-0.5769599676132202,Mixed Outcome,2,0.3044238448736838,0.08040144353691575,0.6865988059223499,0.17400393071528839,632,regime_comparison_01,democracy
full1,court_independence_lag1,-0.5769599676132202,Contracts Expression,1,0.20132913956991386,0.021581046191609922,0.7423285924891553,0.19985918587136267,632,regime_comparison_01,democracy
full1,court_independence_lag1,-0.5769599676132202,Expands Expression,3,0.49424701555640094,0.22537729338515491,0.7664859849261038,0.1545215729365979,632,regime_comparison_01,democracy
full1,court_independence_lag1,-0.4830799698829651,Mixed Outcome,2,0.3027798022001229,0.08407302905468794,0.6726202043257105,0.16739527624399544,632,regime_comparison_01,democracy
full1,court_independence_lag1,-0.4830799698829651,Contracts Expression,1,0.20080101702793754,0.023308003059541577,0.7256739732702767,0.19274973291078756,632,regime_comparison_01,democracy
full1,court_independence_lag1,-0.4830799698829651,Expands Expression,3,0.49641918077193925,0.23457749176635795,0.7602398537484203,0.1490153080077026,632,regime_comparison_01,democracy
full1,court_independence_lag1,-0.38919997215270996,Mixed Outcome,2,0.3011385782694707,0.08788665638834912,0.6583505742282378,0.1608322581493269,632,regime_comparison_01,democracy
full1,court_independence_lag1,-0.38919997215270996,Contracts Expression,1,0.20027036569980777,0.025167297198503632,0.7083759711706373,0.18567015548363539,632,regime_comparison_01,democracy
full1,court_independence_lag1,-0.38919997215270996,Expands Expression,3,0.49859105603072057,0.2440341790612617,0.7538804281060267,0.14350303829157643,632,regime_comparison_01,democracy
full1,court_independence_lag1,-0.29531997442245483,Mixed Outcome,2,0.29950022316878167,0.09184585483893584,0.6438112205369315,0.1543152804466139,632,regime_comparison_01,democracy
full1,court_independence_lag1,-0.29531997442245483,Contracts Expression,1,0.1997372123104472,0.027168267474054306,0.6904633274995746,0.17862079821030186,632,regime_comparison_01,democracy
full1,court_independence_lag1,-0.29531997442245483,Expands Expression,3,0.5007625645207703,0.2537444503448479,0.7474089969508406,0.13798572251379543,632,regime_comparison_01,democracy
full1,court_independence_lag1,-0.2014399766921997,Mixed Outcome,2,0.29786478671856914,0.09595405754792391,0.6290253839688728,0.14784477521579395,632,regime_comparison_01,democracy
full1,court_independence_lag1,-0.2014399766921997,Contracts Expression,1,0.19920158377253577,0.029320788410674543,0.6719714856869186,0.17160202861526622,632,regime_comparison_01,democracy
full1,court_independence_lag1,-0.2014399766921997,Expands Expression,3,0.5029336295088941,0.26370441374431375,0.7408271510890427,0.13246438817360814,632,regime_comparison_01,democracy
full1,court_independence_lag1,-0.10755997896194458,Mixed Outcome,2,0.29623231846664344,0.10021457474280134,0.614018137718168,0.14142120928827195,632,regime_comparison_01,democracy
full1,court_independence_lag1,-0.10755997896194458,Contracts Expression,1,0.19866350718288342,0.03163527940268174,0.6529425705410328,0.1646142419553201,632,regime_comparison_01,democracy
full1,court_independence_lag1,-0.10755997896194458,Expands Expression,3,0.5051041743504728,0.2739091282320517,0.7341368173601863,0.1269401461499704,632,regime_comparison_01,democracy
full1,court_independence_lag1,-0.013679981231689453,Mixed Outcome,2,0.2946028676819913,0.10463056270479829,0.5988162620392236,0.13504509265717463,632,regime_comparison_01,democracy
full1,court_independence_lag1,-0.013679981231689453,Contracts Expression,1,0.1981230098187727,0.03412270926683138,0.6334252263549633,0.15765786725218883,632,regime_comparison_01,democracy
full1,court_independence_lag1,-0.013679981231689453,Expands Expression,3,0.5072741224992371,0.2843525381860547,0.7273403002869347,0.12141420929266979,632,regime_comparison_01,democracy
full1,court_independence_lag1,0.08020001649856567,Mixed Outcome,2,0.2929764833487248,0.10920498741245943,0.5834480991403861,0.12871698914758004,632,regime_comparison_01,democracy
full1,court_independence_lag1,0.08020001649856567,Contracts Expression,1,0.1975801191342738,0.03679459479742412,0.6134743073186265,0.1507333748931949,632,regime_comparison_01,democracy
full1,court_independence_lag1,0.08020001649856567,Expands Expression,3,0.5094433975170016,0.29502740281532974,0.7204403337151837,0.11588791630763712,632,regime_comparison_01,democracy
full1,court_independence_lag1,0.1740800142288208,Mixed Outcome,2,0.29135321416009347,0.11394058143311762,0.5679433917745814,0.12243753008206579,632,regime_comparison_01,democracy
full1,court_independence_lag1,0.1740800142288208,Contracts Expression,1,0.19703486275652277,0.03966299164392245,0.5931504193680973,0.1438412862946953,632,regime_comparison_01,democracy
full1,court_independence_lag1,0.1740800142288208,Expands Expression,3,0.5116119230833838,0.30592521752783297,0.7134401459645778,0.11036276275669724,632,regime_comparison_01,democracy
full1,court_independence_lag1,0.2679600119590759,Mixed Outcome,2,0.28973310851255235,0.1188397920833777,0.5523331100482667,0.11620743196285443,632,regime_comparison_01,democracy
full1,court_independence_lag1,0.2679600119590759,Contracts Expression,1,0.19648726848197157,0.042740475377571314,0.5725193190191754,0.1369821863084496,632,regime_comparison_01,democracy
full1,court_independence_lag1,0.2679600119590759,Expands Expression,3,0.5137796230054766,0.31703612282509536,0.7063435434691626,0.10484044173795815,632,regime_comparison_01,democracy
full1,court_independence_lag1,0.36184000968933105,Mixed Outcome,2,0.2881162144998975,0.12390471807473029,0.5366492723075551,0.1100275196074898,632,regime_comparison_01,democracy
full1,court_independence_lag1,0.36184000968933105,Contracts Expression,1,0.19593736427260833,0.0460401099945353,0.5516511816198916,0.13015673932003174,632,regime_comparison_01,democracy
full1,court_independence_lag1,0.36184000968933105,Expands Expression,3,0.5159464212274945,0.32834879409963047,0.6991550200483336,0.09932289791666293,632,regime_comparison_01,democracy
full1,court_independence_lag1,0.4557200074195862,Mixed Outcome,2,0.28650257990746564,0.1291370306646513,0.5209247676180419,0.10389875679079479,632,regime_comparison_01,democracy
full1,court_independence_lag1,0.4557200074195862,Contracts Expression,1,0.19538517825215052,0.04957540023823598,0.5306197585007077,0.12336571038080812,632,regime_comparison_01,democracy
full1,court_independence_lag1,0.4557200074195862,Expands Expression,3,0.5181122418403843,0.3398503023966613,0.6918799022005345,0.09381240023774563,632,regime_comparison_01,democracy
full1,court_independence_lag1,0.5496000051498413,Mixed Outcome,2,0.2848922522064062,0.13453787352887087,0.5051931895312387,0.09782228737278457,632,regime_comparison_01,democracy
full1,court_independence_lag1,0.5496000051498413,Contracts Expression,1,0.194830738702213,0.05336022288184966,0.509501449420847,0.11660999330048745,632,regime_comparison_01,democracy
full1,court_independence_lag1,0.5496000051498413,Expands Expression,3,0.5202770090913801,0.35152593114089853,0.6845245457963447,0.08831164119756602,632,regime_comparison_01,democracy
full1,court_independence_lag1,0.6434800028800964,Mixed Outcome,2,0.2832852785480122,0.14010773279691108,0.48948869387037064,0.09179949131398832,632,regime_comparison_01,democracy
full1,court_independence_lag1,0.6434800028800964,Contracts Expression,1,0.19427407405844235,0.05740873028157795,0.4883743233048521,0.1098906485140383,632,regime_comparison_01,democracy
full1,court_independence_lag1,0.6434800028800964,Expands Expression,3,0.5224406473935452,0.36335892595266506,0.6770966073337857,0.08282387453012985,632,regime_comparison_01,democracy
full1,court_independence_lag1,0.7373600006103516,Mixed Outcome,2,0.28168170575812984,0.14584626434440032,0.4738458977673487,0.08583206220577412,632,regime_comparison_01,democracy
full1,court_independence_lag1,0.7373600006103516,Contracts Expression,1,0.19371521290663593,0.06173521673717941,0.46731712653666657,0.10320895490893046,632,regime_comparison_01,democracy
full1,court_independence_lag1,0.7373600006103516,Expands Expression,3,0.5246030813352345,0.3753301421592886,0.6696054253338323,0.07735310950621216,632,regime_comparison_01,democracy
full1,court_independence_lag1,0.8312399983406067,Mixed Outcome,2,0.2800815803316308,0.15175205846720025,0.4582998441797639,0.07992211650697613,632,regime_comparison_01,democracy
full1,court_independence_lag1,0.8312399983406067,Contracts Expression,1,0.19315418397882683,0.06635393387361292,0.4464083243609838,0.09656648196589937,632,regime_comparison_01,democracy
full1,court_independence_lag1,0.8312399983406067,Expands Expression,3,0.5267642356895417,0.38741753424868824,0.6620625676990535,0.07190439038814207,632,regime_comparison_01,democracy
full1,court_independence_lag1,0.9251199960708618,Mixed Outcome,2,0.2784849484269631,0.1578223106253795,0.442886067459325,0.0740723505227888,632,regime_comparison_01,democracy
full1,court_independence_lag1,0.9251199960708618,Contracts Expression,1,0.19259101614935467,0.07127883432498085,0.42572522814575037,0.08996519207385928,632,regime_comparison_01,democracy
full1,court_independence_lag1,0.9251199960708618,Expands Expression,3,0.5289240354236824,0.3995953975986574,0.6544826346482024,0.06648420684948848,632,regime_comparison_01,democracy
full1,court_independence_lag1,1.018999993801117,Mixed Outcome,2,0.27689185586077225,0.16405234766932364,0.42764081460778747,0.06828627100824965,632,regime_comparison_01,democracy
full1,court_independence_lag1,1.018999993801117,Contracts Expression,1,0.19202573843090648,0.0765232115486318,0.40534327127389136,0.08340758870369726,632,regime_comparison_01,democracy
full1,court_independence_lag1,1.018999993801117,Expands Expression,3,0.5310824057083215,0.41183321487204455,0.6468844646529486,0.061101110713735564,632,regime_comparison_01,democracy
full1,court_independence_lag1,1.112879991531372,Mixed Outcome,2,0.27530234810259546,0.17043492552060796,0.41260150997659434,0.06256854235482592,632,regime_comparison_01,democracy
full1,court_independence_lag1,1.112879991531372,Contracts Expression,1,0.19145837997054085,0.0820991840680844,0.38533551293702917,0.07689693608493771,632,regime_comparison_01,democracy
full1,court_independence_lag1,1.112879991531372,Expands Expression,3,0.5332392719268644,0.4240938578945836,0.6392929922424205,0.055766666210453786,632,regime_comparison_01,democracy
full1,court_independence_lag1,1.2067599892616272,Mixed Outcome,2,0.2737164702696312,0.17695915439724022,0.39780761063660985,0.05692552389305103,632,regime_comparison_01,democracy
full1,court_independence_lag1,1.2067599892616272,Contracts Expression,1,0.19088897004569272,0.08801693800702948,0.36577247916488087,0.07043759360921555,632,regime_comparison_01,democracy
full1,court_independence_lag1,1.2067599892616272,Expands Expression,3,0.5353945596846749,0.4363307133336837,0.6317421889051711,0.05049695416183746,632,regime_comparison_01,democracy
full1,court_independence_lag1,1.3006399869918823,Mixed Outcome,2,0.2721342671215945,0.1836087966782148,0.38330211015097454,0.05136612750943973,632,regime_comparison_01,democracy
full1,court_independence_lag1,1.3006399869918823,Contracts Expression,1,0.19031753806015322,0.09428357878059518,0.3467225080465842,0.06403554035461154,632,regime_comparison_01,democracy
full1,court_independence_lag1,1.3006399869918823,Expands Expression,3,0.5375481948182517,0.4484829656882916,0.6242798529945983,0.04531502160778174,632,regime_comparison_01,democracy
full1,court_independence_lag1,1.3945199847221375,Mixed Outcome,2,0.27055578305563605,0.1903594690769758,0.3691341613657228,0.045903234729642535,632,regime_comparison_01,democracy
full1,court_independence_lag1,1.3945199847221375,Contracts Expression,1,0.1897441135400368,0.10090132284903236,0.32825288008580855,0.05769922637265899,632,regime_comparison_01,democracy
full1,court_independence_lag1,1.3945199847221375,Expands Expression,3,0.5397001034043275,0.46046765044705845,0.6169756350711023,0.04025498568363905,632,regime_comparison_01,democracy
full1,court_independence_lag1,1.4883999824523926,Mixed Outcome,2,0.26898106210134654,0.19717385465586323,0.35536371439311026,0.040556129962275984,632,regime_comparison_01,democracy
full1,court_independence_lag1,1.4883999824523926,Contracts Expression,1,0.18916872612973049,0.10786452167268051,0.3104322472555143,0.05144100924606319,632,regime_comparison_01,democracy
full1,court_independence_lag1,1.4883999824523926,Expands Expression,3,0.5418502117689227,0.4721659577744291,0.6099348174962129,0.035369079852369555,632,regime_comparison_01,democracy
full1,court_independence_lag1,1.5822799801826477,Mixed Outcome,2,0.267410147915849,0.20399314903415228,0.34206994655277595,0.035354856450086944,632,regime_comparison_01,democracy
full1,court_independence_lag1,1.5822799801826477,Contracts Expression,1,0.1885914055878244,0.11515451132444048,0.29333536710514185,0.04527968886951477,632,regime_comparison_01,democracy
full1,court_independence_lag1,1.5822799801826477,Expands Expression,3,0.5439984464963259,0.48339937580300724,0.603322258272306,0.0307398989623254,632,regime_comparison_01,democracy
full1,court_independence_lag1,1.6761599779129028,Mixed Outcome,2,0.26584308377895416,0.21072110066011102,0.3293671249374385,0.030348353374840615,632,regime_comparison_01,democracy
full1,court_independence_lag1,1.6761599779129028,Contracts Expression,1,0.1880121817830311,0.12273018538480086,0.2770522388111566,0.039245212382714466,632,regime_comparison_01,democracy
full1,court_independence_lag1,1.6761599779129028,Expands Expression,3,0.5461447344380147,0.49388910257005364,0.597403069075628,0.026501209676395115,632,regime_comparison_01,democracy
full1,court_independence_lag1,1.770039975643158,Mixed Outcome,2,0.26427991258841965,0.2171931223469932,0.3174354243879186,0.025620215108334912,632,regime_comparison_01,democracy
full1,court_independence_lag1,1.770039975643158,Contracts Expression,1,0.1874310846900851,0.1305096605195226,0.2617062618911835,0.03338791054697389,632,regime_comparison_01,democracy
full1,court_independence_lag1,1.770039975643158,Expands Expression,3,0.5482890027214957,0.5031948431689556,0.5926039098295647,0.022869339792362862,632,regime_comparison_01,democracy
full1,court_independence_lag1,1.863919973373413,Mixed Outcome,2,0.2627206768552716,0.2231160137029825,0.30658116072256775,0.021319457411767842,632,regime_comparison_01,democracy
full1,court_independence_lag1,1.863919973373413,Contracts Expression,1,0.18684814438563743,0.13833238452172406,0.2474920546095102,0.027797696197561617,632,regime_comparison_01,democracy
full1,court_independence_lag1,1.863919973373413,Expands Expression,3,0.5504311787590919,0.5106588128127646,0.5895690779922806,0.02017203968608076,632,regime_comparison_01,democracy
full1,court_independence_lag1,1.9577999711036682,Mixed Outcome,2,0.26116541869922466,0.22796031629656133,0.2973444164026874,0.017715481513522757,632,regime_comparison_01,democracy
full1,court_independence_lag1,1.9577999711036682,Contracts Expression,1,0.186263391044131,0.14587723406419006,0.23475736950971812,0.022645691201500125,632,regime_comparison_01,democracy
full1,court_independence_lag1,1.9577999711036682,Expands Expression,3,0.5525711902566449,0.5154780644559802,0.5890882727596036,0.018812098073488742,632,regime_comparison_01,democracy
full1,court_independence_lag1,2.0516799688339233,Mixed Outcome,2,0.2596141798441806,0.230843097166396,0.2906162616611427,0.015257996775572925,632,regime_comparison_01,democracy
full1,court_independence_lag1,2.0516799688339233,Contracts Expression,1,0.18567685493366867,0.15249036569109942,0.22417532628786696,0.018271840996827233,632,regime_comparison_01,democracy
full1,court_independence_lag1,2.0516799688339233,Expands Expression,3,0.5547089652221504,0.5170857114367571,0.5917154625674469,0.019073575856133083,632,regime_comparison_01,democracy
full1,court_independence_lag1,2.1455599665641785,Mixed Outcome,2,0.2580670016138163,0.23070389808882005,0.2874628320028705,0.014487508501696349,632,regime_comparison_01,democracy
full1,court_independence_lag1,2.1455599665641785,Contracts Expression,1,0.18508856641187307,0.15692813933515473,0.21700162663736206,0.015315702846983121,632,regime_comparison_01,democracy
full1,court_independence_lag1,2.1455599665641785,Expands Expression,3,0.5568444319743115,0.5156037160793404,0.5973161838234831,0.02089135565649492,632,regime_comparison_01,democracy
full1,court_independence_lag1,2.2394399642944336,Mixed Outcome,2,0.25652392492725123,0.22714621933661328,0.28828389142432237,0.015606317485474919,632,regime_comparison_01,democracy
full1,court_independence_lag1,2.2394399642944336,Contracts Expression,1,0.18449855592173184,0.1575463925874501,0.21488545789840346,0.014619115621442975,632,regime_comparison_01,democracy
full1,court_independence_lag1,2.2394399642944336,Expands Expression,3,0.5589775191510176,0.5117295713889334,0.6051809426515002,0.023908827317098768,632,regime_comparison_01,democracy
full1,court_independence_lag1,2.3333199620246887,Mixed Outcome,2,0.2549849902948129,0.2209264435371092,0.29232397365640655,0.01822908456457839,632,regime_comparison_01,democracy
full1,court_independence_lag1,2.3333199620246887,Contracts Expression,1,0.18390685398744322,0.15385171064578007,0.21831842758259637,0.01643357462042004,632,regime_comparison_01,democracy
full1,court_independence_lag1,2.3333199620246887,Expands Expression,3,0.5611081557177435,0.5062348569436788,0.6145267375273601,0.027733046265114563,632,regime_comparison_01,democracy
full1,court_independence_lag1,2.427199959754944,Mixed Outcome,2,0.2534502378138816,0.21316357197886282,0.29846272689653597,0.021785579415244626,632,regime_comparison_01,democracy
full1,court_independence_lag1,2.427199959754944,Contracts Expression,1,0.18331349121024784,0.14720859247022458,0.2259276177481402,0.02005892978666973,632,regime_comparison_01,democracy
full1,court_independence_lag1,2.427199959754944,Expands Expression,3,0.5632362709758711,0.499693317167884,0.624769053693967,0.03207281077184204,632,regime_comparison_01,democracy
full1,court_independence_lag1,2.521079957485199,Mixed Outcome,2,0.2519197071648301,0.2046633340846716,0.3058908990903357,0.02586505042336884,632,regime_comparison_01,democracy
full1,court_independence_lag1,2.521079957485199,Contracts Expression,1,0.1827184982642584,0.1391905365422607,0.2361247281996933,0.024685453185208272,632,regime_comparison_01,democracy
full1,court_independence_lag1,2.521079957485199,Expands Expression,3,0.5653617945709121,0.4924732510175924,0.6355295395008084,0.03674214783892428,632,regime_comparison_01,democracy
full1,court_independence_lag1,2.614959955215454,Mixed Outcome,2,0.2503934376070506,0.19588638024132599,0.31414225137306734,0.030232220985397462,632,regime_comparison_01,democracy
full1,court_independence_lag1,2.614959955215454,Contracts Expression,1,0.18212190589228605,0.1307262917395752,0.24796005837344598,0.029830409857910557,632,regime_comparison_01,democracy
full1,court_independence_lag1,2.614959955215454,Expands Expression,3,0.5674846565006627,0.4848029948703728,0.6465705821729469,0.04162670555832559,632,regime_comparison_01,democracy
full1,court_independence_lag1,2.7088399529457092,Mixed Outcome,2,0.24887146797507192,0.18708443409869044,0.32295752142582496,0.03475776351142118,632,regime_comparison_01,democracy
full1,court_independence_lag1,2.7088399529457092,Contracts Expression,1,0.18152374490166118,0.12227357290343933,0.26094902664243375,0.03525002533900502,632,regime_comparison_01,democracy
full1,court_independence_lag1,2.7088399529457092,Expands Expression,3,0.5696047871232671,0.47682615287663827,0.6577401281796315,0.04665547854631344,632,regime_comparison_01,democracy
full1,court_independence_lag1,2.8027199506759644,Mixed Outcome,2,0.24735383667476818,0.1783976577594012,0.3321871812998097,0.0393686367940659,632,regime_comparison_01,democracy
full1,court_independence_lag1,2.8027199506759644,Contracts Expression,1,0.1809240461600493,0.11405417783431478,0.2748372913105226,0.04081988678779936,632,regime_comparison_01,democracy
full1,court_independence_lag1,2.8027199506759644,Expands Expression,3,0.571722117165182,0.4686361475724437,0.6689371749685591,0.051783130930030355,632,regime_comparison_01,democracy
full1,court_independence_lag1,2.8965999484062195,Mixed Outcome,2,0.24584058167966283,0.16990654030283175,0.3417396773751779,0.04402165396495273,632,regime_comparison_01,democracy
full1,court_independence_lag1,2.8965999484062195,Contracts Expression,1,0.18032284059127546,0.10617655055249647,0.2894784317614411,0.046472672826443934,632,regime_comparison_01,democracy
full1,court_independence_lag1,2.8965999484062195,Expands Expression,3,0.5738365777290629,0.4602962648947267,0.6800917596335543,0.05697974126354257,632,regime_comparison_01,democracy
full1,court_independence_lag1,2.9904799461364746,Mixed Outcome,2,0.24433174052731996,0.1616583297517587,0.35155513061231847,0.04869004913373035,632,regime_comparison_01,democracy
full1,court_independence_lag1,2.9904799461364746,Contracts Expression,1,0.17972015917113346,0.09869225037759517,0.30477773529138863,0.05216955941991188,632,regime_comparison_01,democracy
full1,court_independence_lag1,2.9904799461364746,Expands Expression,3,0.575948100301547,0.4518511986797703,0.691153439286309,0.06222489432327404,632,regime_comparison_01,democracy
full1,court_independence_lag1,3.0843599438667297,Mixed Outcome,2,0.2428273503158318,0.15368080727970823,0.36159169673265545,0.053356505786439336,632,regime_comparison_01,democracy
full1,court_independence_lag1,3.0843599438667297,Contracts Expression,1,0.17911603292321057,0.09162256155746144,0.3206658611581327,0.05788683055474128,632,regime_comparison_01,democracy
full1,court_independence_lag1,3.0843599438667297,Expands Expression,3,0.5780566167609578,0.4433338158377702,0.702084541930603,0.06750421619467575,632,regime_comparison_01,democracy
full1,court_independence_lag1,3.178239941596985,Mixed Outcome,2,0.24132744770039813,0.14598977914424238,0.3718182094524982,0.05800939106867785,632,regime_comparison_01,democracy
full1,court_independence_lag1,3.178239941596985,Contracts Expression,1,0.1785104929147043,0.0849717778775313,0.33708585420306436,0.06360926313646292,632,regime_comparison_01,democracy
full1,court_independence_lag1,3.178239941596985,Expands Expression,3,0.5801620593848964,0.4347692249454938,0.7128561052220003,0.07280728769973889,632,regime_comparison_01,democracy
full1,court_independence_lag1,3.27211993932724,Mixed Outcome,2,0.23983206889000663,0.13859334919496133,0.3822100427033464,0.06264063169200049,632,regime_comparison_01,democracy
full1,court_independence_lag1,3.27211993932724,Contracts Expression,1,0.177903570252246,0.07873426637031593,0.35398641057732205,0.06932666391548446,632,regime_comparison_01,democracy
full1,court_independence_lag1,3.27211993932724,Expands Expression,3,0.5822643608577472,0.42617729233942303,0.723445359280158,0.07812635132924992,632,regime_comparison_01,democracy
full1,court_independence_lag1,3.365999937057495,Mixed Outcome,2,0.23834124964419376,0.131494471842066,0.39274669090183273,0.06724446528464287,632,regime_comparison_01,democracy
full1,court_independence_lag1,3.365999937057495,Contracts Expression,1,0.1772952960777273,0.07289845337303004,0.371318258191261,0.07503195631713253,632,regime_comparison_01,democracy
full1,court_independence_lag1,3.365999937057495,Expands Expression,3,0.5843634542780779,0.4175742408133156,0.7338341188125378,0.08345548709062882,632,regime_comparison_01,democracy
full1,v2jupurge_lag1,-1.25600004196167,Mixed Outcome,2,0.26384679119262916,0.05613924485730358,0.6835218032570002,0.17799021565865203,632,regime_comparison_01,democracy
full1,v2jupurge_lag1,-1.25600004196167,Contracts Expression,1,0.061379771021291135,0.006504262807954472,0.39510835937880645,0.06764987456518536,632,regime_comparison_01,democracy
full1,v2jupurge_lag1,-1.25600004196167,Expands Expression,3,0.6747734377860788,0.3006192161894086,0.909212795841227,0.17626148561656974,632,regime_comparison_01,democracy
full1,v2jupurge_lag1,-1.1715400409698487,Mixed Outcome,2,0.2642055084580242,0.0586525767155052,0.6741978987148376,0.17372000257289655,632,regime_comparison_01,democracy
full1,v2jupurge_lag1,-1.1715400409698487,Contracts Expression,1,0.06335725867113587,0.0071588777674796225,0.38821835491324974,0.06778274032652003,632,regime_comparison_01,democracy
full1,v2jupurge_lag1,-1.1715400409698487,Expands Expression,3,0.67243723287084,0.30754807714004745,0.9046561890549993,0.1720390326902342,632,regime_comparison_01,democracy
full1,v2jupurge_lag1,-1.0870800399780274,Mixed Outcome,2,0.2645443904616605,0.06126415913051346,0.6647148726930276,0.16943546738491957,632,regime_comparison_01,democracy
full1,v2jupurge_lag1,-1.0870800399780274,Contracts Expression,1,0.0653927490765765,0.00787833628072576,0.38137856533684744,0.06785351233335793,632,regime_comparison_01,democracy
full1,v2jupurge_lag1,-1.0870800399780274,Expands Expression,3,0.6700628604617637,0.3144928431724279,0.8999020194726249,0.16780480404963233,632,regime_comparison_01,democracy
full1,v2jupurge_lag1,-1.002620038986206,Mixed Outcome,2,0.2648628397529348,0.06397675067554998,0.6550767762638742,0.16513698124656925,632,regime_comparison_01,democracy
full1,v2jupurge_lag1,-1.002620038986206,Contracts Expression,1,0.06748759766321821,0.008668873091531464,0.3745918579341894,0.06785881621390043,632,regime_comparison_01,democracy
full1,v2jupurge_lag1,-1.002620038986206,Expands Expression,3,0.6676495625838457,0.3214476923419311,0.8949445732593778,0.16355900934677156,632,regime_comparison_01,democracy
full1,v2jupurge_lag1,-0.9181600379943848,Mixed Outcome,2,0.2651602505422432,0.06679311072971357,0.6452880625906935,0.16082491981487254,632,regime_comparison_01,democracy
full1,v2jupurge_lag1,-0.9181600379943848,Contracts Expression,1,0.06964317069455778,0.009537287490875726,0.36786103487283334,0.06779520403584782,632,regime_comparison_01,democracy
full1,v2jupurge_lag1,-0.9181600379943848,Expands Expression,3,0.665196578763197,0.32840684114973545,0.8897782102433232,0.1593018389742631,632,regime_comparison_01,democracy
full1,v2jupurge_lag1,-0.8337000370025636,Mixed Outcome,2,0.2654360090778327,0.06971599375982249,0.6353535868680038,0.15649966299302223,632,regime_comparison_01,democracy
full1,v2jupurge_lag1,-0.8337000370025636,Contracts Expression,1,0.07186084398967642,0.010490987716837754,0.36118883173251737,0.06765915877793689,632,regime_comparison_01,democracy
full1,v2jupurge_lag1,-0.8337000370025636,Expands Expression,3,0.6627031469324901,0.33536456762895256,0.8843973873044816,0.15503346360238365,632,regime_comparison_01,democracy
full1,v2jupurge_lag1,-0.7492400360107422,Mixed Outcome,2,0.2656894940598268,0.07274814332706715,0.625278604584269,0.1521615947223104,632,regime_comparison_01,democracy
full1,v2jupurge_lag1,-0.7492400360107422,Contracts Expression,1,0.07414200154800399,0.011538037466874203,0.35457791686554674,0.06744709953371622,632,regime_comparison_01,democracy
full1,v2jupurge_lag1,-0.7492400360107422,Expands Expression,3,0.6601685043921688,0.3423152332807647,0.8787966833800572,0.15075403411243277,632,regime_comparison_01,democracy
full1,v2jupurge_lag1,-0.6647800350189209,Mixed Outcome,2,0.2659200770926545,0.0758922858174231,0.6150687681031513,0.14781110284474788,632,regime_comparison_01,democracy
full1,v2jupurge_lag1,-0.6647800350189209,Contracts Expression,1,0.07648803407890421,0.012687204295586042,0.3480308917285056,0.06715538753237613,632,regime_comparison_01,democracy
full1,v2jupurge_lag1,-0.6647800350189209,Expands Expression,3,0.6575918888284413,0.34925330348267053,0.8729708262208539,0.14646368202880408,632,regime_comparison_01,democracy
full1,v2jupurge_lag1,-0.5803200340270996,Mixed Outcome,2,0.2661271231770824,0.07915112388977524,0.604730121583806,0.14344857906061384,632,regime_comparison_01,democracy
full1,v2jupurge_lag1,-0.5803200340270996,Contracts Expression,1,0.07890033743400933,0.013948009566488319,0.34155029235670425,0.06678033307796893,632,regime_comparison_01,democracy
full1,v2jupurge_lag1,-0.5803200340270996,Expands Expression,3,0.6549725393889089,0.3561733659576989,0.8669147210774465,0.14216252057472586,632,regime_comparison_01,democracy
full1,v2jupurge_lag1,-0.49586003303527837,Mixed Outcome,2,0.2663099912429442,0.0825273296281949,0.5942690942882171,0.13907441901078052,632,regime_comparison_01,democracy
full1,v2jupurge_lag1,-0.49586003303527837,Contracts Expression,1,0.08138031094044124,0.01533077949516107,0.3351385921968196,0.06631820353044993,632,regime_comparison_01,democracy
full1,v2jupurge_lag1,-0.49586003303527837,Expands Expression,3,0.6523096978166141,0.36307014685307537,0.8606234815507696,0.13785064650415418,632,regime_comparison_01,democracy
full1,v2jupurge_lag1,-0.4114000320434571,Mixed Outcome,2,0.26646803472364256,0.08602353737408285,0.5836924923543778,0.1346890225207231,632,regime_comparison_01,democracy
full1,v2jupurge_lag1,-0.4114000320434571,Contracts Expression,1,0.0839293556332876,0.016846696657468935,0.3287982065703746,0.06576523248109285,632,regime_comparison_01,democracy
full1,v2jupurge_lag1,-0.4114000320434571,Expands Expression,3,0.649602609643068,0.36993852392146226,0.8540924629159244,0.13352814289863085,632,regime_comparison_01,democracy
full1,v2jupurge_lag1,-0.3269400310516358,Mixed Outcome,2,0.26660060217335524,0.08964233619864671,0.5730074891491975,0.13029279405227817,632,regime_comparison_01,democracy
full1,v2jupurge_lag1,-0.3269400310516358,Contracts Expression,1,0.08654887238595245,0.018507851132322194,0.32253149911770684,0.06511763031388694,632,regime_comparison_01,democracy
full1,v2jupurge_lag1,-0.3269400310516358,Expands Expression,3,0.6468505254406932,0.37677353622614584,0.8473172983236166,0.12919508316367184,632,regime_comparison_01,democracy
full1,v2jupurge_lag1,-0.24248003005981444,Mixed Outcome,2,0.26670703792783634,0.09338626195527107,0.5622216143548414,0.12588614342090573,632,regime_comparison_01,democracy
full1,v2jupurge_lag1,-0.24248003005981444,Contracts Expression,1,0.08924025993729244,0.0203272901932852,0.3163407906778096,0.06437159639765191,632,regime_comparison_01,democracy
full1,v2jupurge_lag1,-0.24248003005981444,Expands Expression,3,0.6440527021348719,0.38357038969183493,0.8402939384096092,0.12485153652007851,632,regime_comparison_01,democracy
full1,v2jupurge_lag1,-0.15802002906799317,Mixed Outcome,2,0.2667866828095677,0.09725778882247321,0.551342741988811,0.12146948685162907,632,regime_comparison_01,democracy
full1,v2jupurge_lag1,-0.15802002906799317,Contracts Expression,1,0.09200491281474407,0.022319065143638146,0.31022837120222563,0.06352333322598432,632,regime_comparison_01,democracy
full1,v2jupurge_lag1,-0.15802002906799317,Expands Expression,3,0.6412084043756883,0.39032445768699603,0.8330186950079825,0.12049757536548658,632,regime_comparison_01,democracy
full1,v2jupurge_lag1,-0.0735600280761719,Mixed Outcome,2,0.2668388748779003,0.10125932020856689,0.5403790776137536,0.11704324846732891,632,regime_comparison_01,democracy
full1,v2jupurge_lag1,-0.0735600280761719,Contracts Expression,1,0.0948442191529936,0.02449827348631867,0.30419651550059595,0.06256906292261087,632,regime_comparison_01,democracy
full1,v2jupurge_lag1,-0.0735600280761719,Expands Expression,3,0.6383169059691064,0.39703127563547386,0.8254882898833726,0.11613328498852125,632,regime_comparison_01,democracy
full1,v2jupurge_lag1,0.01089997291564937,Mixed Outcome,2,0.26686295022471807,0.10539317883491209,0.5293391450611443,0.11260786233057815,632,regime_comparison_01,democracy
full1,v2jupurge_lag1,0.01089997291564937,Contracts Expression,1,0.09775955840809657,0.026881094107489817,0.29824750389264565,0.06150504666998297,632,regime_comparison_01,democracy
full1,v2jupurge_lag1,0.01089997291564937,Expands Expression,3,0.6353774913671845,0.40368652839292396,0.8176999096919835,0.11175877626308738,632,regime_comparison_01,democracy
full1,v2jupurge_lag1,0.09535997390747064,Mixed Outcome,2,0.2668582438159908,0.10966159573977394,0.5182317730791409,0.1081637751977231,632,regime_comparison_01,democracy
full1,v2jupurge_lag1,0.09535997390747064,Contracts Expression,1,0.10075229896734215,0.02948481249269534,0.2923836492330606,0.060327607817397176,632,regime_comparison_01,democracy
full1,v2jupurge_lag1,0.09535997390747064,Expands Expression,3,0.6323894572166672,0.4102860287558913,0.8096512687810032,0.1073742021493272,632,regime_comparison_01,democracy
full1,v2jupurge_lag1,0.1798199748992919,Mixed Outcome,2,0.26682409037945065,0.11406669784090222,0.5070660824271439,0.10371145019571286,632,regime_comparison_01,democracy
full1,v2jupurge_lag1,0.1798199748992919,Contracts Expression,1,0.1038237956555697,0.032327832132087495,0.2866073323375971,0.059033159709621495,632,regime_comparison_01,democracy
full1,v2jupurge_lag1,0.1798199748992919,Expands Expression,3,0.6293521139649781,0.4168256849527315,0.8013406819856789,0.10297977910367907,632,regime_comparison_01,democracy
full1,v2jupurge_lag1,0.2642799758911132,Mixed Outcome,2,0.26675982533845544,0.11861049354896083,0.4958514740907828,0.0992513717049312,632,regime_comparison_01,democracy
full1,v2jupurge_lag1,0.2642799758911132,Contracts Expression,1,0.1069753871390933,0.035429667122124794,0.2809210486542088,0.05761823969076219,632,regime_comparison_01,democracy
full1,v2jupurge_lag1,0.2642799758911132,Expands Expression,3,0.6262647875224501,0.4233014542265558,0.7927671503506778,0.09857581488861838,632,regime_comparison_01,democracy
full1,v2jupurge_lag1,0.34873997688293445,Mixed Outcome,2,0.26666478579192715,0.12329485571684923,0.4845976194994122,0.09478405183450223,632,regime_comparison_01,democracy
full1,v2jupurge_lag1,0.34873997688293445,Contracts Expression,1,0.11020839322884247,0.03881090940551593,0.2753274702214203,0.05607955134770064,632,regime_comparison_01,democracy
full1,v2jupurge_lag1,0.34873997688293445,Expands Expression,3,0.6231268209792302,0.42970927855739216,0.7839304637892467,0.09416274482567191,632,regime_comparison_01,democracy
full1,v2jupurge_lag1,0.4331999778747557,Mixed Outcome,2,0.26653831154007757,0.12812150091142227,0.47331445392457555,0.09031003902591529,632,regime_comparison_01,democracy
full1,v2jupurge_lag1,0.4331999778747557,Contracts Expression,1,0.11352411208483008,0.04249316190040079,0.26982952875689115,0.054414017972570075,632,regime_comparison_01,democracy
full1,v2jupurge_lag1,0.4331999778747557,Expands Expression,3,0.619937576375093,0.43604499702778426,0.7748313262559211,0.08974117933294998,632,regime_comparison_01,democracy
full1,v2jupurge_lag1,0.517659978866577,Mixed Outcome,2,0.2663797461554186,0.1330919635573773,0.46201217466825795,0.085829929539993,632,regime_comparison_01,democracy
full1,v2jupurge_lag1,0.517659978866577,Contracts Expression,1,0.11692381732456851,0.04649892561645344,0.2644305284585617,0.05261885161868156,632,regime_comparison_01,democracy
full1,v2jupurge_lag1,0.517659978866577,Expands Expression,3,0.6166964365200123,0.4423042270628798,0.7654715112929926,0.08531196675825624,632,regime_comparison_01,democracy
full1,v2jupurge_lag1,0.6021199798583983,Mixed Outcome,2,0.2661884380983702,0.1382075628523469,0.45070124629047564,0.0813443829100673,632,regime_comparison_01,democracy
full1,v2jupurge_lag1,0.6021199798583983,Contracts Expression,1,0.12040875503858336,0.05085142417320368,0.25913430136262205,0.0506916442946285,632,regime_comparison_01,democracy
full1,v2jupurge_lag1,0.6021199798583983,Expands Expression,3,0.6134028068630468,0.4484822033867238,0.7558540592037029,0.08087627725814435,632,regime_comparison_01,democracy
full1,v2jupurge_lag1,0.6865799808502195,Mixed Outcome,2,0.26596374187654714,0.143469359363824,0.43939241610025137,0.0768541429437739,632,regime_comparison_01,democracy
full1,v2jupurge_lag1,0.6865799808502195,Contracts Expression,1,0.12398014071674693,0.055574341957226124,0.253945424865807,0.04863049128746804,632,regime_comparison_01,democracy
full1,v2jupurge_lag1,0.6865799808502195,Expands Expression,3,0.6100561174067058,0.45457355840254277,0.745983532232156,0.07643571610310243,632,regime_comparison_01,democracy
full1,v2jupurge_lag1,0.771039981842041,Mixed Outcome,2,0.2657050192465773,0.14887809668533303,0.4280967446494469,0.07236006663278384,632,regime_comparison_01,democracy
full1,v2jupurge_lag1,0.771039981842041,Contracts Expression,1,0.12763915608971785,0.06069144078185981,0.24886953200468967,0.046434162204803044,632,regime_comparison_01,democracy
full1,v2jupurge_lag1,0.771039981842041,Expands Expression,3,0.6066558246637042,0.460572019804853,0.7358663520124243,0.07199247883158112,632,regime_comparison_01,democracy
full1,v2jupurge_lag1,0.8554999828338623,Mixed Outcome,2,0.26541164045707244,0.15443412109361185,0.41682565838419605,0.06786316456692638,632,regime_comparison_01,democracy
full1,v2jupurge_lag1,0.8554999828338623,Contracts Expression,1,0.13138694589036812,0.06622600129012148,0.2439137633725121,0.044102344649056664,632,regime_comparison_01,democracy
full1,v2jupurge_lag1,0.8554999828338623,Expands Expression,3,0.6032014136525596,0.46646998885625374,0.7255112558934378,0.06754956700422571,632,regime_comparison_01,democracy
full1,v2jupurge_lag1,0.9399599838256836,Mixed Outcome,2,0.2650829855311479,0.16013726818138477,0.4055910355518295,0.06336465846715121,632,regime_comparison_01,democracy
full1,v2jupurge_lag1,0.9399599838256836,Contracts Expression,1,0.1352246145406923,0.07220000381345751,0.23908744083647465,0.04163600138717544,632,regime_comparison_01,democracy
full1,v2jupurge_lag1,0.9399599838256836,Expands Expression,3,0.5996923999281594,0.47225794303158036,0.7149299284334014,0.06311109339721799,632,regime_comparison_01,democracy
full1,v2jupurge_lag1,1.0244199848175048,Mixed Outcome,2,0.2647184455865948,0.1659866987911624,0.3944053430845887,0.058866064838215125,632,regime_comparison_01,democracy
full1,v2jupurge_lag1,1.0244199848175048,Contracts Expression,1,0.1391532227703081,0.07863290820788267,0.23440309828920694,0.03903790996188814,632,regime_comparison_01,democracy
full1,v2jupurge_lag1,1.0244199848175048,Expands Expression,3,0.596128331643096,0.47792357467615276,0.7041378963561925,0.05868272186148983,632,regime_comparison_01,democracy
full1,v2jupurge_lag1,1.1088799858093261,Mixed Outcome,2,0.26431742419159754,0.1719806550789029,0.3832818536507054,0.05436931960184181,632,regime_comparison_01,democracy
full1,v2jupurge_lag1,1.1088799858093261,Contracts Expression,1,0.143173784173292,0.08553979225695589,0.22987810466073993,0.03631350468229534,632,regime_comparison_01,democracy
full1,v2jupurge_lag1,1.1088799858093261,Expands Expression,3,0.5925087916351122,0.4834505242900792,0.6931558282259221,0.05427231418800133,632,regime_comparison_01,democracy
full1,v2jupurge_lag1,1.1933399868011474,Mixed Outcome,2,0.2638793387535923,0.1781160869523863,0.3722349926184319,0.049876969067931126,632,regime_comparison_01,democracy
full1,v2jupurge_lag1,1.1933399868011474,Contracts Expression,1,0.14728726171071685,0.09292842114391958,0.22553730179140477,0.03347223648865542,632,regime_comparison_01,democracy
full1,v2jupurge_lag1,1.1933399868011474,Expands Expression,3,0.5888333995356908,0.4888164778433958,0.682011469218648,0.049890901930328344,632,regime_comparison_01,democracy
full1,v2jupurge_lag1,1.2777999877929687,Mixed Outcome,2,0.26340362193862915,0.18438806079580525,0.36128090298399357,0.04539247215608319,632,regime_comparison_01,democracy
full1,v2jupurge_lag1,1.2777999877929687,Contracts Expression,1,0.1514945641669222,0.1007944590239478,0.22141744182009857,0.030529850826261924,632,regime_comparison_01,democracy
full1,v2jupurge_lag1,1.2777999877929687,Expands Expression,3,0.5851018138944484,0.49399024566123884,0.6707425931391467,0.045554178797704833,632,regime_comparison_01,democracy
full1,v2jupurge_lag1,1.36225998878479,Mixed Outcome,2,0.2628897231183041,0.19078878776918895,0.35043839090936607,0.040920696852987576,632,regime_comparison_01,democracy
full1,v2jupurge_lag1,1.36225998878479,Contracts Expression,1,0.15579654256814665,0.1091133176015603,0.21757492579871568,0.027512349346042426,632,regime_comparison_01,democracy
full1,v2jupurge_lag1,1.36225998878479,Expands Expression,3,0.5813137343135488,0.4989271813489233,0.659401612792036,0.04128484175368013,632,regime_comparison_01,democracy
full1,v2jupurge_lag1,1.4467199897766112,Mixed Outcome,2,0.26233710984108033,0.19730595619338792,0.33973056726764245,0.03646877184778598,632,regime_comparison_01,democracy
full1,v2jupurge_lag1,1.4467199897766112,Contracts Expression,1,0.16019398657282594,0.11782570781911103,0.21409977538741076,0.024463130567644285,632,regime_comparison_01,democracy
full1,v2jupurge_lag1,1.4467199897766112,Expands Expression,3,0.5774689035860933,0.5035618662267938,0.648062922700661,0.03711633055546246,632,regime_comparison_01,democracy
full1,v2jupurge_lag1,1.5311799907684325,Mixed Outcome,2,0.2617452693245471,0.2039197213035787,0.3291878317982557,0.032047623308970756,632,regime_comparison_01,democracy
full1,v2jupurge_lag1,1.5311799907684325,Contracts Expression,1,0.16468762084345195,0.1268112331262417,0.21114149892650602,0.021456196449649228,632,regime_comparison_01,democracy
full1,v2jupurge_lag1,1.5311799907684325,Expands Expression,3,0.5735671098320019,0.5077963141979062,0.6368347185921078,0.0330988589761842,632,regime_comparison_01,democracy
full1,v2jupurge_lag1,1.6156399917602537,Mixed Outcome,2,0.2611137099648906,0.21059693956825332,0.3188536125405935,0.027674917701919405,632,regime_comparison_01,democracy
full1,v2jupurge_lag1,1.6156399917602537,Contracts Expression,1,0.16927810141051466,0.13584020048039921,0.20895667780374855,0.01862043496692291,632,regime_comparison_01,democracy
full1,v2jupurge_lag1,1.6156399917602537,Expands Expression,3,0.5696081886245946,0.5114811530355166,0.625877836879764,0.029309041470798165,632,regime_comparison_01,democracy
full1,v2jupurge_lag1,1.700099992752075,Mixed Outcome,2,0.2604419628596124,0.21727933252615078,0.308796175443279,0.02338110228570908,632,regime_comparison_01,democracy
full1,v2jupurge_lag1,1.700099992752075,Contracts Expression,1,0.17396601203964154,0.14449388911925476,0.2079880379574226,0.016179954661085592,632,regime_comparison_01,democracy
full1,v2jupurge_lag1,1.700099992752075,Expands Expression,3,0.5655920251007481,0.5143873120792686,0.6154340832525882,0.02586438729360357,632,regime_comparison_01,democracy
full1,v2jupurge_lag1,1.7845599937438963,Mixed Outcome,2,0.25972958333925167,0.22385719450948507,0.2991348896210793,0.019222822572042112,632,regime_comparison_01,democracy
full1,v2jupurge_lag1,1.7845599937438963,Contracts Expression,1,0.17875186061360662,0.1520815772441791,0.20894671454960662,0.014496029725412989,632,regime_comparison_01,democracy
full1,v2jupurge_lag1,1.7845599937438963,Expands Expression,3,0.5615185560471416,0.5161708570893857,0.6058614086078827,0.02294133816840964,632,regime_comparison_01,democracy
full1,v2jupurge_lag1,1.8690199947357176,Mixed Outcome,2,0.2589761525036435,0.23010612712292633,0.2901034652253312,0.015315207992374678,632,regime_comparison_01,democracy
full1,v2jupurge_lag1,1.8690199947357176,Contracts Expression,1,0.18363607554145261,0.15773149161609498,0.21272055669406348,0.014020294059531918,632,regime_comparison_01,democracy
full1,v2jupurge_lag1,1.8690199947357176,Expands Expression,3,0.5573877719549042,0.5163547417027351,0.5976521617722798,0.020784763326059153,632,regime_comparison_01,democracy
full1,v2jupurge_lag1,1.9534799957275388,Mixed Outcome,2,0.2581812787580033,0.23552867426433644,0.28220828998034897,0.01191269235534797,632,regime_comparison_01,democracy
full1,v2jupurge_lag1,1.9534799957275388,Contracts Expression,1,0.18861900220744254,0.1608922125329438,0.21987195565338818,0.01503866311982361,632,regime_comparison_01,democracy
full1,v2jupurge_lag1,1.9534799957275388,Expands Expression,3,0.5531997190345542,0.5143953464187733,0.5913665468937968,0.019674331813598137,632,regime_comparison_01,democracy
full1,v2jupurge_lag1,2.03793999671936,Mixed Outcome,2,0.25734459934389137,0.23902771258620828,0.2765550093344977,0.009575726452417445,632,regime_comparison_01,democracy
full1,v2jupurge_lag1,2.03793999671936,Contracts Expression,1,0.19370089947307978,0.16178241914929775,0.23018733153628435,0.01744204261808606,632,regime_comparison_01,democracy
full1,v2jupurge_lag1,2.03793999671936,Expands Expression,3,0.5489545011830289,0.5099013438287151,0.5874137455527911,0.01981328823588831,632,regime_comparison_01,democracy
full1,v2jupurge_lag1,2.1223999977111814,Mixed Outcome,2,0.2564657818599272,0.23891833552469635,0.27483661196373893,0.009164949931358095,632,regime_comparison_01,democracy
full1,v2jupurge_lag1,2.1223999977111814,Contracts Expression,1,0.19888193624582115,0.1610755449703039,0.2429917326193953,0.02088780271258063,632,regime_comparison_01,democracy
full1,v2jupurge_lag1,2.1223999977111814,Expands Expression,3,0.5446522818942519,0.502881602904574,0.5858039895195035,0.0212023480861842,632,regime_comparison_01,democracy
full1,v2jupurge_lag1,2.2068599987030026,Mixed Outcome,2,0.25554452576689857,0.23476566557257994,0.2774955858405237,0.010903939454334722,632,regime_comparison_01,democracy
full1,v2jupurge_lag1,2.2068599987030026,Contracts Expression,1,0.20416218812853898,0.15938541899122383,0.25766249929916896,0.025062773962031902,632,regime_comparison_01,democracy
full1,v2jupurge_lag1,2.2068599987030026,Expands Expression,3,0.540293286104563,0.4937345288457408,0.5861591864282678,0.023645188758340936,632,regime_comparison_01,democracy
full1,v2jupurge_lag1,2.291319999694824,Mixed Outcome,2,0.25458056387176775,0.2280964264461352,0.28301231313910297,0.014016216930013072,632,regime_comparison_01,democracy
full1,v2jupurge_lag1,2.291319999694824,Contracts Expression,1,0.20954163416408828,0.1571149991309716,0.2737799162242826,0.029760738422476195,632,regime_comparison_01,democracy
full1,v2jupurge_lag1,2.291319999694824,Expands Expression,3,0.5358778019641446,0.48299651749766764,0.5879644181901247,0.02687650448817943,632,regime_comparison_01,democracy
full1,v2jupurge_lag1,2.375780000686645,Mixed Outcome,2,0.25357366378488244,0.22029851560366456,0.29000546348003775,0.01779643941845969,632,regime_comparison_01,democracy
full1,v2jupurge_lag1,2.375780000686645,Contracts Expression,1,0.21502015368963404,0.15450395585316165,0.2910791264716212,0.03485828009189019,632,regime_comparison_01,democracy
full1,v2jupurge_lag1,2.375780000686645,Expands Expression,3,0.5314061825254834,0.47113688947824645,0.5907729459631189,0.0306662485972864,632,regime_comparison_01,democracy
full1,v2jupurge_lag1,2.4602400016784665,Mixed Outcome,2,0.2525236293445971,0.21204898649730564,0.29780397613858295,0.021901883509078648,632,regime_comparison_01,democracy
full1,v2jupurge_lag1,2.4602400016784665,Contracts Expression,1,0.22059752331561078,0.15169378911701062,0.3093846564085764,0.04028160592039963,632,regime_comparison_01,democracy
full1,v2jupurge_lag1,2.4602400016784665,Expands Expression,3,0.526878847339791,0.45850012052238853,0.5942639042953762,0.03484880284423637,632,regime_comparison_01,democracy
full1,v2jupurge_lag1,2.5447000026702877,Mixed Outcome,2,0.2514303020033924,0.20365195487813928,0.3061091169556842,0.02617990660730271,632,regime_comparison_01,democracy
full1,v2jupurge_lag1,2.5447000026702877,Contracts Expression,1,0.22627341404432347,0.14877015816640035,0.32856790171292594,0.0459849608320882,632,regime_comparison_01,democracy
full1,v2jupurge_lag1,2.5447000026702877,Expands Expression,3,0.5222962839522844,0.4453245991316491,0.5982234527045046,0.039313203581225045,632,regime_comparison_01,democracy
full1,v2jupurge_lag1,2.629160003662109,Mixed Outcome,2,0.250293562169466,0.19525479828106407,0.31477824094110674,0.030557591531720565,632,regime_comparison_01,democracy
full1,v2jupurge_lag1,2.629160003662109,Contracts Expression,1,0.2320473885432937,0.14578668332206904,0.3485233415199668,0.05193848392510855,632,regime_comparison_01,democracy
full1,v2jupurge_lag1,2.629160003662109,Expands Expression,3,0.5176590492872418,0.4317754704634737,0.6025118253860988,0.043986246047909475,632,regime_comparison_01,democracy
full1,v2jupurge_lag1,2.7136200046539303,Mixed Outcome,2,0.24911333049775744,0.18693646077428366,0.32373644866162943,0.0349966683366486,632,regime_comparison_01,democracy
full1,v2jupurge_lag1,2.7136200046539303,Contracts Expression,1,0.23791889858846366,0.1427780464004442,0.36915567425049856,0.05812152030711457,632,regime_comparison_01,democracy
full1,v2jupurge_lag1,2.7136200046539303,Expands Expression,3,0.5129677709137794,0.4179707175424932,0.6070371279214953,0.0488190707665896,632,regime_comparison_01,democracy
full1,v2jupurge_lag1,2.798080005645752,Mixed Outcome,2,0.24788956912430046,0.1787432912443569,0.33294070838566253,0.03947521224065998,632,regime_comparison_01,democracy
full1,v2jupurge_lag1,2.798080005645752,Contracts Expression,1,0.2438872826922784,0.13976733316422232,0.3903729439453912,0.0645188694575268,632,regime_comparison_01,democracy
full1,v2jupurge_lag1,2.798080005645752,Expands Expression,3,0.5082231481834211,0.4039984229835099,0.6117379381154179,0.05377826219226981,632,regime_comparison_01,democracy
full1,v2jupurge_lag1,2.882540006637573,Mixed Outcome,2,0.24662228283780915,0.17070469144393272,0.3423641680656654,0.043979645548746706,632,regime_comparison_01,democracy
full1,v2jupurge_lag1,2.882540006637573,Contracts Expression,1,0.2499517639315403,0.1367702779556517,0.41208299955827166,0.07111861421434923,632,regime_comparison_01,democracy
full1,v2jupurge_lag1,2.882540006637573,Expands Expression,3,0.5034259532306511,0.3899275507412664,0.6165723721686294,0.05884025644155517,632,regime_comparison_01,democracy
full1,v2jupurge_lag1,2.9670000076293945,Mixed Outcome,2,0.24531152018245275,0.16284052116194014,0.35198871017335165,0.048500946635024016,632,regime_comparison_01,democracy
full1,v2jupurge_lag1,2.9670000076293945,Contracts Expression,1,0.25611144798966334,0.13379780212011846,0.4341918874131162,0.07791082101752046,632,regime_comparison_01,democracy
full1,v2jupurge_lag1,2.9670000076293945,Expands Expression,3,0.4985770318278838,0.3758145876411821,0.6215112775727278,0.06398786003401279,632,regime_comparison_01,democracy
full2,court_independence_lag1,-1.3279999494552612,Mixed Outcome,2,0.30506799502094245,0.06138955542529206,0.7466079229417156,0.2059352937434855,632,regime_comparison_01,democracy
full2,court_independence_lag1,-1.3279999494552612,Contracts Expression,1,0.22258295515810983,0.016703752719176942,0.8283421267581661,0.24937609482544892,632,regime_comparison_01,democracy
full2,court_independence_lag1,-1.3279999494552612,Expands Expression,3,0.47234904982094816,0.15611499527040484,0.8124470942310512,0.200499162128354,632,regime_comparison_01,democracy
full2,court_independence_lag1,-1.234119951725006,Mixed Outcome,2,0.3037986353415271,0.06414625675660834,0.7353125195312524,0.19974854419080262,632,regime_comparison_01,democracy
full2,court_independence_lag1,-1.234119951725006,Contracts Expression,1,0.22156961622394525,0.017879354415710577,0.8165254381827417,0.24195774558478975,632,regime_comparison_01,democracy
full2,court_independence_lag1,-1.234119951725006,Expands Expression,3,0.4746317484345271,0.16331960141614033,0.8069967647145764,0.19493072606417197,632,regime_comparison_01,democracy
full2,court_independence_lag1,-1.140239953994751,Mixed Outcome,2,0.302528224723475,0.0670088030332268,0.7237214185579961,0.19359886079180752,632,regime_comparison_01,democracy
full2,court_independence_lag1,-1.140239953994751,Contracts Expression,1,0.2205563048939516,0.01913522020408471,0.8040889398238987,0.23458213135036585,632,regime_comparison_01,democracy
full2,court_independence_lag1,-1.140239953994751,Expands Expression,3,0.4769154703825736,0.17078650105003934,0.801429975114491,0.1893515068787968,632,regime_comparison_01,democracy
full2,court_independence_lag1,-1.0463599562644958,Mixed Outcome,2,0.3012568148180386,0.06998013189181158,0.7118434792568819,0.18748633541245804,632,regime_comparison_01,democracy
full2,court_independence_lag1,-1.0463599562644958,Contracts Expression,1,0.21954305786125727,0.020476530498113158,0.791026568154267,0.2272495197906757,632,regime_comparison_01,democracy
full2,court_independence_lag1,-1.0463599562644958,Expands Expression,3,0.47920012732070455,0.17851883520626988,0.7957466671159902,0.18376229291459867,632,regime_comparison_01,democracy
full2,court_independence_lag1,-0.9524799585342407,Mixed Outcome,2,0.2999844573845504,0.07306318074584839,0.6996889488298519,0.18141106717315716,632,regime_comparison_01,democracy
full2,court_independence_lag1,-0.9524799585342407,Contracts Expression,1,0.21852991185136306,0.02190875922317125,0.7773359500742691,0.21996018522957,632,regime_comparison_01,democracy
full2,court_independence_lag1,-0.9524799585342407,Expands Expression,3,0.4814856307640873,0.18651916118352738,0.7899469532744303,0.17816389286763135,632,regime_comparison_01,democracy
full2,court_independence_lag1,-0.8585999608039856,Mixed Outcome,2,0.29871120428324677,0.07626087847227835,0.6872694634763907,0.17537316361652913,632,regime_comparison_01,democracy
full2,court_independence_lag1,-0.8585999608039856,Contracts Expression,1,0.2175169036170432,0.023437684308349065,0.7630188052421817,0.2127144099631858,632,regime_comparison_01,democracy
full2,court_independence_lag1,-0.8585999608039856,Expands Expression,3,0.4837718920997108,0.19478939402905995,0.7840311289565176,0.17255713857193014,632,regime_comparison_01,democracy
full2,court_independence_lag1,-0.7647199630737305,Mixed Outcome,2,0.2974371074680703,0.07957613617556877,0.6745980368756316,0.16937274209686207,632,regime_comparison_01,democracy
full2,court_independence_lag1,-0.7647199630737305,Contracts Expression,1,0.21650406993322632,0.025069397478842,0.7480813236225671,0.20551248583296255,632,regime_comparison_01,democracy
full2,court_independence_lag1,-0.7647199630737305,Expands Expression,3,0.4860588225987025,0.20333074685161945,0.7779996852964475,0.16694288837452534,632,regime_comparison_01,democracy
full2,court_independence_lag1,-0.6708399653434753,Mixed Outcome,2,0.2961622189794543,0.083011836917204,0.6616890356564039,0.16340993144214955,632,regime_comparison_01,democracy
full2,court_independence_lag1,-0.6708399653434753,Contracts Expression,1,0.2154914475918722,0.02681031308890583,0.7325345054745027,0.19835471611253352,632,regime_comparison_01,democracy
full2,court_independence_lag1,-0.6708399653434753,Expands Expression,3,0.48834633342867395,0.21214367022999145,0.7718533234123842,0.16132203124494834,632,regime_comparison_01,democracy
full2,court_independence_lag1,-0.5769599676132202,Mixed Outcome,2,0.2948865909370723,0.08657082427335959,0.6485581416242269,0.1574848739536832,632,regime_comparison_01,democracy
full2,court_independence_lag1,-0.5769599676132202,Contracts Expression,1,0.21447907339683503,0.028667175682239462,0.7163944503867389,0.19124141778184417,632,regime_comparison_01,democracy
full2,court_independence_lag1,-0.5769599676132202,Expands Expression,3,0.49063433566609227,0.22122779095654946,0.7655929702072568,0.1556954918036735,632,regime_comparison_01,democracy
full2,court_independence_lag1,-0.4830799698829651,Mixed Outcome,2,0.29361027553257335,0.09025588955049471,0.6352223007768526,0.15159772782599915,632,regime_comparison_01,democracy
full2,court_independence_lag1,-0.4830799698829651,Contracts Expression,1,0.21346698415872228,0.03064706590158215,0.6996825818581612,0.18417292428205925,632,regime_comparison_01,democracy
full2,court_independence_lag1,-0.4830799698829651,Expands Expression,3,0.49292274030870453,0.23058185029589806,0.7592197961844132,0.15006423650906647,632,regime_comparison_01,democracy
full2,court_independence_lag1,-0.38919997215270996,Mixed Outcome,2,0.2923333250222985,0.09406975744395113,0.6216996594327724,0.14574867009425974,632,regime_comparison_01,democracy
full2,court_independence_lag1,-0.38919997215270996,Contracts Expression,1,0.21245521668974587,0.032757404289288215,0.6824257944202714,0.17714958887130106,632,regime_comparison_01,democracy
full2,court_independence_lag1,-0.38919997215270996,Expands Expression,3,0.4952114582879561,0.24020364183680917,0.7527352358515114,0.14442928131578103,632,regime_comparison_01,democracy
full2,court_independence_lag1,-0.29531997442245483,Mixed Outcome,2,0.291055791719974,0.09801506986482401,0.6080094881164138,0.13993790024804478,632,regime_comparison_01,democracy
full2,court_independence_lag1,-0.29531997442245483,Contracts Expression,1,0.21144380779857117,0.03500595242079458,0.6646565114863087,0.17017178873709576,632,regime_comparison_01,democracy
full2,court_independence_lag1,-0.29531997442245483,Expands Expression,3,0.4975004004814548,0.25008994885421054,0.7461410114809831,0.13879170121742665,632,regime_comparison_01,democracy
full2,court_independence_lag1,-0.2014399766921997,Mixed Outcome,2,0.2897777279893948,0.10209436757848872,0.5941720941911572,0.13416564469418318,632,regime_comparison_01,democracy
full2,court_independence_lag1,-0.2014399766921997,Contracts Expression,1,0.21043279428515652,0.03740081068700925,0.6464126440359426,0.16323993006884668,632,regime_comparison_01,democracy
full2,court_independence_lag1,-0.2014399766921997,Expands Expression,3,0.49978947772544835,0.2602364808534075,0.7394391612636884,0.13315264222365905,632,regime_comparison_01,democracy
full2,court_independence_lag1,-0.10755997896194458,Mixed Outcome,2,0.2884991862370884,0.10631006918615345,0.5802087246058598,0.1284321623101073,632,regime_comparison_01,democracy
full2,court_independence_lag1,-0.10755997896194458,Contracts Expression,1,0.2094222129356018,0.039950411880018986,0.62773744291657,0.15635445435869275,632,regime_comparison_01,democracy
full2,court_independence_lag1,-0.10755997896194458,Expands Expression,3,0.5020786008273094,0.27063780860917874,0.7326320732644195,0.12751333651189603,632,regime_comparison_01,democracy
full2,court_independence_lag1,-0.013679981231689453,Mixed Outcome,2,0.287220218904975,0.11066444682493462,0.5661414605299107,0.12273775141093567,632,regime_comparison_01,democracy
full2,court_independence_lag1,-0.013679981231689453,Contracts Expression,1,0.20841210051698333,0.04266350952581288,0.6086792409219662,0.1495158462879252,632,regime_comparison_01,democracy
full2,court_independence_lag1,-0.013679981231689453,Expands Expression,3,0.5043676805780422,0.28128729648911877,0.7257225271107292,0.12187512176080342,632,regime_comparison_01,democracy
full2,court_independence_lag1,0.08020001649856567,Mixed Outcome,2,0.2859408784630079,0.1151595977433008,0.5519931061063018,0.11708275856736808,632,regime_comparison_01,democracy
full2,court_independence_lag1,0.08020001649856567,Contracts Expression,1,0.2074024937721996,0.045549159627824104,0.5892910848110081,0.14272464367969742,632,regime_comparison_01,democracy
full2,court_independence_lag1,0.08020001649856567,Expands Expression,3,0.5066566277647923,0.2921770300909771,0.7187137460911416,0.11623946605294118,632,regime_comparison_01,democracy
full2,court_independence_lag1,0.1740800142288208,Mixed Outcome,2,0.2846612174018149,0.11979741059891896,0.5377870740723321,0.11146758987186511,632,regime_comparison_01,democracy
full2,court_independence_lag1,0.1740800142288208,Contracts Expression,1,0.20639342941481578,0.04861669410636373,0.5696302619208657,0.13598145017193836,632,regime_comparison_01,democracy
full2,court_independence_lag1,0.1740800142288208,Expands Expression,3,0.50894535318337,0.30329773612215016,0.7116094634097538,0.1106080002804416,632,regime_comparison_01,democracy
full2,court_independence_lag1,0.2679600119590759,Mixed Outcome,2,0.28338128822532993,0.12457952487983061,0.5235472716232212,0.10589272548108034,632,regime_comparison_01,democracy
full2,court_independence_lag1,0.2679600119590759,Contracts Expression,1,0.2053849441239104,0.051875683696002386,0.549757730849547,0.12928695151124134,632,regime_comparison_01,democracy
full2,court_independence_lag1,0.2679600119590759,Expands Expression,3,0.5112337676507599,0.3146386898323667,0.7044140079139435,0.10498256078917192,632,regime_comparison_01,democracy
full2,court_independence_lag1,0.36184000968933105,Mixed Outcome,2,0.2821011434434189,0.12950728120075608,0.5092979906839838,0.10035873859641858,632,regime_comparison_01,democracy
full2,court_independence_lag1,0.36184000968933105,Contracts Expression,1,0.20437707453892978,0.055335887326299196,0.5297374706570935,0.1226419367242393,632,regime_comparison_01,democracy
full2,court_independence_lag1,0.36184000968933105,Expands Expression,3,0.5135217820176516,0.32618760291831744,0.697132416939841,0.09936524618516619,632,regime_comparison_01,democracy
full2,court_independence_lag1,0.4557200074195862,Mixed Outcome,2,0.2808208355645058,0.13458165926565424,0.49506380781492065,0.09486632053789269,632,regime_comparison_01,democracy
full2,court_independence_lag1,0.4557200074195862,Contracts Expression,1,0.20336985725454784,0.059007183951307995,0.5096357680156639,0.11604732594470459,632,regime_comparison_01,democracy
full2,court_independence_lag1,0.4557200074195862,Expands Expression,3,0.5158093071809445,0.3379304812159405,0.6897705874414511,0.09375849402546381,632,regime_comparison_01,democracy
full2,court_independence_lag1,0.5496000051498413,Mixed Outcome,2,0.2795404170882033,0.13980319884302284,0.48086950047473,0.08941631430692606,632,regime_comparison_01,democracy
full2,court_independence_lag1,0.5496000051498413,Contracts Expression,1,0.20236332881553376,0.06289948123639429,0.4895204666424345,0.1095042074506225,632,regime_comparison_01,democracy
full2,court_independence_lag1,0.5496000051498413,Expands Expression,3,0.5180962540962629,0.3498514359838837,0.6823354819833769,0.08816518588042765,632,regime_comparison_01,democracy
full2,court_independence_lag1,0.6434800028800964,Mixed Outcome,2,0.27825994049793473,0.14517189688928145,0.46673998858270466,0.08400976016532709,632,regime_comparison_01,democracy
full2,court_independence_lag1,0.6434800028800964,Contracts Expression,1,0.2013575257116272,0.06702259317214512,0.46946020823838197,0.10301388764324297,632,regime_comparison_01,democracy
full2,court_independence_lag1,0.6434800028800964,Expands Expression,3,0.5203825337904374,0.3619324239686888,0.6748354146759792,0.08258879359609302,632,regime_comparison_01,democracy
full2,court_independence_lag1,0.7373600006103516,Mixed Outcome,2,0.27697945825357273,0.1506870705020667,0.4527003137350643,0.0786479585236672,632,regime_comparison_01,democracy
full2,court_independence_lag1,0.7373600006103516,Contracts Expression,1,0.20035248437242897,0.07138607509500891,0.4495236993148647,0.09657795951790432,632,regime_comparison_01,democracy
full2,court_independence_lag1,0.7373600006103516,Expands Expression,3,0.5226680573739992,0.37415287769725597,0.6672804557491561,0.07703358654171884,632,regime_comparison_01,democracy
full2,court_independence_lag1,0.8312399983406067,Mixed Outcome,2,0.27569902278407116,0.15634716987391692,0.4387756738563211,0.07333255824855675,632,regime_comparison_01,democracy
full2,court_independence_lag1,0.8312399983406067,Contracts Expression,1,0.19934824116229743,0.07599899894835195,0.42977904442140746,0.09019839804833607,632,regime_comparison_01,democracy
full2,court_independence_lag1,0.8312399983406067,Expands Expression,3,0.5249527360536324,0.38648916497944624,0.659683015783923,0.07150493103333924,632,regime_comparison_01,democracy
full2,court_independence_lag1,0.9251199960708618,Mixed Outcome,2,0.27441868648011614,0.16214951640865494,0.42499153994743527,0.0680656830993917,632,regime_comparison_01,democracy
full2,court_independence_lag1,0.9251199960708618,Contracts Expression,1,0.1983448323752632,0.08086964252298753,0.4102931947389381,0.08387769554020219,632,regime_comparison_01,democracy
full2,court_independence_lag1,0.9251199960708618,Expands Expression,3,0.5272364811446193,0.39891377897527275,0.652058708101134,0.06600973227584915,632,regime_comparison_01,democracy
full2,court_independence_lag1,1.018999993801117,Mixed Outcome,2,0.27313850168678144,0.1680899260466715,0.4113738965438491,0.06285011672364267,632,regime_comparison_01,democracy
full2,court_independence_lag1,1.018999993801117,Contracts Expression,1,0.1973422942299571,0.08600505136934773,0.39113157433703316,0.07761905768729599,632,regime_comparison_01,democracy
full2,court_independence_lag1,1.018999993801117,Expands Expression,3,0.5295192040832608,0.4113940955006544,0.6444276523332023,0.06055710214128926,632,regime_comparison_01,democracy
full2,court_independence_lag1,1.112879991531372,Mixed Outcome,2,0.27185852069619615,0.17416215173557495,0.3979496734101575,0.057689579969395485,632,regime_comparison_01,democracy
full2,court_independence_lag1,1.112879991531372,Contracts Expression,1,0.19634066286455287,0.09141040647154024,0.37235796932945914,0.071426694130879,632,regime_comparison_01,democracy
full2,court_independence_lag1,1.112879991531372,Expands Expression,3,0.5318008164392521,0.42389042011872435,0.6368164961757817,0.05515939435007677,632,regime_comparison_01,democracy
full2,court_independence_lag1,1.2067599892616272,Mixed Outcome,2,0.2705787957402245,0.18035703242756038,0.3847474823328667,0.05258915803892626,632,regime_comparison_01,democracy
full2,court_independence_lag1,1.2067599892616272,Contracts Expression,1,0.19533997433172967,0.0970880858587723,0.35403480665144976,0.06530626024758379,632,regime_comparison_01,democracy
full2,court_independence_lag1,1.2067599892616272,Expands Expression,3,0.5340812299280462,0.43635284114230355,0.6292616385843397,0.04983385405529724,632,regime_comparison_01,democracy
full2,court_independence_lag1,1.3006399869918823,Mixed Outcome,2,0.26929937898317047,0.18666115004607547,0.3717988585725372,0.047555978873559425,632,regime_comparison_01,democracy
full2,court_independence_lag1,1.3006399869918823,Contracts Expression,1,0.1943402645936513,0.10303622688872145,0.3362240266733119,0.05926554845222356,632,regime_comparison_01,democracy
full2,court_independence_lag1,1.3006399869918823,Expands Expression,3,0.5363603564231788,0.4487160236582929,0.6218145185479925,0.044605323542542014,632,regime_comparison_01,democracy
full2,court_independence_lag1,1.3945199847221375,Mixed Outcome,2,0.2680203225144885,0.19305463116096988,0.3591403709924635,0.04260032822967695,632,regime_comparison_01,democracy
full2,court_independence_lag1,1.3945199847221375,Contracts Expression,1,0.19334156951696874,0.10924644293322418,0.31898890265647434,0.05331560536471517,632,regime_comparison_01,democracy
full2,court_independence_lag1,1.3945199847221375,Expands Expression,3,0.5386381079685428,0.4608903705716308,0.6145505425494016,0.03951080830410675,632,regime_comparison_01,democracy
full2,court_independence_lag1,1.4883999824523926,Mixed Outcome,2,0.2667416783415204,0.19950740178125304,0.3468172929599534,0.03773755449484249,632,regime_comparison_01,democracy
full2,court_independence_lag1,1.4883999824523926,Contracts Expression,1,0.19234392486784055,0.11570004981463491,0.30239745422619524,0.04747260339008716,632,regime_comparison_01,democracy
full2,court_independence_lag1,1.4883999824523926,Expands Expression,3,0.5409143967906391,0.4727466860305496,0.6075845143334477,0.03460736797941085,632,regime_comparison_01,democracy
full2,court_independence_lag1,1.5822799801826477,Mixed Outcome,2,0.2654634983822555,0.20597252325700827,0.3348902062876173,0.03299146360441055,632,regime_comparison_01,democracy
full2,court_independence_lag1,1.5822799801826477,Contracts Expression,1,0.19134736630697793,0.12236155335403623,0.2865287020522416,0.041761103283545736,632,regime_comparison_01,democracy
full2,court_independence_lag1,1.5822799801826477,Expands Expression,3,0.5431891353107658,0.48408937282361797,0.6010975342746769,0.029985874078117872,632,regime_comparison_01,democracy
full2,court_independence_lag1,1.6761599779129028,Mixed Outcome,2,0.2641858344581087,0.21237378203795573,0.32344736549065817,0.02840064726229273,632,regime_comparison_01,democracy
full2,court_independence_lag1,1.6761599779129028,Contracts Expression,1,0.19035192938471582,0.129166886878654,0.2714842699221698,0.03621998801818967,632,regime_comparison_01,democracy
full2,court_independence_lag1,1.6761599779129028,Expands Expression,3,0.5454622361571757,0.4946111409366493,0.5953823899538084,0.025794234121991933,632,regime_comparison_01,democracy
full2,court_independence_lag1,1.770039975643158,Mixed Outcome,2,0.2629087382867312,0.21858157614714194,0.31262877930618105,0.02403078548442823,632,regime_comparison_01,democracy
full2,court_independence_lag1,1.770039975643158,Contracts Expression,1,0.18935764953610715,0.13600121302179366,0.2574105119921042,0.030913711721441924,632,regime_comparison_01,democracy
full2,court_independence_lag1,1.770039975643158,Expands Expression,3,0.5477336121771607,0.503827366751791,0.5909092972012824,0.022271069468907726,632,regime_comparison_01,democracy
full2,court_independence_lag1,1.863919973373413,Mixed Outcome,2,0.26163226147484325,0.22436494055959436,0.30267416689073157,0.019999130587694817,632,regime_comparison_01,democracy
full2,court_independence_lag1,1.863919973373413,Contracts Expression,1,0.1883645620760433,0.14265569860735355,0.24454174633646678,0.02595426227857509,632,regime_comparison_01,democracy
full2,court_independence_lag1,1.863919973373413,Expands Expression,3,0.550003176449113,0.5110288718647169,0.5883732213405286,0.019770143583022717,632,regime_comparison_01,democracy
full2,court_independence_lag1,1.9577999711036682,Mixed Outcome,2,0.26035645551109904,0.22930026228478392,0.29401423732969606,0.01652110675246733,632,regime_comparison_01,democracy
full2,court_independence_lag1,1.9577999711036682,Contracts Expression,1,0.1873727021944058,0.14874450189383326,0.23328334398378686,0.021543395357598166,632,regime_comparison_01,democracy
full2,court_independence_lag1,1.9577999711036682,Expands Expression,3,0.5522708422944944,0.5154050619422683,0.5885708369123686,0.018698117708818664,632,regime_comparison_01,democracy
full2,court_independence_lag1,2.0516799688339233,Mixed Outcome,2,0.25908137175898255,0.2326431317420911,0.28739884515421105,0.013975764668916776,632,regime_comparison_01,democracy
full2,court_independence_lag1,2.0516799688339233,Contracts Expression,1,0.1863821049512459,0.15357027065540785,0.22434636271987948,0.018041070420184487,632,regime_comparison_01,democracy
full2,court_independence_lag1,2.0516799688339233,Expands Expression,3,0.5545365232897704,0.5164929660697545,0.5919515841584724,0.01928621106214395,632,regime_comparison_01,democracy
full2,court_independence_lag1,2.1455599665641785,Mixed Outcome,2,0.257807061449737,0.23337147749106416,0.28385387396985956,0.012883947501047674,632,regime_comparison_01,democracy
full2,court_independence_lag1,2.1455599665641785,Contracts Expression,1,0.1853928052719941,0.15605208540761953,0.21881977909730013,0.016001860613835198,632,regime_comparison_01,democracy
full2,court_independence_lag1,2.1455599665641785,Expands Expression,3,0.5568001332782679,0.5145711076505061,0.598223889977865,0.021389705669439065,632,regime_comparison_01,democracy
full2,court_independence_lag1,2.2394399642944336,Mixed Outcome,2,0.25653357567532925,0.2308680858669634,0.2839987457209217,0.013560338943111407,632,regime_comparison_01,democracy
full2,court_independence_lag1,2.2394399642944336,Contracts Expression,1,0.18440483794270365,0.15517670329620809,0.2177194514810819,0.0159440755143288,632,regime_comparison_01,democracy
full2,court_independence_lag1,2.2394399642944336,Expands Expression,3,0.5590615863819662,0.5104089368084712,0.6066058222579465,0.024615486335440723,632,regime_comparison_01,democracy
full2,court_independence_lag1,2.3333199620246887,Mixed Outcome,2,0.25526096538145226,0.2256431252284088,0.2873239348940439,0.015744946403124415,632,regime_comparison_01,democracy
full2,court_independence_lag1,2.3333199620246887,Contracts Expression,1,0.18341823760532366,0.15099380177581995,0.2209931044466844,0.017841219404936312,632,regime_comparison_01,democracy
full2,court_independence_lag1,2.3333199620246887,Expands Expression,3,0.5613207970132243,0.5047618348381568,0.6163301659861153,0.028578942883138055,632,regime_comparison_01,democracy
full2,court_independence_lag1,2.427199959754944,Mixed Outcome,2,0.253989281360562,0.21876327097629059,0.29276189047489914,0.018894094815444237,632,regime_comparison_01,democracy
full2,court_independence_lag1,2.427199959754944,Contracts Expression,1,0.1824330387530142,0.14458851225855227,0.22754803526733686,0.021135813216622883,632,regime_comparison_01,democracy
full2,court_independence_lag1,2.427199959754944,Expands Expression,3,0.5635776798864234,0.498164335252242,0.626851275661041,0.033008840256161395,632,regime_comparison_01,democracy
full2,court_independence_lag1,2.521079957485199,Mixed Outcome,2,0.25271857424496313,0.21105851161275815,0.29948028434702584,0.022584733170957792,632,regime_comparison_01,democracy
full2,court_independence_lag1,2.521079957485199,Contracts Expression,1,0.18144927572548614,0.1370708598656812,0.23626191899581564,0.025255497074807478,632,regime_comparison_01,democracy
full2,court_independence_lag1,2.521079957485199,Expands Expression,3,0.5658321500295515,0.4909533091212459,0.637821955513723,0.03773513376566155,632,regime_comparison_01,democracy
full2,court_independence_lag1,2.614959955215454,Mixed Outcome,2,0.2514488944999325,0.20300789406171607,0.3069963268768784,0.026572508984013143,632,regime_comparison_01,democracy
full2,court_independence_lag1,2.614959955215454,Contracts Expression,1,0.18046698270438963,0.1291441666262134,0.24641464928371903,0.029833837508866375,632,regime_comparison_01,democracy
full2,court_independence_lag1,2.614959955215454,Expands Expression,3,0.5680841227956792,0.48333682425089386,0.6490246573454114,0.0426536638548862,632,regime_comparison_01,democracy
full2,court_independence_lag1,2.7088399529457092,Mixed Outcome,2,0.2501802924168836,0.19487030697973023,0.315046049946005,0.030724970078963076,632,regime_comparison_01,democracy
full2,court_independence_lag1,2.7088399529457092,Contracts Expression,1,0.17948619370873162,0.1211913152763717,0.2576023141355155,0.03466673119732808,632,regime_comparison_01,democracy
full2,court_independence_lag1,2.7088399529457092,Expands Expression,3,0.5703335138743858,0.4754460690484234,0.6603196046406362,0.04769958077000986,632,regime_comparison_01,democracy
full2,court_independence_lag1,2.8027199506759644,Mixed Outcome,2,0.2489128181065852,0.18678815032006296,0.3234807081979392,0.03496866610083855,632,regime_comparison_01,democracy
full2,court_independence_lag1,2.8027199506759644,Contracts Expression,1,0.17850694259033761,0.11341472089026551,0.26959745749772723,0.039641270923956175,632,regime_comparison_01,democracy
full2,court_independence_lag1,2.8027199506759644,Expands Expression,3,0.5725802393030778,0.46736680307923306,0.6716133806243336,0.05283125510948722,632,regime_comparison_01,democracy
full2,court_independence_lag1,2.8965999484062195,Mixed Outcome,2,0.24764652149242125,0.17884273372665566,0.33221145500530724,0.0392609032325527,632,regime_comparison_01,democracy
full2,court_independence_lag1,2.8965999484062195,Contracts Expression,1,0.17752926302935332,0.10592128082736219,0.2822643559439183,0.044692617906439955,632,regime_comparison_01,democracy
full2,court_independence_lag1,2.8965999484062195,Expands Expression,3,0.574824215478225,0.4591574281269618,0.6828408862814906,0.058021032941696915,632,regime_comparison_01,democracy
full2,court_independence_lag1,2.9904799461364746,Mixed Outcome,2,0.2463814523037059,0.17108204358881965,0.3411816524696983,0.043575606022532236,632,regime_comparison_01,democracy
full2,court_independence_lag1,2.9904799461364746,Contracts Expression,1,0.17655318852978605,0.09876638192822156,0.2955152326561753,0.04978172843990347,632,regime_comparison_01,democracy
full2,court_independence_lag1,2.9904799461364746,Expands Expression,3,0.5770653591665083,0.4508593850790309,0.6939549630059888,0.06324991498610776,632,regime_comparison_01,democracy
full2,court_independence_lag1,3.0843599438667297,Mixed Outcome,2,0.24511766006904392,0.16353493163686178,0.35035276178442315,0.047896110638325586,632,regime_comparison_01,democracy
full2,court_independence_lag1,3.0843599438667297,Contracts Expression,1,0.17557875241509074,0.09197648660812831,0.30928788929373835,0.05488398624532324,632,regime_comparison_01,democracy
full2,court_independence_lag1,3.0843599438667297,Expands Expression,3,0.5793035875158654,0.44250326198509937,0.7049202946694304,0.06850442832538362,632,regime_comparison_01,democracy
full2,court_independence_lag1,3.178239941596985,Mixed Outcome,2,0.24385519410975062,0.15621868377311524,0.3596968545468409,0.0522113367641974,632,regime_comparison_01,democracy
full2,court_independence_lag1,3.178239941596985,Contracts Expression,1,0.1746059878238001,0.08556112903355462,0.3235339276068987,0.059983218708947274,632,regime_comparison_01,democracy
full2,court_independence_lag1,3.178239941596985,Expands Expression,3,0.5815388180664487,0.43411248209593756,0.7157097205796246,0.07377473516265048,632,regime_comparison_01,democracy
full2,court_independence_lag1,3.27211993932724,Mixed Outcome,2,0.2425941035333219,0.14914325650755184,0.3691924570039342,0.056513659750772646,632,regime_comparison_01,democracy
full2,court_independence_lag1,3.27211993932724,Contracts Expression,1,0.17363492770519817,0.07951958880621639,0.3382122968931156,0.06506841148764023,632,regime_comparison_01,democracy
full2,court_independence_lag1,3.27211993932724,Expands Expression,3,0.5837709687614803,0.4257055949426531,0.7263019366713741,0.07905345567722306,632,regime_comparison_01,democracy
full2,court_independence_lag1,3.365999937057495,Mixed Outcome,2,0.24133443722696218,0.1423137625741433,0.3788221450786856,0.06079767544417844,632,regime_comparison_01,democracy
full2,court_independence_lag1,3.365999937057495,Contracts Expression,1,0.17266560481503976,0.07384478427785619,0.3532856288547678,0.07013182569113913,632,regime_comparison_01,democracy
full2,court_independence_lag1,3.365999937057495,Expands Expression,3,0.5859999579579983,0.41729773889493676,0.7366800170033665,0.08433491446837266,632,regime_comparison_01,democracy
full2,v2jupurge_lag1,-1.25600004196167,Mixed Outcome,2,0.27867299043371285,0.06209866421175076,0.6927086441644305,0.18090257367677387,632,regime_comparison_01,democracy
full2,v2jupurge_lag1,-1.25600004196167,Contracts Expression,1,0.049869190260721244,0.005482511696745584,0.333210890056439,0.05447845911769334,632,regime_comparison_01,democracy
full2,v2jupurge_lag1,-1.25600004196167,Expands Expression,3,0.6714578193055658,0.29282921223397224,0.9098048596541073,0.17968927951048952,632,regime_comparison_01,democracy
full2,v2jupurge_lag1,-1.1715400409698487,Mixed Outcome,2,0.278750785649497,0.06475135974472035,0.6832882052092076,0.17639186777115226,632,regime_comparison_01,democracy
full2,v2jupurge_lag1,-1.1715400409698487,Contracts Expression,1,0.05179273562241146,0.006068262023978842,0.32826336263154354,0.05490609289523486,632,regime_comparison_01,democracy
full2,v2jupurge_lag1,-1.1715400409698487,Expands Expression,3,0.6694564787280903,0.30016047430076753,0.9053374651321264,0.17525395662194443,632,regime_comparison_01,democracy
full2,v2jupurge_lag1,-1.0870800399780274,Mixed Outcome,2,0.27880494140673784,0.06750093876059879,0.6736921874535533,0.1718720783320352,632,regime_comparison_01,democracy
full2,v2jupurge_lag1,-1.0870800399780274,Contracts Expression,1,0.05378505232877736,0.006715699085224658,0.32335863818772514,0.05528385426299397,632,regime_comparison_01,democracy
full2,v2jupurge_lag1,-1.0870800399780274,Expands Expression,3,0.667410006264486,0.30751721445746877,0.9006743994321272,0.1708150356279654,632,regime_comparison_01,democracy
full2,v2jupurge_lag1,-1.002620038986206,Mixed Outcome,2,0.2788346668388809,0.07034965276940751,0.6639243394455236,0.1673436063703454,632,regime_comparison_01,democracy
full2,v2jupurge_lag1,-1.002620038986206,Contracts Expression,1,0.05584819713442199,0.0074311429640180225,0.31849805779518964,0.05560789240717031,632,regime_comparison_01,democracy
full2,v2jupurge_lag1,-1.002620038986206,Expands Expression,3,0.6653171360266975,0.31489150526944537,0.8958097860727973,0.1663728884099858,632,regime_comparison_01,democracy
full2,v2jupurge_lag1,-0.9181600379943848,Mixed Outcome,2,0.2788391563481851,0.07329971123741513,0.6539888647952067,0.1628068642326581,632,regime_comparison_01,democracy
full2,v2jupurge_lag1,-0.9181600379943848,Contracts Expression,1,0.05798425893433734,0.008221526368897947,0.31368295025804704,0.05587422126439785,632,regime_comparison_01,democracy
full2,v2jupurge_lag1,-0.9181600379943848,Expands Expression,3,0.6631765847174771,0.32227535873807306,0.8907378114970378,0.16192786295046105,632,regime_comparison_01,democracy
full2,v2jupurge_lag1,-0.8337000370025636,Mixed Outcome,2,0.278817590138064,0.07635327429636182,0.6438904254204122,0.15826227539244772,632,regime_comparison_01,democracy
full2,v2jupurge_lag1,-0.8337000370025636,Contracts Expression,1,0.06019535701065388,0.009094446943892014,0.308914633742385,0.05607872284193347,632,regime_comparison_01,democracy
full2,v2jupurge_lag1,-0.8337000370025636,Expands Expression,3,0.6609870528512831,0.3296607659728079,0.8854527472219827,0.15748028039622164,632,regime_comparison_01,democracy
full2,v2jupurge_lag1,-0.7492400360107422,Mixed Outcome,2,0.27876913482000365,0.07951244535086768,0.633634142761182,0.15371027425027292,632,regime_comparison_01,democracy
full2,v2jupurge_lag1,-0.7492400360107422,Contracts Expression,1,0.0624836390764315,0.01005822253149908,0.3041944180748627,0.05621715159851186,632,regime_comparison_01,democracy
full2,v2jupurge_lag1,-0.7492400360107422,Expands Expression,3,0.6587472261035651,0.3370397370317266,0.8799489730410102,0.1530304323138882,632,regime_comparison_01,democracy
full2,v2jupurge_lag1,-0.6647800350189209,Mixed Outcome,2,0.27869294409862233,0.08277926362285574,0.6232255969093238,0.14915130595985848,632,regime_comparison_01,democracy
full2,v2jupurge_lag1,-0.6647800350189209,Contracts Expression,1,0.06485127910766808,0.011121949186211594,0.2995236078710355,0.05628514001810845,632,regime_comparison_01,democracy
full2,v2jupurge_lag1,-0.6647800350189209,Expands Expression,3,0.6564557767937098,0.34440434034591144,0.8742210013230993,0.1485785782511056,632,regime_comparison_01,democracy
full2,v2jupurge_lag1,-0.5803200340270996,Mixed Outcome,2,0.2785881595383378,0.08615569666992974,0.6126708236276982,0.1445858263016561,632,regime_comparison_01,democracy
full2,v2jupurge_lag1,-0.5803200340270996,Contracts Expression,1,0.06730047495495566,0.012295561613992157,0.2949035066933832,0.05627820553019126,632,regime_comparison_01,democracy
full2,v2jupurge_lag1,-0.5803200340270996,Expands Expression,3,0.6541113655067066,0.3517467410887997,0.8682635025031636,0.1441249437441443,632,regime_comparison_01,democracy
full2,v2jupurge_lag1,-0.49586003303527837,Mixed Outcome,2,0.2784539114150184,0.08964363291016823,0.6019763092665239,0.14001430163118284,632,regime_comparison_01,democracy
full2,v2jupurge_lag1,-0.49586003303527837,Contracts Expression,1,0.06983344572654072,0.01358989555691366,0.29033542249547617,0.05619175895803575,632,regime_comparison_01,democracy
full2,v2jupurge_lag1,-0.49586003303527837,Expands Expression,3,0.6517126428584401,0.3590592377913656,0.8620713319237634,0.13966971894605734,632,regime_comparison_01,democracy
full2,v2jupurge_lag1,-0.4114000320434571,Mixed Outcome,2,0.27828931965584847,0.09324487417779002,0.5911489836210119,0.13543720893667463,632,regime_comparison_01,democracy
full2,v2jupurge_lag1,-0.4114000320434571,Contracts Expression,1,0.07245242893494931,0.015016751444334762,0.2858206746812774,0.05602111471315295,632,regime_comparison_01,democracy
full2,v2jupurge_lag1,-0.4114000320434571,Expands Expression,3,0.6492582514092026,0.3663342964360074,0.8556395582772417,0.13521305809089104,632,regime_comparison_01,democracy
full2,v2jupurge_lag1,-0.3269400310516358,Mixed Outcome,2,0.27809349487047275,0.0969611283217118,0.5801962108161276,0.1308550360495679,632,regime_comparison_01,democracy
full2,v2jupurge_lag1,-0.3269400310516358,Contracts Expression,1,0.07515967739984442,0.016588958381891183,0.2813606032068535,0.05576150300263452,632,regime_comparison_01,democracy
full2,v2jupurge_lag1,-0.3269400310516358,Expands Expression,3,0.646746827729683,0.37356458117816854,0.8489634940150661,0.13075508006252146,632,regime_comparison_01,democracy
full2,v2jupurge_lag1,-0.24248003005981444,Mixed Outcome,2,0.2778655394762784,0.1007940018403842,0.5691257783519076,0.12626828206308774,632,regime_comparison_01,democracy
full2,v2jupurge_lag1,-0.24248003005981444,Contracts Expression,1,0.07795745590035622,0.01832043723360306,0.27695658028402714,0.055408084381946915,632,regime_comparison_01,democracy
full2,v2jupurge_lag1,-0.24248003005981444,Expands Expression,3,0.6441770046233647,0.3807429807410856,0.8420387282438714,0.12629587040336523,632,regime_comparison_01,democracy
full2,v2jupurge_lag1,-0.15802002906799317,Mixed Outcome,2,0.2776045489204334,0.10474499251982683,0.5579458844966626,0.12167745802920847,632,regime_comparison_01,democracy
full2,v2jupurge_lag1,-0.15802002906799317,Contracts Expression,1,0.08084803757081405,0.02022626115230358,0.27261002542705187,0.05495596707574426,632,regime_comparison_01,democracy
full2,v2jupurge_lag1,-0.15802002906799317,Expands Expression,3,0.6415474135087532,0.3878626293903795,0.8348611628278344,0.12183548518591561,632,regime_comparison_01,democracy
full2,v2jupurge_lag1,-0.0735600280761719,Mixed Outcome,2,0.277309613001022,0.10881548200439584,0.5466651242785584,0.11708308802420174,632,regime_comparison_01,democracy
full2,v2jupurge_lag1,-0.0735600280761719,Contracts Expression,1,0.0838337000345868,0.022322711404846315,0.2683224248329133,0.05440022761373,632,regime_comparison_01,democracy
full2,v2jupurge_lag1,-0.0735600280761719,Expands Expression,3,0.6388566869643901,0.3949169212107212,0.8274270526769444,0.11737395728400969,632,regime_comparison_01,democracy
full2,v2jupurge_lag1,0.01089997291564937,Mixed Outcome,2,0.2769798172892985,0.11300672817801628,0.5352924744003963,0.11248571069930176,632,regime_comparison_01,democracy
full2,v2jupurge_lag1,0.01089997291564937,Contracts Expression,1,0.0869167212716179,0.024627325686701815,0.2640953564355752,0.053735935503264616,632,regime_comparison_01,democracy
full2,v2jupurge_lag1,0.01089997291564937,Expands Expression,3,0.6361034614390834,0.40189951615027425,0.8197330515431901,0.11291130573381733,632,regime_comparison_01,democracy
full2,v2jupurge_lag1,0.09535997390747064,Mixed Outcome,2,0.27661424465472706,0.11731985716110423,0.5238372774945792,0.10788588146924485,632,regime_comparison_01,democracy
full2,v2jupurge_lag1,0.09535997390747064,Contracts Expression,1,0.09009937521623199,0.027158935276567993,0.2599305224691301,0.05295818290842917,632,regime_comparison_01,democracy
full2,v2jupurge_lag1,0.09535997390747064,Expands Expression,3,0.6332863801290392,0.40880433594238325,0.8117762650991053,0.1084475490803721,632,regime_comparison_01,democracy
full2,v2jupurge_lag1,0.1798199748992919,Mixed Outcome,2,0.2762119768940767,0.12175585462798981,0.5123092262498881,0.10328417554053812,632,regime_comparison_01,democracy
full2,v2jupurge_lag1,0.1798199748992919,Contracts Expression,1,0.09338392708288215,0.029937686273207167,0.2558297920848072,0.05206212066231851,632,regime_comparison_01,democracy
full2,v2jupurge_lag1,0.1798199748992919,Expands Expression,3,0.6304040960230406,0.41562554750771535,0.8035543136821637,0.10398272388927307,632,regime_comparison_01,democracy
full2,v2jupurge_lag1,0.2642799758911132,Mixed Outcome,2,0.275772096465391,0.1263155560079221,0.5007183480932947,0.09868119205071081,632,regime_comparison_01,democracy
full2,v2jupurge_lag1,0.2642799758911132,Contracts Expression,1,0.09677262841870961,0.03298503867483098,0.2517952575995945,0.05104300246049787,632,regime_comparison_01,democracy
full2,v2jupurge_lag1,0.2642799758911132,Expands Expression,3,0.6274552751158993,0.4223575307193217,0.7950654079167804,0.09951690999718146,632,regime_comparison_01,democracy
full2,v2jupurge_lag1,0.34873997688293445,Mixed Outcome,2,0.27529368832719087,0.1309996349316235,0.48907499131487925,0.09407755968825114,632,regime_comparison_01,democracy
full2,v2jupurge_lag1,0.34873997688293445,Contracts Expression,1,0.10026771188310359,0.036323735036193815,0.24782930948286735,0.049896239856418056,632,regime_comparison_01,democracy
full2,v2jupurge_lag1,0.34873997688293445,Expands Expression,3,0.6244385997897066,0.4289948263709831,0.7863084415757996,0.09505026463307788,632,regime_comparison_01,democracy
full2,v2jupurge_lag1,0.4331999778747557,Mixed Outcome,2,0.27477584188271825,0.13580858899558929,0.4773898138107978,0.08947394430537964,632,regime_comparison_01,democracy
full2,v2jupurge_lag1,0.4331999778747557,Contracts Expression,1,0.10387138575586677,0.039977727600670615,0.24393473748223338,0.04861747184324007,632,regime_comparison_01,democracy
full2,v2jupurge_lag1,0.4331999778747557,Expands Expression,3,0.6213527723614146,0.4355320586723714,0.7772831076656282,0.09058306834259887,632,regime_comparison_01,democracy
full2,v2jupurge_lag1,0.517659978866577,Mixed Outcome,2,0.27421765302849543,0.14074272149108036,0.46567377603552684,0.0848710592464369,632,regime_comparison_01,democracy
full2,v2jupurge_lag1,0.517659978866577,Contracts Expression,1,0.10758582817712523,0.043972048711736655,0.2401148688076152,0.047202654591977575,632,regime_comparison_01,democracy
full2,v2jupurge_lag1,0.517659978866577,Expands Expression,3,0.6181965187943793,0.44196382435574216,0.7679900460557555,0.08611578681599973,632,regime_comparison_01,democracy
full2,v2jupurge_lag1,0.6021199798583983,Mixed Outcome,2,0.27361822630584304,0.14580211711032995,0.45393814037202224,0.08026967943052965,632,regime_comparison_01,democracy
full2,v2jupurge_lag1,0.6021199798583983,Contracts Expression,1,0.1114131811237524,0.048332603223045285,0.2363737597776831,0.04564817970511169,632,regime_comparison_01,democracy
full2,v2jupurge_lag1,0.6021199798583983,Expands Expression,3,0.6149685925704043,0.44828453713958666,0.7584310343993709,0.08164915444929743,632,regime_comparison_01,democracy
full2,v2jupurge_lag1,0.6865799808502195,Mixed Outcome,2,0.2729766771533732,0.15098660867356292,0.4421944800743127,0.07567066071283672,632,regime_comparison_01,democracy
full2,v2jupurge_lag1,0.6865799808502195,Contracts Expression,1,0.11535554412881881,0.0530858522800064,0.23271646608196814,0.04395103379684999,632,regime_comparison_01,democracy
full2,v2jupurge_lag1,0.6865799808502195,Expands Expression,3,0.6116677787178089,0.45448821123769834,0.7486092392186333,0.07718428807298135,632,regime_comparison_01,democracy
full2,v2jupurge_lag1,0.771039981842041,Mixed Outcome,2,0.2722921342578051,0.15629573040808778,0.43045470241891587,0.07107496681078324,632,regime_comparison_01,democracy
full2,v2jupurge_lag1,0.771039981842041,Contracts Expression,1,0.1194149677524068,0.05825834301158151,0.22914943107528804,0.0421090194753943,632,regime_comparison_01,democracy
full2,v2jupurge_lag1,0.771039981842041,Expands Expression,3,0.6082928979897883,0.46056815983122024,0.7385295518474754,0.07272284327211781,632,regime_comparison_01,democracy
full2,v2jupurge_lag1,0.8554999828338623,Mixed Outcome,2,0.2715637419996991,0.1617286508887163,0.41873109308657724,0.06648370730634741,632,regime_comparison_01,democracy
full2,v2jupurge_lag1,0.8554999828338623,Contracts Expression,1,0.12359344681405947,0.0638760143314011,0.22568105535896782,0.0401210699483497,632,regime_comparison_01,democracy
full2,v2jupurge_lag1,0.8554999828338623,Expands Expression,3,0.6048428111862408,0.46651657228463006,0.7281990460845097,0.06826723194009097,632,regime_comparison_01,democracy
full2,v2jupurge_lag1,0.9399599838256836,Mixed Outcome,2,0.27079066299002114,0.16728407476191465,0.40703639274003217,0.06189819225850614,632,regime_comparison_01,democracy
full2,v2jupurge_lag1,0.9399599838256836,Contracts Expression,1,0.12789291339913744,0.06996316777573151,0.2223225517891388,0.03798771031187169,632,regime_comparison_01,democracy
full2,v2jupurge_lag1,0.9399599838256836,Expands Expression,3,0.6013164236108407,0.472323914599168,0.7176276136877597,0.06382092957918857,632,regime_comparison_01,democracy
full2,v2jupurge_lag1,1.0244199848175048,Mixed Outcome,2,0.2699720806926213,0.17296009560974565,0.395383923482522,0.05732001240030225,632,regime_comparison_01,democracy
full2,v2jupurge_lag1,1.0244199848175048,Contracts Expression,1,0.1323152296534395,0.07654092001589909,0.2190892621357187,0.03571175533255344,632,regime_comparison_01,democracy
full2,v2jupurge_lag1,1.0244199848175048,Expands Expression,3,0.5977126896539394,0.4779780664033126,0.7068288649941785,0.05938891681682104,632,regime_comparison_01,democracy
full2,v2jupurge_lag1,1.1088799858093261,Mixed Outcome,2,0.2691072021269503,0.17875397043571367,0.3837877947039838,0.05275115994111655,632,regime_comparison_01,democracy
full2,v2jupurge_lag1,1.1088799858093261,Contracts Expression,1,0.13686218038259143,0.08362482302717161,0.21600274231546193,0.0332994001714503,632,regime_comparison_01,democracy
full2,v2jupurge_lag1,1.1088799858093261,Expands Expression,3,0.5940306174904594,0.48346305645339727,0.6958214331924434,0.0549783258536872,632,regime_comparison_01,democracy
full2,v2jupurge_lag1,1.1933399868011474,Mixed Outcome,2,0.2681952606445141,0.18466176461517636,0.3722632394074601,0.04819421602383051,632,regime_comparison_01,democracy
full2,v2jupurge_lag1,1.1933399868011474,Contracts Expression,1,0.14153546547490492,0.09122109481865837,0.21309416657789335,0.03076198464053288,632,regime_comparison_01,democracy
full2,v2jupurge_lag1,1.1933399868011474,Expands Expression,3,0.5902692738805813,0.48875717284710124,0.6846309064255776,0.05059940642164377,632,regime_comparison_01,democracy
full2,v2jupurge_lag1,1.2777999877929687,Mixed Outcome,2,0.2672355187717441,0.1906777750076838,0.3608271731987263,0.04365265186908182,632,regime_comparison_01,democracy
full2,v2jupurge_lag1,1.2777999877929687,Contracts Expression,1,0.14633669216864859,0.09932044087814217,0.21041006458051298,0.028118947961988387,632,regime_comparison_01,democracy
full2,v2jupurge_lag1,1.2777999877929687,Expands Expression,3,0.586427789059607,0.4938300792755869,0.6732927566120334,0.04626699992759187,632,regime_comparison_01,democracy
full2,v2jupurge_lag1,1.36225998878479,Mixed Outcome,2,0.2662272711111073,0.19679355682145339,0.3494991501748405,0.03913133252358465,632,regime_comparison_01,democracy
full2,v2jupurge_lag1,1.36225998878479,Contracts Expression,1,0.1512673671869291,0.10788755819955603,0.20802229490077095,0.025402944637035418,632,regime_comparison_01,democracy
full2,v2jupurge_lag1,1.36225998878479,Expands Expression,3,0.5825053617019638,0.4986383238046253,0.6618568785017168,0.04200283572000414,632,regime_comparison_01,democracy
full2,v2jupurge_lag1,1.4467199897766112,Mixed Outcome,2,0.26516984729146786,0.20299620663673873,0.3383030630785429,0.0346374004894899,632,regime_comparison_01,democracy
full2,v2jupurge_lag1,1.4467199897766112,Contracts Expression,1,0.156328888765665,0.11684275847907229,0.20604581575456665,0.022668937054798482,632,regime_comparison_01,democracy
full2,v2jupurge_lag1,1.4467199897766112,Expands Expression,3,0.5785012639428672,0.5031182220906755,0.6503947568179484,0.03783917051294812,632,regime_comparison_01,democracy
full2,v2jupurge_lag1,1.5311799907684325,Mixed Outcome,2,0.26406261495785976,0.2092651646272847,0.32727032440580917,0.030181915188607356,632,regime_comparison_01,democracy
full2,v2jupurge_lag1,1.5311799907684325,Contracts Expression,1,0.1615225386023834,0.12602948129150449,0.20467048209405145,0.020010440913181445,632,regime_comparison_01,democracy
full2,v2jupurge_lag1,1.5311799907684325,Expands Expression,3,0.574414846439756,0.5071744793289985,0.6390108966578827,0.03382460848362378,632,regime_comparison_01,democracy
full2,v2jupurge_lag1,1.6156399917602537,Mixed Outcome,2,0.26290498279001434,0.21556585692807237,0.3164462072026187,0.025783104942072324,632,regime_comparison_01,democracy
full2,v2jupurge_lag1,1.6156399917602537,Contracts Expression,1,0.1668494737558127,0.1351595987408996,0.20421497094528382,0.017587053298377092,632,regime_comparison_01,democracy
full2,v2jupurge_lag1,1.6156399917602537,Expands Expression,3,0.5702455434541734,0.5106621948817806,0.6278608723522466,0.03003330992370354,632,regime_comparison_01,democracy
full2,v2jupurge_lag1,1.700099992752075,Mixed Outcome,2,0.2616964035381674,0.221836022814809,0.305903500536176,0.021473351764733185,632,regime_comparison_01,democracy
full2,v2jupurge_lag1,1.700099992752075,Contracts Expression,1,0.1723107185284313,0.1437401878712547,0.20519916617686848,0.0156613870534786,632,regime_comparison_01,democracy
full2,v2jupurge_lag1,1.700099992752075,Expands Expression,3,0.5659928779334007,0.5133599871381997,0.6171782560355575,0.02657875439498857,632,regime_comparison_01,democracy
full2,v2jupurge_lag1,1.7845599937438963,Mixed Outcome,2,0.2604363770639231,0.2279534742588636,0.2957747317034088,0.017315650917186766,632,regime_comparison_01,democracy
full2,v2jupurge_lag1,1.7845599937438963,Contracts Expression,1,0.17790715636624435,0.1510526514196273,0.20836413441266272,0.014609262355834303,632,regime_comparison_01,democracy
full2,v2jupurge_lag1,1.7845599937438963,Expands Expression,3,0.5616564665698333,0.5149365853624932,0.6073080776139,0.02363088390707736,632,regime_comparison_01,democracy
full2,v2jupurge_lag1,1.8690199947357176,Mixed Outcome,2,0.2591244533731698,0.23365240785652372,0.28633583479086944,0.013446324065769556,632,regime_comparison_01,democracy
full2,v2jupurge_lag1,1.8690199947357176,Contracts Expression,1,0.18363952181209062,0.15637655290028285,0.21444734379324087,0.014805096617977936,632,regime_comparison_01,democracy
full2,v2jupurge_lag1,1.8690199947357176,Expands Expression,3,0.557236024814739,0.5149320147667824,0.5987256879744772,0.021425887404989973,632,regime_comparison_01,democracy
full2,v2jupurge_lag1,1.9534799957275388,Mixed Outcome,2,0.2577602356273692,0.2382965090105038,0.2782330253206646,0.010190815788628991,632,regime_comparison_01,democracy
full2,v2jupurge_lag1,1.9534799957275388,Contracts Expression,1,0.1895083925506893,0.1594624108136449,0.22370890423724454,0.01638055901459437,632,regime_comparison_01,democracy
full2,v2jupurge_lag1,1.9534799957275388,Expands Expression,3,0.5527313718219401,0.5128142826448804,0.5919801153341057,0.020237599401682762,632,regime_comparison_01,democracy
full2,v2jupurge_lag1,2.03793999671936,Mixed Outcome,2,0.2563433831188666,0.24042811951337206,0.2729336094574165,0.008293815755994235,632,regime_comparison_01,democracy
full2,v2jupurge_lag1,2.03793999671936,Contracts Expression,1,0.19551418158541553,0.1606693351670215,0.23579297525668524,0.019154698211108802,632,regime_comparison_01,democracy
full2,v2jupurge_lag1,2.03793999671936,Expands Expression,3,0.5481424352957175,0.5081777573721509,0.5874957203386074,0.02027673507547355,632,regime_comparison_01,democracy
full2,v2jupurge_lag1,2.1223999977111814,Mixed Outcome,2,0.25487361419530324,0.23823245232355952,0.27226174363728656,0.008682723626616375,632,regime_comparison_01,democracy
full2,v2jupurge_lag1,2.1223999977111814,Contracts Expression,1,0.2016571295883886,0.1605780870892354,0.2501137952048698,0.022831960725676764,632,regime_comparison_01,democracy
full2,v2jupurge_lag1,2.1223999977111814,Expands Expression,3,0.5434692562163068,0.5009865016737031,0.5853288856634852,0.02156715213724463,632,regime_comparison_01,democracy
full2,v2jupurge_lag1,2.2068599987030026,Mixed Outcome,2,0.25335070911766305,0.2322009920756316,0.27573500576928633,0.01110913724334191,632,regime_comparison_01,democracy
full2,v2jupurge_lag1,2.2068599987030026,Contracts Expression,1,0.20793729746689263,0.15966543464336905,0.26618049805981425,0.0271687988117889,632,regime_comparison_01,democracy
full2,v2jupurge_lag1,2.2068599987030026,Expands Expression,3,0.5387119934154443,0.4915942417990671,0.5851480554381192,0.023935776304587597,632,regime_comparison_01,democracy
full2,v2jupurge_lag1,2.291319999694824,Mixed Outcome,2,0.25177451283605523,0.22428583616122255,0.2814100229197658,0.014580075672509225,632,regime_comparison_01,democracy
full2,v2jupurge_lag1,2.291319999694824,Contracts Expression,1,0.21435455919034635,0.15824371102505624,0.283656853871673,0.032004737885407905,632,regime_comparison_01,democracy
full2,v2jupurge_lag1,2.291319999694824,Expands Expression,3,0.5338709279735995,0.48051867872649306,0.5864594152321418,0.027127516465807817,632,regime_comparison_01,democracy
full2,v2jupurge_lag1,2.375780000686645,Mixed Outcome,2,0.2501449376669656,0.21564315447943605,0.2881389771966904,0.018508731836804425,632,regime_comparison_01,democracy
full2,v2jupurge_lag1,2.375780000686645,Contracts Expression,1,0.22090859492300904,0.1565043428265121,0.3023172086182616,0.03724025481429371,632,regime_comparison_01,democracy
full2,v2jupurge_lag1,2.375780000686645,Expands Expression,3,0.5289464674100259,0.46823209458331994,0.5888162562946486,0.030911734147055992,632,regime_comparison_01,democracy
full2,v2jupurge_lag1,2.4602400016784665,Mixed Outcome,2,0.24846196585544758,0.2067580821682878,0.29544467541797304,0.02265048099280318,632,regime_comparison_01,democracy
full2,v2jupurge_lag1,2.4602400016784665,Contracts Expression,1,0.22759888450832877,0.15456449227971888,0.3219995215651647,0.04281300470787164,632,regime_comparison_01,democracy
full2,v2jupurge_lag1,2.4602400016784665,Expands Expression,3,0.5239391496362231,0.4550902148046712,0.5918900605478378,0.03511823006480377,632,regime_comparison_01,democracy
full2,v2jupurge_lag1,2.5447000026702877,Mixed Outcome,2,0.2467256520055511,0.1978426638057485,0.30312256406316346,0.026899758653494036,632,regime_comparison_01,democracy
full2,v2jupurge_lag1,2.5447000026702877,Contracts Expression,1,0.2344247013512356,0.15249751204416898,0.34257483925042315,0.04868228244235232,632,regime_comparison_01,democracy
full2,v2jupurge_lag1,2.5447000026702877,Expands Expression,3,0.518849646643213,0.4413435008931591,0.5954591287891541,0.03963126801393396,632,regime_comparison_01,democracy
full2,v2jupurge_lag1,2.629160003662109,Mixed Outcome,2,0.24493612536223214,0.1890013252612481,0.3110752134150254,0.03120559737068651,632,regime_comparison_01,democracy
full2,v2jupurge_lag1,2.629160003662109,Contracts Expression,1,0.2413851067448257,0.1503506925809533,0.3639297563146886,0.054819959094406144,632,regime_comparison_01,democracy
full2,v2jupurge_lag1,2.629160003662109,Expands Expression,3,0.5136787678929415,0.4271678299703535,0.5993777936748336,0.04437376956938056,632,regime_comparison_01,democracy
full2,v2jupurge_lag1,2.7136200046539303,Mixed Outcome,2,0.24309359192804741,0.1802918214179506,0.3192513228652351,0.035540504909556736,632,regime_comparison_01,democracy
full2,v2jupurge_lag1,2.7136200046539303,Contracts Expression,1,0.24847894468764278,0.14815541761343107,0.3859567674964043,0.061205289710838995,632,regime_comparison_01,democracy
full2,v2jupurge_lag1,2.7136200046539303,Expands Expression,3,0.5084274633843101,0.4126905307581891,0.6035502462132454,0.049293905901310345,632,regime_comparison_01,democracy
full2,v2jupurge_lag1,2.798080005645752,Mixed Outcome,2,0.24119833639812102,0.17174940635316055,0.32762150110128896,0.03988811041231697,632,regime_comparison_01,democracy
full2,v2jupurge_lag1,2.798080005645752,Contracts Expression,1,0.2557048372372205,0.14593306136942896,0.40854918385552724,0.06782189432011093,632,regime_comparison_01,democracy
full2,v2jupurge_lag1,2.798080005645752,Expands Expression,3,0.5030968263646591,0.39800810031271106,0.6079126505639026,0.0543559411190129,632,regime_comparison_01,democracy
full2,v2jupurge_lag1,2.882540006637573,Mixed Outcome,2,0.23925072389716912,0.16339739424914426,0.3361676533178274,0.04423775584894853,632,regime_comparison_01,democracy
full2,v2jupurge_lag1,2.882540006637573,Contracts Expression,1,0.26306118044460136,0.14369850421776675,0.43159872840603053,0.07465595606699273,632,regime_comparison_01,democracy
full2,v2jupurge_lag1,2.882540006637573,Expands Expression,3,0.49768809565822986,0.38319741672994445,0.6124217319250136,0.05953439031462371,632,regime_comparison_01,democracy
full2,v2jupurge_lag1,2.9670000076293945,Mixed Outcome,2,0.23725120150281934,0.15525219477347252,0.3448778922368695,0.04858190793055117,632,regime_comparison_01,democracy
full2,v2jupurge_lag1,2.9670000076293945,Contracts Expression,1,0.2705461409132664,0.14146229120360432,0.4549947625909699,0.08169511449628053,632,regime_comparison_01,democracy
full2,v2jupurge_lag1,2.9670000076293945,Expands Expression,3,0.4922026575839141,0.36832267775507677,0.6170476085716878,0.06481034979012942,632,regime_comparison_01,democracy
full2,wdj_expression_lag1,-0.6666666865348816,Mixed Outcome,2,0.32632743699873373,0.2414690354733055,0.4243250430347291,0.04708648299032628,632,regime_comparison_01,democracy
full2,wdj_expression_lag1,-0.6666666865348816,Contracts Expression,1,0.10850552753154873,0.06211085193378308,0.1828008967851361,0.03003748685895353,632,regime_comparison_01,democracy
full2,wdj_expression_lag1,-0.6666666865348816,Expands Expression,3,0.5651670354697177,0.46028026751031387,0.6645267975895388,0.05283463206013117,632,regime_comparison_01,democracy
full2,wdj_expression_lag1,-0.633333352804184,Mixed Outcome,2,0.3242494557597802,0.24156576839693322,0.41957766073926517,0.045813471580503556,632,regime_comparison_01,democracy
full2,wdj_expression_lag1,-0.633333352804184,Contracts Expression,1,0.11044717629834726,0.06442381566022236,0.1829206370969062,0.0295501961755149,632,regime_comparison_01,democracy
full2,wdj_expression_lag1,-0.633333352804184,Expands Expression,3,0.5653033679418724,0.46262765005079276,0.6626658729768428,0.05171608725402708,632,regime_comparison_01,democracy
full2,wdj_expression_lag1,-0.6000000190734863,Mixed Outcome,2,0.3221684571067654,0.24165454531858815,0.4148336336990877,0.04454567709388726,632,regime_comparison_01,democracy
full2,wdj_expression_lag1,-0.6000000190734863,Contracts Expression,1,0.11241713559829276,0.06680902175110341,0.18305288376801826,0.02904280141098693,632,regime_comparison_01,democracy
full2,wdj_expression_lag1,-0.6000000190734863,Expands Expression,3,0.5654144072949411,0.4649458783456333,0.6607815297201135,0.050601005688527795,632,regime_comparison_01,democracy
full2,wdj_expression_lag1,-0.5666666853427886,Mixed Outcome,2,0.32008450112338427,0.2417350964794218,0.4100940299366159,0.04328335627244934,632,regime_comparison_01,democracy
full2,wdj_expression_lag1,-0.5666666853427886,Contracts Expression,1,0.11441562134780546,0.06926744378004354,0.18319888254977218,0.02851550553962085,632,regime_comparison_01,democracy
full2,wdj_expression_lag1,-0.5666666853427886,Expands Expression,3,0.5654998775288099,0.4672342902968346,0.658873602677995,0.04948946213338332,632,regime_comparison_01,democracy
full2,wdj_expression_lag1,-0.5333333516120911,Mixed Outcome,2,0.3179976505023014,0.24180711911647532,0.4053599604610597,0.04202678526694463,632,regime_comparison_01,democracy
full2,wdj_expression_lag1,-0.5333333516120911,Contracts Expression,1,0.11644284504890688,0.07179990140515456,0.18336004490978647,0.027968601762668403,632,regime_comparison_01,democracy
full2,wdj_expression_lag1,-0.5333333516120911,Expands Expression,3,0.5655595044487921,0.4694921727354277,0.6569419857675718,0.04838156057327023,632,regime_comparison_01,democracy
full2,wdj_expression_lag1,-0.5000000178813935,Mixed Outcome,2,0.3159079705816572,0.24187027243132506,0.4006325841384906,0.04077626225622359,632,regime_comparison_01,democracy
full2,wdj_expression_lag1,-0.5000000178813935,Contracts Expression,1,0.11849901358349137,0.07440702911384112,0.1835379758289615,0.02740248820658439,632,regime_comparison_01,democracy
full2,wdj_expression_lag1,-0.5000000178813935,Expands Expression,3,0.5655930158348509,0.47171875120475193,0.6549866424174853,0.04727743946870287,632,regime_comparison_01,democracy
full2,wdj_expression_lag1,-0.4666666841506958,Mixed Outcome,2,0.31381552938014473,0.2419241717216026,0.39591311338893154,0.0395321104926193,632,regime_comparison_01,democracy
full2,wdj_expression_lag1,-0.4666666841506958,Contracts Expression,1,0.12058432900597695,0.0770892392763116,0.18373450702963462,0.026817685399181706,632,regime_comparison_01,democracy
full2,wdj_expression_lag1,-0.4666666841506958,Expands Expression,3,0.5656001416138776,0.47391317829692486,0.6530076174903946,0.0461772777527567,632,regime_comparison_01,democracy
full2,wdj_expression_lag1,-0.43333335041999815,Mixed Outcome,2,0.31172039763056364,0.24196838151568636,0.39120282086957925,0.03829468185476343,632,regime_comparison_01,democracy
full2,wdj_expression_lag1,-0.43333335041999815,Contracts Expression,1,0.12269898833449551,0.07984667832868973,0.1839517368075424,0.02621485712130667,632,regime_comparison_01,democracy
full2,wdj_expression_lag1,-0.43333335041999815,Expands Expression,3,0.5655806140349408,0.47607452033369524,0.6510050508880859,0.045081301671216364,632,regime_comparison_01,democracy
full2,wdj_expression_lag1,-0.4000000166893005,Mixed Outcome,2,0.3096226488117877,0.2420024075164168,0.3865030473377821,0.03706436100678108,632,regime_comparison_01,democracy
full2,wdj_expression_lag1,-0.4000000166893005,Contracts Expression,1,0.12484318334080854,0.08267917464578267,0.18419207790271747,0.025594835365194135,632,regime_comparison_01,democracy
full2,wdj_expression_lag1,-0.4000000166893005,Expands Expression,3,0.5655341678474035,0.4782017421508444,0.6489791930847584,0.04398979259022413,632,regime_comparison_01,democracy
full2,wdj_expression_lag1,-0.3666666829586029,Mixed Outcome,2,0.30752235917904525,0.2420256871176439,0.3818152109292286,0.03584157028421243,632,regime_comparison_01,democracy
full2,wdj_expression_lag1,-0.3666666829586029,Contracts Expression,1,0.1270171003391231,0.08558617635374563,0.18445831515419314,0.024958650288871006,632,regime_comparison_01,democracy
full2,wdj_expression_lag1,-0.3666666829586029,Expands Expression,3,0.5654605404818306,0.4802936897093215,0.6469304228702617,0.04290309591401229,632,regime_comparison_01,democracy
full2,wdj_expression_lag1,-0.33333334922790525,Mixed Outcome,2,0.30541960779244887,0.2420375782047092,0.37714081813965167,0.03462677545394605,632,regime_comparison_01,democracy
full2,wdj_expression_lag1,-0.33333334922790525,Contracts Expression,1,0.12922091997400828,0.08856667696887752,0.1847536750495583,0.02430756624235849,632,regime_comparison_01,democracy
full2,wdj_expression_lag1,-0.33333334922790525,Expands Expression,3,0.5653594722335421,0.4823490702146373,0.6448592676266923,0.04182163127668452,632,regime_comparison_01,democracy
full2,wdj_expression_lag1,-0.3000000154972076,Mixed Outcome,2,0.3033144765436749,0.24203734588447412,0.37248147686391375,0.033420492528891274,632,regime_comparison_01,democracy
full2,wdj_expression_lag1,-0.3000000154972076,Contracts Expression,1,0.13145481700759937,0.09161912633963143,0.18508190968973195,0.02364312515040735,632,regime_comparison_01,democracy
full2,wdj_expression_lag1,-0.3000000154972076,Expands Expression,3,0.5652307064487261,0.4843664293819787,0.6427664265061136,0.040745904194703766,632,regime_comparison_01,democracy
full2,wdj_expression_lag1,-0.26666668176651,Mixed Outcome,2,0.30120705018072136,0.24202414671183178,0.36783891192457374,0.032223295858139565,632,regime_comparison_01,democracy
full2,wdj_expression_lag1,-0.26666668176651,Contracts Expression,1,0.13371896010630036,0.09474132393054166,0.18544739813027836,0.022967198760973803,632,regime_comparison_01,democracy
full2,wdj_expression_lag1,-0.26666668176651,Expands Expression,3,0.5650739897129786,0.4863441254354482,0.6406527969261623,0.039676519391957654,632,regime_comparison_01,democracy
full2,wdj_expression_lag1,-0.23333334803581235,Mixed Outcome,2,0.29909741633067405,0.2419970098777774,0.36321498362460236,0.031035827765547936,632,regime_comparison_01,democracy
full2,wdj_expression_lag1,-0.23333334803581235,Contracts Expression,1,0.13601351162719202,0.09793029107119298,0.1858552684760803,0.022282051480906742,632,regime_comparison_01,democracy
full2,wdj_expression_lag1,-0.23333334803581235,Expands Expression,3,0.5648890720421347,0.4882802993826011,0.6385195048477462,0.03861419603363241,632,regime_comparison_01,democracy
full2,wdj_expression_lag1,-0.20000001430511472,Mixed Outcome,2,0.29698566552038036,0.2419548147037704,0.35861170997854125,0.029858810070888996,632,regime_comparison_01,democracy
full2,wdj_expression_lag1,-0.20000001430511472,Contracts Expression,1,0.13833862740436065,0.10118211848812628,0.18631154441467493,0.02159041567711571,632,regime_comparison_01,democracy
full2,wdj_expression_lag1,-0.20000001430511472,Expands Expression,3,0.5646757070752596,0.4901728410554004,0.6363679393489187,0.037559785130942436,632,regime_comparison_01,democracy
full2,wdj_expression_lag1,-0.16666668057441703,Mixed Outcome,2,0.2948718911949647,0.24189626363495756,0.3540312934290974,0.028693057905514706,632,regime_comparison_01,democracy
full2,wdj_expression_lag1,-0.16666668057441703,Contracts Expression,1,0.1406944565353697,0.10449178542301688,0.18682331988883671,0.020895581329510835,632,regime_comparison_01,democracy
full2,wdj_expression_lag1,-0.16666668057441703,Expands Expression,3,0.5644336522696661,0.4920193503715237,0.6341997920463882,0.036514289398112444,632,regime_comparison_01,democracy
full2,wdj_expression_lag1,-0.13333334684371945,Mixed Outcome,2,0.2927561897341139,0.24181984974285026,0.3494761530377707,0.0275394963272478,632,regime_comparison_01,democracy
full2,wdj_expression_lag1,-0.13333334684371945,Contracts Expression,1,0.1430811411681019,0.10785294721456838,0.18739896503704184,0.02020150163021794,632,regime_comparison_01,democracy
full2,wdj_expression_lag1,-0.13333334684371945,Expands Expression,3,0.564162669097784,0.4938170932446004,0.6320171019412529,0.03547888585635273,632,regime_comparison_01,democracy
full2,wdj_expression_lag1,-0.10000001311302187,Mixed Outcome,2,0.29063866046604553,0.2417238175257768,0.34494896336080016,0.026399180352765856,632,regime_comparison_01,democracy
full2,wdj_expression_lag1,-0.10000001311302187,Contracts Expression,1,0.1454988162882056,0.11125768988535227,0.18804836486875204,0.01951291527617685,632,regime_comparison_01,democracy
full2,wdj_expression_lag1,-0.10000001311302187,Expands Expression,3,0.563862523245748,0.4955629515776694,0.6298223062598282,0.03445495147720456,632,regime_comparison_01,democracy
full2,wdj_expression_lag1,-0.06666667938232418,Mixed Outcome,2,0.288519405679092,0.2416061155372302,0.3404527014794843,0.025273319157401043,632,regime_comparison_01,democracy
full2,wdj_expression_lag1,-0.06666667938232418,Contracts Expression,1,0.1479476095073773,0.11469625380684971,0.18878318861196589,0.01883548440240484,632,regime_comparison_01,democracy
full2,wdj_expression_lag1,-0.06666667938232418,Expands Expression,3,0.5635329848135308,0.4972533668287742,0.6276182978056524,0.03344409213040108,632,regime_comparison_01,democracy
full2,wdj_expression_lag1,-0.03333334565162649,Mixed Outcome,2,0.2863985306308314,0.24146433907333986,0.3359907039532705,0.024163305344951484,632,regime_comparison_01,democracy
full2,wdj_expression_lag1,-0.03333334565162649,Contracts Expression,1,0.15042764085273497,0.11815673504956506,0.18961718113828166,0.018175943772812668,632,regime_comparison_01,democracy
full2,wdj_expression_lag1,-0.03333334565162649,Expands Expression,3,0.5631738285164334,0.4988842767682157,0.6254084892078501,0.032448175035530505,632,regime_comparison_01,democracy
full2,wdj_expression_lag1,-1.1920928910669204e-08,Mixed Outcome,2,0.28427614355468894,0.24129566083044857,0.33156673578391854,0.023070750353471208,632,regime_comparison_01,democracy
full2,wdj_expression_lag1,-1.1920928910669204e-08,Contracts Expression,1,0.15293902255751377,0.12162478401831638,0.1905664568810738,0.017542251242158538,632,regime_comparison_01,democracy
full2,wdj_expression_lag1,-1.1920928910669204e-08,Expands Expression,3,0.5627848338877981,0.5004510452973928,0.6231968842005714,0.031469364790030575,632,regime_comparison_01,democracy
full2,wdj_expression_lag1,0.03333332180976867,Mixed Outcome,2,0.282152355663941,0.24109674712790113,0.3271850737953172,0.02199752722436493,632,regime_comparison_01,democracy
full2,wdj_expression_lag1,0.03333332180976867,Contracts Expression,1,0.15548185885335225,0.12508333795931356,0.19164975967737363,0.016943720844187334,632,regime_comparison_01,democracy
full2,wdj_expression_lag1,0.03333332180976867,Expands Expression,3,0.5623657854827068,0.5019483856202361,0.6209881556466031,0.030510162832320494,632,regime_comparison_01,democracy
full2,wdj_expression_lag1,0.06666665554046636,Mixed Outcome,2,0.28002728115307046,0.24086365705227064,0.3228506070721253,0.02094582208402593,632,regime_comparison_01,democracy
full2,wdj_expression_lag1,0.06666665554046636,Contracts Expression,1,0.15805624576440797,0.12851244766119807,0.19288862823147387,0.016391107764110374,632,regime_comparison_01,democracy
full2,wdj_expression_lag1,0.06666665554046636,Expands Expression,3,0.5619164730825222,0.503370277725365,0.6187877293509267,0.029573449859934972,632,regime_comparison_01,democracy
full2,wdj_expression_lag1,0.09999998927116405,Mixed Outcome,2,0.2779010371963868,0.24059172183860933,0.3185689571413103,0.019918195708201032,632,regime_comparison_01,democracy
full2,wdj_expression_lag1,0.09999998927116405,Contracts Expression,1,0.16066227090357518,0.13188928739427525,0.194307378179821,0.015896599819387097,632,regime_comparison_01,democracy
full2,wdj_expression_lag1,0.09999998927116405,Expands Expression,3,0.5614366919000373,0.5047098821417778,0.6166018717048606,0.02866253021153171,632,regime_comparison_01,democracy
full2,wdj_expression_lag1,0.13333332300186163,Mixed Outcome,2,0.2757737439438795,0.2402754021959121,0.3143466201890226,0.01891765633961797,632,regime_comparison_01,democracy
full2,wdj_expression_lag1,0.13333332300186163,Contracts Expression,1,0.1633000132710603,0.13518846369885495,0.19593278517089535,0.015473656546019319,632,regime_comparison_01,democracy
full2,wdj_expression_lag1,0.13333332300186163,Expands Expression,3,0.56092624278506,0.5059594533685943,0.6144377777631422,0.027781176489963193,632,regime_comparison_01,democracy
full2,wdj_expression_lag1,0.1666666567325592,Mixed Outcome,2,0.27364552451422325,0.2399081224947638,0.3101911323945574,0.017947744311857746,632,regime_comparison_01,democracy
full2,wdj_expression_lag1,0.1666666567325592,Contracts Expression,1,0.16596954305558043,0.13838274744627596,0.19779334456575556,0.015136632528577955,632,regime_comparison_01,democracy
full2,wdj_expression_lag1,0.1666666567325592,Expands Expression,3,0.5603849324301957,0.5071102583642707,0.6123036543709637,0.026933671692900455,632,regime_comparison_01,democracy
full2,wdj_expression_lag1,0.1999999904632569,Mixed Outcome,2,0.2715165049848978,0.23948208340261948,0.30611125679570916,0.017012627671644652,632,regime_comparison_01,democracy
full2,wdj_expression_lag1,0.1999999904632569,Contracts Expression,1,0.16867092143845183,0.14144432068842425,0.19991801627473477,0.014900138443385712,632,regime_comparison_01,democracy
full2,wdj_expression_lag1,0.1999999904632569,Expands Expression,3,0.5598125735766508,0.5081525080673374,0.6102087903706971,0.026124844799834894,632,regime_comparison_01,democracy
full2,wdj_expression_lag1,0.23333332419395458,Mixed Outcome,2,0.2693868143793639,0.2389880596390971,0.3021171850129292,0.016117205396403118,632,regime_comparison_01,democracy
full2,wdj_expression_lag1,0.23333332419395458,Contracts Expression,1,0.17140420040084167,0.14434653175103232,0.20233446130902227,0.014778143351196867,632,regime_comparison_01,democracy
full2,wdj_expression_lag1,0.23333332419395458,Expands Expression,3,0.5592089852197947,0.5090753130976265,0.608163602740384,0.025360094145203436,632,regime_comparison_01,democracy
full2,wdj_expression_lag1,0.26666665792465216,Mixed Outcome,2,0.26725658465125607,0.23841519836253555,0.29822073832110285,0.015267210294177614,632,regime_comparison_01,democracy
full2,wdj_expression_lag1,0.26666665792465216,Contracts Expression,1,0.1741694225344503,0.14706598772790835,0.20506694092704694,0.014782905613423849,632,regime_comparison_01,democracy
full2,wdj_expression_lag1,0.26666665792465216,Expands Expression,3,0.5585739928142932,0.5098666783470608,0.606179643955402,0.02464539109228133,632,regime_comparison_01,democracy
full2,wdj_expression_lag1,0.29999999165534974,Mixed Outcome,2,0.2651259506655437,0.23775084784292214,0.2944355384136446,0.014469296456007858,632,regime_comparison_01,democracy
full2,wdj_expression_lag1,0.29999999165534974,Contracts Expression,1,0.17696662085589707,0.14958462989004132,0.20813423290115024,0.01492391346784051,632,regime_comparison_01,democracy
full2,wdj_expression_lag1,0.29999999165534974,Expands Expression,3,0.557907428478558,0.5105135546030011,0.6042695524296324,0.023987254770478004,632,regime_comparison_01,democracy
full2,wdj_expression_lag1,0.33333332538604754,Mixed Outcome,2,0.26299505017662184,0.2369804666534319,0.29077709762678816,0.013731085630831518,632,regime_comparison_01,democracy
full2,wdj_expression_lag1,0.33333332538604754,Contracts Expression,1,0.1797958186250852,0.15189133013457198,0.21154802682200427,0.015207070998287732,632,regime_comparison_01,democracy
full2,wdj_expression_lag1,0.33333332538604754,Expands Expression,3,0.5572091311982922,0.5110019677449815,0.6024469254943385,0.023392687413521785,632,regime_comparison_01,democracy
full2,wdj_expression_lag1,0.3666666591167451,Mixed Outcome,2,0.2608640238032985,0.23608768978247538,0.28726275222257097,0.01306113353817241,632,regime_comparison_01,democracy
full2,wdj_expression_lag1,0.3666666591167451,Contracts Expression,1,0.18265702916781254,0.1539826083310589,0.21531219862817366,0.015634333597905684,632,regime_comparison_01,democracy
full2,wdj_expression_lag1,0.3666666591167451,Expands Expression,3,0.5564789470288891,0.5113172459485181,0.6007260944784745,0.02286905988588588,632,regime_comparison_01,democracy
full2,wdj_expression_lag1,0.3999999928474427,Mixed Outcome,2,0.25873301500065515,0.23505465411222048,0.2839113362843822,0.012468763840759537,632,regime_comparison_01,democracy
full2,wdj_expression_lag1,0.3999999928474427,Contracts Expression,1,0.1855502557029085,0.15586230984493085,0.2194231251269394,0.016203874724287113,632,regime_comparison_01,democracy
full2,wdj_expression_lag1,0.3999999928474427,Expands Expression,3,0.5557167292964363,0.5114443609627146,0.5991217858207448,0.022423939204576852,632,regime_comparison_01,democracy
full2,wdj_expression_lag1,0.4333333265781403,Mixed Outcome,2,0.25660217002873764,0.23386269723619663,0.2807424822532354,0.011963711610649581,632,regime_comparison_01,democracy
full2,wdj_expression_lag1,0.4333333265781403,Contracts Expression,1,0.18847549117416784,0.15754039182009938,0.2238708899743972,0.01691070783518876,632,regime_comparison_01,democracy
full2,wdj_expression_lag1,0.4333333265781403,Expands Expression,3,0.5549223387970948,0.5113683891066582,0.5976486625640411,0.02206485516799648,632,regime_comparison_01,democracy
full2,wdj_expression_lag1,0.46666666030883786,Mixed Outcome,2,0.2544716379180735,0.2324935159908156,0.27777546173018003,0.011555532192404178,632,regime_comparison_01,democracy
full2,wdj_expression_lag1,0.46666666030883786,Contracts Expression,1,0.1914327180873436,0.15903119124638063,0.22864100813939248,0.017747572855376485,632,regime_comparison_01,democracy
full2,wdj_expression_lag1,0.46666666030883786,Expands Expression,3,0.554095643994584,0.5110750803889041,0.5963207578226627,0.02179901198338547,632,regime_comparison_01,democracy
full2,wdj_expression_lag1,0.49999999403953566,Mixed Outcome,2,0.2523415704319871,0.23093077692381758,0.27502757432231323,0.011252779392569875,632,regime_comparison_01,democracy
full2,wdj_expression_lag1,0.49999999403953566,Contracts Expression,1,0.19442190835248405,0.16035159829763918,0.23371624541734304,0.018705870830189254,632,regime_comparison_01,democracy
full2,wdj_expression_lag1,0.49999999403953566,Expands Expression,3,0.5532365212155298,0.5105515013687425,0.5951508345971144,0.021632962390742243,632,regime_comparison_01,democracy
full2,wdj_expression_lag1,0.5333333277702332,Mixed Outcome,2,0.2502121220257059,0.22916200366040507,0.27251225957253833,0.01106204225537567,632,regime_comparison_01,democracy
full2,wdj_expression_lag1,0.5333333277702332,Contracts Expression,1,0.1974430231318625,0.16151945857179803,0.2390782094163685,0.019776481461879977,632,regime_comparison_01,democracy
full2,wdj_expression_lag1,0.5333333277702332,Expands Expression,3,0.5523448548424315,0.5097866933776136,0.5941497303105308,0.021572274007813093,632,regime_comparison_01,democracy
full2,wdj_expression_lag1,0.5666666615009308,Mixed Outcome,2,0.24808344980224795,0.22718037323050533,0.27023729991020823,0.010987028103995345,632,regime_comparison_01,democracy
full2,wdj_expression_lag1,0.5666666615009308,Contracts Expression,1,0.20049601269378342,0.1625523672869772,0.24470854901537525,0.020950380251228053,632,regime_comparison_01,democracy
full2,wdj_expression_lag1,0.5666666615009308,Expands Expression,3,0.5514205375039698,0.5087722696064699,0.593325762552041,0.021621226848111633,632,regime_comparison_01,democracy
full2,wdj_expression_lag1,0.5999999952316286,Mixed Outcome,2,0.2459557134650909,0.22498594421874132,0.26820359176201547,0.011027935259413577,632,regime_comparison_01,democracy
full2,wdj_expression_lag1,0.5999999952316286,Contracts Expression,1,0.2035808162725088,0.16346687830186718,0.25058973948042007,0.022219043569105867,632,regime_comparison_01,democracy
full2,wdj_expression_lag1,0.5999999952316286,Expands Expression,3,0.5504634702624015,0.507502870191304,0.5926842768847357,0.02178258319048293,632,regime_comparison_01,democracy
full2,wdj_expression_lag1,0.6333333289623262,Mixed Outcome,2,0.24382907526762526,0.22258592557324772,0.26640487598790996,0.011181315015763017,632,regime_comparison_01,democracy
full2,wdj_expression_lag1,0.6333333289623262,Contracts Expression,1,0.20669736193457128,0.16427806677033382,0.25670551448310663,0.02357467291797274,632,regime_comparison_01,democracy
full2,wdj_expression_lag1,0.6333333289623262,Expands Expression,3,0.5494735627978036,0.5059764087920507,0.5922274032118615,0.02205746365746931,632,regime_comparison_01,democracy
full2,wdj_expression_lag1,0.6666666626930238,Mixed Outcome,2,0.24170369995939517,0.21999388288298846,0.26482853083356617,0.011440475562154955,632,regime_comparison_01,democracy
full2,wdj_expression_lag1,0.6666666626930238,Contracts Expression,1,0.2098455664517272,0.16499935329814155,0.2630410372074602,0.02501028545254883,632,regime_comparison_01,democracy
full2,wdj_expression_lag1,0.6666666626930238,Expands Expression,3,0.5484507335888786,0.5041940760181053,0.5919540553352817,0.02244534712382329,632,regime_comparison_01,democracy
full2,wdj_expression_lag1,0.6999999964237213,Mixed Outcome,2,0.23957975472914292,0.21722812750786288,0.26345718201619533,0.011796302724305591,632,regime_comparison_01,democracy
full2,wdj_expression_lag1,0.6999999964237213,Contracts Expression,1,0.213025335180791,0.16564250039000178,0.2695828998084427,0.0265197163426515,632,regime_comparison_01,democracy
full2,wdj_expression_lag1,0.6999999964237213,Expands Expression,3,0.5473949100900664,0.5021601062601556,0.5918601671327717,0.022944191079110856,632,regime_comparison_01,democracy
full2,wdj_expression_lag1,0.7333333301544189,Mixed Outcome,2,0.23745740914468608,0.21430975155903564,0.2622706669477688,0.012238261380681504,632,regime_comparison_01,democracy
full2,wdj_expression_lag1,0.7333333301544189,Contracts Expression,1,0.2162365619506052,0.1662177099055036,0.27631902255549595,0.02809756940790948,632,regime_comparison_01,democracy
full2,wdj_expression_lag1,0.7333333301544189,Expands Expression,3,0.5463060289047088,0.4998813529525584,0.5919391203149207,0.023550649472007606,632,regime_comparison_01,democracy
full2,wdj_expression_lag1,0.7666666638851167,Mixed Outcome,2,0.23533683508962489,0.21126076888220002,0.26124789294389217,0.012755342847915161,632,regime_comparison_01,democracy
full2,wdj_expression_lag1,0.7666666638851167,Contracts Expression,1,0.21947912895636754,0.16673377104047307,0.28323850319192695,0.029739141832541133,632,regime_comparison_01,democracy
full2,wdj_expression_lag1,0.7666666638851167,Expands Expression,3,0.5451840359540083,0.497366742346705,0.5921822936649627,0.024260352304545908,632,regime_comparison_01,democracy
full2,wdj_expression_lag1,0.7999999976158143,Mixed Outcome,2,0.23321820669694357,0.20810265832960267,0.26036829313466886,0.013336807113175735,632,regime_comparison_01,democracy
full2,wdj_expression_lag1,0.7999999976158143,Contracts Expression,1,0.22275290666156225,0.16719822623343733,0.290331449157152,0.031440339634580164,632,regime_comparison_01,democracy
full2,wdj_expression_lag1,0.7999999976158143,Expands Expression,3,0.5440288866414943,0.49462668264125287,0.5925796568982455,0.02506820780889037,632,regime_comparison_01,democracy
full2,wdj_expression_lag1,0.8333333313465119,Mixed Outcome,2,0.2311017002795092,0.20485540613584194,0.2596127832634054,0.01397267053720037,632,regime_comparison_01,democracy
full2,wdj_expression_lag1,0.8333333313465119,Contracts Expression,1,0.22605775370770637,0.1676175357061098,0.2975888120045657,0.03319759376383146,632,regime_comparison_01,democracy
full2,wdj_expression_lag1,0.8333333313465119,Expands Expression,3,0.5428405460127836,0.49167249571720095,0.5931203418750078,0.02596869294235515,632,regime_comparison_01,democracy
full2,wdj_expression_lag1,0.8666666650772097,Mixed Outcome,2,0.2289874942575265,0.20153699988631973,0.25896426688656293,0.014653963268802672,632,regime_comparison_01,democracy
full2,wdj_expression_lag1,0.8666666650772097,Contracts Expression,1,0.229393516832135,0.16799723035996897,0.3050022343316922,0.03500778209690273,632,regime_comparison_01,democracy
full2,wdj_expression_lag1,0.8666666650772097,Expands Expression,3,0.5416189889103383,0.48851591920504484,0.5937931434197304,0.026956107893437244,632,regime_comparison_01,democracy
full2,wdj_expression_lag1,0.8999999988079073,Mixed Outcome,2,0.22687576908299006,0.19816326091131903,0.2584078021432704,0.01537281409795769,632,regime_comparison_01,democracy
full2,wdj_expression_lag1,0.8999999988079073,Contracts Expression,1,0.23276003079403157,0.1683420484379037,0.31256391384775595,0.036868159690138846,632,regime_comparison_01,democracy
full2,wdj_expression_lag1,0.8999999988079073,Expands Expression,3,0.5403642001229791,0.48516870452447086,0.5945869240861146,0.028024781552081077,632,regime_comparison_01,democracy
full2,wdj_expression_lag1,0.9333333325386048,Mixed Outcome,2,0.22476670716118333,0.1947478951204168,0.25793055008189,0.016122423948742717,632,regime_comparison_01,democracy
full2,wdj_expression_lag1,0.9333333325386048,Contracts Expression,1,0.23615711830890299,0.16865605471756198,0.32026648584075745,0.03877629793350889,632,regime_comparison_01,democracy
full2,wdj_expression_lag1,0.9333333325386048,Expands Expression,3,0.5390761745299126,0.4816423174318654,0.5954909163114026,0.029169224633901134,632,regime_comparison_01,democracy
full2,wdj_expression_lag1,0.9666666662693024,Mixed Outcome,2,0.2226604927692814,0.19130266460573392,0.2575216022168299,0.016896977828294166,632,regime_comparison_01,democracy
full2,wdj_expression_lag1,0.9666666662693024,Contracts Expression,1,0.23958458999169455,0.16894274283790342,0.32810292346624625,0.04073003230902474,632,regime_comparison_01,democracy
full2,wdj_expression_lag1,0.9666666662693024,Expands Expression,3,0.5377549172390235,0.4779477341440043,0.5964949288695827,0.030384234007699365,632,regime_comparison_01,democracy
full2,wdj_expression_lag1,1.0,Mixed Outcome,2,0.2205573119721164,0.18783761194181772,0.25717175538985426,0.017691529948206483,632,regime_comparison_01,democracy
full2,wdj_expression_lag1,1.0,Contracts Expression,1,0.24304224430871843,0.1692051222567016,0.3360664543772584,0.04272741799730947,632,regime_comparison_01,democracy
full2,wdj_expression_lag1,1.0,Expands Expression,3,0.536400443719165,0.47409531858463305,0.597589472054385,0.03166495560345354,632,regime_comparison_01,democracy
full3,court_independence_lag1,-1.3279999494552612,Mixed Outcome,2,0.3164338010247348,0.06170532920510955,0.7651769494216156,0.21536762508986354,632,regime_comparison_01,democracy
full3,court_independence_lag1,-1.3279999494552612,Contracts Expression,1,0.1907027078117098,0.007890759420454387,0.8747076164942489,0.2668386443388178,632,regime_comparison_01,democracy
full3,court_independence_lag1,-1.3279999494552612,Expands Expression,3,0.4928634911635554,0.17074434499832608,0.8210187903222887,0.19789866322128272,632,regime_comparison_01,democracy
full3,court_independence_lag1,-1.234119951725006,Mixed Outcome,2,0.31478914461482016,0.06441143108662777,0.7540327759647918,0.20888443730209927,632,regime_comparison_01,democracy
full3,court_independence_lag1,-1.234119951725006,Contracts Expression,1,0.190590680354152,0.008626139835164288,0.8643548732026729,0.2595899973585933,632,regime_comparison_01,democracy
full3,court_independence_lag1,-1.234119951725006,Expands Expression,3,0.4946201750310287,0.17784807655019436,0.815771169272423,0.19251637349518977,632,regime_comparison_01,democracy
full3,court_independence_lag1,-1.140239953994751,Mixed Outcome,2,0.3131481795788043,0.06722334249101392,0.7425493115128574,0.20243767761678735,632,regime_comparison_01,democracy
full3,court_independence_lag1,-1.140239953994751,Contracts Expression,1,0.19047595245419155,0.00942871784487683,0.8532948868570328,0.25234934505654444,632,regime_comparison_01,democracy
full3,court_independence_lag1,-1.140239953994751,Expands Expression,3,0.49637586796700406,0.1851882488766171,0.8103968209234019,0.18712210910973776,632,regime_comparison_01,democracy
full3,court_independence_lag1,-1.0463599562644958,Mixed Outcome,2,0.31151094156250586,0.07014424787688012,0.7307332064652445,0.19602768953353872,632,regime_comparison_01,democracy
full3,court_independence_lag1,-1.0463599562644958,Contracts Expression,1,0.19035853153065724,0.010304440897050814,0.8415035437999108,0.2451169452797865,632,regime_comparison_01,democracy
full3,court_independence_lag1,-1.0463599562644958,Expands Expression,3,0.4981305269068371,0.1927674313772448,0.8048946166637454,0.18171628919964528,632,regime_comparison_01,democracy
full3,court_independence_lag1,-0.9524799585342407,Mixed Outcome,2,0.3098774658943243,0.07317734768599361,0.7185927504774795,0.18965482050306848,632,regime_comparison_01,democracy
full3,court_independence_lag1,-0.9524799585342407,Contracts Expression,1,0.19023842516644712,0.011259751339030026,0.8289598960755431,0.23789306117003467,632,regime_comparison_01,democracy
full3,court_independence_lag1,-0.9524799585342407,Expands Expression,3,0.4998841089392275,0.2005877210980802,0.7992635704560612,0.17629934987664123,632,regime_comparison_01,democracy
full3,court_independence_lag1,-0.8585999608039856,Mixed Outcome,2,0.30824778758242943,0.07632584970490378,0.7061379099374803,0.18331942329102566,632,regime_comparison_01,democracy
full3,court_independence_lag1,-0.8585999608039856,Contracts Expression,1,0.1901156411074457,0.01230162195333874,0.8156468628745012,0.23067796210094976,632,regime_comparison_01,democracy
full3,court_independence_lag1,-0.8585999608039856,Expands Expression,3,0.501636571310124,0.20865069645580425,0.7935028531451371,0.17087174686856443,632,regime_comparison_01,democracy
full3,court_independence_lag1,-0.7647199630737305,Mixed Outcome,2,0.3066219413119976,0.0795929593143843,0.6933803510266576,0.17702185760809908,632,regime_comparison_01,democracy
full3,court_independence_lag1,-0.7647199630737305,Contracts Expression,1,0.1899901872614187,0.01343759294147973,0.8015519587029655,0.22347192479343775,632,regime_comparison_01,democracy
full3,court_independence_lag1,-0.7647199630737305,Expands Expression,3,0.5033878714265844,0.21695736967110923,0.787611808004092,0.1654339586952021,632,regime_comparison_01,democracy
full3,court_independence_lag1,-0.6708399653434753,Mixed Outcome,2,0.3049999614425145,0.08298186848427443,0.6803334471049988,0.17076249206726105,632,regime_comparison_01,democracy
full3,court_independence_lag1,-0.6708399653434753,Contracts Expression,1,0.18986207169688268,0.014675810164863743,0.7866680312106148,0.21627523464890616,632,regime_comparison_01,democracy
full3,court_independence_lag1,-0.6708399653434753,Expands Expression,3,0.5051379668606022,0.22550813802035843,0.781589967740514,0.1599864905102827,632,regime_comparison_01,democracy
full3,court_independence_lag1,-0.5769599676132202,Mixed Outcome,2,0.30338188200513233,0.08649574334054345,0.6670122694015056,0.16454170654578035,632,regime_comparison_01,democracy
full3,court_independence_lag1,-0.5769599676132202,Contracts Expression,1,0.18973130264196048,0.01602506437644422,0.7709939878277776,0.20908818735156057,632,regime_comparison_01,democracy
full3,court_independence_lag1,-0.5769599676132202,Expands Expression,3,0.5068868153529081,0.23430273398027462,0.7754370732534438,0.1545298787763677,632,regime_comparison_01,democracy
full3,court_independence_lag1,-0.4830799698829651,Mixed Outcome,2,0.3017677367000845,0.09013771009120689,0.6534335602912141,0.15835989505110676,632,regime_comparison_01,democracy
full3,court_independence_lag1,-0.4830799698829651,Contracts Expression,1,0.189597888483205,0.017494831084226788,0.7545354868593115,0.20191109080500533,632,regime_comparison_01,democracy
full3,court_independence_lag1,-0.4830799698829651,Expands Expression,3,0.5086343748167113,0.24334017428069082,0.7691530945240029,0.14906469698828934,632,regime_comparison_01,democracy
full3,court_independence_lag1,-0.38919997215270996,Mixed Outcome,2,0.30015755889416584,0.0939108390438585,0.6396156887991982,0.152217469218668,632,regime_comparison_01,democracy
full3,court_independence_lag1,-0.38919997215270996,Contracts Expression,1,0.18946183776441275,0.019095310574330848,0.737305565768305,0.19474426748681536,632,regime_comparison_01,democracy
full3,court_independence_lag1,-0.38919997215270996,Expands Expression,3,0.5103806033414213,0.25261870778412276,0.7627382541482209,0.14359156272711507,632,regime_comparison_01,democracy
full3,court_independence_lag1,-0.29531997442245483,Mixed Outcome,2,0.2985513816182636,0.09781812637513271,0.6255785883890593,0.1461148626082188,632,regime_comparison_01,democracy
full3,court_independence_lag1,-0.29531997442245483,Contracts Expression,1,0.1893231591854096,0.02083746748169851,0.71932517740087,0.18758805732979314,632,regime_comparison_01,democracy
full3,court_independence_lag1,-0.29531997442245483,Expands Expression,3,0.5121254591963267,0.26213576196527855,0.7561930541915464,0.13811114641590233,632,regime_comparison_01,democracy
full3,court_independence_lag1,-0.2014399766921997,Mixed Outcome,2,0.2969492375649556,0.10186247321415955,0.6113436775676955,0.14005253601730888,632,regime_comparison_01,democracy
full3,court_independence_lag1,-0.2014399766921997,Contracts Expression,1,0.18918186160081904,0.02273306912473052,0.7006236042024806,0.1804428212721418,632,regime_comparison_01,democracy
full3,court_independence_lag1,-0.2014399766921997,Expands Expression,3,0.5138689008342261,0.2718878875467929,0.7495183072816473,0.13262418227177408,632,regime_comparison_01,democracy
full3,court_independence_lag1,-0.10755997896194458,Mixed Outcome,2,0.2953511590861649,0.10604666146698363,0.5969337643713113,0.1340309841015523,632,regime_comparison_01,democracy
full3,court_independence_lag1,-0.10755997896194458,Contracts Expression,1,0.18903795401881085,0.024794721607829816,0.6812387213796222,0.1733089456640662,632,regime_comparison_01,democracy
full3,court_independence_lag1,-0.10755997896194458,Expands Expression,3,0.5156108868950238,0.28187070053241825,0.7427151731852399,0.1271314821188841,632,regime_comparison_01,democracy
full3,court_independence_lag1,-0.013679981231689453,Mixed Outcome,2,0.2937571781908767,0.11037332562143763,0.5823729363938545,0.1280507436895838,632,regime_comparison_01,democracy
full3,court_independence_lag1,-0.013679981231689453,Contracts Expression,1,0.18889144559982912,0.027035902431562498,0.6612170827282687,0.16618684778128262,632,regime_comparison_01,democracy
full3,court_independence_lag1,-0.013679981231689453,Expands Expression,3,0.5173513762092949,0.2920788204222522,0.7357852025781054,0.12163395296544909,632,regime_comparison_01,democracy
full3,court_independence_lag1,0.08020001649856567,Mixed Outcome,2,0.29216732654291244,0.11484491950944084,0.5676864386874587,0.12211240431709948,632,regime_comparison_01,democracy
full3,court_independence_lag1,0.08020001649856567,Contracts Expression,1,0.18874234565530032,0.029470988018464105,0.6406138076312939,0.15907698278271704,632,regime_comparison_01,democracy
full3,court_independence_lag1,0.08020001649856567,Expands Expression,3,0.5190903278017878,0.3025058027313706,0.7287303903789136,0.11613261958794209,632,regime_comparison_01,democracy
full3,court_independence_lag1,0.1740800142288208,Mixed Outcome,2,0.290581635458769,0.11946367663039373,0.552900542629131,0.11621662169811181,632,regime_comparison_01,democracy
full3,court_independence_lag1,0.1740800142288208,Contracts Expression,1,0.18859066364632426,0.03211527414068706,0.619492254530538,0.1519798525721551,632,regime_comparison_01,democracy
full3,court_independence_lag1,0.1740800142288208,Expands Expression,3,0.5208277008949068,0.3131440629709839,0.7215532419689706,0.11062865385305627,632,regime_comparison_01,democracy
full3,court_independence_lag1,0.2679600119590759,Mixed Outcome,2,0.28900013590552004,0.12423156210322045,0.5380424097457234,0.11036413512835934,632,regime_comparison_01,democracy
full3,court_independence_lag1,0.2679600119590759,Contracts Expression,1,0.18843640918234467,0.0349849866900994,0.597923474848502,0.14489601719908904,632,regime_comparison_01,democracy
full3,court_independence_lag1,0.2679600119590759,Expands Expression,3,0.5225634549121354,0.3239847878347137,0.7142568570151968,0.10512341322259405,632,regime_comparison_01,democracy
full3,court_independence_lag1,0.36184000968933105,Mixed Outcome,2,0.28742285849876853,0.12915021353267317,0.52313995559163,0.10455579021858213,632,regime_comparison_01,democracy
full3,court_independence_lag1,0.36184000968933105,Contracts Expression,1,0.18827959201980268,0.038097279512376174,0.5759854515312969,0.13782610968618011,632,regime_comparison_01,democracy
full3,court_independence_lag1,0.36184000968933105,Expands Expression,3,0.5242975494814286,0.33501782723099155,0.7068450376835232,0.09961849194505362,632,regime_comparison_01,democracy
full3,court_independence_lag1,0.4557200074195862,Mixed Outcome,2,0.28584983350067716,0.1342208669184062,0.5082217201978283,0.0987925689499164,632,regime_comparison_01,democracy
full3,court_independence_lag1,0.4557200074195862,Contracts Expression,1,0.18812022206077164,0.04147021505374515,0.5537621376394116,0.1307708555446758,632,regime_comparison_01,democracy
full3,court_independence_lag1,0.4557200074195862,Expands Expression,3,0.5260299444385506,0.3462315576305501,0.6993224311586844,0.09411579003740334,632,regime_comparison_01,democracy
full3,court_independence_lag1,0.5496000051498413,Mixed Outcome,2,0.2842810908180443,0.13944426199493867,0.49331675355447613,0.09307562993600206,632,regime_comparison_01,democracy
full3,court_independence_lag1,0.5496000051498413,Contracts Expression,1,0.18795830935157412,0.04512272221845632,0.5313423221346666,0.12373109879517218,632,regime_comparison_01,democracy
full3,court_independence_lag1,0.5496000051498413,Expands Expression,3,0.5277605998303808,0.3576127023311184,0.6916947211988517,0.08861760762012055,632,regime_comparison_01,democracy
full3,court_independence_lag1,0.6434800028800964,Mixed Outcome,2,0.28271666000045065,0.14482051872437504,0.47845452738885597,0.08740636314191182,632,regime_comparison_01,democracy
full3,court_independence_lag1,0.6434800028800964,Contracts Expression,1,0.18779386408137969,0.04907452389890017,0.5088183616370483,0.11670783716133315,632,regime_comparison_01,democracy
full3,court_independence_lag1,0.6434800028800964,Expands Expression,3,0.5294894759181685,0.3691460866272797,0.6839688910020658,0.08312677602577946,632,regime_comparison_01,democracy
full3,court_independence_lag1,0.7373600006103516,Mixed Outcome,2,0.28115657023846913,0.15034897250002902,0.46366488872085737,0.08178646543977452,632,regime_comparison_01,democracy
full3,court_independence_lag1,0.7373600006103516,Contracts Expression,1,0.18762689658079296,0.05334602377348047,0.4862848280057462,0.10970227042568295,632,regime_comparison_01,democracy
full3,court_independence_lag1,0.7373600006103516,Expands Expression,3,0.5312165331807382,0.3808142936972354,0.6761535917613205,0.07764684328411145,632,regime_comparison_01,democracy
full3,court_independence_lag1,0.8312399983406067,Mixed Outcome,2,0.2796008503619304,0.1560279489738046,0.4489780773032464,0.07621804677782329,632,regime_comparison_01,democracy
full3,court_independence_lag1,0.8312399983406067,Contracts Expression,1,0.18745741732041246,0.05795813757312183,0.46383713203069243,0.1027158680389027,632,regime_comparison_01,democracy
full3,court_independence_lag1,0.8312399983406067,Expands Expression,3,0.5329417323176578,0.3925971670914651,0.6682596711258879,0.07218234172402375,632,regime_comparison_01,democracy
full3,court_independence_lag1,0.9251199960708618,Mixed Outcome,2,0.2780495288382534,0.16185444856293363,0.43442483981450924,0.0707037822864813,632,regime_comparison_01,democracy
full3,court_independence_lag1,0.9251199960708618,Contracts Expression,1,0.18728543690938776,0.06293204703819819,0.44157019382888163,0.0957504655032337,632,regime_comparison_01,democracy
full3,court_independence_lag1,0.9251199960708618,Expands Expression,3,0.5346650342523586,0.40447107226133966,0.6603009491387373,0.06673918247480713,632,regime_comparison_01,democracy
full3,court_independence_lag1,1.018999993801117,Mixed Outcome,2,0.2765026337708407,0.16782369248955653,0.42003669170491004,0.06524713494107166,632,regime_comparison_01,democracy
full3,court_independence_lag1,1.018999993801117,Contracts Expression,1,0.1871109660939469,0.06828884329425204,0.41957724235010735,0.0888084047979495,632,regime_comparison_01,democracy
full3,court_independence_lag1,1.018999993801117,Expands Expression,3,0.5363864001352124,0.4164077719088752,0.6522953867752169,0.061325251058709444,632,regime_comparison_01,democracy
full3,court_independence_lag1,1.112879991531372,Mixed Outcome,2,0.2749601928975332,0.1739284508156473,0.40584640875419836,0.05985268942932737,632,regime_comparison_01,democracy
full3,court_independence_lag1,1.112879991531372,Contracts Expression,1,0.1869340157559184,0.07404900672687872,0.3979488433240736,0.08189274404723217,632,regime_comparison_01,democracy
full3,court_independence_lag1,1.112879991531372,Expands Expression,3,0.538105791346548,0.42837266775572397,0.644266894284709,0.05595133043020961,632,regime_comparison_01,democracy
full3,court_independence_lag1,1.2067599892616272,Mixed Outcome,2,0.27342223358912643,0.18015801711729842,0.3918888859273123,0.05452666636904011,632,regime_comparison_01,democracy
full3,court_independence_lag1,1.2067599892616272,Contracts Expression,1,0.18675459691123455,0.08023163551301,0.37677228439721544,0.07500757939125885,632,regime_comparison_01,democracy
full3,court_independence_lag1,1.2067599892616272,Expands Expression,3,0.5398231694996376,0.4403219751402565,0.6362482126169111,0.05063257291679529,632,regime_comparison_01,democracy
full3,court_independence_lag1,1.3006399869918823,Mixed Outcome,2,0.2718887828479539,0.18649659184004536,0.3782026033832169,0.04927773840012249,632,regime_comparison_01,democracy
full3,court_independence_lag1,1.3006399869918823,Contracts Expression,1,0.18657272070841635,0.0868532702596174,0.3561315031280407,0.06815855502361047,632,regime_comparison_01,democracy
full3,court_independence_lag1,1.3006399869918823,Expands Expression,3,0.5415384964436297,0.4521980488931618,0.6282856490632704,0.04539092031314685,632,regime_comparison_01,democracy
full3,court_independence_lag1,1.3945199847221375,Mixed Outcome,2,0.27035986730652356,0.19292064107543946,0.3648321344265985,0.04411836937425912,632,regime_comparison_01,democracy
full3,court_independence_lag1,1.3945199847221375,Contracts Expression,1,0.18638839842704938,0.09392603678806774,0.3361078595472463,0.0613537013867713,632,regime_comparison_01,democracy
full3,court_independence_lag1,1.3945199847221375,Expands Expression,3,0.5432517342664276,0.4639214170296198,0.6204471100492477,0.04025920971726686,632,regime_comparison_01,democracy
full3,court_independence_lag1,1.4883999824523926,Mixed Outcome,2,0.26883551322622984,0.19939441238323205,0.35183251492322937,0.03906709446301458,632,regime_comparison_01,democracy
full3,court_independence_lag1,1.4883999824523926,Contracts Expression,1,0.18620164147624277,0.1014545736328312,0.31678230031020377,0.054604871958074515,632,regime_comparison_01,democracy
full3,court_independence_lag1,1.4883999824523926,Expands Expression,3,0.5449628452975268,0.47537682309217477,0.6128361296152525,0.03528834481533974,632,regime_comparison_01,democracy
full3,court_independence_lag1,1.5822799801826477,Mixed Outcome,2,0.26731574649611417,0.20586200539102073,0.3392770772001277,0.034152559185675335,632,regime_comparison_01,democracy
full3,court_independence_lag1,1.5822799801826477,Contracts Expression,1,0.18601246139307465,0.10943066090330206,0.2982400012931293,0.04793032975959961,632,regime_comparison_01,democracy
full3,court_independence_lag1,1.5822799801826477,Expands Expression,3,0.546671792110811,0.48638833243169116,0.6056168375765845,0.030560061446722506,632,regime_comparison_01,democracy
full3,court_independence_lag1,1.6761599779129028,Mixed Outcome,2,0.2658005926316985,0.2122327699960346,0.3272719759746399,0.029420964935625838,632,regime_comparison_01,democracy
full3,court_independence_lag1,1.6761599779129028,Contracts Expression,1,0.18582086984102283,0.11782320929449146,0.28057982408571064,0.04135967656011738,632,regime_comparison_01,democracy
full3,court_independence_lag1,1.6761599779129028,Expands Expression,3,0.5483785375272799,0.49667546264732515,0.599057906336022,0.02620940370368276,632,regime_comparison_01,democracy
full3,court_independence_lag1,1.770039975643158,Mixed Outcome,2,0.2642900767738743,0.2183535152455706,0.3159839232368537,0.024950248365321767,632,regime_comparison_01,democracy
full3,court_independence_lag1,1.770039975643158,Contracts Expression,1,0.1856268786083864,0.12655820107522808,0.2639339810027808,0.03494388219877408,632,regime_comparison_01,democracy
full3,court_independence_lag1,1.770039975643158,Expands Expression,3,0.550083044617739,0.5057831431231936,0.5936026705356146,0.022460615654927584,632,regime_comparison_01,democracy
full3,court_independence_lag1,1.863919973373413,Mixed Outcome,2,0.2627842236878572,0.22395539028373485,0.30569327035926397,0.020877193671080603,632,regime_comparison_01,democracy
full3,court_independence_lag1,1.863919973373413,Contracts Expression,1,0.18543049960669084,0.13547525790405845,0.24851121437658144,0.028777208968132368,632,regime_comparison_01,democracy
full3,court_independence_lag1,1.863919973373413,Expands Expression,3,0.5517852767054514,0.513008253124354,0.5899426691544183,0.019664917254682997,632,regime_comparison_01,democracy
full3,court_independence_lag1,1.9577999711036682,Mixed Outcome,2,0.261283057762204,0.2285611368771467,0.2968867372775977,0.017444788837749293,632,regime_comparison_01,democracy
full3,court_independence_lag1,1.9577999711036682,Contracts Expression,1,0.18523174486908117,0.14422681105223514,0.23469749154270297,0.023048379668580418,632,regime_comparison_01,democracy
full3,court_independence_lag1,1.9577999711036682,Expands Expression,3,0.5534851973687145,0.517462198044107,0.5889551494916143,0.018269133008426888,632,regime_comparison_01,democracy
full3,court_independence_lag1,2.0516799688339233,Mixed Outcome,2,0.2597866030078863,0.23138452194090972,0.29035797941513986,0.015053631867639621,632,regime_comparison_01,democracy
full3,court_independence_lag1,2.0516799688339233,Contracts Expression,1,0.1850306265487053,0.15204186328546193,0.22329220192667185,0.018160751671921924,632,regime_comparison_01,democracy
full3,court_independence_lag1,2.0516799688339233,Expands Expression,3,0.5551827704434077,0.5185057229296541,0.5912683329203181,0.018594679286198235,632,regime_comparison_01,democracy
full3,court_independence_lag1,2.1455599665641785,Mixed Outcome,2,0.258294883057433,0.23146567215913408,0.28707226913115946,0.014193089876656635,632,regime_comparison_01,democracy
full3,court_independence_lag1,2.1455599665641785,Contracts Expression,1,0.1848271569170852,0.1573106523364044,0.21592352280477334,0.01494364283487153,632,regime_comparison_01,democracy
full3,court_independence_lag1,2.1455599665641785,Expands Expression,3,0.5568779600254817,0.516288946481099,0.5967214582292081,0.02056269814561847,632,regime_comparison_01,democracy
full3,court_independence_lag1,2.2394399642944336,Mixed Outcome,2,0.2568079211641293,0.22837130763370786,0.28746629346294245,0.015084310048513443,632,regime_comparison_01,democracy
full3,court_independence_lag1,2.2394399642944336,Contracts Expression,1,0.18462134836247365,0.1578202961712024,0.21481285279824225,0.014530918370769958,632,regime_comparison_01,democracy
full3,court_independence_lag1,2.2394399642944336,Expands Expression,3,0.5585707304733959,0.5116007667417511,0.6045154503658464,0.023770747076250404,632,regime_comparison_01,democracy
full3,court_independence_lag1,2.3333199620246887,Mixed Outcome,2,0.2553257402012834,0.2226958502625536,0.29094709103823013,0.017424598450106354,632,regime_comparison_01,democracy
full3,court_independence_lag1,2.3333199620246887,Contracts Expression,1,0.18441321338820457,0.1532045129276254,0.22032520378161088,0.017109389043127005,632,regime_comparison_01,democracy
full3,court_independence_lag1,2.3333199620246887,Expands Expression,3,0.5602610464105119,0.5052765099916677,0.6138053421405085,0.027794250981642413,632,regime_comparison_01,democracy
full3,court_independence_lag1,2.427199959754944,Mixed Outcome,2,0.25384836266154215,0.21545146905325327,0.29650206444954613,0.020698282146939972,632,regime_comparison_01,democracy
full3,court_independence_lag1,2.427199959754944,Contracts Expression,1,0.18420276461103302,0.14552659803866075,0.23038635762161472,0.021621010863240704,632,regime_comparison_01,democracy
full3,court_independence_lag1,2.427199959754944,Expands Expression,3,0.5619488727274237,0.4979126963260378,0.62398557453685,0.03233131716668661,632,regime_comparison_01,democracy
full3,court_independence_lag1,2.521079957485199,Mixed Outcome,2,0.25237581065628517,0.20741622718707137,0.3033509017339163,0.024508883172740834,632,regime_comparison_01,democracy
full3,court_independence_lag1,2.521079957485199,Contracts Expression,1,0.18399001475945875,0.13664924453700333,0.24311319664129818,0.027106368664097557,632,regime_comparison_01,democracy
full3,court_independence_lag1,2.521079957485199,Expands Expression,3,0.5636341745842559,0.4898808193597814,0.6346762773905908,0.03719529511813342,632,regime_comparison_01,democracy
full3,court_independence_lag1,2.614959955215454,Mixed Outcome,2,0.25090810591506324,0.19905140306545882,0.3110283331830251,0.028621081544163336,632,regime_comparison_01,democracy
full3,court_independence_lag1,2.614959955215454,Contracts Expression,1,0.18377497667204903,0.12751068846963554,0.2575377268068206,0.033075392302256625,632,regime_comparison_01,democracy
full3,court_independence_lag1,2.614959955215454,Expands Expression,3,0.5653169174128867,0.4814067775409444,0.6456438922454838,0.04227405312482738,632,regime_comparison_01,democracy
full3,court_independence_lag1,2.7088399529457092,Mixed Outcome,2,0.24944526978510942,0.19061408901800045,0.3192716182928784,0.032903197360046176,632,regime_comparison_01,democracy
full3,court_independence_lag1,2.7088399529457092,Contracts Expression,1,0.18355766329574577,0.11853160061666701,0.2732003789981805,0.03930048992369401,632,regime_comparison_01,democracy
full3,court_independence_lag1,2.7088399529457092,Expands Expression,3,0.5669970669191444,0.47263119536520887,0.6567408984886585,0.04749910788353121,632,regime_comparison_01,democracy
full3,court_independence_lag1,2.8027199506759644,Mixed Outcome,2,0.2479873232309041,0.18224925058822275,0.3279285784825818,0.03728022193363496,632,regime_comparison_01,democracy
full3,court_independence_lag1,2.8027199506759644,Contracts Expression,1,0.1833380876841663,0.10990272770270353,0.28986259650804974,0.04567022842448812,632,regime_comparison_01,democracy
full3,court_independence_lag1,2.8027199506759644,Expands Expression,3,0.5686745890849314,0.463645302080428,0.6678699746833027,0.05282726975256254,632,regime_comparison_01,democracy
full3,court_independence_lag1,2.8965999484062195,Mixed Outcome,2,0.24653428683380188,0.17404111251836465,0.33690630808698596,0.04170762832664184,632,regime_comparison_01,democracy
full3,court_independence_lag1,2.8965999484062195,Contracts Expression,1,0.18311626299589456,0.10171057951053071,0.30738142722673856,0.05212553712347855,632,regime_comparison_01,democracy
full3,court_independence_lag1,2.8965999484062195,Expands Expression,3,0.5703494501703035,0.454511116867859,0.6789638457388878,0.05823031455689008,632,regime_comparison_01,democracy
full3,court_independence_lag1,2.9904799461364746,Mixed Outcome,2,0.2450861807917204,0.16603989018982135,0.3461445435877483,0.04615777167705656,632,regime_comparison_01,democracy
full3,court_independence_lag1,2.9904799461364746,Contracts Expression,1,0.18289220249276666,0.09399091461305299,0.32565638466925767,0.05863269570323355,632,regime_comparison_01,democracy
full3,court_independence_lag1,2.9904799461364746,Expands Expression,3,0.5720216167155125,0.44527283869359047,0.6899739174766492,0.06368915170961088,632,regime_comparison_01,democracy
full3,court_independence_lag1,3.0843599438667297,Mixed Outcome,2,0.24364302491888515,0.15827585847034478,0.3556016979599353,0.050612754310329265,632,regime_comparison_01,democracy
full3,court_independence_lag1,3.0843599438667297,Contracts Expression,1,0.18266591953814437,0.08675298554602295,0.3446056341565909,0.06517120240926867,632,regime_comparison_01,democracy
full3,court_independence_lag1,3.0843599438667297,Expands Expression,3,0.5736910555429705,0.43596342493695334,0.7008637143601395,0.06919045126516477,632,regime_comparison_01,democracy
full3,court_independence_lag1,3.178239941596985,Mixed Outcome,2,0.24220483864563763,0.1507670353116063,0.36524728173136695,0.055060549982481236,632,regime_comparison_01,democracy
full3,court_independence_lag1,3.178239941596985,Contracts Expression,1,0.18243742759518597,0.07999142016480602,0.3641546429917157,0.0717279169934749,632,regime_comparison_01,democracy
full3,court_independence_lag1,3.178239941596985,Expands Expression,3,0.5753577337591771,0.4266085048771744,0.7116049743104973,0.07472463285028924,632,regime_comparison_01,democracy
full3,court_independence_lag1,3.27211993932724,Mixed Outcome,2,0.24077164101829887,0.14352356605982822,0.3750576238482377,0.059492811311228765,632,regime_comparison_01,democracy
full3,court_independence_lag1,3.27211993932724,Contracts Expression,1,0.18220674022510586,0.07369249268429173,0.38423055339657197,0.0782940354418847,632,regime_comparison_01,democracy
full3,court_independence_lag1,3.27211993932724,Expands Expression,3,0.5770216187565949,0.4172287785341807,0.7221752502306844,0.08028462849773112,632,regime_comparison_01,democracy
full3,court_independence_lag1,3.365999937057495,Mixed Outcome,2,0.23934345069909504,0.13655033826892649,0.3850133617265631,0.06390357903882424,632,regime_comparison_01,democracy
full3,court_independence_lag1,3.365999937057495,Contracts Expression,1,0.18197387108543317,0.0678376589104917,0.4047594110679585,0.0848634321579536,632,regime_comparison_01,democracy
full3,court_independence_lag1,3.365999937057495,Expands Expression,3,0.5786826782154717,0.40784152892801045,0.732556390407449,0.08586509847534393,632,regime_comparison_01,democracy
full3,v2jupurge_lag1,-1.25600004196167,Mixed Outcome,2,0.2599419519359262,0.05821306249241063,0.6662179719065616,0.17052719231977126,632,regime_comparison_01,democracy
full3,v2jupurge_lag1,-1.25600004196167,Contracts Expression,1,0.056299263206801016,0.006832808338804634,0.34094359958629805,0.05855309065675752,632,regime_comparison_01,democracy
full3,v2jupurge_lag1,-1.25600004196167,Expands Expression,3,0.683758784857274,0.31661208531915774,0.9098319874373956,0.1699537885266035,632,regime_comparison_01,democracy
full3,v2jupurge_lag1,-1.1715400409698487,Mixed Outcome,2,0.2604554446924935,0.0607837680994369,0.6571270720631358,0.16649221136968956,632,regime_comparison_01,democracy
full3,v2jupurge_lag1,-1.1715400409698487,Contracts Expression,1,0.058264083280905786,0.007514988459184345,0.33577811491933773,0.05880575305101213,632,regime_comparison_01,democracy
full3,v2jupurge_lag1,-1.1715400409698487,Expands Expression,3,0.6812804720265996,0.32338447924584174,0.905302916894907,0.16594961571219236,632,regime_comparison_01,democracy
full3,v2jupurge_lag1,-1.0870800399780274,Mixed Outcome,2,0.26094835609080846,0.0634524294423021,0.6478995733137077,0.1624398962733525,632,regime_comparison_01,democracy
full3,v2jupurge_lag1,-1.0870800399780274,Contracts Expression,1,0.06029166586348786,0.008264131892178065,0.33065608054002804,0.05900360763172699,632,regime_comparison_01,democracy
full3,v2jupurge_lag1,-1.0870800399780274,Expands Expression,3,0.6787599780457035,0.3301572468688478,0.9005751859260213,0.16192943028462878,632,regime_comparison_01,democracy
full3,v2jupurge_lag1,-1.002620038986206,Mixed Outcome,2,0.2614199736812411,0.06622157366418258,0.63853941068875,0.158370678455246,632,regime_comparison_01,democracy
full3,v2jupurge_lag1,-1.002620038986206,Contracts Expression,1,0.06238363662422176,0.009086605729113564,0.3255788658032303,0.05914321586411392,632,regime_comparison_01,democracy
full3,v2jupurge_lag1,-1.002620038986206,Expands Expression,3,0.6761963896945373,0.33692451918231703,0.895642854377384,0.15789349467291627,632,regime_comparison_01,democracy
full3,v2jupurge_lag1,-0.9181600379943848,Mixed Outcome,2,0.26186957257934806,0.06909370526363669,0.6290508353748135,0.15428499770617243,632,regime_comparison_01,democracy
full3,v2jupurge_lag1,-0.9181600379943848,Contracts Expression,1,0.06454163875024137,0.009989344594033406,0.32054781845510816,0.05922104679671944,632,regime_comparison_01,democracy
full3,v2jupurge_lag1,-0.9181600379943848,Expands Expression,3,0.6735887886704095,0.343680485123364,0.8905000462907825,0.15384205708226234,632,regime_comparison_01,democracy
full3,v2jupurge_lag1,-0.8337000370025636,Mixed Outcome,2,0.2622964158564281,0.07207129916143015,0.6194384120641372,0.15018330183128378,632,regime_comparison_01,democracy
full3,v2jupurge_lag1,-0.8337000370025636,Contracts Expression,1,0.06676733141893926,0.010979894021651693,0.31556426604664733,0.05923348117997235,632,regime_comparison_01,democracy
full3,v2jupurge_lag1,-0.8337000370025636,Expands Expression,3,0.670936252724632,0.35041941402355836,0.8851409742725752,0.14977535098173675,632,regime_comparison_01,democracy
full3,v2jupurge_lag1,-0.7492400360107422,Mixed Outcome,2,0.2626997549806295,0.07515679354137288,0.609707015064639,0.1460660463199617,632,regime_comparison_01,democracy
full3,v2jupurge_lag1,-0.7492400360107422,Contracts Expression,1,0.06906238813987968,0.012066455683375964,0.310629517989533,0.059176816417898404,632,regime_comparison_01,democracy
full3,v2jupurge_lag1,-0.7492400360107422,Expands Expression,3,0.6682378568794898,0.357135676835894,0.879559965632096,0.1456935949865734,632,regime_comparison_01,democracy
full3,v2jupurge_lag1,-0.6647800350189209,Mixed Outcome,2,0.2630788303107169,0.07835258248332329,0.5998618232028635,0.141933694055471,632,regime_comparison_01,democracy
full3,v2jupurge_lag1,-0.6647800350189209,Contracts Expression,1,0.07142849496177285,0.013257934190751663,0.30574486839434173,0.059047272451576975,632,regime_comparison_01,democracy
full3,v2jupurge_lag1,-0.6647800350189209,Expands Expression,3,0.6654926747275096,0.36382376575850145,0.8737514904307494,0.1415969932452504,632,regime_comparison_01,democracy
full3,v2jupurge_lag1,-0.5803200340270996,Mixed Outcome,2,0.26343287164459855,0.08166100840361444,0.589908313573599,0.13778671508667736,632,regime_comparison_01,democracy
full3,v2jupurge_lag1,-0.5803200340270996,Contracts Expression,1,0.07386734854068348,0.014563985095114083,0.3009115998680864,0.058840998691209276,632,regime_comparison_01,democracy
full3,v2jupurge_lag1,-0.5803200340270996,Expands Expression,3,0.6626997798147182,0.37047831184117264,0.8677101916281548,0.13748573646541368,632,regime_comparison_01,democracy
full3,v2jupurge_lag1,-0.49586003303527837,Mixed Outcome,2,0.2637610988245862,0.0850843543126803,0.5798522542136043,0.13362558648969464,632,regime_comparison_01,democracy
full3,v2jupurge_lag1,-0.49586003303527837,Contracts Expression,1,0.07638065406592172,0.015995063564585448,0.29613098849558817,0.05855408213746282,632,regime_comparison_01,democracy
full3,v2jupurge_lag1,-0.49586003303527837,Expands Expression,3,0.6598582471094921,0.37709410011453676,0.8614309175715542,0.13336000374358709,632,regime_comparison_01,democracy
full3,v2jupurge_lag1,-0.4114000320434571,Mixed Outcome,2,0.2640627224013411,0.08862483589102418,0.5696996958034488,0.12945079235433216,632,regime_comparison_01,democracy
full3,v2jupurge_lag1,-0.4114000320434571,Contracts Expression,1,0.07897012304037335,0.017562473048245812,0.29140431029417146,0.058182556864640265,632,regime_comparison_01,democracy
full3,v2jupurge_lag1,-0.4114000320434571,Expands Expression,3,0.6569671545582865,0.3836660817227482,0.8549087571523729,0.12921996540210487,632,regime_comparison_01,democracy
full3,v2jupurge_lag1,-0.3269400310516358,Mixed Outcome,2,0.26433694435830296,0.09228459337172039,0.559456962531221,0.12526282393905086,632,regime_comparison_01,democracy
full3,v2jupurge_lag1,-0.3269400310516358,Contracts Expression,1,0.08163747091237922,0.019278413024216148,0.28673284951674016,0.05772241508078239,632,regime_comparison_01,democracy
full3,v2jupurge_lag1,-0.3269400310516358,Expands Expression,3,0.6540255847293184,0.3901893824607889,0.8481390780561829,0.1250657870868054,632,regime_comparison_01,democracy
full3,v2jupurge_lag1,-0.24248003005981444,Mixed Outcome,2,0.264582958898317,0.096065683199088,0.5491306422859686,0.12106218004948073,632,regime_comparison_01,democracy
full3,v2jupurge_lag1,-0.24248003005981444,Contracts Expression,1,0.0843844145566733,0.02115602466264745,0.28211790929378644,0.05716962003747336,632,regime_comparison_01,democracy
full3,v2jupurge_lag1,-0.24248003005981444,Expands Expression,3,0.6510326265450097,0.3966593070095631,0.8411175686666613,0.12089763544429635,632,regime_comparison_01,democracy
full3,v2jupurge_lag1,-0.15802002906799317,Mixed Outcome,2,0.26479995329402745,0.0999700694067641,0.538727576389297,0.11684936771059314,632,regime_comparison_01,democracy
full3,v2jupurge_lag1,-0.15802002906799317,Contracts Expression,1,0.08721266960232249,0.023209432901290697,0.2775608252656589,0.05652012114172252,632,regime_comparison_01,democracy
full3,v2jupurge_lag1,-0.15802002906799317,Expands Expression,3,0.6479873771036502,0.403071338014705,0.8338402843610876,0.11671568578354809,632,regime_comparison_01,democracy
full3,v2jupurge_lag1,-0.0735600280761719,Mixed Outcome,2,0.2649871088034388,0.10399961462206692,0.5282548491210578,0.11262490322193408,632,regime_comparison_01,democracy
full3,v2jupurge_lag1,-0.0735600280761719,Contracts Expression,1,0.09012394760611583,0.025453783010780235,0.27306298307433213,0.055769871731955294,632,regime_comparison_01,democracy
full3,v2jupurge_lag1,-0.0735600280761719,Expands Expression,3,0.6448889435904449,0.4094211289519346,0.8263036991701701,0.1125201322414443,632,regime_comparison_01,democracy
full3,v2jupurge_lag1,0.01089997291564937,Mixed Outcome,2,0.26514360165189543,0.10815607055267015,0.5177197773554328,0.10838931371179332,632,regime_comparison_01,democracy
full3,v2jupurge_lag1,0.01089997291564937,Contracts Expression,1,0.09311995307036448,0.027905269189939026,0.2686258408921274,0.05491485013461093,632,regime_comparison_01,democracy
full3,v2jupurge_lag1,0.01089997291564937,Expands Expression,3,0.6417364452777392,0.4157044894397738,0.8185047640905603,0.10831120112726884,632,regime_comparison_01,democracy
full3,v2jupurge_lag1,0.09535997390747064,Mixed Outcome,2,0.2652686040815135,0.11244106774161139,0.5071299006992326,0.104143139341436,632,regime_comparison_01,democracy
full3,v2jupurge_lag1,0.09535997390747064,Contracts Expression,1,0.09620238030467666,0.030581152037128176,0.2642509586001966,0.05395108483711066,632,regime_comparison_01,democracy
full3,v2jupurge_lag1,0.09535997390747064,Expands Expression,3,0.6385290156138101,0.4219173612664198,0.810440973766403,0.10408916833362467,632,regime_comparison_01,democracy
full3,v2jupurge_lag1,0.1798199748992919,Mixed Outcome,2,0.2653612854688993,0.11685610427878258,0.496492972624976,0.09988693635953523,632,regime_comparison_01,democracy
full3,v2jupurge_lag1,0.1798199748992919,Contracts Expression,1,0.09937291013188763,0.03349976083009643,0.2599400358539513,0.052874684928422115,632,regime_comparison_01,democracy
full3,v2jupurge_lag1,0.1798199748992919,Expands Expression,3,0.6352658043992135,0.42805578284245194,0.8021104438444818,0.09985438199586655,632,regime_comparison_01,democracy
full3,v2jupurge_lag1,0.2642799758911132,Mixed Outcome,2,0.26542081351174635,0.12140253302015866,0.48581695322666935,0.09562128127486885,632,regime_comparison_01,democracy
full3,v2jupurge_lag1,0.2642799758911132,Contracts Expression,1,0.10263320643901373,0.0366804753194175,0.25569496218226806,0.051681877418970165,632,regime_comparison_01,democracy
full3,v2jupurge_lag1,0.2642799758911132,Expands Expression,3,0.6319459800492405,0.4341158390022984,0.7935120021270152,0.09560729199562548,632,regime_comparison_01,democracy
full3,v2jupurge_lag1,0.34873997688293445,Mixed Outcome,2,0.2654463554846446,0.12608154667151655,0.47511000441571577,0.09134677651202973,632,regime_comparison_01,democracy
full3,v2jupurge_lag1,0.34873997688293445,Contracts Expression,1,0.1059849125748167,0.040143680051150515,0.2515178836138666,0.05036905373438647,632,regime_comparison_01,democracy
full3,v2jupurge_lag1,0.34873997688293445,Expands Expression,3,0.6285687319405379,0.4400935919452625,0.7846452978050126,0.091348488492295,632,regime_comparison_01,democracy
full3,v2jupurge_lag1,0.4331999778747557,Mixed Outcome,2,0.26543707956417834,0.1308941598144129,0.46438048864361714,0.08706405805366121,632,regime_comparison_01,democracy
full3,v2jupurge_lag1,0.4331999778747557,Contracts Expression,1,0.10942964759634775,0.04391068184571974,0.24741129234756984,0.04893282870564558,632,regime_comparison_01,democracy
full3,v2jupurge_lag1,0.4331999778747557,Expands Expression,3,0.6251332728394754,0.4459849874645212,0.7755109347187882,0.08707875251461084,632,regime_comparison_01,democracy
full3,v2jupurge_lag1,0.517659978866577,Mixed Outcome,2,0.26539215622305995,0.13584118654448546,0.45363697263239616,0.08277380577650878,632,regime_comparison_01,democracy
full3,v2jupurge_lag1,0.517659978866577,Contracts Expression,1,0.11296900236764768,0.048003577581483436,0.24337814908483815,0.04737011695534768,632,regime_comparison_01,democracy
full3,v2jupurge_lag1,0.517659978866577,Expands Expression,3,0.6216388414092927,0.4517857281984143,0.7661106370198542,0.08279912288607857,632,regime_comparison_01,democracy
full3,v2jupurge_lag1,0.6021199798583983,Mixed Outcome,2,0.2653107596927669,0.14092321178747488,0.4428882381799465,0.07847675749179531,632,regime_comparison_01,democracy
full3,v2jupurge_lag1,0.6021199798583983,Contracts Expression,1,0.11660453551465283,0.05244505420757835,0.23942205248830467,0.04567823404618821,632,regime_comparison_01,democracy
full3,v2jupurge_lag1,0.6021199798583983,Expands Expression,3,0.6180847047925795,0.45749110204588084,0.7564474592060627,0.07851098560088811,632,regime_comparison_01,democracy
full3,v2jupurge_lag1,0.6865799808502195,Mixed Outcome,2,0.26519206949378243,0.14614055344235266,0.432143303001417,0.07417372816183128,632,regime_comparison_01,democracy
full3,v2jupurge_lag1,0.6865799808502195,Contracts Expression,1,0.12033776924125313,0.057258094813117895,0.23554747796258296,0.04385503369638839,632,regime_comparison_01,democracy
full3,v2jupurge_lag1,0.6865799808502195,Expands Expression,3,0.6144701612649642,0.4630957484546114,0.7465260579281068,0.07421619454935836,632,regime_comparison_01,democracy
full3,v2jupurge_lag1,0.771039981842041,Mixed Outcome,2,0.26503527203221267,0.15149321108449315,0.4214114559579913,0.06986563648070486,632,regime_comparison_01,democracy
full3,v2jupurge_lag1,0.771039981842041,Contracts Expression,1,0.12417018501239657,0.062465551617698234,0.2317601205875907,0.041899098804605094,632,regime_comparison_01,democracy
full3,v2jupurge_lag1,0.771039981842041,Expands Expression,3,0.6107945429553918,0.46859333695472966,0.7363530512832804,0.06991723675693211,632,regime_comparison_01,democracy
full3,v2jupurge_lag1,0.8554999828338623,Mixed Outcome,2,0.26483956226116173,0.15698079471961596,0.41070231323662515,0.0655535421434214,632,regime_comparison_01,democracy
full3,v2jupurge_lag1,0.8554999828338623,Contracts Expression,1,0.1281032191111107,0.06808952531993871,0.22806739819688357,0.039810014813740545,632,regime_comparison_01,democracy
full3,v2jupurge_lag1,0.8554999828338623,Expands Expression,3,0.6070572186277275,0.4739761192934003,0.7259375042963362,0.06561746195750338,632,regime_comparison_01,democracy
full3,v2jupurge_lag1,0.9399599838256836,Mixed Outcome,2,0.26460414540487137,0.16260242343736658,0.4000259056532987,0.06123869897805591,632,regime_comparison_01,democracy
full3,v2jupurge_lag1,0.9399599838256836,Contracts Expression,1,0.13213825807733215,0.07415045365547866,0.22447920700450222,0.03758877250755126,632,regime_comparison_01,democracy
full3,v2jupurge_lag1,0.9399599838256836,Expands Expression,3,0.6032575965177969,0.4792342958600611,0.7152915999054578,0.0613214068876061,632,regime_comparison_01,democracy
full3,v2jupurge_lag1,1.0244199848175048,Mixed Outcome,2,0.26432823874321204,0.1683565777300101,0.3893928133001257,0.05692263221097762,632,regime_comparison_01,democracy
full3,v2jupurge_lag1,1.0244199848175048,Contracts Expression,1,0.13627663403746518,0.08066574748768149,0.2210090866773374,0.03523838021857018,632,regime_comparison_01,democracy
full3,v2jupurge_lag1,1.0244199848175048,Expands Expression,3,0.5993951272193209,0.4843551037042216,0.7044315880949297,0.057035261757289346,632,regime_comparison_01,democracy
full3,v2jupurge_lag1,1.1088799858093261,Mixed Outcome,2,0.26401107345372515,0.17424087875858682,0.37881437420218494,0.05260725347540235,632,regime_comparison_01,democracy
full3,v2jupurge_lag1,1.1088799858093261,Contracts Expression,1,0.14051961993466347,0.08764769521914406,0.21767606942228673,0.032764825433411096,632,regime_comparison_01,democracy
full3,v2jupurge_lag1,1.1088799858093261,Expands Expression,3,0.5954693066116101,0.48932147863099185,0.6933791605527186,0.05276755438014819,632,regime_comparison_01,democracy
full3,v2jupurge_lag1,1.1933399868011474,Mixed Outcome,2,0.2636518965079565,0.18025174914434186,0.36830301231641377,0.04829503670896139,632,regime_comparison_01,democracy
full3,v2jupurge_lag1,1.1933399868011474,Contracts Expression,1,0.14486842467091324,0.09510013543975591,0.21450770890270113,0.03017863860817854,632,regime_comparison_01,democracy
full3,v2jupurge_lag1,1.1933399868011474,Expands Expression,3,0.5914796788211307,0.49411005263727126,0.682163489356978,0.04853017409171482,632,regime_comparison_01,democracy
full3,v2jupurge_lag1,1.2777999877929687,Mixed Outcome,2,0.26324997261839567,0.18638387516943655,0.3578727648594612,0.04398929578024302,632,regime_comparison_01,democracy
full3,v2jupurge_lag1,1.2777999877929687,Contracts Expression,1,0.1493241881730824,0.10301297120019808,0.21154521197489495,0.027497529855711467,632,regime_comparison_01,democracy
full3,v2jupurge_lag1,1.2777999877929687,Expands Expression,3,0.5874258392085207,0.49868809503963574,0.670824320996357,0.044339935795563355,632,regime_comparison_01,democracy
full3,v2jupurge_lag1,1.36225998878479,Mixed Outcome,2,0.2628045862318983,0.19262932302266172,0.34754015616256223,0.03969463899138893,632,regime_comparison_01,democracy
full3,v2jupurge_lag1,1.36225998878479,Contracts Expression,1,0.15388797639621982,0.11135276196493597,0.20885243455982092,0.02475099668396211,632,regime_comparison_01,democracy
full3,v2jupurge_lag1,1.36225998878479,Expands Expression,3,0.583307437371882,0.5030087508864878,0.6594167716625133,0.040221014825467936,632,regime_comparison_01,democracy
full3,v2jupurge_lag1,1.4467199897766112,Mixed Outcome,2,0.26231504356501123,0.19897602472185594,0.3373257022188814,0.035417745507016825,632,regime_comparison_01,democracy
full3,v2jupurge_lag1,1.4467199897766112,Contracts Expression,1,0.15856077627846799,0.12004600619955212,0.20653212743468014,0.021988629358145426,632,regime_comparison_01,democracy
full3,v2jupurge_lag1,1.4467199897766112,Expands Expression,3,0.5791241801565213,0.5070035209292416,0.6480188789354667,0.03620879287580628,632,regime_comparison_01,democracy
full3,v2jupurge_lag1,1.5311799907684325,Mixed Outcome,2,0.26178067467615473,0.20540505394719455,0.32725662545420714,0.031168759492089877,632,regime_comparison_01,democracy
full3,v2jupurge_lag1,1.5311799907684325,Contracts Expression,1,0.163343490663072,0.1289488777474158,0.20475566932892536,0.019295294460145017,632,regime_comparison_01,democracy
full3,v2jupurge_lag1,1.5311799907684325,Expands Expression,3,0.5748758346607736,0.510570341447293,0.6367435508205336,0.03235595568948483,632,regime_comparison_01,democracy
full3,v2jupurge_lag1,1.6156399917602537,Mixed Outcome,2,0.2612008355691889,0.21188543300395027,0.3173720382375693,0.026963944235734304,632,regime_comparison_01,democracy
full3,v2jupurge_lag1,1.6156399917602537,Contracts Expression,1,0.16823693320402272,0.1377941155071815,0.20381559059718027,0.016817939657325684,632,regime_comparison_01,democracy
full3,v2jupurge_lag1,1.6156399917602537,Expands Expression,3,0.5705622312267874,0.513555080411137,0.6257570947600407,0.028741962618019545,632,regime_comparison_01,democracy
full3,v2jupurge_lag1,1.700099992752075,Mixed Outcome,2,0.26057491032242763,0.21836353709713538,0.30773352866167125,0.022831093313305243,632,regime_comparison_01,democracy
full3,v2jupurge_lag1,1.700099992752075,Contracts Expression,1,0.17324182327292953,0.14611340314495475,0.20420255621201966,0.014804865202397759,632,regime_comparison_01,democracy
full3,v2jupurge_lag1,1.700099992752075,Expands Expression,3,0.5661832664046426,0.5157250111431947,0.6153057644260308,0.025486634215042138,632,regime_comparison_01,democracy
full3,v2jupurge_lag1,1.7845599937438963,Mixed Outcome,2,0.25990231323671137,0.22473972331668335,0.2984485208887772,0.018821461013580783,632,regime_comparison_01,democracy
full3,v2jupurge_lag1,1.7845599937438963,Contracts Expression,1,0.17835878088575444,0.15319584872748498,0.20664620677444095,0.013626542447949516,632,regime_comparison_01,democracy
full3,v2jupurge_lag1,1.7845599937438963,Expands Expression,3,0.5617389058775334,0.5167392054571817,0.6057453811454389,0.022765359389801853,632,regime_comparison_01,democracy
full3,v2jupurge_lag1,1.8690199947357176,Mixed Outcome,2,0.259182490995747,0.23081245199161826,0.2897261420875859,0.015038281848908807,632,regime_comparison_01,democracy
full3,v2jupurge_lag1,1.8690199947357176,Contracts Expression,1,0.18358832166898267,0.15828807378995183,0.21191436005109826,0.013673183310843459,632,regime_comparison_01,democracy
full3,v2jupurge_lag1,1.8690199947357176,Expands Expression,3,0.5572291873352697,0.516142178937966,0.5975476960115569,0.02081252441944655,632,regime_comparison_01,democracy
full3,v2jupurge_lag1,1.9534799957275388,Mixed Outcome,2,0.25841492483147716,0.2361382212496879,0.2820172748062611,0.01170825422094684,632,regime_comparison_01,democracy
full3,v2jupurge_lag1,1.9534799957275388,Contracts Expression,1,0.188930851885753,0.16110183518715568,0.22030466536503274,0.015095617786532428,632,regime_comparison_01,democracy
full3,v2jupurge_lag1,1.9534799957275388,Expands Expression,3,0.5526542232827704,0.5134427694898689,0.5912215101767246,0.01988157693136379,632,regime_comparison_01,democracy
full3,v2jupurge_lag1,2.03793999671936,Mixed Outcome,2,0.25759913268684703,0.23973009639332643,0.27631601285892854,0.009335415764763271,632,regime_comparison_01,democracy
full3,v2jupurge_lag1,2.03793999671936,Contracts Expression,1,0.1943866635433131,0.16200563777008112,0.23145227215484218,0.017707815985436998,632,regime_comparison_01,democracy
full3,v2jupurge_lag1,2.03793999671936,Expands Expression,3,0.5480142037698394,0.5083196474784176,0.5871071535635468,0.020140571241118354,632,regime_comparison_01,democracy
full3,v2jupurge_lag1,2.1223999977111814,Mixed Outcome,2,0.25673467136797384,0.23997633179705646,0.27424102272417866,0.008742857874545295,632,regime_comparison_01,democracy
full3,v2jupurge_lag1,2.1223999977111814,Contracts Expression,1,0.19995592960395991,0.16161121594706435,0.24474265747666,0.02119840072967298,632,regime_comparison_01,democracy
full3,v2jupurge_lag1,2.1223999977111814,Expands Expression,3,0.5433093990280665,0.500820192851199,0.5851775851509439,0.02157101105728251,632,regime_comparison_01,democracy
full3,v2jupurge_lag1,2.2068599987030026,Mixed Outcome,2,0.2558211386773434,0.23625803576850185,0.2764178597428469,0.010247749626349653,632,regime_comparison_01,democracy
full3,v2jupurge_lag1,2.2068599987030026,Contracts Expression,1,0.20563869932230733,0.1604128091290828,0.2596717132814068,0.025315112768441228,632,regime_comparison_01,democracy
full3,v2jupurge_lag1,2.2068599987030026,Expands Expression,3,0.5385401620003494,0.49132461686757495,0.5850742357742613,0.02398617070515293,632,regime_comparison_01,democracy
full3,v2jupurge_lag1,2.291319999694824,Mixed Outcome,2,0.25485817551936124,0.22995042863762574,0.2814776886149468,0.013150593927212146,632,regime_comparison_01,democracy
full3,v2jupurge_lag1,2.291319999694824,Contracts Expression,1,0.21143489373235197,0.15872659771676872,0.27590575483819146,0.029895920031908437,632,regime_comparison_01,democracy
full3,v2jupurge_lag1,2.291319999694824,Expands Expression,3,0.5337069307482878,0.4803243730236155,0.5863285475039705,0.027143887517135982,632,regime_comparison_01,democracy
full3,v2jupurge_lag1,2.375780000686645,Mixed Outcome,2,0.25384546796925606,0.222452379526529,0.28802772255291387,0.016740181718528646,632,regime_comparison_01,democracy
full3,v2jupurge_lag1,2.375780000686645,Contracts Expression,1,0.21734430130826982,0.1567422245651803,0.2932295544736534,0.03484281034737691,632,regime_comparison_01,democracy
full3,v2jupurge_lag1,2.375780000686645,Expands Expression,3,0.5288102307224742,0.4682503014775139,0.588533764089801,0.030833903391466255,632,regime_comparison_01,democracy
full3,v2jupurge_lag1,2.4602400016784665,Mixed Outcome,2,0.2527827492961286,0.21446401302391838,0.2953735897314332,0.020661817066120195,632,regime_comparison_01,democracy
full3,v2jupurge_lag1,2.4602400016784665,Contracts Expression,1,0.22336657382329497,0.15457378644797656,0.3114950448601294,0.040095798848609795,632,regime_comparison_01,democracy
full3,v2jupurge_lag1,2.4602400016784665,Expands Expression,3,0.5238506768805756,0.4554234941249453,0.5913939843175788,0.034902658766431484,632,regime_comparison_01,democracy
full3,v2jupurge_lag1,2.5447000026702877,Mixed Outcome,2,0.2516698019306703,0.20629901117872965,0.3032070015463616,0.024757842262141408,632,regime_comparison_01,democracy
full3,v2jupurge_lag1,2.5447000026702877,Contracts Expression,1,0.22950122243125504,0.15229179157440031,0.3305892225228152,0.04561662538267129,632,regime_comparison_01,democracy
full3,v2jupurge_lag1,2.5447000026702877,Expands Expression,3,0.518828975638073,0.4420703285892124,0.5947090292791871,0.0392454308116622,632,regime_comparison_01,democracy
full3,v2jupurge_lag1,2.629160003662109,Mixed Outcome,2,0.2505064593679543,0.1981081799712774,0.31138215352322185,0.028953522674226413,632,regime_comparison_01,democracy
full3,v2jupurge_lag1,2.629160003662109,Contracts Expression,1,0.2357476139954575,0.14994125429157776,0.3504161032908242,0.05137951713267974,632,regime_comparison_01,democracy
full3,v2jupurge_lag1,2.629160003662109,Expands Expression,3,0.5137459266365879,0.4283504883353115,0.5983463059425181,0.043791900160786185,632,regime_comparison_01,democracy
full3,v2jupurge_lag1,2.7136200046539303,Mixed Outcome,2,0.24929260799553982,0.18997178869482706,0.3198233505181785,0.03320990835931456,632,regime_comparison_01,democracy
full3,v2jupurge_lag1,2.7136200046539303,Contracts Expression,1,0.24210496768960915,0.1475518314524778,0.37088684234215513,0.05736600927933981,632,regime_comparison_01,democracy
full3,v2jupurge_lag1,2.7136200046539303,Expands Expression,3,0.5086024243148518,0.41437991997577,0.6022177159374216,0.0484943271805571,632,regime_comparison_01,democracy
full3,v2jupurge_lag1,2.798080005645752,Mixed Outcome,2,0.2480281888371069,0.18193685371473392,0.3284876849040601,0.03750479203285701,632,regime_comparison_01,democracy
full3,v2jupurge_lag1,2.798080005645752,Contracts Expression,1,0.24857235189523247,0.14514361431423298,0.391914414656515,0.06356198212013796,632,regime_comparison_01,democracy
full3,v2jupurge_lag1,2.798080005645752,Expands Expression,3,0.5033994592676599,0.40024640343034634,0.6062639343156766,0.05331950720604925,632,regime_comparison_01,democracy
full3,v2jupurge_lag1,2.882540006637573,Mixed Outcome,2,0.246713199201777,0.17403329029969883,0.33734884429255696,0.041824450752633434,632,regime_comparison_01,democracy
full3,v2jupurge_lag1,2.882540006637573,Contracts Expression,1,0.25514868141972735,0.1427305382894261,0.4134108943621417,0.06995591449341258,632,regime_comparison_01,democracy
full3,v2jupurge_lag1,2.882540006637573,Expands Expression,3,0.4981381193784961,0.38601946582040814,0.6104443282973273,0.05824361333709613,632,regime_comparison_01,democracy
full3,v2jupurge_lag1,2.9670000076293945,Mixed Outcome,2,0.24534769422936206,0.1662814972090863,0.34638948444264384,0.04615975946907189,632,regime_comparison_01,democracy
full3,v2jupurge_lag1,2.9670000076293945,Contracts Expression,1,0.26183271505866196,0.14032245563953777,0.435286278895496,0.0765378208397156,632,regime_comparison_01,democracy
full3,v2jupurge_lag1,2.9670000076293945,Expands Expression,3,0.49281959071197506,0.37175657908343845,0.614730577405524,0.06324893329718764,632,regime_comparison_01,democracy
full3,wdj_press_lag1,-0.8888888955116272,Mixed Outcome,2,0.4530782753658017,0.2778187444424861,0.6407971490496753,0.09698025399608755,632,regime_comparison_01,democracy
full3,wdj_press_lag1,-0.8888888955116272,Contracts Expression,1,0.07819250722758363,0.01799106199535376,0.2819924410413536,0.056360592152146394,632,regime_comparison_01,democracy
full3,wdj_press_lag1,-0.8888888955116272,Expands Expression,3,0.4687292174066147,0.316206629020876,0.627327027640884,0.08207886115469837,632,regime_comparison_01,democracy
full3,wdj_press_lag1,-0.8533333396911621,Mixed Outcome,2,0.44519639271583034,0.2769757891934359,0.626987637783146,0.09318166222997376,632,regime_comparison_01,democracy
full3,wdj_press_lag1,-0.8533333396911621,Contracts Expression,1,0.08118025160039709,0.019921374641030516,0.27747997516860073,0.05592152917160189,632,regime_comparison_01,democracy
full3,wdj_press_lag1,-0.8533333396911621,Expands Expression,3,0.4736233556837719,0.3263098049729748,0.6256766894159782,0.0787763176609188,632,regime_comparison_01,democracy
full3,wdj_press_lag1,-0.817777783870697,Mixed Outcome,2,0.43731535782421643,0.2761190931759191,0.6129347266877546,0.08935665171165191,632,regime_comparison_01,democracy
full3,wdj_press_lag1,-0.817777783870697,Contracts Expression,1,0.08425414845162504,0.02204442606237502,0.27301131593362893,0.0553680142055741,632,regime_comparison_01,democracy
full3,wdj_press_lag1,-0.817777783870697,Expands Expression,3,0.4784304937241584,0.33642504573440224,0.6240098546623486,0.07549008560851088,632,regime_comparison_01,democracy
full3,wdj_press_lag1,-0.7822222280502319,Mixed Outcome,2,0.4294387967713303,0.2752489517359171,0.5986563837452163,0.08551032014675172,632,regime_comparison_01,democracy
full3,wdj_press_lag1,-0.7822222280502319,Contracts Expression,1,0.0874151091773516,0.024377167304365118,0.26858829588728894,0.05469549416030609,632,regime_comparison_01,democracy
full3,wdj_press_lag1,-0.7822222280502319,Expands Expression,3,0.4831460940513186,0.34653285213527363,0.6223259072641792,0.0722244610818031,632,regime_comparison_01,democracy
full3,wdj_press_lag1,-0.7466666722297668,Mixed Outcome,2,0.4215703683637164,0.27436551769730183,0.5841722603981295,0.08164792450363172,632,regime_comparison_01,democracy
full3,wdj_press_lag1,-0.7466666722297668,Contracts Expression,1,0.09066397045951996,0.026937647495918277,0.2642128224577632,0.053899550231965736,632,regime_comparison_01,democracy
full3,wdj_press_lag1,-0.7466666722297668,Expands Expression,3,0.48776566117676345,0.35661375724592353,0.6206240170466713,0.06898351648652863,632,regime_comparison_01,democracy
full3,wdj_press_lag1,-0.7111111164093018,Mixed Outcome,2,0.4137137583627702,0.2734687572625795,0.5695036849537781,0.07777489290806293,632,regime_comparison_01,democracy
full3,wdj_press_lag1,-0.7111111164093018,Contracts Expression,1,0.09400149067905966,0.02974500822473123,0.25988690449458607,0.05297593157949996,632,regime_comparison_01,democracy
full3,wdj_press_lag1,-0.7111111164093018,Expands Expression,3,0.49228475095816987,0.36664845499886084,0.618903145947899,0.06577109153129221,632,regime_comparison_01,democracy
full3,wdj_press_lag1,-0.6755555605888367,Mixed Outcome,2,0.4058726734675522,0.27255839384873143,0.5546736512697508,0.0738968422681133,632,regime_comparison_01,democracy
full3,wdj_press_lag1,-0.6755555605888367,Contracts Expression,1,0.09742834650007888,0.032819456907775976,0.2556126880695542,0.051920593890671114,632,regime_comparison_01,democracy
full3,wdj_press_lag1,-0.6755555605888367,Expands Expression,3,0.49669898003236934,0.37661790401989503,0.6171620756562766,0.06259079677647145,632,regime_comparison_01,democracy
full3,wdj_press_lag1,-0.6400000047683716,Mixed Outcome,2,0.39805083506665134,0.27163383574253164,0.5397068066130289,0.07001960375083341,632,regime_comparison_01,democracy
full3,wdj_press_lag1,-0.6400000047683716,Contracts Expression,1,0.10094512964658728,0.03618221304647444,0.2513925049771761,0.050729744471024005,632,regime_comparison_01,democracy
full3,wdj_press_lag1,-0.6400000047683716,Expands Expression,3,0.5010040352867625,0.3865033943528424,0.6153994661504167,0.05944603472818833,632,regime_comparison_01,democracy
full3,wdj_press_lag1,-0.6044444489479065,Mixed Outcome,2,0.3902519727764137,0.2706940817718688,0.524629444559473,0.06614925909770521,632,regime_comparison_01,democracy
full3,wdj_press_lag1,-0.6044444489479065,Contracts Expression,1,0.10455234389240768,0.039855419436420035,0.24722893890657296,0.04939989626161643,632,regime_comparison_01,democracy
full3,wdj_press_lag1,-0.6044444489479065,Expands Expression,3,0.5051956833311784,0.39628656151994424,0.6136139579556505,0.05634004514766733,632,regime_comparison_01,democracy
full3,wdj_press_lag1,-0.5688888931274414,Mixed Outcome,2,0.3824798177852492,0.26973759670539416,0.5094695115953142,0.06229219203767152,632,regime_comparison_01,democracy
full3,wdj_press_lag1,-0.5688888931274414,Contracts Expression,1,0.108250402283933,0.04386200778752883,0.24312491659741906,0.0479279343826758,632,regime_comparison_01,democracy
full3,wdj_press_lag1,-0.5688888931274414,Expands Expression,3,0.5092697799308185,0.40594932790113514,0.6118043356288078,0.05327598360452728,632,regime_comparison_01,democracy
full3,wdj_press_lag1,-0.5333333373069763,Mixed Outcome,2,0.3747380960260497,0.2687621443774298,0.49425664012544224,0.058455160957377864,632,regime_comparison_01,democracy
full3,wdj_press_lag1,-0.5333333373069763,Contracts Expression,1,0.11203962461412705,0.0482255043142898,0.23908383494898933,0.0463112006640204,632,regime_comparison_01,democracy
full3,wdj_press_lag1,-0.5333333373069763,Expands Expression,3,0.5132222793598243,0.4154737451321768,0.6099697766031135,0.05025704563424635,632,regime_comparison_01,democracy
full3,wdj_press_lag1,-0.49777778148651125,Mixed Outcome,2,0.3670305212010374,0.26776456090572437,0.47902222655840987,0.05464540186595122,632,regime_comparison_01,democracy
full3,wdj_press_lag1,-0.49777778148651125,Contracts Expression,1,0.1159202351647337,0.052969754832507085,0.2351097408878429,0.04454760460020929,632,regime_comparison_01,democracy
full3,wdj_press_lag1,-0.49777778148651125,Expands Expression,3,0.5170492436342287,0.4248417022111763,0.6081102189632048,0.04728665362277608,632,regime_comparison_01,democracy
full3,wdj_press_lag1,-0.46222222566604615,Mixed Outcome,2,0.35936078768548635,0.2667404417074754,0.463799582135504,0.050870775117680414,632,regime_comparison_01,democracy
full3,wdj_press_lag1,-0.46222222566604615,Contracts Expression,1,0.11989236073200393,0.05811853924786304,0.2312075903396462,0.04263577403641651,632,regime_comparison_01,democracy
full3,wdj_press_lag1,-0.46222222566604615,Expands Expression,3,0.5207468515825083,0.43403445093670334,0.6062268952923331,0.04436873040905525,632,regime_comparison_01,democracy
full3,wdj_press_lag1,-0.42666666984558105,Mixed Outcome,2,0.35173256333877373,0.2656837025032778,0.44862419801096803,0.047139976259412526,632,regime_comparison_01,democracy
full3,wdj_press_lag1,-0.42666666984558105,Contracts Expression,1,0.12395602894941306,0.06369502930401265,0.22738362866482126,0.04057526706189347,632,regime_comparison_01,democracy
full3,wdj_press_lag1,-0.42666666984558105,Expands Expression,3,0.5243114077118138,0.4430318813358476,0.6043230992676222,0.04150809350563627,632,regime_comparison_01,democracy
full3,wdj_press_lag1,-0.391111114025116,Mixed Outcome,2,0.3441494822529796,0.2645859531256507,0.4335341877660902,0.04346284228377793,632,regime_comparison_01,democracy
full3,wdj_press_lag1,-0.391111114025116,Contracts Expression,1,0.12811116691887053,0.06972101593868148,0.22364596256886787,0.038366880695949616,632,regime_comparison_01,democracy
full3,wdj_press_lag1,-0.391111114025116,Expands Expression,3,0.5277393508281498,0.45181145249181304,0.6024052795421149,0.038711018004690255,632,regime_comparison_01,democracy
full3,wdj_press_lag1,-0.3555555582046509,Mixed Outcome,2,0.3366151374709103,0.26343558880241535,0.41857100495627453,0.0398508020037895,632,regime_comparison_01,democracy
full3,wdj_press_lag1,-0.3555555582046509,Contracts Expression,1,0.1323576001597777,0.07621578363816706,0.22000544276074493,0.03601311708280578,632,regime_comparison_01,democracy
full3,wdj_press_lag1,-0.3555555582046509,Expands Expression,3,0.5310272623693109,0.46034664622971466,0.6004845940431794,0.03598603589860376,632,regime_comparison_01,democracy
full3,wdj_press_lag1,-0.3200000023841858,Mixed Outcome,2,0.3291330737066795,0.26221644875971334,0.40378058834365305,0.036317547255179904,632,regime_comparison_01,democracy
full3,wdj_press_lag1,-0.3200000023841858,Contracts Expression,1,0.13669505188305534,0.08319441892508993,0.21647706739935296,0.03351891421241219,632,regime_comparison_01,democracy
full3,wdj_press_lag1,-0.3200000023841858,Expands Expression,3,0.5341718744102651,0.4686047619068345,0.5985791076746898,0.03334506499942502,632,regime_comparison_01,democracy
full3,wdj_press_lag1,-0.2844444465637207,Mixed Outcome,2,0.3217067801031038,0.2609058045419269,0.38921517509130005,0.03288004627754407,632,regime_comparison_01,democracy
full3,wdj_press_lag1,-0.2844444465637207,Contracts Expression,1,0.14112314259494627,0.09066516752603238,0.21308228971188722,0.030892836600836915,632,regime_comparison_01,democracy
full3,wdj_press_lag1,-0.2844444465637207,Expands Expression,3,0.5371700773019489,0.47654381720456424,0.5967168703896822,0.03080498828315754,632,regime_comparison_01,democracy
full3,wdj_press_lag1,-0.2488888907432556,Mixed Outcome,2,0.3143396830608998,0.25947130516237005,0.374936157595615,0.02956008969441315,632,regime_comparison_01,democracy
full3,wdj_press_lag1,-0.2488888907432556,Contracts Expression,1,0.14564139003300836,0.09862511240576707,0.20985295655502162,0.028149096504555896,632,regime_comparison_01,democracy
full3,wdj_press_lag1,-0.2488888907432556,Expands Expression,3,0.5400189269060914,0.48410829260409616,0.5949401404104968,0.028389818923572115,632,regime_comparison_01,democracy
full3,wdj_press_lag1,-0.2133333349227905,Mixed Outcome,2,0.30703513917511527,0.2578663147292507,0.3610185511541703,0.026386657279483385,632,regime_comparison_01,democracy
full3,wdj_press_lag1,-0.2133333349227905,Contracts Expression,1,0.15024920943431563,0.10705274237549903,0.20683830849691673,0.025311135194250187,632,regime_comparison_01,democracy
full3,wdj_press_lag1,-0.2133333349227905,Expands Expression,3,0.5427156513905701,0.49122354570878113,0.5933109294327124,0.02613354191116301,632,regime_comparison_01,democracy
full3,wdj_press_lag1,-0.1777777791023254,Mixed Outcome,2,0.2997964283143367,0.25602287435276366,0.34755784348818747,0.023399497826797257,632,regime_comparison_01,democracy
full3,wdj_press_lag1,-0.1777777791023254,Contracts Expression,1,0.1549459141334888,0.11589450702136124,0.20411794759621757,0.022418246354368475,632,regime_comparison_01,democracy
full3,wdj_press_lag1,-0.1777777791023254,Expands Expression,3,0.5452576575521741,0.49778914433885324,0.5919176243535762,0.024083508574995558,632,regime_comparison_01,democracy
full3,wdj_press_lag1,-0.1422222232818604,Mixed Outcome,2,0.29262674687797685,0.2538415583208189,0.3346799588699096,0.02065429516276928,632,regime_comparison_01,democracy
full3,wdj_press_lag1,-0.1422222232818604,Contracts Expression,1,0.15973071648582216,0.1250394019702348,0.2018267327303572,0.0195382809079702,632,regime_comparison_01,democracy
full3,wdj_press_lag1,-0.1422222232818604,Expands Expression,3,0.547642536636202,0.5036725512405366,0.590881256525922,0.02230365783074594,632,regime_comparison_01,democracy
full3,wdj_press_lag1,-0.1066666674613953,Mixed Outcome,2,0.2855292012663611,0.2511786884038637,0.3225538755770319,0.018229184439319434,632,regime_comparison_01,democracy
full3,wdj_press_lag1,-0.1066666674613953,Contracts Expression,1,0.16460272910846374,0.13427010086695612,0.20020309219278304,0.016792292061260036,632,regime_comparison_01,democracy
full3,wdj_press_lag1,-0.1066666674613953,Expands Expression,3,0.5498680696251746,0.5087070509281831,0.5903575321317975,0.020875585817614586,632,regime_comparison_01,democracy
full3,wdj_press_lag1,-0.0711111116409302,Mixed Outcome,2,0.2785068015974123,0.24783611538201017,0.3114016899436791,0.016229961685378148,632,regime_comparison_01,democracy
full3,wdj_press_lag1,-0.0711111116409302,Contracts Expression,1,0.1695609664304472,0.1431751111546083,0.19967628501972923,0.014399037260209942,632,regime_comparison_01,democracy
full3,wdj_press_lag1,-0.0711111116409302,Expands Expression,3,0.55193223197214,0.5127011515268515,0.5905273950694985,0.019893781153157757,632,regime_comparison_01,democracy
full3,wdj_press_lag1,-0.0355555558204651,Mixed Outcome,2,0.27156245570242565,0.2435703427859767,0.3014893541021884,0.014785426815875366,632,regime_comparison_01,democracy
full3,wdj_press_lag1,-0.0355555558204651,Contracts Expression,1,0.1746043465402506,0.15104069624569438,0.2009738796129026,0.01272976706116051,632,regime_comparison_01,democracy
full3,wdj_press_lag1,-0.0355555558204651,Expands Expression,3,0.5538331977573233,0.5154672126552207,0.5915683755873669,0.01945107595306124,632,regime_comparison_01,democracy
full3,wdj_press_lag1,0.0,Mixed Outcome,2,0.26469896343189064,0.23814994279171445,0.29306913923504596,0.014018082193071399,632,regime_comparison_01,democracy
full3,wdj_press_lag1,0.0,Contracts Expression,1,0.17973169331768651,0.1569241947331455,0.20504783279851424,0.012270440904525077,632,regime_comparison_01,democracy
full3,wdj_press_lag1,0.0,Expands Expression,3,0.5555693432504221,0.5168673301278719,0.5936086980218949,0.01961531300480116,632,regime_comparison_01,democracy
full3,wdj_press_lag1,0.0355555558204651,Mixed Outcome,2,0.25791901130036327,0.23146608332800403,0.28626900667236344,0.013987708684039906,632,regime_comparison_01,democracy
full3,wdj_press_lag1,0.0355555558204651,Contracts Expression,1,0.18494173883512155,0.16023966290014677,0.2124882593694262,0.013322679945828274,632,regime_comparison_01,democracy
full3,wdj_press_lag1,0.0355555558204651,Expands Expression,3,0.5571392498645167,0.5168547832128428,0.5966858457439543,0.02040828056426448,632,regime_comparison_01,democracy
full3,wdj_press_lag1,0.0711111116409302,Mixed Outcome,2,0.2512251674972233,0.22361776630822908,0.2810072879272649,0.014647795701773225,632,regime_comparison_01,democracy
full3,wdj_press_lag1,0.0711111116409302,Contracts Expression,1,0.19023312601147824,0.16128430791385862,0.22299644325527657,0.015735382310375058,632,regime_comparison_01,democracy
full3,wdj_press_lag1,0.0711111116409302,Expands Expression,3,0.5585417064912969,0.5154820466054499,0.6007385845248199,0.021801688272291044,632,regime_comparison_01,democracy
full3,wdj_press_lag1,0.10666666746139519,Mixed Outcome,2,0.24461987728772078,0.21487491120672492,0.2770295400467367,0.015864248038372743,632,regime_comparison_01,democracy
full3,wdj_press_lag1,0.10666666746139519,Contracts Expression,1,0.195604411501106,0.16080691751467086,0.2358159047694438,0.019125559211470633,632,regime_comparison_01,democracy
full3,wdj_press_lag1,0.10666666746139519,Expands Expression,3,0.5597757112111735,0.5128704742772185,0.6056373398927951,0.023732672240975392,632,regime_comparison_01,democracy
full3,wdj_press_lag1,0.1422222232818604,Mixed Outcome,2,0.23810545882600398,0.20555767319892143,0.27402918725034464,0.017476822004836454,632,regime_comparison_01,democracy
full3,wdj_press_lag1,0.1422222232818604,Contracts Expression,1,0.2010540687984209,0.15942859879681232,0.2503112326310563,0.023174472845638117,632,regime_comparison_01,democracy
full3,wdj_press_lag1,0.1422222232818604,Expands Expression,3,0.5608404723755754,0.5091661656642614,0.6112284199236063,0.026126334889651166,632,regime_comparison_01,democracy
full3,wdj_press_lag1,0.1777777791023254,Mixed Outcome,2,0.2316840993990171,0.19594426799792267,0.27173967651949205,0.019346050309023873,632,regime_comparison_01,democracy
full3,wdj_press_lag1,0.1777777791023254,Contracts Expression,1,0.20658049153830071,0.1575293814599581,0.26608114681453415,0.027685803585427653,632,regime_comparison_01,democracy
full3,wdj_press_lag1,0.1777777791023254,Expands Expression,3,0.561735409062683,0.5045070922094806,0.6173670063608229,0.028912542736854487,632,regime_comparison_01,democracy
full3,wdj_press_lag1,0.2133333349227906,Mixed Outcome,2,0.2253578521170742,0.1862426380526172,0.2699628118940551,0.021367640310861802,632,regime_comparison_01,democracy
full3,wdj_press_lag1,0.2133333349227906,Contracts Expression,1,0.21218199697149315,0.15532493600743,0.2828815622559868,0.032546635526301604,632,regime_comparison_01,democracy
full3,wdj_press_lag1,0.2133333349227906,Expands Expression,3,0.5624601509114321,0.49900836040885893,0.6239320376653504,0.03203348570416534,632,regime_comparison_01,democracy
full3,wdj_press_lag1,0.2488888907432556,Mixed Outcome,2,0.21912863306383326,0.17659808466436458,0.26856114199953207,0.02346855938203411,632,regime_comparison_01,democracy
full3,wdj_press_lag1,0.2488888907432556,Contracts Expression,1,0.21785682959380134,0.1529388956803532,0.300553183024048,0.037690610544980754,632,regime_comparison_01,democracy
full3,wdj_press_lag1,0.2488888907432556,Expands Expression,3,0.5630145373423651,0.49276022572464473,0.6308283680762942,0.035444748243792436,632,regime_comparison_01,democracy
full3,wdj_press_lag1,0.2844444465637206,Mixed Outcome,2,0.21299821891514162,0.16710972776721023,0.26744153783838054,0.025598641361348037,632,regime_comparison_01,democracy
full3,wdj_press_lag1,0.2844444465637206,Contracts Expression,1,0.22360316490752943,0.15044477507439566,0.31897964907003984,0.04307656803852416,632,regime_comparison_01,democracy
full3,wdj_press_lag1,0.2844444465637206,Expands Expression,3,0.5633986161773282,0.48583189575940405,0.6379831613190392,0.03911344102851023,632,regime_comparison_01,democracy
full3,wdj_press_lag1,0.3200000023841858,Mixed Outcome,2,0.20696824503300493,0.1578448555783251,0.26654089716309975,0.02772328594008581,632,regime_comparison_01,democracy
full3,wdj_press_lag1,0.3200000023841858,Contracts Expression,1,0.22941911329361878,0.14788812557804207,0.33806560596015256,0.048677258854050096,632,regime_comparison_01,democracy
full3,wdj_press_lag1,0.3200000023841858,Expands Expression,3,0.5636126416733767,0.4782767993412448,0.6453408378588462,0.04301559387228963,632,regime_comparison_01,democracy
full3,wdj_press_lag1,0.3555555582046508,Mixed Outcome,2,0.20104020403765185,0.1488491361119421,0.26581600175726616,0.029818280443644398,632,regime_comparison_01,democracy
full3,wdj_press_lag1,0.3555555582046508,Contracts Expression,1,0.23530272397304,0.1452982746529637,0.3577253555549542,0.05447337054584252,632,regime_comparison_01,democracy
full3,wdj_press_lag1,0.3555555582046508,Expands Expression,3,0.5636570719893083,0.4701374461297801,0.6528584451503802,0.04713376128557631,632,regime_comparison_01,democracy
full3,wdj_press_lag1,0.391111114025116,Mixed Outcome,2,0.1952154448574797,0.14015340334080328,0.26523681300898616,0.03186637718593908,632,regime_comparison_01,democracy
full3,wdj_press_lag1,0.391111114025116,Contracts Expression,1,0.24125198903632958,0.14269474325256487,0.3778769919804736,0.06045026704651008,632,regime_comparison_01,democracy
full3,wdj_press_lag1,0.391111114025116,Expands Expression,3,0.563532566106191,0.4614493323651733,0.6605019878967905,0.0514551131359506,632,regime_comparison_01,democracy
full3,wdj_press_lag1,0.426666669845581,Mixed Outcome,2,0.1894951722535125,0.13177808955571008,0.2647821322955944,0.03385507759646199,632,regime_comparison_01,democracy
full3,wdj_press_lag1,0.426666669845581,Contracts Expression,1,0.2472648475206815,0.14009089258758609,0.39843946352714527,0.06659614196581665,632,regime_comparison_01,democracy
full3,wdj_press_lag1,0.426666669845581,Expands Expression,3,0.5632399802258071,0.4522438942424376,0.6682437081949694,0.05597000454568664,632,regime_comparison_01,democracy
full3,wdj_press_lag1,0.4622222256660462,Mixed Outcome,2,0.18388044681197668,0.12373613881240512,0.2644367893122414,0.03577519559769064,632,regime_comparison_01,democracy
full3,wdj_press_lag1,0.4622222256660462,Contracts Expression,1,0.25333918951466633,0.13749607847878023,0.4193312672472243,0.0729009336775885,632,regime_comparison_01,democracy
full3,wdj_press_lag1,0.4622222256660462,Expands Expression,3,0.5627803636733572,0.4425506740765026,0.6760601407221832,0.06067093575252413,632,regime_comparison_01,democracy
full3,wdj_press_lag1,0.4977777814865112,Mixed Outcome,2,0.17837218539571625,0.11603495780519538,0.26418980002667564,0.03761991510607636,632,regime_comparison_01,democracy
full3,wdj_press_lag1,0.4977777814865112,Contracts Expression,1,0.25947286027145416,0.13491697112967005,0.44047009700605044,0.07935566667154732,632,regime_comparison_01,democracy
full3,wdj_press_lag1,0.4977777814865112,Expands Expression,3,0.56215495433283,0.43239887829378704,0.68393075354141,0.06555180570168617,632,regime_comparison_01,democracy
full3,wdj_press_lag1,0.5333333373069764,Mixed Outcome,2,0.17297116204243154,0.10867775560313066,0.2640331408892619,0.03938416123784856,632,regime_comparison_01,democracy
full3,wdj_press_lag1,0.5333333373069764,Contracts Expression,1,0.2656636643123751,0.1323583908279938,0.46177306749679425,0.085952040348516,632,regime_comparison_01,democracy
full3,wdj_press_lag1,0.5333333373069764,Expands Expression,3,0.5613651736451931,0.42181847455819477,0.6918370165453382,0.07060737953818202,632,regime_comparison_01,democracy
full3,wdj_press_lag1,0.5688888931274414,Mixed Outcome,2,0.167678009295192,0.10166449080222528,0.2639609188900312,0.0410641727162131,632,regime_comparison_01,democracy
full3,wdj_press_lag1,0.5688888931274414,Contracts Expression,1,0.2719093695036816,0.12982385315203704,0.48315728934907876,0.09268216646108075,632,regime_comparison_01,democracy
full3,wdj_press_lag1,0.5688888931274414,Expands Expression,3,0.5604126212011243,0.410840937578212,0.6997617775313091,0.07583290981030459,632,regime_comparison_01,democracy
full3,wdj_press_lag1,0.6044444489479064,Mixed Outcome,2,0.16249321994835486,0.09499256213970965,0.2639687996747379,0.04265720517327407,632,regime_comparison_01,democracy
full3,wdj_press_lag1,0.6044444489479064,Contracts Expression,1,0.27820771109050696,0.12731593433155858,0.5045406506446976,0.09953839869040237,632,regime_comparison_01,democracy
full3,wdj_press_lag1,0.6044444489479064,Expands Expression,3,0.5592990689611389,0.3994997216709632,0.7076888581353351,0.0812238678354016,632,regime_comparison_01,democracy
full3,wdj_press_lag1,0.6400000047683716,Mixed Outcome,2,0.15741714918991281,0.08865732799828709,0.26405360668646854,0.04416132096161617,632,regime_comparison_01,democracy
full3,wdj_press_lag1,0.6400000047683716,Contracts Expression,1,0.28455639567322816,0.1248365220680604,0.5258427045215255,0.10651322097615476,632,regime_comparison_01,democracy
full3,wdj_press_lag1,0.6400000047683716,Expands Expression,3,0.5580264551368578,0.38783051510299654,0.7156028062520596,0.08677575425520383,632,regime_comparison_01,democracy
full3,wdj_press_lag1,0.6755555605888366,Mixed Outcome,2,0.15245001711941872,0.0826525091058009,0.26421303557850817,0.04557523706568988,632,regime_comparison_01,democracy
full3,wdj_press_lag1,0.6755555605888366,Contracts Expression,1,0.2909531051126974,0.12238699150833002,0.546985588998785,0.11359917427933267,632,regime_comparison_01,democracy
full3,wdj_press_lag1,0.6755555605888366,Expands Expression,3,0.5565968777678836,0.3758713155348928,0.7234887591685523,0.0924839668547529,632,regime_comparison_01,democracy
full3,wdj_press_lag1,0.7111111164093018,Mixed Outcome,2,0.14759191161904983,0.07697050943416113,0.26444544761355604,0.04689821264770417,632,regime_comparison_01,democracy
full3,wdj_press_lag1,0.7111111164093018,Contracts Expression,1,0.2973955003520536,0.11996833115196093,0.5678949226501159,0.1207888090671053,632,regime_comparison_01,democracy
full3,wdj_press_lag1,0.7111111164093018,Expands Expression,3,0.5550125880288962,0.3636623558470253,0.7313323841076081,0.09834371008862668,632,regime_comparison_01,democracy
full3,wdj_press_lag1,0.7466666722297668,Mixed Outcome,2,0.14284279155396834,0.07160267819050145,0.2647497180507992,0.04812996403877808,632,regime_comparison_01,democracy
full3,wdj_press_lag1,0.7466666722297668,Contracts Expression,1,0.30388122514419774,0.11758123454988115,0.5885006327642194,0.12807465536245366,632,regime_comparison_01,democracy
full3,wdj_press_lag1,0.7466666722297668,Expands Expression,3,0.5532759833018346,0.3512459036380974,0.7391198716912858,0.10434993520891205,632,regime_comparison_01,democracy
full3,wdj_press_lag1,0.782222228050232,Mixed Outcome,2,0.138202490277049,0.06653952810120374,0.2651251233908682,0.04927059900604744,632,regime_comparison_01,democracy
full3,wdj_press_lag1,0.782222228050232,Contracts Expression,1,0.3104079096752382,0.11522616816714432,0.6087376834002802,0.13544920500266447,632,regime_comparison_01,democracy
full3,wdj_press_lag1,0.782222228050232,Expands Expression,3,0.5513896000477122,0.33866595449620196,0.7468379641252806,0.11049730300162001,632,regime_comparison_01,democracy
full3,wdj_press_lag1,0.817777783870697,Mixed Outcome,2,0.13367071941216688,0.06177092024334245,0.26557125646894725,0.050320564742248795,632,regime_comparison_01,democracy
full3,wdj_press_lag1,0.817777783870697,Contracts Expression,1,0.3169731740755727,0.11290342233853934,0.6285466802604818,0.14290490251091323,632,regime_comparison_01,democracy
full3,wdj_press_lag1,0.817777783870697,Expands Expression,3,0.5493561065122597,0.3259678377762335,0.7544740044642518,0.11678016332291692,632,regime_comparison_01,democracy
full3,wdj_press_lag1,0.853333339691162,Mixed Outcome,2,0.12924707288962672,0.05728622246325241,0.26608796176736504,0.05128060575183767,632,regime_comparison_01,democracy
full3,wdj_press_lag1,0.853333339691162,Contracts Expression,1,0.3235746318114956,0.11061315003119103,0.6478743379518304,0.15043414211892137,632,regime_comparison_01,democracy
full3,wdj_press_lag1,0.853333339691162,Expands Expression,3,0.5471782952988776,0.31319775333119565,0.762015996696731,0.12319254717191398,632,regime_comparison_01,democracy
full3,wdj_press_lag1,0.8888888955116272,Mixed Outcome,2,0.12493103120692078,0.05307444631055701,0.26667528558789366,0.05215172896644328,632,regime_comparison_01,democracy
full3,wdj_press_lag1,0.8888888955116272,Contracts Expression,1,0.3302098929514589,0.10835539667852406,0.6666738030370437,0.15802926922200852,632,regime_comparison_01,democracy
full3,wdj_press_lag1,0.8888888955116272,Expands Expression,3,0.54485907584162,0.300402257867661,0.7694526689548261,0.12972816814021942,632,regime_comparison_01,democracy
full4,court_independence_lag1,-1.3279999494552612,Mixed Outcome,2,0.3633293212160891,0.07670474057386971,0.7967492835913089,0.2274356484072047,632,regime_comparison_01,democracy
full4,court_independence_lag1,-1.3279999494552612,Contracts Expression,1,0.17070780342713565,0.009896845297394511,0.8091280878987754,0.21849147114535208,632,regime_comparison_01,democracy
full4,court_independence_lag1,-1.3279999494552612,Expands Expression,3,0.4659628753567758,0.1620067776984074,0.7974856435310742,0.19133371924130785,632,regime_comparison_01,democracy
full4,court_independence_lag1,-1.234119951725006,Mixed Outcome,2,0.3602844928148134,0.07952447766526853,0.7859302881914368,0.22045258744924573,632,regime_comparison_01,democracy
full4,court_independence_lag1,-1.234119951725006,Contracts Expression,1,0.17118221038062706,0.010770775295721053,0.7966595939525118,0.2130261799304873,632,regime_comparison_01,democracy
full4,court_independence_lag1,-1.234119951725006,Expands Expression,3,0.4685332968045592,0.16922278260511123,0.7923384136696534,0.18613983107262877,632,regime_comparison_01,democracy
full4,court_independence_lag1,-1.140239953994751,Mixed Outcome,2,0.35724992227370683,0.08243683552521541,0.7747009260568821,0.21350223883977687,632,regime_comparison_01,democracy
full4,court_independence_lag1,-1.140239953994751,Contracts Expression,1,0.17165097363707837,0.011719165306447541,0.7836048151199563,0.2075364958884799,632,regime_comparison_01,democracy
full4,court_independence_lag1,-1.140239953994751,Expands Expression,3,0.4710991040892147,0.17668711873392864,0.7870929472767462,0.18093038822837584,632,regime_comparison_01,democracy
full4,court_independence_lag1,-1.0463599562644958,Mixed Outcome,2,0.3542258122497156,0.08544407661792396,0.763062934118213,0.20658609564424701,632,regime_comparison_01,democracy
full4,court_independence_lag1,-1.0463599562644958,Contracts Expression,1,0.1721140569601957,0.012748035878070775,0.7699647269901356,0.20202296829815541,632,regime_comparison_01,democracy
full4,court_independence_lag1,-1.0463599562644958,Expands Expression,3,0.47366013079009,0.1844024391503727,0.7817487209031487,0.17570603033602245,632,regime_comparison_01,democracy
full4,court_independence_lag1,-0.9524799585342407,Mixed Outcome,2,0.3512123625443644,0.08854845315658814,0.7510200106074735,0.19970564137538263,632,regime_comparison_01,democracy
full4,court_independence_lag1,-0.9524799585342407,Contracts Expression,1,0.17257142526999775,0.013863850534260891,0.7557441218193955,0.19648615166045535,632,regime_comparison_01,democracy
full4,court_independence_lag1,-0.9524799585342407,Expands Expression,3,0.47621621218563753,0.1923708935795981,0.7763052967543601,0.17046740437919428,632,regime_comparison_01,democracy
full4,court_independence_lag1,-0.8585999608039856,Mixed Outcome,2,0.3482097700586804,0.09175219925584989,0.7385779332730351,0.19286235132384144,632,regime_comparison_01,democracy
full4,court_independence_lag1,-0.8585999608039856,Contracts Expression,1,0.1730230446487941,0.015073541599917908,0.7409518912738673,0.19092660649101345,632,regime_comparison_01,democracy
full4,court_independence_lag1,-0.8585999608039856,Expands Expression,3,0.47876718529252527,0.20059408068129672,0.7707623319746615,0.16521516731552532,632,regime_comparison_01,democracy
full4,court_independence_lag1,-0.7647199630737305,Mixed Outcome,2,0.345218228749685,0.09505752203380287,0.7257446637117478,0.18605769426706337,632,regime_comparison_01,democracy
full4,court_independence_lag1,-0.7647199630737305,Contracts Expression,1,0.17346888234661031,0.016384536336117785,0.725601269055052,0.18534490029025416,632,regime_comparison_01,democracy
full4,court_independence_lag1,-0.7647199630737305,Expands Expression,3,0.4813128889037055,0.2090729991212876,0.7651195891656614,0.1599499892595959,632,regime_comparison_01,democracy
full4,court_independence_lag1,-0.6708399653434753,Mixed Outcome,2,0.34223792958846433,0.09846659148979997,0.7125304348714481,0.1792931346396737,632,regime_comparison_01,democracy
full4,court_independence_lag1,-0.6708399653434753,Contracts Expression,1,0.17390890678607038,0.017804783117369032,0.709710023035584,0.17974160873046116,632,regime_comparison_01,democracy
full4,court_independence_lag1,-0.6708399653434753,Expands Expression,3,0.4838531636254654,0.2178079975534122,0.7593769484000821,0.1546725573650603,632,regime_comparison_01,democracy
full4,court_independence_lag1,-0.5769599676132202,Mixed Outcome,2,0.33926906051983435,0.10198152894041629,0.6989478188836957,0.1725701352720427,632,regime_comparison_01,democracy
full4,court_independence_lag1,-0.5769599676132202,Contracts Expression,1,0.1743430875667233,0.019342777316246083,0.6933005868540193,0.17411731711044565,632,regime_comparison_01,democracy
full4,court_independence_lag1,-0.5769599676132202,Expands Expression,3,0.48638785191344114,0.22679872358760933,0.7535344210654265,0.14938358057827875,632,regime_comparison_01,democracy
full4,court_independence_lag1,-0.4830799698829651,Mixed Outcome,2,0.33631180642361796,0.10560439373863738,0.6850117726035247,0.16589016083322278,632,regime_comparison_01,democracy
full4,court_independence_lag1,-0.4830799698829651,Contracts Expression,1,0.17477139546882542,0.021007586478768915,0.6764001217125399,0.16847262214196643,632,regime_comparison_01,democracy
full4,court_independence_lag1,-0.4830799698829651,Expands Expression,3,0.4889167981075562,0.23604407175444003,0.7475921659717416,0.144083795487307,632,regime_comparison_01,democracy
full4,court_independence_lag1,-0.38919997215270996,Mixed Outcome,2,0.33336634907754326,0.10933716792457158,0.6707396585742816,0.15925468215450872,632,regime_comparison_01,democracy
full4,court_independence_lag1,-0.38919997215270996,Contracts Expression,1,0.1751938024565679,0.022808874275570476,0.6590405004274362,0.16280813415082898,632,regime_comparison_01,democracy
full4,court_independence_lag1,-0.38919997215270996,Expands Expression,3,0.4914398484658893,0.24554213037351008,0.7415505082913101,0.1387739735589121,632,regime_comparison_01,democracy
full4,court_independence_lag1,-0.29531997442245483,Mixed Outcome,2,0.33043286712176967,0.11318173835314954,0.6561512396100321,0.1526651816630665,632,regime_comparison_01,democracy
full4,court_independence_lag1,-0.29531997442245483,Contracts Expression,1,0.17561028168076437,0.02475692259532965,0.6412582076027138,0.15712447980022054,632,regime_comparison_01,democracy
full4,court_independence_lag1,-0.29531997442245483,Expands Expression,3,0.4939568511974667,0.25529012707720367,0.7354099620805794,0.1334549301502411,632,regime_comparison_01,democracy
full4,court_independence_lag1,-0.2014399766921997,Mixed Outcome,2,0.32751153602505917,0.11713987570435587,0.6412686458059086,0.14612316022758406,632,regime_comparison_01,democracy
full4,court_independence_lag1,-0.2014399766921997,Contracts Expression,1,0.17602080748098725,0.026862651002802863,0.6230941521091622,0.15142230547739485,632,regime_comparison_01,democracy
full4,court_independence_lag1,-0.2014399766921997,Expands Expression,3,0.49646765649395347,0.2652843725116152,0.7291712573851862,0.12812753581046768,632,regime_comparison_01,democracy
full4,court_independence_lag1,-0.10755997896194458,Mixed Outcome,2,0.3246025280526009,0.12121320959027573,0.6261163135547438,0.13963014581641126,632,regime_comparison_01,democracy
full4,court_independence_lag1,-0.10755997896194458,Contracts Expression,1,0.17642535538716186,0.02913763260727512,0.6045933907935118,0.14570228152985065,632,regime_comparison_01,democracy
full4,court_independence_lag1,-0.10755997896194458,Expands Expression,3,0.49897211656023727,0.2755202014019356,0.7228353732781335,0.12279273056698664,632,regime_comparison_01,democracy
full4,court_independence_lag1,-0.013679981231689453,Mixed Outcome,2,0.32170601223548084,0.1254031987077145,0.6107208970784672,0.13318770450552944,632,regime_comparison_01,democracy
full4,court_independence_lag1,-0.013679981231689453,Contracts Expression,1,0.1768239021206216,0.03159410516785293,0.5858047654290309,0.13996510760028985,632,regime_comparison_01,democracy
full4,court_independence_lag1,-0.013679981231689453,Expands Expression,3,0.5014700856438973,0.2859919096854695,0.7164035786721478,0.11745154214237676,632,regime_comparison_01,democracy
full4,court_independence_lag1,0.08020001649856567,Mixed Outcome,2,0.3188221543418268,0.1297110946135815,0.595111154088436,0.12679745456459598,632,regime_comparison_01,democracy
full4,court_independence_lag1,0.08020001649856567,Contracts Expression,1,0.17721642559462386,0.03424497598593612,0.566780458225433,0.13421151939623857,632,regime_comparison_01,democracy
full4,court_independence_lag1,0.08020001649856567,Expands Expression,3,0.50396142006355,0.29669268571422547,0.7098774834466861,0.1121051094065363,632,regime_comparison_01,democracy
full4,court_independence_lag1,0.1740800142288208,Mixed Outcome,2,0.31595111684960453,0.13413789717294686,0.5793178084977907,0.12046108461989681,632,regime_comparison_01,democracy
full4,court_independence_lag1,0.1740800142288208,Contracts Expression,1,0.17760290491433067,0.037103818780244865,0.5475754746135792,0.12844229735375778,632,regime_comparison_01,democracy
full4,court_independence_lag1,0.1740800142288208,Expands Expression,3,0.5064459782360645,0.30761453250551785,0.7032591034421438,0.10675471288650329,632,regime_comparison_01,democracy
full4,court_independence_lag1,0.2679600119590759,Mixed Outcome,2,0.31309305892109385,0.13868429897173137,0.5633733946697009,0.11418037728162905,632,regime_comparison_01,democracy
full4,court_independence_lag1,0.2679600119590759,Contracts Expression,1,0.1779833203762611,0.04018486027410038,0.52824706536389,0.12265827783028861,632,regime_comparison_01,democracy
full4,court_independence_lag1,0.2679600119590759,Expands Expression,3,0.5089236207026447,0.3187481765154556,0.6965509443554613,0.10140181491429147,632,regime_comparison_01,democracy
full4,court_independence_lag1,0.36184000968933105,Mixed Outcome,2,0.3102481363790297,0.14335061488145878,0.5473120895831849,0.10795724018834947,632,regime_comparison_01,democracy
full4,court_independence_lag1,0.36184000968933105,Contracts Expression,1,0.17835765346721338,0.043502953597449615,0.5088541032681099,0.11686036771723425,632,regime_comparison_01,democracy
full4,court_independence_lag1,0.36184000968933105,Expands Expression,3,0.5113942101537571,0.33008295616750677,0.689756111780947,0.09604811312310362,632,regime_comparison_01,democracy
full4,court_independence_lag1,0.4557200074195862,Mixed Outcome,2,0.307416501684407,0.1481366913279315,0.5311695416873209,0.10179374725830981,632,regime_comparison_01,democracy
full4,court_independence_lag1,0.4557200074195862,Contracts Expression,1,0.1787258868626693,0.04707353473813322,0.4894564325283097,0.11104956373933132,632,regime_comparison_01,democracy
full4,court_independence_lag1,0.4557200074195862,Expands Expression,3,0.5138576114529235,0.341606679977829,0.6828784579861392,0.09069561271269296,632,regime_comparison_01,democracy
full4,court_independence_lag1,0.5496000051498413,Mixed Outcome,2,0.3045983039159613,0.15304178735472268,0.5149827083568622,0.09569219419553722,632,regime_comparison_01,democracy
full4,court_independence_lag1,0.5496000051498413,Contracts Expression,1,0.1790880044246791,0.05091255703946534,0.47011421165012257,0.10522697827271293,632,regime_comparison_01,democracy
full4,court_independence_lag1,0.5496000051498413,Expands Expression,3,0.5163136916593598,0.3533054388950445,0.6759227811801802,0.08534672554602901,632,regime_comparison_01,democracy
full4,court_independence_lag1,0.6434800028800964,Mixed Outcome,2,0.30179368875130896,0.15806441580055788,0.4987897182146209,0.08965517422620488,632,regime_comparison_01,democracy
full4,court_independence_lag1,0.6434800028800964,Contracts Expression,1,0.17944399119923501,0.05503639692191169,0.4508872731472918,0.09939387437758136,632,regime_comparison_01,democracy
full4,court_independence_lag1,0.6434800028800964,Expands Expression,3,0.5187623200494563,0.36516334926843474,0.6688951011681252,0.08000440829718518,632,regime_comparison_01,democracy
full4,court_independence_lag1,0.7373600006103516,Mixed Outcome,2,0.29900279844975264,0.16320212701738177,0.4826297809308591,0.0836856830508808,632,regime_comparison_01,democracy
full4,court_independence_lag1,0.7373600006103516,Contracts Expression,1,0.17979383341313965,0.05946172124821617,0.43183452603700107,0.09355171408842422,632,regime_comparison_01,democracy
full4,court_independence_lag1,0.7373600006103516,Expands Expression,3,0.5212033681371073,0.3771621896826166,0.6618030483816267,0.0746723585631775,632,regime_comparison_01,democracy
full4,court_independence_lag1,0.8312399983406067,Mixed Outcome,2,0.29622577183673565,0.16845120815253103,0.4665431768185303,0.07778726680105592,632,regime_comparison_01,democracy
full4,court_independence_lag1,0.8312399983406067,Contracts Expression,1,0.18013751847037482,0.0642053024319859,0.41301343057504036,0.0877022261571765,632,regime_comparison_01,democracy
full4,court_independence_lag1,0.8312399983406067,Expands Expression,3,0.5236367096928893,0.38928087323586863,0.6546564248482527,0.06935529887540076,632,regime_comparison_01,democracy
full4,court_independence_lag1,0.9251199960708618,Mixed Outcome,2,0.29346274428995184,0.17380625566776436,0.45057137403662334,0.07196423462728653,632,regime_comparison_01,democracy
full4,court_independence_lag1,0.9251199960708618,Contracts Expression,1,0.1804750349479771,0.0692837604089734,0.3944795800966749,0.08184750296575467,632,regime_comparison_01,democracy
full4,court_independence_lag1,0.9251199960708618,Expands Expression,3,0.5260622207620729,0.40149466030451186,0.6474680320982504,0.0640593971650192,632,regime_comparison_01,democracy
full4,court_independence_lag1,1.018999993801117,Mixed Outcome,2,0.2907138477270903,0.17925955308352856,0.4347573468723601,0.06622197066092203,632,regime_comparison_01,democracy
full4,court_independence_lag1,1.018999993801117,Contracts Expression,1,0.18080637259142585,0.07471319892702948,0.37628643432914866,0.0759901422516228,632,regime_comparison_01,democracy
full4,court_independence_lag1,1.018999993801117,Expands Expression,3,0.5284797796814845,0.4137739535473082,0.6402549241905109,0.05879290452294719,632,regime_comparison_01,democracy
full4,court_independence_lag1,1.112879991531372,Mixed Outcome,2,0.2879792105952223,0.18480014181781543,0.41914621249915845,0.060567402617663926,632,regime_comparison_01,democracy
full4,court_independence_lag1,1.112879991531372,Contracts Expression,1,0.18113152230955176,0.08050868344383495,0.358485266088269,0.07013345957679991,632,regime_comparison_01,democracy
full4,court_independence_lag1,1.112879991531372,Expands Expression,3,0.5308892670952253,0.4260824041845216,0.6330403566474813,0.05356714864036577,632,regime_comparison_01,democracy
full4,court_independence_lag1,1.2067599892616272,Mixed Outcome,2,0.2852589578617984,0.19041239507695726,0.4037863811673551,0.05500972409005335,632,regime_comparison_01,democracy
full4,court_independence_lag1,1.2067599892616272,Contracts Expression,1,0.1814504761689763,0.08668347174781023,0.3411254165405111,0.064281815949807,632,regime_comparison_01,democracy
full4,court_independence_lag1,1.2067599892616272,Expands Expression,3,0.5332905659692255,0.4383738522983088,0.6258569082621646,0.04839812668315231,632,regime_comparison_01,democracy
full4,court_independence_lag1,1.3006399869918823,Mixed Outcome,2,0.28255321100726194,0.196073763205558,0.3887315558425103,0.049561539846431094,632,regime_comparison_01,democracy
full4,court_independence_lag1,1.3006399869918823,Contracts Expression,1,0.1817632273880839,0.09324784088641852,0.3242550187477656,0.058441139518857044,632,regime_comparison_01,democracy
full4,court_independence_lag1,1.3006399869918823,Expands Expression,3,0.5356835616046535,0.450587237180558,0.6187516393453083,0.04330913895748962,632,regime_comparison_01,democracy
full4,court_independence_lag1,1.3945199847221375,Mixed Outcome,2,0.2798620880192642,0.20175109464650579,0.37404418094961256,0.04424073837598907,632,regime_comparison_01,democracy
full4,court_independence_lag1,1.3945199847221375,Contracts Expression,1,0.1820697703305371,0.10020722224892732,0.3079224780397618,0.052619787550943514,632,regime_comparison_01,democracy
full4,court_independence_lag1,1.3945199847221375,Expands Expression,3,0.5380681416501993,0.4626378782671192,0.6117948853540276,0.038335280668153233,632,regime_comparison_01,democracy
full4,court_independence_lag1,1.4883999824523926,Mixed Outcome,2,0.27718570338845566,0.20739443233631058,0.35980144350371523,0.03907365342742416,632,regime_comparison_01,democracy
full4,court_independence_lag1,1.4883999824523926,Contracts Expression,1,0.1823701004983489,0.10755908676653254,0.292179264999462,0.04683003271397958,632,regime_comparison_01,democracy
full4,court_independence_lag1,1.4883999824523926,Expands Expression,3,0.5404441961131954,0.4744021436478157,0.6050956682831043,0.03353131658378875,632,regime_comparison_01,democracy
full4,court_independence_lag1,1.5822799801826477,Mixed Outcome,2,0.27452416810585445,0.21292621589476102,0.34610589860859114,0.03410057134124316,632,regime_comparison_01,democracy
full4,court_independence_lag1,1.5822799801826477,Contracts Expression,1,0.1826642145245089,0.11528743845641838,0.2770851583486052,0.0410907556008821,632,regime_comparison_01,democracy
full4,court_independence_lag1,1.5822799801826477,Expands Expression,3,0.5428116173696355,0.4856901277651695,0.5988291034741803,0.028985689404325672,632,regime_comparison_01,democracy
full4,court_independence_lag1,1.6761599779129028,Mixed Outcome,2,0.27187758966176845,0.2182220171584918,0.3331045933191751,0.02938556173954205,632,regime_comparison_01,democracy
full4,court_independence_lag1,1.6761599779129028,Contracts Expression,1,0.18295211016518534,0.12335243539993732,0.2627184124438178,0.03543260865601081,632,regime_comparison_01,democracy
full4,court_independence_lag1,1.6761599779129028,Expands Expression,3,0.5451703001730474,0.49619810617023996,0.5932840331498637,0.024844877918100118,632,regime_comparison_01,democracy
full4,court_independence_lag1,1.770039975643158,Mixed Outcome,2,0.26924607204624657,0.2230760875394553,0.32102341113861677,0.025034064995063495,632,regime_comparison_01,democracy
full4,court_independence_lag1,1.770039975643158,Contracts Expression,1,0.18323378629150178,0.13166939730659136,0.24919658291873192,0.029908579473720203,632,regime_comparison_01,democracy
full4,court_independence_lag1,1.770039975643158,Expands Expression,3,0.547520141662252,0.5054361860413293,0.5889354670620601,0.021350480175880468,632,regime_comparison_01,democracy
full4,court_independence_lag1,1.863919973373413,Mixed Outcome,2,0.2666297157510615,0.22714346579645586,0.31022488854993374,0.021222455699906002,632,regime_comparison_01,democracy
full4,court_independence_lag1,1.863919973373413,Contracts Expression,1,0.18350924288090195,0.14006315775589673,0.2367220445849844,0.024617114821158383,632,regime_comparison_01,democracy
full4,court_independence_lag1,1.863919973373413,Expands Expression,3,0.5498610413680375,0.512668145577562,0.5865048361719124,0.018870227959636075,632,regime_comparison_01,democracy
full4,court_independence_lag1,1.9577999711036682,Mixed Outcome,2,0.2640286177731851,0.22986637481832842,0.30128177426327374,0.018235659066691612,632,regime_comparison_01,democracy
full4,court_independence_lag1,1.9577999711036682,Contracts Expression,1,0.1837784810081147,0.14816309434891758,0.2256868607146522,0.019755482672677457,632,regime_comparison_01,democracy
full4,court_independence_lag1,1.9577999711036682,Expands Expression,3,0.5521929012186996,0.5170311692029693,0.5868403514055243,0.01783747965498748,632,regime_comparison_01,democracy
full4,court_independence_lag1,2.0516799688339233,Mixed Outcome,2,0.26144287161974994,0.23047792821412857,0.29497330903107477,0.016465392582078412,632,regime_comparison_01,democracy
full4,court_independence_lag1,2.0516799688339233,Contracts Expression,1,0.1840415028357227,0.15516963856976718,0.2169061949945638,0.01573864162562415,632,regime_comparison_01,democracy
full4,court_independence_lag1,2.0516799688339233,Expands Expression,3,0.5545156255445275,0.518027989788209,0.5904249552272594,0.018500923342020296,632,regime_comparison_01,democracy
full4,court_independence_lag1,2.1455599665641785,Mixed Outcome,2,0.258872567314465,0.2283159508307557,0.2919714200172283,0.016250254496679155,632,regime_comparison_01,democracy
full4,court_independence_lag1,2.1455599665641785,Contracts Expression,1,0.1842983116043516,0.15952941807001836,0.21194310779000308,0.013364539089930268,632,regime_comparison_01,democracy
full4,court_independence_lag1,2.1455599665641785,Expands Expression,3,0.5568291210811839,0.5159641474255328,0.5969391554311886,0.020701988764199857,632,regime_comparison_01,democracy
full4,court_independence_lag1,2.2394399642944336,Mixed Outcome,2,0.2563177914054787,0.22338376756299985,0.2922799730233314,0.01758972263426745,632,regime_comparison_01,democracy
full4,court_independence_lag1,2.2394399642944336,Contracts Expression,1,0.18454891162248405,0.15947245661795476,0.2125713075024652,0.01353915119378638,632,regime_comparison_01,democracy
full4,court_independence_lag1,2.2394399642944336,Expands Expression,3,0.5591332969720365,0.5116534523508897,0.6055556525005655,0.024024834559237516,632,regime_comparison_01,democracy
full4,court_independence_lag1,2.3333199620246887,Mixed Outcome,2,0.2537786269746556,0.2163845063009954,0.29520053406204194,0.020126447930670522,632,regime_comparison_01,democracy
full4,court_independence_lag1,2.3333199620246887,Contracts Expression,1,0.18479330825591375,0.15514130027165324,0.21864598647636888,0.016189175910914063,632,regime_comparison_01,democracy
full4,court_independence_lag1,2.3333199620246887,Expands Expression,3,0.5614280647694304,0.5058674667613534,0.6154899447574446,0.028076485841193873,632,regime_comparison_01,democracy
full4,court_independence_lag1,2.427199959754944,Mixed Outcome,2,0.251255153648242,0.20815888893321047,0.2998946634683359,0.023432654919602808,632,regime_comparison_01,democracy
full4,court_independence_lag1,2.427199959754944,Contracts Expression,1,0.1850315079168447,0.14836590973727903,0.2283289016614408,0.020377070698541777,632,regime_comparison_01,democracy
full4,court_independence_lag1,2.427199959754944,Expands Expression,3,0.5637133384349136,0.4991354584763141,0.6262004573698526,0.03258829671374333,632,regime_comparison_01,democracy
full4,court_independence_lag1,2.521079957485199,Mixed Outcome,2,0.24874744760891243,0.19932652281741642,0.3057427271202289,0.027192796423863755,632,regime_comparison_01,democracy
full4,court_independence_lag1,2.521079957485199,Contracts Expression,1,0.1852635180526515,0.1405966907683074,0.24015533053271895,0.025356803571156775,632,regime_comparison_01,democracy
full4,court_independence_lag1,2.521079957485199,Expands Expression,3,0.565989034338438,0.4917832955232071,0.6373497252150795,0.037395779983440715,632,regime_comparison_01,democracy
full4,court_independence_lag1,2.614959955215454,Mixed Outcome,2,0.24625558160915037,0.1902696861535212,0.31236022828775817,0.031211659952776038,632,regime_comparison_01,democracy
full4,court_independence_lag1,2.614959955215454,Contracts Expression,1,0.18548934713431073,0.1325613024236196,0.2533772668837129,0.030749788189375387,632,regime_comparison_01,democracy
full4,court_independence_lag1,2.614959955215454,Expands Expression,3,0.56825507125654,0.48400903082317825,0.6487288795824698,0.04239989134684522,632,regime_comparison_01,democracy
full4,court_independence_lag1,2.7088399529457092,Mixed Outcome,2,0.24377962498595762,0.18121346623392118,0.31951779813890885,0.03537344479761688,632,regime_comparison_01,democracy
full4,court_independence_lag1,2.7088399529457092,Contracts Expression,1,0.185709004644506,0.12459723015766155,0.26763087577334854,0.036375600024778125,632,regime_comparison_01,democracy
full4,court_independence_lag1,2.7088399529457092,Expands Expression,3,0.5705113703695357,0.4759362115306194,0.6602044034143457,0.047539760252260234,632,regime_comparison_01,democracy
full4,court_independence_lag1,2.8027199506759644,Mixed Outcome,2,0.24131964367685227,0.17229092047726233,0.3270761721226032,0.03960854268622762,632,regime_comparison_01,democracy
full4,court_independence_lag1,2.8027199506759644,Contracts Expression,1,0.18592250106543456,0.1168650366696782,0.28272330238954885,0.04214339854099734,632,regime_comparison_01,democracy
full4,court_independence_lag1,2.8027199506759644,Expands Expression,3,0.5727578552577132,0.4676450839971498,0.6716869834725692,0.05277673406841463,632,regime_comparison_01,democracy
full4,court_independence_lag1,2.8965999484062195,Mixed Outcome,2,0.2388757002371395,0.16358199479159405,0.3349474149872852,0.04387373446242881,632,regime_comparison_01,democracy
full4,court_independence_lag1,2.8965999484062195,Contracts Expression,1,0.18612984786630676,0.1094429104074683,0.2985382235535138,0.048003852961412005,632,regime_comparison_01,democracy
full4,court_independence_lag1,2.8965999484062195,Expands Expression,3,0.5749944518965527,0.45919015407770575,0.6831139991858911,0.0580853993757213,632,regime_comparison_01,democracy
full4,court_independence_lag1,2.9904799461364746,Mixed Outcome,2,0.2364478538584164,0.15513522360099796,0.3430733676276856,0.04814118309459223,632,regime_comparison_01,democracy
full4,court_independence_lag1,2.9904799461364746,Contracts Expression,1,0.18633105749056716,0.10236795845853341,0.31499470408582086,0.05392821285871117,632,regime_comparison_01,democracy
full4,court_independence_lag1,2.9904799461364746,Expands Expression,3,0.5772210886510167,0.45061015354639705,0.6944395970045413,0.06344848468431101,632,regime_comparison_01,democracy
full4,court_independence_lag1,3.0843599438667297,Mixed Outcome,2,0.23403616038829822,0.14697985895738422,0.35141366611577246,0.0523923143332031,632,regime_comparison_01,democracy
full4,court_independence_lag1,3.0843599438667297,Contracts Expression,1,0.18652614334283332,0.09565533966522366,0.33202827082436137,0.05989866758867037,632,regime_comparison_01,democracy
full4,court_independence_lag1,3.0843599438667297,Expands Expression,3,0.5794376962688697,0.44193384099036337,0.7056289216125599,0.06885389161214793,632,regime_comparison_01,democracy
full4,court_independence_lag1,3.178239941596985,Mixed Outcome,2,0.23164067235132027,0.1391328400279555,0.35993891967368546,0.05661433090334832,632,regime_comparison_01,democracy
full4,court_independence_lag1,3.178239941596985,Contracts Expression,1,0.1867151197755768,0.08930778886732021,0.3495816610028318,0.06590359404940403,632,regime_comparison_01,democracy
full4,court_independence_lag1,3.178239941596985,Expands Expression,3,0.5816442078731034,0.4331834811628228,0.7166546598610697,0.07429291195023761,632,regime_comparison_01,democracy
full4,court_independence_lag1,3.27211993932724,Mixed Outcome,2,0.22926143897100235,0.13160294641588344,0.3686267024550918,0.06079816263410809,632,regime_comparison_01,democracy
full4,court_independence_lag1,3.27211993932724,Contracts Expression,1,0.18689800207555063,0.08332069448011915,0.3676000887054283,0.07193506025515263,632,regime_comparison_01,democracy
full4,court_independence_lag1,3.27211993932724,Expands Expression,3,0.5838405589534477,0.4243769955302107,0.7274949046554342,0.07975912325708677,632,regime_comparison_01,democracy
full4,court_independence_lag1,3.365999937057495,Mixed Outcome,2,0.22689850619303753,0.12439337127687546,0.377459121771223,0.06493722069613957,632,regime_comparison_01,democracy
full4,court_independence_lag1,3.365999937057495,Contracts Expression,1,0.18707480644997249,0.07768497791868564,0.3860287845119286,0.07798743833316457,632,regime_comparison_01,democracy
full4,court_independence_lag1,3.365999937057495,Expands Expression,3,0.5860266873569899,0.4155293292793875,0.738131793617468,0.08524768435014116,632,regime_comparison_01,democracy
full4,v2jupurge_lag1,-1.25600004196167,Mixed Outcome,2,0.26772085626970266,0.05907889854895582,0.6803871640519217,0.1762217995382481,632,regime_comparison_01,democracy
full4,v2jupurge_lag1,-1.25600004196167,Contracts Expression,1,0.061554421344005184,0.008256382950517845,0.3407107833402638,0.06083685240792869,632,regime_comparison_01,democracy
full4,v2jupurge_lag1,-1.25600004196167,Expands Expression,3,0.6707247223862903,0.3008612929155454,0.906032755906763,0.17518302989569584,632,regime_comparison_01,democracy
full4,v2jupurge_lag1,-1.1715400409698487,Mixed Outcome,2,0.26796926784121844,0.06162413729125087,0.6711070958103487,0.17195961609729696,632,regime_comparison_01,democracy
full4,v2jupurge_lag1,-1.1715400409698487,Contracts Expression,1,0.06353448380740136,0.009025272089458126,0.3357259926085225,0.060960024820618006,632,regime_comparison_01,democracy
full4,v2jupurge_lag1,-1.1715400409698487,Expands Expression,3,0.6684962483513808,0.3078111308619024,0.9014246994809407,0.17093199682476157,632,regime_comparison_01,democracy
full4,v2jupurge_lag1,-1.0870800399780274,Mixed Outcome,2,0.268197764791399,0.0642638071930301,0.6616745803502212,0.1676869467885814,632,regime_comparison_01,democracy
full4,v2jupurge_lag1,-1.0870800399780274,Contracts Expression,1,0.06557250592717712,0.009864410695703004,0.33078282361475725,0.06102787454250665,632,regime_comparison_01,democracy
full4,v2jupurge_lag1,-1.0870800399780274,Expands Expression,3,0.6662297292814243,0.314779761151594,0.8966208966350138,0.16667089107300007,632,regime_comparison_01,democracy
full4,v2jupurge_lag1,-1.002620038986206,Mixed Outcome,2,0.2684057740380649,0.06700026121055576,0.6520939534755414,0.16340422421972203,632,regime_comparison_01,democracy
full4,v2jupurge_lag1,-1.002620038986206,Contracts Expression,1,0.06766983638307561,0.010779987985934377,0.32588248051148094,0.061037405792142306,632,regime_comparison_01,democracy
full4,v2jupurge_lag1,-1.002620038986206,Expands Expression,3,0.663924389578859,0.321761211148872,0.8916158912032048,0.16239997292784025,632,regime_comparison_01,democracy
full4,v2jupurge_lag1,-0.9181600379943848,Mixed Outcome,2,0.26859271499255744,0.06983582812857368,0.6423699508955075,0.15911189027927444,632,regime_comparison_01,democracy
full4,v2jupurge_lag1,-0.9181600379943848,Contracts Expression,1,0.06982783435017742,0.011778698930861404,0.321026147113797,0.060985558760168736,632,regime_comparison_01,democracy
full4,v2jupurge_lag1,-0.9181600379943848,Expands Expression,3,0.6615794506572654,0.32874950765113564,0.8864043246055692,0.15811949418343782,632,regime_comparison_01,democracy
full4,v2jupurge_lag1,-0.8337000370025636,Mixed Outcome,2,0.26875799994493305,0.07277280583537273,0.6325077067498377,0.15481039615680203,632,regime_comparison_01,democracy
full4,v2jupurge_lag1,-0.8337000370025636,Contracts Expression,1,0.07204786821565386,0.012867778502918014,0.3162149883744953,0.060869213707170404,632,regime_comparison_01,democracy
full4,v2jupurge_lag1,-0.8337000370025636,Expands Expression,3,0.6591941318394132,0.33573869881308194,0.8809809615839922,0.15382969833783605,632,regime_comparison_01,democracy
full4,v2jupurge_lag1,-0.7492400360107422,Mixed Outcome,2,0.2689010344847872,0.07581345430612893,0.6225127503542152,0.1505002024246529,632,regime_comparison_01,democracy
full4,v2jupurge_lag1,-0.7492400360107422,Contracts Expression,1,0.07433131420414678,0.014055036876312668,0.31145015243071916,0.060685195721865905,632,regime_comparison_01,democracy
full4,v2jupurge_lag1,-0.7492400360107422,Expands Expression,3,0.6567676513110664,0.3427228751439167,0.8753407176846721,0.14953082118479596,632,regime_comparison_01,democracy
full4,v2jupurge_lag1,-0.6647800350189209,Mixed Outcome,2,0.2690212179588106,0.07895998829310162,0.6123910011664055,0.14618177920232817,632,regime_comparison_01,democracy
full4,v2jupurge_lag1,-0.6647800350189209,Contracts Expression,1,0.07667955490966281,0.015348895286885066,0.30673277334275,0.060430280216698266,632,regime_comparison_01,democracy
full4,v2jupurge_lag1,-0.6647800350189209,Expands Expression,3,0.6542992271315269,0.3496961892049617,0.8694786886010467,0.1452230918994695,632,regime_comparison_01,democracy
full4,v2jupurge_lag1,-0.5803200340270996,Mixed Outcome,2,0.26911794396610833,0.0822145697157872,0.6021487620002118,0.1418556064290789,632,regime_comparison_01,democracy
full4,v2jupurge_lag1,-0.5803200340270996,Contracts Expression,1,0.07909397773203736,0.016758422166799045,0.30206397467580837,0.06010119925305543,632,regime_comparison_01,democracy
full4,v2jupurge_lag1,-0.5803200340270996,Expands Expression,3,0.6517880783018553,0.35665287359814946,0.8633901815281978,0.14090673473967216,632,regime_comparison_01,democracy
full4,v2jupurge_lag1,-0.49586003303527837,Mixed Outcome,2,0.2691906008922649,0.08557929973574968,0.5917927105452834,0.13752217427674313,632,regime_comparison_01,democracy
full4,v2jupurge_lag1,-0.49586003303527837,Contracts Expression,1,0.0815759732162432,0.018293369055948375,0.2974448741179785,0.05969464880869931,632,regime_comparison_01,democracy
full4,v2jupurge_lag1,-0.49586003303527837,Expands Expression,3,0.6492334258914925,0.3635872567906565,0.8570707487293391,0.13658197151268048,632,regime_comparison_01,democracy
full4,v2jupurge_lag1,-0.4114000320434571,Mixed Outcome,2,0.26923857248305233,0.08905621048907879,0.5813298892848354,0.13318198374255064,632,regime_comparison_01,democracy
full4,v2jupurge_lag1,-0.4114000320434571,Contracts Expression,1,0.08412693329303313,0.01996420565370433,0.2928765893794443,0.05920729712633738,632,regime_comparison_01,democracy
full4,v2jupurge_lag1,-0.4114000320434571,Expands Expression,3,0.6466344942239144,0.3704937762617706,0.8505162235820141,0.1322490249940584,632,regime_comparison_01,democracy
full4,v2jupurge_lag1,-0.3269400310516358,Mixed Outcome,2,0.26926123845859246,0.09264725643263523,0.5707676939429382,0.12883554747193132,632,regime_comparison_01,democracy
full4,v2jupurge_lag1,-0.3269400310516358,Contracts Expression,1,0.08674824941966834,0.021782153204725895,0.2883602456922028,0.058635794318316406,632,regime_comparison_01,democracy
full4,v2jupurge_lag1,-0.3269400310516358,Expands Expression,3,0.6439905121217386,0.37736698838072114,0.8437227594606859,0.12790812353198286,632,regime_comparison_01,democracy
full4,v2jupurge_lag1,-0.24248003005981444,Mixed Outcome,2,0.2692579751687078,0.09635430523734323,0.5601138606377267,0.1244833908743297,632,regime_comparison_01,democracy
full4,v2jupurge_lag1,-0.24248003005981444,Contracts Expression,1,0.08944131061975134,0.023759215203373353,0.2838969853250338,0.057976783450460215,632,regime_comparison_01,democracy
full4,v2jupurge_lag1,-0.24248003005981444,Expands Expression,3,0.6413007142115418,0.3842015743195467,0.8366868719317977,0.12355950713244115,632,regime_comparison_01,democracy
full4,v2jupurge_lag1,-0.15802002906799317,Mixed Outcome,2,0.269228156290067,0.10017912813005586,0.5493764519699328,0.12012605361237942,632,regime_comparison_01,democracy
full4,v2jupurge_lag1,-0.15802002906799317,Contracts Expression,1,0.09220750142148483,0.025908204141531905,0.2794879796606139,0.05722691339399503,632,regime_comparison_01,democracy
full4,v2jupurge_lag1,-0.15802002906799317,Expands Expression,3,0.6385643422884492,0.39099234116294374,0.8294054848971839,0.11920343540251012,632,regime_comparison_01,democracy
full4,v2jupurge_lag1,-0.0735600280761719,Mixed Outcome,2,0.2691711535656413,0.10412338954232098,0.5385638423389878,0.11576409156754253,632,regime_comparison_01,democracy
full4,v2jupurge_lag1,-0.0735600280761719,Contracts Expression,1,0.09504819969400527,0.028242762699110382,0.27513444456367675,0.056382853825547107,632,regime_comparison_01,democracy
full4,v2jupurge_lag1,-0.0735600280761719,Expands Expression,3,0.6357806467403536,0.3977342171826375,0.821875981536459,0.11484019783810044,632,regime_comparison_01,democracy
full4,v2jupurge_lag1,0.01089997291564937,Mixed Outcome,2,0.2690863375868527,0.10818863586505559,0.5276847028562175,0.11139807941596909,632,regime_comparison_01,democracy
full4,v2jupurge_lag1,0.01089997291564937,Contracts Expression,1,0.09796477438177933,0.03077737736384895,0.2708376600188009,0.055441312881449864,632,regime_comparison_01,democracy
full4,v2jupurge_lag1,0.01089997291564937,Expands Expression,3,0.6329488880313687,0.40442223997295984,0.81409626119123,0.1104701270911741,632,regime_comparison_01,democracy
full4,v2jupurge_lag1,0.09535997390747064,Mixed Outcome,2,0.26897307861865505,0.11237628302660013,0.516747986321802,0.10702861398986638,632,regime_comparison_01,democracy
full4,v2jupurge_lag1,0.09535997390747064,Contracts Expression,1,0.10095858313744069,0.03352738193478119,0.26659899537330517,0.05439905815185477,632,regime_comparison_01,democracy
full4,v2jupurge_lag1,0.09535997390747064,Expands Expression,3,0.6300683382439047,0.411051535768957,0.8060648037326216,0.10609361605373048,632,regime_comparison_01,democracy
full4,v2jupurge_lag1,0.1798199748992919,Mixed Outcome,2,0.2688307474676581,0.11668760249873758,0.5057629128580345,0.10265631865675964,632,regime_comparison_01,democracy
full4,v2jupurge_lag1,0.1798199748992919,Contracts Expression,1,0.10403096985382457,0.03650894766586611,0.2624199420212733,0.05325294195444712,632,regime_comparison_01,democracy
full4,v2jupurge_lag1,0.1798199748992919,Expands Expression,3,0.6271382826785177,0.4176172877383407,0.7977807435062954,0.10171113987716804,632,regime_comparison_01,democracy
full4,v2jupurge_lag1,0.2642799758911132,Mixed Outcome,2,0.26865871639324646,0.12112370517773188,0.49473895695862724,0.09828184902832195,632,regime_comparison_01,democracy
full4,v2jupurge_lag1,0.2642799758911132,Contracts Expression,1,0.10718326209639605,0.03973905586899337,0.2583021560967841,0.051999932197589215,632,regime_comparison_01,democracy
full4,v2jupurge_lag1,0.2642799758911132,Expands Expression,3,0.6241580215103563,0.42411469028813537,0.7892439557218486,0.09732328443939904,632,regime_comparison_01,democracy
full4,v2jupurge_lag1,0.34873997688293445,Mixed Outcome,2,0.2684563600614715,0.12568552236478636,0.4836858369430591,0.09390590042256705,632,regime_comparison_01,democracy
full4,v2jupurge_lag1,0.34873997688293445,Contracts Expression,1,0.11041676843770154,0.04323544750823581,0.25424751480854296,0.050637150684023455,632,regime_comparison_01,democracy
full4,v2jupurge_lag1,0.34873997688293445,Expands Expression,3,0.6211268715008277,0.4305388853522254,0.7804551592488823,0.09293078333125086,632,regime_comparison_01,democracy
full4,v2jupurge_lag1,0.4331999778747557,Mixed Outcome,2,0.2682230565413314,0.1303737827520563,0.47261350812608294,0.08952921766352503,632,regime_comparison_01,democracy
full4,v2jupurge_lag1,0.4331999778747557,Contracts Expression,1,0.11373277569595086,0.04701654249856226,0.25025819164182983,0.04916192151565631,632,regime_comparison_01,democracy
full4,v2jupurge_lag1,0.4331999778747557,Expands Expression,3,0.6180441677627173,0.43688487506851464,0.7714160413568516,0.08853456623898395,632,regime_comparison_01,democracy
full4,v2jupurge_lag1,0.517659978866577,Mixed Outcome,2,0.26795818834287044,0.13518898385900502,0.46153216147244547,0.08515260803517719,632,regime_comparison_01,democracy
full4,v2jupurge_lag1,0.517659978866577,Contracts Expression,1,0.11713254608032035,0.051101318782846704,0.24633675806144747,0.04757183348609321,632,regime_comparison_01,democracy
full4,v2jupurge_lag1,0.517659978866577,Expands Expression,3,0.6149092655768085,0.44314740297387634,0.7621294122307162,0.0841358227740304,632,regime_comparison_01,democracy
full4,v2jupurge_lag1,0.6021199798583983,Mixed Outcome,2,0.2676611434963241,0.14013135568306181,0.4504522301832063,0.08077695855080969,632,regime_comparison_01,democracy
full4,v2jupurge_lag1,0.6021199798583983,Contracts Expression,1,0.12061731424608367,0.055509137313913534,0.2424863230776515,0.04586482224521212,632,regime_comparison_01,democracy
full4,v2jupurge_lag1,0.6021199798583983,Expands Expression,3,0.6117215422575925,0.44932079245668916,0.7525994004915515,0.07973608754063193,632,regime_comparison_01,democracy
full4,v2jupurge_lag1,0.6865799808502195,Mixed Outcome,2,0.2673313166713514,0.14520081330801227,0.43938440767118125,0.07640325921583697,632,regime_comparison_01,democracy
full4,v2jupurge_lag1,0.6865799808502195,Contracts Expression,1,0.12418828426320397,0.06025949299449515,0.23871072790229148,0.04403928100976811,632,regime_comparison_01,democracy
full4,v2jupurge_lag1,0.6865799808502195,Expands Expression,3,0.6084803990654437,0.45539872610161314,0.7428317060596848,0.075337354848307,632,regime_comparison_01,democracy
full4,v2jupurge_lag1,0.771039981842041,Mixed Outcome,2,0.2669681103351812,0.15039689365145137,0.42833968193284394,0.07203263475519224,632,regime_comparison_01,democracy
full4,v2jupurge_lag1,0.771039981842041,Contracts Expression,1,0.12784662650257267,0.06537166199296789,0.23501482238872592,0.04209421341750515,632,regime_comparison_01,democracy
full4,v2jupurge_lag1,0.771039981842041,Expands Expression,3,0.6051852631622457,0.46137394175212654,0.7328339345038148,0.07094223547349862,632,regime_comparison_01,democracy
full4,v2jupurge_lag1,0.8554999828338623,Mixed Outcome,2,0.2665709359482723,0.15571866909299883,0.41732939374671835,0.06766638851647234,632,regime_comparison_01,democracy
full4,v2jupurge_lag1,0.8554999828338623,Contracts Expression,1,0.13159347444464095,0.07086420011783215,0.23140486555253872,0.04002945007893938,632,regime_comparison_01,democracy
full4,v2jupurge_lag1,0.8554999828338623,Expands Expression,3,0.6018355896070869,0.46723780896833805,0.7226160491561303,0.06655417408912268,632,regime_comparison_01,democracy
full4,v2jupurge_lag1,0.9399599838256836,Mixed Outcome,2,0.266139215195877,0.1611646268226152,0.4063653300114383,0.06330606424646815,632,regime_comparison_01,democracy
full4,v2jupurge_lag1,0.9399599838256836,Contracts Expression,1,0.13542992141576762,0.07675422044375009,0.22788911890591912,0.03784596385945795,632,regime_comparison_01,democracy
full4,v2jupurge_lag1,0.9399599838256836,Expands Expression,3,0.5984308633883552,0.472979730348064,0.7121909964642089,0.06217775580430785,632,regime_comparison_01,democracy
full4,v2jupurge_lag1,1.0244199848175048,Mixed Outcome,2,0.2656723812536794,0.16673249634859658,0.3954598699132686,0.05895353469898554,632,regime_comparison_01,democracy
full4,v2jupurge_lag1,1.0244199848175048,Contracts Expression,1,0.13935701725820604,0.08305633242806293,0.22447874731888356,0.03554634237398359,632,regime_comparison_01,democracy
full4,v2jupurge_lag1,1.0244199848175048,Expands Expression,3,0.5949706014881149,0.4785862812801932,0.7015755909216174,0.05781914605588236,632,regime_comparison_01,democracy
full4,v2jupurge_lag1,1.1088799858093261,Mixed Outcome,2,0.26516988008540354,0.1724189968081908,0.38462621238451505,0.05461113153586519,632,regime_comparison_01,democracy
full4,v2jupurge_lag1,1.1088799858093261,Contracts Expression,1,0.14337576494023063,0.08978104255173952,0.22118922447493158,0.03313551817592055,632,regime_comparison_01,democracy
full4,v2jupurge_lag1,1.1088799858093261,Expands Expression,3,0.5914543549743659,0.4840399512037444,0.6907917963787829,0.05348673391280657,632,regime_comparison_01,democracy
full4,v2jupurge_lag1,1.1933399868011474,Mixed Outcome,2,0.26463117177010986,0.1782194569391241,0.37387873207186767,0.0502818405633538,632,regime_comparison_01,democracy
full4,v2jupurge_lag1,1.1933399868011474,Contracts Expression,1,0.1474871171135368,0.0969322649779882,0.21804259181462948,0.030621934556571202,632,regime_comparison_01,democracy
full4,v2jupurge_lag1,1.1933399868011474,Expands Expression,3,0.5878817111163526,0.48931726582100954,0.6798686241163272,0.049192091618577585,632,regime_comparison_01,democracy
full4,v2jupurge_lag1,1.2777999877929687,Mixed Outcome,2,0.2640557318566039,0.18412722674568785,0.3632335448293811,0.04596960360125663,632,regime_comparison_01,democracy
full4,v2jupurge_lag1,1.2777999877929687,Contracts Expression,1,0.15169197262563344,0.10450330344689855,0.21507120759748155,0.02801947162277804,632,regime_comparison_01,democracy
full4,v2jupurge_lag1,1.2777999877929687,Expands Expression,3,0.584252295517763,0.49438593020046867,0.6688450075238455,0.0449514345543389,632,regime_comparison_01,democracy
full4,v2jupurge_lag1,1.36225998878479,Mixed Outcome,2,0.2634430527421711,0.19013273661489974,0.35270942700065316,0.04167980056893177,632,regime_comparison_01,democracy
full4,v2jupurge_lag1,1.36225998878479,Contracts Expression,1,0.15599117299556683,0.1124701095642742,0.2123241794319635,0.025350741259136937,632,regime_comparison_01,democracy
full4,v2jupurge_lag1,1.36225998878479,Expands Expression,3,0.5805657742622621,0.4992004012048263,0.6577742446690275,0.04078788425229311,632,regime_comparison_01,democracy
full4,v2jupurge_lag1,1.4467199897766112,Mixed Outcome,2,0.2627926450726073,0.19622193614670133,0.34232935621660143,0.037420048387380826,632,regime_comparison_01,democracy
full4,v2jupurge_lag1,1.4467199897766112,Contracts Expression,1,0.16038549886192113,0.12077954418704609,0.20987875296223119,0.02265291005527423,632,regime_comparison_01,democracy
full4,v2jupurge_lag1,1.4467199897766112,Expands Expression,3,0.5768218560654723,0.5036949262796346,0.6467309713783369,0.036735027228635975,632,regime_comparison_01,democracy
full4,v2jupurge_lag1,1.5311799907684325,Mixed Outcome,2,0.2621040391602539,0.2023735924443601,0.3321231939250162,0.03320158215930667,632,regime_comparison_01,democracy
full4,v2jupurge_lag1,1.5311799907684325,Contracts Expression,1,0.1648756664126396,0.12932837944904016,0.2078609196889892,0.01998822429139169,632,regime_comparison_01,democracy
full4,v2jupurge_lag1,1.5311799907684325,Expands Expression,3,0.5730202944271073,0.5077725501186555,0.6358221629035581,0.032842536925292154,632,regime_comparison_01,democracy
full4,v2jupurge_lag1,1.6156399917602537,Mixed Outcome,2,0.2613767864165357,0.2085543846373765,0.32213257281562047,0.029041761184713875,632,regime_comparison_01,democracy
full4,v2jupurge_lag1,1.6156399917602537,Contracts Expression,1,0.16946232380679446,0.1379258672177046,0.20648242003793965,0.017462896470159063,632,regime_comparison_01,democracy
full4,v2jupurge_lag1,1.6156399917602537,Expands Expression,3,0.5691608897766716,0.5112880665637705,0.6252041863394584,0.02918489609603838,632,regime_comparison_01,democracy
full4,v2jupurge_lag1,1.700099992752075,Mixed Outcome,2,0.26061046079524713,0.21470950268202466,0.31242028100654107,0.024968869443824954,632,regime_comparison_01,democracy
full4,v2jupurge_lag1,1.700099992752075,Contracts Expression,1,0.17414604759901894,0.14623278262863143,0.20610123656982007,0.015257969974648929,632,regime_comparison_01,democracy
full4,v2jupurge_lag1,1.700099992752075,Expands Expression,3,0.5652434916057343,0.5140234045329228,0.6151074144578259,0.025874001245561412,632,regime_comparison_01,democracy
full4,v2jupurge_lag1,1.7845599937438963,Mixed Outcome,2,0.2598046602426019,0.22074355597524176,0.3030893373465575,0.021031861512804773,632,regime_comparison_01,democracy
full4,v2jupurge_lag1,1.7845599937438963,Contracts Expression,1,0.17892733917786247,0.1536948803087412,0.20728764513419967,0.01366300967314494,632,regime_comparison_01,democracy
full4,v2jupurge_lag1,1.7845599937438963,Expands Expression,3,0.5612680005795356,0.5156591420411545,0.6058647062920205,0.02307378449913725,632,regime_comparison_01,democracy
full4,v2jupurge_lag1,1.8690199947357176,Mixed Outcome,2,0.2589590081498561,0.22647970218737412,0.2943238472995297,0.017321224130153592,632,regime_comparison_01,democracy
full4,v2jupurge_lag1,1.8690199947357176,Contracts Expression,1,0.18380662122986213,0.1595888493591064,0.21077774537184507,0.013052387761037109,632,regime_comparison_01,democracy
full4,v2jupurge_lag1,1.8690199947357176,Expands Expression,3,0.5572343706202809,0.5157640878675918,0.5979218142686915,0.021005692436870775,632,regime_comparison_01,democracy
full4,v2jupurge_lag1,1.9534799957275388,Mixed Outcome,2,0.25807315480408344,0.231570786750797,0.2864778488321732,0.014014331810569467,632,regime_comparison_01,democracy
full4,v2jupurge_lag1,1.9534799957275388,Contracts Expression,1,0.18878423424164592,0.16337283737234262,0.21712240996149595,0.01370625894061475,632,regime_comparison_01,democracy
full4,v2jupurge_lag1,1.9534799957275388,Expands Expression,3,0.5531426109542703,0.51385832425458,0.5917743238126476,0.01991679472386168,632,regime_comparison_01,democracy
full4,v2jupurge_lag1,2.03793999671936,Mixed Outcome,2,0.2571467788324863,0.23533193091099025,0.2802427102476878,0.011460908375261532,632,regime_comparison_01,democracy
full4,v2jupurge_lag1,2.03793999671936,Contracts Expression,1,0.19386043305283396,0.16509965798992218,0.22627355000835814,0.015599812361462356,632,regime_comparison_01,democracy
full4,v2jupurge_lag1,2.03793999671936,Expands Expression,3,0.5489927881146793,0.5095980800982998,0.5877827552578103,0.019985824460086288,632,regime_comparison_01,democracy
full4,v2jupurge_lag1,2.1223999977111814,Mixed Outcome,2,0.2561795886354376,0.2366400963729177,0.27674755177710025,0.010234394318803313,632,regime_comparison_01,democracy
full4,v2jupurge_lag1,2.1223999977111814,Contracts Expression,1,0.19903538347295827,0.16528305566455,0.23771733696159983,0.01847186760146489,632,regime_comparison_01,democracy
full4,v2jupurge_lag1,2.1223999977111814,Expands Expression,3,0.5447850278916041,0.502981133317982,0.5859671286694548,0.02121868419237182,632,regime_comparison_01,democracy
full4,v2jupurge_lag1,2.2068599987030026,Mixed Outcome,2,0.25517132380326263,0.23460523627161484,0.2768880810450852,0.010789768088577763,632,regime_comparison_01,democracy
full4,v2jupurge_lag1,2.2068599987030026,Contracts Expression,1,0.20430915897601634,0.16446782669721385,0.2509035979732129,0.022044604606248724,632,regime_comparison_01,democracy
full4,v2jupurge_lag1,2.2068599987030026,Expands Expression,3,0.5405195172207212,0.4943473831811358,0.586006350117446,0.023448193019940746,632,regime_comparison_01,democracy
full4,v2jupurge_lag1,2.291319999694824,Mixed Outcome,2,0.2541217565116169,0.22969057910289647,0.2802062956265323,0.012892153368869765,632,regime_comparison_01,democracy
full4,v2jupurge_lag1,2.291319999694824,Contracts Expression,1,0.2096817374866165,0.16303928281757726,0.2654359159503488,0.02612102397718552,632,regime_comparison_01,democracy
full4,v2jupurge_lag1,2.291319999694824,Expands Expression,3,0.5361965060017662,0.4841759074822884,0.5874411038716988,0.02643738871032786,632,regime_comparison_01,democracy
full4,v2jupurge_lag1,2.375780000686645,Mixed Outcome,2,0.2530306928901668,0.2230893054100893,0.28551379276130706,0.01593466404862502,632,regime_comparison_01,democracy
full4,v2jupurge_lag1,2.375780000686645,Contracts Expression,1,0.21515299827197856,0.16123540904036618,0.281059101074323,0.030578851673576598,632,regime_comparison_01,democracy
full4,v2jupurge_lag1,2.375780000686645,Expands Expression,3,0.5318163088378547,0.4729026709303552,0.5898560836147672,0.029972199260164333,632,regime_comparison_01,democracy
full4,v2jupurge_lag1,2.4602400016784665,Mixed Outcome,2,0.2518979743591529,0.21566998134993143,0.29194632198463333,0.019476118606531142,632,regime_comparison_01,democracy
full4,v2jupurge_lag1,2.4602400016784665,Contracts Expression,1,0.2207227189542931,0.1591993793944948,0.2976063889449834,0.03534378323910847,632,regime_comparison_01,democracy
full4,v2jupurge_lag1,2.4602400016784665,Expands Expression,3,0.527379306686552,0.4608577116753359,0.5929427353031602,0.03389321358321889,632,regime_comparison_01,democracy
full4,v2jupurge_lag1,2.5447000026702877,Mixed Outcome,2,0.2507234789283117,0.2078903705814935,0.2990499591312059,0.023284817165178655,632,regime_comparison_01,democracy
full4,v2jupurge_lag1,2.5447000026702877,Contracts Expression,1,0.22639057265813037,0.15701872533108063,0.31496008867400327,0.04036950981618224,632,regime_comparison_01,democracy
full4,v2jupurge_lag1,2.5447000026702877,Expands Expression,3,0.5228859484135591,0.44827420452297184,0.5964901128349107,0.038090867551583384,632,regime_comparison_01,democracy
full4,v2jupurge_lag1,2.629160003662109,Mixed Outcome,2,0.24950712245255252,0.19998256503981998,0.30659596107984405,0.02724400826140873,632,regime_comparison_01,democracy
full4,v2jupurge_lag1,2.629160003662109,Contracts Expression,1,0.23215612530769247,0.15474857898960512,0.3330282752520102,0.045625858615872,632,regime_comparison_01,democracy
full4,v2jupurge_lag1,2.629160003662109,Expands Expression,3,0.5183367522397558,0.4353154534320159,0.6003577938086702,0.04249154330709709,632,regime_comparison_01,democracy
full4,v2jupurge_lag1,2.7136200046539303,Mixed Outcome,2,0.2482488598387199,0.1920705055796771,0.3144632302116062,0.031291897516768565,632,regime_comparison_01,democracy
full4,v2jupurge_lag1,2.7136200046539303,Contracts Expression,1,0.23801883308877786,0.1524247931003256,0.3517317382337328,0.05109209454945842,632,regime_comparison_01,democracy
full4,v2jupurge_lag1,2.7136200046539303,Expands Expression,3,0.5137323070725011,0.42209840224305567,0.6044522665080094,0.04704547749118194,632,regime_comparison_01,democracy
full4,v2jupurge_lag1,2.798080005645752,Mixed Outcome,2,0.24694868619774948,0.18422520140541998,0.32258307965813005,0.035393458475081456,632,regime_comparison_01,democracy
full4,v2jupurge_lag1,2.798080005645752,Contracts Expression,1,0.24397804009025906,0.15007138593585165,0.3709967484235388,0.05675311615770552,632,regime_comparison_01,democracy
full4,v2jupurge_lag1,2.798080005645752,Expands Expression,3,0.509073273711991,0.4087099550058094,0.6087104970526601,0.05171835288496719,632,regime_comparison_01,democracy
full4,v2jupurge_lag1,2.882540006637573,Mixed Outcome,2,0.24560663793649695,0.17649015770695853,0.3309137899482298,0.03952744904968158,632,regime_comparison_01,democracy
full4,v2jupurge_lag1,2.882540006637573,Contracts Expression,1,0.25003297613981357,0.1477048706995115,0.3907510885894335,0.06259724121684035,632,regime_comparison_01,democracy
full4,v2jupurge_lag1,2.882540006637573,Expands Expression,3,0.5043603859236898,0.39521748814107377,0.6130892950348077,0.056485858990844955,632,regime_comparison_01,democracy
full4,v2jupurge_lag1,2.9670000076293945,Mixed Outcome,2,0.2442227937835756,0.16889362276982364,0.33942834585216436,0.04368015517318098,632,regime_comparison_01,democracy
full4,v2jupurge_lag1,2.9670000076293945,Contracts Expression,1,0.2561827548484245,0.14533685088690096,0.41092196663493924,0.06861487772814301,632,regime_comparison_01,democracy
full4,v2jupurge_lag1,2.9670000076293945,Expands Expression,3,0.49959445136800074,0.38167547306301625,0.6175585598265068,0.06133023822468993,632,regime_comparison_01,democracy
full4,wdj_citizen_lag1,-0.1527777761220932,Mixed Outcome,2,0.28556923189562816,0.24360838447875532,0.3315892423681665,0.0224837405561487,632,regime_comparison_01,democracy
full4,wdj_citizen_lag1,-0.1527777761220932,Contracts Expression,1,0.16284044906736034,0.13014295177820406,0.20184670153984685,0.018254573461270664,632,regime_comparison_01,democracy
full4,wdj_citizen_lag1,-0.1527777761220932,Expands Expression,3,0.5515903190370113,0.5069288289449484,0.595434933280707,0.022637085312836945,632,regime_comparison_01,democracy
full4,wdj_citizen_lag1,-0.12972222059965133,Mixed Outcome,2,0.28277486633352955,0.24386975938098868,0.325217082143666,0.020782592427495344,632,regime_comparison_01,democracy
full4,wdj_citizen_lag1,-0.12972222059965133,Contracts Expression,1,0.1649777740269043,0.13515910934269437,0.19985477182060052,0.016478470812326295,632,regime_comparison_01,democracy
full4,wdj_citizen_lag1,-0.12972222059965133,Expands Expression,3,0.5522473596395673,0.5094367640539265,0.5942972116703028,0.021700073727713282,632,regime_comparison_01,democracy
full4,wdj_citizen_lag1,-0.10666666507720948,Mixed Outcome,2,0.2799912011764097,0.24387603224263318,0.31919685179539514,0.01923838975356693,632,regime_comparison_01,democracy
full4,wdj_citizen_lag1,-0.10666666507720948,Contracts Expression,1,0.16713261658852846,0.14016555280712595,0.19809268427065022,0.014760284172973709,632,regime_comparison_01,democracy
full4,wdj_citizen_lag1,-0.10666666507720948,Expands Expression,3,0.5528761822350623,0.5116542750973104,0.5933837596006871,0.0208958127433674,632,regime_comparison_01,democracy
full4,wdj_citizen_lag1,-0.08361110955476761,Mixed Outcome,2,0.2772184316538679,0.24356310287104138,0.3135962794436714,0.01788440775709134,632,regime_comparison_01,democracy
full4,wdj_citizen_lag1,-0.08361110955476761,Contracts Expression,1,0.16930491980874277,0.145078905043699,0.19664581371126044,0.013143692299776607,632,regime_comparison_01,democracy
full4,wdj_citizen_lag1,-0.08361110955476761,Expands Expression,3,0.553476648537389,0.5135500167054836,0.5927251142971721,0.020239963333524943,632,regime_comparison_01,democracy
full4,wdj_citizen_lag1,-0.06055555403232575,Mixed Outcome,2,0.27445675106081957,0.24285748083484712,0.30849233290695943,0.016758717171625553,632,regime_comparison_01,democracy
full4,wdj_citizen_lag1,-0.06055555403232575,Contracts Expression,1,0.17149462304124027,0.14977126448053646,0.19564378545689265,0.011694961951787531,632,regime_comparison_01,democracy
full4,wdj_citizen_lag1,-0.06055555403232575,Expands Expression,3,0.5540486258979401,0.515094010925428,0.5923504742878194,0.01974751918636479,632,regime_comparison_01,democracy
full4,wdj_citizen_lag1,-0.03749999850988389,Mixed Outcome,2,0.2717063506887824,0.2416822009858787,0.30396529923741544,0.015901168959750713,632,regime_comparison_01,democracy
full4,wdj_citizen_lag1,-0.03749999850988389,Contracts Expression,1,0.1737016619426081,0.1540541974458968,0.19527646181611252,0.010511097572690219,632,regime_comparison_01,democracy
full4,wdj_citizen_lag1,-0.03749999850988389,Expands Expression,3,0.5545919873686085,0.5162602053745146,0.5922851401818587,0.019431504607963453,632,regime_comparison_01,democracy
full4,wdj_citizen_lag1,-0.014444442987442019,Mixed Outcome,2,0.26896741975788185,0.23996820302157632,0.3000874008049626,0.01534759077133195,632,regime_comparison_01,democracy
full4,wdj_citizen_lag1,-0.014444442987442019,Contracts Expression,1,0.17592596847994132,0.157679165953644,0.19579349321222866,0.009719601110911157,632,regime_comparison_01,democracy
full4,wdj_citizen_lag1,-0.014444442987442019,Expands Expression,3,0.5551066117621765,0.5170291855879326,0.5925478014402641,0.01930159366562825,632,regime_comparison_01,democracy
full4,wdj_citizen_lag1,0.008611112534999826,Mixed Outcome,2,0.266240145349611,0.23766973296032204,0.2969073900648788,0.015121929484063778,632,regime_comparison_01,democracy
full4,wdj_citizen_lag1,0.008611112534999826,Contracts Expression,1,0.17816747094034754,0.16039093064763907,0.19745089436137814,0.009451200620401565,632,regime_comparison_01,democracy
full4,wdj_citizen_lag1,0.008611112534999826,Expands Expression,3,0.5555923837100415,0.5173904558288683,0.5931482548891918,0.019362949002756032,632,regime_comparison_01,democracy
full4,wdj_citizen_lag1,0.0316666680574417,Mixed Outcome,2,0.2635247123404335,0.23477809836234453,0.29443679118011995,0.015229229999270618,632,regime_comparison_01,democracy
full4,wdj_citizen_lag1,0.0316666680574417,Contracts Expression,1,0.1804260939423332,0.16204498685298316,0.2003935877313266,0.009779916263423217,632,regime_comparison_01,democracy
full4,wdj_citizen_lag1,0.0316666680574417,Expands Expression,3,0.5560491937172342,0.5173436800309987,0.5940861633257465,0.019615590316923986,632,regime_comparison_01,democracy
full4,wdj_citizen_lag1,0.05472222357988357,Mixed Outcome,2,0.26082130333626913,0.23132632908626868,0.292645236708354,0.015653249306212643,632,regime_comparison_01,democracy
full4,wdj_citizen_lag1,0.05472222357988357,Contracts Expression,1,0.182701758449059,0.16269365457556753,0.20456929361803028,0.010679145458041918,632,regime_comparison_01,democracy
full4,wdj_citizen_lag1,0.05472222357988357,Expands Expression,3,0.5564769382146719,0.5168985174508194,0.5953512196557854,0.020054478714931885,632,regime_comparison_01,democracy
full4,wdj_citizen_lag1,0.07777777910232542,Mixed Outcome,2,0.25813009860793923,0.22738164954283907,0.29146799338844487,0.016360284961852767,632,regime_comparison_01,democracy
full4,wdj_citizen_lag1,0.07777777910232542,Contracts Expression,1,0.18499438178344996,0.1625361478313155,0.20977844164710818,0.012047178382985366,632,regime_comparison_01,democracy
full4,wdj_citizen_lag1,0.07777777910232542,Expands Expression,3,0.5568755196086104,0.5160731129702515,0.5969246566391407,0.020670286374068127,632,regime_comparison_01,democracy
full4,wdj_citizen_lag1,0.10083333462476729,Mixed Outcome,2,0.25545127602761314,0.22303012369064287,0.290821315774832,0.01730699503661942,632,regime_comparison_01,democracy
full4,wdj_citizen_lag1,0.10083333462476729,Contracts Expression,1,0.1873038776451417,0.16180057058750527,0.21579215661329162,0.013767456239406586,632,regime_comparison_01,democracy
full4,wdj_citizen_lag1,0.10083333462476729,Expands Expression,3,0.5572448463272462,0.5148916941169968,0.5987816501887604,0.021450621104411274,632,regime_comparison_01,democracy
full4,wdj_citizen_lag1,0.12388889014720916,Mixed Outcome,2,0.25278501100633327,0.21836117357725732,0.2906179269057506,0.01844828315252946,632,regime_comparison_01,democracy
full4,wdj_citizen_lag1,0.12388889014720916,Contracts Expression,1,0.1896301561292462,0.16067281480109663,0.2224233433742817,0.015744888598485017,632,regime_comparison_01,democracy
full4,wdj_citizen_lag1,0.12388889014720916,Expands Expression,3,0.5575848328644212,0.5133818961152079,0.600893994923264,0.022381389196623205,632,regime_comparison_01,democracy
full4,wdj_citizen_lag1,0.14694444566965104,Mixed Outcome,2,0.2501314764326601,0.2134570324001148,0.2907775650180045,0.01974266828449791,632,regime_comparison_01,democracy
full4,wdj_citizen_lag1,0.14694444566965104,Contracts Expression,1,0.1919731237469146,0.15928402062867933,0.2295392109286037,0.01791227553260778,632,regime_comparison_01,democracy
full4,wdj_citizen_lag1,0.14694444566965104,Expands Expression,3,0.5578953998204252,0.5115723509255978,0.6032325160238685,0.02344802350444222,632,regime_comparison_01,democracy
full4,wdj_citizen_lag1,0.17000000119209285,Mixed Outcome,2,0.24749084261250323,0.20838787273620724,0.2912318556424282,0.021154762058346568,632,regime_comparison_01,democracy
full4,wdj_citizen_lag1,0.17000000119209285,Contracts Expression,1,0.19433268344767432,0.1577218844263582,0.23704995026449174,0.020224550886024276,632,regime_comparison_01,democracy
full4,wdj_citizen_lag1,0.17000000119209285,Expands Expression,3,0.5581764739398228,0.5094908472053233,0.605768910473115,0.024636420484632986,632,regime_comparison_01,democracy
full4,wdj_citizen_lag1,0.19305555671453473,Mixed Outcome,2,0.24486327721018733,0.20321095317035567,0.2919251658317512,0.022655698616617807,632,regime_comparison_01,democracy
full4,wdj_citizen_lag1,0.19305555671453473,Contracts Expression,1,0.1967087346435242,0.15604448929574646,0.24489489142716492,0.022651732252615738,632,regime_comparison_01,democracy
full4,wdj_citizen_lag1,0.19305555671453473,Expands Expression,3,0.558427988146289,0.5071631357063238,0.6084769431620173,0.025933548375930142,632,regime_comparison_01,democracy
full4,wdj_citizen_lag1,0.2161111122369766,Mixed Outcome,2,0.24224894519081447,0.19797183558353632,0.292813388237754,0.024222510238453836,632,regime_comparison_01,democracy
full4,wdj_citizen_lag1,0.2161111122369766,Contracts Expression,1,0.19910117323474996,0.15429070362507846,0.25303209455494835,0.025173618888698113,632,regime_comparison_01,democracy
full4,wdj_citizen_lag1,0.2161111122369766,Expands Expression,3,0.5586498815744361,0.5046123005170275,0.611333077463846,0.02732776721539412,632,regime_comparison_01,democracy
full4,wdj_citizen_lag1,0.23916666775941847,Mixed Outcome,2,0.23964800876395995,0.1927063271933859,0.2938620009220744,0.02583713482771553,632,regime_comparison_01,democracy
full4,wdj_citizen_lag1,0.23916666775941847,Contracts Expression,1,0.20150989163744407,0.1524870193128165,0.26143150338852394,0.027776304619474942,632,regime_comparison_01,democracy
full4,wdj_citizen_lag1,0.23916666775941847,Expands Expression,3,0.5588420995985959,0.5018585518365919,0.6143166845853926,0.028808934325931224,632,regime_comparison_01,democracy
full4,wdj_citizen_lag1,0.26222222328186034,Mixed Outcome,2,0.23706062732877226,0.18744244391967105,0.2950441063026117,0.027485413698552327,632,regime_comparison_01,democracy
full4,wdj_citizen_lag1,0.26222222328186034,Contracts Expression,1,0.20393477881269526,0.15065186981914655,0.2700706212890593,0.03044997580973136,632,regime_comparison_01,democracy
full4,wdj_citizen_lag1,0.26222222328186034,Expands Expression,3,0.559004593858533,0.4989192937469328,0.617409978227984,0.030368369994121184,632,regime_comparison_01,democracy
full4,wdj_citizen_lag1,0.28527777880430216,Mixed Outcome,2,0.23448695742050832,0.18220211153954655,0.29633873274331074,0.02915622398475531,632,regime_comparison_01,democracy
full4,wdj_citizen_lag1,0.28527777880430216,Contracts Expression,1,0.206375720297418,0.1487983446975707,0.27893179328069784,0.033187527080879076,632,regime_comparison_01,democracy
full4,wdj_citizen_lag1,0.28527777880430216,Expands Expression,3,0.5591373222820727,0.4958093481718249,0.620597793363493,0.03199874388988954,632,regime_comparison_01,democracy
full4,wdj_citizen_lag1,0.30833333432674404,Mixed Outcome,2,0.23192715265856312,0.1770025373559166,0.2977294660360688,0.03084077976748813,632,regime_comparison_01,democracy
full4,wdj_citizen_lag1,0.30833333432674404,Contracts Expression,1,0.2088325982367973,0.14693591491456778,0.28800047996018185,0.03598368152975973,632,regime_comparison_01,democracy
full4,wdj_citizen_lag1,0.30833333432674404,Expands Expression,3,0.5592402491046402,0.49254125107975777,0.6238672930600395,0.03369392498449603,632,regime_comparison_01,democracy
full4,wdj_citizen_lag1,0.3313888898491859,Mixed Outcome,2,0.22938136369603107,0.17185727672414094,0.2992033863993924,0.03253208934378734,632,regime_comparison_01,democracy
full4,wdj_citizen_lag1,0.3313888898491859,Contracts Expression,1,0.2113052914183039,0.14507154880171358,0.2972641435605229,0.03883442174183948,632,regime_comparison_01,democracy
full4,wdj_citizen_lag1,0.3313888898491859,Expands Expression,3,0.5593133448856645,0.4891255676093628,0.6272076566669439,0.035448822103349466,632,regime_comparison_01,democracy
full4,wdj_citizen_lag1,0.3544444453716278,Mixed Outcome,2,0.22684973817085072,0.16677704767664267,0.3007502577244973,0.03422454136590375,632,regime_comparison_01,democracy
full4,wdj_citizen_lag1,0.3544444453716278,Contracts Expression,1,0.21379367530726062,0.14321044835470084,0.30671151656123957,0.041736614445311196,632,regime_comparison_01,democracy
full4,wdj_citizen_lag1,0.3544444453716278,Expands Expression,3,0.5593565865218886,0.4855711955643595,0.6306097798970538,0.03725923064110298,632,regime_comparison_01,democracy
full4,wdj_citizen_lag1,0.37750000089406965,Mixed Outcome,2,0.224332420658568,0.1617703486749292,0.3023619140078868,0.03591359170000396,632,regime_comparison_01,democracy
full4,wdj_citizen_lag1,0.37750000089406965,Contracts Expression,1,0.2162976220839117,0.14135654497525596,0.31633211383287735,0.04468775786548149,632,regime_comparison_01,democracy
full4,wdj_citizen_lag1,0.37750000089406965,Expands Expression,3,0.559369957257521,0.4818856419703113,0.6340660020958853,0.03912169319623644,632,regime_comparison_01,democracy
full4,wdj_citizen_lag1,0.4005555564165115,Mixed Outcome,2,0.2218295526267618,0.15684392669307834,0.3040317957356349,0.03759552686611906,632,regime_comparison_01,democracy
full4,wdj_citizen_lag1,0.4005555564165115,Contracts Expression,1,0.2188170006819673,0.13951283987756022,0.3261159031479815,0.047685808313896384,632,regime_comparison_01,democracy
full4,wdj_citizen_lag1,0.4005555564165115,Expands Expression,3,0.559353446691272,0.478075266781459,0.6375698665878118,0.04103337709574087,632,regime_comparison_01,democracy
full4,wdj_citizen_lag1,0.4236111119389534,Mixed Outcome,2,0.21934127239116818,0.15200313303402097,0.3057545987862054,0.03926728493553088,632,regime_comparison_01,democracy
full4,wdj_citizen_lag1,0.4236111119389534,Contracts Expression,1,0.22135167682858195,0.1376816422313532,0.33605308100967485,0.050729058943160724,632,regime_comparison_01,democracy
full4,wdj_citizen_lag1,0.4236111119389534,Expands Expression,3,0.55930705078025,0.47414549317954136,0.641115914632473,0.04299196905494225,632,regime_comparison_01,democracy
full4,wdj_citizen_lag1,0.4466666674613953,Mixed Outcome,2,0.2168677150735426,0.1472521953689579,0.307526007330725,0.04092631931703205,632,regime_comparison_01,democracy
full4,wdj_citizen_lag1,0.4466666674613953,Contracts Expression,1,0.22390151308573247,0.13586473869526175,0.34613392013779865,0.05381605350293059,632,regime_comparison_01,democracy
full4,wdj_citizen_lag1,0.4466666674613953,Expands Expression,3,0.5592307718407252,0.470100986666923,0.6446995107607417,0.04499558581363143,632,regime_comparison_01,democracy
full4,wdj_citizen_lag1,0.46972222298383703,Mixed Outcome,2,0.21440901256128517,0.1425944272776204,0.3093424894217622,0.042570494548880226,632,regime_comparison_01,democracy
full4,wdj_citizen_lag1,0.46972222298383703,Contracts Expression,1,0.22646636889294902,0.13406351608355005,0.35634866682697475,0.05694552400653508,632,regime_comparison_01,democracy
full4,wdj_citizen_lag1,0.46972222298383703,Expands Expression,3,0.5591246185457658,0.46594580636258287,0.6483166960502534,0.047042698977528934,632,regime_comparison_01,democracy
full4,wdj_citizen_lag1,0.4927777785062789,Mixed Outcome,2,0.21196529346887516,0.1380323910312649,0.31120113949886585,0.044198006041768774,632,regime_comparison_01,democracy
full4,wdj_citizen_lag1,0.4927777785062789,Contracts Expression,1,0.22904610061137048,0.13227905146776656,0.36668747380087563,0.060116345013838696,632,regime_comparison_01,democracy
full4,wdj_citizen_lag1,0.4927777785062789,Expands Expression,3,0.5589886059197555,0.46168353222768804,0.6519640655788214,0.04913207213402548,632,regime_comparison_01,democracy
full4,wdj_citizen_lag1,0.5158333340287208,Mixed Outcome,2,0.20953668310112553,0.1335680252307666,0.31309955616841534,0.04580731782755605,632,regime_comparison_01,democracy
full4,wdj_citizen_lag1,0.5158333340287208,Contracts Expression,1,0.23164056156906698,0.1305121792888213,0.3771403588766784,0.06332749964586241,632,regime_comparison_01,democracy
full4,wdj_citizen_lag1,0.5158333340287208,Expands Expression,3,0.5588227553298075,0.4573173718117269,0.6556386664270776,0.051262708381928805,632,regime_comparison_01,democracy
full4,wdj_citizen_lag1,0.5388888895511627,Mixed Outcome,2,0.20712330341830665,0.12920274587002356,0.31503574665926337,0.04739711392290169,632,regime_comparison_01,democracy
full4,wdj_citizen_lag1,0.5388888895511627,Contracts Expression,1,0.23424960210761023,0.12876354199420578,0.387697182783274,0.06657805400853697,632,regime_comparison_01,democracy
full4,wdj_citizen_lag1,0.5388888895511627,Expands Expression,3,0.5586270944740837,0.4528502497514695,0.6593379129571113,0.05343380659888476,632,regime_comparison_01,democracy
full4,wdj_citizen_lag1,0.5619444450736045,Mixed Outcome,2,0.20472527300314233,0.12493752717036913,0.3170080515805355,0.0489662600533613,632,regime_comparison_01,democracy
full4,wdj_citizen_lag1,0.5619444450736045,Contracts Expression,1,0.23687306962982557,0.12703362870644502,0.3983476414494758,0.06986713772662295,632,regime_comparison_01,democracy
full4,wdj_citizen_lag1,0.5619444450736045,Expands Expression,3,0.5584016573670318,0.44828488282770057,0.6630595165186174,0.05564472498874819,632,regime_comparison_01,democracy
full4,wdj_citizen_lag1,0.5850000005960464,Mixed Outcome,2,0.20234270702971952,0.12077296690498535,0.319015085236173,0.050513773314876095,632,regime_comparison_01,democracy
full4,wdj_citizen_lag1,0.5850000005960464,Contracts Expression,1,0.23951080864870392,0.12532280508105162,0.40908126939835887,0.07319392897716645,632,regime_comparison_01,democracy
full4,wdj_citizen_lag1,0.5850000005960464,Expands Expression,3,0.5581464843215763,0.4436238429555523,0.6668014271608615,0.05789495067047007,632,regime_comparison_01,democracy
full4,wdj_citizen_lag1,0.6080555561184883,Mixed Outcome,2,0.19997571723432064,0.11670933974196541,0.321055687942146,0.05203879795801148,632,regime_comparison_01,democracy
full4,wdj_citizen_lag1,0.6080555561184883,Contracts Expression,1,0.24216266083740956,0.1236313366019519,0.4198874517626146,0.07655764287547268,632,regime_comparison_01,democracy
full4,wdj_citizen_lag1,0.6080555561184883,Expands Expression,3,0.5578616219282692,0.43886961008627656,0.6705617853242987,0.06018407427332863,632,regime_comparison_01,democracy
full4,wdj_citizen_lag1,0.6311111116409301,Mixed Outcome,2,0.1976244118881982,0.11274664125997483,0.3231288876684149,0.05354058592765568,632,regime_comparison_01,democracy
full4,wdj_citizen_lag1,0.6311111116409301,Contracts Expression,1,0.2448284650803673,0.12195940693270826,0.43075544304063695,0.0799575223881109,632,regime_comparison_01,democracy
full4,wdj_citizen_lag1,0.6311111116409301,Expands Expression,3,0.5575471230314348,0.43402461665342873,0.6743388818289104,0.06251176867951093,632,regime_comparison_01,democracy
full4,wdj_citizen_lag1,0.654166667163372,Mixed Outcome,2,0.19528889577231603,0.10888462464494743,0.32523386897470946,0.05501848112123668,632,regime_comparison_01,democracy
full4,wdj_citizen_lag1,0.654166667163372,Contracts Expression,1,0.24750805752535157,0.12030713250362601,0.44167439112786067,0.083392831170857,632,regime_comparison_01,democracy
full4,wdj_citizen_lag1,0.654166667163372,Expands Expression,3,0.5572030467023323,0.42909128490294196,0.6781311247685565,0.0648777712050492,632,regime_comparison_01,democracy
full4,wdj_citizen_lag1,0.6772222226858139,Mixed Outcome,2,0.1929692701540601,0.10512283159748123,0.3273699476891865,0.05647190657366245,632,regime_comparison_01,democracy
full4,wdj_citizen_lag1,0.6772222226858139,Contracts Expression,1,0.2502012716365641,0.11867457420472782,0.4526333654490799,0.08686284788773944,632,regime_comparison_01,democracy
full4,wdj_citizen_lag1,0.6772222226858139,Expands Expression,3,0.5568294582093759,0.424072058196677,0.6819370121692332,0.06728186863799736,632,regime_comparison_01,democracy
full4,wdj_citizen_lag1,0.7002777782082558,Mixed Outcome,2,0.19066563276593615,0.1014606186230453,0.329536550138255,0.057900353960566794,632,regime_comparison_01,democracy
full4,wdj_citizen_lag1,0.7002777782082558,Contracts Expression,1,0.25290793824863234,0.11706174683300119,0.46362138822360577,0.09036686168027357,632,regime_comparison_01,democracy
full4,wdj_citizen_lag1,0.7002777782082558,Expands Expression,3,0.5564264289854319,0.41896942717863944,0.6857551094693001,0.06972388465551431,632,regime_comparison_01,democracy
full4,wdj_citizen_lag1,0.7233333337306975,Mixed Outcome,2,0.1883780777862624,0.09789717960876601,0.3317331960057727,0.059303374949245695,632,regime_comparison_01,democracy
full4,wdj_citizen_lag1,0.7233333337306975,Contracts Expression,1,0.2556278856215014,0.11546862678200745,0.47462746804465683,0.09390416853770997,632,regime_comparison_01,democracy
full4,wdj_citizen_lag1,0.7233333337306975,Expands Expression,3,0.5559940365922366,0.41378595152681147,0.689584031046109,0.07220366922709524,632,regime_comparison_01,democracy
full4,wdj_citizen_lag1,0.7463888892531394,Mixed Outcome,2,0.18610669582186407,0.09443156538815496,0.33395948410346565,0.06068057403072681,632,regime_comparison_01,democracy
full4,wdj_citizen_lag1,0.7463888892531394,Contracts Expression,1,0.2583609394961595,0.1138951583440633,0.4856406350669143,0.09747406837946966,632,regime_comparison_01,democracy
full4,wdj_citizen_lag1,0.7463888892531394,Expands Expression,3,0.5555323646819766,0.40852427787667495,0.6934224251507836,0.07472108968202266,632,regime_comparison_01,democracy
full4,wdj_citizen_lag1,0.7694444447755813,Mixed Outcome,2,0.1838515738927729,0.0910627008409672,0.3362150804904563,0.062031602545996115,632,regime_comparison_01,democracy
full4,wdj_citizen_lag1,0.7694444447755813,Contracts Expression,1,0.26110692315116235,0.11234125890932732,0.49664997717973197,0.10107586270446431,632,regime_comparison_01,democracy
full4,wdj_citizen_lag1,0.7694444447755813,Expands Expression,3,0.5550415029560657,0.4031871543955648,0.6972689617213257,0.07727602317490573,632,regime_comparison_01,democracy
full4,wdj_citizen_lag1,0.7925000002980231,Mixed Outcome,2,0.18161279541893435,0.0877893999580304,0.33849970849830846,0.0633561536800132,632,regime_comparison_01,democracy
full4,wdj_citizen_lag1,0.7925000002980231,Contracts Expression,1,0.2638656574599033,0.11080682328117594,0.5076446766122394,0.10470885269525892,632,regime_comparison_01,democracy
full4,wdj_citizen_lag1,0.7925000002980231,Expands Expression,3,0.5545215471211626,0.39777744239755836,0.7011223226354116,0.07986835033035408,632,regime_comparison_01,democracy
full4,wdj_citizen_lag1,0.815555555820465,Mixed Outcome,2,0.17939044020892841,0.08461037921025283,0.34081314031060106,0.06465395824430176,632,regime_comparison_01,democracy
full4,wdj_citizen_lag1,0.815555555820465,Contracts Expression,1,0.2666369609486004,0.10929172727858609,0.5186140464734544,0.10837233768993859,632,regime_comparison_01,democracy
full4,wdj_citizen_lag1,0.815555555820465,Expands Expression,3,0.5539725988424722,0.392298125318392,0.7049811940370097,0.08249794988548413,632,regime_comparison_01,democracy
full4,wdj_citizen_lag1,0.8386111113429069,Mixed Outcome,2,0.17718458445068525,0.08152426949161841,0.3431551898162405,0.06592478110491784,632,regime_comparison_01,democracy
full4,wdj_citizen_lag1,0.8386111113429069,Contracts Expression,1,0.26942064985492437,0.10779583075993854,0.5295475667782912,0.11206561395276694,632,regime_comparison_01,democracy
full4,wdj_citizen_lag1,0.8386111113429069,Expands Expression,3,0.5533947656943916,0.3867523153155371,0.7088442604287986,0.08516469417879506,632,regime_comparison_01,democracy
full4,wdj_citizen_lag1,0.8616666668653488,Mixed Outcome,2,0.17499530070421315,0.0785296268515499,0.34552570651208264,0.06716841814124144,632,regime_comparison_01,democracy
full4,wdj_citizen_lag1,0.8616666668653488,Contracts Expression,1,0.27221653818726055,0.1063189801736462,0.5404349195573876,0.11578797368999562,632,regime_comparison_01,democracy
full4,wdj_citizen_lag1,0.8616666668653488,Expands Expression,3,0.552788161108526,0.3811432577107936,0.7127102002735444,0.08786844536077179,632,regime_comparison_01,democracy
full4,wdj_citizen_lag1,0.8847222223877906,Mixed Outcome,2,0.1728226578963186,0.07562494218984737,0.34792457027379686,0.06838469364322151,632,regime_comparison_01,democracy
full4,wdj_citizen_lag1,0.8847222223877906,Contracts Expression,1,0.2750244377845316,0.10486101072045574,0.5512660226876256,0.11953870426704731,632,regime_comparison_01,democracy
full4,wdj_citizen_lag1,0.8847222223877906,Expands Expression,3,0.5521529043191505,0.3754743334606272,0.7165776828846931,0.09060905222066146,632,regime_comparison_01,democracy
full4,wdj_citizen_lag1,0.9077777779102325,Mixed Outcome,2,0.17066672131730634,0.0728086500543484,0.35035168684821844,0.0695734580722421,632,regime_comparison_01,democracy
full4,wdj_citizen_lag1,0.9077777779102325,Contracts Expression,1,0.2778441583765469,0.10342174819432923,0.5620310621236676,0.1233170875930448,632,regime_comparison_01,democracy
full4,wdj_citizen_lag1,0.9077777779102325,Expands Expression,3,0.551489120306146,0.3697490598110643,0.7204453664197827,0.09338634754133522,632,regime_comparison_01,democracy
full4,wdj_citizen_lag1,0.9308333334326744,Mixed Outcome,2,0.16852755261966415,0.07007913665540395,0.3528069839478015,0.07073458612473392,632,regime_comparison_01,democracy
full4,wdj_citizen_lag1,0.9308333334326744,Contracts Expression,1,0.28067550764483623,0.10200101055637416,0.5727205222486803,0.12712239964464778,632,regime_comparison_01,democracy
full4,wdj_citizen_lag1,0.9308333334326744,Expands Expression,3,0.5507969397354986,0.36397108927270444,0.7243118968173106,0.09620014590826875,632,regime_comparison_01,democracy
full4,wdj_citizen_lag1,0.9538888889551163,Mixed Outcome,2,0.1664052098187023,0.06743474719065794,0.3552904078495282,0.0718679750487699,632,regime_comparison_01,democracy
full4,wdj_citizen_lag1,0.9538888889551163,Contracts Expression,1,0.2835182912839246,0.10059860928586702,0.5833252141017983,0.13095391010650345,632,regime_comparison_01,democracy
full4,wdj_citizen_lag1,0.9538888889551163,Expands Expression,3,0.5500764988973732,0.35814420703646255,0.728175907538893,0.09905024190970971,632,regime_comparison_01,democracy
full4,wdj_citizen_lag1,0.9769444444775581,Mixed Outcome,2,0.16429974729514357,0.06487379255730667,0.3578019204181184,0.07297354317279856,632,regime_comparison_01,democracy
full4,wdj_citizen_lag1,0.9769444444775581,Contracts Expression,1,0.28637231306299565,0.0992143505440517,0.5938363012791227,0.13481088210999143,632,regime_comparison_01,democracy
full4,wdj_citizen_lag1,0.9769444444775581,Expands Expression,3,0.5493279396418612,0.35227232693900823,0.7320360199970767,0.10193640867474006,632,regime_comparison_01,democracy
full4,wdj_citizen_lag1,1.0,Mixed Outcome,2,0.1622112157996456,0.062394555516015304,0.360341496487411,0.0740512286128354,632,regime_comparison_01,democracy
full4,wdj_citizen_lag1,1.0,Contracts Expression,1,0.28923737488791457,0.09784803617996259,0.6042453233431997,0.1386925720552115,632,regime_comparison_01,democracy
full4,wdj_citizen_lag1,1.0,Expands Expression,3,0.5485514093124401,0.3463594860785455,0.7358908445645129,0.10485839670398094,632,regime_comparison_01,democracy
