variable,coef,class_label,outcome,std_err,p_value,spec,base_category,stars,coef_se
Intercept,0.8981435795456288,Contracts Expression,Contracts Expression,0.22160942223902552,5.0603467380249476e-05,spec_base_1,Mixed Outcome,***,0.898*** (0.222)
Intercept,-0.11921883891767979,Expands Expression,Expands Expression,0.23292655510008842,0.6087698714646983,spec_base_1,Mixed Outcome,,-0.119 (0.233)
wdj_expression_lag1,0.10482242139866281,Contracts Expression,Contracts Expression,0.2809740308819084,0.7090978301079354,spec_base_1,Mixed Outcome,,0.105 (0.281)
wdj_expression_lag1,0.17293970842768644,Expands Expression,Expands Expression,0.28862149767187206,0.5490448200002638,spec_base_1,Mixed Outcome,,0.173 (0.289)
v2jureform_lag1,-0.21197629329276313,Contracts Expression,Contracts Expression,0.15307163268538046,0.16610824330114016,spec_base_1,Mixed Outcome,,-0.212 (0.153)
v2jureform_lag1,-0.02803425504472944,Expands Expression,Expands Expression,0.17969535271115658,0.8760252131511899,spec_base_1,Mixed Outcome,,-0.028 (0.18)
Intercept,0.9562839519011618,Contracts Expression,Contracts Expression,0.2493455153888634,0.00012547438054086904,spec_base_2,Mixed Outcome,***,0.956*** (0.249)
Intercept,-0.13786427666217066,Expands Expression,Expands Expression,0.27258665473810617,0.6130229522677119,spec_base_2,Mixed Outcome,,-0.138 (0.273)
wdj_expression_lag1,0.04225865211483668,Contracts Expression,Contracts Expression,0.308597139643875,0.891079860989495,spec_base_2,Mixed Outcome,,0.042 (0.309)
wdj_expression_lag1,0.1831132473554372,Expands Expression,Expands Expression,0.3227688344560709,0.5704967235550433,spec_base_2,Mixed Outcome,,0.183 (0.323)
v2jupoatck_lag1,-0.11900737195232651,Contracts Expression,Contracts Expression,0.12131370186499886,0.3265983088569223,spec_base_2,Mixed Outcome,,-0.119 (0.121)
v2jupoatck_lag1,0.021501762019501398,Expands Expression,Expands Expression,0.1424206626367285,0.8799965309736935,spec_base_2,Mixed Outcome,,0.022 (0.142)
Intercept,0.8658449373324468,Contracts Expression,Contracts Expression,0.29882490102487597,0.0037615059456502006,spec_base_3,Mixed Outcome,***,0.866*** (0.299)
Intercept,-0.3603007826999467,Expands Expression,Expands Expression,0.349869546348752,0.30309702458106336,spec_base_3,Mixed Outcome,,-0.36 (0.35)
wdj_expression_lag1,0.0742993741781771,Contracts Expression,Contracts Expression,0.2870381912511717,0.7957522186961419,spec_base_3,Mixed Outcome,,0.074 (0.287)
wdj_expression_lag1,0.06955182841739822,Expands Expression,Expands Expression,0.2870374095433268,0.8085405225865111,spec_base_3,Mixed Outcome,,0.07 (0.287)
v2jupack_lag1,0.03221546132466364,Contracts Expression,Contracts Expression,0.16057505191580354,0.8409913625716805,spec_base_3,Mixed Outcome,,0.032 (0.161)
v2jupack_lag1,0.25596365193994314,Expands Expression,Expands Expression,0.19314970366168585,0.18510196764511921,spec_base_3,Mixed Outcome,,0.256 (0.193)
Intercept,-2.1589699431754332,Contracts Expression,Contracts Expression,0.6525309993750682,0.0009376067641647304,spec_extended_1,Mixed Outcome,***,-2.159*** (0.653)
Intercept,-3.7246913240164554,Expands Expression,Expands Expression,0.8082591394974142,4.05997006518185e-06,spec_extended_1,Mixed Outcome,***,-3.725*** (0.808)
wdj_expression_lag1,-0.08058964959375381,Contracts Expression,Contracts Expression,0.19619468399724146,0.6812458306483871,spec_extended_1,Mixed Outcome,,-0.081 (0.196)
wdj_expression_lag1,-0.09287081847581047,Expands Expression,Expands Expression,0.24095873560376255,0.6999247220067604,spec_extended_1,Mixed Outcome,,-0.093 (0.241)
v2jureform_lag1,-0.33474378696909673,Contracts Expression,Contracts Expression,0.12389669734966767,0.006896575159473369,spec_extended_1,Mixed Outcome,***,-0.335*** (0.124)
v2jureform_lag1,-0.1839669045061707,Expands Expression,Expands Expression,0.2503970990986772,0.46252184130261265,spec_extended_1,Mixed Outcome,,-0.184 (0.25)
v2x_polyarchy_lag1,3.4870241754507907,Contracts Expression,Contracts Expression,1.2153318028064442,0.00411517745171575,spec_extended_1,Mixed Outcome,***,3.487*** (1.215)
v2x_polyarchy_lag1,5.182032176477089,Expands Expression,Expands Expression,1.4400213204780967,0.00031995921446893787,spec_extended_1,Mixed Outcome,***,5.182*** (1.44)
v2jureview_lag1,0.8298983624956945,Contracts Expression,Contracts Expression,0.3226043928899029,0.010096825631112066,spec_extended_1,Mixed Outcome,**,0.83** (0.323)
v2jureview_lag1,0.3822903153701986,Expands Expression,Expands Expression,0.3732216977499961,0.3056944451461181,spec_extended_1,Mixed Outcome,,0.382 (0.373)
legal_common,-2.1902480007332166,Contracts Expression,Contracts Expression,0.34919151867256376,3.5566140401459436e-10,spec_extended_1,Mixed Outcome,***,-2.19*** (0.349)
legal_common,-0.8534641573592546,Expands Expression,Expands Expression,0.5399293379294566,0.11394755807040184,spec_extended_1,Mixed Outcome,,-0.853 (0.54)
legal_civil,-0.6711549970475748,Contracts Expression,Contracts Expression,0.3679223459699098,0.06812551649023063,spec_extended_1,Mixed Outcome,*,-0.671* (0.368)
legal_civil,-0.3494616224583914,Expands Expression,Expands Expression,0.4862646046526771,0.47234701069158147,spec_extended_1,Mixed Outcome,,-0.349 (0.486)
high_court,0.41807291479785746,Contracts Expression,Contracts Expression,0.27876705294272464,0.13368658492969007,spec_extended_1,Mixed Outcome,,0.418 (0.279)
high_court,0.4564806914882955,Expands Expression,Expands Expression,0.2745915079614206,0.09643276773404182,spec_extended_1,Mixed Outcome,*,0.456* (0.275)
j_ind_lag1,0.24838634229563314,Contracts Expression,Contracts Expression,0.26457336771543083,0.3478239969450424,spec_extended_1,Mixed Outcome,,0.248 (0.265)
j_ind_lag1,-0.13815044262055792,Expands Expression,Expands Expression,0.2668305857740212,0.6046355666206906,spec_extended_1,Mixed Outcome,,-0.138 (0.267)
Intercept,-5.770121417491669,Contracts Expression,Contracts Expression,1.3326055186617696,1.4914007510581238e-05,spec_extended_1_spline,Mixed Outcome,***,-5.77*** (1.333)
Intercept,-2.6801958444885012,Expands Expression,Expands Expression,0.9755137056481662,0.006005677691474652,spec_extended_1_spline,Mixed Outcome,***,-2.68*** (0.976)
"bs(year, df=4)[0]",6.322949345863117,Contracts Expression,Contracts Expression,3.174899260120451,0.046421189951489014,spec_extended_1_spline,Mixed Outcome,**,6.323** (3.175)
"bs(year, df=4)[0]",-5.099439063108566,Expands Expression,Expands Expression,2.4515511684109073,0.03751757815921142,spec_extended_1_spline,Mixed Outcome,**,-5.099** (2.452)
"bs(year, df=4)[1]",4.25978188302679,Contracts Expression,Contracts Expression,0.7873419712734102,6.290782625696625e-08,spec_extended_1_spline,Mixed Outcome,***,4.26*** (0.787)
"bs(year, df=4)[1]",1.004876149068771,Expands Expression,Expands Expression,1.2106222664790833,0.40651091792290417,spec_extended_1_spline,Mixed Outcome,,1.005 (1.211)
"bs(year, df=4)[2]",3.5461075604257113,Contracts Expression,Contracts Expression,1.5462271685836781,0.021825352242950527,spec_extended_1_spline,Mixed Outcome,**,3.546** (1.546)
"bs(year, df=4)[2]",-1.1457267390411707,Expands Expression,Expands Expression,0.8695928523273093,0.18765638335026003,spec_extended_1_spline,Mixed Outcome,,-1.146 (0.87)
"bs(year, df=4)[3]",6.0792036129022655,Contracts Expression,Contracts Expression,2.0260302840927586,0.002694931846226068,spec_extended_1_spline,Mixed Outcome,***,6.079*** (2.026)
"bs(year, df=4)[3]",2.175044029449684,Expands Expression,Expands Expression,1.8618278148785163,0.24271380292465872,spec_extended_1_spline,Mixed Outcome,,2.175 (1.862)
wdj_expression_lag1,-0.15453421046055138,Contracts Expression,Contracts Expression,0.26692985223652044,0.5626351146530444,spec_extended_1_spline,Mixed Outcome,,-0.155 (0.267)
wdj_expression_lag1,-0.3795570984685646,Expands Expression,Expands Expression,0.4197346880588091,0.3658476882543765,spec_extended_1_spline,Mixed Outcome,,-0.38 (0.42)
v2jureform_lag1,-0.3651950811949923,Contracts Expression,Contracts Expression,0.11854118909206976,0.0020648395425495996,spec_extended_1_spline,Mixed Outcome,***,-0.365*** (0.119)
v2jureform_lag1,-0.15646635724013816,Expands Expression,Expands Expression,0.2379191423118476,0.5107662097029544,spec_extended_1_spline,Mixed Outcome,,-0.156 (0.238)
v2x_polyarchy_lag1,3.1733348855504184,Contracts Expression,Contracts Expression,1.233297213033892,0.010080676328584275,spec_extended_1_spline,Mixed Outcome,**,3.173** (1.233)
v2x_polyarchy_lag1,4.428064669789881,Expands Expression,Expands Expression,1.5333132577015074,0.003878156595477187,spec_extended_1_spline,Mixed Outcome,***,4.428*** (1.533)
v2jureview_lag1,0.7836166889924163,Contracts Expression,Contracts Expression,0.328559728410581,0.017078875953832038,spec_extended_1_spline,Mixed Outcome,**,0.784** (0.329)
v2jureview_lag1,0.36905477212847987,Expands Expression,Expands Expression,0.36110923146469665,0.3067794094266233,spec_extended_1_spline,Mixed Outcome,,0.369 (0.361)
legal_common,-2.2005765739383762,Contracts Expression,Contracts Expression,0.3749428598129982,4.381710896722055e-09,spec_extended_1_spline,Mixed Outcome,***,-2.201*** (0.375)
legal_common,-0.6355143528670896,Expands Expression,Expands Expression,0.5137731738395435,0.21610374848889158,spec_extended_1_spline,Mixed Outcome,,-0.636 (0.514)
legal_civil,-0.6949523416394682,Contracts Expression,Contracts Expression,0.3606894689994425,0.05401289957514856,spec_extended_1_spline,Mixed Outcome,*,-0.695* (0.361)
legal_civil,-0.28583309053011735,Expands Expression,Expands Expression,0.44975301205805873,0.5250805474536062,spec_extended_1_spline,Mixed Outcome,,-0.286 (0.45)
high_court,0.269079737149665,Contracts Expression,Contracts Expression,0.31649915836747083,0.39522768428393074,spec_extended_1_spline,Mixed Outcome,,0.269 (0.316)
high_court,0.48065237357363855,Expands Expression,Expands Expression,0.2776586607301406,0.08343555785392642,spec_extended_1_spline,Mixed Outcome,*,0.481* (0.278)
j_ind_lag1,0.3212825542072359,Contracts Expression,Contracts Expression,0.26752035533521984,0.22976482087073347,spec_extended_1_spline,Mixed Outcome,,0.321 (0.268)
j_ind_lag1,-0.0398901546335057,Expands Expression,Expands Expression,0.28050813533374025,0.8869166879747793,spec_extended_1_spline,Mixed Outcome,,-0.04 (0.281)
Intercept,72.52019396232708,Contracts Expression,Contracts Expression,53.85179560353971,0.1780889533970833,spec_extended_1_spline_interact,Mixed Outcome,,72.52 (53.852)
Intercept,98.18927711124158,Expands Expression,Expands Expression,88.72399552678826,0.2684313024544237,spec_extended_1_spline_interact,Mixed Outcome,,98.189 (88.724)
"bs(year, df=4)[0]",-39.770179982372,Contracts Expression,Contracts Expression,57.12387880254882,0.48629771712657555,spec_extended_1_spline_interact,Mixed Outcome,,-39.77 (57.124)
"bs(year, df=4)[0]",-127.87485714901463,Expands Expression,Expands Expression,89.67249100470328,0.1538622744626378,spec_extended_1_spline_interact,Mixed Outcome,,-127.875 (89.672)
"bs(year, df=4)[1]",-85.84785682720319,Contracts Expression,Contracts Expression,54.940772587775285,0.11815782277453986,spec_extended_1_spline_interact,Mixed Outcome,,-85.848 (54.941)
"bs(year, df=4)[1]",-93.28014382752127,Expands Expression,Expands Expression,89.34546214835436,0.29646736239559246,spec_extended_1_spline_interact,Mixed Outcome,,-93.28 (89.345)
"bs(year, df=4)[2]",-72.95318809453835,Contracts Expression,Contracts Expression,53.63004328654602,0.1737335915733106,spec_extended_1_spline_interact,Mixed Outcome,,-72.953 (53.63)
"bs(year, df=4)[2]",-103.39372192302335,Expands Expression,Expands Expression,88.85613420615817,0.2445828471460798,spec_extended_1_spline_interact,Mixed Outcome,,-103.394 (88.856)
"bs(year, df=4)[3]",-70.80324360225167,Contracts Expression,Contracts Expression,53.76544545618783,0.18787508656421303,spec_extended_1_spline_interact,Mixed Outcome,,-70.803 (53.765)
"bs(year, df=4)[3]",-92.69716200565782,Expands Expression,Expands Expression,89.49424631177867,0.3003005586038968,spec_extended_1_spline_interact,Mixed Outcome,,-92.697 (89.494)
v2x_polyarchy_lag1,-154.3711450460839,Contracts Expression,Contracts Expression,102.98758207191203,0.13389187166137909,spec_extended_1_spline_interact,Mixed Outcome,,-154.371 (102.988)
v2x_polyarchy_lag1,-181.4038587514762,Expands Expression,Expands Expression,166.63347130958206,0.2763126793706274,spec_extended_1_spline_interact,Mixed Outcome,,-181.404 (166.633)
"bs(year, df=4)[0]:v2x_polyarchy_lag1",130.74439160478477,Contracts Expression,Contracts Expression,114.33060990850737,0.25280441873165826,spec_extended_1_spline_interact,Mixed Outcome,,130.744 (114.331)
"bs(year, df=4)[0]:v2x_polyarchy_lag1",231.13273207108176,Expands Expression,Expands Expression,185.12714610362693,0.2118450624778675,spec_extended_1_spline_interact,Mixed Outcome,,231.133 (185.127)
"bs(year, df=4)[1]:v2x_polyarchy_lag1",170.2448193266974,Contracts Expression,Contracts Expression,101.66779236427826,0.09402831644469271,spec_extended_1_spline_interact,Mixed Outcome,*,170.245* (101.668)
"bs(year, df=4)[1]:v2x_polyarchy_lag1",173.70228785181274,Expands Expression,Expands Expression,162.63843665699204,0.2855082044115388,spec_extended_1_spline_interact,Mixed Outcome,,173.702 (162.638)
"bs(year, df=4)[2]:v2x_polyarchy_lag1",155.49282549466673,Contracts Expression,Contracts Expression,103.29225749097816,0.1322295749648497,spec_extended_1_spline_interact,Mixed Outcome,,155.493 (103.292)
"bs(year, df=4)[2]:v2x_polyarchy_lag1",188.52395083302414,Expands Expression,Expands Expression,167.9515942857753,0.2616542436560779,spec_extended_1_spline_interact,Mixed Outcome,,188.524 (167.952)
"bs(year, df=4)[3]:v2x_polyarchy_lag1",154.62249160044084,Contracts Expression,Contracts Expression,102.66625327169919,0.13204938610817002,spec_extended_1_spline_interact,Mixed Outcome,,154.622 (102.666)
"bs(year, df=4)[3]:v2x_polyarchy_lag1",177.44761556875903,Expands Expression,Expands Expression,167.52931965972147,0.2895071825449078,spec_extended_1_spline_interact,Mixed Outcome,,177.448 (167.529)
wdj_expression_lag1,-0.12566487717057545,Contracts Expression,Contracts Expression,0.36694258287576564,0.7320012140127121,spec_extended_1_spline_interact,Mixed Outcome,,-0.126 (0.367)
wdj_expression_lag1,-0.5166472720910246,Expands Expression,Expands Expression,0.507220939569276,0.30840037365105033,spec_extended_1_spline_interact,Mixed Outcome,,-0.517 (0.507)
v2jureform_lag1,-0.40665689130270843,Contracts Expression,Contracts Expression,0.12809335279149955,0.0014999582672614864,spec_extended_1_spline_interact,Mixed Outcome,***,-0.407*** (0.128)
v2jureform_lag1,-0.20486993692468622,Expands Expression,Expands Expression,0.2332386179071158,0.3797426520208821,spec_extended_1_spline_interact,Mixed Outcome,,-0.205 (0.233)
v2jureview_lag1,0.822428457885262,Contracts Expression,Contracts Expression,0.3153570702217546,0.0091092176157111,spec_extended_1_spline_interact,Mixed Outcome,***,0.822*** (0.315)
v2jureview_lag1,0.27448226162711686,Expands Expression,Expands Expression,0.36321698950296505,0.44983043356343055,spec_extended_1_spline_interact,Mixed Outcome,,0.274 (0.363)
legal_common,-2.287600116546324,Contracts Expression,Contracts Expression,0.3883714584509298,3.856410570857282e-09,spec_extended_1_spline_interact,Mixed Outcome,***,-2.288*** (0.388)
legal_common,-0.6120593390293257,Expands Expression,Expands Expression,0.48958817378746633,0.21124424780733653,spec_extended_1_spline_interact,Mixed Outcome,,-0.612 (0.49)
legal_civil,-0.7241027717386053,Contracts Expression,Contracts Expression,0.364414289837077,0.04691887618489221,spec_extended_1_spline_interact,Mixed Outcome,**,-0.724** (0.364)
legal_civil,-0.3321469066624674,Expands Expression,Expands Expression,0.4420947511090639,0.4524706046986783,spec_extended_1_spline_interact,Mixed Outcome,,-0.332 (0.442)
high_court,0.22089164462717248,Contracts Expression,Contracts Expression,0.3186736057548726,0.488209446634856,spec_extended_1_spline_interact,Mixed Outcome,,0.221 (0.319)
high_court,0.4310810295119867,Expands Expression,Expands Expression,0.280856731574371,0.12481361382373078,spec_extended_1_spline_interact,Mixed Outcome,,0.431 (0.281)
j_ind_lag1,0.3500186391250158,Contracts Expression,Contracts Expression,0.2715641139171512,0.1974332987395565,spec_extended_1_spline_interact,Mixed Outcome,,0.35 (0.272)
j_ind_lag1,-0.05176688788921377,Expands Expression,Expands Expression,0.2789325930726561,0.8527668924063678,spec_extended_1_spline_interact,Mixed Outcome,,-0.052 (0.279)
Intercept,-2.121466554353236,Contracts Expression,Contracts Expression,0.6478158921433197,0.001057373399109058,spec_extended_2,Mixed Outcome,***,-2.121*** (0.648)
Intercept,-3.8041098095765236,Expands Expression,Expands Expression,0.7618739124888101,5.9418912857508e-07,spec_extended_2,Mixed Outcome,***,-3.804*** (0.762)
wdj_expression_lag1,-0.2790170359281681,Contracts Expression,Contracts Expression,0.212486656018821,0.1891479728469564,spec_extended_2,Mixed Outcome,,-0.279 (0.212)
wdj_expression_lag1,-0.31717164060204583,Expands Expression,Expands Expression,0.26395895220527044,0.22952065081915962,spec_extended_2,Mixed Outcome,,-0.317 (0.264)
v2jupoatck_lag1,-0.19345994532121932,Contracts Expression,Contracts Expression,0.10173614576360371,0.057225409149407,spec_extended_2,Mixed Outcome,*,-0.193* (0.102)
v2jupoatck_lag1,-0.233449173879824,Expands Expression,Expands Expression,0.1276360693417597,0.06739631836915692,spec_extended_2,Mixed Outcome,*,-0.233* (0.128)
v2x_polyarchy_lag1,3.3924595938373896,Contracts Expression,Contracts Expression,1.1085991309945602,0.0022123951435302327,spec_extended_2,Mixed Outcome,***,3.392*** (1.109)
v2x_polyarchy_lag1,5.515180377852426,Expands Expression,Expands Expression,1.2979429438592875,2.145639261420366e-05,spec_extended_2,Mixed Outcome,***,5.515*** (1.298)
v2jureview_lag1,0.7729975942232921,Contracts Expression,Contracts Expression,0.32157036847358555,0.016224717023503293,spec_extended_2,Mixed Outcome,**,0.773** (0.322)
v2jureview_lag1,0.28420117593604777,Expands Expression,Expands Expression,0.36386509170465386,0.4347660630848692,spec_extended_2,Mixed Outcome,,0.284 (0.364)
legal_common,-1.712319504911708,Contracts Expression,Contracts Expression,0.32526050003256995,1.406052701051132e-07,spec_extended_2,Mixed Outcome,***,-1.712*** (0.325)
legal_common,-0.5300304684169949,Expands Expression,Expands Expression,0.4765744930849706,0.26606631386523893,spec_extended_2,Mixed Outcome,,-0.53 (0.477)
legal_civil,-0.35198584988009896,Contracts Expression,Contracts Expression,0.32771373381520674,0.28279355219383373,spec_extended_2,Mixed Outcome,,-0.352 (0.328)
legal_civil,-0.19910119457884398,Expands Expression,Expands Expression,0.42648346811802584,0.6406115831405652,spec_extended_2,Mixed Outcome,,-0.199 (0.426)
high_court,0.5132355165118864,Contracts Expression,Contracts Expression,0.28199571523546685,0.06875721482376568,spec_extended_2,Mixed Outcome,*,0.513* (0.282)
high_court,0.5374338034321005,Expands Expression,Expands Expression,0.27312480564019703,0.049099984767768265,spec_extended_2,Mixed Outcome,**,0.537** (0.273)
j_ind_lag1,0.1806953113276968,Contracts Expression,Contracts Expression,0.2678971557724503,0.49999661782037486,spec_extended_2,Mixed Outcome,,0.181 (0.268)
j_ind_lag1,-0.17848843512689888,Expands Expression,Expands Expression,0.25259531083884956,0.4798037971371518,spec_extended_2,Mixed Outcome,,-0.178 (0.253)
Intercept,-5.922806227408855,Contracts Expression,Contracts Expression,1.5428344513648904,0.00012358053406037292,spec_extended_2_spline,Mixed Outcome,***,-5.923*** (1.543)
Intercept,-2.670504416571969,Expands Expression,Expands Expression,1.0024617447384874,0.007722985334710986,spec_extended_2_spline,Mixed Outcome,***,-2.671*** (1.002)
"bs(year, df=4)[0]",7.285960382062179,Contracts Expression,Contracts Expression,3.6972440734168144,0.04876434593696518,spec_extended_2_spline,Mixed Outcome,**,7.286** (3.697)
"bs(year, df=4)[0]",-4.689822590087567,Expands Expression,Expands Expression,2.7586664789613713,0.08912481800543044,spec_extended_2_spline,Mixed Outcome,*,-4.69* (2.759)
"bs(year, df=4)[1]",3.945513325756731,Contracts Expression,Contracts Expression,0.773794089059778,3.4159881164609584e-07,spec_extended_2_spline,Mixed Outcome,***,3.946*** (0.774)
"bs(year, df=4)[1]",0.6772403026430459,Expands Expression,Expands Expression,1.3247097901066973,0.6091853015385097,spec_extended_2_spline,Mixed Outcome,,0.677 (1.325)
"bs(year, df=4)[2]",3.751010985441089,Contracts Expression,Contracts Expression,1.8389017873778102,0.04136921385040442,spec_extended_2_spline,Mixed Outcome,**,3.751** (1.839)
"bs(year, df=4)[2]",-1.226003869532093,Expands Expression,Expands Expression,0.9360976064015383,0.1902984880392975,spec_extended_2_spline,Mixed Outcome,,-1.226 (0.936)
"bs(year, df=4)[3]",6.411137227252321,Contracts Expression,Contracts Expression,2.027824417939663,0.0015691355593292983,spec_extended_2_spline,Mixed Outcome,***,6.411*** (2.028)
"bs(year, df=4)[3]",2.17249094774198,Expands Expression,Expands Expression,1.7761293002678855,0.22126913571034634,spec_extended_2_spline,Mixed Outcome,,2.172 (1.776)
wdj_expression_lag1,-0.4761370414986539,Contracts Expression,Contracts Expression,0.276558528742417,0.08513290679078614,spec_extended_2_spline,Mixed Outcome,*,-0.476* (0.277)
wdj_expression_lag1,-0.6126605379026173,Expands Expression,Expands Expression,0.4727251284775084,0.19496909238854898,spec_extended_2_spline,Mixed Outcome,,-0.613 (0.473)
v2jupoatck_lag1,-0.26643902302099204,Contracts Expression,Contracts Expression,0.0989466402065402,0.007086440150104714,spec_extended_2_spline,Mixed Outcome,***,-0.266*** (0.099)
v2jupoatck_lag1,-0.22694145541008534,Expands Expression,Expands Expression,0.14606044242730984,0.1202439911272279,spec_extended_2_spline,Mixed Outcome,,-0.227 (0.146)
v2x_polyarchy_lag1,3.3731248503275175,Contracts Expression,Contracts Expression,1.193614036864502,0.004713676740373955,spec_extended_2_spline,Mixed Outcome,***,3.373*** (1.194)
v2x_polyarchy_lag1,4.894216736745683,Expands Expression,Expands Expression,1.54482054208719,0.0015341455317336235,spec_extended_2_spline,Mixed Outcome,***,4.894*** (1.545)
v2jureview_lag1,0.6798508683484797,Contracts Expression,Contracts Expression,0.320847235283328,0.034096900543411385,spec_extended_2_spline,Mixed Outcome,**,0.68** (0.321)
v2jureview_lag1,0.2729145186976303,Expands Expression,Expands Expression,0.36154729435445265,0.45033808710762324,spec_extended_2_spline,Mixed Outcome,,0.273 (0.362)
legal_common,-1.6647909687136049,Contracts Expression,Contracts Expression,0.32522225416835665,3.072688897718553e-07,spec_extended_2_spline,Mixed Outcome,***,-1.665*** (0.325)
legal_common,-0.3574015304017237,Expands Expression,Expands Expression,0.45733664172833954,0.43451754634356554,spec_extended_2_spline,Mixed Outcome,,-0.357 (0.457)
legal_civil,-0.3461799821781209,Contracts Expression,Contracts Expression,0.31207745702315276,0.2673112058020689,spec_extended_2_spline,Mixed Outcome,,-0.346 (0.312)
legal_civil,-0.1783064771375593,Expands Expression,Expands Expression,0.4084122645765904,0.6624126828576399,spec_extended_2_spline,Mixed Outcome,,-0.178 (0.408)
high_court,0.36329309701953694,Contracts Expression,Contracts Expression,0.335192115937483,0.2784377652140374,spec_extended_2_spline,Mixed Outcome,,0.363 (0.335)
high_court,0.5413704820717589,Expands Expression,Expands Expression,0.2991354006167688,0.07032927960883044,spec_extended_2_spline,Mixed Outcome,*,0.541* (0.299)
j_ind_lag1,0.22009534575188572,Contracts Expression,Contracts Expression,0.2638230283214446,0.40413801878983824,spec_extended_2_spline,Mixed Outcome,,0.22 (0.264)
j_ind_lag1,-0.10675088956524026,Expands Expression,Expands Expression,0.26367555674851434,0.685582642308011,spec_extended_2_spline,Mixed Outcome,,-0.107 (0.264)
Intercept,83.10448450974546,Contracts Expression,Contracts Expression,53.32483764375381,0.11912487365510221,spec_extended_2_spline_interact,Mixed Outcome,,83.104 (53.325)
Intercept,102.41363716670978,Expands Expression,Expands Expression,87.50566058861789,0.2418537708750288,spec_extended_2_spline_interact,Mixed Outcome,,102.414 (87.506)
"bs(year, df=4)[0]",-49.29301591240196,Contracts Expression,Contracts Expression,55.21910680316684,0.37202833431558124,spec_extended_2_spline_interact,Mixed Outcome,,-49.293 (55.219)
"bs(year, df=4)[0]",-131.70185458912002,Expands Expression,Expands Expression,88.77858816025825,0.13794514807540126,spec_extended_2_spline_interact,Mixed Outcome,,-131.702 (88.779)
"bs(year, df=4)[1]",-97.36725869299721,Contracts Expression,Contracts Expression,54.830171992182215,0.07576637106616815,spec_extended_2_spline_interact,Mixed Outcome,*,-97.367* (54.83)
"bs(year, df=4)[1]",-98.49349093025388,Expands Expression,Expands Expression,87.9808199363594,0.262931916431304,spec_extended_2_spline_interact,Mixed Outcome,,-98.493 (87.981)
"bs(year, df=4)[2]",-83.32638832286162,Contracts Expression,Contracts Expression,53.058276823438476,0.1163059998202246,spec_extended_2_spline_interact,Mixed Outcome,,-83.326 (53.058)
"bs(year, df=4)[2]",-107.5148923167449,Expands Expression,Expands Expression,87.69305766733953,0.22018492774890674,spec_extended_2_spline_interact,Mixed Outcome,,-107.515 (87.693)
"bs(year, df=4)[3]",-82.9515933006507,Contracts Expression,Contracts Expression,53.46285745665978,0.12076412691764243,spec_extended_2_spline_interact,Mixed Outcome,,-82.952 (53.463)
"bs(year, df=4)[3]",-97.98307220346248,Expands Expression,Expands Expression,88.23860188176488,0.2668124025512604,spec_extended_2_spline_interact,Mixed Outcome,,-97.983 (88.239)
v2x_polyarchy_lag1,-174.79688069566564,Contracts Expression,Contracts Expression,102.53753497352513,0.08824830651206184,spec_extended_2_spline_interact,Mixed Outcome,*,-174.797* (102.538)
v2x_polyarchy_lag1,-188.95485806503672,Expands Expression,Expands Expression,164.35484732529196,0.25027725606976514,spec_extended_2_spline_interact,Mixed Outcome,,-188.955 (164.355)
"bs(year, df=4)[0]:v2x_polyarchy_lag1",153.343354432334,Contracts Expression,Contracts Expression,112.00625877757307,0.17098033685641945,spec_extended_2_spline_interact,Mixed Outcome,,153.343 (112.006)
"bs(year, df=4)[0]:v2x_polyarchy_lag1",240.045208101403,Expands Expression,Expands Expression,183.0868893130926,0.18982400379804465,spec_extended_2_spline_interact,Mixed Outcome,,240.045 (183.087)
"bs(year, df=4)[1]:v2x_polyarchy_lag1",190.78450206050633,Contracts Expression,Contracts Expression,101.5664958458694,0.06032377882562522,spec_extended_2_spline_interact,Mixed Outcome,*,190.785* (101.566)
"bs(year, df=4)[1]:v2x_polyarchy_lag1",182.1938000817953,Expands Expression,Expands Expression,160.19609390542865,0.25540563626002877,spec_extended_2_spline_interact,Mixed Outcome,,182.194 (160.196)
"bs(year, df=4)[2]:v2x_polyarchy_lag1",175.98894485339895,Contracts Expression,Contracts Expression,102.67375078180294,0.08651775071911386,spec_extended_2_spline_interact,Mixed Outcome,*,175.989* (102.674)
"bs(year, df=4)[2]:v2x_polyarchy_lag1",196.29598414504883,Expands Expression,Expands Expression,165.74618495951006,0.23628769826548546,spec_extended_2_spline_interact,Mixed Outcome,,196.296 (165.746)
"bs(year, df=4)[3]:v2x_polyarchy_lag1",177.70034683555238,Contracts Expression,Contracts Expression,102.39415374954729,0.08266041705155151,spec_extended_2_spline_interact,Mixed Outcome,*,177.7* (102.394)
"bs(year, df=4)[3]:v2x_polyarchy_lag1",186.9438190413258,Expands Expression,Expands Expression,165.24514289528628,0.25792378022673457,spec_extended_2_spline_interact,Mixed Outcome,,186.944 (165.245)
wdj_expression_lag1,-0.5088439380138793,Contracts Expression,Contracts Expression,0.366046317181606,0.16449606435012765,spec_extended_2_spline_interact,Mixed Outcome,,-0.509 (0.366)
wdj_expression_lag1,-0.768985889905499,Expands Expression,Expands Expression,0.5561475676789444,0.16675651446324757,spec_extended_2_spline_interact,Mixed Outcome,,-0.769 (0.556)
v2jupoatck_lag1,-0.27921300908069635,Contracts Expression,Contracts Expression,0.0887292339810125,0.001650687471648022,spec_extended_2_spline_interact,Mixed Outcome,***,-0.279*** (0.089)
v2jupoatck_lag1,-0.22351093983344492,Expands Expression,Expands Expression,0.15171521841519742,0.14068986588159912,spec_extended_2_spline_interact,Mixed Outcome,,-0.224 (0.152)
v2jureview_lag1,0.731758584052056,Contracts Expression,Contracts Expression,0.3015669956670938,0.015244376937093521,spec_extended_2_spline_interact,Mixed Outcome,**,0.732** (0.302)
v2jureview_lag1,0.19609093131510463,Expands Expression,Expands Expression,0.3599620049855709,0.5859223582108878,spec_extended_2_spline_interact,Mixed Outcome,,0.196 (0.36)
legal_common,-1.6954092989022356,Contracts Expression,Contracts Expression,0.32576508456823566,1.94632457114718e-07,spec_extended_2_spline_interact,Mixed Outcome,***,-1.695*** (0.326)
legal_common,-0.2885473960827294,Expands Expression,Expands Expression,0.4514206322742544,0.5226938005106132,spec_extended_2_spline_interact,Mixed Outcome,,-0.289 (0.451)
legal_civil,-0.30261980887846496,Contracts Expression,Contracts Expression,0.30388027775051546,0.31932201789719816,spec_extended_2_spline_interact,Mixed Outcome,,-0.303 (0.304)
legal_civil,-0.166461047157399,Expands Expression,Expands Expression,0.4072049777214715,0.6826942760417416,spec_extended_2_spline_interact,Mixed Outcome,,-0.166 (0.407)
high_court,0.33237310626994215,Contracts Expression,Contracts Expression,0.3446427844402135,0.3348459966915792,spec_extended_2_spline_interact,Mixed Outcome,,0.332 (0.345)
high_court,0.5079215848709752,Expands Expression,Expands Expression,0.3040430968584073,0.09480904211971372,spec_extended_2_spline_interact,Mixed Outcome,*,0.508* (0.304)
j_ind_lag1,0.22618468463806252,Contracts Expression,Contracts Expression,0.26661200462462736,0.3962339111700022,spec_extended_2_spline_interact,Mixed Outcome,,0.226 (0.267)
j_ind_lag1,-0.13454486079366526,Expands Expression,Expands Expression,0.2595312421071186,0.6041688267585621,spec_extended_2_spline_interact,Mixed Outcome,,-0.135 (0.26)
Intercept,-2.3531155504595427,Contracts Expression,Contracts Expression,0.6531385214125639,0.0003148298476309004,spec_extended_3,Mixed Outcome,***,-2.353*** (0.653)
Intercept,-4.512625308517174,Expands Expression,Expands Expression,0.9401376959098068,1.5869566030564334e-06,spec_extended_3,Mixed Outcome,***,-4.513*** (0.94)
wdj_expression_lag1,-0.13689591479723345,Contracts Expression,Contracts Expression,0.2095319719004073,0.513536199105628,spec_extended_3,Mixed Outcome,,-0.137 (0.21)
wdj_expression_lag1,-0.17313189112162272,Expands Expression,Expands Expression,0.2135309461247443,0.4174778446463884,spec_extended_3,Mixed Outcome,,-0.173 (0.214)
v2jupack_lag1,-0.25610069224798726,Contracts Expression,Contracts Expression,0.1569222469033168,0.10267467316610625,spec_extended_3,Mixed Outcome,,-0.256 (0.157)
v2jupack_lag1,-0.5690310345853926,Expands Expression,Expands Expression,0.23989477546086757,0.017691965526079875,spec_extended_3,Mixed Outcome,**,-0.569** (0.24)
v2x_polyarchy_lag1,3.8301510789803435,Contracts Expression,Contracts Expression,1.207176973342618,0.0015096788369450267,spec_extended_3,Mixed Outcome,***,3.83*** (1.207)
v2x_polyarchy_lag1,7.050933497459797,Expands Expression,Expands Expression,1.7728464667844237,6.973671700526207e-05,spec_extended_3,Mixed Outcome,***,7.051*** (1.773)
v2jureview_lag1,0.9034207715493155,Contracts Expression,Contracts Expression,0.32290836842350873,0.005145800993885228,spec_extended_3,Mixed Outcome,***,0.903*** (0.323)
v2jureview_lag1,0.4727265098843766,Expands Expression,Expands Expression,0.3824374629000565,0.2164257079166052,spec_extended_3,Mixed Outcome,,0.473 (0.382)
legal_common,-1.7877253510173974,Contracts Expression,Contracts Expression,0.3398650831359936,1.4397471321589772e-07,spec_extended_3,Mixed Outcome,***,-1.788*** (0.34)
legal_common,-0.6217378676154822,Expands Expression,Expands Expression,0.47962817114153,0.19487511452727801,spec_extended_3,Mixed Outcome,,-0.622 (0.48)
legal_civil,-0.4229064704465324,Contracts Expression,Contracts Expression,0.33963508276630155,0.21306596252366072,spec_extended_3,Mixed Outcome,,-0.423 (0.34)
legal_civil,-0.38301273166479577,Expands Expression,Expands Expression,0.4254584725838342,0.3679950492853218,spec_extended_3,Mixed Outcome,,-0.383 (0.425)
high_court,0.42107093302868714,Contracts Expression,Contracts Expression,0.28497437081983656,0.1395216385236354,spec_extended_3,Mixed Outcome,,0.421 (0.285)
high_court,0.40153338441437336,Expands Expression,Expands Expression,0.26640368412648086,0.13175002065411148,spec_extended_3,Mixed Outcome,,0.402 (0.266)
j_ind_lag1,0.16163531873358872,Contracts Expression,Contracts Expression,0.27988190932418566,0.5635932545460758,spec_extended_3,Mixed Outcome,,0.162 (0.28)
j_ind_lag1,-0.19571787469163845,Expands Expression,Expands Expression,0.2637107528572479,0.45798511150259424,spec_extended_3,Mixed Outcome,,-0.196 (0.264)
Intercept,-6.03622672150903,Contracts Expression,Contracts Expression,1.478211040676067,4.43686397023332e-05,spec_extended_3_spline,Mixed Outcome,***,-6.036*** (1.478)
Intercept,-3.23535522080017,Expands Expression,Expands Expression,1.0108581957352958,0.0013714060415167659,spec_extended_3_spline,Mixed Outcome,***,-3.235*** (1.011)
"bs(year, df=4)[0]",6.471278919404538,Contracts Expression,Contracts Expression,3.5934177001138754,0.07172333799963188,spec_extended_3_spline,Mixed Outcome,*,6.471* (3.593)
"bs(year, df=4)[0]",-5.298161677861222,Expands Expression,Expands Expression,2.6475299010765774,0.04537389919031489,spec_extended_3_spline,Mixed Outcome,**,-5.298** (2.648)
"bs(year, df=4)[1]",3.99396882633687,Contracts Expression,Contracts Expression,0.7529575285525588,1.1305990099318617e-07,spec_extended_3_spline,Mixed Outcome,***,3.994*** (0.753)
"bs(year, df=4)[1]",0.644376850367416,Expands Expression,Expands Expression,1.2481668311395395,0.6056738129408862,spec_extended_3_spline,Mixed Outcome,,0.644 (1.248)
"bs(year, df=4)[2]",3.715089733114469,Contracts Expression,Contracts Expression,1.7565444012537976,0.034430028614223895,spec_extended_3_spline,Mixed Outcome,**,3.715** (1.757)
"bs(year, df=4)[2]",-1.3273187844515262,Expands Expression,Expands Expression,0.9416971938383979,0.15868844353284906,spec_extended_3_spline,Mixed Outcome,,-1.327 (0.942)
"bs(year, df=4)[3]",6.108821270545186,Contracts Expression,Contracts Expression,2.0355131181861896,0.002689876091130073,spec_extended_3_spline,Mixed Outcome,***,6.109*** (2.036)
"bs(year, df=4)[3]",1.8083890004842607,Expands Expression,Expands Expression,1.872077750379314,0.3340543666188279,spec_extended_3_spline,Mixed Outcome,,1.808 (1.872)
wdj_expression_lag1,-0.26769149549721205,Contracts Expression,Contracts Expression,0.2803263410674831,0.3396140669077281,spec_extended_3_spline,Mixed Outcome,,-0.268 (0.28)
wdj_expression_lag1,-0.4538852881578804,Expands Expression,Expands Expression,0.39459488914461843,0.2500382915815922,spec_extended_3_spline,Mixed Outcome,,-0.454 (0.395)
v2jupack_lag1,-0.23935423009140627,Contracts Expression,Contracts Expression,0.15624197680255472,0.12553582606264452,spec_extended_3_spline,Mixed Outcome,,-0.239 (0.156)
v2jupack_lag1,-0.5215069101238724,Expands Expression,Expands Expression,0.22751846712820228,0.021896873482990485,spec_extended_3_spline,Mixed Outcome,**,-0.522** (0.228)
v2x_polyarchy_lag1,3.4655635294856193,Contracts Expression,Contracts Expression,1.1901038514492923,0.0035914088075465456,spec_extended_3_spline,Mixed Outcome,***,3.466*** (1.19)
v2x_polyarchy_lag1,6.277015614639563,Expands Expression,Expands Expression,1.7414755123201855,0.0003128463329773502,spec_extended_3_spline,Mixed Outcome,***,6.277*** (1.741)
v2jureview_lag1,0.8591075659631621,Contracts Expression,Contracts Expression,0.3300164450519171,0.009235091040520027,spec_extended_3_spline,Mixed Outcome,***,0.859*** (0.33)
v2jureview_lag1,0.45451153045423087,Expands Expression,Expands Expression,0.3765358971526455,0.22739869811491575,spec_extended_3_spline,Mixed Outcome,,0.455 (0.377)
legal_common,-1.7399866659995062,Contracts Expression,Contracts Expression,0.3633789811886321,1.6815605953359138e-06,spec_extended_3_spline,Mixed Outcome,***,-1.74*** (0.363)
legal_common,-0.4370997489032365,Expands Expression,Expands Expression,0.4731327524265038,0.3555687597242291,spec_extended_3_spline,Mixed Outcome,,-0.437 (0.473)
legal_civil,-0.40542181720527515,Contracts Expression,Contracts Expression,0.3460300385162038,0.24134256997496062,spec_extended_3_spline,Mixed Outcome,,-0.405 (0.346)
legal_civil,-0.3469727925081794,Expands Expression,Expands Expression,0.4168457231107016,0.40519618014928405,spec_extended_3_spline,Mixed Outcome,,-0.347 (0.417)
high_court,0.31251387568644723,Contracts Expression,Contracts Expression,0.330747523203662,0.34472453370323786,spec_extended_3_spline,Mixed Outcome,,0.313 (0.331)
high_court,0.44725622724122643,Expands Expression,Expands Expression,0.27905435499903464,0.10898838778419564,spec_extended_3_spline,Mixed Outcome,,0.447 (0.279)
j_ind_lag1,0.21171188975124206,Contracts Expression,Contracts Expression,0.2786804828063365,0.44743751810145904,spec_extended_3_spline,Mixed Outcome,,0.212 (0.279)
j_ind_lag1,-0.1158910754073187,Expands Expression,Expands Expression,0.2810590897717,0.6800923974426045,spec_extended_3_spline,Mixed Outcome,,-0.116 (0.281)
Intercept,87.43805181406769,Contracts Expression,Contracts Expression,55.97678889756141,0.11827827783634427,spec_extended_3_spline_interact,Mixed Outcome,,87.438 (55.977)
Intercept,109.34939502645967,Expands Expression,Expands Expression,92.87606504803708,0.2390482780929014,spec_extended_3_spline_interact,Mixed Outcome,,109.349 (92.876)
"bs(year, df=4)[0]",-53.02611028179367,Contracts Expression,Contracts Expression,58.36372838375516,0.36359001807619273,spec_extended_3_spline_interact,Mixed Outcome,,-53.026 (58.364)
"bs(year, df=4)[0]",-139.14235854630033,Expands Expression,Expands Expression,94.0120154140809,0.13886025806319754,spec_extended_3_spline_interact,Mixed Outcome,,-139.142 (94.012)
"bs(year, df=4)[1]",-102.38654989361488,Contracts Expression,Contracts Expression,56.99429350411743,0.07242534423154476,spec_extended_3_spline_interact,Mixed Outcome,*,-102.387* (56.994)
"bs(year, df=4)[1]",-107.43124292775293,Expands Expression,Expands Expression,92.81416803104857,0.24707322751070737,spec_extended_3_spline_interact,Mixed Outcome,,-107.431 (92.814)
"bs(year, df=4)[2]",-87.76303048033064,Contracts Expression,Contracts Expression,55.79572794487875,0.11573396464226242,spec_extended_3_spline_interact,Mixed Outcome,,-87.763 (55.796)
"bs(year, df=4)[2]",-114.93231911394183,Expands Expression,Expands Expression,93.11470400612374,0.21708777582144723,spec_extended_3_spline_interact,Mixed Outcome,,-114.932 (93.115)
"bs(year, df=4)[3]",-87.47840808731108,Contracts Expression,Contracts Expression,55.92607645110418,0.1177754797372788,spec_extended_3_spline_interact,Mixed Outcome,,-87.478 (55.926)
"bs(year, df=4)[3]",-105.41087695377838,Expands Expression,Expands Expression,93.31064843007583,0.2586124264191777,spec_extended_3_spline_interact,Mixed Outcome,,-105.411 (93.311)
v2x_polyarchy_lag1,-183.41024854028208,Contracts Expression,Contracts Expression,107.38680214497755,0.0876474179217215,spec_extended_3_spline_interact,Mixed Outcome,*,-183.41* (107.387)
v2x_polyarchy_lag1,-201.3509147057758,Expands Expression,Expands Expression,174.55801764498,0.24870935045504006,spec_extended_3_spline_interact,Mixed Outcome,,-201.351 (174.558)
"bs(year, df=4)[0]:v2x_polyarchy_lag1",160.7738288086432,Contracts Expression,Contracts Expression,118.1258563676641,0.17350154858449696,spec_extended_3_spline_interact,Mixed Outcome,,160.774 (118.126)
"bs(year, df=4)[0]:v2x_polyarchy_lag1",253.83823611353986,Expands Expression,Expands Expression,194.0949463323272,0.19093964172538913,spec_extended_3_spline_interact,Mixed Outcome,,253.838 (194.095)
"bs(year, df=4)[1]:v2x_polyarchy_lag1",200.3357590875269,Contracts Expression,Contracts Expression,105.68528513509177,0.05801454426906082,spec_extended_3_spline_interact,Mixed Outcome,*,200.336* (105.685)
"bs(year, df=4)[1]:v2x_polyarchy_lag1",197.92462878691984,Expands Expression,Expands Expression,169.42015416388082,0.24270704726494552,spec_extended_3_spline_interact,Mixed Outcome,,197.925 (169.42)
"bs(year, df=4)[2]:v2x_polyarchy_lag1",184.70061347808112,Contracts Expression,Contracts Expression,107.80301023090733,0.08665443542144281,spec_extended_3_spline_interact,Mixed Outcome,*,184.701* (107.803)
"bs(year, df=4)[2]:v2x_polyarchy_lag1",209.96268565028456,Expands Expression,Expands Expression,176.03021494734494,0.2329614069553646,spec_extended_3_spline_interact,Mixed Outcome,,209.963 (176.03)
"bs(year, df=4)[3]:v2x_polyarchy_lag1",186.07346687805364,Contracts Expression,Contracts Expression,107.17402537922136,0.08253190113567194,spec_extended_3_spline_interact,Mixed Outcome,*,186.073* (107.174)
"bs(year, df=4)[3]:v2x_polyarchy_lag1",200.20467428925244,Expands Expression,Expands Expression,175.0405634771386,0.2527225205317376,spec_extended_3_spline_interact,Mixed Outcome,,200.205 (175.041)
wdj_expression_lag1,-0.2843921224928786,Contracts Expression,Contracts Expression,0.3851773909828501,0.46030747461326327,spec_extended_3_spline_interact,Mixed Outcome,,-0.284 (0.385)
wdj_expression_lag1,-0.5974517859874813,Expands Expression,Expands Expression,0.4897595624443949,0.2225073564611234,spec_extended_3_spline_interact,Mixed Outcome,,-0.597 (0.49)
v2jupack_lag1,-0.29621836570468446,Contracts Expression,Contracts Expression,0.1506889335308898,0.049326273070958784,spec_extended_3_spline_interact,Mixed Outcome,**,-0.296** (0.151)
v2jupack_lag1,-0.591244798351438,Expands Expression,Expands Expression,0.23646857949907937,0.012408460746564298,spec_extended_3_spline_interact,Mixed Outcome,**,-0.591** (0.236)
v2jureview_lag1,0.9212323620274232,Contracts Expression,Contracts Expression,0.31491886505224775,0.003441235740831991,spec_extended_3_spline_interact,Mixed Outcome,***,0.921*** (0.315)
v2jureview_lag1,0.36687791095931804,Expands Expression,Expands Expression,0.38042286842002004,0.3348479296769483,spec_extended_3_spline_interact,Mixed Outcome,,0.367 (0.38)
legal_common,-1.7697897165291057,Contracts Expression,Contracts Expression,0.3581335393123768,7.744298025988703e-07,spec_extended_3_spline_interact,Mixed Outcome,***,-1.77*** (0.358)
legal_common,-0.3698839046046801,Expands Expression,Expands Expression,0.4663376641493825,0.42768020829866205,spec_extended_3_spline_interact,Mixed Outcome,,-0.37 (0.466)
legal_civil,-0.37243257062289714,Contracts Expression,Contracts Expression,0.34023385174442067,0.2736756889483668,spec_extended_3_spline_interact,Mixed Outcome,,-0.372 (0.34)
legal_civil,-0.3632639547893696,Expands Expression,Expands Expression,0.4281383016990495,0.39617438771896096,spec_extended_3_spline_interact,Mixed Outcome,,-0.363 (0.428)
high_court,0.2642154970612394,Contracts Expression,Contracts Expression,0.3387940089811156,0.435467027780183,spec_extended_3_spline_interact,Mixed Outcome,,0.264 (0.339)
high_court,0.39256644147267694,Expands Expression,Expands Expression,0.2806768104272687,0.16192029442352507,spec_extended_3_spline_interact,Mixed Outcome,,0.393 (0.281)
j_ind_lag1,0.22295040276595238,Contracts Expression,Contracts Expression,0.2856070010743812,0.4350263020642272,spec_extended_3_spline_interact,Mixed Outcome,,0.223 (0.286)
j_ind_lag1,-0.13110492096028722,Expands Expression,Expands Expression,0.2734941186888635,0.6316753139569793,spec_extended_3_spline_interact,Mixed Outcome,,-0.131 (0.273)
Intercept,-2.304206911164376,Contracts Expression,Contracts Expression,0.6219005815159053,0.0002113032395879237,spec_c_pack,Mixed Outcome,***,-2.304*** (0.622)
Intercept,-4.334604960894189,Expands Expression,Expands Expression,0.9138914220528672,2.1055585056142564e-06,spec_c_pack,Mixed Outcome,***,-4.335*** (0.914)
wdj_citizen_lag1,-0.27160397579244916,Contracts Expression,Contracts Expression,0.42829669310153556,0.5259835016480263,spec_c_pack,Mixed Outcome,,-0.272 (0.428)
wdj_citizen_lag1,-0.8546583154292539,Expands Expression,Expands Expression,0.6345805385187355,0.17804199147958344,spec_c_pack,Mixed Outcome,,-0.855 (0.635)
v2jupack_lag1,-0.23525340604705003,Contracts Expression,Contracts Expression,0.16163031578686296,0.1455300662408483,spec_c_pack,Mixed Outcome,,-0.235 (0.162)
v2jupack_lag1,-0.48768538249544785,Expands Expression,Expands Expression,0.24934491478924792,0.05048087467936164,spec_c_pack,Mixed Outcome,*,-0.488* (0.249)
v2x_polyarchy_lag1,3.8815897239652406,Contracts Expression,Contracts Expression,1.2027618411302192,0.0012499471570909927,spec_c_pack,Mixed Outcome,***,3.882*** (1.203)
v2x_polyarchy_lag1,7.000829603590883,Expands Expression,Expands Expression,1.7748777967459954,7.999972301592806e-05,spec_c_pack,Mixed Outcome,***,7.001*** (1.775)
v2jureview_lag1,0.8678130060451862,Contracts Expression,Contracts Expression,0.3014818912573272,0.00399582281359972,spec_c_pack,Mixed Outcome,***,0.868*** (0.301)
v2jureview_lag1,0.41726660861022846,Expands Expression,Expands Expression,0.355793164958074,0.24088460343812845,spec_c_pack,Mixed Outcome,,0.417 (0.356)
legal_common,-1.8653462737235398,Contracts Expression,Contracts Expression,0.3606774928932138,2.3186888202624727e-07,spec_c_pack,Mixed Outcome,***,-1.865*** (0.361)
legal_common,-0.7387188503933948,Expands Expression,Expands Expression,0.4894647948778805,0.13123798171694062,spec_c_pack,Mixed Outcome,,-0.739 (0.489)
legal_civil,-0.4180033382887451,Contracts Expression,Contracts Expression,0.34431655331882344,0.22474434982063385,spec_c_pack,Mixed Outcome,,-0.418 (0.344)
legal_civil,-0.2125928063780081,Expands Expression,Expands Expression,0.42527841727972104,0.6171519074645829,spec_c_pack,Mixed Outcome,,-0.213 (0.425)
high_court,0.44893433640828523,Contracts Expression,Contracts Expression,0.2586586081244903,0.08263016962303804,spec_c_pack,Mixed Outcome,*,0.449* (0.259)
high_court,0.44742188390908155,Expands Expression,Expands Expression,0.26627752224471923,0.09290205525432282,spec_c_pack,Mixed Outcome,*,0.447* (0.266)
j_ind_lag1,0.14360753617574093,Contracts Expression,Contracts Expression,0.2738083934575411,0.5999434317452368,spec_c_pack,Mixed Outcome,,0.144 (0.274)
j_ind_lag1,-0.2475993813871572,Expands Expression,Expands Expression,0.24827963789254398,0.31863826599641754,spec_c_pack,Mixed Outcome,,-0.248 (0.248)
Intercept,-2.287158781016741,Contracts Expression,Contracts Expression,0.6336357892000549,0.0003066937221056805,spec_im_pack,Mixed Outcome,***,-2.287*** (0.634)
Intercept,-4.566038036941587,Expands Expression,Expands Expression,0.9432617442644903,1.2938884211011913e-06,spec_im_pack,Mixed Outcome,***,-4.566*** (0.943)
wdj_intermediaries_lag1,-0.7621356152564651,Contracts Expression,Contracts Expression,0.6361327756262417,0.23088730637278687,spec_im_pack,Mixed Outcome,,-0.762 (0.636)
wdj_intermediaries_lag1,-0.13827986548364318,Expands Expression,Expands Expression,0.9607618695244061,0.8855578748348321,spec_im_pack,Mixed Outcome,,-0.138 (0.961)
v2jupack_lag1,-0.21390465137960496,Contracts Expression,Contracts Expression,0.15169931321715846,0.15852290557250337,spec_im_pack,Mixed Outcome,,-0.214 (0.152)
v2jupack_lag1,-0.5634140746584089,Expands Expression,Expands Expression,0.24351576611112707,0.0206860669387657,spec_im_pack,Mixed Outcome,**,-0.563** (0.244)
v2x_polyarchy_lag1,3.87769572177659,Contracts Expression,Contracts Expression,1.2198479868223508,0.0014786813512557744,spec_im_pack,Mixed Outcome,***,3.878*** (1.22)
v2x_polyarchy_lag1,7.2319224219463525,Expands Expression,Expands Expression,1.794211384798306,5.561169929520308e-05,spec_im_pack,Mixed Outcome,***,7.232*** (1.794)
v2jureview_lag1,0.877176339058818,Contracts Expression,Contracts Expression,0.30617000043383374,0.004170123054259713,spec_im_pack,Mixed Outcome,***,0.877*** (0.306)
v2jureview_lag1,0.4515452359410697,Expands Expression,Expands Expression,0.37708424805076707,0.23112531326662245,spec_im_pack,Mixed Outcome,,0.452 (0.377)
legal_common,-1.9135127341121778,Contracts Expression,Contracts Expression,0.3628230896949985,1.335144856976394e-07,spec_im_pack,Mixed Outcome,***,-1.914*** (0.363)
legal_common,-0.6965010607759513,Expands Expression,Expands Expression,0.5175618297990942,0.17838799970501285,spec_im_pack,Mixed Outcome,,-0.697 (0.518)
legal_civil,-0.3248188320157175,Contracts Expression,Contracts Expression,0.33437901633810746,0.33134457988217436,spec_im_pack,Mixed Outcome,,-0.325 (0.334)
legal_civil,-0.48106418344818724,Expands Expression,Expands Expression,0.4770408694393938,0.313246206397498,spec_im_pack,Mixed Outcome,,-0.481 (0.477)
high_court,0.44355985139436577,Contracts Expression,Contracts Expression,0.2613553749930705,0.08966788819897561,spec_im_pack,Mixed Outcome,*,0.444* (0.261)
high_court,0.4386589102168416,Expands Expression,Expands Expression,0.2671099120494007,0.10054002148578155,spec_im_pack,Mixed Outcome,,0.439 (0.267)
j_ind_lag1,0.1316376465751931,Contracts Expression,Contracts Expression,0.2704223542045066,0.6264104369646706,spec_im_pack,Mixed Outcome,,0.132 (0.27)
j_ind_lag1,-0.22840353998354318,Expands Expression,Expands Expression,0.2533408944701332,0.3672874524934743,spec_im_pack,Mixed Outcome,,-0.228 (0.253)
Intercept,-2.453305068033751,Contracts Expression,Contracts Expression,0.6500457606586786,0.00016061868116420586,spec_p_pack,Mixed Outcome,***,-2.453*** (0.65)
Intercept,-4.667095146174877,Expands Expression,Expands Expression,0.9253156114890705,4.564065894373868e-07,spec_p_pack,Mixed Outcome,***,-4.667*** (0.925)
wdj_press_lag1,-0.5090416409655653,Contracts Expression,Contracts Expression,0.6103532455099405,0.4042744895223749,spec_p_pack,Mixed Outcome,,-0.509 (0.61)
wdj_press_lag1,-1.4396373832813298,Expands Expression,Expands Expression,0.6735910203213608,0.03257706282880621,spec_p_pack,Mixed Outcome,**,-1.44** (0.674)
v2jupack_lag1,-0.23753048167317958,Contracts Expression,Contracts Expression,0.15825024224184941,0.13336068052577243,spec_p_pack,Mixed Outcome,,-0.238 (0.158)
v2jupack_lag1,-0.48641044693134017,Expands Expression,Expands Expression,0.2392190475793652,0.04201953991536671,spec_p_pack,Mixed Outcome,**,-0.486** (0.239)
v2x_polyarchy_lag1,4.012201220535018,Contracts Expression,Contracts Expression,1.2104722807711337,0.0009178253784588849,spec_p_pack,Mixed Outcome,***,4.012*** (1.21)
v2x_polyarchy_lag1,7.313539037425776,Expands Expression,Expands Expression,1.6915356417192586,1.5349711556177435e-05,spec_p_pack,Mixed Outcome,***,7.314*** (1.692)
v2jureview_lag1,0.9176435169235407,Contracts Expression,Contracts Expression,0.32589888277854295,0.0048666428928908784,spec_p_pack,Mixed Outcome,***,0.918*** (0.326)
v2jureview_lag1,0.4908239353031366,Expands Expression,Expands Expression,0.38821807736916036,0.20612253587656015,spec_p_pack,Mixed Outcome,,0.491 (0.388)
legal_common,-1.9124054137577655,Contracts Expression,Contracts Expression,0.3608904320511915,1.1635559563468995e-07,spec_p_pack,Mixed Outcome,***,-1.912*** (0.361)
legal_common,-0.861258009800423,Expands Expression,Expands Expression,0.46153657471788967,0.062032041210322186,spec_p_pack,Mixed Outcome,*,-0.861* (0.462)
legal_civil,-0.40957299318856805,Contracts Expression,Contracts Expression,0.3525674725731368,0.24536269309449543,spec_p_pack,Mixed Outcome,,-0.41 (0.353)
legal_civil,-0.22737976179533068,Expands Expression,Expands Expression,0.4207226213403773,0.5888863716242063,spec_p_pack,Mixed Outcome,,-0.227 (0.421)
high_court,0.45755900109948505,Contracts Expression,Contracts Expression,0.2602695097637379,0.07874410797976598,spec_p_pack,Mixed Outcome,*,0.458* (0.26)
high_court,0.4632157093648853,Expands Expression,Expands Expression,0.27077004208908834,0.0871300971140891,spec_p_pack,Mixed Outcome,*,0.463* (0.271)
j_ind_lag1,0.13685152091867037,Contracts Expression,Contracts Expression,0.2757114057775315,0.619641956935415,spec_p_pack,Mixed Outcome,,0.137 (0.276)
j_ind_lag1,-0.24012957774058138,Expands Expression,Expands Expression,0.24622656360719677,0.3294420630674345,spec_p_pack,Mixed Outcome,,-0.24 (0.246)
Intercept,-2.3416892718857407,Contracts Expression,Contracts Expression,0.6696712132036372,0.00047091958937647583,spec_govprot_pack,Mixed Outcome,***,-2.342*** (0.67)
Intercept,-4.487011079187486,Expands Expression,Expands Expression,0.9661739294570194,3.4155742449571774e-06,spec_govprot_pack,Mixed Outcome,***,-4.487*** (0.966)
wdj_govprot_lag1,-0.17538598525242569,Contracts Expression,Contracts Expression,0.2478250968361102,0.4791311658269327,spec_govprot_pack,Mixed Outcome,,-0.175 (0.248)
wdj_govprot_lag1,-0.24792547048635846,Expands Expression,Expands Expression,0.26487111587403067,0.34926131861406107,spec_govprot_pack,Mixed Outcome,,-0.248 (0.265)
v2jupack_lag1,-0.25267437976125773,Contracts Expression,Contracts Expression,0.15500382373526098,0.10307675557923404,spec_govprot_pack,Mixed Outcome,,-0.253 (0.155)
v2jupack_lag1,-0.5658126010818539,Expands Expression,Expands Expression,0.2433326941195762,0.02005788152701701,spec_govprot_pack,Mixed Outcome,**,-0.566** (0.243)
v2x_polyarchy_lag1,3.801974440964948,Contracts Expression,Contracts Expression,1.2301338706868603,0.001996854452388477,spec_govprot_pack,Mixed Outcome,***,3.802*** (1.23)
v2x_polyarchy_lag1,6.984494893732455,Expands Expression,Expands Expression,1.8180495187714514,0.00012215936260285488,spec_govprot_pack,Mixed Outcome,***,6.984*** (1.818)
v2jureview_lag1,0.9040288362139249,Contracts Expression,Contracts Expression,0.32525915720457305,0.005445759640565065,spec_govprot_pack,Mixed Outcome,***,0.904*** (0.325)
v2jureview_lag1,0.47959120598272753,Expands Expression,Expands Expression,0.3829517555113113,0.21044085908715404,spec_govprot_pack,Mixed Outcome,,0.48 (0.383)
legal_common,-1.7943864144699144,Contracts Expression,Contracts Expression,0.342273422853261,1.5837024486220717e-07,spec_govprot_pack,Mixed Outcome,***,-1.794*** (0.342)
legal_common,-0.6302748293249956,Expands Expression,Expands Expression,0.4851240963187948,0.1938741675579565,spec_govprot_pack,Mixed Outcome,,-0.63 (0.485)
legal_civil,-0.43538326940914546,Contracts Expression,Contracts Expression,0.34259250078786335,0.20378244308427462,spec_govprot_pack,Mixed Outcome,,-0.435 (0.343)
legal_civil,-0.38708711357981224,Expands Expression,Expands Expression,0.4312027603223566,0.3693499670275049,spec_govprot_pack,Mixed Outcome,,-0.387 (0.431)
high_court,0.41655275554448296,Contracts Expression,Contracts Expression,0.28044382564388354,0.13745536365471314,spec_govprot_pack,Mixed Outcome,,0.417 (0.28)
high_court,0.3911044429560362,Expands Expression,Expands Expression,0.26675170626334055,0.14260086254399354,spec_govprot_pack,Mixed Outcome,,0.391 (0.267)
j_ind_lag1,0.1736717734207219,Contracts Expression,Contracts Expression,0.29987251329803266,0.5624865984699534,spec_govprot_pack,Mixed Outcome,,0.174 (0.3)
j_ind_lag1,-0.1740148980432649,Expands Expression,Expands Expression,0.28210330936037176,0.5373349043243043,spec_govprot_pack,Mixed Outcome,,-0.174 (0.282)
Intercept,-2.098597648893899,Contracts Expression,Contracts Expression,0.6107160506910702,0.0005897386645697494,spec_c_reform,Mixed Outcome,***,-2.099*** (0.611)
Intercept,-3.6005610069966196,Expands Expression,Expands Expression,0.7399802229378956,1.1402183316107171e-06,spec_c_reform,Mixed Outcome,***,-3.601*** (0.74)
wdj_citizen_lag1,-0.26548758248419035,Contracts Expression,Contracts Expression,0.4149811491510078,0.5223298281594027,spec_c_reform,Mixed Outcome,,-0.265 (0.415)
wdj_citizen_lag1,-0.9453468471866077,Expands Expression,Expands Expression,0.6425469799167699,0.1412236868019548,spec_c_reform,Mixed Outcome,,-0.945 (0.643)
v2jureform_lag1,-0.3276369407879561,Contracts Expression,Contracts Expression,0.1231639777943772,0.007810155513992921,spec_c_reform,Mixed Outcome,***,-0.328*** (0.123)
v2jureform_lag1,-0.17342249545351693,Expands Expression,Expands Expression,0.2330233423576172,0.4567385528043185,spec_c_reform,Mixed Outcome,,-0.173 (0.233)
v2x_polyarchy_lag1,3.5736792222660174,Contracts Expression,Contracts Expression,1.2298069966708147,0.003662145713950524,spec_c_reform,Mixed Outcome,***,3.574*** (1.23)
v2x_polyarchy_lag1,5.359902058755812,Expands Expression,Expands Expression,1.3409049476003116,6.408871611352147e-05,spec_c_reform,Mixed Outcome,***,5.36*** (1.341)
v2jureview_lag1,0.7898151993639282,Contracts Expression,Contracts Expression,0.2996335245492819,0.008390522091741721,spec_c_reform,Mixed Outcome,***,0.79*** (0.3)
v2jureview_lag1,0.3308884100396943,Expands Expression,Expands Expression,0.34139854159148586,0.3324381877916798,spec_c_reform,Mixed Outcome,,0.331 (0.341)
legal_common,-2.23920331494596,Contracts Expression,Contracts Expression,0.3603586180282945,5.171201186267568e-10,spec_c_reform,Mixed Outcome,***,-2.239*** (0.36)
legal_common,-0.9518746979790264,Expands Expression,Expands Expression,0.521858102650417,0.06815047349077556,spec_c_reform,Mixed Outcome,*,-0.952* (0.522)
legal_civil,-0.6585345444481482,Contracts Expression,Contracts Expression,0.3587577844026176,0.06641735063218888,spec_c_reform,Mixed Outcome,*,-0.659* (0.359)
legal_civil,-0.14986337904833116,Expands Expression,Expands Expression,0.4443349900834534,0.7359091029679251,spec_c_reform,Mixed Outcome,,-0.15 (0.444)
high_court,0.4309835902825646,Contracts Expression,Contracts Expression,0.2617556666026358,0.09965859261782177,spec_c_reform,Mixed Outcome,*,0.431* (0.262)
high_court,0.47856622435100915,Expands Expression,Expands Expression,0.28586312147862286,0.0941090418871003,spec_c_reform,Mixed Outcome,*,0.479* (0.286)
j_ind_lag1,0.23292413721942556,Contracts Expression,Contracts Expression,0.2573555170157244,0.3654295815274211,spec_c_reform,Mixed Outcome,,0.233 (0.257)
j_ind_lag1,-0.17896914571343775,Expands Expression,Expands Expression,0.2399149679821381,0.4556860990095969,spec_c_reform,Mixed Outcome,,-0.179 (0.24)
Intercept,-2.1058639375404216,Contracts Expression,Contracts Expression,0.6151825238113384,0.0006189921283958026,spec_im_reform,Mixed Outcome,***,-2.106*** (0.615)
Intercept,-3.714252649914028,Expands Expression,Expands Expression,0.7821801649505152,2.0484006537460745e-06,spec_im_reform,Mixed Outcome,***,-3.714*** (0.782)
wdj_intermediaries_lag1,-0.8005446282264371,Contracts Expression,Contracts Expression,0.6067668583139761,0.18704839884146585,spec_im_reform,Mixed Outcome,,-0.801 (0.607)
wdj_intermediaries_lag1,-0.3776526630740173,Expands Expression,Expands Expression,0.9504026958447781,0.6911015052994256,spec_im_reform,Mixed Outcome,,-0.378 (0.95)
v2jureform_lag1,-0.32421058185505675,Contracts Expression,Contracts Expression,0.11986515373195954,0.006834670223066451,spec_im_reform,Mixed Outcome,***,-0.324*** (0.12)
v2jureform_lag1,-0.17679695822811872,Expands Expression,Expands Expression,0.24969597108639982,0.4789148896722808,spec_im_reform,Mixed Outcome,,-0.177 (0.25)
v2x_polyarchy_lag1,3.6603092924606098,Contracts Expression,Contracts Expression,1.1953919906396617,0.0021985176769459386,spec_im_reform,Mixed Outcome,***,3.66*** (1.195)
v2x_polyarchy_lag1,5.365516790637891,Expands Expression,Expands Expression,1.3798209870175646,0.0001008407146666221,spec_im_reform,Mixed Outcome,***,5.366*** (1.38)
v2jureview_lag1,0.8001542684658881,Contracts Expression,Contracts Expression,0.3054526853249772,0.008804105871152115,spec_im_reform,Mixed Outcome,***,0.8*** (0.305)
v2jureview_lag1,0.35345499869196356,Expands Expression,Expands Expression,0.3604013547548759,0.3267278518695841,spec_im_reform,Mixed Outcome,,0.353 (0.36)
legal_common,-2.2855119773664123,Contracts Expression,Contracts Expression,0.3672156119566086,4.849569347233866e-10,spec_im_reform,Mixed Outcome,***,-2.286*** (0.367)
legal_common,-0.9157252699148294,Expands Expression,Expands Expression,0.5547148507030157,0.09877868577301223,spec_im_reform,Mixed Outcome,*,-0.916* (0.555)
legal_civil,-0.5636799551621308,Contracts Expression,Contracts Expression,0.34755762840411436,0.10483940380836039,spec_im_reform,Mixed Outcome,,-0.564 (0.348)
legal_civil,-0.37445449710835255,Expands Expression,Expands Expression,0.4982131315410935,0.452294652900739,spec_im_reform,Mixed Outcome,,-0.374 (0.498)
high_court,0.42035559372661074,Contracts Expression,Contracts Expression,0.2625306674149941,0.10933980709222192,spec_im_reform,Mixed Outcome,,0.42 (0.263)
high_court,0.4693939361040251,Expands Expression,Expands Expression,0.2891906220365353,0.1045616459965214,spec_im_reform,Mixed Outcome,,0.469 (0.289)
j_ind_lag1,0.214612964864985,Contracts Expression,Contracts Expression,0.2515256782475718,0.39352359102268586,spec_im_reform,Mixed Outcome,,0.215 (0.252)
j_ind_lag1,-0.17516695873775112,Expands Expression,Expands Expression,0.2554912452006407,0.49296004630263357,spec_im_reform,Mixed Outcome,,-0.175 (0.255)
Intercept,-2.251311570871917,Contracts Expression,Contracts Expression,0.6399004922650966,0.00043444982171995104,spec_p_reform,Mixed Outcome,***,-2.251*** (0.64)
Intercept,-3.9923231472691225,Expands Expression,Expands Expression,0.798092250182975,5.664066147971787e-07,spec_p_reform,Mixed Outcome,***,-3.992*** (0.798)
wdj_press_lag1,-0.5771709058234258,Contracts Expression,Contracts Expression,0.5274447436321386,0.2738332982876801,spec_p_reform,Mixed Outcome,,-0.577 (0.527)
wdj_press_lag1,-1.6167296259429964,Expands Expression,Expands Expression,0.5603815305745942,0.00391349524598696,spec_p_reform,Mixed Outcome,***,-1.617*** (0.56)
v2jureform_lag1,-0.33144816229311796,Contracts Expression,Contracts Expression,0.11958279492103609,0.00557636451353305,spec_p_reform,Mixed Outcome,***,-0.331*** (0.12)
v2jureform_lag1,-0.19910231246422033,Expands Expression,Expands Expression,0.2351010230215241,0.39706211064062047,spec_p_reform,Mixed Outcome,,-0.199 (0.235)
v2x_polyarchy_lag1,3.7191910891791973,Contracts Expression,Contracts Expression,1.2016734421635251,0.001968063891633343,spec_p_reform,Mixed Outcome,***,3.719*** (1.202)
v2x_polyarchy_lag1,5.755065374621576,Expands Expression,Expands Expression,1.2892950620254218,8.054495492137323e-06,spec_p_reform,Mixed Outcome,***,5.755*** (1.289)
v2jureview_lag1,0.8422933345281006,Contracts Expression,Contracts Expression,0.3229984760156904,0.009114438800017702,spec_p_reform,Mixed Outcome,***,0.842*** (0.323)
v2jureview_lag1,0.4138013927526823,Expands Expression,Expands Expression,0.37746387848523416,0.2729617157115397,spec_p_reform,Mixed Outcome,,0.414 (0.377)
legal_common,-2.30068389708565,Contracts Expression,Contracts Expression,0.37889292335202085,1.26231300176437e-09,spec_p_reform,Mixed Outcome,***,-2.301*** (0.379)
legal_common,-1.1122938069217183,Expands Expression,Expands Expression,0.5298515213256135,0.035794369517797284,spec_p_reform,Mixed Outcome,**,-1.112** (0.53)
legal_civil,-0.6494186644417062,Contracts Expression,Contracts Expression,0.359421473992687,0.0707865493523441,spec_p_reform,Mixed Outcome,*,-0.649* (0.359)
legal_civil,-0.18613727474580952,Expands Expression,Expands Expression,0.44862223913942983,0.6782087330376583,spec_p_reform,Mixed Outcome,,-0.186 (0.449)
high_court,0.43722957003901713,Contracts Expression,Contracts Expression,0.2616697080417927,0.09473716233021096,spec_p_reform,Mixed Outcome,*,0.437* (0.262)
high_court,0.48761446162107813,Expands Expression,Expands Expression,0.286032544906285,0.08824074673904124,spec_p_reform,Mixed Outcome,*,0.488* (0.286)
j_ind_lag1,0.22539487680340897,Contracts Expression,Contracts Expression,0.25553605910933974,0.37775125920171515,spec_p_reform,Mixed Outcome,,0.225 (0.256)
j_ind_lag1,-0.16414836144989622,Expands Expression,Expands Expression,0.2370913924534971,0.48872249380639277,spec_p_reform,Mixed Outcome,,-0.164 (0.237)
Intercept,-2.135935534707515,Contracts Expression,Contracts Expression,0.6676545805302333,0.001378274308849779,spec_govprot_reform,Mixed Outcome,***,-2.136*** (0.668)
Intercept,-3.6755907465046294,Expands Expression,Expands Expression,0.8256511911219566,8.517422822922333e-06,spec_govprot_reform,Mixed Outcome,***,-3.676*** (0.826)
wdj_govprot_lag1,-0.15531250464541255,Contracts Expression,Contracts Expression,0.2433757625437733,0.5233699924041348,spec_govprot_reform,Mixed Outcome,,-0.155 (0.243)
wdj_govprot_lag1,-0.2127637284607222,Expands Expression,Expands Expression,0.31762352381859,0.5029461680533774,spec_govprot_reform,Mixed Outcome,,-0.213 (0.318)
v2jureform_lag1,-0.3356103783062483,Contracts Expression,Contracts Expression,0.12212767378742276,0.00599547223695859,spec_govprot_reform,Mixed Outcome,***,-0.336*** (0.122)
v2jureform_lag1,-0.18461387929776923,Expands Expression,Expands Expression,0.2476653468690822,0.4560198666039884,spec_govprot_reform,Mixed Outcome,,-0.185 (0.248)
v2x_polyarchy_lag1,3.459116515069003,Contracts Expression,Contracts Expression,1.2315100197460094,0.004972011059112618,spec_govprot_reform,Mixed Outcome,***,3.459*** (1.232)
v2x_polyarchy_lag1,5.096674954105146,Expands Expression,Expands Expression,1.4483268308158874,0.00043316223670726903,spec_govprot_reform,Mixed Outcome,***,5.097*** (1.448)
v2jureview_lag1,0.8290040462417945,Contracts Expression,Contracts Expression,0.32306946254964003,0.010287166266427434,spec_govprot_reform,Mixed Outcome,**,0.829** (0.323)
v2jureview_lag1,0.38677767818406655,Expands Expression,Expands Expression,0.36996040734288127,0.29581182854856514,spec_govprot_reform,Mixed Outcome,,0.387 (0.37)
legal_common,-2.1865729919018464,Contracts Expression,Contracts Expression,0.35198481065212756,5.227343156276244e-10,spec_govprot_reform,Mixed Outcome,***,-2.187*** (0.352)
legal_common,-0.8495681572758693,Expands Expression,Expands Expression,0.5381361014331185,0.1143994717865043,spec_govprot_reform,Mixed Outcome,,-0.85 (0.538)
legal_civil,-0.6736615919569641,Contracts Expression,Contracts Expression,0.36842772152074293,0.0674780038080097,spec_govprot_reform,Mixed Outcome,*,-0.674* (0.368)
legal_civil,-0.33737772477893035,Expands Expression,Expands Expression,0.4779081567893905,0.48022123402098604,spec_govprot_reform,Mixed Outcome,,-0.337 (0.478)
high_court,0.4044491858388045,Contracts Expression,Contracts Expression,0.2746812112019079,0.1409044726606337,spec_govprot_reform,Mixed Outcome,,0.404 (0.275)
high_court,0.4355383295091001,Expands Expression,Expands Expression,0.27374625957558585,0.1116029739287333,spec_govprot_reform,Mixed Outcome,,0.436 (0.274)
j_ind_lag1,0.26362963416894236,Contracts Expression,Contracts Expression,0.283278852496766,0.35204163740396255,spec_govprot_reform,Mixed Outcome,,0.264 (0.283)
j_ind_lag1,-0.1099751397569853,Expands Expression,Expands Expression,0.28688919848590594,0.7014701797699123,spec_govprot_reform,Mixed Outcome,,-0.11 (0.287)
Intercept,-2.0971181228496176,Contracts Expression,Contracts Expression,0.6317574811728371,0.0009017923209808928,spec_c_attack,Mixed Outcome,***,-2.097*** (0.632)
Intercept,-3.7459447476196037,Expands Expression,Expands Expression,0.7405301557186804,4.226481725669424e-07,spec_c_attack,Mixed Outcome,***,-3.746*** (0.741)
wdj_citizen_lag1,-0.3338270475092568,Contracts Expression,Contracts Expression,0.40455339351086744,0.40927266408993057,spec_c_attack,Mixed Outcome,,-0.334 (0.405)
wdj_citizen_lag1,-0.9939966292271186,Expands Expression,Expands Expression,0.6421097368262516,0.12161826330727123,spec_c_attack,Mixed Outcome,,-0.994 (0.642)
v2jupoatck_lag1,-0.1497107643452136,Contracts Expression,Contracts Expression,0.122443264886035,0.2214449267261559,spec_c_attack,Mixed Outcome,,-0.15 (0.122)
v2jupoatck_lag1,-0.18140845482818416,Expands Expression,Expands Expression,0.10250357942061851,0.07676433331539903,spec_c_attack,Mixed Outcome,*,-0.181* (0.103)
v2x_polyarchy_lag1,3.444402475291411,Contracts Expression,Contracts Expression,1.1663897908023817,0.0031465527277262984,spec_c_attack,Mixed Outcome,***,3.444*** (1.166)
v2x_polyarchy_lag1,5.696540740162513,Expands Expression,Expands Expression,1.3155691125695181,1.4904425466371888e-05,spec_c_attack,Mixed Outcome,***,5.697*** (1.316)
v2jureview_lag1,0.7588454541255935,Contracts Expression,Contracts Expression,0.3031682725635865,0.012312802227782122,spec_c_attack,Mixed Outcome,**,0.759** (0.303)
v2jureview_lag1,0.26268601807964165,Expands Expression,Expands Expression,0.336020690293891,0.4343582860380809,spec_c_attack,Mixed Outcome,,0.263 (0.336)
legal_common,-1.8345995752637863,Contracts Expression,Contracts Expression,0.34524810476684886,1.0732797342429162e-07,spec_c_attack,Mixed Outcome,***,-1.835*** (0.345)
legal_common,-0.713068542899116,Expands Expression,Expands Expression,0.48908982255757344,0.144854304981847,spec_c_attack,Mixed Outcome,,-0.713 (0.489)
legal_civil,-0.3799328998365638,Contracts Expression,Contracts Expression,0.3473897016936426,0.27409568876986423,spec_c_attack,Mixed Outcome,,-0.38 (0.347)
legal_civil,-0.06051876684692752,Expands Expression,Expands Expression,0.4046365363560199,0.8811091820007829,spec_c_attack,Mixed Outcome,,-0.061 (0.405)
high_court,0.5534254653467275,Contracts Expression,Contracts Expression,0.27488408176138235,0.04408256449766789,spec_c_attack,Mixed Outcome,**,0.553** (0.275)
high_court,0.5885631983408027,Expands Expression,Expands Expression,0.279329191293814,0.03511243097781477,spec_c_attack,Mixed Outcome,**,0.589** (0.279)
j_ind_lag1,0.14780703733588624,Contracts Expression,Contracts Expression,0.2711391091012902,0.5856616384864524,spec_c_attack,Mixed Outcome,,0.148 (0.271)
j_ind_lag1,-0.24376764719428762,Expands Expression,Expands Expression,0.24313588475109366,0.31605467176175495,spec_c_attack,Mixed Outcome,,-0.244 (0.243)
Intercept,-2.1209922756797477,Contracts Expression,Contracts Expression,0.6327599357771357,0.0008023873432151991,spec_im_attack,Mixed Outcome,***,-2.121*** (0.633)
Intercept,-3.839407198221532,Expands Expression,Expands Expression,0.7653627430994437,5.263379782060417e-07,spec_im_attack,Mixed Outcome,***,-3.839*** (0.765)
wdj_intermediaries_lag1,-0.8389641428712517,Contracts Expression,Contracts Expression,0.6360622038204062,0.1871701131979716,spec_im_attack,Mixed Outcome,,-0.839 (0.636)
wdj_intermediaries_lag1,-0.3958369485238837,Expands Expression,Expands Expression,0.954636922945457,0.6784006336911312,spec_im_attack,Mixed Outcome,,-0.396 (0.955)
v2jupoatck_lag1,-0.14836038148604191,Contracts Expression,Contracts Expression,0.11778618840393638,0.20782319918811287,spec_im_attack,Mixed Outcome,,-0.148 (0.118)
v2jupoatck_lag1,-0.17367766519190797,Expands Expression,Expands Expression,0.10972624500481482,0.11346089679031955,spec_im_attack,Mixed Outcome,,-0.174 (0.11)
v2x_polyarchy_lag1,3.531401754035649,Contracts Expression,Contracts Expression,1.1301388307533833,0.0017795599483660285,spec_im_attack,Mixed Outcome,***,3.531*** (1.13)
v2x_polyarchy_lag1,5.634564267949112,Expands Expression,Expands Expression,1.3783710144700938,4.354026906866005e-05,spec_im_attack,Mixed Outcome,***,5.635*** (1.378)
v2jureview_lag1,0.7732454383782271,Contracts Expression,Contracts Expression,0.3050998513393247,0.011263967640212905,spec_im_attack,Mixed Outcome,**,0.773** (0.305)
v2jureview_lag1,0.28997022107576004,Expands Expression,Expands Expression,0.35799494760660594,0.41794930508771155,spec_im_attack,Mixed Outcome,,0.29 (0.358)
legal_common,-1.8953926377624954,Contracts Expression,Contracts Expression,0.3465966425859968,4.5364666162112255e-08,spec_im_attack,Mixed Outcome,***,-1.895*** (0.347)
legal_common,-0.6772759432518632,Expands Expression,Expands Expression,0.5007574247012125,0.17621444436474243,spec_im_attack,Mixed Outcome,,-0.677 (0.501)
legal_civil,-0.2981526871396347,Contracts Expression,Contracts Expression,0.3311983270833531,0.368001049546662,spec_im_attack,Mixed Outcome,,-0.298 (0.331)
legal_civil,-0.28633136045528534,Expands Expression,Expands Expression,0.4665368935193566,0.5393885575648537,spec_im_attack,Mixed Outcome,,-0.286 (0.467)
high_court,0.5430244238517729,Contracts Expression,Contracts Expression,0.27502250132911416,0.0483280173883512,spec_im_attack,Mixed Outcome,**,0.543** (0.275)
high_court,0.5778800944691783,Expands Expression,Expands Expression,0.28842712479774607,0.04511756955396655,spec_im_attack,Mixed Outcome,**,0.578** (0.288)
j_ind_lag1,0.13689969284964523,Contracts Expression,Contracts Expression,0.26739619416418187,0.6086697461234869,spec_im_attack,Mixed Outcome,,0.137 (0.267)
j_ind_lag1,-0.2322350205733107,Expands Expression,Expands Expression,0.2527512282054455,0.3581853063289906,spec_im_attack,Mixed Outcome,,-0.232 (0.253)
Intercept,-2.260911041776586,Contracts Expression,Contracts Expression,0.6608771364273784,0.0006237385371115543,spec_p_attack,Mixed Outcome,***,-2.261*** (0.661)
Intercept,-4.119731273935296,Expands Expression,Expands Expression,0.7959208672026848,2.2662501262296809e-07,spec_p_attack,Mixed Outcome,***,-4.12*** (0.796)
wdj_press_lag1,-0.575338026534727,Contracts Expression,Contracts Expression,0.5957744880620888,0.33419549283659333,spec_p_attack,Mixed Outcome,,-0.575 (0.596)
wdj_press_lag1,-1.6120075878299223,Expands Expression,Expands Expression,0.6365724729030648,0.011330931999131625,spec_p_attack,Mixed Outcome,**,-1.612** (0.637)
v2jupoatck_lag1,-0.14596092553972,Contracts Expression,Contracts Expression,0.12369614870200252,0.2380019188200293,spec_p_attack,Mixed Outcome,,-0.146 (0.124)
v2jupoatck_lag1,-0.16889855316555502,Expands Expression,Expands Expression,0.10248502560488042,0.09934620199147667,spec_p_attack,Mixed Outcome,*,-0.169* (0.102)
v2x_polyarchy_lag1,3.56142306046087,Contracts Expression,Contracts Expression,1.174039262786862,0.002417518014139389,spec_p_attack,Mixed Outcome,***,3.561*** (1.174)
v2x_polyarchy_lag1,5.99476728037482,Expands Expression,Expands Expression,1.3244215765533014,6.001722969019564e-06,spec_p_attack,Mixed Outcome,***,5.995*** (1.324)
v2jureview_lag1,0.8198577851282525,Contracts Expression,Contracts Expression,0.3356680340014757,0.014587300604921614,spec_p_attack,Mixed Outcome,**,0.82** (0.336)
v2jureview_lag1,0.3577433939799994,Expands Expression,Expands Expression,0.3876711115526939,0.35611077902045374,spec_p_attack,Mixed Outcome,,0.358 (0.388)
legal_common,-1.892753645261168,Contracts Expression,Contracts Expression,0.34732385128924304,5.050155260430732e-08,spec_p_attack,Mixed Outcome,***,-1.893*** (0.347)
legal_common,-0.8494383968570792,Expands Expression,Expands Expression,0.46457162544445313,0.06748449371104759,spec_p_attack,Mixed Outcome,*,-0.849* (0.465)
legal_civil,-0.3784670846806911,Contracts Expression,Contracts Expression,0.355304526762256,0.2867896322247814,spec_p_attack,Mixed Outcome,,-0.378 (0.355)
legal_civil,-0.07640674840540433,Expands Expression,Expands Expression,0.4118624591627709,0.8528249556547319,spec_p_attack,Mixed Outcome,,-0.076 (0.412)
high_court,0.5624347741938351,Contracts Expression,Contracts Expression,0.27721660133602044,0.04247214751969609,spec_p_attack,Mixed Outcome,**,0.562** (0.277)
high_court,0.6002365579938506,Expands Expression,Expands Expression,0.2842782847004377,0.03473450499843907,spec_p_attack,Mixed Outcome,**,0.6** (0.284)
j_ind_lag1,0.1428758865162375,Contracts Expression,Contracts Expression,0.2741773513359648,0.6022918550486422,spec_p_attack,Mixed Outcome,,0.143 (0.274)
j_ind_lag1,-0.23005327818531573,Expands Expression,Expands Expression,0.24203311716591203,0.3418565745318819,spec_p_attack,Mixed Outcome,,-0.23 (0.242)
Intercept,-2.122347322340646,Contracts Expression,Contracts Expression,0.6595516415380595,0.0012914914886021204,spec_govprot_attack,Mixed Outcome,***,-2.122*** (0.66)
Intercept,-3.794568484120036,Expands Expression,Expands Expression,0.7802270883766707,1.1537731681977878e-06,spec_govprot_attack,Mixed Outcome,***,-3.795*** (0.78)
wdj_govprot_lag1,-0.3210529777774257,Contracts Expression,Contracts Expression,0.25634733057544073,0.2104190587480943,spec_govprot_attack,Mixed Outcome,,-0.321 (0.256)
wdj_govprot_lag1,-0.42524826180342856,Expands Expression,Expands Expression,0.3219210801951856,0.18651118874822692,spec_govprot_attack,Mixed Outcome,,-0.425 (0.322)
v2jupoatck_lag1,-0.1962679752995766,Contracts Expression,Contracts Expression,0.10426164488187697,0.05977410738687856,spec_govprot_attack,Mixed Outcome,*,-0.196* (0.104)
v2jupoatck_lag1,-0.25145625163515795,Expands Expression,Expands Expression,0.12527461008521454,0.04472407761508779,spec_govprot_attack,Mixed Outcome,**,-0.251** (0.125)
v2x_polyarchy_lag1,3.3766703228897668,Contracts Expression,Contracts Expression,1.1078427178421026,0.0023039365059508168,spec_govprot_attack,Mixed Outcome,***,3.377*** (1.108)
v2x_polyarchy_lag1,5.48634726884852,Expands Expression,Expands Expression,1.301005218314518,2.4756700480162046e-05,spec_govprot_attack,Mixed Outcome,***,5.486*** (1.301)
v2jureview_lag1,0.7780424835559734,Contracts Expression,Contracts Expression,0.3296582331041646,0.01826760603977064,spec_govprot_attack,Mixed Outcome,**,0.778** (0.33)
v2jureview_lag1,0.28775918780295806,Expands Expression,Expands Expression,0.37080731983408666,0.43772875152505286,spec_govprot_attack,Mixed Outcome,,0.288 (0.371)
legal_common,-1.7298955591131802,Contracts Expression,Contracts Expression,0.3346414445614274,2.3484647370606377e-07,spec_govprot_attack,Mixed Outcome,***,-1.73*** (0.335)
legal_common,-0.5419864357540348,Expands Expression,Expands Expression,0.48569031894788484,0.26446087952840536,spec_govprot_attack,Mixed Outcome,,-0.542 (0.486)
legal_civil,-0.3893080745305018,Contracts Expression,Contracts Expression,0.32962327375625716,0.23757501938358638,spec_govprot_attack,Mixed Outcome,,-0.389 (0.33)
legal_civil,-0.22011639923367438,Expands Expression,Expands Expression,0.42875394404323874,0.6076811297266904,spec_govprot_attack,Mixed Outcome,,-0.22 (0.429)
high_court,0.5096735051969928,Contracts Expression,Contracts Expression,0.2798685791981622,0.06858903136549328,spec_govprot_attack,Mixed Outcome,*,0.51* (0.28)
high_court,0.5276774081405923,Expands Expression,Expands Expression,0.27227006077973864,0.052615143771573565,spec_govprot_attack,Mixed Outcome,*,0.528* (0.272)
j_ind_lag1,0.1975677226260523,Contracts Expression,Contracts Expression,0.28722995043282856,0.4915546981867519,spec_govprot_attack,Mixed Outcome,,0.198 (0.287)
j_ind_lag1,-0.14615941143140324,Expands Expression,Expands Expression,0.2724849146555579,0.5916859270096473,spec_govprot_attack,Mixed Outcome,,-0.146 (0.272)
Intercept,-1.631039185112021,Contracts Expression,Contracts Expression,0.6098548086424358,0.007484718153368372,spec_c_reform_decision,Mixed Outcome,***,-1.631*** (0.61)
Intercept,-3.6166650591515705,Expands Expression,Expands Expression,0.7094567813245815,3.4363309763611213e-07,spec_c_reform_decision,Mixed Outcome,***,-3.617*** (0.709)
wdj_citizen_lag1,-0.2088768294939568,Contracts Expression,Contracts Expression,0.39373294484887417,0.5957626643589634,spec_c_reform_decision,Mixed Outcome,,-0.209 (0.394)
wdj_citizen_lag1,-0.7966292889894039,Expands Expression,Expands Expression,0.6345360294473108,0.20931485875547295,spec_c_reform_decision,Mixed Outcome,,-0.797 (0.635)
v2jureform_lag1,-0.31940088565261465,Contracts Expression,Contracts Expression,0.12448650585259613,0.010295387531733346,spec_c_reform_decision,Mixed Outcome,**,-0.319** (0.124)
v2jureform_lag1,-0.12792707361797984,Expands Expression,Expands Expression,0.24957094052448542,0.608239536858521,spec_c_reform_decision,Mixed Outcome,,-0.128 (0.25)
v2x_polyarchy_lag1,3.267963101064525,Contracts Expression,Contracts Expression,1.1605981165599224,0.004866234993331942,spec_c_reform_decision,Mixed Outcome,***,3.268*** (1.161)
v2x_polyarchy_lag1,5.199037601032249,Expands Expression,Expands Expression,1.292384142988906,5.750377752719418e-05,spec_c_reform_decision,Mixed Outcome,***,5.199*** (1.292)
v2jureview_lag1,0.6132989582567506,Contracts Expression,Contracts Expression,0.2985129037064799,0.039925963819260626,spec_c_reform_decision,Mixed Outcome,**,0.613** (0.299)
v2jureview_lag1,0.3364903005575277,Expands Expression,Expands Expression,0.3423411486213176,0.32565207765775006,spec_c_reform_decision,Mixed Outcome,,0.336 (0.342)
legal_common,-1.811721179940078,Contracts Expression,Contracts Expression,0.37366052276924455,1.2435133047834456e-06,spec_c_reform_decision,Mixed Outcome,***,-1.812*** (0.374)
legal_common,-0.7467743684099858,Expands Expression,Expands Expression,0.5175753545451923,0.1490677564328853,spec_c_reform_decision,Mixed Outcome,,-0.747 (0.518)
legal_civil,-0.3502923740865204,Contracts Expression,Contracts Expression,0.3368990955350436,0.2984539406944203,spec_c_reform_decision,Mixed Outcome,,-0.35 (0.337)
legal_civil,0.10350261905746351,Expands Expression,Expands Expression,0.44338499227674927,0.8154218105643357,spec_c_reform_decision,Mixed Outcome,,0.104 (0.443)
high_court,0.37611678822400124,Contracts Expression,Contracts Expression,0.24709169166760098,0.12796524514478566,spec_c_reform_decision,Mixed Outcome,,0.376 (0.247)
high_court,0.48357333374436273,Expands Expression,Expands Expression,0.31328287760077533,0.12269309268382195,spec_c_reform_decision,Mixed Outcome,,0.484 (0.313)
j_ind_lag1,0.2376029213164142,Contracts Expression,Contracts Expression,0.2462815622372631,0.33466438142759913,spec_c_reform_decision,Mixed Outcome,,0.238 (0.246)
j_ind_lag1,-0.1829754057845609,Expands Expression,Expands Expression,0.2325042882262336,0.43129563605692767,spec_c_reform_decision,Mixed Outcome,,-0.183 (0.233)
mode_press_newspapers,0.8767235212107355,Contracts Expression,Contracts Expression,0.388017891418378,0.023852765406444352,spec_c_reform_decision,Mixed Outcome,**,0.877** (0.388)
mode_press_newspapers,0.5456284680258284,Expands Expression,Expands Expression,0.47189240013660705,0.24757641755095483,spec_c_reform_decision,Mixed Outcome,,0.546 (0.472)
mode_public_speech,-0.3417259790553705,Contracts Expression,Contracts Expression,0.26807679155741426,0.20240422945551184,spec_c_reform_decision,Mixed Outcome,,-0.342 (0.268)
mode_public_speech,-0.2850259148553834,Expands Expression,Expands Expression,0.22660947991210975,0.20846966531544187,spec_c_reform_decision,Mixed Outcome,,-0.285 (0.227)
mode_public_documents,0.44058877866218343,Contracts Expression,Contracts Expression,0.4134904759362029,0.28663367225710923,spec_c_reform_decision,Mixed Outcome,,0.441 (0.413)
mode_public_documents,-0.2993860380271232,Expands Expression,Expands Expression,0.36389546132619427,0.41066416920184745,spec_c_reform_decision,Mixed Outcome,,-0.299 (0.364)
mode_audio_visual_broadcasting,0.5223196662100867,Contracts Expression,Contracts Expression,0.4046898640719772,0.19681933226290882,spec_c_reform_decision,Mixed Outcome,,0.522 (0.405)
mode_audio_visual_broadcasting,0.6003884320003889,Expands Expression,Expands Expression,0.4006170143347246,0.13396202886925276,spec_c_reform_decision,Mixed Outcome,,0.6 (0.401)
mode_public_assembly,0.09548076294044967,Contracts Expression,Contracts Expression,0.5591219072822138,0.8644053013846067,spec_c_reform_decision,Mixed Outcome,,0.095 (0.559)
mode_public_assembly,0.30629700584653213,Expands Expression,Expands Expression,0.19985516468688494,0.12537569923211403,spec_c_reform_decision,Mixed Outcome,,0.306 (0.2)
mode_written_speech,0.28572475276626824,Contracts Expression,Contracts Expression,0.27669492415508223,0.30177492903058867,spec_c_reform_decision,Mixed Outcome,,0.286 (0.277)
mode_written_speech,-0.07769957905517515,Expands Expression,Expands Expression,0.3407338342612331,0.8196182573557417,spec_c_reform_decision,Mixed Outcome,,-0.078 (0.341)
mode_non_verbal_expression,0.09165604455394956,Contracts Expression,Contracts Expression,0.24515900163267962,0.7085057453280161,spec_c_reform_decision,Mixed Outcome,,0.092 (0.245)
mode_non_verbal_expression,0.3567059190798338,Expands Expression,Expands Expression,0.29664336907324873,0.22917995912905953,spec_c_reform_decision,Mixed Outcome,,0.357 (0.297)
defendant_citizen,-0.8951574697459247,Contracts Expression,Contracts Expression,0.2777388237579928,0.0012684719731935825,spec_c_reform_decision,Mixed Outcome,***,-0.895*** (0.278)
defendant_citizen,-0.2937328770758938,Expands Expression,Expands Expression,0.3284530437831441,0.37116576444314286,spec_c_reform_decision,Mixed Outcome,,-0.294 (0.328)
defendant_press,-0.8138887582753175,Contracts Expression,Contracts Expression,0.4712594101712798,0.08415861025835099,spec_c_reform_decision,Mixed Outcome,*,-0.814* (0.471)
defendant_press,-0.3488639898254144,Expands Expression,Expands Expression,0.41623469360070725,0.40195067186782907,spec_c_reform_decision,Mixed Outcome,,-0.349 (0.416)
defendant_intermediary,-1.29881385748805,Contracts Expression,Contracts Expression,0.44734232993206624,0.003691344752241369,spec_c_reform_decision,Mixed Outcome,***,-1.299*** (0.447)
defendant_intermediary,-0.5314400259891964,Expands Expression,Expands Expression,0.3614870429551292,0.14152124556135873,spec_c_reform_decision,Mixed Outcome,,-0.531 (0.361)
defendant_other,-0.09000766350856491,Contracts Expression,Contracts Expression,0.5340626752935215,0.8661632796785547,spec_c_reform_decision,Mixed Outcome,,-0.09 (0.534)
defendant_other,0.3870677934060587,Expands Expression,Expands Expression,0.5444182355600864,0.4770996842601789,spec_c_reform_decision,Mixed Outcome,,0.387 (0.544)
defendant_unclear,-0.5560859360030799,Contracts Expression,Contracts Expression,0.24975364975558684,0.025978181552934264,spec_c_reform_decision,Mixed Outcome,**,-0.556** (0.25)
defendant_unclear,-1.3911848389761716,Expands Expression,Expands Expression,0.48030862627982984,0.003774235047472651,spec_c_reform_decision,Mixed Outcome,***,-1.391*** (0.48)
Intercept,-1.781337685521207,Contracts Expression,Contracts Expression,0.6251656528517278,0.0043803826848201975,spec_p_reform_decision,Mixed Outcome,***,-1.781*** (0.625)
Intercept,-3.9169907023608994,Expands Expression,Expands Expression,0.740594353765931,1.2299854310119692e-07,spec_p_reform_decision,Mixed Outcome,***,-3.917*** (0.741)
wdj_press_lag1,-0.8423635263458018,Contracts Expression,Contracts Expression,0.3848489270247503,0.028610209283703846,spec_p_reform_decision,Mixed Outcome,**,-0.842** (0.385)
wdj_press_lag1,-1.5475454423721995,Expands Expression,Expands Expression,0.44645383762296237,0.0005276631359512919,spec_p_reform_decision,Mixed Outcome,***,-1.548*** (0.446)
v2jureform_lag1,-0.3180506102796689,Contracts Expression,Contracts Expression,0.11924952637300304,0.007650852425283553,spec_p_reform_decision,Mixed Outcome,***,-0.318*** (0.119)
v2jureform_lag1,-0.14194665858137534,Expands Expression,Expands Expression,0.24921102960036592,0.5689597645575291,spec_p_reform_decision,Mixed Outcome,,-0.142 (0.249)
v2x_polyarchy_lag1,3.4738332975132376,Contracts Expression,Contracts Expression,1.0790112403760077,0.0012843237309699254,spec_p_reform_decision,Mixed Outcome,***,3.474*** (1.079)
v2x_polyarchy_lag1,5.543977636227124,Expands Expression,Expands Expression,1.1969757175335725,3.627556321741915e-06,spec_p_reform_decision,Mixed Outcome,***,5.544*** (1.197)
v2jureview_lag1,0.6548794769708663,Contracts Expression,Contracts Expression,0.3171140310659699,0.038911364373337295,spec_p_reform_decision,Mixed Outcome,**,0.655** (0.317)
v2jureview_lag1,0.3890045044888639,Expands Expression,Expands Expression,0.36877962925169316,0.2914972662620826,spec_p_reform_decision,Mixed Outcome,,0.389 (0.369)
legal_common,-1.896565185800282,Contracts Expression,Contracts Expression,0.3707218681551436,3.12296757416914e-07,spec_p_reform_decision,Mixed Outcome,***,-1.897*** (0.371)
legal_common,-0.8698469819359208,Expands Expression,Expands Expression,0.5089639409035777,0.08744090255248263,spec_p_reform_decision,Mixed Outcome,*,-0.87* (0.509)
legal_civil,-0.31303786673140266,Contracts Expression,Contracts Expression,0.3254855930332532,0.3361719615631521,spec_p_reform_decision,Mixed Outcome,,-0.313 (0.325)
legal_civil,0.06837316949169764,Expands Expression,Expands Expression,0.44315996936932317,0.8773846083312747,spec_p_reform_decision,Mixed Outcome,,0.068 (0.443)
high_court,0.38176896975281066,Contracts Expression,Contracts Expression,0.24652440985045732,0.12147666809497394,spec_p_reform_decision,Mixed Outcome,,0.382 (0.247)
high_court,0.4919012070978269,Expands Expression,Expands Expression,0.3121528089857004,0.11506391867128006,spec_p_reform_decision,Mixed Outcome,,0.492 (0.312)
j_ind_lag1,0.2254529514971592,Contracts Expression,Contracts Expression,0.23827926201582195,0.3440613238784893,spec_p_reform_decision,Mixed Outcome,,0.225 (0.238)
j_ind_lag1,-0.18012740038898473,Expands Expression,Expands Expression,0.22708177735116658,0.4276455706967175,spec_p_reform_decision,Mixed Outcome,,-0.18 (0.227)
mode_press_newspapers,0.8849968024804209,Contracts Expression,Contracts Expression,0.3915726971696426,0.023814514367767697,spec_p_reform_decision,Mixed Outcome,**,0.885** (0.392)
mode_press_newspapers,0.5782184221491603,Expands Expression,Expands Expression,0.4683559658339193,0.21699042289391235,spec_p_reform_decision,Mixed Outcome,,0.578 (0.468)
mode_public_speech,-0.3487674892853258,Contracts Expression,Contracts Expression,0.2579394195728102,0.1763339030392973,spec_p_reform_decision,Mixed Outcome,,-0.349 (0.258)
mode_public_speech,-0.29904526621024274,Expands Expression,Expands Expression,0.21531726044053887,0.16487569901018817,spec_p_reform_decision,Mixed Outcome,,-0.299 (0.215)
mode_public_documents,0.502711182805362,Contracts Expression,Contracts Expression,0.4287074006142279,0.2409479346903991,spec_p_reform_decision,Mixed Outcome,,0.503 (0.429)
mode_public_documents,-0.21384293322973025,Expands Expression,Expands Expression,0.3554098688263529,0.5473873090447499,spec_p_reform_decision,Mixed Outcome,,-0.214 (0.355)
mode_audio_visual_broadcasting,0.553014214448825,Contracts Expression,Contracts Expression,0.4008267221232686,0.16768396200629576,spec_p_reform_decision,Mixed Outcome,,0.553 (0.401)
mode_audio_visual_broadcasting,0.6514977473304261,Expands Expression,Expands Expression,0.40849258104680014,0.11073847073468318,spec_p_reform_decision,Mixed Outcome,,0.651 (0.408)
mode_public_assembly,0.11586614747224913,Contracts Expression,Contracts Expression,0.5649086092553331,0.8374893056399446,spec_p_reform_decision,Mixed Outcome,,0.116 (0.565)
mode_public_assembly,0.35144278113524385,Expands Expression,Expands Expression,0.18618011507345322,0.05907303451427221,spec_p_reform_decision,Mixed Outcome,*,0.351* (0.186)
mode_written_speech,0.3094123458158512,Contracts Expression,Contracts Expression,0.2623772934941212,0.23829269049593615,spec_p_reform_decision,Mixed Outcome,,0.309 (0.262)
mode_written_speech,-0.025193127547300173,Expands Expression,Expands Expression,0.31744248018275384,0.9367440478568223,spec_p_reform_decision,Mixed Outcome,,-0.025 (0.317)
mode_non_verbal_expression,0.08365726449602388,Contracts Expression,Contracts Expression,0.23269481940217931,0.7192099018994103,spec_p_reform_decision,Mixed Outcome,,0.084 (0.233)
mode_non_verbal_expression,0.34953578829860354,Expands Expression,Expands Expression,0.2838217158591224,0.21812360968954725,spec_p_reform_decision,Mixed Outcome,,0.35 (0.284)
defendant_citizen,-0.9122138660492428,Contracts Expression,Contracts Expression,0.28224931454075325,0.0012295132042820208,spec_p_reform_decision,Mixed Outcome,***,-0.912*** (0.282)
defendant_citizen,-0.35569652904849736,Expands Expression,Expands Expression,0.3489203804743821,0.3080034590648586,spec_p_reform_decision,Mixed Outcome,,-0.356 (0.349)
defendant_press,-0.8067942273193437,Contracts Expression,Contracts Expression,0.4709210961872519,0.08667098522080331,spec_p_reform_decision,Mixed Outcome,*,-0.807* (0.471)
defendant_press,-0.3448829768555306,Expands Expression,Expands Expression,0.4132365180203003,0.4039487153915523,spec_p_reform_decision,Mixed Outcome,,-0.345 (0.413)
defendant_intermediary,-1.2994134132524178,Contracts Expression,Contracts Expression,0.44754124648352883,0.0036907647531325177,spec_p_reform_decision,Mixed Outcome,***,-1.299*** (0.448)
defendant_intermediary,-0.5195204819755656,Expands Expression,Expands Expression,0.358245931637544,0.14700880015263026,spec_p_reform_decision,Mixed Outcome,,-0.52 (0.358)
defendant_other,-0.08894842996372335,Contracts Expression,Contracts Expression,0.5433721431274198,0.8699696210272299,spec_p_reform_decision,Mixed Outcome,,-0.089 (0.543)
defendant_other,0.38772083996851725,Expands Expression,Expands Expression,0.5601239407597673,0.48880832167118093,spec_p_reform_decision,Mixed Outcome,,0.388 (0.56)
defendant_unclear,-0.5513576016169406,Contracts Expression,Contracts Expression,0.24265379626909203,0.023074521422784416,spec_p_reform_decision,Mixed Outcome,**,-0.551** (0.243)
defendant_unclear,-1.409330249002032,Expands Expression,Expands Expression,0.48470342267976085,0.0036419807353023277,spec_p_reform_decision,Mixed Outcome,***,-1.409*** (0.485)
Intercept,-1.8155757203756695,Contracts Expression,Contracts Expression,0.6015000345536982,0.0025410207570302373,spec_c_pack_decision,Mixed Outcome,***,-1.816*** (0.602)
Intercept,-4.33798414040568,Expands Expression,Expands Expression,0.9055145085109305,1.662592218867187e-06,spec_c_pack_decision,Mixed Outcome,***,-4.338*** (0.906)
wdj_citizen_lag1,-0.22349258773341849,Contracts Expression,Contracts Expression,0.3999764203685485,0.576322516035563,spec_c_pack_decision,Mixed Outcome,,-0.223 (0.4)
wdj_citizen_lag1,-0.7271011641823938,Expands Expression,Expands Expression,0.619727460975194,0.24069173661181986,spec_c_pack_decision,Mixed Outcome,,-0.727 (0.62)
v2jupack_lag1,-0.22037540786036064,Contracts Expression,Contracts Expression,0.17092938389129214,0.19730163205086237,spec_c_pack_decision,Mixed Outcome,,-0.22 (0.171)
v2jupack_lag1,-0.4707470409144825,Expands Expression,Expands Expression,0.25787566478622503,0.06792852581782621,spec_c_pack_decision,Mixed Outcome,*,-0.471* (0.258)
v2x_polyarchy_lag1,3.528613137299349,Contracts Expression,Contracts Expression,1.110832856041131,0.0014903947038170564,spec_c_pack_decision,Mixed Outcome,***,3.529*** (1.111)
v2x_polyarchy_lag1,6.844724873065064,Expands Expression,Expands Expression,1.7700152875845157,0.0001101630997205128,spec_c_pack_decision,Mixed Outcome,***,6.845*** (1.77)
v2jureview_lag1,0.6948851839916129,Contracts Expression,Contracts Expression,0.29474383835873563,0.018393986159851536,spec_c_pack_decision,Mixed Outcome,**,0.695** (0.295)
v2jureview_lag1,0.3964992076711762,Expands Expression,Expands Expression,0.3511474862516588,0.2588333324940143,spec_c_pack_decision,Mixed Outcome,,0.396 (0.351)
legal_common,-1.4581458017534106,Contracts Expression,Contracts Expression,0.3635725339570831,6.056337385491372e-05,spec_c_pack_decision,Mixed Outcome,***,-1.458*** (0.364)
legal_common,-0.5700692709049813,Expands Expression,Expands Expression,0.495562940262988,0.2500010387870728,spec_c_pack_decision,Mixed Outcome,,-0.57 (0.496)
legal_civil,-0.1101638281422233,Contracts Expression,Contracts Expression,0.31637016872628976,0.7276811212809624,spec_c_pack_decision,Mixed Outcome,,-0.11 (0.316)
legal_civil,-0.0021670088708716996,Expands Expression,Expands Expression,0.4076070453049223,0.9957581332408043,spec_c_pack_decision,Mixed Outcome,,-0.002 (0.408)
high_court,0.3981142858379805,Contracts Expression,Contracts Expression,0.24797111976785624,0.10838678120846473,spec_c_pack_decision,Mixed Outcome,,0.398 (0.248)
high_court,0.4506148904731827,Expands Expression,Expands Expression,0.2965433945640836,0.1286220980248553,spec_c_pack_decision,Mixed Outcome,,0.451 (0.297)
j_ind_lag1,0.15485650857950858,Contracts Expression,Contracts Expression,0.2545227438098278,0.542909521127648,spec_c_pack_decision,Mixed Outcome,,0.155 (0.255)
j_ind_lag1,-0.2402649399777528,Expands Expression,Expands Expression,0.22998455742470691,0.2961614984230785,spec_c_pack_decision,Mixed Outcome,,-0.24 (0.23)
mode_press_newspapers,0.8891050500413915,Contracts Expression,Contracts Expression,0.3904518469957677,0.02277916156406195,spec_c_pack_decision,Mixed Outcome,**,0.889** (0.39)
mode_press_newspapers,0.5491972151293544,Expands Expression,Expands Expression,0.46972566356235845,0.2423282327428451,spec_c_pack_decision,Mixed Outcome,,0.549 (0.47)
mode_public_speech,-0.34469353594603025,Contracts Expression,Contracts Expression,0.27050570307312344,0.20257267738862772,spec_c_pack_decision,Mixed Outcome,,-0.345 (0.271)
mode_public_speech,-0.28400260505505653,Expands Expression,Expands Expression,0.21669495485114554,0.18998951175364087,spec_c_pack_decision,Mixed Outcome,,-0.284 (0.217)
mode_public_documents,0.37549969869355637,Contracts Expression,Contracts Expression,0.40220584664310305,0.3505098544254437,spec_c_pack_decision,Mixed Outcome,,0.375 (0.402)
mode_public_documents,-0.2749204942627007,Expands Expression,Expands Expression,0.34923258374336064,0.43115708060918434,spec_c_pack_decision,Mixed Outcome,,-0.275 (0.349)
mode_audio_visual_broadcasting,0.5205636996657583,Contracts Expression,Contracts Expression,0.38447158166721046,0.17574535796918433,spec_c_pack_decision,Mixed Outcome,,0.521 (0.384)
mode_audio_visual_broadcasting,0.6268404859162411,Expands Expression,Expands Expression,0.38059440023065144,0.09955723102817715,spec_c_pack_decision,Mixed Outcome,*,0.627* (0.381)
mode_public_assembly,0.14200613993640737,Contracts Expression,Contracts Expression,0.5938201763255888,0.8109970481458595,spec_c_pack_decision,Mixed Outcome,,0.142 (0.594)
mode_public_assembly,0.37539980162557457,Expands Expression,Expands Expression,0.20859724909129213,0.07191761568782645,spec_c_pack_decision,Mixed Outcome,*,0.375* (0.209)
mode_written_speech,0.2945532611549605,Contracts Expression,Contracts Expression,0.26808422302153045,0.27188409069619446,spec_c_pack_decision,Mixed Outcome,,0.295 (0.268)
mode_written_speech,-0.09004173426370982,Expands Expression,Expands Expression,0.33947876139090577,0.7908282411911163,spec_c_pack_decision,Mixed Outcome,,-0.09 (0.339)
mode_non_verbal_expression,0.09257977449235848,Contracts Expression,Contracts Expression,0.25030989575411444,0.7114863409052328,spec_c_pack_decision,Mixed Outcome,,0.093 (0.25)
mode_non_verbal_expression,0.3931721270424865,Expands Expression,Expands Expression,0.2898655992803908,0.17497365767142226,spec_c_pack_decision,Mixed Outcome,,0.393 (0.29)
defendant_citizen,-0.9088381383293168,Contracts Expression,Contracts Expression,0.27737728206881657,0.0010508691816169616,spec_c_pack_decision,Mixed Outcome,***,-0.909*** (0.277)
defendant_citizen,-0.27663849560279175,Expands Expression,Expands Expression,0.31639052056202793,0.3819234724345163,spec_c_pack_decision,Mixed Outcome,,-0.277 (0.316)
defendant_press,-0.8352394321972106,Contracts Expression,Contracts Expression,0.4789602241017351,0.08118355753253853,spec_c_pack_decision,Mixed Outcome,*,-0.835* (0.479)
defendant_press,-0.34868190512678304,Expands Expression,Expands Expression,0.42338605768558046,0.4101921849076975,spec_c_pack_decision,Mixed Outcome,,-0.349 (0.423)
defendant_intermediary,-1.3297891386802165,Contracts Expression,Contracts Expression,0.4484642508494261,0.003024797576417432,spec_c_pack_decision,Mixed Outcome,***,-1.33*** (0.448)
defendant_intermediary,-0.5164349580634915,Expands Expression,Expands Expression,0.35846514113929323,0.14967400498312794,spec_c_pack_decision,Mixed Outcome,,-0.516 (0.358)
defendant_other,-0.08885709221991663,Contracts Expression,Contracts Expression,0.5200610182863113,0.8643346559033587,spec_c_pack_decision,Mixed Outcome,,-0.089 (0.52)
defendant_other,0.4108649008293899,Expands Expression,Expands Expression,0.5204898115032183,0.42988920815560305,spec_c_pack_decision,Mixed Outcome,,0.411 (0.52)
defendant_unclear,-0.5714909380580194,Contracts Expression,Contracts Expression,0.24501585398328235,0.01967623476224356,spec_c_pack_decision,Mixed Outcome,**,-0.571** (0.245)
defendant_unclear,-1.3206916669080515,Expands Expression,Expands Expression,0.44371342646451484,0.002916048308303333,spec_c_pack_decision,Mixed Outcome,***,-1.321*** (0.444)
Intercept,-1.9488316317201477,Contracts Expression,Contracts Expression,0.6251559640220298,0.0018248311288535412,spec_p_pack_decision,Mixed Outcome,***,-1.949*** (0.625)
Intercept,-4.586060964317502,Expands Expression,Expands Expression,0.8883878247565186,2.4402713249048477e-07,spec_p_pack_decision,Mixed Outcome,***,-4.586*** (0.888)
wdj_press_lag1,-0.7773700412734775,Contracts Expression,Contracts Expression,0.43848048621332675,0.0762498192516785,spec_p_pack_decision,Mixed Outcome,*,-0.777* (0.438)
wdj_press_lag1,-1.3895984027560606,Expands Expression,Expands Expression,0.5606120121047352,0.013185595810063693,spec_p_pack_decision,Mixed Outcome,**,-1.39** (0.561)
v2jupack_lag1,-0.20609599916863244,Contracts Expression,Contracts Expression,0.16942573902692182,0.22381790888560138,spec_p_pack_decision,Mixed Outcome,,-0.206 (0.169)
v2jupack_lag1,-0.4612591835795774,Expands Expression,Expands Expression,0.2501668937004341,0.06521143899226299,spec_p_pack_decision,Mixed Outcome,*,-0.461* (0.25)
v2x_polyarchy_lag1,3.672999388446792,Contracts Expression,Contracts Expression,1.074444288617941,0.0006296482244263424,spec_p_pack_decision,Mixed Outcome,***,3.673*** (1.074)
v2x_polyarchy_lag1,7.108255340385172,Expands Expression,Expands Expression,1.6394875154554476,1.4532547823703026e-05,spec_p_pack_decision,Mixed Outcome,***,7.108*** (1.639)
v2jureview_lag1,0.7343542723314785,Contracts Expression,Contracts Expression,0.31599896392041116,0.02013012817745531,spec_p_pack_decision,Mixed Outcome,**,0.734** (0.316)
v2jureview_lag1,0.44370933160652115,Expands Expression,Expands Expression,0.37828761926873017,0.2408191768052368,spec_p_pack_decision,Mixed Outcome,,0.444 (0.378)
legal_common,-1.5410611812559896,Contracts Expression,Contracts Expression,0.3411474991351421,6.263696709949509e-06,spec_p_pack_decision,Mixed Outcome,***,-1.541*** (0.341)
legal_common,-0.6771544867578261,Expands Expression,Expands Expression,0.4567053591750842,0.1381556183520011,spec_p_pack_decision,Mixed Outcome,,-0.677 (0.457)
legal_civil,-0.06888874380128047,Contracts Expression,Contracts Expression,0.3113742927477778,0.8249048270066291,spec_p_pack_decision,Mixed Outcome,,-0.069 (0.311)
legal_civil,-0.015655080343305896,Expands Expression,Expands Expression,0.4080437017041144,0.9693957212002282,spec_p_pack_decision,Mixed Outcome,,-0.016 (0.408)
high_court,0.40788288883919427,Contracts Expression,Contracts Expression,0.24966652055648536,0.10231959140548405,spec_p_pack_decision,Mixed Outcome,,0.408 (0.25)
high_court,0.46632228919555563,Expands Expression,Expands Expression,0.29947093428238425,0.11943398545557826,spec_p_pack_decision,Mixed Outcome,,0.466 (0.299)
j_ind_lag1,0.14666915939506595,Contracts Expression,Contracts Expression,0.24996888486510824,0.557371846988826,spec_p_pack_decision,Mixed Outcome,,0.147 (0.25)
j_ind_lag1,-0.23972445065564796,Expands Expression,Expands Expression,0.2228753605813906,0.28210676394988543,spec_p_pack_decision,Mixed Outcome,,-0.24 (0.223)
mode_press_newspapers,0.8999729014827269,Contracts Expression,Contracts Expression,0.39512345384258474,0.02274442595491653,spec_p_pack_decision,Mixed Outcome,**,0.9** (0.395)
mode_press_newspapers,0.5786404532597834,Expands Expression,Expands Expression,0.471109657030406,0.21935312072709723,spec_p_pack_decision,Mixed Outcome,,0.579 (0.471)
mode_public_speech,-0.3515702682506683,Contracts Expression,Contracts Expression,0.26156229884899185,0.1789106349821905,spec_p_pack_decision,Mixed Outcome,,-0.352 (0.262)
mode_public_speech,-0.30220378358676614,Expands Expression,Expands Expression,0.2098676466684353,0.1498749857330611,spec_p_pack_decision,Mixed Outcome,,-0.302 (0.21)
mode_public_documents,0.4341276224759565,Contracts Expression,Contracts Expression,0.4187843338415202,0.2999047433629868,spec_p_pack_decision,Mixed Outcome,,0.434 (0.419)
mode_public_documents,-0.20352257406569416,Expands Expression,Expands Expression,0.3414301092878448,0.5511160820792085,spec_p_pack_decision,Mixed Outcome,,-0.204 (0.341)
mode_audio_visual_broadcasting,0.5469357115410172,Contracts Expression,Contracts Expression,0.37939476787597404,0.14941508910802082,spec_p_pack_decision,Mixed Outcome,,0.547 (0.379)
mode_audio_visual_broadcasting,0.6673613813018375,Expands Expression,Expands Expression,0.3853193863941923,0.08327901323091173,spec_p_pack_decision,Mixed Outcome,*,0.667* (0.385)
mode_public_assembly,0.1624362299240833,Contracts Expression,Contracts Expression,0.599375032983005,0.7863838515067524,spec_p_pack_decision,Mixed Outcome,,0.162 (0.599)
mode_public_assembly,0.41310490310738834,Expands Expression,Expands Expression,0.19722397250898052,0.03620675906889206,spec_p_pack_decision,Mixed Outcome,**,0.413** (0.197)
mode_written_speech,0.3188408352238735,Contracts Expression,Contracts Expression,0.25574333495573565,0.21249945899077904,spec_p_pack_decision,Mixed Outcome,,0.319 (0.256)
mode_written_speech,-0.03726084519058721,Expands Expression,Expands Expression,0.31654577178455123,0.9062968362567599,spec_p_pack_decision,Mixed Outcome,,-0.037 (0.317)
mode_non_verbal_expression,0.08497576672170794,Contracts Expression,Contracts Expression,0.2401893298250545,0.7234988153753719,spec_p_pack_decision,Mixed Outcome,,0.085 (0.24)
mode_non_verbal_expression,0.38344712046648904,Expands Expression,Expands Expression,0.27821172732233057,0.16812410976261227,spec_p_pack_decision,Mixed Outcome,,0.383 (0.278)
defendant_citizen,-0.9241129193851144,Contracts Expression,Contracts Expression,0.2813835728554502,0.0010228135905556374,spec_p_pack_decision,Mixed Outcome,***,-0.924*** (0.281)
defendant_citizen,-0.3370503555918765,Expands Expression,Expands Expression,0.33807286412043747,0.31877641249106325,spec_p_pack_decision,Mixed Outcome,,-0.337 (0.338)
defendant_press,-0.829634620179163,Contracts Expression,Contracts Expression,0.4789021935624998,0.08320814164773932,spec_p_pack_decision,Mixed Outcome,*,-0.83* (0.479)
defendant_press,-0.34702384577414624,Expands Expression,Expands Expression,0.42141755219310845,0.410241938508072,spec_p_pack_decision,Mixed Outcome,,-0.347 (0.421)
defendant_intermediary,-1.3310523316679428,Contracts Expression,Contracts Expression,0.45038860740853714,0.003123227052566835,spec_p_pack_decision,Mixed Outcome,***,-1.331*** (0.45)
defendant_intermediary,-0.5108543292909826,Expands Expression,Expands Expression,0.35460075945719427,0.14968458739490692,spec_p_pack_decision,Mixed Outcome,,-0.511 (0.355)
defendant_other,-0.09026066883776082,Contracts Expression,Contracts Expression,0.5307734278626435,0.8649668922986767,spec_p_pack_decision,Mixed Outcome,,-0.09 (0.531)
defendant_other,0.40473256146316977,Expands Expression,Expands Expression,0.53847391439676,0.4522742525247998,spec_p_pack_decision,Mixed Outcome,,0.405 (0.538)
defendant_unclear,-0.5741777215148436,Contracts Expression,Contracts Expression,0.2401957136580884,0.016827382028054113,spec_p_pack_decision,Mixed Outcome,**,-0.574** (0.24)
defendant_unclear,-1.3552400966172045,Expands Expression,Expands Expression,0.4556493376195621,0.0029365304637963188,spec_p_pack_decision,Mixed Outcome,***,-1.355*** (0.456)
