spec,n_obs,log_likelihood,aic,bic,pseudo_r2,base_category
spec_base_1,1074,-1055.0785395692835,2122.157079138567,2152.03195078898,0.0043921433518846476,Mixed Outcome
spec_base_2,1074,-1056.1291768977005,2124.258353795401,2154.133225445814,0.003400726372550844,Mixed Outcome
spec_base_3,1074,-1053.461998070683,2118.923996141366,2148.798867791779,0.0059175666793854775,Mixed Outcome
spec_extended_1,825,-764.7878942042992,1565.5757884085983,1650.4526893626226,0.09676741909840625,Mixed Outcome
spec_extended_2,825,-765.345370075891,1566.690740151782,1651.5676411058062,0.09610902691659473,Mixed Outcome
spec_extended_3,825,-764.0126996945887,1564.0253993891774,1648.9023003432017,0.09768294213820938,Mixed Outcome
spec_spline_1,825,-752.2918082463777,1556.5836164927555,1679.1835845374571,0.11152559199376133,Mixed Outcome
spec_spline_interact_1,825,-742.6982378479418,1553.3964756958835,1713.7195108312626,0.12285582540449791,Mixed Outcome
