variable,coef,class_label,outcome,std_err,p_value,spec,base_category,stars,coef_se
Intercept,0.8981435795456286,Contracts Expression,Contracts Expression,0.22160942223902486,5.060346738024709e-05,spec_base_1,Mixed Outcome,***,0.898*** (0.222)
Intercept,-0.11921883891768,Expands Expression,Expands Expression,0.23292655510008842,0.6087698714646976,spec_base_1,Mixed Outcome,,-0.119 (0.233)
wdj_expression_lag1,0.10482242139866343,Contracts Expression,Contracts Expression,0.28097403088190764,0.7090978301079329,spec_base_1,Mixed Outcome,,0.105 (0.281)
wdj_expression_lag1,0.17293970842768755,Expands Expression,Expands Expression,0.2886214976718719,0.5490448200002611,spec_base_1,Mixed Outcome,,0.173 (0.289)
v2jureform_lag1,-0.21197629329276324,Contracts Expression,Contracts Expression,0.1530716326853802,0.16610824330113927,spec_base_1,Mixed Outcome,,-0.212 (0.153)
v2jureform_lag1,-0.028034255044729586,Expands Expression,Expands Expression,0.17969535271115622,0.876025213151189,spec_base_1,Mixed Outcome,,-0.028 (0.18)
Intercept,0.9562839519011622,Contracts Expression,Contracts Expression,0.24934551538886401,0.0001254743805408728,spec_base_2,Mixed Outcome,***,0.956*** (0.249)
Intercept,-0.13786427666216997,Expands Expression,Expands Expression,0.2725866547381054,0.6130229522677126,spec_base_2,Mixed Outcome,,-0.138 (0.273)
wdj_expression_lag1,0.042258652114835885,Contracts Expression,Contracts Expression,0.30859713964387525,0.8910798609894971,spec_base_2,Mixed Outcome,,0.042 (0.309)
wdj_expression_lag1,0.18311324735543608,Expands Expression,Expands Expression,0.3227688344560703,0.5704967235550451,spec_base_2,Mixed Outcome,,0.183 (0.323)
v2jupoatck_lag1,-0.11900737195232675,Contracts Expression,Contracts Expression,0.1213137018649989,0.32659830885692154,spec_base_2,Mixed Outcome,,-0.119 (0.121)
v2jupoatck_lag1,0.02150176201950112,Expands Expression,Expands Expression,0.1424206626367281,0.8799965309736946,spec_base_2,Mixed Outcome,,0.022 (0.142)
Intercept,0.8658449373324482,Contracts Expression,Contracts Expression,0.2988249010248758,0.0037615059456501316,spec_base_3,Mixed Outcome,***,0.866*** (0.299)
Intercept,-0.36030078269994537,Expands Expression,Expands Expression,0.34986954634875195,0.30309702458106513,spec_base_3,Mixed Outcome,,-0.36 (0.35)
wdj_expression_lag1,0.074299374178176,Contracts Expression,Contracts Expression,0.2870381912511717,0.7957522186961448,spec_base_3,Mixed Outcome,,0.074 (0.287)
wdj_expression_lag1,0.06955182841739699,Expands Expression,Expands Expression,0.2870374095433274,0.8085405225865148,spec_base_3,Mixed Outcome,,0.07 (0.287)
v2jupack_lag1,0.0322154613246632,Contracts Expression,Contracts Expression,0.16057505191580396,0.8409913625716829,spec_base_3,Mixed Outcome,,0.032 (0.161)
v2jupack_lag1,0.2559636519399427,Expands Expression,Expands Expression,0.19314970366168646,0.18510196764512132,spec_base_3,Mixed Outcome,,0.256 (0.193)
Intercept,-2.1589699431754172,Contracts Expression,Contracts Expression,0.6525309993751868,0.0009376067641668276,spec_extended_1,Mixed Outcome,***,-2.159*** (0.653)
Intercept,-3.7246913240164488,Expands Expression,Expands Expression,0.8082591394974884,4.059970065190263e-06,spec_extended_1,Mixed Outcome,***,-3.725*** (0.808)
wdj_expression_lag1,-0.08058964959375475,Contracts Expression,Contracts Expression,0.19619468399723974,0.681245830648381,spec_extended_1,Mixed Outcome,,-0.081 (0.196)
wdj_expression_lag1,-0.092870818475811,Expands Expression,Expands Expression,0.24095873560375855,0.699924722006754,spec_extended_1,Mixed Outcome,,-0.093 (0.241)
v2jureform_lag1,-0.3347437869690948,Contracts Expression,Contracts Expression,0.12389669734967337,0.0068965751594762675,spec_extended_1,Mixed Outcome,***,-0.335*** (0.124)
v2jureform_lag1,-0.1839669045061695,Expands Expression,Expands Expression,0.250397099098681,0.4625218413026223,spec_extended_1,Mixed Outcome,,-0.184 (0.25)
v2x_polyarchy_lag1,3.4870241754507516,Contracts Expression,Contracts Expression,1.2153318028066977,0.0041151774517239545,spec_extended_1,Mixed Outcome,***,3.487*** (1.215)
v2x_polyarchy_lag1,5.182032176477069,Expands Expression,Expands Expression,1.4400213204783006,0.0003199592144695811,spec_extended_1,Mixed Outcome,***,5.182*** (1.44)
v2jureview_lag1,0.8298983624956938,Contracts Expression,Contracts Expression,0.32260439288991666,0.01009682563111533,spec_extended_1,Mixed Outcome,**,0.83** (0.323)
v2jureview_lag1,0.38229031537019875,Expands Expression,Expands Expression,0.37322169774999236,0.3056944451461131,spec_extended_1,Mixed Outcome,,0.382 (0.373)
legal_common,-2.1902480007332104,Contracts Expression,Contracts Expression,0.34919151867257125,3.556614040149412e-10,spec_extended_1,Mixed Outcome,***,-2.19*** (0.349)
legal_common,-0.8534641573592505,Expands Expression,Expands Expression,0.5399293379294712,0.11394755807041333,spec_extended_1,Mixed Outcome,,-0.853 (0.54)
legal_civil,-0.6711549970475696,Contracts Expression,Contracts Expression,0.3679223459699221,0.06812551649024197,spec_extended_1,Mixed Outcome,*,-0.671* (0.368)
legal_civil,-0.3494616224583889,Expands Expression,Expands Expression,0.48626460465269417,0.4723470106916001,spec_extended_1,Mixed Outcome,,-0.349 (0.486)
high_court,0.41807291479785785,Contracts Expression,Contracts Expression,0.278767052942726,0.13368658492969157,spec_extended_1,Mixed Outcome,,0.418 (0.279)
high_court,0.45648069148829573,Expands Expression,Expands Expression,0.2745915079614214,0.09643276773404257,spec_extended_1,Mixed Outcome,*,0.456* (0.275)
j_ind_lag1,0.24838634229563822,Contracts Expression,Contracts Expression,0.2645733677154445,0.3478239969450573,spec_extended_1,Mixed Outcome,,0.248 (0.265)
j_ind_lag1,-0.13815044262055523,Expands Expression,Expands Expression,0.2668305857740145,0.6046355666206886,spec_extended_1,Mixed Outcome,,-0.138 (0.267)
Intercept,-5.7701214174917,Contracts Expression,Contracts Expression,1.332605518663691,1.491400751100247e-05,spec_extended_1_spline,Mixed Outcome,***,-5.77*** (1.333)
Intercept,-2.680195844488562,Expands Expression,Expands Expression,0.9755137056485856,0.0060056776914951485,spec_extended_1_spline,Mixed Outcome,***,-2.68*** (0.976)
"bs(year, df=4)[0]",6.322949345863171,Contracts Expression,Contracts Expression,3.174899260123821,0.046421189951719295,spec_extended_1_spline,Mixed Outcome,**,6.323** (3.175)
"bs(year, df=4)[0]",-5.09943906310846,Expands Expression,Expands Expression,2.451551168411612,0.03751757815927023,spec_extended_1_spline,Mixed Outcome,**,-5.099** (2.452)
"bs(year, df=4)[1]",4.259781883026811,Contracts Expression,Contracts Expression,0.7873419712731846,6.290782625641208e-08,spec_extended_1_spline,Mixed Outcome,***,4.26*** (0.787)
"bs(year, df=4)[1]",1.0048761490688007,Expands Expression,Expands Expression,1.2106222664791886,0.40651091792293126,spec_extended_1_spline,Mixed Outcome,,1.005 (1.211)
"bs(year, df=4)[2]",3.5461075604257406,Contracts Expression,Contracts Expression,1.5462271685870062,0.021825352243233377,spec_extended_1_spline,Mixed Outcome,**,3.546** (1.546)
"bs(year, df=4)[2]",-1.1457267390411157,Expands Expression,Expands Expression,0.8695928523276598,0.1876563833504591,spec_extended_1_spline,Mixed Outcome,,-1.146 (0.87)
"bs(year, df=4)[3]",6.079203612902293,Contracts Expression,Contracts Expression,2.026030284093913,0.0026949318462410796,spec_extended_1_spline,Mixed Outcome,***,6.079*** (2.026)
"bs(year, df=4)[3]",2.1750440294497326,Expands Expression,Expands Expression,1.8618278148786345,0.24271380292467803,spec_extended_1_spline,Mixed Outcome,,2.175 (1.862)
wdj_expression_lag1,-0.1545342104605513,Contracts Expression,Contracts Expression,0.26692985223658944,0.5626351146531455,spec_extended_1_spline,Mixed Outcome,,-0.155 (0.267)
wdj_expression_lag1,-0.3795570984685655,Expands Expression,Expands Expression,0.41973468805881864,0.3658476882543863,spec_extended_1_spline,Mixed Outcome,,-0.38 (0.42)
v2jureform_lag1,-0.3651950811949935,Contracts Expression,Contracts Expression,0.11854118909206933,0.0020648395425494517,spec_extended_1_spline,Mixed Outcome,***,-0.365*** (0.119)
v2jureform_lag1,-0.15646635724013985,Expands Expression,Expands Expression,0.23791914231184966,0.5107662097029535,spec_extended_1_spline,Mixed Outcome,,-0.156 (0.238)
v2x_polyarchy_lag1,3.1733348855504206,Contracts Expression,Contracts Expression,1.233297213034132,0.010080676328598815,spec_extended_1_spline,Mixed Outcome,**,3.173** (1.233)
v2x_polyarchy_lag1,4.428064669789899,Expands Expression,Expands Expression,1.5333132577019013,0.0038781565954861927,spec_extended_1_spline,Mixed Outcome,***,4.428*** (1.533)
v2jureview_lag1,0.7836166889924172,Contracts Expression,Contracts Expression,0.3285597284105847,0.01707887595383314,spec_extended_1_spline,Mixed Outcome,**,0.784** (0.329)
v2jureview_lag1,0.3690547721284821,Expands Expression,Expands Expression,0.3611092314647251,0.3067794094266584,spec_extended_1_spline,Mixed Outcome,,0.369 (0.361)
legal_common,-2.2005765739383816,Contracts Expression,Contracts Expression,0.37494285981303305,4.3817108967361e-09,spec_extended_1_spline,Mixed Outcome,***,-2.201*** (0.375)
legal_common,-0.6355143528670973,Expands Expression,Expands Expression,0.5137731738395863,0.2161037484889241,spec_extended_1_spline,Mixed Outcome,,-0.636 (0.514)
legal_civil,-0.6949523416394695,Contracts Expression,Contracts Expression,0.36068946899945814,0.05401289957515855,spec_extended_1_spline,Mixed Outcome,*,-0.695* (0.361)
legal_civil,-0.2858330905301209,Expands Expression,Expands Expression,0.4497530120580745,0.5250805474536155,spec_extended_1_spline,Mixed Outcome,,-0.286 (0.45)
high_court,0.26907973714966493,Contracts Expression,Contracts Expression,0.3164991583674758,0.3952276842839383,spec_extended_1_spline,Mixed Outcome,,0.269 (0.316)
high_court,0.48065237357363866,Expands Expression,Expands Expression,0.2776586607301363,0.08343555785392155,spec_extended_1_spline,Mixed Outcome,*,0.481* (0.278)
j_ind_lag1,0.3212825542072374,Contracts Expression,Contracts Expression,0.267520355335238,0.2297648208707629,spec_extended_1_spline,Mixed Outcome,,0.321 (0.268)
j_ind_lag1,-0.03989015463350625,Expands Expression,Expands Expression,0.2805081353338038,0.8869166879748032,spec_extended_1_spline,Mixed Outcome,,-0.04 (0.281)
Intercept,72.5201939620575,Contracts Expression,Contracts Expression,53.8517956230665,0.17808895355603405,spec_extended_1_spline_interact,Mixed Outcome,,72.52 (53.852)
Intercept,98.18927711103119,Expands Expression,Expands Expression,88.72399567273992,0.2684313032428228,spec_extended_1_spline_interact,Mixed Outcome,,98.189 (88.724)
"bs(year, df=4)[0]",-39.77017998210237,Contracts Expression,Contracts Expression,57.12387883646913,0.48629771738839345,spec_extended_1_spline_interact,Mixed Outcome,,-39.77 (57.124)
"bs(year, df=4)[0]",-127.87485714879836,Expands Expression,Expands Expression,89.67249114309217,0.15386227509856434,spec_extended_1_spline_interact,Mixed Outcome,,-127.875 (89.672)
"bs(year, df=4)[1]",-85.84785682693212,Contracts Expression,Contracts Expression,54.940772590061435,0.11815782279100512,spec_extended_1_spline_interact,Mixed Outcome,,-85.848 (54.941)
"bs(year, df=4)[1]",-93.28014382731101,Expands Expression,Expands Expression,89.3454622759451,0.29646736308645905,spec_extended_1_spline_interact,Mixed Outcome,,-93.28 (89.345)
"bs(year, df=4)[2]",-72.95318809426897,Contracts Expression,Contracts Expression,53.63004329291317,0.17373359162598478,spec_extended_1_spline_interact,Mixed Outcome,,-72.953 (53.63)
"bs(year, df=4)[2]",-103.39372192281296,Expands Expression,Expands Expression,88.85613433618622,0.2445828478374107,spec_extended_1_spline_interact,Mixed Outcome,,-103.394 (88.856)
"bs(year, df=4)[3]",-70.80324360198054,Contracts Expression,Contracts Expression,53.76544543517516,0.18787508639336326,spec_extended_1_spline_interact,Mixed Outcome,,-70.803 (53.765)
"bs(year, df=4)[3]",-92.69716200544633,Expands Expression,Expands Expression,89.49424643124732,0.3003005592502106,spec_extended_1_spline_interact,Mixed Outcome,,-92.697 (89.494)
v2x_polyarchy_lag1,-154.37114504557843,Contracts Expression,Contracts Expression,102.98758214615725,0.1338918719430155,spec_extended_1_spline_interact,Mixed Outcome,,-154.371 (102.988)
v2x_polyarchy_lag1,-181.40385875108214,Expands Expression,Expands Expression,166.6334715540268,0.27631268007619103,spec_extended_1_spline_interact,Mixed Outcome,,-181.404 (166.633)
"bs(year, df=4)[0]:v2x_polyarchy_lag1",130.7443916042292,Contracts Expression,Contracts Expression,114.330609921185,0.2528044187862888,spec_extended_1_spline_interact,Mixed Outcome,,130.744 (114.331)
"bs(year, df=4)[0]:v2x_polyarchy_lag1",231.1327320706412,Expands Expression,Expands Expression,185.1271463231103,0.2118450630204648,spec_extended_1_spline_interact,Mixed Outcome,,231.133 (185.127)
"bs(year, df=4)[1]:v2x_polyarchy_lag1",170.24481932620174,Contracts Expression,Contracts Expression,101.66779238622716,0.09402831651663644,spec_extended_1_spline_interact,Mixed Outcome,*,170.245* (101.668)
"bs(year, df=4)[1]:v2x_polyarchy_lag1",173.7022878514277,Expands Expression,Expands Expression,162.63843689231163,0.28550820510965247,spec_extended_1_spline_interact,Mixed Outcome,,173.702 (162.638)
"bs(year, df=4)[2]:v2x_polyarchy_lag1",155.49282549415955,Contracts Expression,Contracts Expression,103.29225755753566,0.13222957521535703,spec_extended_1_spline_interact,Mixed Outcome,,155.493 (103.292)
"bs(year, df=4)[2]:v2x_polyarchy_lag1",188.52395083262851,Expands Expression,Expands Expression,167.95159452992314,0.2616542443504877,spec_extended_1_spline_interact,Mixed Outcome,,188.524 (167.952)
"bs(year, df=4)[3]:v2x_polyarchy_lag1",154.62249159993414,Contracts Expression,Contracts Expression,102.66625327118686,0.13204938610750774,spec_extended_1_spline_interact,Mixed Outcome,,154.622 (102.666)
"bs(year, df=4)[3]:v2x_polyarchy_lag1",177.44761556836414,Expands Expression,Expands Expression,167.52931992061642,0.2895071832970403,spec_extended_1_spline_interact,Mixed Outcome,,177.448 (167.529)
wdj_expression_lag1,-0.1256648771701191,Contracts Expression,Contracts Expression,0.3669425831882713,0.7320012142331043,spec_extended_1_spline_interact,Mixed Outcome,,-0.126 (0.367)
wdj_expression_lag1,-0.5166472720906812,Expands Expression,Expands Expression,0.5072209396983643,0.30840037377449325,spec_extended_1_spline_interact,Mixed Outcome,,-0.517 (0.507)
v2jureform_lag1,-0.40665689130276245,Contracts Expression,Contracts Expression,0.12809335277644093,0.001499958265330249,spec_extended_1_spline_interact,Mixed Outcome,***,-0.407*** (0.128)
v2jureform_lag1,-0.20486993692471994,Expands Expression,Expands Expression,0.23323861791262857,0.3797426520320666,spec_extended_1_spline_interact,Mixed Outcome,,-0.205 (0.233)
v2jureview_lag1,0.8224284578852096,Contracts Expression,Contracts Expression,0.3153570702198386,0.009109217615293888,spec_extended_1_spline_interact,Mixed Outcome,***,0.822*** (0.315)
v2jureview_lag1,0.2744822616271094,Expands Expression,Expands Expression,0.3632169895037766,0.4498304335644555,spec_extended_1_spline_interact,Mixed Outcome,,0.274 (0.363)
legal_common,-2.2876001165463995,Contracts Expression,Contracts Expression,0.3883714583048202,3.856410519139375e-09,spec_extended_1_spline_interact,Mixed Outcome,***,-2.288*** (0.388)
legal_common,-0.61205933902937,Expands Expression,Expands Expression,0.4895881737778974,0.21124424779837936,spec_extended_1_spline_interact,Mixed Outcome,,-0.612 (0.49)
legal_civil,-0.7241027717387291,Contracts Expression,Contracts Expression,0.3644142896456254,0.04691887606917758,spec_extended_1_spline_interact,Mixed Outcome,**,-0.724** (0.364)
legal_civil,-0.33214690666254754,Expands Expression,Expands Expression,0.4420947511043625,0.4524706046937619,spec_extended_1_spline_interact,Mixed Outcome,,-0.332 (0.442)
high_court,0.22089164462716657,Contracts Expression,Contracts Expression,0.3186736057109741,0.48820944657495136,spec_extended_1_spline_interact,Mixed Outcome,,0.221 (0.319)
high_court,0.4310810295119847,Expands Expression,Expands Expression,0.2808567315734192,0.12481361382245458,spec_extended_1_spline_interact,Mixed Outcome,,0.431 (0.281)
j_ind_lag1,0.35001863912511044,Contracts Expression,Contracts Expression,0.2715641138171269,0.19743329857437086,spec_extended_1_spline_interact,Mixed Outcome,,0.35 (0.272)
j_ind_lag1,-0.05176688788914051,Expands Expression,Expands Expression,0.27893259308204155,0.8527668924114713,spec_extended_1_spline_interact,Mixed Outcome,,-0.052 (0.279)
Intercept,-2.1214665543532356,Contracts Expression,Contracts Expression,0.6478158921434285,0.001057373399111117,spec_extended_2,Mixed Outcome,***,-2.121*** (0.648)
Intercept,-3.80410980957653,Expands Expression,Expands Expression,0.7618739124888875,5.941891285766129e-07,spec_extended_2,Mixed Outcome,***,-3.804*** (0.762)
wdj_expression_lag1,-0.27901703592816895,Contracts Expression,Contracts Expression,0.21248665601882039,0.18914797284695373,spec_extended_2,Mixed Outcome,,-0.279 (0.212)
wdj_expression_lag1,-0.3171716406020463,Expands Expression,Expands Expression,0.2639589522052723,0.2295206508191623,spec_extended_2,Mixed Outcome,,-0.317 (0.264)
v2jupoatck_lag1,-0.19345994532122002,Contracts Expression,Contracts Expression,0.10173614576360682,0.05722540914941371,spec_extended_2,Mixed Outcome,*,-0.193* (0.102)
v2jupoatck_lag1,-0.23344917387982422,Expands Expression,Expands Expression,0.1276360693417589,0.06739631836915494,spec_extended_2,Mixed Outcome,*,-0.233* (0.128)
v2x_polyarchy_lag1,3.3924595938374,Contracts Expression,Contracts Expression,1.1085991309948204,0.0022123951435354706,spec_extended_2,Mixed Outcome,***,3.392*** (1.109)
v2x_polyarchy_lag1,5.515180377852438,Expands Expression,Expands Expression,1.2979429438594288,2.1456392614247017e-05,spec_extended_2,Mixed Outcome,***,5.515*** (1.298)
v2jureview_lag1,0.7729975942232888,Contracts Expression,Contracts Expression,0.32157036847358694,0.016224717023504195,spec_extended_2,Mixed Outcome,**,0.773** (0.322)
v2jureview_lag1,0.2842011759360491,Expands Expression,Expands Expression,0.3638650917046652,0.4347660630848814,spec_extended_2,Mixed Outcome,,0.284 (0.364)
legal_common,-1.7123195049117055,Contracts Expression,Contracts Expression,0.3252605000325631,1.4060527010503442e-07,spec_extended_2,Mixed Outcome,***,-1.712*** (0.325)
legal_common,-0.5300304684169951,Expands Expression,Expands Expression,0.4765744930849689,0.26606631386523705,spec_extended_2,Mixed Outcome,,-0.53 (0.477)
legal_civil,-0.3519858498800998,Contracts Expression,Contracts Expression,0.3277137338152147,0.2827935521938443,spec_extended_2,Mixed Outcome,,-0.352 (0.328)
legal_civil,-0.1991011945788458,Expands Expression,Expands Expression,0.42648346811802773,0.6406115831405635,spec_extended_2,Mixed Outcome,,-0.199 (0.426)
high_court,0.5132355165118859,Contracts Expression,Contracts Expression,0.28199571523546574,0.06875721482376483,spec_extended_2,Mixed Outcome,*,0.513* (0.282)
high_court,0.5374338034321002,Expands Expression,Expands Expression,0.2731248056401946,0.049099984767766364,spec_extended_2,Mixed Outcome,**,0.537** (0.273)
j_ind_lag1,0.18069531132769534,Contracts Expression,Contracts Expression,0.26789715577250645,0.4999966178204681,spec_extended_2,Mixed Outcome,,0.181 (0.268)
j_ind_lag1,-0.1784884351269015,Expands Expression,Expands Expression,0.252595310838874,0.4798037971371878,spec_extended_2,Mixed Outcome,,-0.178 (0.253)
Intercept,-5.922806227408931,Contracts Expression,Contracts Expression,1.5428344513646728,0.00012358053406007557,spec_extended_2_spline,Mixed Outcome,***,-5.923*** (1.543)
Intercept,-2.670504416571958,Expands Expression,Expands Expression,1.0024617447402526,0.007722985334818934,spec_extended_2_spline,Mixed Outcome,***,-2.671*** (1.002)
"bs(year, df=4)[0]",7.285960382062297,Contracts Expression,Contracts Expression,3.6972440734157948,0.04876434593689932,spec_extended_2_spline,Mixed Outcome,**,7.286** (3.697)
"bs(year, df=4)[0]",-4.689822590087581,Expands Expression,Expands Expression,2.75866647896451,0.08912481800579336,spec_extended_2_spline,Mixed Outcome,*,-4.69* (2.759)
"bs(year, df=4)[1]",3.945513325756756,Contracts Expression,Contracts Expression,0.7737940890577042,3.4159881162138063e-07,spec_extended_2_spline,Mixed Outcome,***,3.946*** (0.774)
"bs(year, df=4)[1]",0.6772403026430015,Expands Expression,Expands Expression,1.3247097901061724,0.6091853015383915,spec_extended_2_spline,Mixed Outcome,,0.677 (1.325)
"bs(year, df=4)[2]",3.7510109854411504,Contracts Expression,Contracts Expression,1.8389017873775462,0.041369213850371955,spec_extended_2_spline,Mixed Outcome,**,3.751** (1.839)
"bs(year, df=4)[2]",-1.2260038695321196,Expands Expression,Expands Expression,0.9360976064031492,0.19029848804005078,spec_extended_2_spline,Mixed Outcome,,-1.226 (0.936)
"bs(year, df=4)[3]",6.411137227252372,Contracts Expression,Contracts Expression,2.027824417938912,0.0015691355593228562,spec_extended_2_spline,Mixed Outcome,***,6.411*** (2.028)
"bs(year, df=4)[3]",2.172490947741947,Expands Expression,Expands Expression,1.77612930026873,0.22126913571057294,spec_extended_2_spline,Mixed Outcome,,2.172 (1.776)
wdj_expression_lag1,-0.47613704149865616,Contracts Expression,Contracts Expression,0.27655852874242837,0.08513290679079752,spec_extended_2_spline,Mixed Outcome,*,-0.476* (0.277)
wdj_expression_lag1,-0.6126605379026188,Expands Expression,Expands Expression,0.472725128477546,0.1949690923885834,spec_extended_2_spline,Mixed Outcome,,-0.613 (0.473)
v2jupoatck_lag1,-0.26643902302099376,Contracts Expression,Contracts Expression,0.0989466402065335,0.007086440150100469,spec_extended_2_spline,Mixed Outcome,***,-0.266*** (0.099)
v2jupoatck_lag1,-0.2269414554100872,Expands Expression,Expands Expression,0.14606044242729954,0.12024399112719877,spec_extended_2_spline,Mixed Outcome,,-0.227 (0.146)
v2x_polyarchy_lag1,3.373124850327574,Contracts Expression,Contracts Expression,1.1936140368643386,0.004713676740367563,spec_extended_2_spline,Mixed Outcome,***,3.373*** (1.194)
v2x_polyarchy_lag1,4.894216736745741,Expands Expression,Expands Expression,1.5448205420872754,0.0015341455317343495,spec_extended_2_spline,Mixed Outcome,***,4.894*** (1.545)
v2jureview_lag1,0.6798508683484796,Contracts Expression,Contracts Expression,0.3208472352833135,0.034096900543403315,spec_extended_2_spline,Mixed Outcome,**,0.68** (0.321)
v2jureview_lag1,0.2729145186976277,Expands Expression,Expands Expression,0.3615472943543929,0.45033808710755274,spec_extended_2_spline,Mixed Outcome,,0.273 (0.362)
legal_common,-1.6647909687136075,Contracts Expression,Contracts Expression,0.32522225416834916,3.072688897716509e-07,spec_extended_2_spline,Mixed Outcome,***,-1.665*** (0.325)
legal_common,-0.3574015304017256,Expands Expression,Expands Expression,0.45733664172831767,0.4345175463435411,spec_extended_2_spline,Mixed Outcome,,-0.357 (0.457)
legal_civil,-0.34617998217812596,Contracts Expression,Contracts Expression,0.31207745702315504,0.26731120580206535,spec_extended_2_spline,Mixed Outcome,,-0.346 (0.312)
legal_civil,-0.17830647713756417,Expands Expression,Expands Expression,0.40841226457659285,0.6624126828576331,spec_extended_2_spline,Mixed Outcome,,-0.178 (0.408)
high_court,0.36329309701953677,Contracts Expression,Contracts Expression,0.3351921159374963,0.27843776521405683,spec_extended_2_spline,Mixed Outcome,,0.363 (0.335)
high_court,0.5413704820717584,Expands Expression,Expands Expression,0.29913540061678445,0.07032927960884534,spec_extended_2_spline,Mixed Outcome,*,0.541* (0.299)
j_ind_lag1,0.2200953457518766,Contracts Expression,Contracts Expression,0.2638230283214259,0.40413801878982414,spec_extended_2_spline,Mixed Outcome,,0.22 (0.264)
j_ind_lag1,-0.10675088956524903,Expands Expression,Expands Expression,0.2636755567485588,0.6855826423080369,spec_extended_2_spline,Mixed Outcome,,-0.107 (0.264)
Intercept,83.1044845097811,Contracts Expression,Contracts Expression,53.32483815586368,0.11912487720033124,spec_extended_2_spline_interact,Mixed Outcome,,83.104 (53.325)
Intercept,102.41363716662791,Expands Expression,Expands Expression,87.50566051980098,0.24185377050516643,spec_extended_2_spline_interact,Mixed Outcome,,102.414 (87.506)
"bs(year, df=4)[0]",-49.29301591243862,Contracts Expression,Contracts Expression,55.21910726262625,0.37202833829404214,spec_extended_2_spline_interact,Mixed Outcome,,-49.293 (55.219)
"bs(year, df=4)[0]",-131.7018545890387,Expands Expression,Expands Expression,88.7785880781417,0.1379451477113411,spec_extended_2_spline_interact,Mixed Outcome,,-131.702 (88.779)
"bs(year, df=4)[1]",-97.36725869303274,Contracts Expression,Contracts Expression,54.83017250515075,0.07576637380536648,spec_extended_2_spline_interact,Mixed Outcome,*,-97.367* (54.83)
"bs(year, df=4)[1]",-98.49349093017223,Expands Expression,Expands Expression,87.98081984398392,0.2629319159305268,spec_extended_2_spline_interact,Mixed Outcome,,-98.493 (87.981)
"bs(year, df=4)[2]",-83.3263883228973,Contracts Expression,Contracts Expression,53.05827735277078,0.11630600346239207,spec_extended_2_spline_interact,Mixed Outcome,,-83.326 (53.058)
"bs(year, df=4)[2]",-107.51489231666291,Expands Expression,Expands Expression,87.69305755380473,0.2201849271519497,spec_extended_2_spline_interact,Mixed Outcome,,-107.515 (87.693)
"bs(year, df=4)[3]",-82.95159330068643,Contracts Expression,Contracts Expression,53.462857986658854,0.1207641306002904,spec_extended_2_spline_interact,Mixed Outcome,,-82.952 (53.463)
"bs(year, df=4)[3]",-97.98307220338062,Expands Expression,Expands Expression,88.2386017964625,0.26681240208930124,spec_extended_2_spline_interact,Mixed Outcome,,-97.983 (88.239)
v2x_polyarchy_lag1,-174.796880695731,Contracts Expression,Contracts Expression,102.53753592146626,0.08824830945264313,spec_extended_2_spline_interact,Mixed Outcome,*,-174.797* (102.538)
v2x_polyarchy_lag1,-188.95485806488384,Expands Expression,Expands Expression,164.35484717116765,0.25027725562593806,spec_extended_2_spline_interact,Mixed Outcome,,-188.955 (164.355)
"bs(year, df=4)[0]:v2x_polyarchy_lag1",153.34335443240656,Contracts Expression,Contracts Expression,112.00625981914439,0.17098034083549718,spec_extended_2_spline_interact,Mixed Outcome,,153.343 (112.006)
"bs(year, df=4)[0]:v2x_polyarchy_lag1",240.04520810123805,Expands Expression,Expands Expression,183.0868891455172,0.18982400339297445,spec_extended_2_spline_interact,Mixed Outcome,,240.045 (183.087)
"bs(year, df=4)[1]:v2x_polyarchy_lag1",190.78450206057008,Contracts Expression,Contracts Expression,101.56649678069229,0.060323781188824525,spec_extended_2_spline_interact,Mixed Outcome,*,190.785* (101.566)
"bs(year, df=4)[1]:v2x_polyarchy_lag1",182.19380008164558,Expands Expression,Expands Expression,160.19609373292795,0.25540563574864017,spec_extended_2_spline_interact,Mixed Outcome,,182.194 (160.196)
"bs(year, df=4)[2]:v2x_polyarchy_lag1",175.98894485346457,Contracts Expression,Contracts Expression,102.67375173963207,0.08651775365540082,spec_extended_2_spline_interact,Mixed Outcome,*,175.989* (102.674)
"bs(year, df=4)[2]:v2x_polyarchy_lag1",196.2959841448953,Expands Expression,Expands Expression,165.74618476410714,0.23628769771336344,spec_extended_2_spline_interact,Mixed Outcome,,196.296 (165.746)
"bs(year, df=4)[3]:v2x_polyarchy_lag1",177.70034683561775,Contracts Expression,Contracts Expression,102.39415474155965,0.0826604200271505,spec_extended_2_spline_interact,Mixed Outcome,*,177.7* (102.394)
"bs(year, df=4)[3]:v2x_polyarchy_lag1",186.9438190411729,Expands Expression,Expands Expression,165.24514272836342,0.25792377974629577,spec_extended_2_spline_interact,Mixed Outcome,,186.944 (165.245)
wdj_expression_lag1,-0.5088439380139513,Contracts Expression,Contracts Expression,0.3660463175801477,0.16449606480959467,spec_extended_2_spline_interact,Mixed Outcome,,-0.509 (0.366)
wdj_expression_lag1,-0.7689858899053604,Expands Expression,Expands Expression,0.5561475674694576,0.16675651430355987,spec_extended_2_spline_interact,Mixed Outcome,,-0.769 (0.556)
v2jupoatck_lag1,-0.2792130090806939,Contracts Expression,Contracts Expression,0.08872923398352198,0.0016506874721505895,spec_extended_2_spline_interact,Mixed Outcome,***,-0.279*** (0.089)
v2jupoatck_lag1,-0.2235109398334451,Expands Expression,Expands Expression,0.1517152184162619,0.14068986588438503,spec_extended_2_spline_interact,Mixed Outcome,,-0.224 (0.152)
v2jureview_lag1,0.7317585840520698,Contracts Expression,Contracts Expression,0.30156699562386247,0.015244376922477381,spec_extended_2_spline_interact,Mixed Outcome,**,0.732** (0.302)
v2jureview_lag1,0.19609093131510294,Expands Expression,Expands Expression,0.3599620049856203,0.5859223582109423,spec_extended_2_spline_interact,Mixed Outcome,,0.196 (0.36)
legal_common,-1.6954092989022373,Contracts Expression,Contracts Expression,0.32576508459162956,1.9463245750638534e-07,spec_extended_2_spline_interact,Mixed Outcome,***,-1.695*** (0.326)
legal_common,-0.2885473960827582,Expands Expression,Expands Expression,0.45142063230253454,0.5226938005366185,spec_extended_2_spline_interact,Mixed Outcome,,-0.289 (0.451)
legal_civil,-0.3026198088784617,Contracts Expression,Contracts Expression,0.30388027777820914,0.3193220179413059,spec_extended_2_spline_interact,Mixed Outcome,,-0.303 (0.304)
legal_civil,-0.1664610471574176,Expands Expression,Expands Expression,0.4072049777265637,0.68269427604546,spec_extended_2_spline_interact,Mixed Outcome,,-0.166 (0.407)
high_court,0.3323731062699486,Contracts Expression,Contracts Expression,0.3446427844479131,0.3348459967023676,spec_extended_2_spline_interact,Mixed Outcome,,0.332 (0.345)
high_court,0.5079215848709843,Expands Expression,Expands Expression,0.30404309686394143,0.09480904212571828,spec_extended_2_spline_interact,Mixed Outcome,*,0.508* (0.304)
j_ind_lag1,0.22618468463805075,Contracts Expression,Contracts Expression,0.2666120045219245,0.396233910988082,spec_extended_2_spline_interact,Mixed Outcome,,0.226 (0.267)
j_ind_lag1,-0.13454486079364175,Expands Expression,Expands Expression,0.2595312420844117,0.604168826726986,spec_extended_2_spline_interact,Mixed Outcome,,-0.135 (0.26)
Intercept,-2.353115550459554,Contracts Expression,Contracts Expression,0.6531385214124797,0.00031482984763031677,spec_extended_3,Mixed Outcome,***,-2.353*** (0.653)
Intercept,-4.512625308517188,Expands Expression,Expands Expression,0.9401376959095459,1.586956603045766e-06,spec_extended_3,Mixed Outcome,***,-4.513*** (0.94)
wdj_expression_lag1,-0.13689591479723284,Contracts Expression,Contracts Expression,0.20953197190040967,0.5135361991056346,spec_extended_3,Mixed Outcome,,-0.137 (0.21)
wdj_expression_lag1,-0.17313189112162303,Expands Expression,Expands Expression,0.21353094612474124,0.41747784464638094,spec_extended_3,Mixed Outcome,,-0.173 (0.214)
v2jupack_lag1,-0.256100692247991,Contracts Expression,Contracts Expression,0.15692224690331236,0.10267467316609145,spec_extended_3,Mixed Outcome,,-0.256 (0.157)
v2jupack_lag1,-0.5690310345853964,Expands Expression,Expands Expression,0.2398947754608301,0.017691965526061382,spec_extended_3,Mixed Outcome,**,-0.569** (0.24)
v2x_polyarchy_lag1,3.8301510789803803,Contracts Expression,Contracts Expression,1.2071769733423032,0.0015096788369405667,spec_extended_3,Mixed Outcome,***,3.83*** (1.207)
v2x_polyarchy_lag1,7.050933497459831,Expands Expression,Expands Expression,1.7728464667837527,6.973671700481487e-05,spec_extended_3,Mixed Outcome,***,7.051*** (1.773)
v2jureview_lag1,0.9034207715493136,Contracts Expression,Contracts Expression,0.3229083684235092,0.005145800993885388,spec_extended_3,Mixed Outcome,***,0.903*** (0.323)
v2jureview_lag1,0.47272650988437687,Expands Expression,Expands Expression,0.38243746290007835,0.21642570791663118,spec_extended_3,Mixed Outcome,,0.473 (0.382)
legal_common,-1.7877253510173965,Contracts Expression,Contracts Expression,0.3398650831360003,1.439747132159805e-07,spec_extended_3,Mixed Outcome,***,-1.788*** (0.34)
legal_common,-0.6217378676154817,Expands Expression,Expands Expression,0.4796281711415325,0.19487511452728068,spec_extended_3,Mixed Outcome,,-0.622 (0.48)
legal_civil,-0.4229064704465357,Contracts Expression,Contracts Expression,0.3396350827663049,0.21306596252366172,spec_extended_3,Mixed Outcome,,-0.423 (0.34)
legal_civil,-0.3830127316647987,Expands Expression,Expands Expression,0.4254584725838078,0.36799504928528837,spec_extended_3,Mixed Outcome,,-0.383 (0.425)
high_court,0.42107093302868603,Contracts Expression,Contracts Expression,0.28497437081983495,0.13952163852363422,spec_extended_3,Mixed Outcome,,0.421 (0.285)
high_court,0.40153338441437275,Expands Expression,Expands Expression,0.2664036841264814,0.13175002065411295,spec_extended_3,Mixed Outcome,,0.402 (0.266)
j_ind_lag1,0.1616353187335843,Contracts Expression,Contracts Expression,0.2798819093241813,0.5635932545460804,spec_extended_3,Mixed Outcome,,0.162 (0.28)
j_ind_lag1,-0.19571787469164237,Expands Expression,Expands Expression,0.26371075285722256,0.4579851115025422,spec_extended_3,Mixed Outcome,,-0.196 (0.264)
Intercept,-6.036226721508873,Contracts Expression,Contracts Expression,1.4782110406780313,4.436863970339023e-05,spec_extended_3_spline,Mixed Outcome,***,-6.036*** (1.478)
Intercept,-3.235355220800169,Expands Expression,Expands Expression,1.0108581957345186,0.0013714060415050597,spec_extended_3_spline,Mixed Outcome,***,-3.235*** (1.011)
"bs(year, df=4)[0]",6.471278919404291,Contracts Expression,Contracts Expression,3.5934177001154213,0.07172333799976484,spec_extended_3_spline,Mixed Outcome,*,6.471* (3.593)
"bs(year, df=4)[0]",-5.298161677861234,Expands Expression,Expands Expression,2.6475299010752797,0.04537389919020873,spec_extended_3_spline,Mixed Outcome,**,-5.298** (2.648)
"bs(year, df=4)[1]",3.9939688263367943,Contracts Expression,Contracts Expression,0.7529575285503991,1.130599009838194e-07,spec_extended_3_spline,Mixed Outcome,***,3.994*** (0.753)
"bs(year, df=4)[1]",0.6443768503674475,Expands Expression,Expands Expression,1.2481668311396235,0.605673812940893,spec_extended_3_spline,Mixed Outcome,,0.644 (1.248)
"bs(year, df=4)[2]",3.7150897331143247,Contracts Expression,Contracts Expression,1.7565444012530622,0.03443002861415543,spec_extended_3_spline,Mixed Outcome,**,3.715** (1.757)
"bs(year, df=4)[2]",-1.3273187844515193,Expands Expression,Expands Expression,0.9416971938379042,0.15868844353263278,spec_extended_3_spline,Mixed Outcome,,-1.327 (0.942)
"bs(year, df=4)[3]",6.1088212705450635,Contracts Expression,Contracts Expression,2.0355131181863495,0.002689876091132693,spec_extended_3_spline,Mixed Outcome,***,6.109*** (2.036)
"bs(year, df=4)[3]",1.8083890004842806,Expands Expression,Expands Expression,1.8720777503791703,0.3340543666187855,spec_extended_3_spline,Mixed Outcome,,1.808 (1.872)
wdj_expression_lag1,-0.26769149549720817,Contracts Expression,Contracts Expression,0.28032634106744386,0.33961406690766727,spec_extended_3_spline,Mixed Outcome,,-0.268 (0.28)
wdj_expression_lag1,-0.45388528815787943,Expands Expression,Expands Expression,0.3945948891446103,0.2500382915815833,spec_extended_3_spline,Mixed Outcome,,-0.454 (0.395)
v2jupack_lag1,-0.23935423009140297,Contracts Expression,Contracts Expression,0.1562419768025537,0.1255358260626472,spec_extended_3_spline,Mixed Outcome,,-0.239 (0.156)
v2jupack_lag1,-0.5215069101238703,Expands Expression,Expands Expression,0.22751846712819185,0.021896873482984972,spec_extended_3_spline,Mixed Outcome,**,-0.522** (0.228)
v2x_polyarchy_lag1,3.465563529485552,Contracts Expression,Contracts Expression,1.1901038514491262,0.0035914088075425237,spec_extended_3_spline,Mixed Outcome,***,3.466*** (1.19)
v2x_polyarchy_lag1,6.27701561463952,Expands Expression,Expands Expression,1.7414755123195125,0.0003128463329757019,spec_extended_3_spline,Mixed Outcome,***,6.277*** (1.741)
v2jureview_lag1,0.8591075659631611,Contracts Expression,Contracts Expression,0.33001644505189986,0.00923509104051645,spec_extended_3_spline,Mixed Outcome,***,0.859*** (0.33)
v2jureview_lag1,0.4545115304542324,Expands Expression,Expands Expression,0.3765358971526563,0.22739869811492752,spec_extended_3_spline,Mixed Outcome,,0.455 (0.377)
legal_common,-1.7399866659995031,Contracts Expression,Contracts Expression,0.36337898118864437,1.6815605953373404e-06,spec_extended_3_spline,Mixed Outcome,***,-1.74*** (0.363)
legal_common,-0.43709974890323505,Expands Expression,Expands Expression,0.4731327524264856,0.3555687597242121,spec_extended_3_spline,Mixed Outcome,,-0.437 (0.473)
legal_civil,-0.4054218172052694,Contracts Expression,Contracts Expression,0.3460300385161843,0.24134256997494086,spec_extended_3_spline,Mixed Outcome,,-0.405 (0.346)
legal_civil,-0.3469727925081757,Expands Expression,Expands Expression,0.41684572311067225,0.40519618014925607,spec_extended_3_spline,Mixed Outcome,,-0.347 (0.417)
high_court,0.3125138756864482,Contracts Expression,Contracts Expression,0.3307475232036505,0.34472453370321965,spec_extended_3_spline,Mixed Outcome,,0.313 (0.331)
high_court,0.4472562272412273,Expands Expression,Expands Expression,0.2790543549990341,0.10898838778419422,spec_extended_3_spline,Mixed Outcome,,0.447 (0.279)
j_ind_lag1,0.21171188975125188,Contracts Expression,Contracts Expression,0.2786804828063032,0.44743751810138355,spec_extended_3_spline,Mixed Outcome,,0.212 (0.279)
j_ind_lag1,-0.11589107540731247,Expands Expression,Expands Expression,0.28105908977164523,0.6800923974425619,spec_extended_3_spline,Mixed Outcome,,-0.116 (0.281)
Intercept,87.438051813919,Contracts Expression,Contracts Expression,55.976788315023384,0.11827827400770434,spec_extended_3_spline_interact,Mixed Outcome,,87.438 (55.977)
Intercept,109.34939502616689,Expands Expression,Expands Expression,92.87606448898056,0.23904827526670525,spec_extended_3_spline_interact,Mixed Outcome,,109.349 (92.876)
"bs(year, df=4)[0]",-53.026110281646666,Contracts Expression,Contracts Expression,58.36372789537444,0.363590014062787,spec_extended_3_spline_interact,Mixed Outcome,,-53.026 (58.364)
"bs(year, df=4)[0]",-139.14235854600796,Expands Expression,Expands Expression,94.01201487167644,0.13886025578533684,spec_extended_3_spline_interact,Mixed Outcome,,-139.142 (94.012)
"bs(year, df=4)[1]",-102.38654989346483,Contracts Expression,Contracts Expression,56.99429295612237,0.0724253414870802,spec_extended_3_spline_interact,Mixed Outcome,*,-102.387* (56.994)
"bs(year, df=4)[1]",-107.4312429274593,Expands Expression,Expands Expression,92.81416750011174,0.24707322480831484,spec_extended_3_spline_interact,Mixed Outcome,,-107.431 (92.814)
"bs(year, df=4)[2]",-87.76303048018217,Contracts Expression,Contracts Expression,55.79572735028462,0.11573396076118413,spec_extended_3_spline_interact,Mixed Outcome,,-87.763 (55.796)
"bs(year, df=4)[2]",-114.93231911364907,Expands Expression,Expands Expression,93.11470345957392,0.2170877731239622,spec_extended_3_spline_interact,Mixed Outcome,,-114.932 (93.115)
"bs(year, df=4)[3]",-87.47840808716151,Contracts Expression,Contracts Expression,55.92607587300114,0.11777547594184969,spec_extended_3_spline_interact,Mixed Outcome,,-87.478 (55.926)
"bs(year, df=4)[3]",-105.41087695348467,Expands Expression,Expands Expression,93.3106478829503,0.2586124236283893,spec_extended_3_spline_interact,Mixed Outcome,,-105.411 (93.311)
v2x_polyarchy_lag1,-183.41024854000204,Contracts Expression,Contracts Expression,107.3868010416593,0.08764741466585534,spec_extended_3_spline_interact,Mixed Outcome,*,-183.41* (107.387)
v2x_polyarchy_lag1,-201.35091470522678,Expands Expression,Expands Expression,174.55801663801498,0.24870934772668896,spec_extended_3_spline_interact,Mixed Outcome,,-201.351 (174.558)
"bs(year, df=4)[0]:v2x_polyarchy_lag1",160.77382880833727,Contracts Expression,Contracts Expression,118.12585521002467,0.1735015443703919,spec_extended_3_spline_interact,Mixed Outcome,,160.774 (118.126)
"bs(year, df=4)[0]:v2x_polyarchy_lag1",253.83823611294076,Expands Expression,Expands Expression,194.09494521291225,0.19093963916748857,spec_extended_3_spline_interact,Mixed Outcome,,253.838 (194.095)
"bs(year, df=4)[1]:v2x_polyarchy_lag1",200.33575908725143,Contracts Expression,Contracts Expression,105.68528415908672,0.05801454195277736,spec_extended_3_spline_interact,Mixed Outcome,*,200.336* (105.685)
"bs(year, df=4)[1]:v2x_polyarchy_lag1",197.92462878638102,Expands Expression,Expands Expression,169.4201531487377,0.24270704444346702,spec_extended_3_spline_interact,Mixed Outcome,,197.925 (169.42)
"bs(year, df=4)[2]:v2x_polyarchy_lag1",184.70061347780026,Contracts Expression,Contracts Expression,107.80300920935483,0.08665443243666204,spec_extended_3_spline_interact,Mixed Outcome,*,184.701* (107.803)
"bs(year, df=4)[2]:v2x_polyarchy_lag1",209.9626856497336,Expands Expression,Expands Expression,176.0302139238651,0.2329614042398126,spec_extended_3_spline_interact,Mixed Outcome,,209.963 (176.03)
"bs(year, df=4)[3]:v2x_polyarchy_lag1",186.07346687777294,Contracts Expression,Contracts Expression,107.17402433682989,0.08253189815127247,spec_extended_3_spline_interact,Mixed Outcome,*,186.073* (107.174)
"bs(year, df=4)[3]:v2x_polyarchy_lag1",200.20467428870268,Expands Expression,Expands Expression,175.04056245052774,0.25272251775029997,spec_extended_3_spline_interact,Mixed Outcome,,200.205 (175.041)
wdj_expression_lag1,-0.2843921224926462,Contracts Expression,Contracts Expression,0.38517739039517596,0.46030747392925264,spec_extended_3_spline_interact,Mixed Outcome,,-0.284 (0.385)
wdj_expression_lag1,-0.5974517859870154,Expands Expression,Expands Expression,0.4897595618924107,0.22250735594021598,spec_extended_3_spline_interact,Mixed Outcome,,-0.597 (0.49)
v2jupack_lag1,-0.2962183657046754,Contracts Expression,Contracts Expression,0.15068893351117568,0.04932627304124474,spec_extended_3_spline_interact,Mixed Outcome,**,-0.296** (0.151)
v2jupack_lag1,-0.5912447983514192,Expands Expression,Expands Expression,0.23646857950446268,0.012408460748560973,spec_extended_3_spline_interact,Mixed Outcome,**,-0.591** (0.236)
v2jureview_lag1,0.9212323620274041,Contracts Expression,Contracts Expression,0.3149188652557769,0.0034412357617413193,spec_extended_3_spline_interact,Mixed Outcome,***,0.921*** (0.315)
v2jureview_lag1,0.3668779109593012,Expands Expression,Expands Expression,0.3804228684182646,0.3348479296747402,spec_extended_3_spline_interact,Mixed Outcome,,0.367 (0.38)
legal_common,-1.7697897165291137,Contracts Expression,Contracts Expression,0.3581335394023242,7.744298075297341e-07,spec_extended_3_spline_interact,Mixed Outcome,***,-1.77*** (0.358)
legal_common,-0.36988390460473386,Expands Expression,Expands Expression,0.4663376641793477,0.427680208328285,spec_extended_3_spline_interact,Mixed Outcome,,-0.37 (0.466)
legal_civil,-0.372432570622927,Contracts Expression,Contracts Expression,0.34023385184714483,0.2736756890931764,spec_extended_3_spline_interact,Mixed Outcome,,-0.372 (0.34)
legal_civil,-0.36326395478944445,Expands Expression,Expands Expression,0.42813830171155015,0.3961743877326548,spec_extended_3_spline_interact,Mixed Outcome,,-0.363 (0.428)
high_court,0.26421549706125175,Contracts Expression,Contracts Expression,0.3387940088572874,0.4354670276123669,spec_extended_3_spline_interact,Mixed Outcome,,0.264 (0.339)
high_court,0.3925664414727094,Expands Expression,Expands Expression,0.28067681043686876,0.16192029443784295,spec_extended_3_spline_interact,Mixed Outcome,,0.393 (0.281)
j_ind_lag1,0.2229504027659918,Contracts Expression,Contracts Expression,0.28560700113713094,0.435026302165048,spec_extended_3_spline_interact,Mixed Outcome,,0.223 (0.286)
j_ind_lag1,-0.1311049209602089,Expands Expression,Expands Expression,0.27349411865971096,0.6316753139208385,spec_extended_3_spline_interact,Mixed Outcome,,-0.131 (0.273)
Intercept,-2.3042069111643873,Contracts Expression,Contracts Expression,0.6219005815158499,0.0002113032395876336,spec_c_pack,Mixed Outcome,***,-2.304*** (0.622)
Intercept,-4.334604960894208,Expands Expression,Expands Expression,0.9138914220528059,2.1055585056107166e-06,spec_c_pack,Mixed Outcome,***,-4.335*** (0.914)
wdj_citizen_lag1,-0.27160397579244927,Contracts Expression,Contracts Expression,0.4282966931015377,0.5259835016480283,spec_c_pack,Mixed Outcome,,-0.272 (0.428)
wdj_citizen_lag1,-0.8546583154292529,Expands Expression,Expands Expression,0.6345805385187347,0.17804199147958344,spec_c_pack,Mixed Outcome,,-0.855 (0.635)
v2jupack_lag1,-0.2352534060470513,Contracts Expression,Contracts Expression,0.1616303157868613,0.14553006624084194,spec_c_pack,Mixed Outcome,,-0.235 (0.162)
v2jupack_lag1,-0.48768538249545235,Expands Expression,Expands Expression,0.2493449147892479,0.05048087467935949,spec_c_pack,Mixed Outcome,*,-0.488* (0.249)
v2x_polyarchy_lag1,3.8815897239652686,Contracts Expression,Contracts Expression,1.2027618411302667,0.0012499471570914464,spec_c_pack,Mixed Outcome,***,3.882*** (1.203)
v2x_polyarchy_lag1,7.000829603590926,Expands Expression,Expands Expression,1.7748777967460387,7.999972301595196e-05,spec_c_pack,Mixed Outcome,***,7.001*** (1.775)
v2jureview_lag1,0.8678130060451869,Contracts Expression,Contracts Expression,0.3014818912573062,0.00399582281359715,spec_c_pack,Mixed Outcome,***,0.868*** (0.301)
v2jureview_lag1,0.41726660861023007,Expands Expression,Expands Expression,0.35579316495808777,0.24088460343814477,spec_c_pack,Mixed Outcome,,0.417 (0.356)
legal_common,-1.8653462737235418,Contracts Expression,Contracts Expression,0.3606774928932166,2.3186888202628922e-07,spec_c_pack,Mixed Outcome,***,-1.865*** (0.361)
legal_common,-0.7387188503933997,Expands Expression,Expands Expression,0.4894647948778815,0.1312379817169388,spec_c_pack,Mixed Outcome,,-0.739 (0.489)
legal_civil,-0.41800333828874736,Contracts Expression,Contracts Expression,0.34431655331881994,0.22474434982062674,spec_c_pack,Mixed Outcome,,-0.418 (0.344)
legal_civil,-0.21259280637801356,Expands Expression,Expands Expression,0.42527841727972626,0.6171519074645782,spec_c_pack,Mixed Outcome,,-0.213 (0.425)
high_court,0.4489343364082854,Contracts Expression,Contracts Expression,0.2586586081244913,0.08263016962303907,spec_c_pack,Mixed Outcome,*,0.449* (0.259)
high_court,0.4474218839090817,Expands Expression,Expands Expression,0.2662775222447203,0.09290205525432403,spec_c_pack,Mixed Outcome,*,0.447* (0.266)
j_ind_lag1,0.1436075361757369,Contracts Expression,Contracts Expression,0.2738083934575256,0.5999434317452264,spec_c_pack,Mixed Outcome,,0.144 (0.274)
j_ind_lag1,-0.24759938138716062,Expands Expression,Expands Expression,0.24827963789253124,0.318638265996386,spec_c_pack,Mixed Outcome,,-0.248 (0.248)
Intercept,-2.2871587810167577,Contracts Expression,Contracts Expression,0.6336357891998692,0.00030669372210439817,spec_im_pack,Mixed Outcome,***,-2.287*** (0.634)
Intercept,-4.566038036941602,Expands Expression,Expands Expression,0.9432617442645799,1.2938884211040894e-06,spec_im_pack,Mixed Outcome,***,-4.566*** (0.943)
wdj_intermediaries_lag1,-0.7621356152564651,Contracts Expression,Contracts Expression,0.6361327756262424,0.23088730637278732,spec_im_pack,Mixed Outcome,,-0.762 (0.636)
wdj_intermediaries_lag1,-0.13827986548364257,Expands Expression,Expands Expression,0.9607618695244131,0.8855578748348334,spec_im_pack,Mixed Outcome,,-0.138 (0.961)
v2jupack_lag1,-0.2139046513796088,Contracts Expression,Contracts Expression,0.15169931321715516,0.15852290557248683,spec_im_pack,Mixed Outcome,,-0.214 (0.152)
v2jupack_lag1,-0.5634140746584124,Expands Expression,Expands Expression,0.2435157661111737,0.02068606693878923,spec_im_pack,Mixed Outcome,**,-0.563** (0.244)
v2x_polyarchy_lag1,3.8776957217766297,Contracts Expression,Contracts Expression,1.2198479868219052,0.0014786813512496842,spec_im_pack,Mixed Outcome,***,3.878*** (1.22)
v2x_polyarchy_lag1,7.231922421946399,Expands Expression,Expands Expression,1.794211384798323,5.5611699295205916e-05,spec_im_pack,Mixed Outcome,***,7.232*** (1.794)
v2jureview_lag1,0.8771763390588198,Contracts Expression,Contracts Expression,0.30617000043382325,0.004170123054258346,spec_im_pack,Mixed Outcome,***,0.877*** (0.306)
v2jureview_lag1,0.4515452359410674,Expands Expression,Expands Expression,0.377084248050809,0.23112531326667674,spec_im_pack,Mixed Outcome,,0.452 (0.377)
legal_common,-1.9135127341121818,Contracts Expression,Contracts Expression,0.3628230896949966,1.3351448569761146e-07,spec_im_pack,Mixed Outcome,***,-1.914*** (0.363)
legal_common,-0.6965010607759514,Expands Expression,Expands Expression,0.5175618297991075,0.17838799970502406,spec_im_pack,Mixed Outcome,,-0.697 (0.518)
legal_civil,-0.32481883201572165,Contracts Expression,Contracts Expression,0.3343790163381027,0.33134457988216126,spec_im_pack,Mixed Outcome,,-0.325 (0.334)
legal_civil,-0.4810641834481912,Expands Expression,Expands Expression,0.47704086943941554,0.3132462063975161,spec_im_pack,Mixed Outcome,,-0.481 (0.477)
high_court,0.4435598513943654,Contracts Expression,Contracts Expression,0.26135537499306444,0.08966788819896843,spec_im_pack,Mixed Outcome,*,0.444* (0.261)
high_court,0.4386589102168412,Expands Expression,Expands Expression,0.2671099120493963,0.10054002148577622,spec_im_pack,Mixed Outcome,,0.439 (0.267)
j_ind_lag1,0.13163764657518937,Contracts Expression,Contracts Expression,0.270422354204456,0.6264104369646158,spec_im_pack,Mixed Outcome,,0.132 (0.27)
j_ind_lag1,-0.22840353998354862,Expands Expression,Expands Expression,0.25334089447007146,0.36728745249334604,spec_im_pack,Mixed Outcome,,-0.228 (0.253)
Intercept,-2.4533050680337505,Contracts Expression,Contracts Expression,0.6500457606589061,0.00016061868116505694,spec_p_pack,Mixed Outcome,***,-2.453*** (0.65)
Intercept,-4.667095146174877,Expands Expression,Expands Expression,0.9253156114894288,4.564065894420472e-07,spec_p_pack,Mixed Outcome,***,-4.667*** (0.925)
wdj_press_lag1,-0.5090416409655646,Contracts Expression,Contracts Expression,0.6103532455099383,0.4042744895223739,spec_p_pack,Mixed Outcome,,-0.509 (0.61)
wdj_press_lag1,-1.4396373832813285,Expands Expression,Expands Expression,0.6735910203213545,0.03257706282880477,spec_p_pack,Mixed Outcome,**,-1.44** (0.674)
v2jupack_lag1,-0.23753048167318117,Contracts Expression,Contracts Expression,0.1582502422418634,0.1333606805258041,spec_p_pack,Mixed Outcome,,-0.238 (0.158)
v2jupack_lag1,-0.48641044693134206,Expands Expression,Expands Expression,0.2392190475794168,0.04201953991541018,spec_p_pack,Mixed Outcome,**,-0.486** (0.239)
v2x_polyarchy_lag1,4.012201220535013,Contracts Expression,Contracts Expression,1.2104722807716413,0.0009178253784634623,spec_p_pack,Mixed Outcome,***,4.012*** (1.21)
v2x_polyarchy_lag1,7.313539037425774,Expands Expression,Expands Expression,1.6915356417199021,1.5349711556291968e-05,spec_p_pack,Mixed Outcome,***,7.314*** (1.692)
v2jureview_lag1,0.9176435169235422,Contracts Expression,Contracts Expression,0.3258988827785517,0.004866642892891964,spec_p_pack,Mixed Outcome,***,0.918*** (0.326)
v2jureview_lag1,0.4908239353031381,Expands Expression,Expands Expression,0.38821807736917807,0.20612253587657947,spec_p_pack,Mixed Outcome,,0.491 (0.388)
legal_common,-1.912405413757766,Contracts Expression,Contracts Expression,0.3608904320511808,1.1635559563459e-07,spec_p_pack,Mixed Outcome,***,-1.912*** (0.361)
legal_common,-0.861258009800424,Expands Expression,Expands Expression,0.46153657471788456,0.06203204121031898,spec_p_pack,Mixed Outcome,*,-0.861* (0.462)
legal_civil,-0.40957299318856805,Contracts Expression,Contracts Expression,0.352567472573141,0.2453626930945011,spec_p_pack,Mixed Outcome,,-0.41 (0.353)
legal_civil,-0.2273797617953315,Expands Expression,Expands Expression,0.4207226213403941,0.5888863716242199,spec_p_pack,Mixed Outcome,,-0.227 (0.421)
high_court,0.45755900109948444,Contracts Expression,Contracts Expression,0.2602695097637417,0.07874410797977072,spec_p_pack,Mixed Outcome,*,0.458* (0.26)
high_court,0.4632157093648847,Expands Expression,Expands Expression,0.2707700420890907,0.08713009711409235,spec_p_pack,Mixed Outcome,*,0.463* (0.271)
j_ind_lag1,0.13685152091867214,Contracts Expression,Contracts Expression,0.2757114057775945,0.6196419569354905,spec_p_pack,Mixed Outcome,,0.137 (0.276)
j_ind_lag1,-0.24012957774057997,Expands Expression,Expands Expression,0.24622656360727063,0.3294420630675824,spec_p_pack,Mixed Outcome,,-0.24 (0.246)
Intercept,-2.3416892718857274,Contracts Expression,Contracts Expression,0.6696712132035183,0.0004709195893754159,spec_govprot_pack,Mixed Outcome,***,-2.342*** (0.67)
Intercept,-4.487011079187478,Expands Expression,Expands Expression,0.9661739294568349,3.4155742449426186e-06,spec_govprot_pack,Mixed Outcome,***,-4.487*** (0.966)
wdj_govprot_lag1,-0.17538598525242563,Contracts Expression,Contracts Expression,0.24782509683610754,0.47913116582692816,spec_govprot_pack,Mixed Outcome,,-0.175 (0.248)
wdj_govprot_lag1,-0.24792547048635794,Expands Expression,Expands Expression,0.2648711158740229,0.34926131861404786,spec_govprot_pack,Mixed Outcome,,-0.248 (0.265)
v2jupack_lag1,-0.25267437976125595,Contracts Expression,Contracts Expression,0.1550038237352524,0.10307675557921747,spec_govprot_pack,Mixed Outcome,,-0.253 (0.155)
v2jupack_lag1,-0.5658126010818529,Expands Expression,Expands Expression,0.2433326941195649,0.02005788152701146,spec_govprot_pack,Mixed Outcome,**,-0.566** (0.243)
v2x_polyarchy_lag1,3.8019744409649214,Contracts Expression,Contracts Expression,1.2301338706866676,0.0019968544523853676,spec_govprot_pack,Mixed Outcome,***,3.802*** (1.23)
v2x_polyarchy_lag1,6.984494893732438,Expands Expression,Expands Expression,1.8180495187709997,0.0001221593626023841,spec_govprot_pack,Mixed Outcome,***,6.984*** (1.818)
v2jureview_lag1,0.9040288362139218,Contracts Expression,Contracts Expression,0.32525915720454224,0.005445759640560816,spec_govprot_pack,Mixed Outcome,***,0.904*** (0.325)
v2jureview_lag1,0.4795912059827255,Expands Expression,Expands Expression,0.3829517555113232,0.21044085908717014,spec_govprot_pack,Mixed Outcome,,0.48 (0.383)
legal_common,-1.79438641446991,Contracts Expression,Contracts Expression,0.34227342285325474,1.5837024486213535e-07,spec_govprot_pack,Mixed Outcome,***,-1.794*** (0.342)
legal_common,-0.6302748293249908,Expands Expression,Expands Expression,0.4851240963187961,0.19387416755796094,spec_govprot_pack,Mixed Outcome,,-0.63 (0.485)
legal_civil,-0.4353832694091426,Contracts Expression,Contracts Expression,0.3425925007878546,0.20378244308426607,spec_govprot_pack,Mixed Outcome,,-0.435 (0.343)
legal_civil,-0.38708711357981024,Expands Expression,Expands Expression,0.431202760322343,0.36934996702749234,spec_govprot_pack,Mixed Outcome,,-0.387 (0.431)
high_court,0.4165527555444833,Contracts Expression,Contracts Expression,0.2804438256438831,0.13745536365471223,spec_govprot_pack,Mixed Outcome,,0.417 (0.28)
high_court,0.39110444295603636,Expands Expression,Expands Expression,0.2667517062633389,0.14260086254399093,spec_govprot_pack,Mixed Outcome,,0.391 (0.267)
j_ind_lag1,0.17367177342072493,Contracts Expression,Contracts Expression,0.2998725132980017,0.5624865984699062,spec_govprot_pack,Mixed Outcome,,0.174 (0.3)
j_ind_lag1,-0.17401489804326348,Expands Expression,Expands Expression,0.2821033093602896,0.5373349043241891,spec_govprot_pack,Mixed Outcome,,-0.174 (0.282)
Intercept,-2.098597648893896,Contracts Expression,Contracts Expression,0.6107160506909054,0.0005897386645677397,spec_c_reform,Mixed Outcome,***,-2.099*** (0.611)
Intercept,-3.600561006996631,Expands Expression,Expands Expression,0.739980222937744,1.1402183316048783e-06,spec_c_reform,Mixed Outcome,***,-3.601*** (0.74)
wdj_citizen_lag1,-0.26548758248419085,Contracts Expression,Contracts Expression,0.4149811491510111,0.5223298281594051,spec_c_reform,Mixed Outcome,,-0.265 (0.415)
wdj_citizen_lag1,-0.9453468471866079,Expands Expression,Expands Expression,0.6425469799167707,0.14122368680195524,spec_c_reform,Mixed Outcome,,-0.945 (0.643)
v2jureform_lag1,-0.3276369407879565,Contracts Expression,Contracts Expression,0.12316397779437827,0.007810155513993374,spec_c_reform,Mixed Outcome,***,-0.328*** (0.123)
v2jureform_lag1,-0.17342249545351848,Expands Expression,Expands Expression,0.23302334235761923,0.4567385528043185,spec_c_reform,Mixed Outcome,,-0.173 (0.233)
v2x_polyarchy_lag1,3.57367922226602,Contracts Expression,Contracts Expression,1.2298069966706755,0.003662145713946654,spec_c_reform,Mixed Outcome,***,3.574*** (1.23)
v2x_polyarchy_lag1,5.359902058755839,Expands Expression,Expands Expression,1.3409049476002566,6.408871611347153e-05,spec_c_reform,Mixed Outcome,***,5.36*** (1.341)
v2jureview_lag1,0.789815199363925,Contracts Expression,Contracts Expression,0.2996335245492782,0.008390522091741195,spec_c_reform,Mixed Outcome,***,0.79*** (0.3)
v2jureview_lag1,0.3308884100396922,Expands Expression,Expands Expression,0.34139854159147887,0.332438187791673,spec_c_reform,Mixed Outcome,,0.331 (0.341)
legal_common,-2.23920331494596,Contracts Expression,Contracts Expression,0.360358618028281,5.171201186259923e-10,spec_c_reform,Mixed Outcome,***,-2.239*** (0.36)
legal_common,-0.9518746979790297,Expands Expression,Expands Expression,0.5218581026503946,0.06815047349076278,spec_c_reform,Mixed Outcome,*,-0.952* (0.522)
legal_civil,-0.6585345444481479,Contracts Expression,Contracts Expression,0.3587577844026168,0.06641735063218843,spec_c_reform,Mixed Outcome,*,-0.659* (0.359)
legal_civil,-0.14986337904833402,Expands Expression,Expands Expression,0.44433499008345717,0.7359091029679223,spec_c_reform,Mixed Outcome,,-0.15 (0.444)
high_court,0.43098359028256455,Contracts Expression,Contracts Expression,0.2617556666026359,0.09965859261782192,spec_c_reform,Mixed Outcome,*,0.431* (0.262)
high_court,0.47856622435100954,Expands Expression,Expands Expression,0.2858631214786235,0.09410904188710086,spec_c_reform,Mixed Outcome,*,0.479* (0.286)
j_ind_lag1,0.23292413721942645,Contracts Expression,Contracts Expression,0.25735551701568193,0.3654295815273402,spec_c_reform,Mixed Outcome,,0.233 (0.257)
j_ind_lag1,-0.17896914571343975,Expands Expression,Expands Expression,0.2399149679820991,0.4556860990095186,spec_c_reform,Mixed Outcome,,-0.179 (0.24)
Intercept,-2.105863937540427,Contracts Expression,Contracts Expression,0.6151825238113904,0.0006189921283964421,spec_im_reform,Mixed Outcome,***,-2.106*** (0.615)
Intercept,-3.7142526499140427,Expands Expression,Expands Expression,0.7821801649505759,2.0484006537496096e-06,spec_im_reform,Mixed Outcome,***,-3.714*** (0.782)
wdj_intermediaries_lag1,-0.8005446282264371,Contracts Expression,Contracts Expression,0.6067668583139747,0.18704839884146485,spec_im_reform,Mixed Outcome,,-0.801 (0.607)
wdj_intermediaries_lag1,-0.3776526630740165,Expands Expression,Expands Expression,0.9504026958447753,0.6911015052994254,spec_im_reform,Mixed Outcome,,-0.378 (0.95)
v2jureform_lag1,-0.32421058185505713,Contracts Expression,Contracts Expression,0.11986515373195945,0.006834670223066352,spec_im_reform,Mixed Outcome,***,-0.324*** (0.12)
v2jureform_lag1,-0.1767969582281195,Expands Expression,Expands Expression,0.24969597108640573,0.47891488967228935,spec_im_reform,Mixed Outcome,,-0.177 (0.25)
v2x_polyarchy_lag1,3.6603092924606218,Contracts Expression,Contracts Expression,1.195391990639801,0.0021985176769484843,spec_im_reform,Mixed Outcome,***,3.66*** (1.195)
v2x_polyarchy_lag1,5.36551679063792,Expands Expression,Expands Expression,1.3798209870178832,0.00010084071466698666,spec_im_reform,Mixed Outcome,***,5.366*** (1.38)
v2jureview_lag1,0.8001542684658887,Contracts Expression,Contracts Expression,0.3054526853249786,0.008804105871152369,spec_im_reform,Mixed Outcome,***,0.8*** (0.305)
v2jureview_lag1,0.35345499869196517,Expands Expression,Expands Expression,0.3604013547548556,0.32672785186955466,spec_im_reform,Mixed Outcome,,0.353 (0.36)
legal_common,-2.285511977366415,Contracts Expression,Contracts Expression,0.36721561195660507,4.849569347231784e-10,spec_im_reform,Mixed Outcome,***,-2.286*** (0.367)
legal_common,-0.9157252699148328,Expands Expression,Expands Expression,0.5547148507030191,0.09877868577301306,spec_im_reform,Mixed Outcome,*,-0.916* (0.555)
legal_civil,-0.5636799551621319,Contracts Expression,Contracts Expression,0.34755762840411225,0.10483940380835756,spec_im_reform,Mixed Outcome,,-0.564 (0.348)
legal_civil,-0.37445449710835577,Expands Expression,Expands Expression,0.4982131315411038,0.45229465290074444,spec_im_reform,Mixed Outcome,,-0.374 (0.498)
high_court,0.42035559372661085,Contracts Expression,Contracts Expression,0.2625306674149913,0.10933980709221801,spec_im_reform,Mixed Outcome,,0.42 (0.263)
high_court,0.4693939361040252,Expands Expression,Expands Expression,0.2891906220365329,0.10456164599651845,spec_im_reform,Mixed Outcome,,0.469 (0.289)
j_ind_lag1,0.21461296486498355,Contracts Expression,Contracts Expression,0.2515256782475972,0.3935235910227367,spec_im_reform,Mixed Outcome,,0.215 (0.252)
j_ind_lag1,-0.17516695873775529,Expands Expression,Expands Expression,0.2554912452006655,0.4929600463026652,spec_im_reform,Mixed Outcome,,-0.175 (0.255)
Intercept,-2.251311570871918,Contracts Expression,Contracts Expression,0.6399004922650255,0.0004344498217193085,spec_p_reform,Mixed Outcome,***,-2.251*** (0.64)
Intercept,-3.992323147269122,Expands Expression,Expands Expression,0.7980922501827494,5.66406614793025e-07,spec_p_reform,Mixed Outcome,***,-3.992*** (0.798)
wdj_press_lag1,-0.5771709058234246,Contracts Expression,Contracts Expression,0.5274447436321362,0.2738332982876792,spec_p_reform,Mixed Outcome,,-0.577 (0.527)
wdj_press_lag1,-1.6167296259429953,Expands Expression,Expands Expression,0.5603815305745821,0.003913495245986209,spec_p_reform,Mixed Outcome,***,-1.617*** (0.56)
v2jureform_lag1,-0.3314481622931175,Contracts Expression,Contracts Expression,0.11958279492103478,0.005576364513532603,spec_p_reform,Mixed Outcome,***,-0.331*** (0.12)
v2jureform_lag1,-0.19910231246421975,Expands Expression,Expands Expression,0.23510102302151764,0.3970621106406088,spec_p_reform,Mixed Outcome,,-0.199 (0.235)
v2x_polyarchy_lag1,3.719191089179203,Contracts Expression,Contracts Expression,1.2016734421633635,0.0019680638916305475,spec_p_reform,Mixed Outcome,***,3.719*** (1.202)
v2x_polyarchy_lag1,5.755065374621589,Expands Expression,Expands Expression,1.2892950620248427,8.054495492061514e-06,spec_p_reform,Mixed Outcome,***,5.755*** (1.289)
v2jureview_lag1,0.8422933345280995,Contracts Expression,Contracts Expression,0.3229984760156865,0.00911443880001696,spec_p_reform,Mixed Outcome,***,0.842*** (0.323)
v2jureview_lag1,0.4138013927526777,Expands Expression,Expands Expression,0.37746387848524,0.2729617157115525,spec_p_reform,Mixed Outcome,,0.414 (0.377)
legal_common,-2.3006838970856474,Contracts Expression,Contracts Expression,0.3788929233520422,1.262313001767112e-09,spec_p_reform,Mixed Outcome,***,-2.301*** (0.379)
legal_common,-1.1122938069217112,Expands Expression,Expands Expression,0.5298515213255915,0.03579436951779078,spec_p_reform,Mixed Outcome,**,-1.112** (0.53)
legal_civil,-0.6494186644417067,Contracts Expression,Contracts Expression,0.35942147399268876,0.07078654935234524,spec_p_reform,Mixed Outcome,*,-0.649* (0.359)
legal_civil,-0.18613727474580968,Expands Expression,Expands Expression,0.44862223913942223,0.6782087330376527,spec_p_reform,Mixed Outcome,,-0.186 (0.449)
high_court,0.4372295700390173,Contracts Expression,Contracts Expression,0.2616697080417928,0.09473716233021102,spec_p_reform,Mixed Outcome,*,0.437* (0.262)
high_court,0.48761446162107813,Expands Expression,Expands Expression,0.28603254490628405,0.08824074673904024,spec_p_reform,Mixed Outcome,*,0.488* (0.286)
j_ind_lag1,0.2253948768034068,Contracts Expression,Contracts Expression,0.25553605910932514,0.3777512592016925,spec_p_reform,Mixed Outcome,,0.225 (0.256)
j_ind_lag1,-0.16414836144990003,Expands Expression,Expands Expression,0.2370913924534534,0.4887224938063026,spec_p_reform,Mixed Outcome,,-0.164 (0.237)
Intercept,-2.135935534707509,Contracts Expression,Contracts Expression,0.6676545805302005,0.0013782743088490746,spec_govprot_reform,Mixed Outcome,***,-2.136*** (0.668)
Intercept,-3.675590746504608,Expands Expression,Expands Expression,0.8256511911219604,8.517422822924188e-06,spec_govprot_reform,Mixed Outcome,***,-3.676*** (0.826)
wdj_govprot_lag1,-0.15531250464541294,Contracts Expression,Contracts Expression,0.2433757625437751,0.5233699924041368,spec_govprot_reform,Mixed Outcome,,-0.155 (0.243)
wdj_govprot_lag1,-0.21276372846072336,Expands Expression,Expands Expression,0.31762352381858305,0.5029461680533658,spec_govprot_reform,Mixed Outcome,,-0.213 (0.318)
v2jureform_lag1,-0.3356103783062475,Contracts Expression,Contracts Expression,0.12212767378742302,0.005995472236958815,spec_govprot_reform,Mixed Outcome,***,-0.336*** (0.122)
v2jureform_lag1,-0.1846138792977672,Expands Expression,Expands Expression,0.24766534686908026,0.45601986660398985,spec_govprot_reform,Mixed Outcome,,-0.185 (0.248)
v2x_polyarchy_lag1,3.4591165150689793,Contracts Expression,Contracts Expression,1.2315100197460116,0.0049720110591129855,spec_govprot_reform,Mixed Outcome,***,3.459*** (1.232)
v2x_polyarchy_lag1,5.096674954105098,Expands Expression,Expands Expression,1.4483268308158215,0.0004331622367070618,spec_govprot_reform,Mixed Outcome,***,5.097*** (1.448)
v2jureview_lag1,0.8290040462417966,Contracts Expression,Contracts Expression,0.32306946254961805,0.010287166266422062,spec_govprot_reform,Mixed Outcome,**,0.829** (0.323)
v2jureview_lag1,0.3867776781840655,Expands Expression,Expands Expression,0.369960407342885,0.29581182854857124,spec_govprot_reform,Mixed Outcome,,0.387 (0.37)
legal_common,-2.186572991901845,Contracts Expression,Contracts Expression,0.3519848106520966,5.227343156258184e-10,spec_govprot_reform,Mixed Outcome,***,-2.187*** (0.352)
legal_common,-0.8495681572758624,Expands Expression,Expands Expression,0.538136101433104,0.11439947178649743,spec_govprot_reform,Mixed Outcome,,-0.85 (0.538)
legal_civil,-0.6736615919569621,Contracts Expression,Contracts Expression,0.36842772152074305,0.06747800380801058,spec_govprot_reform,Mixed Outcome,*,-0.674* (0.368)
legal_civil,-0.3373777247789245,Expands Expression,Expands Expression,0.47790815678939175,0.4802212340209947,spec_govprot_reform,Mixed Outcome,,-0.337 (0.478)
high_court,0.40444918583880457,Contracts Expression,Contracts Expression,0.2746812112019065,0.1409044726606317,spec_govprot_reform,Mixed Outcome,,0.404 (0.275)
high_court,0.4355383295091001,Expands Expression,Expands Expression,0.27374625957558524,0.11160297392873242,spec_govprot_reform,Mixed Outcome,,0.436 (0.274)
j_ind_lag1,0.26362963416894575,Contracts Expression,Contracts Expression,0.28327885249676593,0.3520416374039562,spec_govprot_reform,Mixed Outcome,,0.264 (0.283)
j_ind_lag1,-0.10997513975697962,Expands Expression,Expands Expression,0.28688919848587296,0.7014701797698943,spec_govprot_reform,Mixed Outcome,,-0.11 (0.287)
Intercept,-2.097118122849616,Contracts Expression,Contracts Expression,0.6317574811726648,0.000901792320977978,spec_c_attack,Mixed Outcome,***,-2.097*** (0.632)
Intercept,-3.7459447476195913,Expands Expression,Expands Expression,0.7405301557185502,4.226481725650079e-07,spec_c_attack,Mixed Outcome,***,-3.746*** (0.741)
wdj_citizen_lag1,-0.333827047509256,Contracts Expression,Contracts Expression,0.4045533935108663,0.40927266408993024,spec_c_attack,Mixed Outcome,,-0.334 (0.405)
wdj_citizen_lag1,-0.993996629227117,Expands Expression,Expands Expression,0.6421097368262508,0.12161826330727146,spec_c_attack,Mixed Outcome,,-0.994 (0.642)
v2jupoatck_lag1,-0.14971076434521266,Contracts Expression,Contracts Expression,0.12244326488604192,0.22144492672618488,spec_c_attack,Mixed Outcome,,-0.15 (0.122)
v2jupoatck_lag1,-0.18140845482818285,Expands Expression,Expands Expression,0.10250357942061825,0.07676433331540036,spec_c_attack,Mixed Outcome,*,-0.181* (0.103)
v2x_polyarchy_lag1,3.4444024752913966,Contracts Expression,Contracts Expression,1.16638979080204,0.003146552727717604,spec_c_attack,Mixed Outcome,***,3.444*** (1.166)
v2x_polyarchy_lag1,5.696540740162478,Expands Expression,Expands Expression,1.3155691125693538,1.4904425466337075e-05,spec_c_attack,Mixed Outcome,***,5.697*** (1.316)
v2jureview_lag1,0.7588454541255973,Contracts Expression,Contracts Expression,0.30316827256355683,0.012312802227773142,spec_c_attack,Mixed Outcome,**,0.759** (0.303)
v2jureview_lag1,0.2626860180796441,Expands Expression,Expands Expression,0.3360206902938581,0.4343582860380317,spec_c_attack,Mixed Outcome,,0.263 (0.336)
legal_common,-1.834599575263786,Contracts Expression,Contracts Expression,0.3452481047668454,1.0732797342426124e-07,spec_c_attack,Mixed Outcome,***,-1.835*** (0.345)
legal_common,-0.7130685428991135,Expands Expression,Expands Expression,0.48908982255756117,0.14485430498183827,spec_c_attack,Mixed Outcome,,-0.713 (0.489)
legal_civil,-0.37993289983656287,Contracts Expression,Contracts Expression,0.34738970169364713,0.2740956887698718,spec_c_attack,Mixed Outcome,,-0.38 (0.347)
legal_civil,-0.06051876684692428,Expands Expression,Expands Expression,0.40463653635601804,0.8811091820007886,spec_c_attack,Mixed Outcome,,-0.061 (0.405)
high_court,0.5534254653467271,Contracts Expression,Contracts Expression,0.274884081761384,0.044082564497669334,spec_c_attack,Mixed Outcome,**,0.553** (0.275)
high_court,0.588563198340802,Expands Expression,Expands Expression,0.279329191293814,0.035112430977814975,spec_c_attack,Mixed Outcome,**,0.589** (0.279)
j_ind_lag1,0.14780703733588701,Contracts Expression,Contracts Expression,0.2711391091012303,0.5856616384863674,spec_c_attack,Mixed Outcome,,0.148 (0.271)
j_ind_lag1,-0.24376764719428373,Expands Expression,Expands Expression,0.24313588475106993,0.31605467176171564,spec_c_attack,Mixed Outcome,,-0.244 (0.243)
Intercept,-2.1209922756797397,Contracts Expression,Contracts Expression,0.632759935777021,0.0008023873432134773,spec_im_attack,Mixed Outcome,***,-2.121*** (0.633)
Intercept,-3.8394071982215285,Expands Expression,Expands Expression,0.765362743099295,5.263379782033867e-07,spec_im_attack,Mixed Outcome,***,-3.839*** (0.765)
wdj_intermediaries_lag1,-0.8389641428712507,Contracts Expression,Contracts Expression,0.6360622038204032,0.18717011319797006,spec_im_attack,Mixed Outcome,,-0.839 (0.636)
wdj_intermediaries_lag1,-0.39583694852388224,Expands Expression,Expands Expression,0.9546369229454532,0.6784006336911311,spec_im_attack,Mixed Outcome,,-0.396 (0.955)
v2jupoatck_lag1,-0.14836038148604155,Contracts Expression,Contracts Expression,0.11778618840393767,0.2078231991881191,spec_im_attack,Mixed Outcome,,-0.148 (0.118)
v2jupoatck_lag1,-0.17367766519190755,Expands Expression,Expands Expression,0.1097262450048113,0.11346089679030885,spec_im_attack,Mixed Outcome,,-0.174 (0.11)
v2x_polyarchy_lag1,3.53140175403563,Contracts Expression,Contracts Expression,1.130138830753037,0.0017795599483603345,spec_im_attack,Mixed Outcome,***,3.531*** (1.13)
v2x_polyarchy_lag1,5.634564267949104,Expands Expression,Expands Expression,1.3783710144696226,4.354026906839913e-05,spec_im_attack,Mixed Outcome,***,5.635*** (1.378)
v2jureview_lag1,0.773245438378227,Contracts Expression,Contracts Expression,0.30509985133930806,0.011263967640208464,spec_im_attack,Mixed Outcome,**,0.773** (0.305)
v2jureview_lag1,0.2899702210757603,Expands Expression,Expands Expression,0.35799494760659123,0.4179493050876919,spec_im_attack,Mixed Outcome,,0.29 (0.358)
legal_common,-1.8953926377624923,Contracts Expression,Contracts Expression,0.3465966425859799,4.536466616204616e-08,spec_im_attack,Mixed Outcome,***,-1.895*** (0.347)
legal_common,-0.6772759432518604,Expands Expression,Expands Expression,0.5007574247011861,0.17621444436472133,spec_im_attack,Mixed Outcome,,-0.677 (0.501)
legal_civil,-0.2981526871396337,Contracts Expression,Contracts Expression,0.3311983270833494,0.36800104954665835,spec_im_attack,Mixed Outcome,,-0.298 (0.331)
legal_civil,-0.2863313604552857,Expands Expression,Expands Expression,0.46653689351934896,0.5393885575648465,spec_im_attack,Mixed Outcome,,-0.286 (0.467)
high_court,0.5430244238517723,Contracts Expression,Contracts Expression,0.27502250132911504,0.04832801738835218,spec_im_attack,Mixed Outcome,**,0.543** (0.275)
high_court,0.5778800944691778,Expands Expression,Expands Expression,0.28842712479774635,0.04511756955396699,spec_im_attack,Mixed Outcome,**,0.578** (0.288)
j_ind_lag1,0.13689969284964723,Contracts Expression,Contracts Expression,0.2673961941641452,0.6086697461234325,spec_im_attack,Mixed Outcome,,0.137 (0.267)
j_ind_lag1,-0.23223502057331083,Expands Expression,Expands Expression,0.25275122820541224,0.3581853063289271,spec_im_attack,Mixed Outcome,,-0.232 (0.253)
Intercept,-2.260911041776578,Contracts Expression,Contracts Expression,0.6608771364273782,0.0006237385371115789,spec_p_attack,Mixed Outcome,***,-2.261*** (0.661)
Intercept,-4.119731273935283,Expands Expression,Expands Expression,0.7959208672026549,2.2662501262275064e-07,spec_p_attack,Mixed Outcome,***,-4.12*** (0.796)
wdj_press_lag1,-0.5753380265347238,Contracts Expression,Contracts Expression,0.5957744880620928,0.33419549283659933,spec_p_attack,Mixed Outcome,,-0.575 (0.596)
wdj_press_lag1,-1.612007587829918,Expands Expression,Expands Expression,0.6365724729030724,0.011330931999132815,spec_p_attack,Mixed Outcome,**,-1.612** (0.637)
v2jupoatck_lag1,-0.1459609255397199,Contracts Expression,Contracts Expression,0.12369614870200514,0.23800191882003974,spec_p_attack,Mixed Outcome,,-0.146 (0.124)
v2jupoatck_lag1,-0.16889855316555458,Expands Expression,Expands Expression,0.10248502560488205,0.09934620199148289,spec_p_attack,Mixed Outcome,*,-0.169* (0.102)
v2x_polyarchy_lag1,3.5614230604608537,Contracts Expression,Contracts Expression,1.1740392627868474,0.0024175180141391963,spec_p_attack,Mixed Outcome,***,3.561*** (1.174)
v2x_polyarchy_lag1,5.994767280374798,Expands Expression,Expands Expression,1.3244215765533425,6.001722969024019e-06,spec_p_attack,Mixed Outcome,***,5.995*** (1.324)
v2jureview_lag1,0.8198577851282508,Contracts Expression,Contracts Expression,0.3356680340014642,0.01458730060491842,spec_p_attack,Mixed Outcome,**,0.82** (0.336)
v2jureview_lag1,0.3577433939799969,Expands Expression,Expands Expression,0.38767111155268297,0.3561107790204434,spec_p_attack,Mixed Outcome,,0.358 (0.388)
legal_common,-1.892753645261165,Contracts Expression,Contracts Expression,0.34732385128924853,5.0501552604334225e-08,spec_p_attack,Mixed Outcome,***,-1.893*** (0.347)
legal_common,-0.8494383968570746,Expands Expression,Expands Expression,0.46457162544446656,0.06748449371105704,spec_p_attack,Mixed Outcome,*,-0.849* (0.465)
legal_civil,-0.37846708468069007,Contracts Expression,Contracts Expression,0.35530452676225815,0.2867896322247856,spec_p_attack,Mixed Outcome,,-0.378 (0.355)
legal_civil,-0.07640674840540293,Expands Expression,Expands Expression,0.4118624591627723,0.8528249556547352,spec_p_attack,Mixed Outcome,,-0.076 (0.412)
high_court,0.5624347741938351,Contracts Expression,Contracts Expression,0.27721660133601944,0.042472147519695316,spec_p_attack,Mixed Outcome,**,0.562** (0.277)
high_court,0.6002365579938502,Expands Expression,Expands Expression,0.2842782847004363,0.0347345049984383,spec_p_attack,Mixed Outcome,**,0.6** (0.284)
j_ind_lag1,0.1428758865162401,Contracts Expression,Contracts Expression,0.27417735133595944,0.6022918550486284,spec_p_attack,Mixed Outcome,,0.143 (0.274)
j_ind_lag1,-0.23005327818531296,Expands Expression,Expands Expression,0.2420331171658979,0.3418565745318597,spec_p_attack,Mixed Outcome,,-0.23 (0.242)
Intercept,-2.1223473223406515,Contracts Expression,Contracts Expression,0.6595516415379572,0.0012914914885998384,spec_govprot_attack,Mixed Outcome,***,-2.122*** (0.66)
Intercept,-3.794568484120043,Expands Expression,Expands Expression,0.7802270883765943,1.1537731681949554e-06,spec_govprot_attack,Mixed Outcome,***,-3.795*** (0.78)
wdj_govprot_lag1,-0.32105297777742603,Contracts Expression,Contracts Expression,0.25634733057544007,0.21041905874809264,spec_govprot_attack,Mixed Outcome,,-0.321 (0.256)
wdj_govprot_lag1,-0.42524826180342823,Expands Expression,Expands Expression,0.32192108019518495,0.18651118874822625,spec_govprot_attack,Mixed Outcome,,-0.425 (0.322)
v2jupoatck_lag1,-0.19626797529957743,Contracts Expression,Contracts Expression,0.10426164488187745,0.0597741073868786,spec_govprot_attack,Mixed Outcome,*,-0.196* (0.104)
v2jupoatck_lag1,-0.2514562516351583,Expands Expression,Expands Expression,0.1252746100852132,0.044724077615085275,spec_govprot_attack,Mixed Outcome,**,-0.251** (0.125)
v2x_polyarchy_lag1,3.3766703228897863,Contracts Expression,Contracts Expression,1.1078427178420485,0.002303936505949535,spec_govprot_attack,Mixed Outcome,***,3.377*** (1.108)
v2x_polyarchy_lag1,5.486347268848536,Expands Expression,Expands Expression,1.30100521831444,2.475670048013297e-05,spec_govprot_attack,Mixed Outcome,***,5.486*** (1.301)
v2jureview_lag1,0.7780424835559714,Contracts Expression,Contracts Expression,0.32965823310415043,0.018267606039765943,spec_govprot_attack,Mixed Outcome,**,0.778** (0.33)
v2jureview_lag1,0.2877591878029589,Expands Expression,Expands Expression,0.37080731983406906,0.43772875152502977,spec_govprot_attack,Mixed Outcome,,0.288 (0.371)
legal_common,-1.7298955591131815,Contracts Expression,Contracts Expression,0.3346414445614091,2.34846473705704e-07,spec_govprot_attack,Mixed Outcome,***,-1.73*** (0.335)
legal_common,-0.5419864357540379,Expands Expression,Expands Expression,0.4856903189478522,0.2644608795283705,spec_govprot_attack,Mixed Outcome,,-0.542 (0.486)
legal_civil,-0.38930807453050353,Contracts Expression,Contracts Expression,0.32962327375626055,0.23757501938358916,spec_govprot_attack,Mixed Outcome,,-0.389 (0.33)
legal_civil,-0.2201163992336762,Expands Expression,Expands Expression,0.4287539440432388,0.6076811297266875,spec_govprot_attack,Mixed Outcome,,-0.22 (0.429)
high_court,0.5096735051969934,Contracts Expression,Contracts Expression,0.2798685791981625,0.0685890313654933,spec_govprot_attack,Mixed Outcome,*,0.51* (0.28)
high_court,0.5276774081405925,Expands Expression,Expands Expression,0.27227006077973853,0.052615143771573385,spec_govprot_attack,Mixed Outcome,*,0.528* (0.272)
j_ind_lag1,0.19756772262605005,Contracts Expression,Contracts Expression,0.2872299504328137,0.49155469818673436,spec_govprot_attack,Mixed Outcome,,0.198 (0.287)
j_ind_lag1,-0.14615941143140543,Expands Expression,Expands Expression,0.27248491465554625,0.5916859270096257,spec_govprot_attack,Mixed Outcome,,-0.146 (0.272)
Intercept,-1.6310391851120152,Contracts Expression,Contracts Expression,0.6098548086423875,0.0074847181533638524,spec_c_reform_decision,Mixed Outcome,***,-1.631*** (0.61)
Intercept,-3.616665059151575,Expands Expression,Expands Expression,0.7094567813245185,3.4363309763528066e-07,spec_c_reform_decision,Mixed Outcome,***,-3.617*** (0.709)
wdj_citizen_lag1,-0.2088768294939568,Contracts Expression,Contracts Expression,0.39373294484887467,0.595762664358964,spec_c_reform_decision,Mixed Outcome,,-0.209 (0.394)
wdj_citizen_lag1,-0.7966292889894038,Expands Expression,Expands Expression,0.6345360294473108,0.20931485875547295,spec_c_reform_decision,Mixed Outcome,,-0.797 (0.635)
v2jureform_lag1,-0.3194008856526139,Contracts Expression,Contracts Expression,0.12448650585259333,0.01029538753173182,spec_c_reform_decision,Mixed Outcome,**,-0.319** (0.124)
v2jureform_lag1,-0.12792707361797973,Expands Expression,Expands Expression,0.24957094052448572,0.6082395368585217,spec_c_reform_decision,Mixed Outcome,,-0.128 (0.25)
v2x_polyarchy_lag1,3.267963101064511,Contracts Expression,Contracts Expression,1.160598116559785,0.004866234993327077,spec_c_reform_decision,Mixed Outcome,***,3.268*** (1.161)
v2x_polyarchy_lag1,5.199037601032252,Expands Expression,Expands Expression,1.2923841429887313,5.7503777527060675e-05,spec_c_reform_decision,Mixed Outcome,***,5.199*** (1.292)
v2jureview_lag1,0.6132989582567502,Contracts Expression,Contracts Expression,0.2985129037064772,0.03992596381925897,spec_c_reform_decision,Mixed Outcome,**,0.613** (0.299)
v2jureview_lag1,0.3364903005575293,Expands Expression,Expands Expression,0.342341148621313,0.32565207765774107,spec_c_reform_decision,Mixed Outcome,,0.336 (0.342)
legal_common,-1.811721179940075,Contracts Expression,Contracts Expression,0.37366052276923134,1.2435133047824264e-06,spec_c_reform_decision,Mixed Outcome,***,-1.812*** (0.374)
legal_common,-0.7467743684099853,Expands Expression,Expands Expression,0.5175753545451915,0.14906775643288495,spec_c_reform_decision,Mixed Outcome,,-0.747 (0.518)
legal_civil,-0.3502923740865181,Contracts Expression,Contracts Expression,0.3368990955350364,0.2984539406944131,spec_c_reform_decision,Mixed Outcome,,-0.35 (0.337)
legal_civil,0.10350261905746386,Expands Expression,Expands Expression,0.44338499227674927,0.815421810564335,spec_c_reform_decision,Mixed Outcome,,0.104 (0.443)
high_court,0.37611678822400124,Contracts Expression,Contracts Expression,0.24709169166760145,0.12796524514478647,spec_c_reform_decision,Mixed Outcome,,0.376 (0.247)
high_court,0.4835733337443626,Expands Expression,Expands Expression,0.313282877600776,0.12269309268382286,spec_c_reform_decision,Mixed Outcome,,0.484 (0.313)
j_ind_lag1,0.2376029213164157,Contracts Expression,Contracts Expression,0.2462815622372502,0.3346643814275707,spec_c_reform_decision,Mixed Outcome,,0.238 (0.246)
j_ind_lag1,-0.18297540578456153,Expands Expression,Expands Expression,0.2325042882262013,0.43129563605686216,spec_c_reform_decision,Mixed Outcome,,-0.183 (0.233)
mode_press_newspapers,0.8767235212107356,Contracts Expression,Contracts Expression,0.3880178914183791,0.023852765406444734,spec_c_reform_decision,Mixed Outcome,**,0.877** (0.388)
mode_press_newspapers,0.5456284680258284,Expands Expression,Expands Expression,0.47189240013660766,0.2475764175509555,spec_c_reform_decision,Mixed Outcome,,0.546 (0.472)
mode_public_speech,-0.3417259790553703,Contracts Expression,Contracts Expression,0.2680767915574163,0.20240422945551573,spec_c_reform_decision,Mixed Outcome,,-0.342 (0.268)
mode_public_speech,-0.28502591485538326,Expands Expression,Expands Expression,0.22660947991210928,0.2084696653154411,spec_c_reform_decision,Mixed Outcome,,-0.285 (0.227)
mode_public_documents,0.4405887786621838,Contracts Expression,Contracts Expression,0.4134904759362058,0.2866336722571121,spec_c_reform_decision,Mixed Outcome,,0.441 (0.413)
mode_public_documents,-0.29938603802712266,Expands Expression,Expands Expression,0.36389546132619305,0.4106641692018468,spec_c_reform_decision,Mixed Outcome,,-0.299 (0.364)
mode_audio_visual_broadcasting,0.522319666210087,Contracts Expression,Contracts Expression,0.4046898640719773,0.1968193322629087,spec_c_reform_decision,Mixed Outcome,,0.522 (0.405)
mode_audio_visual_broadcasting,0.6003884320003892,Expands Expression,Expands Expression,0.4006170143347235,0.13396202886925157,spec_c_reform_decision,Mixed Outcome,,0.6 (0.401)
mode_public_assembly,0.09548076294044959,Contracts Expression,Contracts Expression,0.5591219072822127,0.8644053013846065,spec_c_reform_decision,Mixed Outcome,,0.095 (0.559)
mode_public_assembly,0.3062970058465326,Expands Expression,Expands Expression,0.19985516468688277,0.1253756992321094,spec_c_reform_decision,Mixed Outcome,,0.306 (0.2)
mode_written_speech,0.2857247527662682,Contracts Expression,Contracts Expression,0.2766949241550822,0.30177492903058856,spec_c_reform_decision,Mixed Outcome,,0.286 (0.277)
mode_written_speech,-0.07769957905517505,Expands Expression,Expands Expression,0.34073383426123316,0.819618257355742,spec_c_reform_decision,Mixed Outcome,,-0.078 (0.341)
mode_non_verbal_expression,0.09165604455394936,Contracts Expression,Contracts Expression,0.2451590016326785,0.7085057453280155,spec_c_reform_decision,Mixed Outcome,,0.092 (0.245)
mode_non_verbal_expression,0.356705919079834,Expands Expression,Expands Expression,0.2966433690732484,0.22917995912905864,spec_c_reform_decision,Mixed Outcome,,0.357 (0.297)
defendant_citizen,-0.8951574697459247,Contracts Expression,Contracts Expression,0.2777388237579883,0.0012684719731933484,spec_c_reform_decision,Mixed Outcome,***,-0.895*** (0.278)
defendant_citizen,-0.293732877075893,Expands Expression,Expands Expression,0.328453043783139,0.37116576444313676,spec_c_reform_decision,Mixed Outcome,,-0.294 (0.328)
defendant_press,-0.8138887582753171,Contracts Expression,Contracts Expression,0.47125941017127815,0.08415861025834999,spec_c_reform_decision,Mixed Outcome,*,-0.814* (0.471)
defendant_press,-0.34886398982541356,Expands Expression,Expands Expression,0.4162346936007044,0.40195067186782685,spec_c_reform_decision,Mixed Outcome,,-0.349 (0.416)
defendant_intermediary,-1.2988138574880495,Contracts Expression,Contracts Expression,0.44734232993205725,0.0036913447522406947,spec_c_reform_decision,Mixed Outcome,***,-1.299*** (0.447)
defendant_intermediary,-0.5314400259891956,Expands Expression,Expands Expression,0.3614870429551311,0.14152124556136145,spec_c_reform_decision,Mixed Outcome,,-0.531 (0.361)
defendant_other,-0.09000766350856426,Contracts Expression,Contracts Expression,0.5340626752935148,0.8661632796785539,spec_c_reform_decision,Mixed Outcome,,-0.09 (0.534)
defendant_other,0.38706779340605935,Expands Expression,Expands Expression,0.5444182355600838,0.477099684260176,spec_c_reform_decision,Mixed Outcome,,0.387 (0.544)
defendant_unclear,-0.5560859360030798,Contracts Expression,Contracts Expression,0.24975364975558514,0.025978181552933268,spec_c_reform_decision,Mixed Outcome,**,-0.556** (0.25)
defendant_unclear,-1.3911848389761712,Expands Expression,Expands Expression,0.4803086262798262,0.003774235047472396,spec_c_reform_decision,Mixed Outcome,***,-1.391*** (0.48)
Intercept,-1.781337685521213,Contracts Expression,Contracts Expression,0.6251656528517401,0.0043803826848208376,spec_p_reform_decision,Mixed Outcome,***,-1.781*** (0.625)
Intercept,-3.9169907023609047,Expands Expression,Expands Expression,0.7405943537659424,1.2299854310124705e-07,spec_p_reform_decision,Mixed Outcome,***,-3.917*** (0.741)
wdj_press_lag1,-0.8423635263458029,Contracts Expression,Contracts Expression,0.38484892702475154,0.02861020928370415,spec_p_reform_decision,Mixed Outcome,**,-0.842** (0.385)
wdj_press_lag1,-1.5475454423722004,Expands Expression,Expands Expression,0.4464538376229628,0.0005276631359512944,spec_p_reform_decision,Mixed Outcome,***,-1.548*** (0.446)
v2jureform_lag1,-0.3180506102796691,Contracts Expression,Contracts Expression,0.11924952637300251,0.007650852425283259,spec_p_reform_decision,Mixed Outcome,***,-0.318*** (0.119)
v2jureform_lag1,-0.14194665858137542,Expands Expression,Expands Expression,0.24921102960036448,0.5689597645575266,spec_p_reform_decision,Mixed Outcome,,-0.142 (0.249)
v2x_polyarchy_lag1,3.4738332975132495,Contracts Expression,Contracts Expression,1.0790112403759788,0.0012843237309694917,spec_p_reform_decision,Mixed Outcome,***,3.474*** (1.079)
v2x_polyarchy_lag1,5.543977636227133,Expands Expression,Expands Expression,1.1969757175335531,3.627556321740463e-06,spec_p_reform_decision,Mixed Outcome,***,5.544*** (1.197)
v2jureview_lag1,0.6548794769708673,Contracts Expression,Contracts Expression,0.31711403106597363,0.038911364373339336,spec_p_reform_decision,Mixed Outcome,**,0.655** (0.317)
v2jureview_lag1,0.38900450448886564,Expands Expression,Expands Expression,0.3687796292517029,0.29149726626209327,spec_p_reform_decision,Mixed Outcome,,0.389 (0.369)
legal_common,-1.8965651858002834,Contracts Expression,Contracts Expression,0.37072186815514196,3.122967574168716e-07,spec_p_reform_decision,Mixed Outcome,***,-1.897*** (0.371)
legal_common,-0.8698469819359218,Expands Expression,Expands Expression,0.5089639409035726,0.08744090255247909,spec_p_reform_decision,Mixed Outcome,*,-0.87* (0.509)
legal_civil,-0.3130378667314034,Contracts Expression,Contracts Expression,0.3254855930332484,0.3361719615631439,spec_p_reform_decision,Mixed Outcome,,-0.313 (0.325)
legal_civil,0.06837316949169704,Expands Expression,Expands Expression,0.4431599693693211,0.8773846083312752,spec_p_reform_decision,Mixed Outcome,,0.068 (0.443)
high_court,0.3817689697528101,Contracts Expression,Contracts Expression,0.24652440985045734,0.1214766680949745,spec_p_reform_decision,Mixed Outcome,,0.382 (0.247)
high_court,0.4919012070978263,Expands Expression,Expands Expression,0.3121528089857005,0.1150639186712806,spec_p_reform_decision,Mixed Outcome,,0.492 (0.312)
j_ind_lag1,0.22545295149715724,Contracts Expression,Contracts Expression,0.238279262015825,0.34406132387849964,spec_p_reform_decision,Mixed Outcome,,0.225 (0.238)
j_ind_lag1,-0.1801274003889866,Expands Expression,Expands Expression,0.2270817773511673,0.4276455706967143,spec_p_reform_decision,Mixed Outcome,,-0.18 (0.227)
mode_press_newspapers,0.8849968024804213,Contracts Expression,Contracts Expression,0.3915726971696429,0.023814514367767728,spec_p_reform_decision,Mixed Outcome,**,0.885** (0.392)
mode_press_newspapers,0.5782184221491605,Expands Expression,Expands Expression,0.4683559658339185,0.21699042289391124,spec_p_reform_decision,Mixed Outcome,,0.578 (0.468)
mode_public_speech,-0.34876748928532564,Contracts Expression,Contracts Expression,0.25793941957280986,0.17633390303929686,spec_p_reform_decision,Mixed Outcome,,-0.349 (0.258)
mode_public_speech,-0.2990452662102425,Expands Expression,Expands Expression,0.21531726044053862,0.16487569901018806,spec_p_reform_decision,Mixed Outcome,,-0.299 (0.215)
mode_public_documents,0.5027111828053619,Contracts Expression,Contracts Expression,0.4287074006142278,0.2409479346903991,spec_p_reform_decision,Mixed Outcome,,0.503 (0.429)
mode_public_documents,-0.2138429332297302,Expands Expression,Expands Expression,0.3554098688263548,0.5473873090447521,spec_p_reform_decision,Mixed Outcome,,-0.214 (0.355)
mode_audio_visual_broadcasting,0.553014214448825,Contracts Expression,Contracts Expression,0.400826722123268,0.16768396200629498,spec_p_reform_decision,Mixed Outcome,,0.553 (0.401)
mode_audio_visual_broadcasting,0.6514977473304261,Expands Expression,Expands Expression,0.40849258104679953,0.11073847073468258,spec_p_reform_decision,Mixed Outcome,,0.651 (0.408)
mode_public_assembly,0.11586614747224944,Contracts Expression,Contracts Expression,0.5649086092553334,0.8374893056399443,spec_p_reform_decision,Mixed Outcome,,0.116 (0.565)
mode_public_assembly,0.35144278113524424,Expands Expression,Expands Expression,0.18618011507345308,0.05907303451427177,spec_p_reform_decision,Mixed Outcome,*,0.351* (0.186)
mode_written_speech,0.30941234581585136,Contracts Expression,Contracts Expression,0.2623772934941214,0.23829269049593615,spec_p_reform_decision,Mixed Outcome,,0.309 (0.262)
mode_written_speech,-0.0251931275473,Expands Expression,Expands Expression,0.3174424801827544,0.9367440478568227,spec_p_reform_decision,Mixed Outcome,,-0.025 (0.317)
mode_non_verbal_expression,0.08365726449602448,Contracts Expression,Contracts Expression,0.2326948194021812,0.7192099018994107,spec_p_reform_decision,Mixed Outcome,,0.084 (0.233)
mode_non_verbal_expression,0.3495357882986042,Expands Expression,Expands Expression,0.28382171585912314,0.21812360968954747,spec_p_reform_decision,Mixed Outcome,,0.35 (0.284)
defendant_citizen,-0.9122138660492424,Contracts Expression,Contracts Expression,0.2822493145407542,0.001229513204282071,spec_p_reform_decision,Mixed Outcome,***,-0.912*** (0.282)
defendant_citizen,-0.355696529048497,Expands Expression,Expands Expression,0.34892038047438145,0.30800345906485804,spec_p_reform_decision,Mixed Outcome,,-0.356 (0.349)
defendant_press,-0.8067942273193435,Contracts Expression,Contracts Expression,0.47092109618725364,0.08667098522080452,spec_p_reform_decision,Mixed Outcome,*,-0.807* (0.471)
defendant_press,-0.3448829768555304,Expands Expression,Expands Expression,0.41323651802029865,0.40394871539155075,spec_p_reform_decision,Mixed Outcome,,-0.345 (0.413)
defendant_intermediary,-1.2994134132524178,Contracts Expression,Contracts Expression,0.447541246483532,0.0036907647531327524,spec_p_reform_decision,Mixed Outcome,***,-1.299*** (0.448)
defendant_intermediary,-0.5195204819755654,Expands Expression,Expands Expression,0.3582459316375449,0.14700880015263137,spec_p_reform_decision,Mixed Outcome,,-0.52 (0.358)
defendant_other,-0.08894842996372374,Contracts Expression,Contracts Expression,0.5433721431274253,0.8699696210272306,spec_p_reform_decision,Mixed Outcome,,-0.089 (0.543)
defendant_other,0.38772083996851703,Expands Expression,Expands Expression,0.5601239407597675,0.48880832167118127,spec_p_reform_decision,Mixed Outcome,,0.388 (0.56)
defendant_unclear,-0.5513576016169405,Contracts Expression,Contracts Expression,0.24265379626909087,0.023074521422783767,spec_p_reform_decision,Mixed Outcome,**,-0.551** (0.243)
defendant_unclear,-1.409330249002032,Expands Expression,Expands Expression,0.48470342267975847,0.0036419807353021594,spec_p_reform_decision,Mixed Outcome,***,-1.409*** (0.485)
Intercept,-1.8155757203756648,Contracts Expression,Contracts Expression,0.6015000345536976,0.0025410207570302793,spec_c_pack_decision,Mixed Outcome,***,-1.816*** (0.602)
Intercept,-4.337984140405669,Expands Expression,Expands Expression,0.9055145085108239,1.6625922188626058e-06,spec_c_pack_decision,Mixed Outcome,***,-4.338*** (0.906)
wdj_citizen_lag1,-0.22349258773341873,Contracts Expression,Contracts Expression,0.3999764203685477,0.5763225160355618,spec_c_pack_decision,Mixed Outcome,,-0.223 (0.4)
wdj_citizen_lag1,-0.7271011641823938,Expands Expression,Expands Expression,0.6197274609751942,0.24069173661181986,spec_c_pack_decision,Mixed Outcome,,-0.727 (0.62)
v2jupack_lag1,-0.22037540786035933,Contracts Expression,Contracts Expression,0.1709293838912923,0.1973016320508656,spec_c_pack_decision,Mixed Outcome,,-0.22 (0.171)
v2jupack_lag1,-0.47074704091448016,Expands Expression,Expands Expression,0.2578756647862041,0.06792852581780527,spec_c_pack_decision,Mixed Outcome,*,-0.471* (0.258)
v2x_polyarchy_lag1,3.5286131372993355,Contracts Expression,Contracts Expression,1.1108328560409562,0.0014903947038145482,spec_c_pack_decision,Mixed Outcome,***,3.529*** (1.111)
v2x_polyarchy_lag1,6.844724873065041,Expands Expression,Expands Expression,1.7700152875840947,0.00011016309972010326,spec_c_pack_decision,Mixed Outcome,***,6.845*** (1.77)
v2jureview_lag1,0.6948851839916135,Contracts Expression,Contracts Expression,0.2947438383587553,0.01839398615985924,spec_c_pack_decision,Mixed Outcome,**,0.695** (0.295)
v2jureview_lag1,0.3964992076711759,Expands Expression,Expands Expression,0.35114748625165987,0.2588333324940163,spec_c_pack_decision,Mixed Outcome,,0.396 (0.351)
legal_common,-1.4581458017534112,Contracts Expression,Contracts Expression,0.36357253395708944,6.056337385493099e-05,spec_c_pack_decision,Mixed Outcome,***,-1.458*** (0.364)
legal_common,-0.57006927090498,Expands Expression,Expands Expression,0.495562940262984,0.2500010387870699,spec_c_pack_decision,Mixed Outcome,,-0.57 (0.496)
legal_civil,-0.11016382814222236,Contracts Expression,Contracts Expression,0.3163701687262821,0.7276811212809584,spec_c_pack_decision,Mixed Outcome,,-0.11 (0.316)
legal_civil,-0.002167008870869822,Expands Expression,Expands Expression,0.407607045304905,0.9957581332408078,spec_c_pack_decision,Mixed Outcome,,-0.002 (0.408)
high_court,0.3981142858379805,Contracts Expression,Contracts Expression,0.24797111976785466,0.10838678120846246,spec_c_pack_decision,Mixed Outcome,,0.398 (0.248)
high_court,0.45061489047318276,Expands Expression,Expands Expression,0.2965433945640829,0.12862209802485441,spec_c_pack_decision,Mixed Outcome,,0.451 (0.297)
j_ind_lag1,0.1548565085795101,Contracts Expression,Contracts Expression,0.2545227438098129,0.5429095211276203,spec_c_pack_decision,Mixed Outcome,,0.155 (0.255)
j_ind_lag1,-0.24026493997775122,Expands Expression,Expands Expression,0.2299845574246803,0.29616149842302586,spec_c_pack_decision,Mixed Outcome,,-0.24 (0.23)
mode_press_newspapers,0.8891050500413915,Contracts Expression,Contracts Expression,0.39045184699576696,0.02277916156406169,spec_c_pack_decision,Mixed Outcome,**,0.889** (0.39)
mode_press_newspapers,0.5491972151293545,Expands Expression,Expands Expression,0.46972566356235873,0.24232823274284532,spec_c_pack_decision,Mixed Outcome,,0.549 (0.47)
mode_public_speech,-0.34469353594603036,Contracts Expression,Contracts Expression,0.2705057030731224,0.20257267738862605,spec_c_pack_decision,Mixed Outcome,,-0.345 (0.271)
mode_public_speech,-0.2840026050550567,Expands Expression,Expands Expression,0.21669495485114557,0.18998951175364065,spec_c_pack_decision,Mixed Outcome,,-0.284 (0.217)
mode_public_documents,0.37549969869355576,Contracts Expression,Contracts Expression,0.40220584664310083,0.3505098544254416,spec_c_pack_decision,Mixed Outcome,,0.375 (0.402)
mode_public_documents,-0.27492049426270115,Expands Expression,Expands Expression,0.3492325837433622,0.43115708060918556,spec_c_pack_decision,Mixed Outcome,,-0.275 (0.349)
mode_audio_visual_broadcasting,0.520563699665758,Contracts Expression,Contracts Expression,0.38447158166721007,0.17574535796918422,spec_c_pack_decision,Mixed Outcome,,0.521 (0.384)
mode_audio_visual_broadcasting,0.6268404859162408,Expands Expression,Expands Expression,0.38059440023065166,0.09955723102817751,spec_c_pack_decision,Mixed Outcome,*,0.627* (0.381)
mode_public_assembly,0.14200613993640696,Contracts Expression,Contracts Expression,0.5938201763255854,0.8109970481458588,spec_c_pack_decision,Mixed Outcome,,0.142 (0.594)
mode_public_assembly,0.3753998016255742,Expands Expression,Expands Expression,0.20859724909129015,0.07191761568782405,spec_c_pack_decision,Mixed Outcome,*,0.375* (0.209)
mode_written_speech,0.29455326115496033,Contracts Expression,Contracts Expression,0.2680842230215303,0.27188409069619457,spec_c_pack_decision,Mixed Outcome,,0.295 (0.268)
mode_written_speech,-0.09004173426371011,Expands Expression,Expands Expression,0.3394787613909056,0.7908282411911155,spec_c_pack_decision,Mixed Outcome,,-0.09 (0.339)
mode_non_verbal_expression,0.0925797744923583,Contracts Expression,Contracts Expression,0.2503098957541127,0.7114863409052314,spec_c_pack_decision,Mixed Outcome,,0.093 (0.25)
mode_non_verbal_expression,0.3931721270424861,Expands Expression,Expands Expression,0.2898655992803906,0.17497365767142226,spec_c_pack_decision,Mixed Outcome,,0.393 (0.29)
defendant_citizen,-0.9088381383293173,Contracts Expression,Contracts Expression,0.2773772820688182,0.0010508691816170294,spec_c_pack_decision,Mixed Outcome,***,-0.909*** (0.277)
defendant_citizen,-0.2766384956027927,Expands Expression,Expands Expression,0.31639052056202904,0.3819234724345164,spec_c_pack_decision,Mixed Outcome,,-0.277 (0.316)
defendant_press,-0.8352394321972109,Contracts Expression,Contracts Expression,0.47896022410173367,0.08118355753253752,spec_c_pack_decision,Mixed Outcome,*,-0.835* (0.479)
defendant_press,-0.3486819051267835,Expands Expression,Expands Expression,0.42338605768558035,0.4101921849076968,spec_c_pack_decision,Mixed Outcome,,-0.349 (0.423)
defendant_intermediary,-1.3297891386802163,Contracts Expression,Contracts Expression,0.4484642508494323,0.0030247975764178354,spec_c_pack_decision,Mixed Outcome,***,-1.33*** (0.448)
defendant_intermediary,-0.5164349580634914,Expands Expression,Expands Expression,0.3584651411392945,0.14967400498312955,spec_c_pack_decision,Mixed Outcome,,-0.516 (0.358)
defendant_other,-0.08885709221991657,Contracts Expression,Contracts Expression,0.5200610182863113,0.8643346559033588,spec_c_pack_decision,Mixed Outcome,,-0.089 (0.52)
defendant_other,0.4108649008293899,Expands Expression,Expands Expression,0.5204898115032195,0.42988920815560416,spec_c_pack_decision,Mixed Outcome,,0.411 (0.52)
defendant_unclear,-0.5714909380580194,Contracts Expression,Contracts Expression,0.24501585398328374,0.019676234762244255,spec_c_pack_decision,Mixed Outcome,**,-0.571** (0.245)
defendant_unclear,-1.320691666908052,Expands Expression,Expands Expression,0.4437134264645148,0.0029160483083033187,spec_c_pack_decision,Mixed Outcome,***,-1.321*** (0.444)
Intercept,-1.9488316317201495,Contracts Expression,Contracts Expression,0.6251559640219819,0.001824831128852045,spec_p_pack_decision,Mixed Outcome,***,-1.949*** (0.625)
Intercept,-4.586060964317504,Expands Expression,Expands Expression,0.8883878247564508,2.4402713248996835e-07,spec_p_pack_decision,Mixed Outcome,***,-4.586*** (0.888)
wdj_press_lag1,-0.7773700412734772,Contracts Expression,Contracts Expression,0.4384804862133254,0.07624981925167772,spec_p_pack_decision,Mixed Outcome,*,-0.777* (0.438)
wdj_press_lag1,-1.38959840275606,Expands Expression,Expands Expression,0.5606120121047341,0.013185595810063561,spec_p_pack_decision,Mixed Outcome,**,-1.39** (0.561)
v2jupack_lag1,-0.20609599916863344,Contracts Expression,Contracts Expression,0.1694257390269299,0.22381790888562125,spec_p_pack_decision,Mixed Outcome,,-0.206 (0.169)
v2jupack_lag1,-0.46125918357957885,Expands Expression,Expands Expression,0.25016689370044215,0.06521143899227076,spec_p_pack_decision,Mixed Outcome,*,-0.461* (0.25)
v2x_polyarchy_lag1,3.6729993884468004,Contracts Expression,Contracts Expression,1.0744442886179442,0.0006296482244263466,spec_p_pack_decision,Mixed Outcome,***,3.673*** (1.074)
v2x_polyarchy_lag1,7.108255340385186,Expands Expression,Expands Expression,1.6394875154554576,1.4532547823704186e-05,spec_p_pack_decision,Mixed Outcome,***,7.108*** (1.639)
v2jureview_lag1,0.7343542723314772,Contracts Expression,Contracts Expression,0.31599896392040566,0.020130128177453396,spec_p_pack_decision,Mixed Outcome,**,0.734** (0.316)
v2jureview_lag1,0.44370933160651865,Expands Expression,Expands Expression,0.37828761926872384,0.24081917680523157,spec_p_pack_decision,Mixed Outcome,,0.444 (0.378)
legal_common,-1.5410611812559882,Contracts Expression,Contracts Expression,0.3411474991351402,6.263696709948881e-06,spec_p_pack_decision,Mixed Outcome,***,-1.541*** (0.341)
legal_common,-0.6771544867578235,Expands Expression,Expands Expression,0.4567053591750813,0.13815561835200002,spec_p_pack_decision,Mixed Outcome,,-0.677 (0.457)
legal_civil,-0.06888874380128082,Contracts Expression,Contracts Expression,0.3113742927477815,0.8249048270066304,spec_p_pack_decision,Mixed Outcome,,-0.069 (0.311)
legal_civil,-0.015655080343306406,Expands Expression,Expands Expression,0.40804370170412074,0.9693957212002277,spec_p_pack_decision,Mixed Outcome,,-0.016 (0.408)
high_court,0.4078828888391942,Contracts Expression,Contracts Expression,0.2496665205564866,0.10231959140548576,spec_p_pack_decision,Mixed Outcome,,0.408 (0.25)
high_court,0.4663222891955557,Expands Expression,Expands Expression,0.29947093428238514,0.11943398545557932,spec_p_pack_decision,Mixed Outcome,,0.466 (0.299)
j_ind_lag1,0.14666915939506542,Contracts Expression,Contracts Expression,0.2499688848651001,0.5573718469888146,spec_p_pack_decision,Mixed Outcome,,0.147 (0.25)
j_ind_lag1,-0.23972445065564932,Expands Expression,Expands Expression,0.22287536058139368,0.2821067639498894,spec_p_pack_decision,Mixed Outcome,,-0.24 (0.223)
mode_press_newspapers,0.8999729014827271,Contracts Expression,Contracts Expression,0.39512345384258485,0.022744425954916537,spec_p_pack_decision,Mixed Outcome,**,0.9** (0.395)
mode_press_newspapers,0.5786404532597835,Expands Expression,Expands Expression,0.47110965703040586,0.219353120727097,spec_p_pack_decision,Mixed Outcome,,0.579 (0.471)
mode_public_speech,-0.3515702682506682,Contracts Expression,Contracts Expression,0.2615622988489931,0.17891063498219273,spec_p_pack_decision,Mixed Outcome,,-0.352 (0.262)
mode_public_speech,-0.3022037835867663,Expands Expression,Expands Expression,0.20986764666843585,0.14987498573306196,spec_p_pack_decision,Mixed Outcome,,-0.302 (0.21)
mode_public_documents,0.4341276224759562,Contracts Expression,Contracts Expression,0.4187843338415239,0.2999047433629912,spec_p_pack_decision,Mixed Outcome,,0.434 (0.419)
mode_public_documents,-0.20352257406569418,Expands Expression,Expands Expression,0.3414301092878427,0.5511160820792058,spec_p_pack_decision,Mixed Outcome,,-0.204 (0.341)
mode_audio_visual_broadcasting,0.5469357115410176,Contracts Expression,Contracts Expression,0.3793947678759739,0.14941508910802043,spec_p_pack_decision,Mixed Outcome,,0.547 (0.379)
mode_audio_visual_broadcasting,0.6673613813018381,Expands Expression,Expands Expression,0.3853193863941922,0.08327901323091147,spec_p_pack_decision,Mixed Outcome,*,0.667* (0.385)
mode_public_assembly,0.1624362299240832,Contracts Expression,Contracts Expression,0.5993750329830084,0.7863838515067537,spec_p_pack_decision,Mixed Outcome,,0.162 (0.599)
mode_public_assembly,0.41310490310738807,Expands Expression,Expands Expression,0.1972239725089798,0.03620675906889149,spec_p_pack_decision,Mixed Outcome,**,0.413** (0.197)
mode_written_speech,0.3188408352238735,Contracts Expression,Contracts Expression,0.2557433349557353,0.21249945899077838,spec_p_pack_decision,Mixed Outcome,,0.319 (0.256)
mode_written_speech,-0.03726084519058741,Expands Expression,Expands Expression,0.31654577178455157,0.9062968362567596,spec_p_pack_decision,Mixed Outcome,,-0.037 (0.317)
mode_non_verbal_expression,0.08497576672170756,Contracts Expression,Contracts Expression,0.24018932982505314,0.7234988153753715,spec_p_pack_decision,Mixed Outcome,,0.085 (0.24)
mode_non_verbal_expression,0.38344712046648877,Expands Expression,Expands Expression,0.27821172732233035,0.16812410976261227,spec_p_pack_decision,Mixed Outcome,,0.383 (0.278)
defendant_citizen,-0.924112919385115,Contracts Expression,Contracts Expression,0.2813835728554462,0.00102281359055546,spec_p_pack_decision,Mixed Outcome,***,-0.924*** (0.281)
defendant_citizen,-0.33705035559187746,Expands Expression,Expands Expression,0.33807286412043197,0.31877641249105404,spec_p_pack_decision,Mixed Outcome,,-0.337 (0.338)
defendant_press,-0.8296346201791638,Contracts Expression,Contracts Expression,0.4789021935624961,0.08320814164773667,spec_p_pack_decision,Mixed Outcome,*,-0.83* (0.479)
defendant_press,-0.34702384577414724,Expands Expression,Expands Expression,0.421417552193109,0.41024193850807134,spec_p_pack_decision,Mixed Outcome,,-0.347 (0.421)
defendant_intermediary,-1.3310523316679437,Contracts Expression,Contracts Expression,0.4503886074085341,0.0031232270525666126,spec_p_pack_decision,Mixed Outcome,***,-1.331*** (0.45)
defendant_intermediary,-0.5108543292909836,Expands Expression,Expands Expression,0.3546007594571956,0.14968458739490764,spec_p_pack_decision,Mixed Outcome,,-0.511 (0.355)
defendant_other,-0.09026066883776142,Contracts Expression,Contracts Expression,0.5307734278626481,0.8649668922986771,spec_p_pack_decision,Mixed Outcome,,-0.09 (0.531)
defendant_other,0.404732561463169,Expands Expression,Expands Expression,0.538473914396758,0.452274252524799,spec_p_pack_decision,Mixed Outcome,,0.405 (0.538)
defendant_unclear,-0.5741777215148438,Contracts Expression,Contracts Expression,0.2401957136580874,0.016827382028053593,spec_p_pack_decision,Mixed Outcome,**,-0.574** (0.24)
defendant_unclear,-1.355240096617205,Expands Expression,Expands Expression,0.45564933761955806,0.0029365304637960564,spec_p_pack_decision,Mixed Outcome,***,-1.355*** (0.456)
