variable,coef,class_label,outcome,std_err,p_value,spec,base_category,stars,coef_se
Intercept,0.11921883891767976,Contracts Expression,Contracts Expression,0.23292655510008908,0.6087698714646994,spec_base_1,Mixed Outcome,,0.119 (0.233)
Intercept,1.0173624184633085,Expands Expression,Expands Expression,0.1353781820989377,5.692578161712465e-14,spec_base_1,Mixed Outcome,***,1.017*** (0.135)
wdj_expression_lag1,-0.1729397084276866,Contracts Expression,Contracts Expression,0.2886214976718729,0.5490448200002646,spec_base_1,Mixed Outcome,,-0.173 (0.289)
wdj_expression_lag1,-0.06811728702902371,Expands Expression,Expands Expression,0.18796995153146714,0.7170651574536555,spec_base_1,Mixed Outcome,,-0.068 (0.188)
v2jureform_lag1,0.028034255044729554,Contracts Expression,Contracts Expression,0.17969535271115653,0.8760252131511893,spec_base_1,Mixed Outcome,,0.028 (0.18)
v2jureform_lag1,-0.18394203824803368,Expands Expression,Expands Expression,0.12233372081829494,0.13268216798613616,spec_base_1,Mixed Outcome,,-0.184 (0.122)
Intercept,0.13786427666216994,Contracts Expression,Contracts Expression,0.27258665473810684,0.6130229522677146,spec_base_2,Mixed Outcome,,0.138 (0.273)
Intercept,1.0941482285633322,Expands Expression,Expands Expression,0.13758082626578358,1.8239146609712464e-15,spec_base_2,Mixed Outcome,***,1.094*** (0.138)
wdj_expression_lag1,-0.18311324735543624,Contracts Expression,Contracts Expression,0.32276883445607213,0.5704967235550469,spec_base_2,Mixed Outcome,,-0.183 (0.323)
wdj_expression_lag1,-0.14085459524059984,Expands Expression,Expands Expression,0.23718336680704877,0.552603269923085,spec_base_2,Mixed Outcome,,-0.141 (0.237)
v2jupoatck_lag1,-0.021501762019501103,Contracts Expression,Contracts Expression,0.14242066263672823,0.8799965309736948,spec_base_2,Mixed Outcome,,-0.022 (0.142)
v2jupoatck_lag1,-0.14050913397182765,Expands Expression,Expands Expression,0.10459587665679328,0.17915785495947867,spec_base_2,Mixed Outcome,,-0.141 (0.105)
Intercept,0.36030078269994587,Contracts Expression,Contracts Expression,0.3498695463487522,0.3030970245810648,spec_base_3,Mixed Outcome,,0.36 (0.35)
Intercept,1.2261457200323929,Expands Expression,Expands Expression,0.15315845646510237,1.187570752818257e-15,spec_base_3,Mixed Outcome,***,1.226*** (0.153)
wdj_expression_lag1,-0.06955182841739736,Contracts Expression,Contracts Expression,0.2870374095433274,0.8085405225865138,spec_base_3,Mixed Outcome,,-0.07 (0.287)
wdj_expression_lag1,0.004747545760779577,Expands Expression,Expands Expression,0.21416799448943502,0.9823144290829809,spec_base_3,Mixed Outcome,,0.005 (0.214)
v2jupack_lag1,-0.2559636519399429,Contracts Expression,Contracts Expression,0.19314970366168652,0.185101967645121,spec_base_3,Mixed Outcome,,-0.256 (0.193)
v2jupack_lag1,-0.22374819061527917,Expands Expression,Expands Expression,0.08770680666059592,0.010738577169951665,spec_base_3,Mixed Outcome,**,-0.224** (0.088)
Intercept,3.724691324016459,Contracts Expression,Contracts Expression,0.8082591394974701,4.059970065187999e-06,spec_extended_1,Mixed Outcome,***,3.725*** (0.808)
Intercept,1.5657213808410404,Expands Expression,Expands Expression,0.6000342038935417,0.009070462877626083,spec_extended_1,Mixed Outcome,***,1.566*** (0.6)
wdj_expression_lag1,0.09287081847581022,Contracts Expression,Contracts Expression,0.24095873560376038,0.6999247220067586,spec_extended_1,Mixed Outcome,,0.093 (0.241)
wdj_expression_lag1,0.012281168882055675,Expands Expression,Expands Expression,0.22223407977801593,0.955929487543665,spec_extended_1,Mixed Outcome,,0.012 (0.222)
v2jureform_lag1,0.1839669045061706,Contracts Expression,Contracts Expression,0.250397099098681,0.46252184130261975,spec_extended_1,Mixed Outcome,,0.184 (0.25)
v2jureform_lag1,-0.1507768824629247,Expands Expression,Expands Expression,0.18329967339435504,0.410752346963274,spec_extended_1,Mixed Outcome,,-0.151 (0.183)
v2x_polyarchy_lag1,-5.1820321764770885,Contracts Expression,Contracts Expression,1.440021320478364,0.00031995921446975964,spec_extended_1,Mixed Outcome,***,-5.182*** (1.44)
v2x_polyarchy_lag1,-1.6950080010263289,Expands Expression,Expands Expression,0.8727834800461468,0.05212843422119769,spec_extended_1,Mixed Outcome,*,-1.695* (0.873)
v2jureview_lag1,-0.3822903153701999,Contracts Expression,Contracts Expression,0.37322169774997327,0.3056944451460869,spec_extended_1,Mixed Outcome,,-0.382 (0.373)
v2jureview_lag1,0.44760804712549196,Expands Expression,Expands Expression,0.35731593112248083,0.21031655638292623,spec_extended_1,Mixed Outcome,,0.448 (0.357)
legal_common,0.8534641573592558,Contracts Expression,Contracts Expression,0.5399293379294504,0.11394755807039718,spec_extended_1,Mixed Outcome,,0.853 (0.54)
legal_common,-1.336783843373955,Expands Expression,Expands Expression,0.45886204875135955,0.0035767817953659543,spec_extended_1,Mixed Outcome,***,-1.337*** (0.459)
legal_civil,0.3494616224583921,Contracts Expression,Contracts Expression,0.4862646046526866,0.47234701069158935,spec_extended_1,Mixed Outcome,,0.349 (0.486)
legal_civil,-0.3216933745891775,Expands Expression,Expands Expression,0.37508569607714787,0.3910840968326542,spec_extended_1,Mixed Outcome,,-0.322 (0.375)
high_court,-0.45648069148829584,Contracts Expression,Contracts Expression,0.2745915079614221,0.09643276773404333,spec_extended_1,Mixed Outcome,*,-0.456* (0.275)
high_court,-0.038407776690438086,Expands Expression,Expands Expression,0.14550557564481476,0.7918100795916984,spec_extended_1,Mixed Outcome,,-0.038 (0.146)
j_ind_lag1,0.13815044262055684,Contracts Expression,Contracts Expression,0.26683058577404206,0.6046355666207217,spec_extended_1,Mixed Outcome,,0.138 (0.267)
j_ind_lag1,0.38653678491619453,Expands Expression,Expands Expression,0.2037364722104923,0.057796399072755834,spec_extended_1,Mixed Outcome,*,0.387* (0.204)
Intercept,2.6801958444885234,Contracts Expression,Contracts Expression,0.9755137056409079,0.0060056776910998545,spec_extended_1_spline,Mixed Outcome,***,2.68*** (0.976)
Intercept,-3.0899255730032977,Expands Expression,Expands Expression,0.8060736501582944,0.00012643340216174465,spec_extended_1_spline,Mixed Outcome,***,-3.09*** (0.806)
"bs(year, df=4)[0]",5.09943906310848,Contracts Expression,Contracts Expression,2.451551168397928,0.03751757815820473,spec_extended_1_spline,Mixed Outcome,**,5.099** (2.452)
"bs(year, df=4)[0]",11.42238840897185,Expands Expression,Expands Expression,1.805349072043628,2.500228453513973e-10,spec_extended_1_spline,Mixed Outcome,***,11.422*** (1.805)
"bs(year, df=4)[1]",-1.0048761490687739,Contracts Expression,Contracts Expression,1.2106222664798767,0.40651091792321037,spec_extended_1_spline,Mixed Outcome,,-1.005 (1.211)
"bs(year, df=4)[1]",3.2549057339581156,Expands Expression,Expands Expression,1.049333121853531,0.0019229569992847786,spec_extended_1_spline,Mixed Outcome,***,3.255*** (1.049)
"bs(year, df=4)[2]",1.1457267390411336,Contracts Expression,Contracts Expression,0.8695928523235442,0.18765638334836354,spec_extended_1_spline,Mixed Outcome,,1.146 (0.87)
"bs(year, df=4)[2]",4.691834299466998,Expands Expression,Expands Expression,0.956760252314296,9.396348843176585e-07,spec_extended_1_spline,Mixed Outcome,***,4.692*** (0.957)
"bs(year, df=4)[3]",-2.1750440294497113,Contracts Expression,Contracts Expression,1.8618278148717171,0.24271380292293243,spec_extended_1_spline,Mixed Outcome,,-2.175 (1.862)
"bs(year, df=4)[3]",3.9041595834526923,Expands Expression,Expands Expression,0.8344484220858485,2.8865604091552432e-06,spec_extended_1_spline,Mixed Outcome,***,3.904*** (0.834)
wdj_expression_lag1,0.37955709846856867,Contracts Expression,Contracts Expression,0.41973468805859593,0.36584768825412795,spec_extended_1_spline,Mixed Outcome,,0.38 (0.42)
wdj_expression_lag1,0.22502288800801462,Expands Expression,Expands Expression,0.29180381580671133,0.440621326369266,spec_extended_1_spline,Mixed Outcome,,0.225 (0.292)
v2jureform_lag1,0.15646635724013908,Contracts Expression,Contracts Expression,0.23791914231185154,0.5107662097029588,spec_extended_1_spline,Mixed Outcome,,0.156 (0.238)
v2jureform_lag1,-0.2087287239548546,Expands Expression,Expands Expression,0.17983758354353582,0.2457837368310657,spec_extended_1_spline,Mixed Outcome,,-0.209 (0.18)
v2x_polyarchy_lag1,-4.428064669789867,Contracts Expression,Contracts Expression,1.5333132577015403,0.003878156595478062,spec_extended_1_spline,Mixed Outcome,***,-4.428*** (1.533)
v2x_polyarchy_lag1,-1.254729784239435,Expands Expression,Expands Expression,0.973447873515566,0.19741398839322233,spec_extended_1_spline,Mixed Outcome,,-1.255 (0.973)
v2jureview_lag1,-0.3690547721284773,Contracts Expression,Contracts Expression,0.36110923146470475,0.3067794094266375,spec_extended_1_spline,Mixed Outcome,,-0.369 (0.361)
v2jureview_lag1,0.41456191686394056,Expands Expression,Expands Expression,0.3425987099628527,0.22625931784856612,spec_extended_1_spline,Mixed Outcome,,0.415 (0.343)
legal_common,0.6355143528670925,Contracts Expression,Contracts Expression,0.5137731738395619,0.2161037484889059,spec_extended_1_spline,Mixed Outcome,,0.636 (0.514)
legal_common,-1.5650622210712897,Expands Expression,Expands Expression,0.4274872146525459,0.0002511604401454493,spec_extended_1_spline,Mixed Outcome,***,-1.565*** (0.427)
legal_civil,0.2858330905301155,Contracts Expression,Contracts Expression,0.44975301205807783,0.5250805474536264,spec_extended_1_spline,Mixed Outcome,,0.286 (0.45)
legal_civil,-0.40911925110935515,Expands Expression,Expands Expression,0.3452536087273362,0.2360246333301056,spec_extended_1_spline,Mixed Outcome,,-0.409 (0.345)
high_court,-0.4806523735736387,Contracts Expression,Contracts Expression,0.2776586607301857,0.08343555785397642,spec_extended_1_spline,Mixed Outcome,*,-0.481* (0.278)
high_court,-0.21157263642397395,Expands Expression,Expands Expression,0.17542476846238006,0.22779470780316002,spec_extended_1_spline,Mixed Outcome,,-0.212 (0.175)
j_ind_lag1,0.03989015463350056,Contracts Expression,Contracts Expression,0.28050813533374613,0.8869166879747961,spec_extended_1_spline,Mixed Outcome,,0.04 (0.281)
j_ind_lag1,0.36117270884073593,Expands Expression,Expands Expression,0.19777578320299807,0.06782427284086578,spec_extended_1_spline,Mixed Outcome,*,0.361* (0.198)
Intercept,-98.189277110956,Contracts Expression,Contracts Expression,88.72399587637418,0.26843130434174634,spec_extended_1_spline_interact,Mixed Outcome,,-98.189 (88.724)
Intercept,-25.66908314871538,Expands Expression,Expands Expression,51.82418595434136,0.6203806920888875,spec_extended_1_spline_interact,Mixed Outcome,,-25.669 (51.824)
"bs(year, df=4)[0]",127.87485714872888,Contracts Expression,Contracts Expression,89.67249131248133,0.1538622758763153,spec_extended_1_spline_interact,Mixed Outcome,,127.875 (89.672)
"bs(year, df=4)[0]",88.10467716644585,Expands Expression,Expands Expression,60.23105480632898,0.14352806539674492,spec_extended_1_spline_interact,Mixed Outcome,,88.105 (60.231)
"bs(year, df=4)[1]",93.28014382723532,Contracts Expression,Contracts Expression,89.34546248478115,0.29646736421585484,spec_extended_1_spline_interact,Mixed Outcome,,93.28 (89.345)
"bs(year, df=4)[1]",7.432287000118627,Expands Expression,Expands Expression,51.4967828477761,0.885243625986821,spec_extended_1_spline_interact,Mixed Outcome,,7.432 (51.497)
"bs(year, df=4)[2]",103.39372192273768,Contracts Expression,Contracts Expression,88.85613453158264,0.2445828488751921,spec_extended_1_spline_interact,Mixed Outcome,,103.394 (88.856)
"bs(year, df=4)[2]",30.44053382828579,Expands Expression,Expands Expression,52.03661545507434,0.55855916814992,spec_extended_1_spline_interact,Mixed Outcome,,30.441 (52.037)
"bs(year, df=4)[3]",92.69716200537145,Contracts Expression,Contracts Expression,89.49424664016443,0.3003005603788941,spec_extended_1_spline_interact,Mixed Outcome,,92.697 (89.494)
"bs(year, df=4)[3]",21.8939184032067,Expands Expression,Expands Expression,52.28109959211481,0.6753819624098902,spec_extended_1_spline_interact,Mixed Outcome,,21.894 (52.281)
v2x_polyarchy_lag1,181.40385875094142,Contracts Expression,Contracts Expression,166.6334718934885,0.2763126810549347,spec_extended_1_spline_interact,Mixed Outcome,,181.404 (166.633)
v2x_polyarchy_lag1,27.032713705019205,Expands Expression,Expands Expression,95.06784785548453,0.7761407926461186,spec_extended_1_spline_interact,Mixed Outcome,,27.033 (95.068)
"bs(year, df=4)[0]:v2x_polyarchy_lag1",-231.13273207049843,Contracts Expression,Contracts Expression,185.12714676377772,0.21184506410839676,spec_extended_1_spline_interact,Mixed Outcome,,-231.133 (185.127)
"bs(year, df=4)[0]:v2x_polyarchy_lag1",-100.38834046589491,Expands Expression,Expands Expression,111.9447874140402,0.3698435021902199,spec_extended_1_spline_interact,Mixed Outcome,,-100.388 (111.945)
"bs(year, df=4)[1]:v2x_polyarchy_lag1",-173.70228785128842,Contracts Expression,Contracts Expression,162.6384373525916,0.285508206473445,spec_extended_1_spline_interact,Mixed Outcome,,-173.702 (162.638)
"bs(year, df=4)[1]:v2x_polyarchy_lag1",-3.4574685247491295,Expands Expression,Expands Expression,92.57476421902923,0.9702076522947237,spec_extended_1_spline_interact,Mixed Outcome,,-3.457 (92.575)
"bs(year, df=4)[2]:v2x_polyarchy_lag1",-188.52395083248746,Contracts Expression,Contracts Expression,167.951594858073,0.261654245282829,spec_extended_1_spline_interact,Mixed Outcome,,-188.524 (167.952)
"bs(year, df=4)[2]:v2x_polyarchy_lag1",-33.031125337983084,Expands Expression,Expands Expression,95.79347609972766,0.7302326873565682,spec_extended_1_spline_interact,Mixed Outcome,,-33.031 (95.793)
"bs(year, df=4)[3]:v2x_polyarchy_lag1",-177.44761556822363,Contracts Expression,Contracts Expression,167.52932031126812,0.2895071844220226,spec_extended_1_spline_interact,Mixed Outcome,,-177.448 (167.529)
"bs(year, df=4)[3]:v2x_polyarchy_lag1",-22.82512396794475,Expands Expression,Expands Expression,95.91358945744986,0.8118997766495186,spec_extended_1_spline_interact,Mixed Outcome,,-22.825 (95.914)
wdj_expression_lag1,0.5166472720905633,Contracts Expression,Contracts Expression,0.5072209400777763,0.3084003741364778,spec_extended_1_spline_interact,Mixed Outcome,,0.517 (0.507)
wdj_expression_lag1,0.39098239492010883,Expands Expression,Expands Expression,0.3047759234549339,0.1995439413533,spec_extended_1_spline_interact,Mixed Outcome,,0.391 (0.305)
v2jureform_lag1,0.20486993692474753,Contracts Expression,Contracts Expression,0.23323861790891165,0.3797426520244085,spec_extended_1_spline_interact,Mixed Outcome,,0.205 (0.233)
v2jureform_lag1,-0.2017869543779688,Expands Expression,Expands Expression,0.1803047533747088,0.2630787788343798,spec_extended_1_spline_interact,Mixed Outcome,,-0.202 (0.18)
v2jureview_lag1,-0.2744822616270798,Contracts Expression,Contracts Expression,0.3632169894965291,0.4498304335554617,spec_extended_1_spline_interact,Mixed Outcome,,-0.274 (0.363)
v2jureview_lag1,0.5479461962581886,Expands Expression,Expands Expression,0.34572581795206625,0.11298554182167415,spec_extended_1_spline_interact,Mixed Outcome,,0.548 (0.346)
legal_common,0.6120593390294413,Contracts Expression,Contracts Expression,0.48958817376841995,0.21124424778948736,spec_extended_1_spline_interact,Mixed Outcome,,0.612 (0.49)
legal_common,-1.6755407775168907,Expands Expression,Expands Expression,0.43378353619066484,0.00011217762701879993,spec_extended_1_spline_interact,Mixed Outcome,***,-1.676*** (0.434)
legal_civil,0.3321469066625856,Contracts Expression,Contracts Expression,0.4420947510801021,0.4524706046689033,spec_extended_1_spline_interact,Mixed Outcome,,0.332 (0.442)
legal_civil,-0.39195586507603425,Expands Expression,Expands Expression,0.3842605164433894,0.307715947966703,spec_extended_1_spline_interact,Mixed Outcome,,-0.392 (0.384)
high_court,-0.4310810295120013,Contracts Expression,Contracts Expression,0.28085673160236235,0.12481361386130058,spec_extended_1_spline_interact,Mixed Outcome,,-0.431 (0.281)
high_court,-0.21018938488482328,Expands Expression,Expands Expression,0.17235531219211533,0.22264989459432372,spec_extended_1_spline_interact,Mixed Outcome,,-0.21 (0.172)
j_ind_lag1,0.05176688788911306,Contracts Expression,Contracts Expression,0.2789325931759312,0.8527668924605413,spec_extended_1_spline_interact,Mixed Outcome,,0.052 (0.279)
j_ind_lag1,0.40178552701416037,Expands Expression,Expands Expression,0.2082330152219357,0.05366886525832207,spec_extended_1_spline_interact,Mixed Outcome,*,0.402* (0.208)
Intercept,3.8041098095765102,Contracts Expression,Contracts Expression,0.7618739124887164,5.941891285732427e-07,spec_extended_2,Mixed Outcome,***,3.804*** (0.762)
Intercept,1.682643255223275,Expands Expression,Expands Expression,0.5993811102678709,0.004995851960927123,spec_extended_2,Mixed Outcome,***,1.683*** (0.599)
wdj_expression_lag1,0.31717164060204794,Contracts Expression,Contracts Expression,0.26395895220526927,0.22952065081915451,spec_extended_2,Mixed Outcome,,0.317 (0.264)
wdj_expression_lag1,0.038154604673878635,Expands Expression,Expands Expression,0.23601417241921221,0.8715717583893992,spec_extended_2,Mixed Outcome,,0.038 (0.236)
v2jupoatck_lag1,0.23344917387982358,Contracts Expression,Contracts Expression,0.12763606934175833,0.06739631836915448,spec_extended_2,Mixed Outcome,*,0.233* (0.128)
v2jupoatck_lag1,0.03998922855860399,Expands Expression,Expands Expression,0.11158492334059887,0.7200628210215491,spec_extended_2,Mixed Outcome,,0.04 (0.112)
v2x_polyarchy_lag1,-5.515180377852407,Contracts Expression,Contracts Expression,1.2979429438590337,2.145639261412546e-05,spec_extended_2,Mixed Outcome,***,-5.515*** (1.298)
v2x_polyarchy_lag1,-2.122720784015016,Expands Expression,Expands Expression,0.9134026718971984,0.020127079879603747,spec_extended_2,Mixed Outcome,**,-2.123** (0.913)
v2jureview_lag1,-0.2842011759360449,Contracts Expression,Contracts Expression,0.36386509170463893,0.434766063084855,spec_extended_2,Mixed Outcome,,-0.284 (0.364)
v2jureview_lag1,0.48879641828724646,Expands Expression,Expands Expression,0.35067826818480236,0.16335987897268323,spec_extended_2,Mixed Outcome,,0.489 (0.351)
legal_common,0.5300304684169892,Contracts Expression,Contracts Expression,0.476574493084964,0.2660663138652374,spec_extended_2,Mixed Outcome,,0.53 (0.477)
legal_common,-1.182289036494717,Expands Expression,Expands Expression,0.39015702246808676,0.0024431879003051016,spec_extended_2,Mixed Outcome,***,-1.182*** (0.39)
legal_civil,0.1991011945788415,Contracts Expression,Contracts Expression,0.42648346811802346,0.6406115831405674,spec_extended_2,Mixed Outcome,,0.199 (0.426)
legal_civil,-0.1528846553012576,Expands Expression,Expands Expression,0.36137640258807063,0.6722499623786062,spec_extended_2,Mixed Outcome,,-0.153 (0.361)
high_court,-0.5374338034320993,Contracts Expression,Contracts Expression,0.27312480564019764,0.04909998476776925,spec_extended_2,Mixed Outcome,**,-0.537** (0.273)
high_court,-0.024198286920213374,Expands Expression,Expands Expression,0.1567218335842625,0.8772921611782939,spec_extended_2,Mixed Outcome,,-0.024 (0.157)
j_ind_lag1,0.1784884351268973,Contracts Expression,Contracts Expression,0.2525953108388173,0.47980379713709964,spec_extended_2,Mixed Outcome,,0.178 (0.253)
j_ind_lag1,0.35918374645459383,Expands Expression,Expands Expression,0.20042466033020134,0.07311478126711368,spec_extended_2,Mixed Outcome,*,0.359* (0.2)
Intercept,2.6705044165719483,Contracts Expression,Contracts Expression,1.0024617447337132,0.007722985334420204,spec_extended_2_spline,Mixed Outcome,***,2.671*** (1.002)
Intercept,-3.2523018108366233,Expands Expression,Expands Expression,0.9030947490532143,0.00031664790423388203,spec_extended_2_spline,Mixed Outcome,***,-3.252*** (0.903)
"bs(year, df=4)[0]",4.6898225900876245,Contracts Expression,Contracts Expression,2.7586664789525064,0.08912481800439906,spec_extended_2_spline,Mixed Outcome,*,4.69* (2.759)
"bs(year, df=4)[0]",11.975782972149336,Expands Expression,Expands Expression,1.8405010997474132,7.676561784355072e-11,spec_extended_2_spline,Mixed Outcome,***,11.976*** (1.841)
"bs(year, df=4)[1]",-0.6772403026430156,Contracts Expression,Contracts Expression,1.3247097901083953,0.6091853015389845,spec_extended_2_spline,Mixed Outcome,,-0.677 (1.325)
"bs(year, df=4)[1]",3.26827302311349,Expands Expression,Expands Expression,1.145066602033545,0.00431425218341185,spec_extended_2_spline,Mixed Outcome,***,3.268*** (1.145)
"bs(year, df=4)[2]",1.2260038695321305,Contracts Expression,Contracts Expression,0.9360976063993488,0.19029848803824734,spec_extended_2_spline,Mixed Outcome,,1.226 (0.936)
"bs(year, df=4)[2]",4.977014854972919,Expands Expression,Expands Expression,1.1250173860336676,9.6914776527774e-06,spec_extended_2_spline,Mixed Outcome,***,4.977*** (1.125)
"bs(year, df=4)[3]",-2.172490947741953,Contracts Expression,Contracts Expression,1.7761293002639083,0.2212691357093176,spec_extended_2_spline,Mixed Outcome,,-2.172 (1.776)
"bs(year, df=4)[3]",4.238646279510089,Expands Expression,Expands Expression,0.8614258601433575,8.632322883897574e-07,spec_extended_2_spline,Mixed Outcome,***,4.239*** (0.861)
wdj_expression_lag1,0.6126605379026185,Contracts Expression,Contracts Expression,0.4727251284774752,0.19496909238851656,spec_extended_2_spline,Mixed Outcome,,0.613 (0.473)
wdj_expression_lag1,0.13652349640396863,Expands Expression,Expands Expression,0.3603556266405741,0.7047935526102522,spec_extended_2_spline,Mixed Outcome,,0.137 (0.36)
v2jupoatck_lag1,0.22694145541008753,Contracts Expression,Contracts Expression,0.1460604424272819,0.12024399112715345,spec_extended_2_spline,Mixed Outcome,,0.227 (0.146)
v2jupoatck_lag1,-0.03949756761090513,Expands Expression,Expands Expression,0.13425145524620055,0.7686005873426223,spec_extended_2_spline,Mixed Outcome,,-0.039 (0.134)
v2x_polyarchy_lag1,-4.894216736745731,Contracts Expression,Contracts Expression,1.5448205420869516,0.0015341455317308785,spec_extended_2_spline,Mixed Outcome,***,-4.894*** (1.545)
v2x_polyarchy_lag1,-1.521091886418196,Expands Expression,Expands Expression,1.1843120210672642,0.19901339405039475,spec_extended_2_spline,Mixed Outcome,,-1.521 (1.184)
v2jureview_lag1,-0.2729145186976264,Contracts Expression,Contracts Expression,0.3615472943544368,0.4503380871076098,spec_extended_2_spline,Mixed Outcome,,-0.273 (0.362)
v2jureview_lag1,0.4069363496508527,Expands Expression,Expands Expression,0.33382533808568027,0.2228404831199463,spec_extended_2_spline,Mixed Outcome,,0.407 (0.334)
legal_common,0.3574015304017212,Contracts Expression,Contracts Expression,0.457336641728345,0.4345175463435743,spec_extended_2_spline,Mixed Outcome,,0.357 (0.457)
legal_common,-1.3073894383118823,Expands Expression,Expands Expression,0.37008457828428243,0.00041137406892425985,spec_extended_2_spline,Mixed Outcome,***,-1.307*** (0.37)
legal_civil,0.17830647713756273,Contracts Expression,Contracts Expression,0.4084122645765821,0.6624126828576273,spec_extended_2_spline,Mixed Outcome,,0.178 (0.408)
legal_civil,-0.16787350504056028,Expands Expression,Expands Expression,0.3520263871102003,0.6334492705882052,spec_extended_2_spline,Mixed Outcome,,-0.168 (0.352)
high_court,-0.5413704820717585,Contracts Expression,Contracts Expression,0.29913540061679855,0.07032927960885853,spec_extended_2_spline,Mixed Outcome,*,-0.541* (0.299)
high_court,-0.17807738505222176,Expands Expression,Expands Expression,0.17363249616237553,0.30508044723268934,spec_extended_2_spline,Mixed Outcome,,-0.178 (0.174)
j_ind_lag1,0.10675088956524759,Contracts Expression,Contracts Expression,0.26367555674848503,0.6855826423079576,spec_extended_2_spline,Mixed Outcome,,0.107 (0.264)
j_ind_lag1,0.32684623531712953,Expands Expression,Expands Expression,0.20333667836247066,0.10796356825861399,spec_extended_2_spline,Mixed Outcome,,0.327 (0.203)
Intercept,-102.41363716706127,Contracts Expression,Contracts Expression,87.50566074974009,0.24185377174025946,spec_extended_2_spline_interact,Mixed Outcome,,-102.414 (87.506)
Intercept,-19.309152657284884,Expands Expression,Expands Expression,51.276175285846726,0.7064919778869982,spec_extended_2_spline_interact,Mixed Outcome,,-19.309 (51.276)
"bs(year, df=4)[0]",131.70185458946744,Contracts Expression,Contracts Expression,88.7785883595977,0.13794514895871532,spec_extended_2_spline_interact,Mixed Outcome,,131.702 (88.779)
"bs(year, df=4)[0]",82.40883867703239,Expands Expression,Expands Expression,58.86069189444591,0.16149363054612853,spec_extended_2_spline_interact,Mixed Outcome,,82.409 (58.861)
"bs(year, df=4)[1]",98.49349093060611,Contracts Expression,Contracts Expression,87.98082006675357,0.26293191713703623,spec_extended_2_spline_interact,Mixed Outcome,,98.493 (87.981)
"bs(year, df=4)[1]",1.1262322375781038,Expands Expression,Expands Expression,50.97930053928108,0.9823746066433031,spec_extended_2_spline_interact,Mixed Outcome,,1.126 (50.979)
"bs(year, df=4)[2]",107.51489231709651,Contracts Expression,Contracts Expression,87.69305777716944,0.2201849283252154,spec_extended_2_spline_interact,Mixed Outcome,,107.515 (87.693)
"bs(year, df=4)[2]",24.188503994204016,Expands Expression,Expands Expression,51.54850170665202,0.6388996906993324,spec_extended_2_spline_interact,Mixed Outcome,,24.189 (51.549)
"bs(year, df=4)[3]",97.98307220381447,Contracts Expression,Contracts Expression,88.23860204252782,0.2668124034209146,spec_extended_2_spline_interact,Mixed Outcome,,97.983 (88.239)
"bs(year, df=4)[3]",15.031478903132731,Expands Expression,Expands Expression,51.7242298417529,0.7713510829886462,spec_extended_2_spline_interact,Mixed Outcome,,15.031 (51.724)
v2x_polyarchy_lag1,188.954858065695,Contracts Expression,Contracts Expression,164.3548476112792,0.2502772568923749,spec_extended_2_spline_interact,Mixed Outcome,,188.955 (164.355)
v2x_polyarchy_lag1,14.157977369970862,Expands Expression,Expands Expression,94.13122364611102,0.8804436662735944,spec_extended_2_spline_interact,Mixed Outcome,,14.158 (94.131)
"bs(year, df=4)[0]:v2x_polyarchy_lag1",-240.0452081021143,Contracts Expression,Contracts Expression,183.08688963471926,0.18982400457476556,spec_extended_2_spline_interact,Mixed Outcome,,-240.045 (183.087)
"bs(year, df=4)[0]:v2x_polyarchy_lag1",-86.70185366971253,Expands Expression,Expands Expression,109.93267924303927,0.43029827202043525,spec_extended_2_spline_interact,Mixed Outcome,,-86.702 (109.933)
"bs(year, df=4)[1]:v2x_polyarchy_lag1",-182.19380008244167,Contracts Expression,Contracts Expression,160.19609415648,0.2554056370031679,spec_extended_2_spline_interact,Mixed Outcome,,-182.194 (160.196)
"bs(year, df=4)[1]:v2x_polyarchy_lag1",8.590701978121778,Expands Expression,Expands Expression,91.88636121379542,0.9255121663574504,spec_extended_2_spline_interact,Mixed Outcome,,8.591 (91.886)
"bs(year, df=4)[2]:v2x_polyarchy_lag1",-196.29598414570938,Contracts Expression,Contracts Expression,165.7461852517418,0.23628769909017422,spec_extended_2_spline_interact,Mixed Outcome,,-196.296 (165.746)
"bs(year, df=4)[2]:v2x_polyarchy_lag1",-20.307039292251723,Expands Expression,Expands Expression,94.97843241817584,0.8306976842693342,spec_extended_2_spline_interact,Mixed Outcome,,-20.307 (94.978)
"bs(year, df=4)[3]:v2x_polyarchy_lag1",-186.9438190419844,Contracts Expression,Contracts Expression,165.24514318609812,0.2579237810627534,spec_extended_2_spline_interact,Mixed Outcome,,-186.944 (165.245)
"bs(year, df=4)[3]:v2x_polyarchy_lag1",-9.243472206373548,Expands Expression,Expands Expression,95.01723966848631,0.9225024075145445,spec_extended_2_spline_interact,Mixed Outcome,,-9.243 (95.017)
wdj_expression_lag1,0.7689858899060414,Contracts Expression,Contracts Expression,0.5561475679855037,0.16675651469674446,spec_extended_2_spline_interact,Mixed Outcome,,0.769 (0.556)
wdj_expression_lag1,0.26014195189212863,Expands Expression,Expands Expression,0.36890214363086643,0.48069900486223327,spec_extended_2_spline_interact,Mixed Outcome,,0.26 (0.369)
v2jupoatck_lag1,0.22351093983344847,Contracts Expression,Contracts Expression,0.15171521837660473,0.14068986578057693,spec_extended_2_spline_interact,Mixed Outcome,,0.224 (0.152)
v2jupoatck_lag1,-0.05570206924724938,Expands Expression,Expands Expression,0.143434191447507,0.6977601304394472,spec_extended_2_spline_interact,Mixed Outcome,,-0.056 (0.143)
v2jureview_lag1,-0.19609093131512745,Contracts Expression,Contracts Expression,0.35996200499100756,0.5859223582165036,spec_extended_2_spline_interact,Mixed Outcome,,-0.196 (0.36)
v2jureview_lag1,0.5356676527369019,Expands Expression,Expands Expression,0.342894237792929,0.11824206575570467,spec_extended_2_spline_interact,Mixed Outcome,,0.536 (0.343)
legal_common,0.28854739608265717,Contracts Expression,Contracts Expression,0.45142063224950013,0.522693800487918,spec_extended_2_spline_interact,Mixed Outcome,,0.289 (0.451)
legal_common,-1.4068619028195875,Expands Expression,Expands Expression,0.3662110821042209,0.00012220036245784582,spec_extended_2_spline_interact,Mixed Outcome,***,-1.407*** (0.366)
legal_civil,0.16646104715731289,Contracts Expression,Contracts Expression,0.4072049776818673,0.682694276012717,spec_extended_2_spline_interact,Mixed Outcome,,0.166 (0.407)
legal_civil,-0.13615876172116148,Expands Expression,Expands Expression,0.37018586255180347,0.7130135027201114,spec_extended_2_spline_interact,Mixed Outcome,,-0.136 (0.37)
high_court,-0.5079215848709374,Contracts Expression,Contracts Expression,0.30404309687778186,0.09480904214078048,spec_extended_2_spline_interact,Mixed Outcome,*,-0.508* (0.304)
high_court,-0.17554847860100456,Expands Expression,Expands Expression,0.17546646305672567,0.3170843595457682,spec_extended_2_spline_interact,Mixed Outcome,,-0.176 (0.175)
j_ind_lag1,0.13454486079375053,Contracts Expression,Contracts Expression,0.2595312419975648,0.6041688266056832,spec_extended_2_spline_interact,Mixed Outcome,,0.135 (0.26)
j_ind_lag1,0.36072954543180275,Expands Expression,Expands Expression,0.2134104447898811,0.09096889905742868,spec_extended_2_spline_interact,Mixed Outcome,*,0.361* (0.213)
Intercept,4.51262530851721,Contracts Expression,Contracts Expression,0.9401376959096435,1.5869566030495305e-06,spec_extended_3,Mixed Outcome,***,4.513*** (0.94)
Intercept,2.159509758057665,Expands Expression,Expands Expression,0.7452933274260054,0.0037611379214494323,spec_extended_3,Mixed Outcome,***,2.16*** (0.745)
wdj_expression_lag1,0.17313189112162347,Contracts Expression,Contracts Expression,0.21353094612474194,0.41747784464638116,spec_extended_3,Mixed Outcome,,0.173 (0.214)
wdj_expression_lag1,0.03623597632438951,Expands Expression,Expands Expression,0.19260510612817963,0.8507699511726182,spec_extended_3,Mixed Outcome,,0.036 (0.193)
v2jupack_lag1,0.5690310345854016,Contracts Expression,Contracts Expression,0.23989477546084748,0.017691965526068578,spec_extended_3,Mixed Outcome,**,0.569** (0.24)
v2jupack_lag1,0.31293034233741257,Expands Expression,Expands Expression,0.20838526634855464,0.13317685077542477,spec_extended_3,Mixed Outcome,,0.313 (0.208)
v2x_polyarchy_lag1,-7.0509334974598765,Contracts Expression,Contracts Expression,1.7728464667840174,6.973671700498168e-05,spec_extended_3,Mixed Outcome,***,-7.051*** (1.773)
v2x_polyarchy_lag1,-3.220782418479518,Expands Expression,Expands Expression,1.2624507078391611,0.010734826745035557,spec_extended_3,Mixed Outcome,**,-3.221** (1.262)
v2jureview_lag1,-0.4727265098843764,Contracts Expression,Contracts Expression,0.3824374629000696,0.21642570791662097,spec_extended_3,Mixed Outcome,,-0.473 (0.382)
v2jureview_lag1,0.43069426166493696,Expands Expression,Expands Expression,0.36035007915868567,0.23200472847012432,spec_extended_3,Mixed Outcome,,0.431 (0.36)
legal_common,0.6217378676154867,Contracts Expression,Contracts Expression,0.4796281711415156,0.19487511452726136,spec_extended_3,Mixed Outcome,,0.622 (0.48)
legal_common,-1.1659874834019093,Expands Expression,Expands Expression,0.39218804936920415,0.0029487404367603814,spec_extended_3,Mixed Outcome,***,-1.166*** (0.392)
legal_civil,0.38301273166480254,Contracts Expression,Contracts Expression,0.42545847258381037,0.3679950492852865,spec_extended_3,Mixed Outcome,,0.383 (0.425)
legal_civil,-0.03989373878173027,Expands Expression,Expands Expression,0.37551068368543794,0.915393025864636,spec_extended_3,Mixed Outcome,,-0.04 (0.376)
high_court,-0.4015333844143729,Contracts Expression,Contracts Expression,0.2664036841264818,0.1317500206541133,spec_extended_3,Mixed Outcome,,-0.402 (0.266)
high_court,0.01953754861431342,Expands Expression,Expands Expression,0.13996527208290122,0.8889850921445993,spec_extended_3,Mixed Outcome,,0.02 (0.14)
j_ind_lag1,0.1957178746916428,Contracts Expression,Contracts Expression,0.2637107528572266,0.45798511150254806,spec_extended_3,Mixed Outcome,,0.196 (0.264)
j_ind_lag1,0.3573531934252298,Expands Expression,Expands Expression,0.2024188614952268,0.07749412798346389,spec_extended_3,Mixed Outcome,*,0.357* (0.202)
Intercept,3.23535522080017,Contracts Expression,Contracts Expression,1.0108581957285854,0.0013714060414156538,spec_extended_3_spline,Mixed Outcome,***,3.235*** (1.011)
Intercept,-2.8008715007084843,Expands Expression,Expands Expression,0.9761529685354651,0.004113870195026569,spec_extended_3_spline,Mixed Outcome,***,-2.801*** (0.976)
"bs(year, df=4)[0]",5.298161677861267,Contracts Expression,Contracts Expression,2.647529901065733,0.045373899189430016,spec_extended_3_spline,Mixed Outcome,**,5.298** (2.648)
"bs(year, df=4)[0]",11.769440597265197,Expands Expression,Expands Expression,1.8767059211153587,3.5797889889722085e-10,spec_extended_3_spline,Mixed Outcome,***,11.769*** (1.877)
"bs(year, df=4)[1]",-0.6443768503674385,Contracts Expression,Contracts Expression,1.2481668311414371,0.6056738129414216,spec_extended_3_spline,Mixed Outcome,,-0.644 (1.248)
"bs(year, df=4)[1]",3.3495919759691697,Expands Expression,Expands Expression,1.1086269497580432,0.0025161884678681964,spec_extended_3_spline,Mixed Outcome,***,3.35*** (1.109)
"bs(year, df=4)[2]",1.3273187844515335,Contracts Expression,Contracts Expression,0.9416971938349833,0.1586884435313365,spec_extended_3_spline,Mixed Outcome,,1.327 (0.942)
"bs(year, df=4)[2]",5.042408517565623,Expands Expression,Expands Expression,1.0700650799278768,2.4500290920474655e-06,spec_extended_3_spline,Mixed Outcome,***,5.042*** (1.07)
"bs(year, df=4)[3]",-1.8083890004842715,Contracts Expression,Contracts Expression,1.872077750372499,0.33405436661706533,spec_extended_3_spline,Mixed Outcome,,-1.808 (1.872)
"bs(year, df=4)[3]",4.300432270060571,Expands Expression,Expands Expression,0.9187341802203831,2.857252659339756e-06,spec_extended_3_spline,Mixed Outcome,***,4.3*** (0.919)
wdj_expression_lag1,0.4538852881578795,Contracts Expression,Contracts Expression,0.39459488914448576,0.25003829158143387,spec_extended_3_spline,Mixed Outcome,,0.454 (0.395)
wdj_expression_lag1,0.18619379266067362,Expands Expression,Expands Expression,0.2859413172484201,0.5149426563594852,spec_extended_3_spline,Mixed Outcome,,0.186 (0.286)
v2jupack_lag1,0.5215069101238727,Contracts Expression,Contracts Expression,0.22751846712820378,0.021896873482991276,spec_extended_3_spline,Mixed Outcome,**,0.522** (0.228)
v2jupack_lag1,0.2821526800324685,Expands Expression,Expands Expression,0.20897606412635888,0.17696227592486535,spec_extended_3_spline,Mixed Outcome,,0.282 (0.209)
v2x_polyarchy_lag1,-6.277015614639558,Contracts Expression,Contracts Expression,1.7414755123198333,0.0003128463329764757,spec_extended_3_spline,Mixed Outcome,***,-6.277*** (1.741)
v2x_polyarchy_lag1,-2.8114520851539795,Expands Expression,Expands Expression,1.2952805028552066,0.02996631568673489,spec_extended_3_spline,Mixed Outcome,**,-2.811** (1.295)
v2jureview_lag1,-0.4545115304542324,Contracts Expression,Contracts Expression,0.3765358971526365,0.2273986981149031,spec_extended_3_spline,Mixed Outcome,,-0.455 (0.377)
v2jureview_lag1,0.4045960355089275,Expands Expression,Expands Expression,0.35356252951573675,0.25248232010814786,spec_extended_3_spline,Mixed Outcome,,0.405 (0.354)
legal_common,0.437099748903233,Contracts Expression,Contracts Expression,0.4731327524265131,0.3555687597242424,spec_extended_3_spline,Mixed Outcome,,0.437 (0.473)
legal_common,-1.3028869170962687,Expands Expression,Expands Expression,0.3769691191708837,0.0005478149805400372,spec_extended_3_spline,Mixed Outcome,***,-1.303*** (0.377)
legal_civil,0.3469727925081782,Contracts Expression,Contracts Expression,0.41684572311069706,0.4051961801492807,spec_extended_3_spline,Mixed Outcome,,0.347 (0.417)
legal_civil,-0.05844902469709341,Expands Expression,Expands Expression,0.3768578395847911,0.8767458840650825,spec_extended_3_spline,Mixed Outcome,,-0.058 (0.377)
high_court,-0.4472562272412266,Contracts Expression,Contracts Expression,0.27905435499909453,0.10898838778427147,spec_extended_3_spline,Mixed Outcome,,-0.447 (0.279)
high_court,-0.1347423515547787,Expands Expression,Expands Expression,0.17093011445554038,0.43052760322027483,spec_extended_3_spline,Mixed Outcome,,-0.135 (0.171)
j_ind_lag1,0.11589107540731869,Contracts Expression,Contracts Expression,0.28105908977162575,0.6800923974425246,spec_extended_3_spline,Mixed Outcome,,0.116 (0.281)
j_ind_lag1,0.32760296515856624,Expands Expression,Expands Expression,0.20633496415407218,0.11234877393052937,spec_extended_3_spline,Mixed Outcome,,0.328 (0.206)
Intercept,-109.34939502653526,Contracts Expression,Contracts Expression,92.87606478995666,0.2390482767873231,spec_extended_3_spline_interact,Mixed Outcome,,-109.349 (92.876)
Intercept,-21.911343212360237,Expands Expression,Expands Expression,52.72597379627402,0.6777245401862088,spec_extended_3_spline_interact,Mixed Outcome,,-21.911 (52.726)
"bs(year, df=4)[0]",139.14235854637857,Contracts Expression,Contracts Expression,94.012015157185,0.13886025698373233,spec_extended_3_spline_interact,Mixed Outcome,,139.142 (94.012)
"bs(year, df=4)[0]",86.11624826448114,Expands Expression,Expands Expression,61.3663138649248,0.16052302662682338,spec_extended_3_spline_interact,Mixed Outcome,,86.116 (61.366)
"bs(year, df=4)[1]",107.4312429278283,Contracts Expression,Contracts Expression,92.81416778975553,0.24707322628164174,spec_extended_3_spline_interact,Mixed Outcome,,107.431 (92.814)
"bs(year, df=4)[1]",5.044693034104628,Expands Expression,Expands Expression,52.22052321270725,0.9230411594951076,spec_extended_3_spline_interact,Mixed Outcome,,5.045 (52.221)
"bs(year, df=4)[2]",114.93231911401746,Contracts Expression,Contracts Expression,93.11470377387946,0.21708777467441043,spec_extended_3_spline_interact,Mixed Outcome,,114.932 (93.115)
"bs(year, df=4)[2]",27.169288633579654,Expands Expression,Expands Expression,53.00445721464138,0.6082416621398825,spec_extended_3_spline_interact,Mixed Outcome,,27.169 (53.004)
"bs(year, df=4)[3]",105.41087695385438,Contracts Expression,Contracts Expression,93.3106482210013,0.2586124253518759,spec_extended_3_spline_interact,Mixed Outcome,,105.411 (93.311)
"bs(year, df=4)[3]",17.93246886643525,Expands Expression,Expands Expression,53.051910349725425,0.7353500745123186,spec_extended_3_spline_interact,Mixed Outcome,,17.932 (53.052)
v2x_polyarchy_lag1,201.35091470591735,Contracts Expression,Contracts Expression,174.55801717508666,0.2487093491809389,spec_extended_3_spline_interact,Mixed Outcome,,201.351 (174.558)
v2x_polyarchy_lag1,17.940666165432482,Expands Expression,Expands Expression,96.85846367168733,0.8530520977534428,spec_extended_3_spline_interact,Mixed Outcome,,17.941 (96.858)
"bs(year, df=4)[0]:v2x_polyarchy_lag1",-253.83823611369868,Contracts Expression,Contracts Expression,194.09494589723133,0.19093964073049585,spec_extended_3_spline_interact,Mixed Outcome,,-253.838 (194.095)
"bs(year, df=4)[0]:v2x_polyarchy_lag1",-93.06440730483715,Expands Expression,Expands Expression,113.75388959349674,0.4132882925725213,spec_extended_3_spline_interact,Mixed Outcome,,-93.064 (113.754)
"bs(year, df=4)[1]:v2x_polyarchy_lag1",-197.92462878705797,Contracts Expression,Contracts Expression,169.42015369595438,0.2427070459634756,spec_extended_3_spline_interact,Mixed Outcome,,-197.925 (169.42)
"bs(year, df=4)[1]:v2x_polyarchy_lag1",2.4111303006689817,Expands Expression,Expands Expression,94.25542890445254,0.979591691765879,spec_extended_3_spline_interact,Mixed Outcome,,2.411 (94.255)
"bs(year, df=4)[2]:v2x_polyarchy_lag1",-209.9626856504267,Contracts Expression,Contracts Expression,176.03021447726917,0.23296140570725477,spec_extended_3_spline_interact,Mixed Outcome,,-209.963 (176.03)
"bs(year, df=4)[2]:v2x_polyarchy_lag1",-25.262072172142258,Expands Expression,Expands Expression,97.6649108426595,0.7958970607050511,spec_extended_3_spline_interact,Mixed Outcome,,-25.262 (97.665)
"bs(year, df=4)[3]:v2x_polyarchy_lag1",-200.20467428939426,Contracts Expression,Contracts Expression,175.0405630361953,0.2527225193361766,spec_extended_3_spline_interact,Mixed Outcome,,-200.205 (175.041)
"bs(year, df=4)[3]:v2x_polyarchy_lag1",-14.131207411137245,Expands Expression,Expands Expression,97.55661453404417,0.88482823752019,spec_extended_3_spline_interact,Mixed Outcome,,-14.131 (97.557)
wdj_expression_lag1,0.5974517859875874,Contracts Expression,Contracts Expression,0.4897595627092678,0.22250735671117505,spec_extended_3_spline_interact,Mixed Outcome,,0.597 (0.49)
wdj_expression_lag1,0.3130596634945554,Expands Expression,Expands Expression,0.2916576291904398,0.283100350618803,spec_extended_3_spline_interact,Mixed Outcome,,0.313 (0.292)
v2jupack_lag1,0.5912447983514443,Contracts Expression,Contracts Expression,0.2364685794974563,0.012408460745962207,spec_extended_3_spline_interact,Mixed Outcome,**,0.591** (0.236)
v2jupack_lag1,0.29502643264675316,Expands Expression,Expands Expression,0.21473228287682436,0.169464416704174,spec_extended_3_spline_interact,Mixed Outcome,,0.295 (0.215)
v2jureview_lag1,-0.3668779109593265,Contracts Expression,Contracts Expression,0.3804228684155211,0.33484792967122134,spec_extended_3_spline_interact,Mixed Outcome,,-0.367 (0.38)
v2jureview_lag1,0.5543544510681249,Expands Expression,Expands Expression,0.36075569477633124,0.12437957610047469,spec_extended_3_spline_interact,Mixed Outcome,,0.554 (0.361)
legal_common,0.36988390460467946,Contracts Expression,Contracts Expression,0.4663376641595968,0.4276802083087834,spec_extended_3_spline_interact,Mixed Outcome,,0.37 (0.466)
legal_common,-1.3999058119244288,Expands Expression,Expands Expression,0.38361037966895367,0.00026296533662169475,spec_extended_3_spline_interact,Mixed Outcome,***,-1.4*** (0.384)
legal_civil,0.36326395478935825,Contracts Expression,Contracts Expression,0.42813830171141487,0.3961743877326175,spec_extended_3_spline_interact,Mixed Outcome,,0.363 (0.428)
legal_civil,-0.009168615833517482,Expands Expression,Expands Expression,0.4094156215521787,0.9821333500388733,spec_extended_3_spline_interact,Mixed Outcome,,-0.009 (0.409)
high_court,-0.3925664414726754,Contracts Expression,Contracts Expression,0.2806768104077996,0.16192029439441946,spec_extended_3_spline_interact,Mixed Outcome,,-0.393 (0.281)
high_court,-0.12835094441143952,Expands Expression,Expands Expression,0.17199753934651532,0.45552420239747815,spec_extended_3_spline_interact,Mixed Outcome,,-0.128 (0.172)
j_ind_lag1,0.1311049209603155,Contracts Expression,Contracts Expression,0.27349411875814666,0.6316753140432816,spec_extended_3_spline_interact,Mixed Outcome,,0.131 (0.273)
j_ind_lag1,0.35405532372623577,Expands Expression,Expands Expression,0.21235491351920283,0.09545853241531933,spec_extended_3_spline_interact,Mixed Outcome,*,0.354* (0.212)
Intercept,4.334604960894202,Contracts Expression,Contracts Expression,0.9138914220528631,2.105558505613878e-06,spec_c_pack,Mixed Outcome,***,4.335*** (0.914)
Intercept,2.0303980497298215,Expands Expression,Expands Expression,0.7439285148990447,0.006347049961915014,spec_c_pack,Mixed Outcome,***,2.03*** (0.744)
wdj_citizen_lag1,0.8546583154292553,Contracts Expression,Contracts Expression,0.6345805385187361,0.178041991479583,spec_c_pack,Mixed Outcome,,0.855 (0.635)
wdj_citizen_lag1,0.583054339636806,Expands Expression,Expands Expression,0.4128436753530372,0.15786505633688808,spec_c_pack,Mixed Outcome,,0.583 (0.413)
v2jupack_lag1,0.48768538249544935,Contracts Expression,Contracts Expression,0.2493449147892553,0.05048087467936775,spec_c_pack,Mixed Outcome,*,0.488* (0.249)
v2jupack_lag1,0.2524319764483977,Expands Expression,Expands Expression,0.22157586046954483,0.2545957397846751,spec_c_pack,Mixed Outcome,,0.252 (0.222)
v2x_polyarchy_lag1,-7.0008296035909146,Contracts Expression,Contracts Expression,1.7748777967462008,7.99997230160744e-05,spec_c_pack,Mixed Outcome,***,-7.001*** (1.775)
v2x_polyarchy_lag1,-3.1192398796256606,Expands Expression,Expands Expression,1.242755459322294,0.012075216045821268,spec_c_pack,Mixed Outcome,**,-3.119** (1.243)
v2jureview_lag1,-0.4172666086102284,Contracts Expression,Contracts Expression,0.3557931649580659,0.24088460343811768,spec_c_pack,Mixed Outcome,,-0.417 (0.356)
v2jureview_lag1,0.4505463974349574,Expands Expression,Expands Expression,0.3593409779853778,0.20990997502018816,spec_c_pack,Mixed Outcome,,0.451 (0.359)
legal_common,0.7387188503933981,Contracts Expression,Contracts Expression,0.48946479487787853,0.13123798171693726,spec_c_pack,Mixed Outcome,,0.739 (0.489)
legal_common,-1.126627423330141,Expands Expression,Expands Expression,0.38545723703950086,0.0034686165838400222,spec_c_pack,Mixed Outcome,***,-1.127*** (0.385)
legal_civil,0.2125928063780119,Contracts Expression,Contracts Expression,0.4252784172797259,0.6171519074645806,spec_c_pack,Mixed Outcome,,0.213 (0.425)
legal_civil,-0.20541053191073422,Expands Expression,Expands Expression,0.3578241752746413,0.5659310089853304,spec_c_pack,Mixed Outcome,,-0.205 (0.358)
high_court,-0.4474218839090816,Contracts Expression,Contracts Expression,0.26627752224472023,0.09290205525432405,spec_c_pack,Mixed Outcome,*,-0.447* (0.266)
high_court,0.0015124524992034488,Expands Expression,Expands Expression,0.1308167114832477,0.9907753711275064,spec_c_pack,Mixed Outcome,,0.002 (0.131)
j_ind_lag1,0.24759938138716084,Contracts Expression,Contracts Expression,0.2482796378925606,0.31863826599644285,spec_c_pack,Mixed Outcome,,0.248 (0.248)
j_ind_lag1,0.3912069175629001,Expands Expression,Expands Expression,0.1890892247365651,0.03855536214486463,spec_c_pack,Mixed Outcome,**,0.391** (0.189)
Intercept,4.566038036941615,Contracts Expression,Contracts Expression,0.9432617442648278,1.2938884211122783e-06,spec_im_pack,Mixed Outcome,***,4.566*** (0.943)
Intercept,2.2788792559248643,Expands Expression,Expands Expression,0.7279603110359588,0.0017450940560214967,spec_im_pack,Mixed Outcome,***,2.279*** (0.728)
wdj_intermediaries_lag1,0.13827986548364288,Contracts Expression,Contracts Expression,0.960761869524412,0.885557874834833,spec_im_pack,Mixed Outcome,,0.138 (0.961)
wdj_intermediaries_lag1,-0.6238557497728229,Expands Expression,Expands Expression,0.5421941450933306,0.24989139289397477,spec_im_pack,Mixed Outcome,,-0.624 (0.542)
v2jupack_lag1,0.5634140746584132,Contracts Expression,Contracts Expression,0.24351576611118142,0.02068606693879308,spec_im_pack,Mixed Outcome,**,0.563** (0.244)
v2jupack_lag1,0.34950942327880535,Expands Expression,Expands Expression,0.2039906460024856,0.08664632131292269,spec_im_pack,Mixed Outcome,*,0.35* (0.204)
v2x_polyarchy_lag1,-7.23192242194642,Contracts Expression,Contracts Expression,1.7942113847988972,5.561169929550833e-05,spec_im_pack,Mixed Outcome,***,-7.232*** (1.794)
v2x_polyarchy_lag1,-3.3542267001698005,Expands Expression,Expands Expression,1.2550255639224768,0.007525782669102088,spec_im_pack,Mixed Outcome,***,-3.354*** (1.255)
v2jureview_lag1,-0.45154523594106843,Contracts Expression,Contracts Expression,0.3770842480507847,0.23112531326664554,spec_im_pack,Mixed Outcome,,-0.452 (0.377)
v2jureview_lag1,0.42563110311774927,Expands Expression,Expands Expression,0.37051960314260635,0.2506627456026318,spec_im_pack,Mixed Outcome,,0.426 (0.371)
legal_common,0.6965010607759535,Contracts Expression,Contracts Expression,0.517561829799117,0.17838799970503083,spec_im_pack,Mixed Outcome,,0.697 (0.518)
legal_common,-1.2170116733362257,Expands Expression,Expands Expression,0.39601228583082376,0.002118003093695942,spec_im_pack,Mixed Outcome,***,-1.217*** (0.396)
legal_civil,0.4810641834481931,Contracts Expression,Contracts Expression,0.47704086943943874,0.31324620639753775,spec_im_pack,Mixed Outcome,,0.481 (0.477)
legal_civil,0.15624535143247278,Expands Expression,Expands Expression,0.3896119738906649,0.688399432119505,spec_im_pack,Mixed Outcome,,0.156 (0.39)
high_court,-0.4386589102168414,Contracts Expression,Contracts Expression,0.2671099120493992,0.10054002148577983,spec_im_pack,Mixed Outcome,,-0.439 (0.267)
high_court,0.0049009411775238,Expands Expression,Expands Expression,0.1386530759831727,0.9718032134943552,spec_im_pack,Mixed Outcome,,0.005 (0.139)
j_ind_lag1,0.22840353998355029,Contracts Expression,Contracts Expression,0.25334089447014413,0.36728745249348005,spec_im_pack,Mixed Outcome,,0.228 (0.253)
j_ind_lag1,0.36004118655874034,Expands Expression,Expands Expression,0.18810479119785342,0.05561430325808279,spec_im_pack,Mixed Outcome,*,0.36* (0.188)
Intercept,4.667095146174853,Contracts Expression,Contracts Expression,0.9253156114892022,4.564065894391593e-07,spec_p_pack,Mixed Outcome,***,4.667*** (0.925)
Intercept,2.213790078141114,Expands Expression,Expands Expression,0.7139374787595408,0.0019298696572028803,spec_p_pack,Mixed Outcome,***,2.214*** (0.714)
wdj_press_lag1,1.4396373832813267,Contracts Expression,Contracts Expression,0.6735910203213534,0.0325770628288047,spec_p_pack,Mixed Outcome,**,1.44** (0.674)
wdj_press_lag1,0.9305957423157643,Expands Expression,Expands Expression,0.4323139724324298,0.03135073166475867,spec_p_pack,Mixed Outcome,**,0.931** (0.432)
v2jupack_lag1,0.48641044693133556,Contracts Expression,Contracts Expression,0.2392190475793699,0.042019539915372654,spec_p_pack,Mixed Outcome,**,0.486** (0.239)
v2jupack_lag1,0.24887996525815695,Expands Expression,Expands Expression,0.2106280999222899,0.23736105655944117,spec_p_pack,Mixed Outcome,,0.249 (0.211)
v2x_polyarchy_lag1,-7.313539037425714,Contracts Expression,Contracts Expression,1.6915356417191783,1.5349711556165645e-05,spec_p_pack,Mixed Outcome,***,-7.314*** (1.692)
v2x_polyarchy_lag1,-3.3013378168907286,Expands Expression,Expands Expression,1.1368320962121463,0.0036845154474119996,spec_p_pack,Mixed Outcome,***,-3.301*** (1.137)
v2jureview_lag1,-0.49082393530313734,Contracts Expression,Contracts Expression,0.3882180773691923,0.20612253587659668,spec_p_pack,Mixed Outcome,,-0.491 (0.388)
v2jureview_lag1,0.4268195816204036,Expands Expression,Expands Expression,0.35382470449570963,0.2277009219813898,spec_p_pack,Mixed Outcome,,0.427 (0.354)
legal_common,0.8612580098004221,Contracts Expression,Contracts Expression,0.4615365747179201,0.06203204121033968,spec_p_pack,Mixed Outcome,*,0.861* (0.462)
legal_common,-1.0511474039573412,Expands Expression,Expands Expression,0.3777556861047809,0.0053923294552122095,spec_p_pack,Mixed Outcome,***,-1.051*** (0.378)
legal_civil,0.22737976179532593,Contracts Expression,Contracts Expression,0.4207226213403836,0.5888863716242199,spec_p_pack,Mixed Outcome,,0.227 (0.421)
legal_civil,-0.18219323139324,Expands Expression,Expands Expression,0.3364085193675915,0.5881056084220895,spec_p_pack,Mixed Outcome,,-0.182 (0.336)
high_court,-0.46321570936488565,Contracts Expression,Contracts Expression,0.2707700420890886,0.0871300971140892,spec_p_pack,Mixed Outcome,*,-0.463* (0.271)
high_court,-0.005656708265400482,Expands Expression,Expands Expression,0.13220767044523404,0.9658716967899003,spec_p_pack,Mixed Outcome,,-0.006 (0.132)
j_ind_lag1,0.24012957774057392,Contracts Expression,Contracts Expression,0.24622656360719408,0.32944206306744417,spec_p_pack,Mixed Outcome,,0.24 (0.246)
j_ind_lag1,0.37698109865924906,Expands Expression,Expands Expression,0.17694991647950112,0.033135342344159484,spec_p_pack,Mixed Outcome,**,0.377** (0.177)
Intercept,4.487011079187474,Contracts Expression,Contracts Expression,0.9661739294570093,3.4155742449565506e-06,spec_govprot_pack,Mixed Outcome,***,4.487*** (0.966)
Intercept,2.1453218073017553,Expands Expression,Expands Expression,0.7553200442156573,0.004507369093940202,spec_govprot_pack,Mixed Outcome,***,2.145*** (0.755)
wdj_govprot_lag1,0.24792547048635888,Contracts Expression,Contracts Expression,0.26487111587403034,0.3492613186140596,spec_govprot_pack,Mixed Outcome,,0.248 (0.265)
wdj_govprot_lag1,0.07253948523393153,Expands Expression,Expands Expression,0.2198904404321297,0.7414836713852686,spec_govprot_pack,Mixed Outcome,,0.073 (0.22)
v2jupack_lag1,0.5658126010818518,Contracts Expression,Contracts Expression,0.2433326941195723,0.020057881527015497,spec_govprot_pack,Mixed Outcome,**,0.566** (0.243)
v2jupack_lag1,0.31313822132059826,Expands Expression,Expands Expression,0.21194447937817215,0.13955397708214332,spec_govprot_pack,Mixed Outcome,,0.313 (0.212)
v2x_polyarchy_lag1,-6.98449489373243,Contracts Expression,Contracts Expression,1.8180495187714387,0.000122159362602848,spec_govprot_pack,Mixed Outcome,***,-6.984*** (1.818)
v2x_polyarchy_lag1,-3.182520452767535,Expands Expression,Expands Expression,1.2897418686721236,0.013603594556871547,spec_govprot_pack,Mixed Outcome,**,-3.183** (1.29)
v2jureview_lag1,-0.47959120598272426,Contracts Expression,Contracts Expression,0.3829517555113189,0.21044085908716625,spec_govprot_pack,Mixed Outcome,,-0.48 (0.383)
v2jureview_lag1,0.4244376302311981,Expands Expression,Expands Expression,0.3551009927227292,0.23198588326968905,spec_govprot_pack,Mixed Outcome,,0.424 (0.355)
legal_common,0.6302748293249889,Contracts Expression,Contracts Expression,0.4851240963187967,0.19387416755796283,spec_govprot_pack,Mixed Outcome,,0.63 (0.485)
legal_common,-1.1641115851449206,Expands Expression,Expands Expression,0.38296927907288425,0.0023681418124867157,spec_govprot_pack,Mixed Outcome,***,-1.164*** (0.383)
legal_civil,0.3870871135798088,Contracts Expression,Contracts Expression,0.43120276032234883,0.36934996702750056,spec_govprot_pack,Mixed Outcome,,0.387 (0.431)
legal_civil,-0.048296155829331146,Expands Expression,Expands Expression,0.3799541646021218,0.8988529577629,spec_govprot_pack,Mixed Outcome,,-0.048 (0.38)
high_court,-0.39110444295603625,Contracts Expression,Contracts Expression,0.26675170626334,0.14260086254399265,spec_govprot_pack,Mixed Outcome,,-0.391 (0.267)
high_court,0.025448312588447253,Expands Expression,Expands Expression,0.14694429388421062,0.8625072704926143,spec_govprot_pack,Mixed Outcome,,0.025 (0.147)
j_ind_lag1,0.17401489804326267,Contracts Expression,Contracts Expression,0.2821033093603575,0.537334904324289,spec_govprot_pack,Mixed Outcome,,0.174 (0.282)
j_ind_lag1,0.34768667146399074,Expands Expression,Expands Expression,0.21416115863630508,0.10448652253373944,spec_govprot_pack,Mixed Outcome,,0.348 (0.214)
Intercept,3.6005610069966094,Contracts Expression,Contracts Expression,0.7399802229380016,1.1402183316148113e-06,spec_c_reform,Mixed Outcome,***,3.601*** (0.74)
Intercept,1.501963358102713,Expands Expression,Expands Expression,0.5991058696676708,0.012175786965984918,spec_c_reform,Mixed Outcome,**,1.502** (0.599)
wdj_citizen_lag1,0.945346847186608,Contracts Expression,Contracts Expression,0.6425469799167708,0.14122368680195524,spec_c_reform,Mixed Outcome,,0.945 (0.643)
wdj_citizen_lag1,0.6798592647024169,Expands Expression,Expands Expression,0.41373806939097413,0.10033912581031103,spec_c_reform,Mixed Outcome,,0.68 (0.414)
v2jureform_lag1,0.17342249545351734,Contracts Expression,Contracts Expression,0.23302334235762148,0.45673855280432585,spec_c_reform,Mixed Outcome,,0.173 (0.233)
v2jureform_lag1,-0.1542144453344391,Expands Expression,Expands Expression,0.16698233406999738,0.3557271736589871,spec_c_reform,Mixed Outcome,,-0.154 (0.167)
v2x_polyarchy_lag1,-5.359902058755802,Contracts Expression,Contracts Expression,1.3409049476005237,6.408871611369455e-05,spec_c_reform,Mixed Outcome,***,-5.36*** (1.341)
v2x_polyarchy_lag1,-1.7862228364897825,Expands Expression,Expands Expression,0.7888218712939947,0.02354838735332965,spec_c_reform,Mixed Outcome,**,-1.786** (0.789)
v2jureview_lag1,-0.33088841003968905,Contracts Expression,Contracts Expression,0.3413985415915019,0.3324381877917101,spec_c_reform,Mixed Outcome,,-0.331 (0.341)
v2jureview_lag1,0.4589267893242368,Expands Expression,Expands Expression,0.35891137509224064,0.20101566239373514,spec_c_reform,Mixed Outcome,,0.459 (0.359)
legal_common,0.9518746979790244,Contracts Expression,Contracts Expression,0.5218581026504467,0.0681504734907919,spec_c_reform,Mixed Outcome,*,0.952* (0.522)
legal_common,-1.2873286169669345,Expands Expression,Expands Expression,0.4448637338885893,0.003806597072480455,spec_c_reform,Mixed Outcome,***,-1.287*** (0.445)
legal_civil,0.14986337904833077,Contracts Expression,Contracts Expression,0.44433499008345867,0.7359091029679288,spec_c_reform,Mixed Outcome,,0.15 (0.444)
legal_civil,-0.5086711653998177,Expands Expression,Expands Expression,0.3095301352353485,0.10030732040053315,spec_c_reform,Mixed Outcome,,-0.509 (0.31)
high_court,-0.47856622435100893,Contracts Expression,Contracts Expression,0.28586312147862325,0.09410904188710094,spec_c_reform,Mixed Outcome,*,-0.479* (0.286)
high_court,-0.04758263406844487,Expands Expression,Expands Expression,0.14113339913999112,0.7360064519145166,spec_c_reform,Mixed Outcome,,-0.048 (0.141)
j_ind_lag1,0.1789691457134348,Contracts Expression,Contracts Expression,0.23991496798215675,0.4556860990096394,spec_c_reform,Mixed Outcome,,0.179 (0.24)
j_ind_lag1,0.4118932829328606,Expands Expression,Expands Expression,0.1837584002584276,0.024994117935515023,spec_c_reform,Mixed Outcome,**,0.412** (0.184)
Intercept,3.714252649914039,Contracts Expression,Contracts Expression,0.7821801649506768,2.0484006537558633e-06,spec_im_reform,Mixed Outcome,***,3.714*** (0.782)
Intercept,1.6083887123736127,Expands Expression,Expands Expression,0.5784901699416104,0.005430508939570555,spec_im_reform,Mixed Outcome,***,1.608*** (0.578)
wdj_intermediaries_lag1,0.3776526630740161,Contracts Expression,Contracts Expression,0.9504026958447784,0.6911015052994267,spec_im_reform,Mixed Outcome,,0.378 (0.95)
wdj_intermediaries_lag1,-0.42289196515242083,Expands Expression,Expands Expression,0.5721735396695323,0.459847866535108,spec_im_reform,Mixed Outcome,,-0.423 (0.572)
v2jureform_lag1,0.17679695822811947,Contracts Expression,Contracts Expression,0.24969597108640293,0.47891488967228446,spec_im_reform,Mixed Outcome,,0.177 (0.25)
v2jureform_lag1,-0.14741362362693722,Expands Expression,Expands Expression,0.1831406828595648,0.4208657669684701,spec_im_reform,Mixed Outcome,,-0.147 (0.183)
v2x_polyarchy_lag1,-5.3655167906379075,Contracts Expression,Contracts Expression,1.3798209870179399,0.00010084071466705648,spec_im_reform,Mixed Outcome,***,-5.366*** (1.38)
v2x_polyarchy_lag1,-1.7052074981772882,Expands Expression,Expands Expression,0.8030203328233109,0.03371261956692785,spec_im_reform,Mixed Outcome,**,-1.705** (0.803)
v2jureview_lag1,-0.3534549986919666,Contracts Expression,Contracts Expression,0.36040135475488655,0.3267278518695943,spec_im_reform,Mixed Outcome,,-0.353 (0.36)
v2jureview_lag1,0.4466992697739227,Expands Expression,Expands Expression,0.36510548339628657,0.22114844026462188,spec_im_reform,Mixed Outcome,,0.447 (0.365)
legal_common,0.9157252699148349,Contracts Expression,Contracts Expression,0.5547148507030427,0.09877868577302666,spec_im_reform,Mixed Outcome,*,0.916* (0.555)
legal_common,-1.3697867074515788,Expands Expression,Expands Expression,0.4428865932221496,0.0019823690869128275,spec_im_reform,Mixed Outcome,***,-1.37*** (0.443)
legal_civil,0.37445449710835554,Contracts Expression,Contracts Expression,0.4982131315411097,0.45229465290075,spec_im_reform,Mixed Outcome,,0.374 (0.498)
legal_civil,-0.18922545805377577,Expands Expression,Expands Expression,0.3669359628026961,0.6060704614556595,spec_im_reform,Mixed Outcome,,-0.189 (0.367)
high_court,-0.46939393610402547,Contracts Expression,Contracts Expression,0.28919062203653473,0.10456164599652049,spec_im_reform,Mixed Outcome,,-0.469 (0.289)
high_court,-0.0490383423774149,Expands Expression,Expands Expression,0.1452467621700564,0.7356488911569498,spec_im_reform,Mixed Outcome,,-0.049 (0.145)
j_ind_lag1,0.17516695873775287,Contracts Expression,Contracts Expression,0.2554912452006827,0.4929600463027003,spec_im_reform,Mixed Outcome,,0.175 (0.255)
j_ind_lag1,0.38977992360273583,Expands Expression,Expands Expression,0.19445974927137621,0.04502458617708311,spec_im_reform,Mixed Outcome,**,0.39** (0.194)
Intercept,3.992323147269121,Contracts Expression,Contracts Expression,0.79809225018293,5.664066147963531e-07,spec_p_reform,Mixed Outcome,***,3.992*** (0.798)
Intercept,1.7410115763972012,Expands Expression,Expands Expression,0.6125026626516193,0.004476747699284595,spec_p_reform,Mixed Outcome,***,1.741*** (0.613)
wdj_press_lag1,1.6167296259429953,Contracts Expression,Contracts Expression,0.5603815305745938,0.00391349524598696,spec_p_reform,Mixed Outcome,***,1.617*** (0.56)
wdj_press_lag1,1.0395587201195688,Expands Expression,Expands Expression,0.3526696145713631,0.003201637435841428,spec_p_reform,Mixed Outcome,***,1.04*** (0.353)
v2jureform_lag1,0.19910231246421956,Contracts Expression,Contracts Expression,0.23510102302152164,0.39706211064061725,spec_p_reform,Mixed Outcome,,0.199 (0.235)
v2jureform_lag1,-0.13234584982889913,Expands Expression,Expands Expression,0.1741780133664941,0.44735562480675484,spec_p_reform,Mixed Outcome,,-0.132 (0.174)
v2x_polyarchy_lag1,-5.755065374621587,Contracts Expression,Contracts Expression,1.2892950620254007,8.054495492134225e-06,spec_p_reform,Mixed Outcome,***,-5.755*** (1.289)
v2x_polyarchy_lag1,-2.0358742854423793,Expands Expression,Expands Expression,0.7833497522121361,0.009351375777872517,spec_p_reform,Mixed Outcome,***,-2.036*** (0.783)
v2jureview_lag1,-0.41380139275267963,Contracts Expression,Contracts Expression,0.37746387848524043,0.2729617157115508,spec_p_reform,Mixed Outcome,,-0.414 (0.377)
v2jureview_lag1,0.42849194177542,Expands Expression,Expands Expression,0.3532608594500007,0.22514441082308845,spec_p_reform,Mixed Outcome,,0.428 (0.353)
legal_common,1.1122938069217136,Contracts Expression,Contracts Expression,0.5298515213256095,0.035794369517796645,spec_p_reform,Mixed Outcome,**,1.112** (0.53)
legal_common,-1.1883900901639388,Expands Expression,Expands Expression,0.4565396428215557,0.009240168106521958,spec_p_reform,Mixed Outcome,***,-1.188*** (0.457)
legal_civil,0.18613727474580996,Contracts Expression,Contracts Expression,0.44862223913942795,0.6782087330376563,spec_p_reform,Mixed Outcome,,0.186 (0.449)
legal_civil,-0.4632813896958983,Expands Expression,Expands Expression,0.3183406435200331,0.14558600830829402,spec_p_reform,Mixed Outcome,,-0.463 (0.318)
high_court,-0.4876144616210777,Contracts Expression,Contracts Expression,0.28603254490628377,0.08824074673904016,spec_p_reform,Mixed Outcome,*,-0.488* (0.286)
high_court,-0.05038489158206044,Expands Expression,Expands Expression,0.14146009433235554,0.7217077000137282,spec_p_reform,Mixed Outcome,,-0.05 (0.141)
j_ind_lag1,0.16414836144990028,Contracts Expression,Contracts Expression,0.237091392453501,0.4887224938063891,spec_p_reform,Mixed Outcome,,0.164 (0.237)
j_ind_lag1,0.3895432382533085,Expands Expression,Expands Expression,0.17325364430578402,0.024550789182289624,spec_p_reform,Mixed Outcome,**,0.39** (0.173)
Intercept,3.675590746504612,Contracts Expression,Contracts Expression,0.8256511911219552,8.517422822922855e-06,spec_govprot_reform,Mixed Outcome,***,3.676*** (0.826)
Intercept,1.5396552117970865,Expands Expression,Expands Expression,0.6077925859192969,0.01130290785313168,spec_govprot_reform,Mixed Outcome,**,1.54** (0.608)
wdj_govprot_lag1,0.21276372846072272,Contracts Expression,Contracts Expression,0.3176235238185874,0.5029461680533729,spec_govprot_reform,Mixed Outcome,,0.213 (0.318)
wdj_govprot_lag1,0.05745122381531121,Expands Expression,Expands Expression,0.2542476353491549,0.8212281622961891,spec_govprot_reform,Mixed Outcome,,0.057 (0.254)
v2jureform_lag1,0.18461387929776873,Contracts Expression,Contracts Expression,0.24766534686908068,0.45601986660398697,spec_govprot_reform,Mixed Outcome,,0.185 (0.248)
v2jureform_lag1,-0.1509964990084809,Expands Expression,Expands Expression,0.18324272267723915,0.4099256183281903,spec_govprot_reform,Mixed Outcome,,-0.151 (0.183)
v2x_polyarchy_lag1,-5.096674954105114,Contracts Expression,Contracts Expression,1.4483268308157704,0.0004331622367068415,spec_govprot_reform,Mixed Outcome,***,-5.097*** (1.448)
v2x_polyarchy_lag1,-1.6375584390360993,Expands Expression,Expands Expression,0.8760375781587869,0.061584041391125374,spec_govprot_reform,Mixed Outcome,*,-1.638* (0.876)
v2jureview_lag1,-0.38677767818406456,Contracts Expression,Contracts Expression,0.369960407342891,0.29581182854858024,spec_govprot_reform,Mixed Outcome,,-0.387 (0.37)
v2jureview_lag1,0.44222636805773435,Expands Expression,Expands Expression,0.35242674207923885,0.2095500413487723,spec_govprot_reform,Mixed Outcome,,0.442 (0.352)
legal_common,0.8495681572758668,Contracts Expression,Contracts Expression,0.5381361014331228,0.11439947178650833,spec_govprot_reform,Mixed Outcome,,0.85 (0.538)
legal_common,-1.3370048346259873,Expands Expression,Expands Expression,0.44729893333076914,0.0027983413289684907,spec_govprot_reform,Mixed Outcome,***,-1.337*** (0.447)
legal_civil,0.3373777247789262,Contracts Expression,Contracts Expression,0.4779081567893857,0.48022123402098715,spec_govprot_reform,Mixed Outcome,,0.337 (0.478)
legal_civil,-0.3362838671780416,Expands Expression,Expands Expression,0.3734408237901589,0.36785364792545694,spec_govprot_reform,Mixed Outcome,,-0.336 (0.373)
high_court,-0.4355383295091001,Contracts Expression,Contracts Expression,0.2737462595755853,0.11160297392873259,spec_govprot_reform,Mixed Outcome,,-0.436 (0.274)
high_court,-0.031089143670295263,Expands Expression,Expands Expression,0.15221457507959088,0.8381616482249338,spec_govprot_reform,Mixed Outcome,,-0.031 (0.152)
j_ind_lag1,0.10997513975698073,Contracts Expression,Contracts Expression,0.2868891984858915,0.7014701797699097,spec_govprot_reform,Mixed Outcome,,0.11 (0.287)
j_ind_lag1,0.37360477392592273,Expands Expression,Expands Expression,0.2180965635737029,0.0867080179188267,spec_govprot_reform,Mixed Outcome,*,0.374* (0.218)
Intercept,3.745944747619622,Contracts Expression,Contracts Expression,0.7405301557185164,4.226481725644057e-07,spec_c_attack,Mixed Outcome,***,3.746*** (0.741)
Intercept,1.6488266247700016,Expands Expression,Expands Expression,0.6177344255286761,0.0076043194312004235,spec_c_attack,Mixed Outcome,***,1.649*** (0.618)
wdj_citizen_lag1,0.993996629227119,Contracts Expression,Contracts Expression,0.6421097368262516,0.12161826330727105,spec_c_attack,Mixed Outcome,,0.994 (0.642)
wdj_citizen_lag1,0.6601695817178621,Expands Expression,Expands Expression,0.42470237380623527,0.12008217890574671,spec_c_attack,Mixed Outcome,,0.66 (0.425)
v2jupoatck_lag1,0.1814084548281847,Contracts Expression,Contracts Expression,0.10250357942061271,0.07676433331538142,spec_c_attack,Mixed Outcome,*,0.181* (0.103)
v2jupoatck_lag1,0.0316976904829714,Expands Expression,Expands Expression,0.09491659766035906,0.7384149619192472,spec_c_attack,Mixed Outcome,,0.032 (0.095)
v2x_polyarchy_lag1,-5.696540740162546,Contracts Expression,Contracts Expression,1.3155691125690563,1.4904425466267271e-05,spec_c_attack,Mixed Outcome,***,-5.697*** (1.316)
v2x_polyarchy_lag1,-2.252138264871132,Expands Expression,Expands Expression,0.9113110919078795,0.013461656603097902,spec_c_attack,Mixed Outcome,**,-2.252** (0.911)
v2jureview_lag1,-0.2626860180796451,Contracts Expression,Contracts Expression,0.3360206902938977,0.434358286038084,spec_c_attack,Mixed Outcome,,-0.263 (0.336)
v2jureview_lag1,0.49615943604595075,Expands Expression,Expands Expression,0.3631234270242389,0.17182417400672523,spec_c_attack,Mixed Outcome,,0.496 (0.363)
legal_common,0.7130685428991186,Contracts Expression,Contracts Expression,0.4890898225575822,0.14485430498185278,spec_c_attack,Mixed Outcome,,0.713 (0.489)
legal_common,-1.1215310323646686,Expands Expression,Expands Expression,0.38018021638202426,0.0031777556882911515,spec_c_attack,Mixed Outcome,***,-1.122*** (0.38)
legal_civil,0.06051876684692983,Contracts Expression,Contracts Expression,0.4046365363560186,0.881109182000778,spec_c_attack,Mixed Outcome,,0.061 (0.405)
legal_civil,-0.31941413298963445,Expands Expression,Expands Expression,0.32281888253235025,0.322441522324298,spec_c_attack,Mixed Outcome,,-0.319 (0.323)
high_court,-0.5885631983408027,Contracts Expression,Contracts Expression,0.279329191293812,0.03511243097781344,spec_c_attack,Mixed Outcome,**,-0.589** (0.279)
high_court,-0.03513773299407539,Expands Expression,Expands Expression,0.1523662981461646,0.8176150395579564,spec_c_attack,Mixed Outcome,,-0.035 (0.152)
j_ind_lag1,0.24376764719429309,Contracts Expression,Contracts Expression,0.2431358847510369,0.3160546717616314,spec_c_attack,Mixed Outcome,,0.244 (0.243)
j_ind_lag1,0.39157468453017774,Expands Expression,Expands Expression,0.18990335166264047,0.03921075744024928,spec_c_attack,Mixed Outcome,**,0.392** (0.19)
Intercept,3.8394071982214997,Contracts Expression,Contracts Expression,0.7653627430994198,5.263379782057285e-07,spec_im_attack,Mixed Outcome,***,3.839*** (0.765)
Intercept,1.7184149225417586,Expands Expression,Expands Expression,0.5945739803339901,0.0038504376123313444,spec_im_attack,Mixed Outcome,***,1.718*** (0.595)
wdj_intermediaries_lag1,0.39583694852388224,Contracts Expression,Contracts Expression,0.9546369229454563,0.6784006336911321,spec_im_attack,Mixed Outcome,,0.396 (0.955)
wdj_intermediaries_lag1,-0.4431271943473688,Expands Expression,Expands Expression,0.5484703390439934,0.41912924963302534,spec_im_attack,Mixed Outcome,,-0.443 (0.548)
v2jupoatck_lag1,0.17367766519190658,Contracts Expression,Contracts Expression,0.10972624500481387,0.11346089679031929,spec_im_attack,Mixed Outcome,,0.174 (0.11)
v2jupoatck_lag1,0.02531728370586482,Expands Expression,Expands Expression,0.10194007182453155,0.8038600728493678,spec_im_attack,Mixed Outcome,,0.025 (0.102)
v2x_polyarchy_lag1,-5.6345642679490435,Contracts Expression,Contracts Expression,1.3783710144700907,4.354026906866772e-05,spec_im_attack,Mixed Outcome,***,-5.635*** (1.378)
v2x_polyarchy_lag1,-2.103162513913417,Expands Expression,Expands Expression,0.9179092467278445,0.021948772710175164,spec_im_attack,Mixed Outcome,**,-2.103** (0.918)
v2jureview_lag1,-0.28997022107575887,Contracts Expression,Contracts Expression,0.3579949476066062,0.41794930508771366,spec_im_attack,Mixed Outcome,,-0.29 (0.358)
v2jureview_lag1,0.48327521730246936,Expands Expression,Expands Expression,0.3604120442314679,0.17995408701061932,spec_im_attack,Mixed Outcome,,0.483 (0.36)
legal_common,0.6772759432518538,Contracts Expression,Contracts Expression,0.50075742470121,0.17621444436474598,spec_im_attack,Mixed Outcome,,0.677 (0.501)
legal_common,-1.218116694510639,Expands Expression,Expands Expression,0.3793069282928881,0.0013207729970717676,spec_im_attack,Mixed Outcome,***,-1.218*** (0.379)
legal_civil,0.2863313604552793,Contracts Expression,Contracts Expression,0.46653689351935423,0.5393885575648603,spec_im_attack,Mixed Outcome,,0.286 (0.467)
legal_civil,-0.011821326684354453,Expands Expression,Expands Expression,0.35201000206732475,0.9732101888531249,spec_im_attack,Mixed Outcome,,-0.012 (0.352)
high_court,-0.5778800944691771,Contracts Expression,Contracts Expression,0.2884271247977471,0.04511756955396777,spec_im_attack,Mixed Outcome,**,-0.578** (0.288)
high_court,-0.0348556706174049,Expands Expression,Expands Expression,0.1601918118727769,0.8277508420980138,spec_im_attack,Mixed Outcome,,-0.035 (0.16)
j_ind_lag1,0.23223502057330322,Contracts Expression,Contracts Expression,0.2527512282054509,0.35818530632901635,spec_im_attack,Mixed Outcome,,0.232 (0.253)
j_ind_lag1,0.36913471342295123,Expands Expression,Expands Expression,0.1949597434543301,0.0583061028447169,spec_im_attack,Mixed Outcome,*,0.369* (0.195)
Intercept,4.1197312739352885,Contracts Expression,Contracts Expression,0.7959208672027019,2.266250126231135e-07,spec_p_attack,Mixed Outcome,***,4.12*** (0.796)
Intercept,1.8588202321587108,Expands Expression,Expands Expression,0.6127727514833325,0.002417685887718619,spec_p_attack,Mixed Outcome,***,1.859*** (0.613)
wdj_press_lag1,1.6120075878299198,Contracts Expression,Contracts Expression,0.6365724729030641,0.01133093199913165,spec_p_attack,Mixed Outcome,**,1.612** (0.637)
wdj_press_lag1,1.0366695612951953,Expands Expression,Expands Expression,0.3790309294033172,0.006237029243197966,spec_p_attack,Mixed Outcome,***,1.037*** (0.379)
v2jupoatck_lag1,0.16889855316555513,Contracts Expression,Contracts Expression,0.10248502560487852,0.09934620199147015,spec_p_attack,Mixed Outcome,*,0.169* (0.102)
v2jupoatck_lag1,0.022937627625834588,Expands Expression,Expands Expression,0.09386802424284384,0.8069517111472331,spec_p_attack,Mixed Outcome,,0.023 (0.094)
v2x_polyarchy_lag1,-5.994767280374809,Contracts Expression,Contracts Expression,1.3244215765531822,6.001722969008246e-06,spec_p_attack,Mixed Outcome,***,-5.995*** (1.324)
v2x_polyarchy_lag1,-2.433344219913946,Expands Expression,Expands Expression,0.8569403052784489,0.0045174012810521805,spec_p_attack,Mixed Outcome,***,-2.433*** (0.857)
v2jureview_lag1,-0.3577433939799966,Contracts Expression,Contracts Expression,0.38767111155271367,0.35611077902048205,spec_p_attack,Mixed Outcome,,-0.358 (0.388)
v2jureview_lag1,0.46211439114825104,Expands Expression,Expands Expression,0.36383760490578815,0.20404485215323565,spec_p_attack,Mixed Outcome,,0.462 (0.364)
legal_common,0.849438396857077,Contracts Expression,Contracts Expression,0.4645716254444584,0.06748449371105146,spec_p_attack,Mixed Outcome,*,0.849* (0.465)
legal_common,-1.0433152484040868,Expands Expression,Expands Expression,0.3745276015152114,0.005341504652728246,spec_p_attack,Mixed Outcome,***,-1.043*** (0.375)
legal_civil,0.07640674840540367,Contracts Expression,Contracts Expression,0.41186245916277076,0.8528249556547332,spec_p_attack,Mixed Outcome,,0.076 (0.412)
legal_civil,-0.30206033627528683,Expands Expression,Expands Expression,0.3059865182233179,0.32355990666489365,spec_p_attack,Mixed Outcome,,-0.302 (0.306)
high_court,-0.6002365579938509,Contracts Expression,Contracts Expression,0.2842782847004379,0.034734504998439115,spec_p_attack,Mixed Outcome,**,-0.6** (0.284)
high_court,-0.037801783800015504,Expands Expression,Expands Expression,0.15203354612224743,0.8036384355523444,spec_p_attack,Mixed Outcome,,-0.038 (0.152)
j_ind_lag1,0.23005327818531315,Contracts Expression,Contracts Expression,0.2420331171659015,0.34185657453186646,spec_p_attack,Mixed Outcome,,0.23 (0.242)
j_ind_lag1,0.3729291647015523,Expands Expression,Expands Expression,0.17667509958737876,0.03478786864036976,spec_p_attack,Mixed Outcome,**,0.373** (0.177)
Intercept,3.794568484120046,Contracts Expression,Contracts Expression,0.7802270883766166,1.153773168195741e-06,spec_govprot_attack,Mixed Outcome,***,3.795*** (0.78)
Intercept,1.6722211617793923,Expands Expression,Expands Expression,0.608777524276206,0.006017046011499284,spec_govprot_attack,Mixed Outcome,***,1.672*** (0.609)
wdj_govprot_lag1,0.42524826180342945,Contracts Expression,Contracts Expression,0.3219210801951899,0.18651118874823192,spec_govprot_attack,Mixed Outcome,,0.425 (0.322)
wdj_govprot_lag1,0.10419528402600314,Expands Expression,Expands Expression,0.25435486645826977,0.6820661369998267,spec_govprot_attack,Mixed Outcome,,0.104 (0.254)
v2jupoatck_lag1,0.2514562516351589,Contracts Expression,Contracts Expression,0.12527461008521676,0.04472407761509078,spec_govprot_attack,Mixed Outcome,**,0.251** (0.125)
v2jupoatck_lag1,0.05518827633558142,Expands Expression,Expands Expression,0.10186975993456089,0.5879884818763186,spec_govprot_attack,Mixed Outcome,,0.055 (0.102)
v2x_polyarchy_lag1,-5.486347268848544,Contracts Expression,Contracts Expression,1.3010052183143843,2.475670048011241e-05,spec_govprot_attack,Mixed Outcome,***,-5.486*** (1.301)
v2x_polyarchy_lag1,-2.1096769459587534,Expands Expression,Expands Expression,0.912993008252823,0.020847978196531516,spec_govprot_attack,Mixed Outcome,**,-2.11** (0.913)
v2jureview_lag1,-0.28775918780295756,Contracts Expression,Contracts Expression,0.37080731983409376,0.4377287515250623,spec_govprot_attack,Mixed Outcome,,-0.288 (0.371)
v2jureview_lag1,0.4902832957530144,Expands Expression,Expands Expression,0.35236138456817506,0.16409757173075834,spec_govprot_attack,Mixed Outcome,,0.49 (0.352)
legal_common,0.5419864357540366,Contracts Expression,Contracts Expression,0.4856903189478835,0.2644608795284026,spec_govprot_attack,Mixed Outcome,,0.542 (0.486)
legal_common,-1.1879091233591446,Expands Expression,Expands Expression,0.3757051994762713,0.001567908754798131,spec_govprot_attack,Mixed Outcome,***,-1.188*** (0.376)
legal_civil,0.22011639923367585,Contracts Expression,Contracts Expression,0.4287539440432333,0.6076811297266835,spec_govprot_attack,Mixed Outcome,,0.22 (0.429)
legal_civil,-0.16919167529682794,Expands Expression,Expands Expression,0.36957409064251645,0.6470948592830184,spec_govprot_attack,Mixed Outcome,,-0.169 (0.37)
high_court,-0.5276774081405929,Contracts Expression,Contracts Expression,0.272270060779739,0.052615143771573565,spec_govprot_attack,Mixed Outcome,*,-0.528* (0.272)
high_court,-0.018003902943599385,Expands Expression,Expands Expression,0.16222969234556323,0.9116339090058959,spec_govprot_attack,Mixed Outcome,,-0.018 (0.162)
j_ind_lag1,0.14615941143140598,Contracts Expression,Contracts Expression,0.2724849146555448,0.5916859270096224,spec_govprot_attack,Mixed Outcome,,0.146 (0.272)
j_ind_lag1,0.343727134057455,Expands Expression,Expands Expression,0.21387671023900762,0.10802641066336555,spec_govprot_attack,Mixed Outcome,,0.344 (0.214)
Intercept,3.616665059151579,Contracts Expression,Contracts Expression,0.7094567813246017,3.436330976363539e-07,spec_c_reform_decision,Mixed Outcome,***,3.617*** (0.709)
Intercept,1.9856258740395647,Expands Expression,Expands Expression,0.593734297197096,0.0008249035075867945,spec_c_reform_decision,Mixed Outcome,***,1.986*** (0.594)
wdj_citizen_lag1,0.7966292889894043,Contracts Expression,Contracts Expression,0.6345360294473114,0.20931485875547318,spec_c_reform_decision,Mixed Outcome,,0.797 (0.635)
wdj_citizen_lag1,0.5877524594954474,Expands Expression,Expands Expression,0.3823630997816214,0.12425464708314257,spec_c_reform_decision,Mixed Outcome,,0.588 (0.382)
v2jureform_lag1,0.12792707361798017,Contracts Expression,Contracts Expression,0.24957094052448392,0.6082395368585178,spec_c_reform_decision,Mixed Outcome,,0.128 (0.25)
v2jureform_lag1,-0.19147381203463334,Expands Expression,Expands Expression,0.18560763323104187,0.3022570720168889,spec_c_reform_decision,Mixed Outcome,,-0.191 (0.186)
v2x_polyarchy_lag1,-5.199037601032264,Contracts Expression,Contracts Expression,1.2923841429889276,5.7503777527207774e-05,spec_c_reform_decision,Mixed Outcome,***,-5.199*** (1.292)
v2x_polyarchy_lag1,-1.9310744999677538,Expands Expression,Expands Expression,0.7907206472278279,0.014599256930397563,spec_c_reform_decision,Mixed Outcome,**,-1.931** (0.791)
v2jureview_lag1,-0.33649030055752893,Contracts Expression,Contracts Expression,0.342341148621311,0.32565207765773885,spec_c_reform_decision,Mixed Outcome,,-0.336 (0.342)
v2jureview_lag1,0.27680865769922136,Expands Expression,Expands Expression,0.3574400716680541,0.4386825968072775,spec_c_reform_decision,Mixed Outcome,,0.277 (0.357)
legal_common,0.7467743684099863,Contracts Expression,Contracts Expression,0.5175753545451833,0.149067756432878,spec_c_reform_decision,Mixed Outcome,,0.747 (0.518)
legal_common,-1.064946811530088,Expands Expression,Expands Expression,0.4342721158303569,0.014196325069988826,spec_c_reform_decision,Mixed Outcome,**,-1.065** (0.434)
legal_civil,-0.1035026190574621,Contracts Expression,Contracts Expression,0.4433849922767455,0.8154218105643366,spec_c_reform_decision,Mixed Outcome,,-0.104 (0.443)
legal_civil,-0.4537949931439798,Expands Expression,Expands Expression,0.29116390732156483,0.11910171676616879,spec_c_reform_decision,Mixed Outcome,,-0.454 (0.291)
high_court,-0.4835733337443626,Contracts Expression,Contracts Expression,0.3132828776007755,0.12269309268382225,spec_c_reform_decision,Mixed Outcome,,-0.484 (0.313)
high_court,-0.10745654552036105,Expands Expression,Expands Expression,0.15653153400741301,0.49240733860499697,spec_c_reform_decision,Mixed Outcome,,-0.107 (0.157)
j_ind_lag1,0.18297540578456317,Contracts Expression,Contracts Expression,0.2325042882262452,0.4312956360569449,spec_c_reform_decision,Mixed Outcome,,0.183 (0.233)
j_ind_lag1,0.4205783271009787,Expands Expression,Expands Expression,0.17525040534033887,0.016400860352947567,spec_c_reform_decision,Mixed Outcome,**,0.421** (0.175)
mode_press_newspapers,-0.5456284680258282,Contracts Expression,Contracts Expression,0.471892400136607,0.24757641755095494,spec_c_reform_decision,Mixed Outcome,,-0.546 (0.472)
mode_press_newspapers,0.33109505318490745,Expands Expression,Expands Expression,0.33792807453730794,0.3271948955583298,spec_c_reform_decision,Mixed Outcome,,0.331 (0.338)
mode_public_speech,0.2850259148553832,Contracts Expression,Contracts Expression,0.22660947991210978,0.2084696653154423,spec_c_reform_decision,Mixed Outcome,,0.285 (0.227)
mode_public_speech,-0.05670006419998735,Expands Expression,Expands Expression,0.21145640471474922,0.7885910336660876,spec_c_reform_decision,Mixed Outcome,,-0.057 (0.211)
mode_public_documents,0.2993860380271223,Contracts Expression,Contracts Expression,0.3638954613261924,0.41066416920184634,spec_c_reform_decision,Mixed Outcome,,0.299 (0.364)
mode_public_documents,0.7399748166893061,Expands Expression,Expands Expression,0.6144158710708911,0.22845240317463533,spec_c_reform_decision,Mixed Outcome,,0.74 (0.614)
mode_audio_visual_broadcasting,-0.6003884320003889,Contracts Expression,Contracts Expression,0.4006170143347242,0.13396202886925243,spec_c_reform_decision,Mixed Outcome,,-0.6 (0.401)
mode_audio_visual_broadcasting,-0.07806876579030204,Expands Expression,Expands Expression,0.2528601573436171,0.7575171450539886,spec_c_reform_decision,Mixed Outcome,,-0.078 (0.253)
mode_public_assembly,-0.3062970058465328,Contracts Expression,Contracts Expression,0.19985516468688452,0.1253756992321124,spec_c_reform_decision,Mixed Outcome,,-0.306 (0.2)
mode_public_assembly,-0.2108162429060833,Expands Expression,Expands Expression,0.5082677863983969,0.6783073833195171,spec_c_reform_decision,Mixed Outcome,,-0.211 (0.508)
mode_written_speech,0.07769957905517506,Contracts Expression,Contracts Expression,0.34073383426123244,0.8196182573557416,spec_c_reform_decision,Mixed Outcome,,0.078 (0.341)
mode_written_speech,0.3634243318214433,Expands Expression,Expands Expression,0.1723501561149242,0.03497571826025334,spec_c_reform_decision,Mixed Outcome,**,0.363** (0.172)
mode_non_verbal_expression,-0.35670591907983407,Contracts Expression,Contracts Expression,0.29664336907324934,0.22917995912906008,spec_c_reform_decision,Mixed Outcome,,-0.357 (0.297)
mode_non_verbal_expression,-0.2650498745258849,Expands Expression,Expands Expression,0.1454097376506198,0.06833680876292493,spec_c_reform_decision,Mixed Outcome,*,-0.265* (0.145)
defendant_citizen,0.2937328770758931,Contracts Expression,Contracts Expression,0.328453043783141,0.37116576444313953,spec_c_reform_decision,Mixed Outcome,,0.294 (0.328)
defendant_citizen,-0.6014245926700319,Expands Expression,Expands Expression,0.16042257692909623,0.00017753953344244936,spec_c_reform_decision,Mixed Outcome,***,-0.601*** (0.16)
defendant_press,0.34886398982541317,Contracts Expression,Contracts Expression,0.4162346936007067,0.40195067186783007,spec_c_reform_decision,Mixed Outcome,,0.349 (0.416)
defendant_press,-0.46502476844990437,Expands Expression,Expands Expression,0.3459888394849053,0.17893365002715378,spec_c_reform_decision,Mixed Outcome,,-0.465 (0.346)
defendant_intermediary,0.5314400259891958,Contracts Expression,Contracts Expression,0.36148704295512996,0.14152124556136003,spec_c_reform_decision,Mixed Outcome,,0.531 (0.361)
defendant_intermediary,-0.7673738314988541,Expands Expression,Expands Expression,0.5410892414853805,0.15613180516291486,spec_c_reform_decision,Mixed Outcome,,-0.767 (0.541)
defendant_other,-0.38706779340605924,Contracts Expression,Contracts Expression,0.5444182355600851,0.477099684260177,spec_c_reform_decision,Mixed Outcome,,-0.387 (0.544)
defendant_other,-0.47707545691462355,Expands Expression,Expands Expression,0.17120560411862604,0.005327001737449742,spec_c_reform_decision,Mixed Outcome,***,-0.477*** (0.171)
defendant_unclear,1.3911848389761714,Contracts Expression,Contracts Expression,0.48030862627982807,0.0037742350474725293,spec_c_reform_decision,Mixed Outcome,***,1.391*** (0.48)
defendant_unclear,0.8350989029730911,Expands Expression,Expands Expression,0.39231872285296526,0.03328541208161387,spec_c_reform_decision,Mixed Outcome,**,0.835** (0.392)
Intercept,3.6942024161156506,Contracts Expression,Contracts Expression,0.7668893782526781,1.456410572665601e-06,spec_im_reform_decision,Mixed Outcome,***,3.694*** (0.767)
Intercept,2.0869649069185914,Expands Expression,Expands Expression,0.5816983144603248,0.0003335949235323843,spec_im_reform_decision,Mixed Outcome,***,2.087*** (0.582)
wdj_intermediaries_lag1,0.1622305367820355,Contracts Expression,Contracts Expression,0.9356316712592903,0.8623437413360713,spec_im_reform_decision,Mixed Outcome,,0.162 (0.936)
wdj_intermediaries_lag1,-0.6233553517461681,Expands Expression,Expands Expression,0.5442380437927321,0.25205483708934473,spec_im_reform_decision,Mixed Outcome,,-0.623 (0.544)
v2jureform_lag1,0.12915028557899844,Contracts Expression,Contracts Expression,0.26144949370820325,0.6213217502671704,spec_im_reform_decision,Mixed Outcome,,0.129 (0.261)
v2jureform_lag1,-0.18820307357783,Expands Expression,Expands Expression,0.19510400536055314,0.3347304324715398,spec_im_reform_decision,Mixed Outcome,,-0.188 (0.195)
v2x_polyarchy_lag1,-5.173108023653948,Contracts Expression,Contracts Expression,1.341744833258611,0.00011548952364488783,spec_im_reform_decision,Mixed Outcome,***,-5.173*** (1.342)
v2x_polyarchy_lag1,-1.8232361369283987,Expands Expression,Expands Expression,0.8116496308992223,0.02468262430778656,spec_im_reform_decision,Mixed Outcome,**,-1.823** (0.812)
v2jureview_lag1,-0.3410076542925996,Contracts Expression,Contracts Expression,0.3583888586396976,0.34134969078155064,spec_im_reform_decision,Mixed Outcome,,-0.341 (0.358)
v2jureview_lag1,0.2715007552750913,Expands Expression,Expands Expression,0.3567780661869775,0.44666937732836887,spec_im_reform_decision,Mixed Outcome,,0.272 (0.357)
legal_common,0.7012504996195333,Contracts Expression,Contracts Expression,0.542808233906546,0.19639398407715036,spec_im_reform_decision,Mixed Outcome,,0.701 (0.543)
legal_common,-1.1642768381756046,Expands Expression,Expands Expression,0.43527727429654767,0.007477528509227197,spec_im_reform_decision,Mixed Outcome,***,-1.164*** (0.435)
legal_civil,0.1092210960231391,Contracts Expression,Contracts Expression,0.48381470536147764,0.8213959858657873,spec_im_reform_decision,Mixed Outcome,,0.109 (0.484)
legal_civil,-0.13436495288262987,Expands Expression,Expands Expression,0.3315302863487212,0.6852664775162511,spec_im_reform_decision,Mixed Outcome,,-0.134 (0.332)
high_court,-0.47849937863737274,Contracts Expression,Contracts Expression,0.31231304619188716,0.12549415690257673,spec_im_reform_decision,Mixed Outcome,,-0.478 (0.312)
high_court,-0.11339658830334066,Expands Expression,Expands Expression,0.1582004040856721,0.4735032122672336,spec_im_reform_decision,Mixed Outcome,,-0.113 (0.158)
j_ind_lag1,0.17212006516269707,Contracts Expression,Contracts Expression,0.24342764647298634,0.4795237970561167,spec_im_reform_decision,Mixed Outcome,,0.172 (0.243)
j_ind_lag1,0.3951345268282793,Expands Expression,Expands Expression,0.17707193984390718,0.025648590615229578,spec_im_reform_decision,Mixed Outcome,**,0.395** (0.177)
mode_press_newspapers,-0.5808027805727821,Contracts Expression,Contracts Expression,0.47038552981210957,0.21692811379151755,spec_im_reform_decision,Mixed Outcome,,-0.581 (0.47)
mode_press_newspapers,0.2973845232245723,Expands Expression,Expands Expression,0.33265768343522556,0.3713403006652598,spec_im_reform_decision,Mixed Outcome,,0.297 (0.333)
mode_public_speech,0.28614564583463115,Contracts Expression,Contracts Expression,0.21680319326778863,0.18688825982705815,spec_im_reform_decision,Mixed Outcome,,0.286 (0.217)
mode_public_speech,-0.056454905714833116,Expands Expression,Expands Expression,0.20397879015948647,0.7819578627435309,spec_im_reform_decision,Mixed Outcome,,-0.056 (0.204)
mode_public_documents,0.3261028971993666,Contracts Expression,Contracts Expression,0.35128571233794936,0.3532455223402152,spec_im_reform_decision,Mixed Outcome,,0.326 (0.351)
mode_public_documents,0.7814215928624195,Expands Expression,Expands Expression,0.6102954030924835,0.20040486332407814,spec_im_reform_decision,Mixed Outcome,,0.781 (0.61)
mode_audio_visual_broadcasting,-0.584856500461296,Contracts Expression,Contracts Expression,0.3924902277753493,0.13619338141789158,spec_im_reform_decision,Mixed Outcome,,-0.585 (0.392)
mode_audio_visual_broadcasting,-0.04302264561353711,Expands Expression,Expands Expression,0.2195362135690877,0.844633170037679,spec_im_reform_decision,Mixed Outcome,,-0.043 (0.22)
mode_public_assembly,-0.3371650226237687,Contracts Expression,Contracts Expression,0.18837200002336488,0.07347171327550255,spec_im_reform_decision,Mixed Outcome,*,-0.337* (0.188)
mode_public_assembly,-0.24563071127500444,Expands Expression,Expands Expression,0.48499374114362276,0.6125326328143713,spec_im_reform_decision,Mixed Outcome,,-0.246 (0.485)
mode_written_speech,0.08191263765706953,Contracts Expression,Contracts Expression,0.3261653546191367,0.8017071262232204,spec_im_reform_decision,Mixed Outcome,,0.082 (0.326)
mode_written_speech,0.35703632790636614,Expands Expression,Expands Expression,0.1763203993235056,0.04287463313327848,spec_im_reform_decision,Mixed Outcome,**,0.357** (0.176)
mode_non_verbal_expression,-0.34991950814659706,Contracts Expression,Contracts Expression,0.28733150418385933,0.2232904566540772,spec_im_reform_decision,Mixed Outcome,,-0.35 (0.287)
mode_non_verbal_expression,-0.24344192835355083,Expands Expression,Expands Expression,0.13983775233154033,0.08170313310362298,spec_im_reform_decision,Mixed Outcome,*,-0.243* (0.14)
defendant_citizen,0.32308234532672714,Contracts Expression,Contracts Expression,0.32791575807043366,0.3244962771754264,spec_im_reform_decision,Mixed Outcome,,0.323 (0.328)
defendant_citizen,-0.5953685012296435,Expands Expression,Expands Expression,0.1520943438227225,9.06036056708306e-05,spec_im_reform_decision,Mixed Outcome,***,-0.595*** (0.152)
defendant_press,0.37051505373512783,Contracts Expression,Contracts Expression,0.4170437183790649,0.3743083297393547,spec_im_reform_decision,Mixed Outcome,,0.371 (0.417)
defendant_press,-0.4652414456828945,Expands Expression,Expands Expression,0.3574277487527858,0.19304025349444087,spec_im_reform_decision,Mixed Outcome,,-0.465 (0.357)
defendant_intermediary,0.475284024911722,Contracts Expression,Contracts Expression,0.382202306877517,0.21366874842241557,spec_im_reform_decision,Mixed Outcome,,0.475 (0.382)
defendant_intermediary,-0.8208188766545991,Expands Expression,Expands Expression,0.5614360668275027,0.14374152861826692,spec_im_reform_decision,Mixed Outcome,,-0.821 (0.561)
defendant_other,-0.4006077888052938,Contracts Expression,Contracts Expression,0.548582573783119,0.46523140881495373,spec_im_reform_decision,Mixed Outcome,,-0.401 (0.549)
defendant_other,-0.5094248897528802,Expands Expression,Expands Expression,0.17721185302170506,0.004044550899209894,spec_im_reform_decision,Mixed Outcome,***,-0.509*** (0.177)
defendant_unclear,1.3964055645770708,Contracts Expression,Contracts Expression,0.460538238672211,0.002428455071347765,spec_im_reform_decision,Mixed Outcome,***,1.396*** (0.461)
defendant_unclear,0.8313239453058272,Expands Expression,Expands Expression,0.3605491041267282,0.021126489876769343,spec_im_reform_decision,Mixed Outcome,**,0.831** (0.361)
Intercept,3.9169907023608883,Contracts Expression,Contracts Expression,0.7405943537659321,1.2299854310121245e-07,spec_p_reform_decision,Mixed Outcome,***,3.917*** (0.741)
Intercept,2.135653016839677,Expands Expression,Expands Expression,0.6031934404981232,0.0003992526265642191,spec_p_reform_decision,Mixed Outcome,***,2.136*** (0.603)
wdj_press_lag1,1.547545442372197,Contracts Expression,Contracts Expression,0.44645383762296365,0.0005276631359513218,spec_p_reform_decision,Mixed Outcome,***,1.548*** (0.446)
wdj_press_lag1,0.7051819160263946,Expands Expression,Expands Expression,0.3367251375233494,0.03623895944363202,spec_p_reform_decision,Mixed Outcome,**,0.705** (0.337)
v2jureform_lag1,0.141946658581374,Contracts Expression,Contracts Expression,0.24921102960036667,0.5689597645575338,spec_p_reform_decision,Mixed Outcome,,0.142 (0.249)
v2jureform_lag1,-0.1761039516982952,Expands Expression,Expands Expression,0.1921507102987003,0.3594106397146898,spec_p_reform_decision,Mixed Outcome,,-0.176 (0.192)
v2x_polyarchy_lag1,-5.543977636227105,Contracts Expression,Contracts Expression,1.1969757175335345,3.627556321739623e-06,spec_p_reform_decision,Mixed Outcome,***,-5.544*** (1.197)
v2x_polyarchy_lag1,-2.0701443387138605,Expands Expression,Expands Expression,0.788892221718714,0.008687430920954867,spec_p_reform_decision,Mixed Outcome,***,-2.07*** (0.789)
v2jureview_lag1,-0.3890045044888636,Contracts Expression,Contracts Expression,0.36877962925169716,0.2914972662620883,spec_p_reform_decision,Mixed Outcome,,-0.389 (0.369)
v2jureview_lag1,0.26587497248200437,Expands Expression,Expands Expression,0.3520318510769382,0.4500940223227001,spec_p_reform_decision,Mixed Outcome,,0.266 (0.352)
legal_common,0.8698469819359171,Contracts Expression,Contracts Expression,0.5089639409035793,0.08744090255248503,spec_p_reform_decision,Mixed Outcome,*,0.87* (0.509)
legal_common,-1.0267182038643674,Expands Expression,Expands Expression,0.4430198685160494,0.020474096352461068,spec_p_reform_decision,Mixed Outcome,**,-1.027** (0.443)
legal_civil,-0.06837316949169983,Contracts Expression,Contracts Expression,0.4431599693693222,0.8773846083312705,spec_p_reform_decision,Mixed Outcome,,-0.068 (0.443)
legal_civil,-0.38141103622310374,Expands Expression,Expands Expression,0.3069008941790559,0.21394802212946984,spec_p_reform_decision,Mixed Outcome,,-0.381 (0.307)
high_court,-0.4919012070978267,Contracts Expression,Contracts Expression,0.31215280898570064,0.11506391867128045,spec_p_reform_decision,Mixed Outcome,,-0.492 (0.312)
high_court,-0.11013223734501626,Expands Expression,Expands Expression,0.15672477053384434,0.48223580303353597,spec_p_reform_decision,Mixed Outcome,,-0.11 (0.157)
j_ind_lag1,0.1801274003889833,Contracts Expression,Contracts Expression,0.2270817773511496,0.4276455706966866,spec_p_reform_decision,Mixed Outcome,,0.18 (0.227)
j_ind_lag1,0.4055803518861418,Expands Expression,Expands Expression,0.17142579697273228,0.01798515168821577,spec_p_reform_decision,Mixed Outcome,**,0.406** (0.171)
mode_press_newspapers,-0.5782184221491599,Contracts Expression,Contracts Expression,0.4683559658339196,0.2169904228939129,spec_p_reform_decision,Mixed Outcome,,-0.578 (0.468)
mode_press_newspapers,0.30677838033126137,Expands Expression,Expands Expression,0.332142625777719,0.35567665727043907,spec_p_reform_decision,Mixed Outcome,,0.307 (0.332)
mode_public_speech,0.2990452662102433,Contracts Expression,Contracts Expression,0.21531726044053906,0.16487569901018773,spec_p_reform_decision,Mixed Outcome,,0.299 (0.215)
mode_public_speech,-0.049722223075082374,Expands Expression,Expands Expression,0.21537195436533715,0.8174183228804996,spec_p_reform_decision,Mixed Outcome,,-0.05 (0.215)
mode_public_documents,0.21384293322973155,Contracts Expression,Contracts Expression,0.35540986882635417,0.5473873090447489,spec_p_reform_decision,Mixed Outcome,,0.214 (0.355)
mode_public_documents,0.7165541160350934,Expands Expression,Expands Expression,0.6137129555091526,0.24297941505411325,spec_p_reform_decision,Mixed Outcome,,0.717 (0.614)
mode_audio_visual_broadcasting,-0.6514977473304256,Contracts Expression,Contracts Expression,0.40849258104679986,0.11073847073468318,spec_p_reform_decision,Mixed Outcome,,-0.651 (0.408)
mode_audio_visual_broadcasting,-0.09848353288160076,Expands Expression,Expands Expression,0.2509678330052102,0.6947516320519025,spec_p_reform_decision,Mixed Outcome,,-0.098 (0.251)
mode_public_assembly,-0.35144278113524313,Contracts Expression,Contracts Expression,0.18618011507345344,0.05907303451427303,spec_p_reform_decision,Mixed Outcome,*,-0.351* (0.186)
mode_public_assembly,-0.23557663366299345,Expands Expression,Expands Expression,0.4998704253854009,0.637444081945761,spec_p_reform_decision,Mixed Outcome,,-0.236 (0.5)
mode_written_speech,0.025193127547300517,Contracts Expression,Contracts Expression,0.3174424801827541,0.9367440478568214,spec_p_reform_decision,Mixed Outcome,,0.025 (0.317)
mode_written_speech,0.33460547336315205,Expands Expression,Expands Expression,0.17132268710887896,0.050811112513555995,spec_p_reform_decision,Mixed Outcome,*,0.335* (0.171)
mode_non_verbal_expression,-0.34953578829860277,Contracts Expression,Contracts Expression,0.2838217158591209,0.2181236096895458,spec_p_reform_decision,Mixed Outcome,,-0.35 (0.284)
mode_non_verbal_expression,-0.26587852380257865,Expands Expression,Expands Expression,0.14705484726227053,0.07060294459480868,spec_p_reform_decision,Mixed Outcome,*,-0.266* (0.147)
defendant_citizen,0.3556965290484982,Contracts Expression,Contracts Expression,0.3489203804743835,0.3080034590648594,spec_p_reform_decision,Mixed Outcome,,0.356 (0.349)
defendant_citizen,-0.5565173370007443,Expands Expression,Expands Expression,0.16716753120742334,0.0008712728608398891,spec_p_reform_decision,Mixed Outcome,***,-0.557*** (0.167)
defendant_press,0.3448829768555315,Contracts Expression,Contracts Expression,0.4132365180203008,0.40394871539155175,spec_p_reform_decision,Mixed Outcome,,0.345 (0.413)
defendant_press,-0.46191125046381204,Expands Expression,Expands Expression,0.344670769545625,0.18019590557821197,spec_p_reform_decision,Mixed Outcome,,-0.462 (0.345)
defendant_intermediary,0.5195204819755662,Contracts Expression,Contracts Expression,0.3582459316375446,0.14700880015263043,spec_p_reform_decision,Mixed Outcome,,0.52 (0.358)
defendant_intermediary,-0.7798929312768514,Expands Expression,Expands Expression,0.5463649711400406,0.1534585297446111,spec_p_reform_decision,Mixed Outcome,,-0.78 (0.546)
defendant_other,-0.38772083996851675,Contracts Expression,Contracts Expression,0.5601239407597693,0.48880832167118293,spec_p_reform_decision,Mixed Outcome,,-0.388 (0.56)
defendant_other,-0.47666926993224046,Expands Expression,Expands Expression,0.1759345629494406,0.006741407014487678,spec_p_reform_decision,Mixed Outcome,***,-0.477*** (0.176)
defendant_unclear,1.4093302490020327,Contracts Expression,Contracts Expression,0.48470342267976163,0.0036419807353023567,spec_p_reform_decision,Mixed Outcome,***,1.409*** (0.485)
defendant_unclear,0.8579726473850926,Expands Expression,Expands Expression,0.3988164112072155,0.03145274544988118,spec_p_reform_decision,Mixed Outcome,**,0.858** (0.399)
Intercept,3.647780747927325,Contracts Expression,Contracts Expression,0.8027711962013873,5.520043296193936e-06,spec_govprot_reform_decision,Mixed Outcome,***,3.648*** (0.803)
Intercept,2.0004207706371915,Expands Expression,Expands Expression,0.5960586769048698,0.000790556172713403,spec_govprot_reform_decision,Mixed Outcome,***,2.0*** (0.596)
wdj_govprot_lag1,0.17803906075425127,Contracts Expression,Contracts Expression,0.31816172056610387,0.575761392753989,spec_govprot_reform_decision,Mixed Outcome,,0.178 (0.318)
wdj_govprot_lag1,0.04885691706507777,Expands Expression,Expands Expression,0.2101913075442398,0.8161961009842962,spec_govprot_reform_decision,Mixed Outcome,,0.049 (0.21)
v2jureform_lag1,0.1344140709062582,Contracts Expression,Contracts Expression,0.2589133724463639,0.6036583149992647,spec_govprot_reform_decision,Mixed Outcome,,0.134 (0.259)
v2jureform_lag1,-0.18908914259811896,Expands Expression,Expands Expression,0.19734696830723114,0.33798420073427105,spec_govprot_reform_decision,Mixed Outcome,,-0.189 (0.197)
v2x_polyarchy_lag1,-4.951340048716714,Contracts Expression,Contracts Expression,1.4103704102533334,0.0004469849107147273,spec_govprot_reform_decision,Mixed Outcome,***,-4.951*** (1.41)
v2x_polyarchy_lag1,-1.7866356340564284,Expands Expression,Expands Expression,0.8872628745682156,0.044046441383694915,spec_govprot_reform_decision,Mixed Outcome,**,-1.787** (0.887)
v2jureview_lag1,-0.368912165918643,Contracts Expression,Contracts Expression,0.36596707383646493,0.31343169610841515,spec_govprot_reform_decision,Mixed Outcome,,-0.369 (0.366)
v2jureview_lag1,0.26747729262196057,Expands Expression,Expands Expression,0.3515641070692761,0.4467640963609363,spec_govprot_reform_decision,Mixed Outcome,,0.267 (0.352)
legal_common,0.6557074589241095,Contracts Expression,Contracts Expression,0.5329429083289374,0.21856525940661697,spec_govprot_reform_decision,Mixed Outcome,,0.656 (0.533)
legal_common,-1.1080602680046805,Expands Expression,Expands Expression,0.4406106731134677,0.011909030678513632,spec_govprot_reform_decision,Mixed Outcome,**,-1.108** (0.441)
legal_civil,0.033127926520460725,Contracts Expression,Contracts Expression,0.455769199732269,0.9420561876872445,spec_govprot_reform_decision,Mixed Outcome,,0.033 (0.456)
legal_civil,-0.314651165960395,Expands Expression,Expands Expression,0.2932949175471287,0.28335416144054626,spec_govprot_reform_decision,Mixed Outcome,,-0.315 (0.293)
high_court,-0.45474089927714667,Contracts Expression,Contracts Expression,0.3001378387869915,0.12974534404519203,spec_govprot_reform_decision,Mixed Outcome,,-0.455 (0.3)
high_court,-0.09490956948390745,Expands Expression,Expands Expression,0.14789299765143088,0.5210388638026391,spec_govprot_reform_decision,Mixed Outcome,,-0.095 (0.148)
j_ind_lag1,0.12140337402751246,Contracts Expression,Contracts Expression,0.2684211908944885,0.6510623503507128,spec_govprot_reform_decision,Mixed Outcome,,0.121 (0.268)
j_ind_lag1,0.38531646960187554,Expands Expression,Expands Expression,0.1950804531345923,0.04824920169930781,spec_govprot_reform_decision,Mixed Outcome,**,0.385** (0.195)
mode_press_newspapers,-0.5734762899941651,Contracts Expression,Contracts Expression,0.46267066899480813,0.2151635918795688,spec_govprot_reform_decision,Mixed Outcome,,-0.573 (0.463)
mode_press_newspapers,0.3111263472084255,Expands Expression,Expands Expression,0.3245603320904869,0.33775592486951456,spec_govprot_reform_decision,Mixed Outcome,,0.311 (0.325)
mode_public_speech,0.28901104853025905,Contracts Expression,Contracts Expression,0.2201502574905664,0.18925373285428804,spec_govprot_reform_decision,Mixed Outcome,,0.289 (0.22)
mode_public_speech,-0.05255467533631952,Expands Expression,Expands Expression,0.2122738105202905,0.804459658929958,spec_govprot_reform_decision,Mixed Outcome,,-0.053 (0.212)
mode_public_documents,0.31329332950305483,Contracts Expression,Contracts Expression,0.3509233938056273,0.37198119269769747,spec_govprot_reform_decision,Mixed Outcome,,0.313 (0.351)
mode_public_documents,0.76143484386857,Expands Expression,Expands Expression,0.6071202581733702,0.2097785278374631,spec_govprot_reform_decision,Mixed Outcome,,0.761 (0.607)
mode_audio_visual_broadcasting,-0.5987825250856631,Contracts Expression,Contracts Expression,0.394517506516223,0.12907514594434677,spec_govprot_reform_decision,Mixed Outcome,,-0.599 (0.395)
mode_audio_visual_broadcasting,-0.05758415359328534,Expands Expression,Expands Expression,0.2320403603019032,0.804007220248603,spec_govprot_reform_decision,Mixed Outcome,,-0.058 (0.232)
mode_public_assembly,-0.3609890731292085,Contracts Expression,Contracts Expression,0.19247720775456498,0.060725347683698375,spec_govprot_reform_decision,Mixed Outcome,*,-0.361* (0.192)
mode_public_assembly,-0.2340742831542689,Expands Expression,Expands Expression,0.4908610963270412,0.6334585372066083,spec_govprot_reform_decision,Mixed Outcome,,-0.234 (0.491)
mode_written_speech,0.06586437312177433,Contracts Expression,Contracts Expression,0.3243775904054768,0.839097148380352,spec_govprot_reform_decision,Mixed Outcome,,0.066 (0.324)
mode_written_speech,0.36112446588268904,Expands Expression,Expands Expression,0.18030381498760617,0.04519162264694314,spec_govprot_reform_decision,Mixed Outcome,**,0.361** (0.18)
mode_non_verbal_expression,-0.33311675774217214,Contracts Expression,Contracts Expression,0.28761894197518695,0.2467873944040998,spec_govprot_reform_decision,Mixed Outcome,,-0.333 (0.288)
mode_non_verbal_expression,-0.25614803861507013,Expands Expression,Expands Expression,0.14209465646526315,0.07144197594418052,spec_govprot_reform_decision,Mixed Outcome,*,-0.256* (0.142)
defendant_citizen,0.3337496631311343,Contracts Expression,Contracts Expression,0.33720745805721386,0.3222983859137565,spec_govprot_reform_decision,Mixed Outcome,,0.334 (0.337)
defendant_citizen,-0.5789786364454487,Expands Expression,Expands Expression,0.15706540347280615,0.00022760388995883232,spec_govprot_reform_decision,Mixed Outcome,***,-0.579*** (0.157)
defendant_press,0.3619677513703773,Contracts Expression,Contracts Expression,0.42014184275963284,0.38894234080626533,spec_govprot_reform_decision,Mixed Outcome,,0.362 (0.42)
defendant_press,-0.45435950012804516,Expands Expression,Expands Expression,0.343753929978817,0.18624875479109204,spec_govprot_reform_decision,Mixed Outcome,,-0.454 (0.344)
defendant_intermediary,0.46651928487367195,Contracts Expression,Contracts Expression,0.37088253042982144,0.20844143116592073,spec_govprot_reform_decision,Mixed Outcome,,0.467 (0.371)
defendant_intermediary,-0.810975406175416,Expands Expression,Expands Expression,0.559189058069673,0.14698309642497193,spec_govprot_reform_decision,Mixed Outcome,,-0.811 (0.559)
defendant_other,-0.41304339296672177,Contracts Expression,Contracts Expression,0.5537313153623405,0.455711236836126,spec_govprot_reform_decision,Mixed Outcome,,-0.413 (0.554)
defendant_other,-0.4912872580126527,Expands Expression,Expands Expression,0.17749339965878347,0.0056415568001031485,spec_govprot_reform_decision,Mixed Outcome,***,-0.491*** (0.177)
defendant_unclear,1.4315781037054573,Contracts Expression,Contracts Expression,0.47984629455062616,0.0028505610921640487,spec_govprot_reform_decision,Mixed Outcome,***,1.432*** (0.48)
defendant_unclear,0.8513447368932334,Expands Expression,Expands Expression,0.3919786991666536,0.029862013163275247,spec_govprot_reform_decision,Mixed Outcome,**,0.851** (0.392)
Intercept,4.337984140405674,Contracts Expression,Contracts Expression,0.9055145085108977,1.6625922188657925e-06,spec_c_pack_decision,Mixed Outcome,***,4.338*** (0.906)
Intercept,2.5224084200300063,Expands Expression,Expands Expression,0.7444654374447921,0.0007034928323770152,spec_c_pack_decision,Mixed Outcome,***,2.522*** (0.744)
wdj_citizen_lag1,0.7271011641823943,Contracts Expression,Contracts Expression,0.6197274609751958,0.24069173661182075,spec_c_pack_decision,Mixed Outcome,,0.727 (0.62)
wdj_citizen_lag1,0.5036085764489752,Expands Expression,Expands Expression,0.3651685652553713,0.16786003368694014,spec_c_pack_decision,Mixed Outcome,,0.504 (0.365)
v2jupack_lag1,0.4707470409144813,Contracts Expression,Contracts Expression,0.2578756647862167,0.06792852581781807,spec_c_pack_decision,Mixed Outcome,*,0.471* (0.258)
v2jupack_lag1,0.25037163305412125,Expands Expression,Expands Expression,0.2325002485236896,0.28154009527160795,spec_c_pack_decision,Mixed Outcome,,0.25 (0.233)
v2x_polyarchy_lag1,-6.844724873065056,Contracts Expression,Contracts Expression,1.7700152875843846,0.00011016309972038543,spec_c_pack_decision,Mixed Outcome,***,-6.845*** (1.77)
v2x_polyarchy_lag1,-3.3161117357657086,Expands Expression,Expands Expression,1.2744095450039215,0.009266105142565591,spec_c_pack_decision,Mixed Outcome,***,-3.316*** (1.274)
v2jureview_lag1,-0.3964992076711761,Contracts Expression,Contracts Expression,0.35114748625165776,0.25883333249401297,spec_c_pack_decision,Mixed Outcome,,-0.396 (0.351)
v2jureview_lag1,0.29838597632043673,Expands Expression,Expands Expression,0.3548879982131425,0.4004660697748611,spec_c_pack_decision,Mixed Outcome,,0.298 (0.355)
legal_common,0.570069270904982,Contracts Expression,Contracts Expression,0.49556294026299064,0.2500010387870747,spec_c_pack_decision,Mixed Outcome,,0.57 (0.496)
legal_common,-0.8880765308484299,Expands Expression,Expands Expression,0.3860174923193386,0.021413563962968885,spec_c_pack_decision,Mixed Outcome,**,-0.888** (0.386)
legal_civil,0.002167008870871687,Contracts Expression,Contracts Expression,0.40760704530492203,0.9957581332408043,spec_c_pack_decision,Mixed Outcome,,0.002 (0.408)
legal_civil,-0.10799681927135199,Expands Expression,Expands Expression,0.29100075881423804,0.7105465743850149,spec_c_pack_decision,Mixed Outcome,,-0.108 (0.291)
high_court,-0.4506148904731827,Contracts Expression,Contracts Expression,0.2965433945640837,0.12862209802485544,spec_c_pack_decision,Mixed Outcome,,-0.451 (0.297)
high_court,-0.0525006046352021,Expands Expression,Expands Expression,0.1438661163169358,0.7151660318649877,spec_c_pack_decision,Mixed Outcome,,-0.053 (0.144)
j_ind_lag1,0.24026493997775258,Contracts Expression,Contracts Expression,0.22998455742470184,0.29616149842306827,spec_c_pack_decision,Mixed Outcome,,0.24 (0.23)
j_ind_lag1,0.39512144855726117,Expands Expression,Expands Expression,0.1827755695168169,0.030634767397629815,spec_c_pack_decision,Mixed Outcome,**,0.395** (0.183)
mode_press_newspapers,-0.549197215129354,Contracts Expression,Contracts Expression,0.469725663562359,0.24232823274284576,spec_c_pack_decision,Mixed Outcome,,-0.549 (0.47)
mode_press_newspapers,0.33990783491203735,Expands Expression,Expands Expression,0.3314235256769467,0.30508035673684963,spec_c_pack_decision,Mixed Outcome,,0.34 (0.331)
mode_public_speech,0.2840026050550567,Contracts Expression,Contracts Expression,0.21669495485114526,0.1899895117536401,spec_c_pack_decision,Mixed Outcome,,0.284 (0.217)
mode_public_speech,-0.06069093089097356,Expands Expression,Expands Expression,0.2194227433210704,0.782092164131913,spec_c_pack_decision,Mixed Outcome,,-0.061 (0.219)
mode_public_documents,0.2749204942627015,Contracts Expression,Contracts Expression,0.34923258374335925,0.43115708060918123,spec_c_pack_decision,Mixed Outcome,,0.275 (0.349)
mode_public_documents,0.6504201929562573,Expands Expression,Expands Expression,0.5900822378843109,0.2703514929205476,spec_c_pack_decision,Mixed Outcome,,0.65 (0.59)
mode_audio_visual_broadcasting,-0.6268404859162405,Contracts Expression,Contracts Expression,0.3805944002306518,0.09955723102817773,spec_c_pack_decision,Mixed Outcome,*,-0.627* (0.381)
mode_audio_visual_broadcasting,-0.10627678625048255,Expands Expression,Expands Expression,0.24959735829572074,0.6702587515440974,spec_c_pack_decision,Mixed Outcome,,-0.106 (0.25)
mode_public_assembly,-0.3753998016255741,Contracts Expression,Contracts Expression,0.20859724909129,0.07191761568782384,spec_c_pack_decision,Mixed Outcome,*,-0.375* (0.209)
mode_public_assembly,-0.23339366168916692,Expands Expression,Expands Expression,0.5100414441445003,0.6472416794528322,spec_c_pack_decision,Mixed Outcome,,-0.233 (0.51)
mode_written_speech,0.09004173426371034,Contracts Expression,Contracts Expression,0.33947876139090544,0.7908282411911148,spec_c_pack_decision,Mixed Outcome,,0.09 (0.339)
mode_written_speech,0.38459499541867065,Expands Expression,Expands Expression,0.1895361237258282,0.042444212537083144,spec_c_pack_decision,Mixed Outcome,**,0.385** (0.19)
mode_non_verbal_expression,-0.39317212704248655,Contracts Expression,Contracts Expression,0.28986559928039074,0.17497365767142192,spec_c_pack_decision,Mixed Outcome,,-0.393 (0.29)
mode_non_verbal_expression,-0.3005923525501279,Expands Expression,Expands Expression,0.1400101411331214,0.03179863859870657,spec_c_pack_decision,Mixed Outcome,**,-0.301** (0.14)
defendant_citizen,0.27663849560279224,Contracts Expression,Contracts Expression,0.31639052056202716,0.3819234724345144,spec_c_pack_decision,Mixed Outcome,,0.277 (0.316)
defendant_citizen,-0.6321996427265247,Expands Expression,Expands Expression,0.15838311469255714,6.563319397438332e-05,spec_c_pack_decision,Mixed Outcome,***,-0.632*** (0.158)
defendant_press,0.348681905126783,Contracts Expression,Contracts Expression,0.4233860576855799,0.41019218490769704,spec_c_pack_decision,Mixed Outcome,,0.349 (0.423)
defendant_press,-0.48655752707042754,Expands Expression,Expands Expression,0.3506412545045234,0.1652521715743166,spec_c_pack_decision,Mixed Outcome,,-0.487 (0.351)
defendant_intermediary,0.5164349580634915,Contracts Expression,Contracts Expression,0.3584651411392949,0.14967400498312983,spec_c_pack_decision,Mixed Outcome,,0.516 (0.358)
defendant_intermediary,-0.8133541806167248,Expands Expression,Expands Expression,0.555367246918935,0.1430481174576596,spec_c_pack_decision,Mixed Outcome,,-0.813 (0.555)
defendant_other,-0.41086490082938965,Contracts Expression,Contracts Expression,0.5204898115032187,0.4298892081556037,spec_c_pack_decision,Mixed Outcome,,-0.411 (0.52)
defendant_other,-0.4997219930493063,Expands Expression,Expands Expression,0.16507575446773898,0.0024680748984226126,spec_c_pack_decision,Mixed Outcome,***,-0.5*** (0.165)
defendant_unclear,1.3206916669080517,Contracts Expression,Contracts Expression,0.44371342646451434,0.0029160483083032957,spec_c_pack_decision,Mixed Outcome,***,1.321*** (0.444)
defendant_unclear,0.7492007288500322,Expands Expression,Expands Expression,0.37462835778733466,0.0455164037805294,spec_c_pack_decision,Mixed Outcome,**,0.749** (0.375)
Intercept,4.521861342360859,Contracts Expression,Contracts Expression,0.9331828463029646,1.2620880164676491e-06,spec_im_pack_decision,Mixed Outcome,***,4.522*** (0.933)
Intercept,2.7428576968026626,Expands Expression,Expands Expression,0.7320681318690313,0.00017915857573464654,spec_im_pack_decision,Mixed Outcome,***,2.743*** (0.732)
wdj_intermediaries_lag1,-0.04369258038413921,Contracts Expression,Contracts Expression,0.9364946634704617,0.9627878370297298,spec_im_pack_decision,Mixed Outcome,,-0.044 (0.936)
wdj_intermediaries_lag1,-0.7897031304409047,Expands Expression,Expands Expression,0.510142599503648,0.12162117024527228,spec_im_pack_decision,Mixed Outcome,,-0.79 (0.51)
v2jupack_lag1,0.5364016022978512,Contracts Expression,Contracts Expression,0.25403387312142656,0.03472628929455185,spec_im_pack_decision,Mixed Outcome,**,0.536** (0.254)
v2jupack_lag1,0.33595139247916417,Expands Expression,Expands Expression,0.21681472103471444,0.12126491486303924,spec_im_pack_decision,Mixed Outcome,,0.336 (0.217)
v2x_polyarchy_lag1,-7.00704068569131,Contracts Expression,Contracts Expression,1.7777587338780139,8.097275452025981e-05,spec_im_pack_decision,Mixed Outcome,***,-7.007*** (1.778)
v2x_polyarchy_lag1,-3.478212887780043,Expands Expression,Expands Expression,1.26643280268151,0.006024138289273853,spec_im_pack_decision,Mixed Outcome,***,-3.478*** (1.266)
v2jureview_lag1,-0.41576913403693827,Contracts Expression,Contracts Expression,0.3725402726701403,0.26440583096476,spec_im_pack_decision,Mixed Outcome,,-0.416 (0.373)
v2jureview_lag1,0.2825109169985292,Expands Expression,Expands Expression,0.3632590760720846,0.4367388577584046,spec_im_pack_decision,Mixed Outcome,,0.283 (0.363)
legal_common,0.5231276084078321,Contracts Expression,Contracts Expression,0.5150888028468995,0.3098167415931655,spec_im_pack_decision,Mixed Outcome,,0.523 (0.515)
legal_common,-0.9903018628715216,Expands Expression,Expands Expression,0.40394752763217445,0.014223821438326657,spec_im_pack_decision,Mixed Outcome,**,-0.99** (0.404)
legal_civil,0.26029976467255306,Contracts Expression,Contracts Expression,0.4609249540976766,0.5722550415894061,spec_im_pack_decision,Mixed Outcome,,0.26 (0.461)
legal_civil,0.2527268875878979,Expands Expression,Expands Expression,0.3441609103715382,0.4627490433606001,spec_im_pack_decision,Mixed Outcome,,0.253 (0.344)
high_court,-0.44792867919049556,Contracts Expression,Contracts Expression,0.2944761506383307,0.12823388693601478,spec_im_pack_decision,Mixed Outcome,,-0.448 (0.294)
high_court,-0.053386563765449674,Expands Expression,Expands Expression,0.14520496102421088,0.7131241620110453,spec_im_pack_decision,Mixed Outcome,,-0.053 (0.145)
j_ind_lag1,0.21428894904275847,Contracts Expression,Contracts Expression,0.23140384658198376,0.35442579737232704,spec_im_pack_decision,Mixed Outcome,,0.214 (0.231)
j_ind_lag1,0.35885373895333,Expands Expression,Expands Expression,0.17274980172525295,0.03777357162538799,spec_im_pack_decision,Mixed Outcome,**,0.359** (0.173)
mode_press_newspapers,-0.5785780879447592,Contracts Expression,Contracts Expression,0.4726252753733422,0.22088458888165752,spec_im_pack_decision,Mixed Outcome,,-0.579 (0.473)
mode_press_newspapers,0.3148541863365992,Expands Expression,Expands Expression,0.3273805394250196,0.336181411426431,spec_im_pack_decision,Mixed Outcome,,0.315 (0.327)
mode_public_speech,0.2905525157135887,Contracts Expression,Contracts Expression,0.21079305728883965,0.16808660781503904,spec_im_pack_decision,Mixed Outcome,,0.291 (0.211)
mode_public_speech,-0.056006560713571615,Expands Expression,Expands Expression,0.21659712810196416,0.7959633229870087,spec_im_pack_decision,Mixed Outcome,,-0.056 (0.217)
mode_public_documents,0.2929390810473848,Contracts Expression,Contracts Expression,0.3387241437929696,0.38713164919234555,spec_im_pack_decision,Mixed Outcome,,0.293 (0.339)
mode_public_documents,0.6815131813785356,Expands Expression,Expands Expression,0.5852793725342912,0.24425234152218922,spec_im_pack_decision,Mixed Outcome,,0.682 (0.585)
mode_audio_visual_broadcasting,-0.6169467530960299,Contracts Expression,Contracts Expression,0.3691920610601733,0.09470733026765497,spec_im_pack_decision,Mixed Outcome,*,-0.617* (0.369)
mode_audio_visual_broadcasting,-0.08094297968541445,Expands Expression,Expands Expression,0.21700210599621844,0.7091443483117841,spec_im_pack_decision,Mixed Outcome,,-0.081 (0.217)
mode_public_assembly,-0.40569906581883564,Contracts Expression,Contracts Expression,0.2012126390196247,0.043771719960095365,spec_im_pack_decision,Mixed Outcome,**,-0.406** (0.201)
mode_public_assembly,-0.26513696001171044,Expands Expression,Expands Expression,0.48702911274166133,0.5861686316915833,spec_im_pack_decision,Mixed Outcome,,-0.265 (0.487)
mode_written_speech,0.100244609983446,Contracts Expression,Contracts Expression,0.32995749638379934,0.7612721327983105,spec_im_pack_decision,Mixed Outcome,,0.1 (0.33)
mode_written_speech,0.3889637726276092,Expands Expression,Expands Expression,0.19550626383055464,0.04664375156327971,spec_im_pack_decision,Mixed Outcome,**,0.389** (0.196)
mode_non_verbal_expression,-0.3826439111265791,Contracts Expression,Contracts Expression,0.27748241648928473,0.167899577641912,spec_im_pack_decision,Mixed Outcome,,-0.383 (0.277)
mode_non_verbal_expression,-0.28024514678746026,Expands Expression,Expands Expression,0.13522488767687713,0.03822464638560616,spec_im_pack_decision,Mixed Outcome,**,-0.28** (0.135)
defendant_citizen,0.2984885150989615,Contracts Expression,Contracts Expression,0.31261317110354914,0.33967001442127975,spec_im_pack_decision,Mixed Outcome,,0.298 (0.313)
defendant_citizen,-0.6328226688406852,Expands Expression,Expands Expression,0.15039264327332558,2.578651106537474e-05,spec_im_pack_decision,Mixed Outcome,***,-0.633*** (0.15)
defendant_press,0.36601892279432524,Contracts Expression,Contracts Expression,0.4230382705499113,0.386920968333075,spec_im_pack_decision,Mixed Outcome,,0.366 (0.423)
defendant_press,-0.4901266307010024,Expands Expression,Expands Expression,0.35934401700030216,0.1725838644264326,spec_im_pack_decision,Mixed Outcome,,-0.49 (0.359)
defendant_intermediary,0.4642935234622165,Contracts Expression,Contracts Expression,0.38308263540642185,0.22551500930025903,spec_im_pack_decision,Mixed Outcome,,0.464 (0.383)
defendant_intermediary,-0.8584088222927818,Expands Expression,Expands Expression,0.5788378365147775,0.13807794018255917,spec_im_pack_decision,Mixed Outcome,,-0.858 (0.579)
defendant_other,-0.42609700570935705,Contracts Expression,Contracts Expression,0.5221675703758645,0.4144910793486567,spec_im_pack_decision,Mixed Outcome,,-0.426 (0.522)
defendant_other,-0.5344133251949134,Expands Expression,Expands Expression,0.1729505826408054,0.0020017198509611487,spec_im_pack_decision,Mixed Outcome,***,-0.534*** (0.173)
defendant_unclear,1.323876822163104,Contracts Expression,Contracts Expression,0.42058680543897814,0.0016456619657042022,spec_im_pack_decision,Mixed Outcome,***,1.324*** (0.421)
defendant_unclear,0.7360516860820076,Expands Expression,Expands Expression,0.3347142382610847,0.027874719742158736,spec_im_pack_decision,Mixed Outcome,**,0.736** (0.335)
Intercept,4.586060964317509,Contracts Expression,Contracts Expression,0.8883878247564486,2.4402713248994357e-07,spec_p_pack_decision,Mixed Outcome,***,4.586*** (0.888)
Intercept,2.6372293325973595,Expands Expression,Expands Expression,0.7162545025821292,0.00023143644187004997,spec_p_pack_decision,Mixed Outcome,***,2.637*** (0.716)
wdj_press_lag1,1.3895984027560613,Contracts Expression,Contracts Expression,0.5606120121047355,0.013185595810063708,spec_p_pack_decision,Mixed Outcome,**,1.39** (0.561)
wdj_press_lag1,0.6122283614825832,Expands Expression,Expands Expression,0.4168846433807872,0.14194680017300015,spec_p_pack_decision,Mixed Outcome,,0.612 (0.417)
v2jupack_lag1,0.4612591835795783,Contracts Expression,Contracts Expression,0.2501668937004339,0.0652114389922622,spec_p_pack_decision,Mixed Outcome,*,0.461* (0.25)
v2jupack_lag1,0.2551631844109456,Expands Expression,Expands Expression,0.22628219978572434,0.25947511461563344,spec_p_pack_decision,Mixed Outcome,,0.255 (0.226)
v2x_polyarchy_lag1,-7.108255340385185,Contracts Expression,Contracts Expression,1.6394875154552935,1.4532547823675574e-05,spec_p_pack_decision,Mixed Outcome,***,-7.108*** (1.639)
v2x_polyarchy_lag1,-3.435255951938387,Expands Expression,Expands Expression,1.1928780023789929,0.003979212909425454,spec_p_pack_decision,Mixed Outcome,***,-3.435*** (1.193)
v2jureview_lag1,-0.4437093316065223,Contracts Expression,Contracts Expression,0.3782876192687334,0.24081917680523957,spec_p_pack_decision,Mixed Outcome,,-0.444 (0.378)
v2jureview_lag1,0.2906449407249557,Expands Expression,Expands Expression,0.35215949718222317,0.40918886907687646,spec_p_pack_decision,Mixed Outcome,,0.291 (0.352)
legal_common,0.6771544867578287,Contracts Expression,Contracts Expression,0.4567053591750854,0.13815561835200058,spec_p_pack_decision,Mixed Outcome,,0.677 (0.457)
legal_common,-0.863906694498161,Expands Expression,Expands Expression,0.3823950024273913,0.023870962279364458,spec_p_pack_decision,Mixed Outcome,**,-0.864** (0.382)
legal_civil,0.01565508034330728,Contracts Expression,Contracts Expression,0.4080437017041087,0.969395721200225,spec_p_pack_decision,Mixed Outcome,,0.016 (0.408)
legal_civil,-0.0532336634579733,Expands Expression,Expands Expression,0.298871435368775,0.8586321950401914,spec_p_pack_decision,Mixed Outcome,,-0.053 (0.299)
high_court,-0.46632228919555574,Contracts Expression,Contracts Expression,0.2994709342823836,0.1194339854555774,spec_p_pack_decision,Mixed Outcome,,-0.466 (0.299)
high_court,-0.05843940035636137,Expands Expression,Expands Expression,0.14532446215892875,0.6875879786025585,spec_p_pack_decision,Mixed Outcome,,-0.058 (0.145)
j_ind_lag1,0.23972445065564849,Contracts Expression,Contracts Expression,0.22287536058137672,0.28210676394985446,spec_p_pack_decision,Mixed Outcome,,0.24 (0.223)
j_ind_lag1,0.3863936100507139,Expands Expression,Expands Expression,0.17757418480534493,0.02955855197871461,spec_p_pack_decision,Mixed Outcome,**,0.386** (0.178)
mode_press_newspapers,-0.5786404532597835,Contracts Expression,Contracts Expression,0.4711096570304056,0.21935312072709667,spec_p_pack_decision,Mixed Outcome,,-0.579 (0.471)
mode_press_newspapers,0.32133244822294366,Expands Expression,Expands Expression,0.3280625566691535,0.32734025371202846,spec_p_pack_decision,Mixed Outcome,,0.321 (0.328)
mode_public_speech,0.30220378358676564,Contracts Expression,Contracts Expression,0.2098676466684353,0.1498749857330617,spec_p_pack_decision,Mixed Outcome,,0.302 (0.21)
mode_public_speech,-0.04936648466390241,Expands Expression,Expands Expression,0.22636881823528276,0.8273668737497413,spec_p_pack_decision,Mixed Outcome,,-0.049 (0.226)
mode_public_documents,0.20352257406569402,Contracts Expression,Contracts Expression,0.34143010928784423,0.5511160820792079,spec_p_pack_decision,Mixed Outcome,,0.204 (0.341)
mode_public_documents,0.6376501965416507,Expands Expression,Expands Expression,0.5888751171675656,0.27888497752107244,spec_p_pack_decision,Mixed Outcome,,0.638 (0.589)
mode_audio_visual_broadcasting,-0.6673613813018378,Contracts Expression,Contracts Expression,0.38531938639419283,0.08327901323091208,spec_p_pack_decision,Mixed Outcome,*,-0.667* (0.385)
mode_audio_visual_broadcasting,-0.12042566976082035,Expands Expression,Expands Expression,0.24888728656210937,0.6284878896443293,spec_p_pack_decision,Mixed Outcome,,-0.12 (0.249)
mode_public_assembly,-0.41310490310738884,Contracts Expression,Contracts Expression,0.19722397250898072,0.036206759068892,spec_p_pack_decision,Mixed Outcome,**,-0.413** (0.197)
mode_public_assembly,-0.25066867318330527,Expands Expression,Expands Expression,0.5022415655881116,0.6177090668851585,spec_p_pack_decision,Mixed Outcome,,-0.251 (0.502)
mode_written_speech,0.037260845190586846,Contracts Expression,Contracts Expression,0.3165457717845512,0.9062968362567608,spec_p_pack_decision,Mixed Outcome,,0.037 (0.317)
mode_written_speech,0.3561016804144606,Expands Expression,Expands Expression,0.1846104286679919,0.05373882234925892,spec_p_pack_decision,Mixed Outcome,*,0.356* (0.185)
mode_non_verbal_expression,-0.38344712046648943,Contracts Expression,Contracts Expression,0.27821172732233057,0.16812410976261194,spec_p_pack_decision,Mixed Outcome,,-0.383 (0.278)
mode_non_verbal_expression,-0.29847135374478145,Expands Expression,Expands Expression,0.1417100101696022,0.035185922988277475,spec_p_pack_decision,Mixed Outcome,**,-0.298** (0.142)
defendant_citizen,0.3370503555918753,Contracts Expression,Contracts Expression,0.33807286412043397,0.3187764124910599,spec_p_pack_decision,Mixed Outcome,,0.337 (0.338)
defendant_citizen,-0.5870625637932387,Expands Expression,Expands Expression,0.16444283950278726,0.0003569677467742092,spec_p_pack_decision,Mixed Outcome,***,-0.587*** (0.164)
defendant_press,0.34702384577414536,Contracts Expression,Contracts Expression,0.421417552193108,0.4102419385080728,spec_p_pack_decision,Mixed Outcome,,0.347 (0.421)
defendant_press,-0.4826107744050175,Expands Expression,Expands Expression,0.34733445294963716,0.16468990173375986,spec_p_pack_decision,Mixed Outcome,,-0.483 (0.347)
defendant_intermediary,0.5108543292909818,Contracts Expression,Contracts Expression,0.35460075945719494,0.14968458739490825,spec_p_pack_decision,Mixed Outcome,,0.511 (0.355)
defendant_intermediary,-0.8201980023769609,Expands Expression,Expands Expression,0.5587768085251883,0.14214620543050455,spec_p_pack_decision,Mixed Outcome,,-0.82 (0.559)
defendant_other,-0.40473256146317027,Contracts Expression,Contracts Expression,0.53847391439676,0.45227425252479914,spec_p_pack_decision,Mixed Outcome,,-0.405 (0.538)
defendant_other,-0.4949932303009309,Expands Expression,Expands Expression,0.16837202844812504,0.0032834145013201817,spec_p_pack_decision,Mixed Outcome,***,-0.495*** (0.168)
defendant_unclear,1.3552400966172038,Contracts Expression,Contracts Expression,0.4556493376195592,0.002936530463796151,spec_p_pack_decision,Mixed Outcome,***,1.355*** (0.456)
defendant_unclear,0.7810623751023604,Expands Expression,Expands Expression,0.38502193272460217,0.04249722645282693,spec_p_pack_decision,Mixed Outcome,**,0.781** (0.385)
Intercept,4.420306686574534,Contracts Expression,Contracts Expression,0.9534042682634561,3.5463185098570186e-06,spec_govprot_pack_decision,Mixed Outcome,***,4.42*** (0.953)
Intercept,2.5917241982190773,Expands Expression,Expands Expression,0.754114735512753,0.0005886800061054557,spec_govprot_pack_decision,Mixed Outcome,***,2.592*** (0.754)
wdj_govprot_lag1,0.22191291017952458,Contracts Expression,Contracts Expression,0.2717804698663211,0.4142054800489876,spec_govprot_pack_decision,Mixed Outcome,,0.222 (0.272)
wdj_govprot_lag1,0.06803874959432483,Expands Expression,Expands Expression,0.17941631954116088,0.7045224610679164,spec_govprot_pack_decision,Mixed Outcome,,0.068 (0.179)
v2jupack_lag1,0.5298492814515693,Contracts Expression,Contracts Expression,0.2566474525012484,0.03897010665135931,spec_govprot_pack_decision,Mixed Outcome,**,0.53** (0.257)
v2jupack_lag1,0.29669673239548966,Expands Expression,Expands Expression,0.2283606076179497,0.19385932979845277,spec_govprot_pack_decision,Mixed Outcome,,0.297 (0.228)
v2x_polyarchy_lag1,-6.776495040269953,Contracts Expression,Contracts Expression,1.8069470675985007,0.0001766615523883803,spec_govprot_pack_decision,Mixed Outcome,***,-6.776*** (1.807)
v2x_polyarchy_lag1,-3.3305488421085263,Expands Expression,Expands Expression,1.3209723345227826,0.011692682657907393,spec_govprot_pack_decision,Mixed Outcome,**,-3.331** (1.321)
v2jureview_lag1,-0.43773742494352125,Contracts Expression,Contracts Expression,0.37682216019114423,0.24537554690583352,spec_govprot_pack_decision,Mixed Outcome,,-0.438 (0.377)
v2jureview_lag1,0.27848647332892995,Expands Expression,Expands Expression,0.35212841933477523,0.4290220601342333,spec_govprot_pack_decision,Mixed Outcome,,0.278 (0.352)
legal_common,0.4739915476326662,Contracts Expression,Contracts Expression,0.491298276627629,0.3346582822405031,spec_govprot_pack_decision,Mixed Outcome,,0.474 (0.491)
legal_common,-0.9209324282252564,Expands Expression,Expands Expression,0.38764135574326064,0.01751412267451486,spec_govprot_pack_decision,Mixed Outcome,**,-0.921** (0.388)
legal_civil,0.1341960362597175,Contracts Expression,Contracts Expression,0.4135686677521032,0.7455723279837511,spec_govprot_pack_decision,Mixed Outcome,,0.134 (0.414)
legal_civil,0.019203059227321073,Expands Expression,Expands Expression,0.29027840750611833,0.9472552700432495,spec_govprot_pack_decision,Mixed Outcome,,0.019 (0.29)
high_court,-0.40984512751409113,Contracts Expression,Contracts Expression,0.2951654898621656,0.16497675743189033,spec_govprot_pack_decision,Mixed Outcome,,-0.41 (0.295)
high_court,-0.03380649616220881,Expands Expression,Expands Expression,0.13805989448678743,0.8065583822567504,spec_govprot_pack_decision,Mixed Outcome,,-0.034 (0.138)
j_ind_lag1,0.1743421017664921,Contracts Expression,Contracts Expression,0.25831699127013397,0.49972954952064563,spec_govprot_pack_decision,Mixed Outcome,,0.174 (0.258)
j_ind_lag1,0.3565773697307969,Expands Expression,Expands Expression,0.200089485370477,0.07473463879069069,spec_govprot_pack_decision,Mixed Outcome,*,0.357* (0.2)
mode_press_newspapers,-0.5636997528141182,Contracts Expression,Contracts Expression,0.46959784761497486,0.22998857826472852,spec_govprot_pack_decision,Mixed Outcome,,-0.564 (0.47)
mode_press_newspapers,0.3312975647723367,Expands Expression,Expands Expression,0.32150947902940524,0.3028015527444696,spec_govprot_pack_decision,Mixed Outcome,,0.331 (0.322)
mode_public_speech,0.29390442771958114,Contracts Expression,Contracts Expression,0.21380724748935598,0.16924825595141646,spec_govprot_pack_decision,Mixed Outcome,,0.294 (0.214)
mode_public_speech,-0.051756203575710896,Expands Expression,Expands Expression,0.22442226657710232,0.8176102347844934,spec_govprot_pack_decision,Mixed Outcome,,-0.052 (0.224)
mode_public_documents,0.2810105679301718,Contracts Expression,Contracts Expression,0.34385597396180323,0.4137950898814938,spec_govprot_pack_decision,Mixed Outcome,,0.281 (0.344)
mode_public_documents,0.6629795339085993,Expands Expression,Expands Expression,0.5872105318772171,0.25888429696238857,spec_govprot_pack_decision,Mixed Outcome,,0.663 (0.587)
mode_audio_visual_broadcasting,-0.6301249984327995,Contracts Expression,Contracts Expression,0.3760896338926016,0.09384304308038473,spec_govprot_pack_decision,Mixed Outcome,*,-0.63* (0.376)
mode_audio_visual_broadcasting,-0.09143009636345747,Expands Expression,Expands Expression,0.23384041841770264,0.6958020002243026,spec_govprot_pack_decision,Mixed Outcome,,-0.091 (0.234)
mode_public_assembly,-0.4272068590238223,Contracts Expression,Contracts Expression,0.20374799037739577,0.03601646812506646,spec_govprot_pack_decision,Mixed Outcome,**,-0.427** (0.204)
mode_public_assembly,-0.2521034157240823,Expands Expression,Expands Expression,0.49597916249173524,0.61124691805408,spec_govprot_pack_decision,Mixed Outcome,,-0.252 (0.496)
mode_written_speech,0.0893966609505826,Contracts Expression,Contracts Expression,0.3252154522664317,0.7834050373188162,spec_govprot_pack_decision,Mixed Outcome,,0.089 (0.325)
mode_written_speech,0.3897819023757561,Expands Expression,Expands Expression,0.1978177319332085,0.04879147846253539,spec_govprot_pack_decision,Mixed Outcome,**,0.39** (0.198)
mode_non_verbal_expression,-0.36731699946395485,Contracts Expression,Contracts Expression,0.28381188948265773,0.1955870363419302,spec_govprot_pack_decision,Mixed Outcome,,-0.367 (0.284)
mode_non_verbal_expression,-0.29202624504400304,Expands Expression,Expands Expression,0.13831970060542256,0.03475158872473963,spec_govprot_pack_decision,Mixed Outcome,**,-0.292** (0.138)
defendant_citizen,0.3132805940563638,Contracts Expression,Contracts Expression,0.3211333139491038,0.32928907233908766,spec_govprot_pack_decision,Mixed Outcome,,0.313 (0.321)
defendant_citizen,-0.6120644455756513,Expands Expression,Expands Expression,0.1539608399414248,7.024472126216119e-05,spec_govprot_pack_decision,Mixed Outcome,***,-0.612*** (0.154)
defendant_press,0.3623671957272455,Contracts Expression,Contracts Expression,0.42821604062127205,0.3974271380125266,spec_govprot_pack_decision,Mixed Outcome,,0.362 (0.428)
defendant_press,-0.47688680736522576,Expands Expression,Expands Expression,0.3454215276743681,0.1674039015460992,spec_govprot_pack_decision,Mixed Outcome,,-0.477 (0.345)
defendant_intermediary,0.4552137886104668,Contracts Expression,Contracts Expression,0.36971355744834233,0.21822536019639716,spec_govprot_pack_decision,Mixed Outcome,,0.455 (0.37)
defendant_intermediary,-0.8489111207165213,Expands Expression,Expands Expression,0.5742074567555234,0.13929943324321564,spec_govprot_pack_decision,Mixed Outcome,,-0.849 (0.574)
defendant_other,-0.4331401875411662,Contracts Expression,Contracts Expression,0.5298912456930717,0.4136922390668597,spec_govprot_pack_decision,Mixed Outcome,,-0.433 (0.53)
defendant_other,-0.5107807673731743,Expands Expression,Expands Expression,0.17079076710379673,0.0027835576232716364,spec_govprot_pack_decision,Mixed Outcome,***,-0.511*** (0.171)
defendant_unclear,1.364626705109081,Contracts Expression,Contracts Expression,0.4436120047808521,0.002096770483189301,spec_govprot_pack_decision,Mixed Outcome,***,1.365*** (0.444)
defendant_unclear,0.7695725849070566,Expands Expression,Expands Expression,0.3745137219106508,0.039892704797799175,spec_govprot_pack_decision,Mixed Outcome,**,0.77** (0.375)
Intercept,3.819399493094776,Contracts Expression,Contracts Expression,0.6917052874753417,3.357066140431231e-08,spec_c_attack_decision,Mixed Outcome,***,3.819*** (0.692)
Intercept,2.172412554236115,Expands Expression,Expands Expression,0.6250679153712891,0.0005099354050862668,spec_c_attack_decision,Mixed Outcome,***,2.172*** (0.625)
wdj_citizen_lag1,0.8428627170165112,Contracts Expression,Contracts Expression,0.6304516232193227,0.18124909711925907,spec_c_attack_decision,Mixed Outcome,,0.843 (0.63)
wdj_citizen_lag1,0.5690610876938279,Expands Expression,Expands Expression,0.39033253352047087,0.1448714372286011,spec_c_attack_decision,Mixed Outcome,,0.569 (0.39)
v2jupoatck_lag1,0.18440611288172354,Contracts Expression,Contracts Expression,0.09843548893146636,0.06101728029706134,spec_c_attack_decision,Mixed Outcome,*,0.184* (0.098)
v2jupoatck_lag1,0.06123651475213289,Expands Expression,Expands Expression,0.08166649080927155,0.4533531892484054,spec_c_attack_decision,Mixed Outcome,,0.061 (0.082)
v2x_polyarchy_lag1,-5.667771996252534,Contracts Expression,Contracts Expression,1.2909148431189081,1.130861341704431e-05,spec_c_attack_decision,Mixed Outcome,***,-5.668*** (1.291)
v2x_polyarchy_lag1,-2.566361266341611,Expands Expression,Expands Expression,0.9158094520218418,0.00507416517527722,spec_c_attack_decision,Mixed Outcome,***,-2.566*** (0.916)
v2jureview_lag1,-0.24776682207879597,Contracts Expression,Contracts Expression,0.3330438094498739,0.4569087591926896,spec_c_attack_decision,Mixed Outcome,,-0.248 (0.333)
v2jureview_lag1,0.3657734216911505,Expands Expression,Expands Expression,0.36396789849822686,0.314915790393804,spec_c_attack_decision,Mixed Outcome,,0.366 (0.364)
legal_common,0.5680558260398505,Contracts Expression,Contracts Expression,0.4884498770464505,0.24483895604823736,spec_c_attack_decision,Mixed Outcome,,0.568 (0.488)
legal_common,-0.8876713511818514,Expands Expression,Expands Expression,0.3780517003662322,0.018873722614238038,spec_c_attack_decision,Mixed Outcome,**,-0.888** (0.378)
legal_civil,-0.1513104772192698,Contracts Expression,Contracts Expression,0.3809644216663132,0.6912366104167744,spec_c_attack_decision,Mixed Outcome,,-0.151 (0.381)
legal_civil,-0.22095196658100905,Expands Expression,Expands Expression,0.26980426916394895,0.4128239069540788,spec_c_attack_decision,Mixed Outcome,,-0.221 (0.27)
high_court,-0.5861151499210772,Contracts Expression,Contracts Expression,0.298942125573139,0.04992210242883521,spec_c_attack_decision,Mixed Outcome,**,-0.586** (0.299)
high_court,-0.09625107008504405,Expands Expression,Expands Expression,0.15151470210591755,0.525259543751585,spec_c_attack_decision,Mixed Outcome,,-0.096 (0.152)
j_ind_lag1,0.23417304574349954,Contracts Expression,Contracts Expression,0.2251649643833163,0.29833684116910697,spec_c_attack_decision,Mixed Outcome,,0.234 (0.225)
j_ind_lag1,0.3932995417865657,Expands Expression,Expands Expression,0.17882408204849728,0.02785193372046936,spec_c_attack_decision,Mixed Outcome,**,0.393** (0.179)
mode_press_newspapers,-0.5772072417841111,Contracts Expression,Contracts Expression,0.4693893573692093,0.21881014597300852,spec_c_attack_decision,Mixed Outcome,,-0.577 (0.469)
mode_press_newspapers,0.3325395736518753,Expands Expression,Expands Expression,0.3283680055493529,0.31120159439705697,spec_c_attack_decision,Mixed Outcome,,0.333 (0.328)
mode_public_speech,0.25975947632117696,Contracts Expression,Contracts Expression,0.22719892856216936,0.25290868187243765,spec_c_attack_decision,Mixed Outcome,,0.26 (0.227)
mode_public_speech,-0.06113262015962704,Expands Expression,Expands Expression,0.21591943723624663,0.777079493335749,spec_c_attack_decision,Mixed Outcome,,-0.061 (0.216)
mode_public_documents,0.35330906274497,Contracts Expression,Contracts Expression,0.33814079900624167,0.29608868061370985,spec_c_attack_decision,Mixed Outcome,,0.353 (0.338)
mode_public_documents,0.6960327115636911,Expands Expression,Expands Expression,0.581421592547391,0.23125891778116858,spec_c_attack_decision,Mixed Outcome,,0.696 (0.581)
mode_audio_visual_broadcasting,-0.5519755880609982,Contracts Expression,Contracts Expression,0.39691697709007295,0.1643292980864468,spec_c_attack_decision,Mixed Outcome,,-0.552 (0.397)
mode_audio_visual_broadcasting,-0.08418215306535341,Expands Expression,Expands Expression,0.2543404996512604,0.7406580052710903,spec_c_attack_decision,Mixed Outcome,,-0.084 (0.254)
mode_public_assembly,-0.3796328386344676,Contracts Expression,Contracts Expression,0.22124053967037824,0.08617521965454603,spec_c_attack_decision,Mixed Outcome,*,-0.38* (0.221)
mode_public_assembly,-0.2192242848726232,Expands Expression,Expands Expression,0.5120884762287662,0.6685794424660434,spec_c_attack_decision,Mixed Outcome,,-0.219 (0.512)
mode_written_speech,0.061312769180171575,Contracts Expression,Contracts Expression,0.34246893961427305,0.8579128733382893,spec_c_attack_decision,Mixed Outcome,,0.061 (0.342)
mode_written_speech,0.3770196157710202,Expands Expression,Expands Expression,0.18660387002071588,0.043339049337668224,spec_c_attack_decision,Mixed Outcome,**,0.377** (0.187)
mode_non_verbal_expression,-0.39728067056648797,Contracts Expression,Contracts Expression,0.3112017183521563,0.20174286975729439,spec_c_attack_decision,Mixed Outcome,,-0.397 (0.311)
mode_non_verbal_expression,-0.2846757370241961,Expands Expression,Expands Expression,0.1418922815250566,0.04482631466333645,spec_c_attack_decision,Mixed Outcome,**,-0.285** (0.142)
defendant_citizen,0.2800622234528693,Contracts Expression,Contracts Expression,0.31624587949682614,0.3758418515965829,spec_c_attack_decision,Mixed Outcome,,0.28 (0.316)
defendant_citizen,-0.626468966239409,Expands Expression,Expands Expression,0.16093953301432673,9.918642311720445e-05,spec_c_attack_decision,Mixed Outcome,***,-0.626*** (0.161)
defendant_press,0.3313801811383244,Contracts Expression,Contracts Expression,0.4017634722310906,0.4094771341859069,spec_c_attack_decision,Mixed Outcome,,0.331 (0.402)
defendant_press,-0.48325549865503337,Expands Expression,Expands Expression,0.3572763803270291,0.17618035101948126,spec_c_attack_decision,Mixed Outcome,,-0.483 (0.357)
defendant_intermediary,0.4957851589507299,Contracts Expression,Contracts Expression,0.372489837239078,0.18318796363883882,spec_c_attack_decision,Mixed Outcome,,0.496 (0.372)
defendant_intermediary,-0.8053926100550193,Expands Expression,Expands Expression,0.5446727248536671,0.1392278506584134,spec_c_attack_decision,Mixed Outcome,,-0.805 (0.545)
defendant_other,-0.42645813630211155,Contracts Expression,Contracts Expression,0.5071002870467302,0.40036252284949014,spec_c_attack_decision,Mixed Outcome,,-0.426 (0.507)
defendant_other,-0.5009253781192907,Expands Expression,Expands Expression,0.1628036679725872,0.002091879911737877,spec_c_attack_decision,Mixed Outcome,***,-0.501*** (0.163)
defendant_unclear,1.3680994758706306,Contracts Expression,Contracts Expression,0.44916112469677033,0.002319856533196811,spec_c_attack_decision,Mixed Outcome,***,1.368*** (0.449)
defendant_unclear,0.7696297143584305,Expands Expression,Expands Expression,0.37522159031106866,0.04025391127451297,spec_c_attack_decision,Mixed Outcome,**,0.77** (0.375)
Intercept,3.8811609428330267,Contracts Expression,Contracts Expression,0.7295241811297072,1.0369511402134673e-07,spec_im_attack_decision,Mixed Outcome,***,3.881*** (0.73)
Intercept,2.2366669299379436,Expands Expression,Expands Expression,0.604120888949164,0.00021361171636121614,spec_im_attack_decision,Mixed Outcome,***,2.237*** (0.604)
wdj_intermediaries_lag1,0.16428632798986958,Contracts Expression,Contracts Expression,0.9362999785389107,0.8607155688446985,spec_im_attack_decision,Mixed Outcome,,0.164 (0.936)
wdj_intermediaries_lag1,-0.6336627437939241,Expands Expression,Expands Expression,0.5128654730002032,0.2166318202533204,spec_im_attack_decision,Mixed Outcome,,-0.634 (0.513)
v2jupoatck_lag1,0.17764005066883737,Contracts Expression,Contracts Expression,0.10606548435127107,0.09397055988800329,spec_im_attack_decision,Mixed Outcome,*,0.178* (0.106)
v2jupoatck_lag1,0.057418097606739646,Expands Expression,Expands Expression,0.0812612691313744,0.47982361952160735,spec_im_attack_decision,Mixed Outcome,,0.057 (0.081)
v2x_polyarchy_lag1,-5.56931136724678,Contracts Expression,Contracts Expression,1.3688753557198072,4.73105345711372e-05,spec_im_attack_decision,Mixed Outcome,***,-5.569*** (1.369)
v2x_polyarchy_lag1,-2.3958803608009056,Expands Expression,Expands Expression,0.9285099034552636,0.009870027648990896,spec_im_attack_decision,Mixed Outcome,***,-2.396*** (0.929)
v2jureview_lag1,-0.2617716377048064,Contracts Expression,Contracts Expression,0.35581540865679556,0.46191629791254607,spec_im_attack_decision,Mixed Outcome,,-0.262 (0.356)
v2jureview_lag1,0.36003637899712526,Expands Expression,Expands Expression,0.3623059823861383,0.3203515709757062,spec_im_attack_decision,Mixed Outcome,,0.36 (0.362)
legal_common,0.5241720556498456,Contracts Expression,Contracts Expression,0.4962670352316489,0.29086321683847716,spec_im_attack_decision,Mixed Outcome,,0.524 (0.496)
legal_common,-0.9942856513004794,Expands Expression,Expands Expression,0.3864753923174134,0.010090832525912398,spec_im_attack_decision,Mixed Outcome,**,-0.994** (0.386)
legal_civil,0.06385591708555992,Contracts Expression,Contracts Expression,0.4377108860793201,0.8840113354629024,spec_im_attack_decision,Mixed Outcome,,0.064 (0.438)
legal_civil,0.08657985614575349,Expands Expression,Expands Expression,0.30168638321218344,0.7741228171646775,spec_im_attack_decision,Mixed Outcome,,0.087 (0.302)
high_court,-0.5813406150101852,Contracts Expression,Contracts Expression,0.30521621966350676,0.056821089796759955,spec_im_attack_decision,Mixed Outcome,*,-0.581* (0.305)
high_court,-0.10022303305392742,Expands Expression,Expands Expression,0.1546637922624881,0.5169812047220174,spec_im_attack_decision,Mixed Outcome,,-0.1 (0.155)
j_ind_lag1,0.21426563758457434,Contracts Expression,Contracts Expression,0.23299914233202745,0.3577826651859225,spec_im_attack_decision,Mixed Outcome,,0.214 (0.233)
j_ind_lag1,0.36441789756339943,Expands Expression,Expands Expression,0.17532388177394326,0.03765954767682384,spec_im_attack_decision,Mixed Outcome,**,0.364** (0.175)
mode_press_newspapers,-0.6158786798798657,Contracts Expression,Contracts Expression,0.4712055914562977,0.19120336212067424,spec_im_attack_decision,Mixed Outcome,,-0.616 (0.471)
mode_press_newspapers,0.30165095145601317,Expands Expression,Expands Expression,0.3234162383880828,0.35097388538583785,spec_im_attack_decision,Mixed Outcome,,0.302 (0.323)
mode_public_speech,0.26359147067480954,Contracts Expression,Contracts Expression,0.21924584205230796,0.2292611052630802,spec_im_attack_decision,Mixed Outcome,,0.264 (0.219)
mode_public_speech,-0.05704675438197832,Expands Expression,Expands Expression,0.21123520573585486,0.7871120013412142,spec_im_attack_decision,Mixed Outcome,,-0.057 (0.211)
mode_public_documents,0.38287216990368084,Contracts Expression,Contracts Expression,0.33679663077787236,0.25561971826866736,spec_im_attack_decision,Mixed Outcome,,0.383 (0.337)
mode_public_documents,0.7407126827125191,Expands Expression,Expands Expression,0.5825586371768838,0.20355731151018153,spec_im_attack_decision,Mixed Outcome,,0.741 (0.583)
mode_audio_visual_broadcasting,-0.5431213096364947,Contracts Expression,Contracts Expression,0.38599591656539534,0.15940814203835219,spec_im_attack_decision,Mixed Outcome,,-0.543 (0.386)
mode_audio_visual_broadcasting,-0.054312099638087016,Expands Expression,Expands Expression,0.2209507877855283,0.8058286622438928,spec_im_attack_decision,Mixed Outcome,,-0.054 (0.221)
mode_public_assembly,-0.4108128211476338,Contracts Expression,Contracts Expression,0.21704171114976462,0.058386757751940646,spec_im_attack_decision,Mixed Outcome,*,-0.411* (0.217)
mode_public_assembly,-0.25073158543463686,Expands Expression,Expands Expression,0.4902162487697534,0.6090210179425319,spec_im_attack_decision,Mixed Outcome,,-0.251 (0.49)
mode_written_speech,0.06187232370439336,Contracts Expression,Contracts Expression,0.3264625424078644,0.849682538393725,spec_im_attack_decision,Mixed Outcome,,0.062 (0.326)
mode_written_speech,0.3713812969794136,Expands Expression,Expands Expression,0.18857609103340894,0.048907453649385375,spec_im_attack_decision,Mixed Outcome,**,0.371** (0.189)
mode_non_verbal_expression,-0.3839697656989313,Contracts Expression,Contracts Expression,0.29864135466442837,0.19854009354726354,spec_im_attack_decision,Mixed Outcome,,-0.384 (0.299)
mode_non_verbal_expression,-0.26103825655450774,Expands Expression,Expands Expression,0.1385600750004368,0.05957368850713962,spec_im_attack_decision,Mixed Outcome,*,-0.261* (0.139)
defendant_citizen,0.312187653064743,Contracts Expression,Contracts Expression,0.31557962775677756,0.3225400558756891,spec_im_attack_decision,Mixed Outcome,,0.312 (0.316)
defendant_citizen,-0.6200227072983794,Expands Expression,Expands Expression,0.15391231522739987,5.615411254607701e-05,spec_im_attack_decision,Mixed Outcome,***,-0.62*** (0.154)
defendant_press,0.35636211580616434,Contracts Expression,Contracts Expression,0.40392790537017037,0.37764601715461565,spec_im_attack_decision,Mixed Outcome,,0.356 (0.404)
defendant_press,-0.4834419880421083,Expands Expression,Expands Expression,0.3673409353218676,0.1881545659540167,spec_im_attack_decision,Mixed Outcome,,-0.483 (0.367)
defendant_intermediary,0.438000651892772,Contracts Expression,Contracts Expression,0.40254736274617275,0.27656317238999495,spec_im_attack_decision,Mixed Outcome,,0.438 (0.403)
defendant_intermediary,-0.8491768135288472,Expands Expression,Expands Expression,0.5642257526728425,0.13231630524699028,spec_im_attack_decision,Mixed Outcome,,-0.849 (0.564)
defendant_other,-0.4377640106242583,Contracts Expression,Contracts Expression,0.5116756073043905,0.392246796298393,spec_im_attack_decision,Mixed Outcome,,-0.438 (0.512)
defendant_other,-0.5319808185347225,Expands Expression,Expands Expression,0.1706366357949858,0.0018231542458896474,spec_im_attack_decision,Mixed Outcome,***,-0.532*** (0.171)
defendant_unclear,1.3859064367796499,Contracts Expression,Contracts Expression,0.4372512850589169,0.001526552115789629,spec_im_attack_decision,Mixed Outcome,***,1.386*** (0.437)
defendant_unclear,0.7721586729900859,Expands Expression,Expands Expression,0.3462374199646111,0.02573800565061366,spec_im_attack_decision,Mixed Outcome,**,0.772** (0.346)
Intercept,4.097998734308501,Contracts Expression,Contracts Expression,0.7246436148632758,1.556722018892361e-08,spec_p_attack_decision,Mixed Outcome,***,4.098*** (0.725)
Intercept,2.2964542347028547,Expands Expression,Expands Expression,0.6252246523053951,0.00023971334912903012,spec_p_attack_decision,Mixed Outcome,***,2.296*** (0.625)
wdj_press_lag1,1.5189300653501496,Contracts Expression,Contracts Expression,0.507314342108559,0.0027529093746565237,spec_p_attack_decision,Mixed Outcome,***,1.519*** (0.507)
wdj_press_lag1,0.7003528809712746,Expands Expression,Expands Expression,0.3730710568125088,0.06048191360094486,spec_p_attack_decision,Mixed Outcome,*,0.7* (0.373)
v2jupoatck_lag1,0.16712316016105822,Contracts Expression,Contracts Expression,0.10005524949920336,0.0948582900302097,spec_p_attack_decision,Mixed Outcome,*,0.167* (0.1)
v2jupoatck_lag1,0.053458403668371964,Expands Expression,Expands Expression,0.08222689007863981,0.5156064015466674,spec_p_attack_decision,Mixed Outcome,,0.053 (0.082)
v2x_polyarchy_lag1,-5.92160636096515,Contracts Expression,Contracts Expression,1.2557734146097401,2.4111145757528134e-06,spec_p_attack_decision,Mixed Outcome,***,-5.922*** (1.256)
v2x_polyarchy_lag1,-2.654275141531113,Expands Expression,Expands Expression,0.8862210822619357,0.0027440118812325364,spec_p_attack_decision,Mixed Outcome,***,-2.654*** (0.886)
v2jureview_lag1,-0.31470942491390985,Contracts Expression,Contracts Expression,0.3750586059268465,0.40141656423104166,spec_p_attack_decision,Mixed Outcome,,-0.315 (0.375)
v2jureview_lag1,0.35004706522368084,Expands Expression,Expands Expression,0.3630172286263662,0.3349099669154514,spec_p_attack_decision,Mixed Outcome,,0.35 (0.363)
legal_common,0.6840308971642672,Contracts Expression,Contracts Expression,0.45320405472164865,0.13121648881022857,spec_p_attack_decision,Mixed Outcome,,0.684 (0.453)
legal_common,-0.8614329069661877,Expands Expression,Expands Expression,0.3758102713488623,0.02189401241731627,spec_p_attack_decision,Mixed Outcome,**,-0.861** (0.376)
legal_civil,-0.12663680687940043,Contracts Expression,Contracts Expression,0.3909374487060961,0.7459901803883965,spec_p_attack_decision,Mixed Outcome,,-0.127 (0.391)
legal_civil,-0.1693426240398165,Expands Expression,Expands Expression,0.27645819435696206,0.5401783366047588,spec_p_attack_decision,Mixed Outcome,,-0.169 (0.276)
high_court,-0.5939106066402409,Contracts Expression,Contracts Expression,0.3032626248720127,0.05018267641665158,spec_p_attack_decision,Mixed Outcome,*,-0.594* (0.303)
high_court,-0.09910725772581551,Expands Expression,Expands Expression,0.15278776958847534,0.5165584050875862,spec_p_attack_decision,Mixed Outcome,,-0.099 (0.153)
j_ind_lag1,0.2287124508600547,Contracts Expression,Contracts Expression,0.21928714041636524,0.2969568183165149,spec_p_attack_decision,Mixed Outcome,,0.229 (0.219)
j_ind_lag1,0.3816995888252572,Expands Expression,Expands Expression,0.17371095314706692,0.027997174113357334,spec_p_attack_decision,Mixed Outcome,**,0.382** (0.174)
mode_press_newspapers,-0.613378101664984,Contracts Expression,Contracts Expression,0.46847962640862034,0.19043439264873074,spec_p_attack_decision,Mixed Outcome,,-0.613 (0.468)
mode_press_newspapers,0.3102266100112941,Expands Expression,Expands Expression,0.3229717379629991,0.3367845423800917,spec_p_attack_decision,Mixed Outcome,,0.31 (0.323)
mode_public_speech,0.2787058450746107,Contracts Expression,Contracts Expression,0.21700372332364493,0.19902417223883828,spec_p_attack_decision,Mixed Outcome,,0.279 (0.217)
mode_public_speech,-0.050656614643125944,Expands Expression,Expands Expression,0.2222305915168855,0.8196880803574547,spec_p_attack_decision,Mixed Outcome,,-0.051 (0.222)
mode_public_documents,0.27473658472361406,Contracts Expression,Contracts Expression,0.3385609269085097,0.41708810056239987,spec_p_attack_decision,Mixed Outcome,,0.275 (0.339)
mode_public_documents,0.6768092019655653,Expands Expression,Expands Expression,0.5824792382032885,0.24525755303449326,spec_p_attack_decision,Mixed Outcome,,0.677 (0.582)
mode_audio_visual_broadcasting,-0.6032987769116491,Contracts Expression,Contracts Expression,0.4004247607299851,0.1319011554242071,spec_p_attack_decision,Mixed Outcome,,-0.603 (0.4)
mode_audio_visual_broadcasting,-0.1044212371802862,Expands Expression,Expands Expression,0.25436698620622467,0.6814288544172745,spec_p_attack_decision,Mixed Outcome,,-0.104 (0.254)
mode_public_assembly,-0.42255726972358393,Contracts Expression,Contracts Expression,0.21302150083050458,0.04729635337895881,spec_p_attack_decision,Mixed Outcome,**,-0.423** (0.213)
mode_public_assembly,-0.241297745462843,Expands Expression,Expands Expression,0.5047675698836881,0.6326236300157067,spec_p_attack_decision,Mixed Outcome,,-0.241 (0.505)
mode_written_speech,0.0009612992103695414,Contracts Expression,Contracts Expression,0.31801179106784633,0.9975881251836699,spec_p_attack_decision,Mixed Outcome,,0.001 (0.318)
mode_written_speech,0.34586938068517287,Expands Expression,Expands Expression,0.1813387069136735,0.05648027645743038,spec_p_attack_decision,Mixed Outcome,*,0.346* (0.181)
mode_non_verbal_expression,-0.38356394854122194,Contracts Expression,Contracts Expression,0.2975386168716233,0.1973552420927367,spec_p_attack_decision,Mixed Outcome,,-0.384 (0.298)
mode_non_verbal_expression,-0.28217236684249486,Expands Expression,Expands Expression,0.14471474502262108,0.0511937353981122,spec_p_attack_decision,Mixed Outcome,*,-0.282* (0.145)
defendant_citizen,0.3491355823200848,Contracts Expression,Contracts Expression,0.3365871888964782,0.29960479831243236,spec_p_attack_decision,Mixed Outcome,,0.349 (0.337)
defendant_citizen,-0.577190651942649,Expands Expression,Expands Expression,0.16864946399083047,0.0006206452717116568,spec_p_attack_decision,Mixed Outcome,***,-0.577*** (0.169)
defendant_press,0.33247413017829486,Contracts Expression,Contracts Expression,0.4017916995272652,0.4079657096005137,spec_p_attack_decision,Mixed Outcome,,0.332 (0.402)
defendant_press,-0.47778251264908445,Expands Expression,Expands Expression,0.3539427986161137,0.17705247695252546,spec_p_attack_decision,Mixed Outcome,,-0.478 (0.354)
defendant_intermediary,0.49016621505269786,Contracts Expression,Contracts Expression,0.3695846720487432,0.18475283165786183,spec_p_attack_decision,Mixed Outcome,,0.49 (0.37)
defendant_intermediary,-0.8110937199816666,Expands Expression,Expands Expression,0.5453856574634497,0.1369638501877292,spec_p_attack_decision,Mixed Outcome,,-0.811 (0.545)
defendant_other,-0.41915792243261674,Contracts Expression,Contracts Expression,0.5270158805771288,0.426414524542046,spec_p_attack_decision,Mixed Outcome,,-0.419 (0.527)
defendant_other,-0.4957338783125381,Expands Expression,Expands Expression,0.1672883458633197,0.0030431058180644802,spec_p_attack_decision,Mixed Outcome,***,-0.496*** (0.167)
defendant_unclear,1.4059086284898972,Contracts Expression,Contracts Expression,0.46503727337739653,0.002501027640020145,spec_p_attack_decision,Mixed Outcome,***,1.406*** (0.465)
defendant_unclear,0.8016152752469179,Expands Expression,Expands Expression,0.38815929981609515,0.03890683659911369,spec_p_attack_decision,Mixed Outcome,**,0.802** (0.388)
Intercept,3.825082869169889,Contracts Expression,Contracts Expression,0.7358014021304143,2.0087481202064234e-07,spec_govprot_attack_decision,Mixed Outcome,***,3.825*** (0.736)
Intercept,2.174434299225349,Expands Expression,Expands Expression,0.6270221441676119,0.0005245916136738442,spec_govprot_attack_decision,Mixed Outcome,***,2.174*** (0.627)
wdj_govprot_lag1,0.39673734341579137,Contracts Expression,Contracts Expression,0.3253326845970221,0.22266131469198247,spec_govprot_attack_decision,Mixed Outcome,,0.397 (0.325)
wdj_govprot_lag1,0.12663833122564394,Expands Expression,Expands Expression,0.2160339566693662,0.5577435296004096,spec_govprot_attack_decision,Mixed Outcome,,0.127 (0.216)
v2jupoatck_lag1,0.25217342714397994,Contracts Expression,Contracts Expression,0.1212593382861495,0.03756033894682167,spec_govprot_attack_decision,Mixed Outcome,**,0.252** (0.121)
v2jupoatck_lag1,0.0909426062111643,Expands Expression,Expands Expression,0.09307617781486725,0.3285309609603133,spec_govprot_attack_decision,Mixed Outcome,,0.091 (0.093)
v2x_polyarchy_lag1,-5.468936455323292,Contracts Expression,Contracts Expression,1.291875499243985,2.3025534019216492e-05,spec_govprot_attack_decision,Mixed Outcome,***,-5.469*** (1.292)
v2x_polyarchy_lag1,-2.4357753316195616,Expands Expression,Expands Expression,0.9357562246801363,0.00924114125165499,spec_govprot_attack_decision,Mixed Outcome,***,-2.436*** (0.936)
v2jureview_lag1,-0.2539053026303731,Contracts Expression,Contracts Expression,0.36371114467171245,0.48511714676095163,spec_govprot_attack_decision,Mixed Outcome,,-0.254 (0.364)
v2jureview_lag1,0.3656369333460002,Expands Expression,Expands Expression,0.35390562199649467,0.3015345801511461,spec_govprot_attack_decision,Mixed Outcome,,0.366 (0.354)
legal_common,0.417139029238887,Contracts Expression,Contracts Expression,0.48748559902393473,0.39216646167776215,spec_govprot_attack_decision,Mixed Outcome,,0.417 (0.487)
legal_common,-0.9450597771157864,Expands Expression,Expands Expression,0.3784486985737795,0.012518049124170923,spec_govprot_attack_decision,Mixed Outcome,**,-0.945** (0.378)
legal_civil,-0.03097654303995695,Contracts Expression,Contracts Expression,0.393816436843631,0.9373051989125125,spec_govprot_attack_decision,Mixed Outcome,,-0.031 (0.394)
legal_civil,-0.10682346297566171,Expands Expression,Expands Expression,0.27725269086158105,0.7000205022597386,spec_govprot_attack_decision,Mixed Outcome,,-0.107 (0.277)
high_court,-0.5437128261713549,Contracts Expression,Contracts Expression,0.29047562034735425,0.06123401146385705,spec_govprot_attack_decision,Mixed Outcome,*,-0.544* (0.29)
high_court,-0.08141677639480846,Expands Expression,Expands Expression,0.1459458021819363,0.5769425555356539,spec_govprot_attack_decision,Mixed Outcome,,-0.081 (0.146)
j_ind_lag1,0.14255017153214303,Contracts Expression,Contracts Expression,0.2482720662232629,0.5658533151969913,spec_govprot_attack_decision,Mixed Outcome,,0.143 (0.248)
j_ind_lag1,0.34222306958117915,Expands Expression,Expands Expression,0.1968364457246693,0.08210226259554468,spec_govprot_attack_decision,Mixed Outcome,*,0.342* (0.197)
mode_press_newspapers,-0.5944658663028932,Contracts Expression,Contracts Expression,0.46789044106130395,0.20389816757397172,spec_govprot_attack_decision,Mixed Outcome,,-0.594 (0.468)
mode_press_newspapers,0.3184572169847666,Expands Expression,Expands Expression,0.3179637964463897,0.3165601036443063,spec_govprot_attack_decision,Mixed Outcome,,0.318 (0.318)
mode_public_speech,0.2615980558783103,Contracts Expression,Contracts Expression,0.22622344400124214,0.24752975325831506,spec_govprot_attack_decision,Mixed Outcome,,0.262 (0.226)
mode_public_speech,-0.056137142977657935,Expands Expression,Expands Expression,0.21426405045358052,0.7933215797882761,spec_govprot_attack_decision,Mixed Outcome,,-0.056 (0.214)
mode_public_documents,0.3699145291193758,Contracts Expression,Contracts Expression,0.33286951576251733,0.2664435876880732,spec_govprot_attack_decision,Mixed Outcome,,0.37 (0.333)
mode_public_documents,0.7204125119812544,Expands Expression,Expands Expression,0.5776103611784054,0.21231346696207865,spec_govprot_attack_decision,Mixed Outcome,,0.72 (0.578)
mode_audio_visual_broadcasting,-0.5391237697066675,Contracts Expression,Contracts Expression,0.394036642003743,0.17124722929001002,spec_govprot_attack_decision,Mixed Outcome,,-0.539 (0.394)
mode_audio_visual_broadcasting,-0.06403567739875698,Expands Expression,Expands Expression,0.23746798214461035,0.7874216374941236,spec_govprot_attack_decision,Mixed Outcome,,-0.064 (0.237)
mode_public_assembly,-0.4542298777209264,Contracts Expression,Contracts Expression,0.2307437588486824,0.04900516202893051,spec_govprot_attack_decision,Mixed Outcome,**,-0.454** (0.231)
mode_public_assembly,-0.24732898579203516,Expands Expression,Expands Expression,0.4901735883070203,0.6138578778377944,spec_govprot_attack_decision,Mixed Outcome,,-0.247 (0.49)
mode_written_speech,0.06357037408026925,Contracts Expression,Contracts Expression,0.33092212915091884,0.8476633232301273,spec_govprot_attack_decision,Mixed Outcome,,0.064 (0.331)
mode_written_speech,0.3802550640614853,Expands Expression,Expands Expression,0.1952357664223169,0.051454327740589056,spec_govprot_attack_decision,Mixed Outcome,*,0.38* (0.195)
mode_non_verbal_expression,-0.3678593799065391,Contracts Expression,Contracts Expression,0.3092644711555246,0.23425658875513333,spec_govprot_attack_decision,Mixed Outcome,,-0.368 (0.309)
mode_non_verbal_expression,-0.27348264318878346,Expands Expression,Expands Expression,0.14503917882418377,0.059351882961472494,spec_govprot_attack_decision,Mixed Outcome,*,-0.273* (0.145)
defendant_citizen,0.32617138063313944,Contracts Expression,Contracts Expression,0.3205957178140983,0.3089671907604792,spec_govprot_attack_decision,Mixed Outcome,,0.326 (0.321)
defendant_citizen,-0.5987421722595986,Expands Expression,Expands Expression,0.1572458081310117,0.00014027499357067047,spec_govprot_attack_decision,Mixed Outcome,***,-0.599*** (0.157)
defendant_press,0.34075496052184673,Contracts Expression,Contracts Expression,0.40662531584213224,0.4020266347202034,spec_govprot_attack_decision,Mixed Outcome,,0.341 (0.407)
defendant_press,-0.4727828082657059,Expands Expression,Expands Expression,0.3556008441665572,0.1836724167259719,spec_govprot_attack_decision,Mixed Outcome,,-0.473 (0.356)
defendant_intermediary,0.40076495634159914,Contracts Expression,Contracts Expression,0.39009977615965374,0.3042605716713581,spec_govprot_attack_decision,Mixed Outcome,,0.401 (0.39)
defendant_intermediary,-0.8495175851096961,Expands Expression,Expands Expression,0.5680086863672669,0.13475618161371017,spec_govprot_attack_decision,Mixed Outcome,,-0.85 (0.568)
defendant_other,-0.4669971755741576,Contracts Expression,Contracts Expression,0.5157094557458327,0.36517770008579953,spec_govprot_attack_decision,Mixed Outcome,,-0.467 (0.516)
defendant_other,-0.5181662683141152,Expands Expression,Expands Expression,0.1664711107384776,0.0018541589402397683,spec_govprot_attack_decision,Mixed Outcome,***,-0.518*** (0.166)
defendant_unclear,1.4255805226273015,Contracts Expression,Contracts Expression,0.4486589162053933,0.0014858858390208634,spec_govprot_attack_decision,Mixed Outcome,***,1.426*** (0.449)
defendant_unclear,0.7997089909735307,Expands Expression,Expands Expression,0.37668391534457796,0.0337518411583227,spec_govprot_attack_decision,Mixed Outcome,**,0.8** (0.377)
