variable,coef,class_label,outcome,std_err,p_value,spec,base_category,stars,coef_se
Intercept,-0.8981435795456288,Contracts Expression,Contracts Expression,0.22160942223902602,5.0603467380251556e-05,spec_base_1,Expands Expression,***,-0.898*** (0.222)
Intercept,-1.0173624184633085,Mixed Outcome,Mixed Outcome,0.1353781820989378,5.692578161712693e-14,spec_base_1,Expands Expression,***,-1.017*** (0.135)
wdj_expression_lag1,-0.10482242139866288,Contracts Expression,Contracts Expression,0.2809740308819088,0.7090978301079355,spec_base_1,Expands Expression,,-0.105 (0.281)
wdj_expression_lag1,0.06811728702902323,Mixed Outcome,Mixed Outcome,0.18796995153146703,0.7170651574536573,spec_base_1,Expands Expression,,0.068 (0.188)
v2jureform_lag1,0.21197629329276318,Contracts Expression,Contracts Expression,0.15307163268538035,0.16610824330113982,spec_base_1,Expands Expression,,0.212 (0.153)
v2jureform_lag1,0.18394203824803362,Mixed Outcome,Mixed Outcome,0.12233372081829494,0.13268216798613625,spec_base_1,Expands Expression,,0.184 (0.122)
Intercept,-0.9562839519011622,Contracts Expression,Contracts Expression,0.24934551538886404,0.00012547438054087313,spec_base_2,Expands Expression,***,-0.956*** (0.249)
Intercept,-1.0941482285633324,Mixed Outcome,Mixed Outcome,0.1375808262657839,1.8239146609715284e-15,spec_base_2,Expands Expression,***,-1.094*** (0.138)
wdj_expression_lag1,-0.04225865211483613,Contracts Expression,Contracts Expression,0.3085971396438758,0.8910798609894967,spec_base_2,Expands Expression,,-0.042 (0.309)
wdj_expression_lag1,0.14085459524060046,Mixed Outcome,Mixed Outcome,0.23718336680704893,0.5526032699230835,spec_base_2,Expands Expression,,0.141 (0.237)
v2jupoatck_lag1,0.1190073719523266,Contracts Expression,Contracts Expression,0.12131370186499882,0.32659830885692176,spec_base_2,Expands Expression,,0.119 (0.121)
v2jupoatck_lag1,0.14050913397182785,Mixed Outcome,Mixed Outcome,0.10459587665679344,0.17915785495947867,spec_base_2,Expands Expression,,0.141 (0.105)
Intercept,-0.865844937332447,Contracts Expression,Contracts Expression,0.29882490102487624,0.003761505945650222,spec_base_3,Expands Expression,***,-0.866*** (0.299)
Intercept,-1.226145720032393,Mixed Outcome,Mixed Outcome,0.1531584564651023,1.1875707528182138e-15,spec_base_3,Expands Expression,***,-1.226*** (0.153)
wdj_expression_lag1,-0.07429937417817638,Contracts Expression,Contracts Expression,0.287038191251172,0.795752218696144,spec_base_3,Expands Expression,,-0.074 (0.287)
wdj_expression_lag1,-0.004747545760778755,Mixed Outcome,Mixed Outcome,0.2141679944894349,0.982314429082984,spec_base_3,Expands Expression,,-0.005 (0.214)
v2jupack_lag1,-0.03221546132466393,Contracts Expression,Contracts Expression,0.160575051915804,0.8409913625716795,spec_base_3,Expands Expression,,-0.032 (0.161)
v2jupack_lag1,0.22374819061527912,Mixed Outcome,Mixed Outcome,0.08770680666059562,0.010738577169951418,spec_base_3,Expands Expression,**,0.224** (0.088)
Intercept,2.158969943175428,Contracts Expression,Contracts Expression,0.6525309993751378,0.0009376067641659406,spec_extended_1,Expands Expression,***,2.159*** (0.653)
Intercept,-1.5657213808410335,Mixed Outcome,Mixed Outcome,0.6000342038935732,0.00907046287763001,spec_extended_1,Expands Expression,***,-1.566*** (0.6)
wdj_expression_lag1,0.08058964959375428,Contracts Expression,Contracts Expression,0.1961946839972403,0.6812458306483835,spec_extended_1,Expands Expression,,0.081 (0.196)
wdj_expression_lag1,-0.01228116888205608,Mixed Outcome,Mixed Outcome,0.2222340797780151,0.9559294875436634,spec_extended_1,Expands Expression,,-0.012 (0.222)
v2jureform_lag1,0.3347437869690959,Contracts Expression,Contracts Expression,0.12389669734967006,0.006896575159474577,spec_extended_1,Expands Expression,***,0.335*** (0.124)
v2jureform_lag1,0.15077688246292484,Mixed Outcome,Mixed Outcome,0.1832996733943528,0.4107523469632679,spec_extended_1,Expands Expression,,0.151 (0.183)
v2x_polyarchy_lag1,-3.487024175450778,Contracts Expression,Contracts Expression,1.2153318028065618,0.0041151774517195,spec_extended_1,Expands Expression,***,-3.487*** (1.215)
v2x_polyarchy_lag1,1.6950080010263215,Mixed Outcome,Mixed Outcome,0.8727834800460167,0.052128434221163665,spec_extended_1,Expands Expression,*,1.695* (0.873)
v2jureview_lag1,-0.8298983624956936,Contracts Expression,Contracts Expression,0.32260439288989773,0.01009682563111095,spec_extended_1,Expands Expression,**,-0.83** (0.323)
v2jureview_lag1,-0.447608047125495,Mixed Outcome,Mixed Outcome,0.35731593112249327,0.2103165563829391,spec_extended_1,Expands Expression,,-0.448 (0.357)
legal_common,2.1902480007332135,Contracts Expression,Contracts Expression,0.34919151867256704,3.5566140401474837e-10,spec_extended_1,Expands Expression,***,2.19*** (0.349)
legal_common,1.336783843373958,Mixed Outcome,Mixed Outcome,0.45886204875137504,0.003576781795367006,spec_extended_1,Expands Expression,***,1.337*** (0.459)
legal_civil,0.6711549970475719,Contracts Expression,Contracts Expression,0.3679223459699133,0.0681255164902344,spec_extended_1,Expands Expression,*,0.671* (0.368)
legal_civil,0.32169337458917924,Mixed Outcome,Mixed Outcome,0.37508569607715186,0.39108409683265666,spec_extended_1,Expands Expression,,0.322 (0.375)
high_court,-0.41807291479785785,Contracts Expression,Contracts Expression,0.2787670529427257,0.13368658492969107,spec_extended_1,Expands Expression,,-0.418 (0.279)
high_court,0.03840777669043817,Mixed Outcome,Mixed Outcome,0.14550557564481476,0.7918100795916979,spec_extended_1,Expands Expression,,0.038 (0.146)
j_ind_lag1,-0.2483863422956348,Contracts Expression,Contracts Expression,0.2645733677154398,0.3478239969450555,spec_extended_1,Expands Expression,,-0.248 (0.265)
j_ind_lag1,-0.3865367849161935,Mixed Outcome,Mixed Outcome,0.20373647221048388,0.05779639907274617,spec_extended_1,Expands Expression,*,-0.387* (0.204)
Intercept,5.770121417491797,Contracts Expression,Contracts Expression,1.3326055186704469,1.4914007512484214e-05,spec_extended_1_spline,Expands Expression,***,5.77*** (1.333)
Intercept,3.08992557300324,Mixed Outcome,Mixed Outcome,0.8060736501604648,0.0001264334021670889,spec_extended_1_spline,Expands Expression,***,3.09*** (0.806)
"bs(year, df=4)[0]",-6.322949345863342,Contracts Expression,Contracts Expression,3.174899260132636,0.046421189952320634,spec_extended_1_spline,Expands Expression,**,-6.323** (3.175)
"bs(year, df=4)[0]",-11.42238840897178,Mixed Outcome,Mixed Outcome,1.8053490720457475,2.500228453634894e-10,spec_extended_1_spline,Expands Expression,***,-11.422*** (1.805)
"bs(year, df=4)[1]",-4.259781883026874,Contracts Expression,Contracts Expression,0.7873419712769437,6.290782626545835e-08,spec_extended_1_spline,Expands Expression,***,-4.26*** (0.787)
"bs(year, df=4)[1]",-3.254905733958088,Mixed Outcome,Mixed Outcome,1.0493331218554576,0.0019229569993219442,spec_extended_1_spline,Expands Expression,***,-3.255*** (1.049)
"bs(year, df=4)[2]",-3.5461075604258427,Contracts Expression,Contracts Expression,1.5462271685900542,0.021825352243489603,spec_extended_1_spline,Expands Expression,**,-3.546** (1.546)
"bs(year, df=4)[2]",-4.691834299466954,Mixed Outcome,Mixed Outcome,0.9567602523156159,9.396348843502603e-07,spec_extended_1_spline,Expands Expression,***,-4.692*** (0.957)
"bs(year, df=4)[3]",-6.079203612902383,Contracts Expression,Contracts Expression,2.026030284099187,0.0026949318463098046,spec_extended_1_spline,Expands Expression,***,-6.079*** (2.026)
"bs(year, df=4)[3]",-3.904159583452654,Mixed Outcome,Mixed Outcome,0.8344484220901035,2.8865604094916983e-06,spec_extended_1_spline,Expands Expression,***,-3.904*** (0.834)
wdj_expression_lag1,0.15453421046055343,Contracts Expression,Contracts Expression,0.26692985223645105,0.5626351146529377,spec_extended_1_spline,Expands Expression,,0.155 (0.267)
wdj_expression_lag1,-0.22502288800801362,Mixed Outcome,Mixed Outcome,0.29180381580669945,0.44062132636924933,spec_extended_1_spline,Expands Expression,,-0.225 (0.292)
v2jureform_lag1,0.3651950811949933,Contracts Expression,Contracts Expression,0.1185411890920687,0.002064839542549352,spec_extended_1_spline,Expands Expression,***,0.365*** (0.119)
v2jureform_lag1,0.2087287239548541,Mixed Outcome,Mixed Outcome,0.17983758354353346,0.2457837368310607,spec_extended_1_spline,Expands Expression,,0.209 (0.18)
v2x_polyarchy_lag1,-3.1733348855504206,Contracts Expression,Contracts Expression,1.233297213033976,0.010080676328589337,spec_extended_1_spline,Expands Expression,**,-3.173** (1.233)
v2x_polyarchy_lag1,1.254729784239471,Mixed Outcome,Mixed Outcome,0.9734478735155649,0.197413988393209,spec_extended_1_spline,Expands Expression,,1.255 (0.973)
v2jureview_lag1,-0.7836166889924188,Contracts Expression,Contracts Expression,0.32855972841057846,0.017078875953830848,spec_extended_1_spline,Expands Expression,**,-0.784** (0.329)
v2jureview_lag1,-0.41456191686393795,Mixed Outcome,Mixed Outcome,0.34259870996284625,0.22625931784856024,spec_extended_1_spline,Expands Expression,,-0.415 (0.343)
legal_common,2.2005765739383825,Contracts Expression,Contracts Expression,0.3749428598130066,4.3817108967251105e-09,spec_extended_1_spline,Expands Expression,***,2.201*** (0.375)
legal_common,1.565062221071288,Mixed Outcome,Mixed Outcome,0.42748721465254963,0.00025116044014548424,spec_extended_1_spline,Expands Expression,***,1.565*** (0.427)
legal_civil,0.6949523416394697,Contracts Expression,Contracts Expression,0.3606894689994441,0.05401289957514912,spec_extended_1_spline,Expands Expression,*,0.695* (0.361)
legal_civil,0.4091192511093506,Mixed Outcome,Mixed Outcome,0.34525360872733696,0.2360246333301118,spec_extended_1_spline,Expands Expression,,0.409 (0.345)
high_court,-0.2690797371496649,Contracts Expression,Contracts Expression,0.3164991583674602,0.3952276842839151,spec_extended_1_spline,Expands Expression,,-0.269 (0.316)
high_court,0.21157263642397384,Mixed Outcome,Mixed Outcome,0.1754247684623803,0.22779470780316113,spec_extended_1_spline,Expands Expression,,0.212 (0.175)
j_ind_lag1,-0.3212825542072371,Contracts Expression,Contracts Expression,0.2675203553352358,0.22976482087075945,spec_extended_1_spline,Expands Expression,,-0.321 (0.268)
j_ind_lag1,-0.361172708840743,Mixed Outcome,Mixed Outcome,0.1977757832029956,0.06782427284085704,spec_extended_1_spline,Expands Expression,*,-0.361* (0.198)
Intercept,-72.52019396219004,Contracts Expression,Contracts Expression,53.8517959028117,0.1780889558092975,spec_extended_1_spline_interact,Expands Expression,,-72.52 (53.852)
Intercept,25.6690831488084,Mixed Outcome,Mixed Outcome,51.82418592345107,0.6203806918792512,spec_extended_1_spline_interact,Expands Expression,,25.669 (51.824)
"bs(year, df=4)[0]",39.770179982236066,Contracts Expression,Contracts Expression,57.12387919526896,0.4862977201251053,spec_extended_1_spline_interact,Expands Expression,,39.77 (57.124)
"bs(year, df=4)[0]",-88.10467716653291,Mixed Outcome,Mixed Outcome,60.231054801738274,0.14352806536583215,spec_extended_1_spline_interact,Expands Expression,,-88.105 (60.231)
"bs(year, df=4)[1]",85.84785682706482,Contracts Expression,Contracts Expression,54.94077287441195,0.11815782469393968,spec_extended_1_spline_interact,Expands Expression,,85.848 (54.941)
"bs(year, df=4)[1]",-7.432287000213341,Mixed Outcome,Mixed Outcome,51.496782801956535,0.8852436258839705,spec_extended_1_spline_interact,Expands Expression,,-7.432 (51.497)
"bs(year, df=4)[2]",72.95318809440151,Contracts Expression,Contracts Expression,53.63004359064267,0.17373359401397392,spec_extended_1_spline_interact,Expands Expression,,72.953 (53.63)
"bs(year, df=4)[2]",-30.44053382837861,Mixed Outcome,Mixed Outcome,52.03661544751204,0.5585591680915571,spec_extended_1_spline_interact,Expands Expression,,-30.441 (52.037)
"bs(year, df=4)[3]",70.80324360211364,Contracts Expression,Contracts Expression,53.76544572543695,0.18787508877594639,spec_extended_1_spline_interact,Expands Expression,,70.803 (53.765)
"bs(year, df=4)[3]",-21.893918403300162,Mixed Outcome,Mixed Outcome,52.28109957545788,0.6753819623110648,spec_extended_1_spline_interact,Expands Expression,,-21.894 (52.281)
v2x_polyarchy_lag1,154.37114504582587,Contracts Expression,Contracts Expression,102.98758265541132,0.1338918738654249,spec_extended_1_spline_interact,Expands Expression,,154.371 (102.988)
v2x_polyarchy_lag1,-27.032713705195178,Mixed Outcome,Mixed Outcome,95.0678478300038,0.7761407925862998,spec_extended_1_spline_interact,Expands Expression,,-27.033 (95.068)
"bs(year, df=4)[0]:v2x_polyarchy_lag1",-130.74439160450234,Contracts Expression,Contracts Expression,114.33061065113635,0.2528044218147216,spec_extended_1_spline_interact,Expands Expression,,-130.744 (114.331)
"bs(year, df=4)[0]:v2x_polyarchy_lag1",100.38834046607906,Mixed Outcome,Mixed Outcome,111.94478737390453,0.3698435020177414,spec_extended_1_spline_interact,Expands Expression,,100.388 (111.945)
"bs(year, df=4)[1]:v2x_polyarchy_lag1",-170.24481932644358,Contracts Expression,Contracts Expression,101.66779282857898,0.09402831794680787,spec_extended_1_spline_interact,Expands Expression,*,-170.245* (101.668)
"bs(year, df=4)[1]:v2x_polyarchy_lag1",3.457468524923561,Mixed Outcome,Mixed Outcome,92.57476420585786,0.9702076522889846,spec_extended_1_spline_interact,Expands Expression,,3.457 (92.575)
"bs(year, df=4)[2]:v2x_polyarchy_lag1",-155.49282549440798,Contracts Expression,Contracts Expression,103.29225806280812,0.13222957710689195,spec_extended_1_spline_interact,Expands Expression,,-155.493 (103.292)
"bs(year, df=4)[2]:v2x_polyarchy_lag1",33.03112533815932,Mixed Outcome,Mixed Outcome,95.79347609000858,0.7302326873288825,spec_extended_1_spline_interact,Expands Expression,,33.031 (95.793)
"bs(year, df=4)[3]:v2x_polyarchy_lag1",-154.622491600182,Contracts Expression,Contracts Expression,102.66625376857391,0.13204938797976254,spec_extended_1_spline_interact,Expands Expression,,-154.622 (102.666)
"bs(year, df=4)[3]:v2x_polyarchy_lag1",22.825123968121165,Mixed Outcome,Mixed Outcome,95.91358937928385,0.8118997764976693,spec_extended_1_spline_interact,Expands Expression,,22.825 (95.914)
wdj_expression_lag1,0.1256648771703674,Contracts Expression,Contracts Expression,0.36694258333331803,0.7320012143344538,spec_extended_1_spline_interact,Expands Expression,,0.126 (0.367)
wdj_expression_lag1,-0.3909823949202687,Mixed Outcome,Mixed Outcome,0.3047759234317723,0.19954394131895425,spec_extended_1_spline_interact,Expands Expression,,-0.391 (0.305)
v2jureform_lag1,0.4066568913027316,Contracts Expression,Contracts Expression,0.12809335278684744,0.0014999582666646051,spec_extended_1_spline_interact,Expands Expression,***,0.407*** (0.128)
v2jureform_lag1,0.20178695437799526,Mixed Outcome,Mixed Outcome,0.1803047533718515,0.26307877882675246,spec_extended_1_spline_interact,Expands Expression,,0.202 (0.18)
v2jureview_lag1,-0.822428457885245,Contracts Expression,Contracts Expression,0.31535707018789483,0.009109217608261163,spec_extended_1_spline_interact,Expands Expression,***,-0.822*** (0.315)
v2jureview_lag1,-0.5479461962581504,Mixed Outcome,Mixed Outcome,0.34572581794616347,0.11298554181555026,spec_extended_1_spline_interact,Expands Expression,,-0.548 (0.346)
legal_common,2.287600116546346,Contracts Expression,Contracts Expression,0.38837145833816383,3.856410530944083e-09,spec_extended_1_spline_interact,Expands Expression,***,2.288*** (0.388)
legal_common,1.6755407775169306,Mixed Outcome,Mixed Outcome,0.43378353619714605,0.00011217762704526737,spec_extended_1_spline_interact,Expands Expression,***,1.676*** (0.434)
legal_civil,0.7241027717386537,Contracts Expression,Contracts Expression,0.3644142897643023,0.04691887614090629,spec_extended_1_spline_interact,Expands Expression,**,0.724** (0.364)
legal_civil,0.3919558650760858,Mixed Outcome,Mixed Outcome,0.3842605164436196,0.30771594796692925,spec_extended_1_spline_interact,Expands Expression,,0.392 (0.384)
high_court,-0.2208916446271743,Contracts Expression,Contracts Expression,0.31867360575187764,0.4882094466307645,spec_extended_1_spline_interact,Expands Expression,,-0.221 (0.319)
high_court,0.21018938488482095,Mixed Outcome,Mixed Outcome,0.1723553121915426,0.22264989459279183,spec_extended_1_spline_interact,Expands Expression,,0.21 (0.172)
j_ind_lag1,-0.3500186391250606,Contracts Expression,Contracts Expression,0.2715641137740374,0.19743329850332625,spec_extended_1_spline_interact,Expands Expression,,-0.35 (0.272)
j_ind_lag1,-0.4017855270141895,Mixed Outcome,Mixed Outcome,0.20823301521575568,0.053668865251202465,spec_extended_1_spline_interact,Expands Expression,*,-0.402* (0.208)
Intercept,2.1214665543532356,Contracts Expression,Contracts Expression,0.6478158921432868,0.0010573733991084367,spec_extended_2,Expands Expression,***,2.121*** (0.648)
Intercept,-1.6826432552232924,Mixed Outcome,Mixed Outcome,0.5993811102679185,0.004995851960930136,spec_extended_2,Expands Expression,***,-1.683*** (0.599)
wdj_expression_lag1,0.27901703592816923,Contracts Expression,Contracts Expression,0.21248665601882102,0.18914797284695462,spec_extended_2,Expands Expression,,0.279 (0.212)
wdj_expression_lag1,-0.03815460467387742,Mixed Outcome,Mixed Outcome,0.23601417241921543,0.8715717583894049,spec_extended_2,Expands Expression,,-0.038 (0.236)
v2jupoatck_lag1,0.19345994532122024,Contracts Expression,Contracts Expression,0.10173614576360766,0.05722540914941553,spec_extended_2,Expands Expression,*,0.193* (0.102)
v2jupoatck_lag1,-0.039989228558604276,Mixed Outcome,Mixed Outcome,0.11158492334059972,0.7200628210215492,spec_extended_2,Expands Expression,,-0.04 (0.112)
v2x_polyarchy_lag1,-3.392459593837403,Contracts Expression,Contracts Expression,1.108599130994461,0.002212395143528122,spec_extended_2,Expands Expression,***,-3.392*** (1.109)
v2x_polyarchy_lag1,2.1227207840150353,Mixed Outcome,Mixed Outcome,0.9134026718972855,0.02012707987961451,spec_extended_2,Expands Expression,**,2.123** (0.913)
v2jureview_lag1,-0.7729975942232876,Contracts Expression,Contracts Expression,0.32157036847357995,0.01622471702350205,spec_extended_2,Expands Expression,**,-0.773** (0.322)
v2jureview_lag1,-0.4887964182872409,Mixed Outcome,Mixed Outcome,0.350678268184814,0.16335987897270188,spec_extended_2,Expands Expression,,-0.489 (0.351)
legal_common,1.712319504911705,Contracts Expression,Contracts Expression,0.3252605000325688,1.4060527010510568e-07,spec_extended_2,Expands Expression,***,1.712*** (0.325)
legal_common,1.1822890364947107,Mixed Outcome,Mixed Outcome,0.3901570224680987,0.002443187900305982,spec_extended_2,Expands Expression,***,1.182*** (0.39)
legal_civil,0.35198584988009984,Contracts Expression,Contracts Expression,0.32771373381521046,0.28279355219383806,spec_extended_2,Expands Expression,,0.352 (0.328)
legal_civil,0.15288465530125478,Mixed Outcome,Mixed Outcome,0.36137640258807324,0.6722499623786142,spec_extended_2,Expands Expression,,0.153 (0.361)
high_court,-0.5132355165118861,Contracts Expression,Contracts Expression,0.2819957152354677,0.06875721482376661,spec_extended_2,Expands Expression,*,-0.513* (0.282)
high_court,0.02419828692021421,Mixed Outcome,Mixed Outcome,0.15672183358426328,0.8772921611782903,spec_extended_2,Expands Expression,,0.024 (0.157)
j_ind_lag1,-0.1806953113276952,Contracts Expression,Contracts Expression,0.2678971557724344,0.4999966178203532,spec_extended_2,Expands Expression,,-0.181 (0.268)
j_ind_lag1,-0.35918374645459583,Mixed Outcome,Mixed Outcome,0.2004246603302063,0.07311478126711916,spec_extended_2,Expands Expression,*,-0.359* (0.2)
Intercept,5.922806227408661,Contracts Expression,Contracts Expression,1.542834451366591,0.00012358053406256544,spec_extended_2_spline,Expands Expression,***,5.923*** (1.543)
Intercept,3.25230181083672,Mixed Outcome,Mixed Outcome,0.9030947490580823,0.00031664790425739886,spec_extended_2_spline,Expands Expression,***,3.252*** (0.903)
"bs(year, df=4)[0]",-7.2859603820618695,Contracts Expression,Contracts Expression,3.6972440734209004,0.04876434593722406,spec_extended_2_spline,Expands Expression,**,-7.286** (3.697)
"bs(year, df=4)[0]",-11.975782972149482,Mixed Outcome,Mixed Outcome,1.8405010997566174,7.676561786013153e-11,spec_extended_2_spline,Expands Expression,***,-11.976*** (1.841)
"bs(year, df=4)[1]",-3.945513325756575,Contracts Expression,Contracts Expression,0.7737940890599228,3.4159881164818166e-07,spec_extended_2_spline,Expands Expression,***,-3.946*** (0.774)
"bs(year, df=4)[1]",-3.2682730231135575,Mixed Outcome,Mixed Outcome,1.1450666020365632,0.004314252183513225,spec_extended_2_spline,Expands Expression,***,-3.268*** (1.145)
"bs(year, df=4)[2]",-3.7510109854408875,Contracts Expression,Contracts Expression,1.8389017873798397,0.04136921385063965,spec_extended_2_spline,Expands Expression,**,-3.751** (1.839)
"bs(year, df=4)[2]",-4.977014854973008,Mixed Outcome,Mixed Outcome,1.125017386039115,9.691477653735259e-06,spec_extended_2_spline,Expands Expression,***,-4.977*** (1.125)
"bs(year, df=4)[3]",-6.411137227252134,Contracts Expression,Contracts Expression,2.0278244179413005,0.0015691355593435506,spec_extended_2_spline,Expands Expression,***,-6.411*** (2.028)
"bs(year, df=4)[3]",-4.238646279510175,Mixed Outcome,Mixed Outcome,0.86142586014943,8.632322885423127e-07,spec_extended_2_spline,Expands Expression,***,-4.239*** (0.861)
wdj_expression_lag1,0.4761370414986522,Contracts Expression,Contracts Expression,0.27655852874249054,0.08513290679087027,spec_extended_2_spline,Expands Expression,*,0.476* (0.277)
wdj_expression_lag1,-0.13652349640396727,Mixed Outcome,Mixed Outcome,0.3603556266405584,0.7047935526102427,spec_extended_2_spline,Expands Expression,,-0.137 (0.36)
v2jupoatck_lag1,0.26643902302099276,Contracts Expression,Contracts Expression,0.09894664020654619,0.007086440150108019,spec_extended_2_spline,Expands Expression,***,0.266*** (0.099)
v2jupoatck_lag1,0.03949756761090646,Mixed Outcome,Mixed Outcome,0.13425145524619886,0.7686005873426118,spec_extended_2_spline,Expands Expression,,0.039 (0.134)
v2x_polyarchy_lag1,-3.373124850327528,Contracts Expression,Contracts Expression,1.193614036864397,0.0047136767403701645,spec_extended_2_spline,Expands Expression,***,-3.373*** (1.194)
v2x_polyarchy_lag1,1.5210918864181668,Mixed Outcome,Mixed Outcome,1.1843120210671398,0.19901339405035612,spec_extended_2_spline,Expands Expression,,1.521 (1.184)
v2jureview_lag1,-0.6798508683484776,Contracts Expression,Contracts Expression,0.3208472352833311,0.034096900543413675,spec_extended_2_spline,Expands Expression,**,-0.68** (0.321)
v2jureview_lag1,-0.4069363496508501,Mixed Outcome,Mixed Outcome,0.33382533808570325,0.22284048311998117,spec_extended_2_spline,Expands Expression,,-0.407 (0.334)
legal_common,1.6647909687136018,Contracts Expression,Contracts Expression,0.32522225416836326,3.072688897720408e-07,spec_extended_2_spline,Expands Expression,***,1.665*** (0.325)
legal_common,1.3073894383118823,Mixed Outcome,Mixed Outcome,0.3700845782842929,0.00041137406892441625,spec_extended_2_spline,Expands Expression,***,1.307*** (0.37)
legal_civil,0.3461799821781219,Contracts Expression,Contracts Expression,0.31207745702314454,0.2673112058020548,spec_extended_2_spline,Expands Expression,,0.346 (0.312)
legal_civil,0.16787350504056212,Mixed Outcome,Mixed Outcome,0.3520263871101997,0.6334492705882009,spec_extended_2_spline,Expands Expression,,0.168 (0.352)
high_court,-0.36329309701953666,Contracts Expression,Contracts Expression,0.33519211593747134,0.2784377652140211,spec_extended_2_spline,Expands Expression,,-0.363 (0.335)
high_court,0.17807738505222181,Mixed Outcome,Mixed Outcome,0.17363249616237553,0.30508044723268923,spec_extended_2_spline,Expands Expression,,0.178 (0.174)
j_ind_lag1,-0.2200953457518836,Contracts Expression,Contracts Expression,0.26382302832142485,0.40413801878980726,spec_extended_2_spline,Expands Expression,,-0.22 (0.264)
j_ind_lag1,-0.32684623531712625,Mixed Outcome,Mixed Outcome,0.2033366783624628,0.10796356825860398,spec_extended_2_spline,Expands Expression,,-0.327 (0.203)
Intercept,-83.10448450982172,Contracts Expression,Contracts Expression,53.32483801617851,0.11912487623309659,spec_extended_2_spline_interact,Expands Expression,,-83.104 (53.325)
Intercept,19.309152656849072,Mixed Outcome,Mixed Outcome,51.27617496175421,0.7064919761242324,spec_extended_2_spline_interact,Expands Expression,,19.309 (51.276)
"bs(year, df=4)[0]",49.29301591247862,Contracts Expression,Contracts Expression,55.21910747368066,0.37202834012133834,spec_extended_2_spline_interact,Expands Expression,,49.293 (55.219)
"bs(year, df=4)[0]",-82.408838676604,Mixed Outcome,Mixed Outcome,58.860691571809745,0.16149362825042646,spec_extended_2_spline_interact,Expands Expression,,-82.409 (58.861)
"bs(year, df=4)[1]",97.36725869307368,Contracts Expression,Contracts Expression,54.83017232410622,0.07576637283844681,spec_extended_2_spline_interact,Expands Expression,*,97.367* (54.83)
"bs(year, df=4)[1]",-1.1262322371412545,Mixed Outcome,Mixed Outcome,50.97930019296772,0.9823746065304251,spec_extended_2_spline_interact,Expands Expression,,-1.126 (50.979)
"bs(year, df=4)[2]",83.32638832293787,Contracts Expression,Contracts Expression,53.0582772057544,0.11630600245059783,spec_extended_2_spline_interact,Expands Expression,,83.326 (53.058)
"bs(year, df=4)[2]",-24.188503993767956,Mixed Outcome,Mixed Outcome,51.54850133941911,0.6388996883162128,spec_extended_2_spline_interact,Expands Expression,,-24.189 (51.549)
"bs(year, df=4)[3]",82.95159330072724,Contracts Expression,Contracts Expression,53.4628578136338,0.12076412939780735,spec_extended_2_spline_interact,Expands Expression,,82.952 (53.463)
"bs(year, df=4)[3]",-15.031478902696374,Mixed Outcome,Mixed Outcome,51.72422950693507,0.7713510815562223,spec_extended_2_spline_interact,Expands Expression,,-15.031 (51.724)
v2x_polyarchy_lag1,174.7968806958075,Contracts Expression,Contracts Expression,102.537535562332,0.0882483083383987,spec_extended_2_spline_interact,Expands Expression,*,174.797* (102.538)
v2x_polyarchy_lag1,-14.157977369156432,Mixed Outcome,Mixed Outcome,94.13122296970693,0.8804436654277761,spec_extended_2_spline_interact,Expands Expression,,-14.158 (94.131)
"bs(year, df=4)[0]:v2x_polyarchy_lag1",-153.34335443248992,Contracts Expression,Contracts Expression,112.00625976345042,0.17098034062248801,spec_extended_2_spline_interact,Expands Expression,,-153.343 (112.006)
"bs(year, df=4)[0]:v2x_polyarchy_lag1",86.70185366883716,Mixed Outcome,Mixed Outcome,109.93267848144728,0.43029826883084965,spec_extended_2_spline_interact,Expands Expression,,86.702 (109.933)
"bs(year, df=4)[1]:v2x_polyarchy_lag1",-190.78450206064522,Contracts Expression,Contracts Expression,101.56649636831203,0.06032378014620277,spec_extended_2_spline_interact,Expands Expression,*,-190.785* (101.566)
"bs(year, df=4)[1]:v2x_polyarchy_lag1",-8.590701978921523,Mixed Outcome,Mixed Outcome,91.88636053371857,0.9255121658008352,spec_extended_2_spline_interact,Expands Expression,,-8.591 (91.886)
"bs(year, df=4)[2]:v2x_polyarchy_lag1",-175.9889448535413,Contracts Expression,Contracts Expression,102.6737513685422,0.08651775251761815,spec_extended_2_spline_interact,Expands Expression,*,-175.989* (102.674)
"bs(year, df=4)[2]:v2x_polyarchy_lag1",20.307039291434425,Mixed Outcome,Mixed Outcome,94.97843180807932,0.8306976832049975,spec_extended_2_spline_interact,Expands Expression,,20.307 (94.978)
"bs(year, df=4)[3]:v2x_polyarchy_lag1",-177.7003468356944,Contracts Expression,Contracts Expression,102.39415435055501,0.08266041885413224,spec_extended_2_spline_interact,Expands Expression,*,-177.7* (102.394)
"bs(year, df=4)[3]:v2x_polyarchy_lag1",9.243472205558652,Mixed Outcome,Mixed Outcome,95.01723898002065,0.9225024069616006,spec_extended_2_spline_interact,Expands Expression,,9.243 (95.017)
wdj_expression_lag1,0.5088439380140081,Contracts Expression,Contracts Expression,0.36604631755386524,0.1644960647792435,spec_extended_2_spline_interact,Expands Expression,,0.509 (0.366)
wdj_expression_lag1,-0.2601419518914147,Mixed Outcome,Mixed Outcome,0.36890214339816196,0.4806990045866474,spec_extended_2_spline_interact,Expands Expression,,-0.26 (0.369)
v2jupoatck_lag1,0.2792130090806948,Contracts Expression,Contracts Expression,0.0887292340124431,0.0016506874779407064,spec_extended_2_spline_interact,Expands Expression,***,0.279*** (0.089)
v2jupoatck_lag1,0.05570206924724871,Mixed Outcome,Mixed Outcome,0.1434341914476361,0.6977601304397094,spec_extended_2_spline_interact,Expands Expression,,0.056 (0.143)
v2jureview_lag1,-0.7317585840520783,Contracts Expression,Contracts Expression,0.3015669956982373,0.015244376947618377,spec_extended_2_spline_interact,Expands Expression,**,-0.732** (0.302)
v2jureview_lag1,-0.535667652736981,Mixed Outcome,Mixed Outcome,0.34289423779528844,0.11824206575818194,spec_extended_2_spline_interact,Expands Expression,,-0.536 (0.343)
legal_common,1.695409298902236,Contracts Expression,Contracts Expression,0.32576508460384396,1.9463245771088967e-07,spec_extended_2_spline_interact,Expands Expression,***,1.695*** (0.326)
legal_common,1.4068619028194866,Mixed Outcome,Mixed Outcome,0.36621108211690834,0.0001222003625242585,spec_extended_2_spline_interact,Expands Expression,***,1.407*** (0.366)
legal_civil,0.30261980887844897,Contracts Expression,Contracts Expression,0.303880277815457,0.31932201800064397,spec_extended_2_spline_interact,Expands Expression,,0.303 (0.304)
legal_civil,0.13615876172104252,Mixed Outcome,Mixed Outcome,0.37018586253903646,0.7130135027108917,spec_extended_2_spline_interact,Expands Expression,,0.136 (0.37)
high_court,-0.33237310626994376,Contracts Expression,Contracts Expression,0.3446427843656612,0.3348459965870262,spec_extended_2_spline_interact,Expands Expression,,-0.332 (0.345)
high_court,0.1755484786010374,Mixed Outcome,Mixed Outcome,0.17546646304682725,0.31708435951837777,spec_extended_2_spline_interact,Expands Expression,,0.176 (0.175)
j_ind_lag1,-0.22618468463804056,Contracts Expression,Contracts Expression,0.26661200444308125,0.3962339108484271,spec_extended_2_spline_interact,Expands Expression,,-0.226 (0.267)
j_ind_lag1,-0.36072954543169217,Mixed Outcome,Mixed Outcome,0.21341044477598645,0.09096889903648422,spec_extended_2_spline_interact,Expands Expression,*,-0.361* (0.213)
Intercept,2.353115550459548,Contracts Expression,Contracts Expression,0.6531385214125935,0.00031482984763108834,spec_extended_3,Expands Expression,***,2.353*** (0.653)
Intercept,-2.1595097580576326,Mixed Outcome,Mixed Outcome,0.7452933274261613,0.003761137921457221,spec_extended_3,Expands Expression,***,-2.16*** (0.745)
wdj_expression_lag1,0.13689591479723354,Contracts Expression,Contracts Expression,0.20953197190040962,0.5135361991056324,spec_extended_3,Expands Expression,,0.137 (0.21)
wdj_expression_lag1,-0.03623597632439004,Mixed Outcome,Mixed Outcome,0.19260510612818188,0.8507699511726178,spec_extended_3,Expands Expression,,-0.036 (0.193)
v2jupack_lag1,0.2561006922479894,Contracts Expression,Contracts Expression,0.15692224690331524,0.10267467316609986,spec_extended_3,Expands Expression,,0.256 (0.157)
v2jupack_lag1,-0.31293034233740485,Mixed Outcome,Mixed Outcome,0.20838526634857238,0.13317685077546734,spec_extended_3,Expands Expression,,-0.313 (0.208)
v2x_polyarchy_lag1,-3.8301510789803572,Contracts Expression,Contracts Expression,1.2071769733425064,0.0015096788369434431,spec_extended_3,Expands Expression,***,-3.83*** (1.207)
v2x_polyarchy_lag1,3.220782418479451,Mixed Outcome,Mixed Outcome,1.262450707839409,0.010734826745052611,spec_extended_3,Expands Expression,**,3.221** (1.262)
v2jureview_lag1,-0.9034207715493152,Contracts Expression,Contracts Expression,0.32290836842352844,0.005145800993887964,spec_extended_3,Expands Expression,***,-0.903*** (0.323)
v2jureview_lag1,-0.43069426166493696,Mixed Outcome,Mixed Outcome,0.3603500791586863,0.2320047284701252,spec_extended_3,Expands Expression,,-0.431 (0.36)
legal_common,1.787725351017398,Contracts Expression,Contracts Expression,0.33986508313600583,1.4397471321604468e-07,spec_extended_3,Expands Expression,***,1.788*** (0.34)
legal_common,1.165987483401914,Mixed Outcome,Mixed Outcome,0.3921880493692255,0.0029487404367618225,spec_extended_3,Expands Expression,***,1.166*** (0.392)
legal_civil,0.4229064704465331,Contracts Expression,Contracts Expression,0.3396350827663118,0.21306596252367382,spec_extended_3,Expands Expression,,0.423 (0.34)
legal_civil,0.03989373878173679,Mixed Outcome,Mixed Outcome,0.3755106836854569,0.9153930258646265,spec_extended_3,Expands Expression,,0.04 (0.376)
high_court,-0.42107093302868637,Contracts Expression,Contracts Expression,0.2849743708198353,0.13952163852363428,spec_extended_3,Expands Expression,,-0.421 (0.285)
high_court,-0.0195375486143136,Mixed Outcome,Mixed Outcome,0.13996527208290122,0.8889850921445983,spec_extended_3,Expands Expression,,-0.02 (0.14)
j_ind_lag1,-0.16163531873358813,Contracts Expression,Contracts Expression,0.2798819093241875,0.5635932545460798,spec_extended_3,Expands Expression,,-0.162 (0.28)
j_ind_lag1,-0.3573531934252271,Mixed Outcome,Mixed Outcome,0.20241886149523597,0.07749412798347956,spec_extended_3,Expands Expression,*,-0.357* (0.202)
Intercept,6.036226721508773,Contracts Expression,Contracts Expression,1.4782110406793703,4.436863970410968e-05,spec_extended_3_spline,Expands Expression,***,6.036*** (1.478)
Intercept,2.800871500708605,Mixed Outcome,Mixed Outcome,0.9761529685376705,0.00411387019510929,spec_extended_3_spline,Expands Expression,***,2.801*** (0.976)
"bs(year, df=4)[0]",-6.471278919404122,Contracts Expression,Contracts Expression,3.593417700121013,0.0717233380002141,spec_extended_3_spline,Expands Expression,*,-6.471* (3.593)
"bs(year, df=4)[0]",-11.769440597265374,Mixed Outcome,Mixed Outcome,1.876705921119393,3.5797889892800417e-10,spec_extended_3_spline,Expands Expression,***,-11.769*** (1.877)
"bs(year, df=4)[1]",-3.993968826336696,Contracts Expression,Contracts Expression,0.752957528552632,1.130599009936486e-07,spec_extended_3_spline,Expands Expression,***,-3.994*** (0.753)
"bs(year, df=4)[1]",-3.349591975969272,Mixed Outcome,Mixed Outcome,1.108626949759238,0.002516188467894492,spec_extended_3_spline,Expands Expression,***,-3.35*** (1.109)
"bs(year, df=4)[2]",-3.7150897331142114,Contracts Expression,Contracts Expression,1.7565444012568447,0.034430028614549045,spec_extended_3_spline,Expands Expression,**,-3.715** (1.757)
"bs(year, df=4)[2]",-5.042408517565744,Mixed Outcome,Mixed Outcome,1.0700650799282903,2.450029092068001e-06,spec_extended_3_spline,Expands Expression,***,-5.042*** (1.07)
"bs(year, df=4)[3]",-6.108821270544954,Contracts Expression,Contracts Expression,2.035513118188328,0.0026898760911589366,spec_extended_3_spline,Expands Expression,***,-6.109*** (2.036)
"bs(year, df=4)[3]",-4.300432270060688,Mixed Outcome,Mixed Outcome,0.9187341802182154,2.8572526591840387e-06,spec_extended_3_spline,Expands Expression,***,-4.3*** (0.919)
wdj_expression_lag1,0.26769149549720767,Contracts Expression,Contracts Expression,0.28032634106748405,0.33961406690773743,spec_extended_3_spline,Expands Expression,,0.268 (0.28)
wdj_expression_lag1,-0.18619379266067276,Mixed Outcome,Mixed Outcome,0.28594131724840016,0.5149426563594579,spec_extended_3_spline,Expands Expression,,-0.186 (0.286)
v2jupack_lag1,0.23935423009140436,Contracts Expression,Contracts Expression,0.15624197680255242,0.125535826062642,spec_extended_3_spline,Expands Expression,,0.239 (0.156)
v2jupack_lag1,-0.282152680032469,Mixed Outcome,Mixed Outcome,0.2089760641263715,0.17696227592489078,spec_extended_3_spline,Expands Expression,,-0.282 (0.209)
v2x_polyarchy_lag1,-3.465563529485582,Contracts Expression,Contracts Expression,1.1901038514491182,0.0035914088075420124,spec_extended_3_spline,Expands Expression,***,-3.466*** (1.19)
v2x_polyarchy_lag1,2.811452085153983,Mixed Outcome,Mixed Outcome,1.2952805028552703,0.02996631568674276,spec_extended_3_spline,Expands Expression,**,2.811** (1.295)
v2jureview_lag1,-0.8591075659631605,Contracts Expression,Contracts Expression,0.3300164450519136,0.009235091040519405,spec_extended_3_spline,Expands Expression,***,-0.859*** (0.33)
v2jureview_lag1,-0.4045960355089314,Mixed Outcome,Mixed Outcome,0.35356252951574324,0.2524823201081521,spec_extended_3_spline,Expands Expression,,-0.405 (0.354)
legal_common,1.7399866659995038,Contracts Expression,Contracts Expression,0.36337898118863915,1.6815605953367473e-06,spec_extended_3_spline,Expands Expression,***,1.74*** (0.363)
legal_common,1.30288691709627,Mixed Outcome,Mixed Outcome,0.37696911917088277,0.0005478149805400127,spec_extended_3_spline,Expands Expression,***,1.303*** (0.377)
legal_civil,0.40542181720527226,Contracts Expression,Contracts Expression,0.3460300385161649,0.2413425699749111,spec_extended_3_spline,Expands Expression,,0.405 (0.346)
legal_civil,0.0584490246970933,Mixed Outcome,Mixed Outcome,0.3768578395847882,0.8767458840650818,spec_extended_3_spline,Expands Expression,,0.058 (0.377)
high_court,-0.31251387568644795,Contracts Expression,Contracts Expression,0.3307475232036678,0.3447245337032452,spec_extended_3_spline,Expands Expression,,-0.313 (0.331)
high_court,0.1347423515547787,Mixed Outcome,Mixed Outcome,0.17093011445554102,0.4305276032202766,spec_extended_3_spline,Expands Expression,,0.135 (0.171)
j_ind_lag1,-0.2117118897512477,Contracts Expression,Contracts Expression,0.2786804828062962,0.4474375181013813,spec_extended_3_spline,Expands Expression,,-0.212 (0.279)
j_ind_lag1,-0.32760296515856563,Mixed Outcome,Mixed Outcome,0.20633496415406455,0.11234877393051673,spec_extended_3_spline,Expands Expression,,-0.328 (0.206)
Intercept,-87.4380518140054,Contracts Expression,Contracts Expression,55.976788509383994,0.11827827528495416,spec_extended_3_spline_interact,Expands Expression,,-87.438 (55.977)
Intercept,21.91134321232566,Mixed Outcome,Mixed Outcome,52.725973641408,0.6777245392933524,spec_extended_3_spline_interact,Expands Expression,,21.911 (52.726)
"bs(year, df=4)[0]",53.02611028173182,Contracts Expression,Contracts Expression,58.36372811732561,0.36359001588656725,spec_extended_3_spline_interact,Expands Expression,,53.026 (58.364)
"bs(year, df=4)[0]",-86.11624826443958,Mixed Outcome,Mixed Outcome,61.366313699860605,0.16052302550192388,spec_extended_3_spline_interact,Expands Expression,,-86.116 (61.366)
"bs(year, df=4)[1]",102.3865498935521,Contracts Expression,Contracts Expression,56.99429310792,0.07242534224718444,spec_extended_3_spline_interact,Expands Expression,*,102.387* (56.994)
"bs(year, df=4)[1]",-5.04469303407205,Mixed Outcome,Mixed Outcome,52.22052304643857,0.9230411592513296,spec_extended_3_spline_interact,Expands Expression,,-5.045 (52.221)
"bs(year, df=4)[2]",87.76303048026841,Contracts Expression,Contracts Expression,55.7957275528417,0.11573396208318153,spec_extended_3_spline_interact,Expands Expression,,87.763 (55.796)
"bs(year, df=4)[2]",-27.169288633544774,Mixed Outcome,Mixed Outcome,53.004457034060906,0.6082416609185141,spec_extended_3_spline_interact,Expands Expression,,-27.169 (53.004)
"bs(year, df=4)[3]",87.47840808724843,Contracts Expression,Contracts Expression,55.926076043409935,0.11777547706045745,spec_extended_3_spline_interact,Expands Expression,,87.478 (55.926)
"bs(year, df=4)[3]",-17.93246886640102,Mixed Outcome,Mixed Outcome,53.05191017076429,0.735350073653541,spec_extended_3_spline_interact,Expands Expression,,-17.932 (53.052)
v2x_polyarchy_lag1,183.4102485401648,Contracts Expression,Contracts Expression,107.38680137805633,0.08764741565842138,spec_extended_3_spline_interact,Expands Expression,*,183.41* (107.387)
v2x_polyarchy_lag1,-17.940666165370025,Mixed Outcome,Mixed Outcome,96.85846334060865,0.8530520972573737,spec_extended_3_spline_interact,Expands Expression,,-17.941 (96.858)
"bs(year, df=4)[0]:v2x_polyarchy_lag1",-160.7738288085147,Contracts Expression,Contracts Expression,118.12585567677077,0.173501546069323,spec_extended_3_spline_interact,Expands Expression,,-160.774 (118.126)
"bs(year, df=4)[0]:v2x_polyarchy_lag1",93.06440730476156,Mixed Outcome,Mixed Outcome,113.75388927665712,0.4132882912718646,spec_extended_3_spline_interact,Expands Expression,,93.064 (113.754)
"bs(year, df=4)[1]:v2x_polyarchy_lag1",-200.33575908741165,Contracts Expression,Contracts Expression,105.68528437797293,0.058014542472121185,spec_extended_3_spline_interact,Expands Expression,*,-200.336* (105.685)
"bs(year, df=4)[1]:v2x_polyarchy_lag1",-2.4111303007280807,Mixed Outcome,Mixed Outcome,94.25542856183984,0.9795916916912121,spec_extended_3_spline_interact,Expands Expression,,-2.411 (94.255)
"bs(year, df=4)[2]:v2x_polyarchy_lag1",-184.70061347796346,Contracts Expression,Contracts Expression,107.80300947296439,0.08665443320672395,spec_extended_3_spline_interact,Expands Expression,*,-184.701* (107.803)
"bs(year, df=4)[2]:v2x_polyarchy_lag1",25.262072172079183,Mixed Outcome,Mixed Outcome,97.66491052431536,0.7958970600549697,spec_extended_3_spline_interact,Expands Expression,,25.262 (97.665)
"bs(year, df=4)[3]:v2x_polyarchy_lag1",-186.07346687793603,Contracts Expression,Contracts Expression,107.17402462972812,0.08253189898971039,spec_extended_3_spline_interact,Expands Expression,*,-186.073* (107.174)
"bs(year, df=4)[3]:v2x_polyarchy_lag1",14.131207411075115,Mixed Outcome,Mixed Outcome,97.55661423877656,0.884828237174542,spec_extended_3_spline_interact,Expands Expression,,14.131 (97.557)
wdj_expression_lag1,0.2843921224927775,Contracts Expression,Contracts Expression,0.38517739074374585,0.46030747433497343,spec_extended_3_spline_interact,Expands Expression,,0.284 (0.385)
wdj_expression_lag1,-0.31305966349449865,Mixed Outcome,Mixed Outcome,0.2916576290417174,0.28310035037341263,spec_extended_3_spline_interact,Expands Expression,,-0.313 (0.292)
v2jupack_lag1,0.2962183657046806,Contracts Expression,Contracts Expression,0.15068893350525797,0.049326273032319255,spec_extended_3_spline_interact,Expands Expression,**,0.296** (0.151)
v2jupack_lag1,-0.2950264326467496,Mixed Outcome,Mixed Outcome,0.21473228287711232,0.16946441670475143,spec_extended_3_spline_interact,Expands Expression,,-0.295 (0.215)
v2jureview_lag1,-0.9212323620274093,Contracts Expression,Contracts Expression,0.3149188651801698,0.0034412357539739835,spec_extended_3_spline_interact,Expands Expression,***,-0.921*** (0.315)
v2jureview_lag1,-0.5543544510680966,Mixed Outcome,Mixed Outcome,0.36075569478338654,0.12437957610785717,spec_extended_3_spline_interact,Expands Expression,,-0.554 (0.361)
legal_common,1.769789716529103,Contracts Expression,Contracts Expression,0.358133539338503,7.744298040311516e-07,spec_extended_3_spline_interact,Expands Expression,***,1.77*** (0.358)
legal_common,1.399905811924397,Mixed Outcome,Mixed Outcome,0.38361037966598954,0.00026296533659291726,spec_extended_3_spline_interact,Expands Expression,***,1.4*** (0.384)
legal_civil,0.37243257062290674,Contracts Expression,Contracts Expression,0.340233851777797,0.2736756889954173,spec_extended_3_spline_interact,Expands Expression,,0.372 (0.34)
legal_civil,0.009168615833511473,Mixed Outcome,Mixed Outcome,0.40941562154412325,0.9821333500385334,spec_extended_3_spline_interact,Expands Expression,,0.009 (0.409)
high_court,-0.26421549706124553,Contracts Expression,Contracts Expression,0.3387940088997985,0.4354670276699828,spec_extended_3_spline_interact,Expands Expression,,-0.264 (0.339)
high_court,0.12835094441144823,Mixed Outcome,Mixed Outcome,0.17199753934020653,0.45552420238091595,spec_extended_3_spline_interact,Expands Expression,,0.128 (0.172)
j_ind_lag1,-0.22295040276597347,Contracts Expression,Contracts Expression,0.28560700096096964,0.4350263018818169,spec_extended_3_spline_interact,Expands Expression,,-0.223 (0.286)
j_ind_lag1,-0.354055323726223,Mixed Outcome,Mixed Outcome,0.2123549135212912,0.09545853241859012,spec_extended_3_spline_interact,Expands Expression,*,-0.354* (0.212)
Intercept,2.3042069111643957,Contracts Expression,Contracts Expression,0.6219005815158885,0.00021130323958781322,spec_c_pack,Expands Expression,***,2.304*** (0.622)
Intercept,-2.0303980497297864,Mixed Outcome,Mixed Outcome,0.7439285148991372,0.006347049961922463,spec_c_pack,Expands Expression,***,-2.03*** (0.744)
wdj_citizen_lag1,0.27160397579244844,Contracts Expression,Contracts Expression,0.42829669310153695,0.5259835016480288,spec_c_pack,Expands Expression,,0.272 (0.428)
wdj_citizen_lag1,-0.583054339636806,Mixed Outcome,Mixed Outcome,0.41284367535303784,0.15786505633688863,spec_c_pack,Expands Expression,,-0.583 (0.413)
v2jupack_lag1,0.23525340604705286,Contracts Expression,Contracts Expression,0.16163031578686385,0.1455300662408457,spec_c_pack,Expands Expression,,0.235 (0.162)
v2jupack_lag1,-0.25243197644839394,Mixed Outcome,Mixed Outcome,0.221575860469562,0.2545957397847193,spec_c_pack,Expands Expression,,-0.252 (0.222)
v2x_polyarchy_lag1,-3.881589723965282,Contracts Expression,Contracts Expression,1.2027618411302767,0.001249947157091517,spec_c_pack,Expands Expression,***,-3.882*** (1.203)
v2x_polyarchy_lag1,3.1192398796255976,Mixed Outcome,Mixed Outcome,1.2427554593224726,0.012075216045835327,spec_c_pack,Expands Expression,**,3.119** (1.243)
v2jureview_lag1,-0.8678130060451898,Contracts Expression,Contracts Expression,0.3014818912573242,0.003995822813599203,spec_c_pack,Expands Expression,***,-0.868*** (0.301)
v2jureview_lag1,-0.450546397434963,Mixed Outcome,Mixed Outcome,0.35934097798538295,0.20990997502018904,spec_c_pack,Expands Expression,,-0.451 (0.359)
legal_common,1.8653462737235436,Contracts Expression,Contracts Expression,0.3606774928932182,2.3186888202631257e-07,spec_c_pack,Expands Expression,***,1.865*** (0.361)
legal_common,1.1266274233301488,Mixed Outcome,Mixed Outcome,0.385457237039512,0.00346861658384075,spec_c_pack,Expands Expression,***,1.127*** (0.385)
legal_civil,0.4180033382887497,Contracts Expression,Contracts Expression,0.3443165533188221,0.22474434982062685,spec_c_pack,Expands Expression,,0.418 (0.344)
legal_civil,0.20541053191074082,Mixed Outcome,Mixed Outcome,0.35782417527464977,0.5659310089853271,spec_c_pack,Expands Expression,,0.205 (0.358)
high_court,-0.44893433640828473,Contracts Expression,Contracts Expression,0.25865860812449043,0.08263016962303855,spec_c_pack,Expands Expression,*,-0.449* (0.259)
high_court,-0.0015124524992033987,Mixed Outcome,Mixed Outcome,0.13081671148324794,0.9907753711275066,spec_c_pack,Expands Expression,,-0.002 (0.131)
j_ind_lag1,-0.14360753617573546,Contracts Expression,Contracts Expression,0.27380839345754754,0.5999434317452592,spec_c_pack,Expands Expression,,-0.144 (0.274)
j_ind_lag1,-0.3912069175628939,Mixed Outcome,Mixed Outcome,0.18908922473657575,0.03855536214487866,spec_c_pack,Expands Expression,**,-0.391** (0.189)
Intercept,2.287158781016754,Contracts Expression,Contracts Expression,0.6336357891999802,0.00030669372210515255,spec_im_pack,Expands Expression,***,2.287*** (0.634)
Intercept,-2.278879255924837,Mixed Outcome,Mixed Outcome,0.7279603110356208,0.0017450940560130817,spec_im_pack,Expands Expression,***,-2.279*** (0.728)
wdj_intermediaries_lag1,0.7621356152564651,Contracts Expression,Contracts Expression,0.6361327756262409,0.23088730637278632,spec_im_pack,Expands Expression,,0.762 (0.636)
wdj_intermediaries_lag1,0.623855749772821,Mixed Outcome,Mixed Outcome,0.5421941450933195,0.24989139289396656,spec_im_pack,Expands Expression,,0.624 (0.542)
v2jupack_lag1,0.21390465137960846,Contracts Expression,Contracts Expression,0.15169931321715238,0.15852290557247972,spec_im_pack,Expands Expression,,0.214 (0.152)
v2jupack_lag1,-0.34950942327880213,Mixed Outcome,Mixed Outcome,0.2039906460024282,0.08664632131283695,spec_im_pack,Expands Expression,*,-0.35* (0.204)
v2x_polyarchy_lag1,-3.8776957217766257,Contracts Expression,Contracts Expression,1.2198479868221297,0.0014786813512526833,spec_im_pack,Expands Expression,***,-3.878*** (1.22)
v2x_polyarchy_lag1,3.354226700169749,Mixed Outcome,Mixed Outcome,1.2550255639217915,0.007525782669070283,spec_im_pack,Expands Expression,***,3.354*** (1.255)
v2jureview_lag1,-0.8771763390588186,Contracts Expression,Contracts Expression,0.30617000043382064,0.004170123054258067,spec_im_pack,Expands Expression,***,-0.877*** (0.306)
v2jureview_lag1,-0.4256311031177518,Mixed Outcome,Mixed Outcome,0.37051960314257426,0.25066274560258783,spec_im_pack,Expands Expression,,-0.426 (0.371)
legal_common,1.913512734112179,Contracts Expression,Contracts Expression,0.3628230896949988,1.3351448569764066e-07,spec_im_pack,Expands Expression,***,1.914*** (0.363)
legal_common,1.2170116733362297,Mixed Outcome,Mixed Outcome,0.3960122858307879,0.0021180030936938945,spec_im_pack,Expands Expression,***,1.217*** (0.396)
legal_civil,0.32481883201572104,Contracts Expression,Contracts Expression,0.3343790163381113,0.3313445798821748,spec_im_pack,Expands Expression,,0.325 (0.334)
legal_civil,-0.15624535143246734,Mixed Outcome,Mixed Outcome,0.3896119738906164,0.6883994321194785,spec_im_pack,Expands Expression,,-0.156 (0.39)
high_court,-0.44355985139436477,Contracts Expression,Contracts Expression,0.26135537499306705,0.08966788819897215,spec_im_pack,Expands Expression,*,-0.444* (0.261)
high_court,-0.00490094117752393,Mixed Outcome,Mixed Outcome,0.138653075983173,0.9718032134943545,spec_im_pack,Expands Expression,,-0.005 (0.139)
j_ind_lag1,-0.13163764657518895,Contracts Expression,Contracts Expression,0.2704223542044855,0.6264104369646546,spec_im_pack,Expands Expression,,-0.132 (0.27)
j_ind_lag1,-0.3600411865587354,Mixed Outcome,Mixed Outcome,0.1881047911978334,0.05561430325806012,spec_im_pack,Expands Expression,*,-0.36* (0.188)
Intercept,2.4533050680337416,Contracts Expression,Contracts Expression,0.6500457606586305,0.00016061868116403494,spec_p_pack,Expands Expression,***,2.453*** (0.65)
Intercept,-2.213790078141121,Mixed Outcome,Mixed Outcome,0.7139374787594046,0.0019298696571989637,spec_p_pack,Expands Expression,***,-2.214*** (0.714)
wdj_press_lag1,0.5090416409655634,Contracts Expression,Contracts Expression,0.6103532455099349,0.4042744895223722,spec_p_pack,Expands Expression,,0.509 (0.61)
wdj_press_lag1,-0.9305957423157638,Mixed Outcome,Mixed Outcome,0.4323139724324342,0.03135073166476045,spec_p_pack,Expands Expression,**,-0.931** (0.432)
v2jupack_lag1,0.23753048167317892,Contracts Expression,Contracts Expression,0.1582502422418566,0.13336068052579123,spec_p_pack,Expands Expression,,0.238 (0.158)
v2jupack_lag1,-0.24887996525815936,Mixed Outcome,Mixed Outcome,0.21062809992229473,0.2373610565594474,spec_p_pack,Expands Expression,,-0.249 (0.211)
v2x_polyarchy_lag1,-4.01220122053499,Contracts Expression,Contracts Expression,1.2104722807709951,0.0009178253784577142,spec_p_pack,Expands Expression,***,-4.012*** (1.21)
v2x_polyarchy_lag1,3.301337816890753,Mixed Outcome,Mixed Outcome,1.1368320962121061,0.003684515447410542,spec_p_pack,Expands Expression,***,3.301*** (1.137)
v2jureview_lag1,-0.9176435169235407,Contracts Expression,Contracts Expression,0.3258988827785374,0.004866642892890156,spec_p_pack,Expands Expression,***,-0.918*** (0.326)
v2jureview_lag1,-0.42681958162040556,Mixed Outcome,Mixed Outcome,0.3538247044956872,0.22770092198135838,spec_p_pack,Expands Expression,,-0.427 (0.354)
legal_common,1.912405413757765,Contracts Expression,Contracts Expression,0.3608904320511855,1.1635559563463502e-07,spec_p_pack,Expands Expression,***,1.912*** (0.361)
legal_common,1.051147403957344,Mixed Outcome,Mixed Outcome,0.3777556861047567,0.005392329455209115,spec_p_pack,Expands Expression,***,1.051*** (0.378)
legal_civil,0.4095729931885663,Contracts Expression,Contracts Expression,0.35256747257313603,0.24536269309449654,spec_p_pack,Expands Expression,,0.41 (0.353)
legal_civil,0.18219323139323798,Mixed Outcome,Mixed Outcome,0.3364085193675813,0.5881056084220824,spec_p_pack,Expands Expression,,0.182 (0.336)
high_court,-0.45755900109948544,Contracts Expression,Contracts Expression,0.2602695097637388,0.07874410797976675,spec_p_pack,Expands Expression,*,-0.458* (0.26)
high_court,0.005656708265399783,Mixed Outcome,Mixed Outcome,0.13220767044523418,0.9658716967899046,spec_p_pack,Expands Expression,,0.006 (0.132)
j_ind_lag1,-0.13685152091867495,Contracts Expression,Contracts Expression,0.2757114057775092,0.619641956935375,spec_p_pack,Expands Expression,,-0.137 (0.276)
j_ind_lag1,-0.37698109865925233,Mixed Outcome,Mixed Outcome,0.17694991647948488,0.03313534234414182,spec_p_pack,Expands Expression,**,-0.377** (0.177)
Intercept,2.3416892718857243,Contracts Expression,Contracts Expression,0.6696712132036186,0.000470919589376347,spec_govprot_pack,Expands Expression,***,2.342*** (0.67)
Intercept,-2.145321807301748,Mixed Outcome,Mixed Outcome,0.755320044215628,0.00450736909393877,spec_govprot_pack,Expands Expression,***,-2.145*** (0.755)
wdj_govprot_lag1,0.1753859852524262,Contracts Expression,Contracts Expression,0.2478250968361131,0.4791311658269365,spec_govprot_pack,Expands Expression,,0.175 (0.248)
wdj_govprot_lag1,-0.07253948523393276,Mixed Outcome,Mixed Outcome,0.219890440432129,0.7414836713852635,spec_govprot_pack,Expands Expression,,-0.073 (0.22)
v2jupack_lag1,0.25267437976125406,Contracts Expression,Contracts Expression,0.15500382373525126,0.10307675557921753,spec_govprot_pack,Expands Expression,,0.253 (0.155)
v2jupack_lag1,-0.31313822132059793,Mixed Outcome,Mixed Outcome,0.21194447937815877,0.13955397708211872,spec_govprot_pack,Expands Expression,,-0.313 (0.212)
v2x_polyarchy_lag1,-3.8019744409649094,Contracts Expression,Contracts Expression,1.2301338706867662,0.001996854452387099,spec_govprot_pack,Expands Expression,***,-3.802*** (1.23)
v2x_polyarchy_lag1,3.182520452767514,Mixed Outcome,Mixed Outcome,1.2897418686719964,0.013603594556862912,spec_govprot_pack,Expands Expression,**,3.183** (1.29)
v2jureview_lag1,-0.9040288362139228,Contracts Expression,Contracts Expression,0.3252591572045762,0.005445759640565633,spec_govprot_pack,Expands Expression,***,-0.904*** (0.325)
v2jureview_lag1,-0.4244376302311971,Mixed Outcome,Mixed Outcome,0.35510099272272994,0.23198588326969116,spec_govprot_pack,Expands Expression,,-0.424 (0.355)
legal_common,1.7943864144699102,Contracts Expression,Contracts Expression,0.34227342285326756,1.5837024486230317e-07,spec_govprot_pack,Expands Expression,***,1.794*** (0.342)
legal_common,1.164111585144919,Mixed Outcome,Mixed Outcome,0.382969279072889,0.0023681418124870466,spec_govprot_pack,Expands Expression,***,1.164*** (0.383)
legal_civil,0.4353832694091413,Contracts Expression,Contracts Expression,0.3425925007878633,0.20378244308427895,spec_govprot_pack,Expands Expression,,0.435 (0.343)
legal_civil,0.04829615582933211,Mixed Outcome,Mixed Outcome,0.37995416460212694,0.8988529577628994,spec_govprot_pack,Expands Expression,,0.048 (0.38)
high_court,-0.4165527555444834,Contracts Expression,Contracts Expression,0.2804438256438833,0.13745536365471245,spec_govprot_pack,Expands Expression,,-0.417 (0.28)
high_court,-0.025448312588447135,Mixed Outcome,Mixed Outcome,0.14694429388421054,0.8625072704926149,spec_govprot_pack,Expands Expression,,-0.025 (0.147)
j_ind_lag1,-0.17367177342072584,Contracts Expression,Contracts Expression,0.299872513298029,0.5624865984699398,spec_govprot_pack,Expands Expression,,-0.174 (0.3)
j_ind_lag1,-0.34768667146398674,Mixed Outcome,Mixed Outcome,0.2141611586363149,0.10448652253375931,spec_govprot_pack,Expands Expression,,-0.348 (0.214)
Intercept,2.098597648893902,Contracts Expression,Contracts Expression,0.6107160506910624,0.0005897386645696428,spec_c_reform,Expands Expression,***,2.099*** (0.611)
Intercept,-1.501963358102721,Mixed Outcome,Mixed Outcome,0.5991058696675563,0.012175786965967966,spec_c_reform,Expands Expression,**,-1.502** (0.599)
wdj_citizen_lag1,0.26548758248419113,Contracts Expression,Contracts Expression,0.4149811491510079,0.5223298281594015,spec_c_reform,Expands Expression,,0.265 (0.415)
wdj_citizen_lag1,-0.6798592647024169,Mixed Outcome,Mixed Outcome,0.41373806939097446,0.10033912581031132,spec_c_reform,Expands Expression,,-0.68 (0.414)
v2jureform_lag1,0.32763694078795724,Contracts Expression,Contracts Expression,0.1231639777943786,0.007810155513993401,spec_c_reform,Expands Expression,***,0.328*** (0.123)
v2jureform_lag1,0.1542144453344397,Mixed Outcome,Mixed Outcome,0.166982334069994,0.35572717365897544,spec_c_reform,Expands Expression,,0.154 (0.167)
v2x_polyarchy_lag1,-3.573679222266038,Contracts Expression,Contracts Expression,1.2298069966708371,0.0036621457139509534,spec_c_reform,Expands Expression,***,-3.574*** (1.23)
v2x_polyarchy_lag1,1.7862228364897854,Mixed Outcome,Mixed Outcome,0.7888218712938839,0.0235483873533099,spec_c_reform,Expands Expression,**,1.786** (0.789)
v2jureview_lag1,-0.7898151993639244,Contracts Expression,Contracts Expression,0.29963352454927467,0.00839052209174046,spec_c_reform,Expands Expression,***,-0.79*** (0.3)
v2jureview_lag1,-0.4589267893242313,Mixed Outcome,Mixed Outcome,0.35891137509220294,0.20101566239369328,spec_c_reform,Expands Expression,,-0.459 (0.359)
legal_common,2.239203314945961,Contracts Expression,Contracts Expression,0.36035861802829156,5.171201186265797e-10,spec_c_reform,Expands Expression,***,2.239*** (0.36)
legal_common,1.2873286169669325,Mixed Outcome,Mixed Outcome,0.44486373388854566,0.0038065970724770726,spec_c_reform,Expands Expression,***,1.287*** (0.445)
legal_civil,0.6585345444481503,Contracts Expression,Contracts Expression,0.35875778440262085,0.06641735063219051,spec_c_reform,Expands Expression,*,0.659* (0.359)
legal_civil,0.5086711653998179,Mixed Outcome,Mixed Outcome,0.30953013523534323,0.10030732040052717,spec_c_reform,Expands Expression,,0.509 (0.31)
high_court,-0.4309835902825644,Contracts Expression,Contracts Expression,0.261755666602635,0.09965859261782091,spec_c_reform,Expands Expression,*,-0.431* (0.262)
high_court,0.047582634068444714,Mixed Outcome,Mixed Outcome,0.14113339913999126,0.7360064519145177,spec_c_reform,Expands Expression,,0.048 (0.141)
j_ind_lag1,-0.23292413721942368,Contracts Expression,Contracts Expression,0.2573555170157232,0.36542958152742255,spec_c_reform,Expands Expression,,-0.233 (0.257)
j_ind_lag1,-0.41189328293286204,Mixed Outcome,Mixed Outcome,0.18375840025841508,0.024994117935504642,spec_c_reform,Expands Expression,**,-0.412** (0.184)
Intercept,2.1058639375404287,Contracts Expression,Contracts Expression,0.6151825238113963,0.0006189921283965105,spec_im_reform,Expands Expression,***,2.106*** (0.615)
Intercept,-1.6083887123736034,Mixed Outcome,Mixed Outcome,0.5784901699414898,0.005430508939561132,spec_im_reform,Expands Expression,***,-1.608*** (0.578)
wdj_intermediaries_lag1,0.8005446282264372,Contracts Expression,Contracts Expression,0.6067668583139768,0.1870483988414664,spec_im_reform,Expands Expression,,0.801 (0.607)
wdj_intermediaries_lag1,0.4228919651524204,Mixed Outcome,Mixed Outcome,0.5721735396695311,0.45984786653510756,spec_im_reform,Expands Expression,,0.423 (0.572)
v2jureform_lag1,0.32421058185505713,Contracts Expression,Contracts Expression,0.11986515373196159,0.006834670223067343,spec_im_reform,Expands Expression,***,0.324*** (0.12)
v2jureform_lag1,0.14741362362693824,Mixed Outcome,Mixed Outcome,0.18314068285956295,0.4208657669684621,spec_im_reform,Expands Expression,,0.147 (0.183)
v2x_polyarchy_lag1,-3.6603092924606253,Contracts Expression,Contracts Expression,1.1953919906398287,0.0021985176769489826,spec_im_reform,Expands Expression,***,-3.66*** (1.195)
v2x_polyarchy_lag1,1.7052074981772753,Mixed Outcome,Mixed Outcome,0.8030203328231453,0.033712619566892574,spec_im_reform,Expands Expression,**,1.705** (0.803)
v2jureview_lag1,-0.8001542684658889,Contracts Expression,Contracts Expression,0.30545268532497727,0.008804105871152063,spec_im_reform,Expands Expression,***,-0.8*** (0.305)
v2jureview_lag1,-0.44669926977392477,Mixed Outcome,Mixed Outcome,0.3651054833962762,0.22114844026460656,spec_im_reform,Expands Expression,,-0.447 (0.365)
legal_common,2.285511977366415,Contracts Expression,Contracts Expression,0.36721561195660823,4.849569347233444e-10,spec_im_reform,Expands Expression,***,2.286*** (0.367)
legal_common,1.3697867074515842,Mixed Outcome,Mixed Outcome,0.44288659322212776,0.0019823690869117277,spec_im_reform,Expands Expression,***,1.37*** (0.443)
legal_civil,0.5636799551621323,Contracts Expression,Contracts Expression,0.3475576284041103,0.10483940380835535,spec_im_reform,Expands Expression,,0.564 (0.348)
legal_civil,0.18922545805377888,Mixed Outcome,Mixed Outcome,0.36693596280268315,0.6060704614556409,spec_im_reform,Expands Expression,,0.189 (0.367)
high_court,-0.42035559372661074,Contracts Expression,Contracts Expression,0.26253066741499387,0.1093398070922216,spec_im_reform,Expands Expression,,-0.42 (0.263)
high_court,0.04903834237741432,Mixed Outcome,Mixed Outcome,0.14524676217005644,0.7356488911569528,spec_im_reform,Expands Expression,,0.049 (0.145)
j_ind_lag1,-0.21461296486498277,Contracts Expression,Contracts Expression,0.2515256782475926,0.3935235910227298,spec_im_reform,Expands Expression,,-0.215 (0.252)
j_ind_lag1,-0.38977992360273556,Mixed Outcome,Mixed Outcome,0.19445974927136514,0.045024586177071044,spec_im_reform,Expands Expression,**,-0.39** (0.194)
Intercept,2.2513115708719225,Contracts Expression,Contracts Expression,0.6399004922650611,0.0004344498217196167,spec_p_reform,Expands Expression,***,2.251*** (0.64)
Intercept,-1.7410115763972014,Mixed Outcome,Mixed Outcome,0.6125026626516271,0.004476747699285088,spec_p_reform,Expands Expression,***,-1.741*** (0.613)
wdj_press_lag1,0.5771709058234273,Contracts Expression,Contracts Expression,0.5274447436321403,0.27383329828768055,spec_p_reform,Expands Expression,,0.577 (0.527)
wdj_press_lag1,-1.0395587201195697,Mixed Outcome,Mixed Outcome,0.35266961457136525,0.0032016374358415905,spec_p_reform,Expands Expression,***,-1.04*** (0.353)
v2jureform_lag1,0.33144816229311863,Contracts Expression,Contracts Expression,0.1195827949210368,0.005576364513533238,spec_p_reform,Expands Expression,***,0.331*** (0.12)
v2jureform_lag1,0.13234584982889824,Mixed Outcome,Mixed Outcome,0.17417801336649671,0.44735562480676483,spec_p_reform,Expands Expression,,0.132 (0.174)
v2x_polyarchy_lag1,-3.7191910891792164,Contracts Expression,Contracts Expression,1.2016734421635853,0.0019680638916342646,spec_p_reform,Expands Expression,***,-3.719*** (1.202)
v2x_polyarchy_lag1,2.035874285442374,Mixed Outcome,Mixed Outcome,0.7833497522122473,0.009351375777882748,spec_p_reform,Expands Expression,***,2.036*** (0.783)
v2jureview_lag1,-0.8422933345280988,Contracts Expression,Contracts Expression,0.3229984760156742,0.009114438800014384,spec_p_reform,Expands Expression,***,-0.842*** (0.323)
v2jureview_lag1,-0.4284919417754201,Mixed Outcome,Mixed Outcome,0.35326085944996993,0.22514441082304826,spec_p_reform,Expands Expression,,-0.428 (0.353)
legal_common,2.300683897085652,Contracts Expression,Contracts Expression,0.3788929233520202,1.2623130017642506e-09,spec_p_reform,Expands Expression,***,2.301*** (0.379)
legal_common,1.1883900901639357,Mixed Outcome,Mixed Outcome,0.45653964282154896,0.009240168106521115,spec_p_reform,Expands Expression,***,1.188*** (0.457)
legal_civil,0.6494186644417083,Contracts Expression,Contracts Expression,0.35942147399268953,0.07078654935234516,spec_p_reform,Expands Expression,*,0.649* (0.359)
legal_civil,0.46328138969589855,Mixed Outcome,Mixed Outcome,0.31834064352003444,0.14558600830829552,spec_p_reform,Expands Expression,,0.463 (0.318)
high_court,-0.437229570039017,Contracts Expression,Contracts Expression,0.26166970804179246,0.09473716233021084,spec_p_reform,Expands Expression,*,-0.437* (0.262)
high_court,0.05038489158206098,Mixed Outcome,Mixed Outcome,0.14146009433235576,0.7217077000137258,spec_p_reform,Expands Expression,,0.05 (0.141)
j_ind_lag1,-0.22539487680340656,Contracts Expression,Contracts Expression,0.255536059109344,0.37775125920172836,spec_p_reform,Expands Expression,,-0.225 (0.256)
j_ind_lag1,-0.3895432382533051,Mixed Outcome,Mixed Outcome,0.17325364430578785,0.02455078918229406,spec_p_reform,Expands Expression,**,-0.39** (0.173)
Intercept,2.1359355347075244,Contracts Expression,Contracts Expression,0.6676545805301748,0.0013782743088483708,spec_govprot_reform,Expands Expression,***,2.136*** (0.668)
Intercept,-1.5396552117971052,Mixed Outcome,Mixed Outcome,0.6077925859191947,0.011302907853116958,spec_govprot_reform,Expands Expression,**,-1.54** (0.608)
wdj_govprot_lag1,0.1553125046454122,Contracts Expression,Contracts Expression,0.24337576254377039,0.5233699924041307,spec_govprot_reform,Expands Expression,,0.155 (0.243)
wdj_govprot_lag1,-0.057451223815309475,Mixed Outcome,Mixed Outcome,0.2542476353491549,0.8212281622961943,spec_govprot_reform,Expands Expression,,-0.057 (0.254)
v2jureform_lag1,0.3356103783062492,Contracts Expression,Contracts Expression,0.12212767378742173,0.005995472236958041,spec_govprot_reform,Expands Expression,***,0.336*** (0.122)
v2jureform_lag1,0.15099649900847978,Mixed Outcome,Mixed Outcome,0.1832427226772404,0.40992561832819685,spec_govprot_reform,Expands Expression,,0.151 (0.183)
v2x_polyarchy_lag1,-3.459116515069011,Contracts Expression,Contracts Expression,1.2315100197458777,0.004972011059107877,spec_govprot_reform,Expands Expression,***,-3.459*** (1.232)
v2x_polyarchy_lag1,1.637558439036133,Mixed Outcome,Mixed Outcome,0.8760375781587588,0.06158404139111169,spec_govprot_reform,Expands Expression,*,1.638* (0.876)
v2jureview_lag1,-0.8290040462417992,Contracts Expression,Contracts Expression,0.32306946254963165,0.010287166266425027,spec_govprot_reform,Expands Expression,**,-0.829** (0.323)
v2jureview_lag1,-0.44222636805773163,Mixed Outcome,Mixed Outcome,0.3524267420792045,0.20955004134873068,spec_govprot_reform,Expands Expression,,-0.442 (0.352)
legal_common,2.1865729919018526,Contracts Expression,Contracts Expression,0.3519848106521156,5.227343156268669e-10,spec_govprot_reform,Expands Expression,***,2.187*** (0.352)
legal_common,1.3370048346259817,Mixed Outcome,Mixed Outcome,0.44729893333073295,0.0027983413289663847,spec_govprot_reform,Expands Expression,***,1.337*** (0.447)
legal_civil,0.6736615919569661,Contracts Expression,Contracts Expression,0.36842772152073944,0.06747800380800625,spec_govprot_reform,Expands Expression,*,0.674* (0.368)
legal_civil,0.33628386717803616,Mixed Outcome,Mixed Outcome,0.3734408237901459,0.36785364792544806,spec_govprot_reform,Expands Expression,,0.336 (0.373)
high_court,-0.4044491858388046,Contracts Expression,Contracts Expression,0.27468121120190686,0.14090447266063208,spec_govprot_reform,Expands Expression,,-0.404 (0.275)
high_court,0.031089143670295583,Mixed Outcome,Mixed Outcome,0.1522145750795909,0.8381616482249321,spec_govprot_reform,Expands Expression,,0.031 (0.152)
j_ind_lag1,-0.26362963416894203,Contracts Expression,Contracts Expression,0.2832788524967499,0.3520416374039358,spec_govprot_reform,Expands Expression,,-0.264 (0.283)
j_ind_lag1,-0.37360477392592706,Mixed Outcome,Mixed Outcome,0.21809656357369797,0.08670801791881591,spec_govprot_reform,Expands Expression,*,-0.374* (0.218)
Intercept,2.097118122849623,Contracts Expression,Contracts Expression,0.6317574811727922,0.000901792320980104,spec_c_attack,Expands Expression,***,2.097*** (0.632)
Intercept,-1.6488266247699894,Mixed Outcome,Mixed Outcome,0.617734425528746,0.007604319431207708,spec_c_attack,Expands Expression,***,-1.649*** (0.618)
wdj_citizen_lag1,0.33382704750925685,Contracts Expression,Contracts Expression,0.4045533935108666,0.40927266408992957,spec_c_attack,Expands Expression,,0.334 (0.405)
wdj_citizen_lag1,-0.6601695817178612,Mixed Outcome,Mixed Outcome,0.4247023738062347,0.12008217890574671,spec_c_attack,Expands Expression,,-0.66 (0.425)
v2jupoatck_lag1,0.14971076434521333,Contracts Expression,Contracts Expression,0.12244326488603943,0.22144492672617333,spec_c_attack,Expands Expression,,0.15 (0.122)
v2jupoatck_lag1,-0.03169769048297062,Mixed Outcome,Mixed Outcome,0.09491659766036126,0.7384149619192591,spec_c_attack,Expands Expression,,-0.032 (0.095)
v2x_polyarchy_lag1,-3.4444024752914166,Contracts Expression,Contracts Expression,1.1663897908022454,0.003146552727722727,spec_c_attack,Expands Expression,***,-3.444*** (1.166)
v2x_polyarchy_lag1,2.252138264871105,Mixed Outcome,Mixed Outcome,0.9113110919080449,0.013461656603115903,spec_c_attack,Expands Expression,**,2.252** (0.911)
v2jureview_lag1,-0.7588454541255973,Contracts Expression,Contracts Expression,0.30316827256358053,0.01231280222777995,spec_c_attack,Expands Expression,**,-0.759** (0.303)
v2jureview_lag1,-0.4961594360459509,Mixed Outcome,Mixed Outcome,0.3631234270242269,0.1718241740067109,spec_c_attack,Expands Expression,,-0.496 (0.363)
legal_common,1.8345995752637883,Contracts Expression,Contracts Expression,0.34524810476685147,1.073279734243119e-07,spec_c_attack,Expands Expression,***,1.835*** (0.345)
legal_common,1.1215310323646681,Mixed Outcome,Mixed Outcome,0.38018021638202,0.003177755688290827,spec_c_attack,Expands Expression,***,1.122*** (0.38)
legal_civil,0.3799328998365647,Contracts Expression,Contracts Expression,0.34738970169364564,0.27409568876986745,spec_c_attack,Expands Expression,,0.38 (0.347)
legal_civil,0.319414132989636,Mixed Outcome,Mixed Outcome,0.32281888253234964,0.3224415223242947,spec_c_attack,Expands Expression,,0.319 (0.323)
high_court,-0.5534254653467272,Contracts Expression,Contracts Expression,0.2748840817613827,0.0440825644976683,spec_c_attack,Expands Expression,**,-0.553** (0.275)
high_court,0.03513773299407538,Mixed Outcome,Mixed Outcome,0.15236629814616542,0.8176150395579574,spec_c_attack,Expands Expression,,0.035 (0.152)
j_ind_lag1,-0.1478070373358841,Contracts Expression,Contracts Expression,0.27113910910126926,0.5856616384864286,spec_c_attack,Expands Expression,,-0.148 (0.271)
j_ind_lag1,-0.3915746845301734,Mixed Outcome,Mixed Outcome,0.1899033516626616,0.03921075744027328,spec_c_attack,Expands Expression,**,-0.392** (0.19)
Intercept,2.1209922756797392,Contracts Expression,Contracts Expression,0.6327599357771527,0.0008023873432154997,spec_im_attack,Expands Expression,***,2.121*** (0.633)
Intercept,-1.7184149225417784,Mixed Outcome,Mixed Outcome,0.5945739803340637,0.0038504376123353126,spec_im_attack,Expands Expression,***,-1.718*** (0.595)
wdj_intermediaries_lag1,0.8389641428712504,Contracts Expression,Contracts Expression,0.6360622038204057,0.18717011319797194,spec_im_attack,Expands Expression,,0.839 (0.636)
wdj_intermediaries_lag1,0.443127194347368,Mixed Outcome,Mixed Outcome,0.5484703390439952,0.4191292496330279,spec_im_attack,Expands Expression,,0.443 (0.548)
v2jupoatck_lag1,0.1483603814860418,Contracts Expression,Contracts Expression,0.11778618840393788,0.2078231991881191,spec_im_attack,Expands Expression,,0.148 (0.118)
v2jupoatck_lag1,-0.02531728370586567,Mixed Outcome,Mixed Outcome,0.10194007182453296,0.803860072849364,spec_im_attack,Expands Expression,,-0.025 (0.102)
v2x_polyarchy_lag1,-3.5314017540356297,Contracts Expression,Contracts Expression,1.1301388307534013,0.0017795599483664316,spec_im_attack,Expands Expression,***,-3.531*** (1.13)
v2x_polyarchy_lag1,2.1031625139134515,Mixed Outcome,Mixed Outcome,0.9179092467279656,0.021948772710190422,spec_im_attack,Expands Expression,**,2.103** (0.918)
v2jureview_lag1,-0.773245438378227,Contracts Expression,Contracts Expression,0.3050998513393225,0.01126396764021232,spec_im_attack,Expands Expression,**,-0.773** (0.305)
v2jureview_lag1,-0.4832752173024679,Mixed Outcome,Mixed Outcome,0.36041204423145373,0.17995408701060345,spec_im_attack,Expands Expression,,-0.483 (0.36)
legal_common,1.89539263776249,Contracts Expression,Contracts Expression,0.3465966425859958,4.5364666162112255e-08,spec_im_attack,Expands Expression,***,1.895*** (0.347)
legal_common,1.2181166945106332,Mixed Outcome,Mixed Outcome,0.37930692829288765,0.0013207729970718199,spec_im_attack,Expands Expression,***,1.218*** (0.379)
legal_civil,0.29815268713963383,Contracts Expression,Contracts Expression,0.33119832708335634,0.36800104954666824,spec_im_attack,Expands Expression,,0.298 (0.331)
legal_civil,0.011821326684350812,Mixed Outcome,Mixed Outcome,0.35201000206733174,0.9732101888531337,spec_im_attack,Expands Expression,,0.012 (0.352)
high_court,-0.5430244238517722,Contracts Expression,Contracts Expression,0.2750225013291138,0.0483280173883512,spec_im_attack,Expands Expression,**,-0.543** (0.275)
high_court,0.03485567061740556,Mixed Outcome,Mixed Outcome,0.16019181187277684,0.8277508420980105,spec_im_attack,Expands Expression,,0.035 (0.16)
j_ind_lag1,-0.13689969284964632,Contracts Expression,Contracts Expression,0.2673961941641877,0.6086697461234918,spec_im_attack,Expands Expression,,-0.137 (0.267)
j_ind_lag1,-0.36913471342295406,Mixed Outcome,Mixed Outcome,0.19495974345434347,0.058306102844732255,spec_im_attack,Expands Expression,*,-0.369* (0.195)
Intercept,2.2609110417765765,Contracts Expression,Contracts Expression,0.660877136427431,0.0006237385371122094,spec_p_attack,Expands Expression,***,2.261*** (0.661)
Intercept,-1.8588202321587144,Mixed Outcome,Mixed Outcome,0.6127727514833184,0.0024176858877180147,spec_p_attack,Expands Expression,***,-1.859*** (0.613)
wdj_press_lag1,0.5753380265347232,Contracts Expression,Contracts Expression,0.595774488062088,0.3341954928365959,spec_p_attack,Expands Expression,,0.575 (0.596)
wdj_press_lag1,-1.0366695612951957,Mixed Outcome,Mixed Outcome,0.37903092940331395,0.006237029243197503,spec_p_attack,Expands Expression,***,-1.037*** (0.379)
v2jupoatck_lag1,0.14596092553972015,Contracts Expression,Contracts Expression,0.1236961487020042,0.2380019188200354,spec_p_attack,Expands Expression,,0.146 (0.124)
v2jupoatck_lag1,-0.022937627625835736,Mixed Outcome,Mixed Outcome,0.09386802424285019,0.8069517111472364,spec_p_attack,Expands Expression,,-0.023 (0.094)
v2x_polyarchy_lag1,-3.5614230604608568,Contracts Expression,Contracts Expression,1.1740392627869143,0.002417518014140557,spec_p_attack,Expands Expression,***,-3.561*** (1.174)
v2x_polyarchy_lag1,2.4333442199139634,Mixed Outcome,Mixed Outcome,0.8569403052785931,0.004517401281058665,spec_p_attack,Expands Expression,***,2.433*** (0.857)
v2jureview_lag1,-0.8198577851282487,Contracts Expression,Contracts Expression,0.3356680340015063,0.014587300604931052,spec_p_attack,Expands Expression,**,-0.82** (0.336)
v2jureview_lag1,-0.4621143911482549,Mixed Outcome,Mixed Outcome,0.36383760490579925,0.20404485215324553,spec_p_attack,Expands Expression,,-0.462 (0.364)
legal_common,1.8927536452611615,Contracts Expression,Contracts Expression,0.3473238512892462,5.050155260432672e-08,spec_p_attack,Expands Expression,***,1.893*** (0.347)
legal_common,1.0433152484040888,Mixed Outcome,Mixed Outcome,0.37452760151520975,0.005341504652727949,spec_p_attack,Expands Expression,***,1.043*** (0.375)
legal_civil,0.37846708468068985,Contracts Expression,Contracts Expression,0.35530452676225655,0.2867896322247838,spec_p_attack,Expands Expression,,0.378 (0.355)
legal_civil,0.3020603362752861,Mixed Outcome,Mixed Outcome,0.30598651822331824,0.3235599066648953,spec_p_attack,Expands Expression,,0.302 (0.306)
high_court,-0.5624347741938349,Contracts Expression,Contracts Expression,0.27721660133602094,0.042472147519696524,spec_p_attack,Expands Expression,**,-0.562** (0.277)
high_court,0.03780178380001578,Mixed Outcome,Mixed Outcome,0.15203354612224856,0.8036384355523444,spec_p_attack,Expands Expression,,0.038 (0.152)
j_ind_lag1,-0.14287588651623895,Contracts Expression,Contracts Expression,0.27417735133598287,0.6022918550486622,spec_p_attack,Expands Expression,,-0.143 (0.274)
j_ind_lag1,-0.37292916470155424,Mixed Outcome,Mixed Outcome,0.1766750995874001,0.034787868640390726,spec_p_attack,Expands Expression,**,-0.373** (0.177)
Intercept,2.1223473223406484,Contracts Expression,Contracts Expression,0.6595516415380418,0.0012914914886017165,spec_govprot_attack,Expands Expression,***,2.122*** (0.66)
Intercept,-1.6722211617794063,Mixed Outcome,Mixed Outcome,0.6087775242762644,0.006017046011503698,spec_govprot_attack,Expands Expression,***,-1.672*** (0.609)
wdj_govprot_lag1,0.32105297777742653,Contracts Expression,Contracts Expression,0.25634733057544246,0.2104190587480962,spec_govprot_attack,Expands Expression,,0.321 (0.256)
wdj_govprot_lag1,-0.10419528402600269,Mixed Outcome,Mixed Outcome,0.25435486645826844,0.6820661369998264,spec_govprot_attack,Expands Expression,,-0.104 (0.254)
v2jupoatck_lag1,0.19626797529957732,Contracts Expression,Contracts Expression,0.10426164488188065,0.05977410738688661,spec_govprot_attack,Expands Expression,*,0.196* (0.104)
v2jupoatck_lag1,-0.05518827633558209,Mixed Outcome,Mixed Outcome,0.10186975993456139,0.5879884818763158,spec_govprot_attack,Expands Expression,,-0.055 (0.102)
v2x_polyarchy_lag1,-3.3766703228897805,Contracts Expression,Contracts Expression,1.1078427178420251,0.002303936505949088,spec_govprot_attack,Expands Expression,***,-3.377*** (1.108)
v2x_polyarchy_lag1,2.1096769459587787,Mixed Outcome,Mixed Outcome,0.9129930082528628,0.02084797819653554,spec_govprot_attack,Expands Expression,**,2.11** (0.913)
v2jureview_lag1,-0.7780424835559707,Contracts Expression,Contracts Expression,0.32965823310417325,0.018267606039774068,spec_govprot_attack,Expands Expression,**,-0.778** (0.33)
v2jureview_lag1,-0.4902832957530119,Mixed Outcome,Mixed Outcome,0.3523613845681969,0.16409757173078654,spec_govprot_attack,Expands Expression,,-0.49 (0.352)
legal_common,1.7298955591131802,Contracts Expression,Contracts Expression,0.33464144456142997,2.3484647370611333e-07,spec_govprot_attack,Expands Expression,***,1.73*** (0.335)
legal_common,1.1879091233591415,Mixed Outcome,Mixed Outcome,0.37570519947628495,0.0015679087547987901,spec_govprot_attack,Expands Expression,***,1.188*** (0.376)
legal_civil,0.3893080745305027,Contracts Expression,Contracts Expression,0.32962327375625783,0.23757501938358627,spec_govprot_attack,Expands Expression,,0.389 (0.33)
legal_civil,0.16919167529682475,Mixed Outcome,Mixed Outcome,0.36957409064252184,0.6470948592830292,spec_govprot_attack,Expands Expression,,0.169 (0.37)
high_court,-0.5096735051969933,Contracts Expression,Contracts Expression,0.2798685791981635,0.06858903136549435,spec_govprot_attack,Expands Expression,*,-0.51* (0.28)
high_court,0.0180039029435995,Mixed Outcome,Mixed Outcome,0.16222969234556328,0.9116339090058954,spec_govprot_attack,Expands Expression,,0.018 (0.162)
j_ind_lag1,-0.19756772262605088,Contracts Expression,Contracts Expression,0.2872299504328215,0.49155469818674435,spec_govprot_attack,Expands Expression,,-0.198 (0.287)
j_ind_lag1,-0.3437271340574588,Mixed Outcome,Mixed Outcome,0.21387671023901964,0.10802641066338148,spec_govprot_attack,Expands Expression,,-0.344 (0.214)
Intercept,1.6310391851120178,Contracts Expression,Contracts Expression,0.6098548086424223,0.0074847181533671545,spec_c_reform_decision,Expands Expression,***,1.631*** (0.61)
Intercept,-1.9856258740395496,Mixed Outcome,Mixed Outcome,0.5937342971970715,0.0008249035075864584,spec_c_reform_decision,Expands Expression,***,-1.986*** (0.594)
wdj_citizen_lag1,0.2088768294939567,Contracts Expression,Contracts Expression,0.39373294484887417,0.5957626643589636,spec_c_reform_decision,Expands Expression,,0.209 (0.394)
wdj_citizen_lag1,-0.5877524594954467,Mixed Outcome,Mixed Outcome,0.3823630997816207,0.12425464708314225,spec_c_reform_decision,Expands Expression,,-0.588 (0.382)
v2jureform_lag1,0.31940088565261404,Contracts Expression,Contracts Expression,0.12448650585259423,0.010295387531732331,spec_c_reform_decision,Expands Expression,**,0.319** (0.124)
v2jureform_lag1,0.19147381203463484,Mixed Outcome,Mixed Outcome,0.18560763323104315,0.30225707201688834,spec_c_reform_decision,Expands Expression,,0.191 (0.186)
v2x_polyarchy_lag1,-3.267963101064516,Contracts Expression,Contracts Expression,1.1605981165599186,0.0048662349933319285,spec_c_reform_decision,Expands Expression,***,-3.268*** (1.161)
v2x_polyarchy_lag1,1.9310744999677243,Mixed Outcome,Mixed Outcome,0.7907206472278009,0.014599256930395694,spec_c_reform_decision,Expands Expression,**,1.931** (0.791)
v2jureview_lag1,-0.613298958256751,Contracts Expression,Contracts Expression,0.29851290370647504,0.03992596381925726,spec_c_reform_decision,Expands Expression,**,-0.613** (0.299)
v2jureview_lag1,-0.27680865769922264,Mixed Outcome,Mixed Outcome,0.3574400716680505,0.43868259680727084,spec_c_reform_decision,Expands Expression,,-0.277 (0.357)
legal_common,1.8117211799400756,Contracts Expression,Contracts Expression,0.37366052276923806,1.243513304782961e-06,spec_c_reform_decision,Expands Expression,***,1.812*** (0.374)
legal_common,1.064946811530092,Mixed Outcome,Mixed Outcome,0.4342721158303581,0.01419632506998873,spec_c_reform_decision,Expands Expression,**,1.065** (0.434)
legal_civil,0.35029237408651914,Contracts Expression,Contracts Expression,0.3368990955350454,0.29845394069442455,spec_c_reform_decision,Expands Expression,,0.35 (0.337)
legal_civil,0.4537949931439838,Mixed Outcome,Mixed Outcome,0.2911639073215657,0.11910171676616661,spec_c_reform_decision,Expands Expression,,0.454 (0.291)
high_court,-0.3761167882240014,Contracts Expression,Contracts Expression,0.247091691667602,0.12796524514478716,spec_c_reform_decision,Expands Expression,,-0.376 (0.247)
high_court,0.10745654552036149,Mixed Outcome,Mixed Outcome,0.1565315340074132,0.49240733860499575,spec_c_reform_decision,Expands Expression,,0.107 (0.157)
j_ind_lag1,-0.2376029213164148,Contracts Expression,Contracts Expression,0.2462815622372662,0.334664381427604,spec_c_reform_decision,Expands Expression,,-0.238 (0.246)
j_ind_lag1,-0.4205783271009751,Mixed Outcome,Mixed Outcome,0.17525040534033376,0.016400860352945357,spec_c_reform_decision,Expands Expression,**,-0.421** (0.175)
mode_press_newspapers,-0.8767235212107357,Contracts Expression,Contracts Expression,0.3880178914183797,0.023852765406444928,spec_c_reform_decision,Expands Expression,**,-0.877** (0.388)
mode_press_newspapers,-0.33109505318490734,Mixed Outcome,Mixed Outcome,0.33792807453730844,0.3271948955583307,spec_c_reform_decision,Expands Expression,,-0.331 (0.338)
mode_public_speech,0.3417259790553704,Contracts Expression,Contracts Expression,0.26807679155741615,0.20240422945551528,spec_c_reform_decision,Expands Expression,,0.342 (0.268)
mode_public_speech,0.0567000641999868,Mixed Outcome,Mixed Outcome,0.2114564047147497,0.7885910336660901,spec_c_reform_decision,Expands Expression,,0.057 (0.211)
mode_public_documents,-0.4405887786621838,Contracts Expression,Contracts Expression,0.41349047593620475,0.2866336722571109,spec_c_reform_decision,Expands Expression,,-0.441 (0.413)
mode_public_documents,-0.7399748166893066,Mixed Outcome,Mixed Outcome,0.6144158710708916,0.22845240317463533,spec_c_reform_decision,Expands Expression,,-0.74 (0.614)
mode_audio_visual_broadcasting,-0.5223196662100869,Contracts Expression,Contracts Expression,0.40468986407197705,0.1968193322629085,spec_c_reform_decision,Expands Expression,,-0.522 (0.405)
mode_audio_visual_broadcasting,0.07806876579030225,Mixed Outcome,Mixed Outcome,0.25286015734361705,0.7575171450539879,spec_c_reform_decision,Expands Expression,,0.078 (0.253)
mode_public_assembly,-0.09548076294044971,Contracts Expression,Contracts Expression,0.559121907282213,0.8644053013846065,spec_c_reform_decision,Expands Expression,,-0.095 (0.559)
mode_public_assembly,0.21081624290608236,Mixed Outcome,Mixed Outcome,0.5082677863983976,0.678307383319519,spec_c_reform_decision,Expands Expression,,0.211 (0.508)
mode_written_speech,-0.2857247527662682,Contracts Expression,Contracts Expression,0.27669492415508135,0.3017749290305872,spec_c_reform_decision,Expands Expression,,-0.286 (0.277)
mode_written_speech,-0.3634243318214434,Mixed Outcome,Mixed Outcome,0.17235015611492424,0.03497571826025329,spec_c_reform_decision,Expands Expression,**,-0.363** (0.172)
mode_non_verbal_expression,-0.09165604455394943,Contracts Expression,Contracts Expression,0.2451590016326773,0.7085057453280138,spec_c_reform_decision,Expands Expression,,-0.092 (0.245)
mode_non_verbal_expression,0.26504987452588413,Mixed Outcome,Mixed Outcome,0.14540973765061946,0.06833680876292512,spec_c_reform_decision,Expands Expression,*,0.265* (0.145)
defendant_citizen,0.8951574697459249,Contracts Expression,Contracts Expression,0.27773882375799136,0.0012684719731935008,spec_c_reform_decision,Expands Expression,***,0.895*** (0.278)
defendant_citizen,0.601424592670031,Mixed Outcome,Mixed Outcome,0.16042257692909637,0.00017753953344245608,spec_c_reform_decision,Expands Expression,***,0.601*** (0.16)
defendant_press,0.8138887582753175,Contracts Expression,Contracts Expression,0.4712594101712809,0.08415861025835171,spec_c_reform_decision,Expands Expression,*,0.814* (0.471)
defendant_press,0.4650247684499032,Mixed Outcome,Mixed Outcome,0.34598883948490444,0.17893365002715378,spec_c_reform_decision,Expands Expression,,0.465 (0.346)
defendant_intermediary,1.2988138574880495,Contracts Expression,Contracts Expression,0.44734232993205963,0.003691344752240882,spec_c_reform_decision,Expands Expression,***,1.299*** (0.447)
defendant_intermediary,0.7673738314988534,Mixed Outcome,Mixed Outcome,0.5410892414853802,0.156131805162915,spec_c_reform_decision,Expands Expression,,0.767 (0.541)
defendant_other,0.09000766350856441,Contracts Expression,Contracts Expression,0.5340626752935161,0.8661632796785541,spec_c_reform_decision,Expands Expression,,0.09 (0.534)
defendant_other,0.4770754569146236,Mixed Outcome,Mixed Outcome,0.17120560411862595,0.005327001737449714,spec_c_reform_decision,Expands Expression,***,0.477*** (0.171)
defendant_unclear,0.5560859360030801,Contracts Expression,Contracts Expression,0.2497536497555856,0.025978181552933455,spec_c_reform_decision,Expands Expression,**,0.556** (0.25)
defendant_unclear,-0.8350989029730918,Mixed Outcome,Mixed Outcome,0.3923187228529653,0.03328541208161376,spec_c_reform_decision,Expands Expression,**,-0.835** (0.392)
Intercept,1.607237509197062,Contracts Expression,Contracts Expression,0.6092487994340497,0.008338076958730185,spec_im_reform_decision,Expands Expression,***,1.607*** (0.609)
Intercept,-2.0869649069185865,Mixed Outcome,Mixed Outcome,0.581698314460278,0.0003335949235320259,spec_im_reform_decision,Expands Expression,***,-2.087*** (0.582)
wdj_intermediaries_lag1,0.7855858885282037,Contracts Expression,Contracts Expression,0.5807412475008557,0.17614202332401263,spec_im_reform_decision,Expands Expression,,0.786 (0.581)
wdj_intermediaries_lag1,0.623355351746168,Mixed Outcome,Mixed Outcome,0.5442380437927324,0.2520548370893452,spec_im_reform_decision,Expands Expression,,0.623 (0.544)
v2jureform_lag1,0.31735335915682866,Contracts Expression,Contracts Expression,0.12395885640725282,0.01046267673935035,spec_im_reform_decision,Expands Expression,**,0.317** (0.124)
v2jureform_lag1,0.18820307357783003,Mixed Outcome,Mixed Outcome,0.19510400536055209,0.3347304324715372,spec_im_reform_decision,Expands Expression,,0.188 (0.195)
v2x_polyarchy_lag1,-3.349871886725558,Contracts Expression,Contracts Expression,1.1067688375881837,0.002472283792353368,spec_im_reform_decision,Expands Expression,***,-3.35*** (1.107)
v2x_polyarchy_lag1,1.8232361369283894,Mixed Outcome,Mixed Outcome,0.8116496308990753,0.02468262430776123,spec_im_reform_decision,Expands Expression,**,1.823** (0.812)
v2jureview_lag1,-0.612508409567691,Contracts Expression,Contracts Expression,0.2979738751676609,0.03982325316242427,spec_im_reform_decision,Expands Expression,**,-0.613** (0.298)
v2jureview_lag1,-0.2715007552750921,Mixed Outcome,Mixed Outcome,0.3567780661869702,0.4466693773283582,spec_im_reform_decision,Expands Expression,,-0.272 (0.357)
legal_common,1.8655273377951387,Contracts Expression,Contracts Expression,0.3866289314282605,1.3992562887029665e-06,spec_im_reform_decision,Expands Expression,***,1.866*** (0.387)
legal_common,1.1642768381756043,Mixed Outcome,Mixed Outcome,0.43527727429654983,0.0074775285092275046,spec_im_reform_decision,Expands Expression,***,1.164*** (0.435)
legal_civil,0.24358604890576982,Contracts Expression,Contracts Expression,0.32363145025331325,0.45165127795764337,spec_im_reform_decision,Expands Expression,,0.244 (0.324)
legal_civil,0.13436495288263092,Mixed Outcome,Mixed Outcome,0.33153028634871945,0.6852664775162471,spec_im_reform_decision,Expands Expression,,0.134 (0.332)
high_court,-0.3651027903340322,Contracts Expression,Contracts Expression,0.24808214113643773,0.1411015774049369,spec_im_reform_decision,Expands Expression,,-0.365 (0.248)
high_court,0.11339658830334064,Mixed Outcome,Mixed Outcome,0.1582004040856728,0.4735032122672356,spec_im_reform_decision,Expands Expression,,0.113 (0.158)
j_ind_lag1,-0.22301446166558098,Contracts Expression,Contracts Expression,0.23699080936780373,0.3466916471884356,spec_im_reform_decision,Expands Expression,,-0.223 (0.237)
j_ind_lag1,-0.3951345268282774,Mixed Outcome,Mixed Outcome,0.17707193984389297,0.02564859061521843,spec_im_reform_decision,Expands Expression,**,-0.395** (0.177)
mode_press_newspapers,-0.8781873037973543,Contracts Expression,Contracts Expression,0.3917943891341477,0.02499697878641373,spec_im_reform_decision,Expands Expression,**,-0.878** (0.392)
mode_press_newspapers,-0.29738452322457243,Mixed Outcome,Mixed Outcome,0.3326576834352249,0.3713403006652586,spec_im_reform_decision,Expands Expression,,-0.297 (0.333)
mode_public_speech,0.3426005515494645,Contracts Expression,Contracts Expression,0.258467672154473,0.1850032508064725,spec_im_reform_decision,Expands Expression,,0.343 (0.258)
mode_public_speech,0.05645490571483317,Mixed Outcome,Mixed Outcome,0.2039787901594864,0.7819578627435306,spec_im_reform_decision,Expands Expression,,0.056 (0.204)
mode_public_documents,-0.455318695663053,Contracts Expression,Contracts Expression,0.4139858730688722,0.27140134279401285,spec_im_reform_decision,Expands Expression,,-0.455 (0.414)
mode_public_documents,-0.78142159286242,Mixed Outcome,Mixed Outcome,0.6102954030924826,0.20040486332407725,spec_im_reform_decision,Expands Expression,,-0.781 (0.61)
mode_audio_visual_broadcasting,-0.541833854847759,Contracts Expression,Contracts Expression,0.39612981937486247,0.17136876935996193,spec_im_reform_decision,Expands Expression,,-0.542 (0.396)
mode_audio_visual_broadcasting,0.04302264561353705,Mixed Outcome,Mixed Outcome,0.2195362135690881,0.8446331700376795,spec_im_reform_decision,Expands Expression,,0.043 (0.22)
mode_public_assembly,-0.09153431134876441,Contracts Expression,Contracts Expression,0.5565353125639148,0.8693598201097804,spec_im_reform_decision,Expands Expression,,-0.092 (0.557)
mode_public_assembly,0.24563071127500405,Mixed Outcome,Mixed Outcome,0.48499374114362287,0.6125326328143719,spec_im_reform_decision,Expands Expression,,0.246 (0.485)
mode_written_speech,-0.27512369024929684,Contracts Expression,Contracts Expression,0.2688641009014906,0.30617471583171607,spec_im_reform_decision,Expands Expression,,-0.275 (0.269)
mode_written_speech,-0.35703632790636636,Mixed Outcome,Mixed Outcome,0.17632039932350582,0.04287463313327861,spec_im_reform_decision,Expands Expression,**,-0.357** (0.176)
mode_non_verbal_expression,-0.10647757979304634,Contracts Expression,Contracts Expression,0.24652737806817085,0.6658070035745736,spec_im_reform_decision,Expands Expression,,-0.106 (0.247)
mode_non_verbal_expression,0.24344192835355044,Mixed Outcome,Mixed Outcome,0.13983775233154022,0.08170313310362326,spec_im_reform_decision,Expands Expression,*,0.243* (0.14)
defendant_citizen,0.9184508465563709,Contracts Expression,Contracts Expression,0.28671386178447844,0.00135828915460561,spec_im_reform_decision,Expands Expression,***,0.918*** (0.287)
defendant_citizen,0.5953685012296432,Mixed Outcome,Mixed Outcome,0.15209434382272163,9.060360567082288e-05,spec_im_reform_decision,Expands Expression,***,0.595*** (0.152)
defendant_press,0.8357564994180224,Contracts Expression,Contracts Expression,0.4813150386492435,0.08249274082235969,spec_im_reform_decision,Expands Expression,*,0.836* (0.481)
defendant_press,0.4652414456828941,Mixed Outcome,Mixed Outcome,0.3574277487527866,0.19304025349444232,spec_im_reform_decision,Expands Expression,,0.465 (0.357)
defendant_intermediary,1.2961029015663215,Contracts Expression,Contracts Expression,0.43901666456724553,0.0031543027951026928,spec_im_reform_decision,Expands Expression,***,1.296*** (0.439)
defendant_intermediary,0.8208188766545987,Mixed Outcome,Mixed Outcome,0.5614360668275015,0.14374152861826628,spec_im_reform_decision,Expands Expression,,0.821 (0.561)
defendant_other,0.1088171009475869,Contracts Expression,Contracts Expression,0.5496843542542069,0.8430741020073919,spec_im_reform_decision,Expands Expression,,0.109 (0.55)
defendant_other,0.5094248897528801,Mixed Outcome,Mixed Outcome,0.17721185302170492,0.004044550899209871,spec_im_reform_decision,Expands Expression,***,0.509*** (0.177)
defendant_unclear,0.565081619271244,Contracts Expression,Contracts Expression,0.2519439883360617,0.024904173172207167,spec_im_reform_decision,Expands Expression,**,0.565** (0.252)
defendant_unclear,-0.8313239453058273,Mixed Outcome,Mixed Outcome,0.3605491041267289,0.021126489876769596,spec_im_reform_decision,Expands Expression,**,-0.831** (0.361)
Intercept,1.7813376855212113,Contracts Expression,Contracts Expression,0.6251656528517154,0.0043803826848193275,spec_p_reform_decision,Expands Expression,***,1.781*** (0.625)
Intercept,-2.1356530168396857,Mixed Outcome,Mixed Outcome,0.6031934404980901,0.0003992526265639036,spec_p_reform_decision,Expands Expression,***,-2.136*** (0.603)
wdj_press_lag1,0.842363526345803,Contracts Expression,Contracts Expression,0.3848489270247531,0.028610209283704762,spec_p_reform_decision,Expands Expression,**,0.842** (0.385)
wdj_press_lag1,-0.7051819160263967,Mixed Outcome,Mixed Outcome,0.3367251375233464,0.03623895944362978,spec_p_reform_decision,Expands Expression,**,-0.705** (0.337)
v2jureform_lag1,0.31805061027966935,Contracts Expression,Contracts Expression,0.11924952637300312,0.007650852425283509,spec_p_reform_decision,Expands Expression,***,0.318*** (0.119)
v2jureform_lag1,0.17610395169829407,Mixed Outcome,Mixed Outcome,0.19215071029869865,0.3594106397146888,spec_p_reform_decision,Expands Expression,,0.176 (0.192)
v2x_polyarchy_lag1,-3.4738332975132487,Contracts Expression,Contracts Expression,1.0790112403759178,0.001284323730968679,spec_p_reform_decision,Expands Expression,***,-3.474*** (1.079)
v2x_polyarchy_lag1,2.070144338713874,Mixed Outcome,Mixed Outcome,0.7888922217186928,0.008687430920952635,spec_p_reform_decision,Expands Expression,***,2.07*** (0.789)
v2jureview_lag1,-0.6548794769708663,Contracts Expression,Contracts Expression,0.31711403106597574,0.03891136437334093,spec_p_reform_decision,Expands Expression,**,-0.655** (0.317)
v2jureview_lag1,-0.26587497248200265,Mixed Outcome,Mixed Outcome,0.3520318510769381,0.4500940223227029,spec_p_reform_decision,Expands Expression,,-0.266 (0.352)
legal_common,1.8965651858002837,Contracts Expression,Contracts Expression,0.3707218681551488,3.122967574170273e-07,spec_p_reform_decision,Expands Expression,***,1.897*** (0.371)
legal_common,1.0267182038643625,Mixed Outcome,Mixed Outcome,0.4430198685160494,0.02047409635246167,spec_p_reform_decision,Expands Expression,**,1.027** (0.443)
legal_civil,0.31303786673140416,Contracts Expression,Contracts Expression,0.3254855930332496,0.33617196156314444,spec_p_reform_decision,Expands Expression,,0.313 (0.325)
legal_civil,0.3814110362231015,Mixed Outcome,Mixed Outcome,0.30690089417905636,0.2139480221294734,spec_p_reform_decision,Expands Expression,,0.381 (0.307)
high_court,-0.3817689697528106,Contracts Expression,Contracts Expression,0.2465244098504572,0.12147666809497373,spec_p_reform_decision,Expands Expression,,-0.382 (0.247)
high_court,0.11013223734501612,Mixed Outcome,Mixed Outcome,0.15672477053384395,0.4822358030335355,spec_p_reform_decision,Expands Expression,,0.11 (0.157)
j_ind_lag1,-0.22545295149715777,Contracts Expression,Contracts Expression,0.2382792620158108,0.34406132387846977,spec_p_reform_decision,Expands Expression,,-0.225 (0.238)
j_ind_lag1,-0.4055803518861423,Mixed Outcome,Mixed Outcome,0.171425796972737,0.017985151688218782,spec_p_reform_decision,Expands Expression,**,-0.406** (0.171)
mode_press_newspapers,-0.8849968024804209,Contracts Expression,Contracts Expression,0.3915726971696429,0.023814514367767804,spec_p_reform_decision,Expands Expression,**,-0.885** (0.392)
mode_press_newspapers,-0.306778380331261,Mixed Outcome,Mixed Outcome,0.33214262577771925,0.35567665727043996,spec_p_reform_decision,Expands Expression,,-0.307 (0.332)
mode_public_speech,0.34876748928532586,Contracts Expression,Contracts Expression,0.2579394195728101,0.17633390303929708,spec_p_reform_decision,Expands Expression,,0.349 (0.258)
mode_public_speech,0.049722223075083,Mixed Outcome,Mixed Outcome,0.21537195436533604,0.8174183228804964,spec_p_reform_decision,Expands Expression,,0.05 (0.215)
mode_public_documents,-0.502711182805362,Contracts Expression,Contracts Expression,0.42870740061422946,0.24094793469040088,spec_p_reform_decision,Expands Expression,,-0.503 (0.429)
mode_public_documents,-0.7165541160350927,Mixed Outcome,Mixed Outcome,0.613712955509152,0.24297941505411325,spec_p_reform_decision,Expands Expression,,-0.717 (0.614)
mode_audio_visual_broadcasting,-0.5530142144488248,Contracts Expression,Contracts Expression,0.40082672212326803,0.1676839620062951,spec_p_reform_decision,Expands Expression,,-0.553 (0.401)
mode_audio_visual_broadcasting,0.09848353288160108,Mixed Outcome,Mixed Outcome,0.25096783300521036,0.6947516320519017,spec_p_reform_decision,Expands Expression,,0.098 (0.251)
mode_public_assembly,-0.11586614747224946,Contracts Expression,Contracts Expression,0.5649086092553348,0.8374893056399446,spec_p_reform_decision,Expands Expression,,-0.116 (0.565)
mode_public_assembly,0.23557663366299408,Mixed Outcome,Mixed Outcome,0.49987042538539955,0.6374440819457592,spec_p_reform_decision,Expands Expression,,0.236 (0.5)
mode_written_speech,-0.30941234581585153,Contracts Expression,Contracts Expression,0.26237729349412087,0.23829269049593493,spec_p_reform_decision,Expands Expression,,-0.309 (0.262)
mode_written_speech,-0.33460547336315166,Mixed Outcome,Mixed Outcome,0.17132268710887832,0.05081111251355536,spec_p_reform_decision,Expands Expression,*,-0.335* (0.171)
mode_non_verbal_expression,-0.08365726449602406,Contracts Expression,Contracts Expression,0.23269481940218065,0.7192099018994114,spec_p_reform_decision,Expands Expression,,-0.084 (0.233)
mode_non_verbal_expression,0.26587852380257926,Mixed Outcome,Mixed Outcome,0.14705484726227114,0.07060294459480923,spec_p_reform_decision,Expands Expression,*,0.266* (0.147)
defendant_citizen,0.9122138660492426,Contracts Expression,Contracts Expression,0.2822493145407533,0.0012295132042820253,spec_p_reform_decision,Expands Expression,***,0.912*** (0.282)
defendant_citizen,0.5565173370007449,Mixed Outcome,Mixed Outcome,0.16716753120742417,0.0008712728608399298,spec_p_reform_decision,Expands Expression,***,0.557*** (0.167)
defendant_press,0.8067942273193435,Contracts Expression,Contracts Expression,0.47092109618725064,0.08667098522080259,spec_p_reform_decision,Expands Expression,*,0.807* (0.471)
defendant_press,0.46191125046381276,Mixed Outcome,Mixed Outcome,0.34467076954562725,0.18019590557821408,spec_p_reform_decision,Expands Expression,,0.462 (0.345)
defendant_intermediary,1.2994134132524178,Contracts Expression,Contracts Expression,0.44754124648353205,0.00369076475313276,spec_p_reform_decision,Expands Expression,***,1.299*** (0.448)
defendant_intermediary,0.7798929312768519,Mixed Outcome,Mixed Outcome,0.5463649711400423,0.1534585297446122,spec_p_reform_decision,Expands Expression,,0.78 (0.546)
defendant_other,0.08894842996372367,Contracts Expression,Contracts Expression,0.5433721431274254,0.8699696210272307,spec_p_reform_decision,Expands Expression,,0.089 (0.543)
defendant_other,0.4766692699322406,Mixed Outcome,Mixed Outcome,0.17593456294943982,0.006741407014487409,spec_p_reform_decision,Expands Expression,***,0.477*** (0.176)
defendant_unclear,0.5513576016169405,Contracts Expression,Contracts Expression,0.24265379626909234,0.02307452142278461,spec_p_reform_decision,Expands Expression,**,0.551** (0.243)
defendant_unclear,-0.8579726473850918,Mixed Outcome,Mixed Outcome,0.3988164112072143,0.0314527454498808,spec_p_reform_decision,Expands Expression,**,-0.858** (0.399)
Intercept,1.6473599772901326,Contracts Expression,Contracts Expression,0.6807263009788049,0.015520361078712278,spec_govprot_reform_decision,Expands Expression,**,1.647** (0.681)
Intercept,-2.000420770637184,Mixed Outcome,Mixed Outcome,0.5960586769047705,0.000790556172711843,spec_govprot_reform_decision,Expands Expression,***,-2.0*** (0.596)
wdj_govprot_lag1,0.12918214368917377,Contracts Expression,Contracts Expression,0.24685685624044004,0.6007600024637669,spec_govprot_reform_decision,Expands Expression,,0.129 (0.247)
wdj_govprot_lag1,-0.048856917065078574,Mixed Outcome,Mixed Outcome,0.2101913075442386,0.8161961009842922,spec_govprot_reform_decision,Expands Expression,,-0.049 (0.21)
v2jureform_lag1,0.32350321350437716,Contracts Expression,Contracts Expression,0.12393111167937866,0.009045040543637245,spec_govprot_reform_decision,Expands Expression,***,0.324*** (0.124)
v2jureform_lag1,0.18908914259811976,Mixed Outcome,Mixed Outcome,0.19734696830722923,0.3379842007342644,spec_govprot_reform_decision,Expands Expression,,0.189 (0.197)
v2x_polyarchy_lag1,-3.164704414660284,Contracts Expression,Contracts Expression,1.1853384754269192,0.007587970810087936,spec_govprot_reform_decision,Expands Expression,***,-3.165*** (1.185)
v2x_polyarchy_lag1,1.7866356340564087,Mixed Outcome,Mixed Outcome,0.8872628745680039,0.04404644138364674,spec_govprot_reform_decision,Expands Expression,**,1.787** (0.887)
v2jureview_lag1,-0.6363894585406035,Contracts Expression,Contracts Expression,0.319629225586663,0.04647824902339229,spec_govprot_reform_decision,Expands Expression,**,-0.636** (0.32)
v2jureview_lag1,-0.26747729262195885,Mixed Outcome,Mixed Outcome,0.35156410706927455,0.4467640963609374,spec_govprot_reform_decision,Expands Expression,,-0.267 (0.352)
legal_common,1.7637677269287901,Contracts Expression,Contracts Expression,0.3654410737969514,1.3901755842221742e-06,spec_govprot_reform_decision,Expands Expression,***,1.764*** (0.365)
legal_common,1.108060268004681,Mixed Outcome,Mixed Outcome,0.4406106731134657,0.01190903067851322,spec_govprot_reform_decision,Expands Expression,**,1.108** (0.441)
legal_civil,0.3477790924808561,Contracts Expression,Contracts Expression,0.34093274252855205,0.30768993630568486,spec_govprot_reform_decision,Expands Expression,,0.348 (0.341)
legal_civil,0.3146511659603973,Mixed Outcome,Mixed Outcome,0.29329491754712056,0.2833541614405295,spec_govprot_reform_decision,Expands Expression,,0.315 (0.293)
high_court,-0.3598313297932391,Contracts Expression,Contracts Expression,0.25046689231343816,0.15081966058934698,spec_govprot_reform_decision,Expands Expression,,-0.36 (0.25)
high_court,0.0949095694839073,Mixed Outcome,Mixed Outcome,0.14789299765143055,0.5210388638026386,spec_govprot_reform_decision,Expands Expression,,0.095 (0.148)
j_ind_lag1,-0.2639130955743633,Contracts Expression,Contracts Expression,0.2692727608435503,0.3270388438763995,spec_govprot_reform_decision,Expands Expression,,-0.264 (0.269)
j_ind_lag1,-0.38531646960187305,Mixed Outcome,Mixed Outcome,0.19508045313456585,0.04824920169927888,spec_govprot_reform_decision,Expands Expression,**,-0.385** (0.195)
mode_press_newspapers,-0.8846026372025906,Contracts Expression,Contracts Expression,0.39622654050926054,0.025577455950999414,spec_govprot_reform_decision,Expands Expression,**,-0.885** (0.396)
mode_press_newspapers,-0.3111263472084257,Mixed Outcome,Mixed Outcome,0.3245603320904863,0.33775592486951334,spec_govprot_reform_decision,Expands Expression,,-0.311 (0.325)
mode_public_speech,0.34156572386657863,Contracts Expression,Contracts Expression,0.2707475518984372,0.2071052392371544,spec_govprot_reform_decision,Expands Expression,,0.342 (0.271)
mode_public_speech,0.05255467533631972,Mixed Outcome,Mixed Outcome,0.21227381052029043,0.8044596589299571,spec_govprot_reform_decision,Expands Expression,,0.053 (0.212)
mode_public_documents,-0.44814151436551514,Contracts Expression,Contracts Expression,0.4140046979278344,0.2790503372400508,spec_govprot_reform_decision,Expands Expression,,-0.448 (0.414)
mode_public_documents,-0.7614348438685706,Mixed Outcome,Mixed Outcome,0.607120258173371,0.20977852783746342,spec_govprot_reform_decision,Expands Expression,,-0.761 (0.607)
mode_audio_visual_broadcasting,-0.5411983714923776,Contracts Expression,Contracts Expression,0.39618349396391817,0.1719296795308275,spec_govprot_reform_decision,Expands Expression,,-0.541 (0.396)
mode_audio_visual_broadcasting,0.057584153593285246,Mixed Outcome,Mixed Outcome,0.23204036030190364,0.8040072202486037,spec_govprot_reform_decision,Expands Expression,,0.058 (0.232)
mode_public_assembly,-0.12691478997493977,Contracts Expression,Contracts Expression,0.5741854208887646,0.8250655666716615,spec_govprot_reform_decision,Expands Expression,,-0.127 (0.574)
mode_public_assembly,0.23407428315426826,Mixed Outcome,Mixed Outcome,0.4908610963270419,0.6334585372066097,spec_govprot_reform_decision,Expands Expression,,0.234 (0.491)
mode_written_speech,-0.2952600927609146,Contracts Expression,Contracts Expression,0.25626046595285057,0.24924405372671687,spec_govprot_reform_decision,Expands Expression,,-0.295 (0.256)
mode_written_speech,-0.3611244658826892,Mixed Outcome,Mixed Outcome,0.18030381498760645,0.04519162264694337,spec_govprot_reform_decision,Expands Expression,**,-0.361** (0.18)
mode_non_verbal_expression,-0.07696871912710197,Contracts Expression,Contracts Expression,0.24471777397785702,0.7531258654969714,spec_govprot_reform_decision,Expands Expression,,-0.077 (0.245)
mode_non_verbal_expression,0.2561480386150696,Mixed Outcome,Mixed Outcome,0.14209465646526293,0.07144197594418066,spec_govprot_reform_decision,Expands Expression,*,0.256* (0.142)
defendant_citizen,0.9127282995765831,Contracts Expression,Contracts Expression,0.2773237882699278,0.0009976064297507476,spec_govprot_reform_decision,Expands Expression,***,0.913*** (0.277)
defendant_citizen,0.5789786364454481,Mixed Outcome,Mixed Outcome,0.15706540347280826,0.00022760388995888016,spec_govprot_reform_decision,Expands Expression,***,0.579*** (0.157)
defendant_press,0.8163272514984224,Contracts Expression,Contracts Expression,0.471646146863607,0.08348664731477062,spec_govprot_reform_decision,Expands Expression,*,0.816* (0.472)
defendant_press,0.45435950012804427,Mixed Outcome,Mixed Outcome,0.3437539299788163,0.18624875479109226,spec_govprot_reform_decision,Expands Expression,,0.454 (0.344)
defendant_intermediary,1.2774946910490876,Contracts Expression,Contracts Expression,0.43940329443368803,0.003645169853453781,spec_govprot_reform_decision,Expands Expression,***,1.277*** (0.439)
defendant_intermediary,0.8109754061754154,Mixed Outcome,Mixed Outcome,0.5591890580696731,0.1469830964249723,spec_govprot_reform_decision,Expands Expression,,0.811 (0.559)
defendant_other,0.07824386504593117,Contracts Expression,Contracts Expression,0.5364474896997888,0.8840353907180304,spec_govprot_reform_decision,Expands Expression,,0.078 (0.536)
defendant_other,0.49128725801265266,Mixed Outcome,Mixed Outcome,0.17749339965878458,0.005641556800103458,spec_govprot_reform_decision,Expands Expression,***,0.491*** (0.177)
defendant_unclear,0.5802333668122238,Contracts Expression,Contracts Expression,0.24920321609331983,0.019893300946123564,spec_govprot_reform_decision,Expands Expression,**,0.58** (0.249)
defendant_unclear,-0.8513447368932338,Mixed Outcome,Mixed Outcome,0.3919786991666546,0.0298620131632756,spec_govprot_reform_decision,Expands Expression,**,-0.851** (0.392)
Intercept,1.8155757203756668,Contracts Expression,Contracts Expression,0.601500034553694,0.0025410207570301015,spec_c_pack_decision,Expands Expression,***,1.816*** (0.602)
Intercept,-2.5224084200300108,Mixed Outcome,Mixed Outcome,0.744465437444793,0.0007034928323770085,spec_c_pack_decision,Expands Expression,***,-2.522*** (0.744)
wdj_citizen_lag1,0.2234925877334188,Contracts Expression,Contracts Expression,0.3999764203685485,0.5763225160355625,spec_c_pack_decision,Expands Expression,,0.223 (0.4)
wdj_citizen_lag1,-0.5036085764489748,Mixed Outcome,Mixed Outcome,0.3651685652553707,0.1678600336869397,spec_c_pack_decision,Expands Expression,,-0.504 (0.365)
v2jupack_lag1,0.2203754078603592,Contracts Expression,Contracts Expression,0.17092938389129278,0.19730163205086693,spec_c_pack_decision,Expands Expression,,0.22 (0.171)
v2jupack_lag1,-0.2503716330541228,Mixed Outcome,Mixed Outcome,0.23250024852368992,0.2815400952716055,spec_c_pack_decision,Expands Expression,,-0.25 (0.233)
v2x_polyarchy_lag1,-3.528613137299337,Contracts Expression,Contracts Expression,1.110832856041166,0.001490394703817627,spec_c_pack_decision,Expands Expression,***,-3.529*** (1.111)
v2x_polyarchy_lag1,3.3161117357657255,Mixed Outcome,Mixed Outcome,1.2744095450039854,0.009266105142568764,spec_c_pack_decision,Expands Expression,***,3.316*** (1.274)
v2jureview_lag1,-0.6948851839916144,Contracts Expression,Contracts Expression,0.2947438383587376,0.01839398615985206,spec_c_pack_decision,Expands Expression,**,-0.695** (0.295)
v2jureview_lag1,-0.298385976320439,Mixed Outcome,Mixed Outcome,0.3548879982131366,0.40046606977484966,spec_c_pack_decision,Expands Expression,,-0.298 (0.355)
legal_common,1.4581458017534128,Contracts Expression,Contracts Expression,0.3635725339570856,6.056337385491919e-05,spec_c_pack_decision,Expands Expression,***,1.458*** (0.364)
legal_common,0.8880765308484316,Mixed Outcome,Mixed Outcome,0.3860174923193311,0.021413563962966106,spec_c_pack_decision,Expands Expression,**,0.888** (0.386)
legal_civil,0.11016382814222285,Contracts Expression,Contracts Expression,0.31637016872629153,0.727681121280965,spec_c_pack_decision,Expands Expression,,0.11 (0.316)
legal_civil,0.10799681927135121,Mixed Outcome,Mixed Outcome,0.2910007588142372,0.7105465743850161,spec_c_pack_decision,Expands Expression,,0.108 (0.291)
high_court,-0.3981142858379807,Contracts Expression,Contracts Expression,0.2479711197678563,0.1083867812084647,spec_c_pack_decision,Expands Expression,,-0.398 (0.248)
high_court,0.05250060463520224,Mixed Outcome,Mixed Outcome,0.14386611631693524,0.715166031864986,spec_c_pack_decision,Expands Expression,,0.053 (0.144)
j_ind_lag1,-0.15485650857951008,Contracts Expression,Contracts Expression,0.2545227438098286,0.5429095211276453,spec_c_pack_decision,Expands Expression,,-0.155 (0.255)
j_ind_lag1,-0.39512144855726283,Mixed Outcome,Mixed Outcome,0.18277556951682383,0.03063476739763544,spec_c_pack_decision,Expands Expression,**,-0.395** (0.183)
mode_press_newspapers,-0.8891050500413916,Contracts Expression,Contracts Expression,0.3904518469957683,0.022779161564062136,spec_c_pack_decision,Expands Expression,**,-0.889** (0.39)
mode_press_newspapers,-0.33990783491203724,Mixed Outcome,Mixed Outcome,0.3314235256769472,0.3050803567368504,spec_c_pack_decision,Expands Expression,,-0.34 (0.331)
mode_public_speech,0.3446935359460299,Contracts Expression,Contracts Expression,0.27050570307312355,0.2025726773886285,spec_c_pack_decision,Expands Expression,,0.345 (0.271)
mode_public_speech,0.06069093089097351,Mixed Outcome,Mixed Outcome,0.21942274332107073,0.7820921641319134,spec_c_pack_decision,Expands Expression,,0.061 (0.219)
mode_public_documents,-0.375499698693556,Contracts Expression,Contracts Expression,0.40220584664310344,0.3505098544254446,spec_c_pack_decision,Expands Expression,,-0.375 (0.402)
mode_public_documents,-0.650420192956257,Mixed Outcome,Mixed Outcome,0.5900822378843116,0.2703514929205485,spec_c_pack_decision,Expands Expression,,-0.65 (0.59)
mode_audio_visual_broadcasting,-0.5205636996657578,Contracts Expression,Contracts Expression,0.38447158166721046,0.1757453579691849,spec_c_pack_decision,Expands Expression,,-0.521 (0.384)
mode_audio_visual_broadcasting,0.10627678625048283,Mixed Outcome,Mixed Outcome,0.24959735829572074,0.6702587515440965,spec_c_pack_decision,Expands Expression,,0.106 (0.25)
mode_public_assembly,-0.14200613993640726,Contracts Expression,Contracts Expression,0.5938201763255881,0.8109970481458594,spec_c_pack_decision,Expands Expression,,-0.142 (0.594)
mode_public_assembly,0.23339366168916742,Mixed Outcome,Mixed Outcome,0.5100414441445011,0.6472416794528322,spec_c_pack_decision,Expands Expression,,0.233 (0.51)
mode_written_speech,-0.2945532611549607,Contracts Expression,Contracts Expression,0.2680842230215303,0.271884090696194,spec_c_pack_decision,Expands Expression,,-0.295 (0.268)
mode_written_speech,-0.38459499541867076,Mixed Outcome,Mixed Outcome,0.18953612372582904,0.04244421253708399,spec_c_pack_decision,Expands Expression,**,-0.385** (0.19)
mode_non_verbal_expression,-0.09257977449235857,Contracts Expression,Contracts Expression,0.25030989575411383,0.7114863409052318,spec_c_pack_decision,Expands Expression,,-0.093 (0.25)
mode_non_verbal_expression,0.30059235255012806,Mixed Outcome,Mixed Outcome,0.14001014113312182,0.03179863859870697,spec_c_pack_decision,Expands Expression,**,0.301** (0.14)
defendant_citizen,0.9088381383293165,Contracts Expression,Contracts Expression,0.27737728206881485,0.0010508691816168915,spec_c_pack_decision,Expands Expression,***,0.909*** (0.277)
defendant_citizen,0.6321996427265245,Mixed Outcome,Mixed Outcome,0.15838311469255564,6.563319397437323e-05,spec_c_pack_decision,Expands Expression,***,0.632*** (0.158)
defendant_press,0.8352394321972102,Contracts Expression,Contracts Expression,0.4789602241017333,0.08118355753253753,spec_c_pack_decision,Expands Expression,*,0.835* (0.479)
defendant_press,0.4865575270704273,Mixed Outcome,Mixed Outcome,0.35064125450452355,0.16525217157431693,spec_c_pack_decision,Expands Expression,,0.487 (0.351)
defendant_intermediary,1.3297891386802156,Contracts Expression,Contracts Expression,0.4484642508494252,0.00302479757641739,spec_c_pack_decision,Expands Expression,***,1.33*** (0.448)
defendant_intermediary,0.8133541806167246,Mixed Outcome,Mixed Outcome,0.5553672469189345,0.1430481174576593,spec_c_pack_decision,Expands Expression,,0.813 (0.555)
defendant_other,0.08885709221991625,Contracts Expression,Contracts Expression,0.5200610182863096,0.8643346559033588,spec_c_pack_decision,Expands Expression,,0.089 (0.52)
defendant_other,0.4997219930493062,Mixed Outcome,Mixed Outcome,0.16507575446773762,0.002468074898422413,spec_c_pack_decision,Expands Expression,***,0.5*** (0.165)
defendant_unclear,0.5714909380580192,Contracts Expression,Contracts Expression,0.24501585398328257,0.019676234762243734,spec_c_pack_decision,Expands Expression,**,0.571** (0.245)
defendant_unclear,-0.7492007288500326,Mixed Outcome,Mixed Outcome,0.3746283577873348,0.04551640378052938,spec_c_pack_decision,Expands Expression,**,-0.749** (0.375)
Intercept,1.7790036455581961,Contracts Expression,Contracts Expression,0.6153192580848268,0.0038378847742095946,spec_im_pack_decision,Expands Expression,***,1.779*** (0.615)
Intercept,-2.7428576968026652,Mixed Outcome,Mixed Outcome,0.7320681318690682,0.00017915857573477887,spec_im_pack_decision,Expands Expression,***,-2.743*** (0.732)
wdj_intermediaries_lag1,0.7460105500567653,Contracts Expression,Contracts Expression,0.6056034472096997,0.21800639046580705,spec_im_pack_decision,Expands Expression,,0.746 (0.606)
wdj_intermediaries_lag1,0.789703130440905,Mixed Outcome,Mixed Outcome,0.5101425995036495,0.1216211702452732,spec_im_pack_decision,Expands Expression,,0.79 (0.51)
v2jupack_lag1,0.20045020981868686,Contracts Expression,Contracts Expression,0.1633117129639672,0.21966903532717796,spec_im_pack_decision,Expands Expression,,0.2 (0.163)
v2jupack_lag1,-0.33595139247916467,Mixed Outcome,Mixed Outcome,0.2168147210347248,0.12126491486305636,spec_im_pack_decision,Expands Expression,,-0.336 (0.217)
v2x_polyarchy_lag1,-3.528827797911266,Contracts Expression,Contracts Expression,1.1101390502140775,0.001479238802233309,spec_im_pack_decision,Expands Expression,***,-3.529*** (1.11)
v2x_polyarchy_lag1,3.47821288778005,Mixed Outcome,Mixed Outcome,1.266432802681621,0.006024138289278167,spec_im_pack_decision,Expands Expression,***,3.478*** (1.266)
v2jureview_lag1,-0.6982800510354675,Contracts Expression,Contracts Expression,0.29484474638634367,0.017870163972351968,spec_im_pack_decision,Expands Expression,**,-0.698** (0.295)
v2jureview_lag1,-0.28251091699852954,Mixed Outcome,Mixed Outcome,0.36325907607209823,0.43673885775842125,spec_im_pack_decision,Expands Expression,,-0.283 (0.363)
legal_common,1.5134294712793532,Contracts Expression,Contracts Expression,0.3673075797091385,3.7832551920161286e-05,spec_im_pack_decision,Expands Expression,***,1.513*** (0.367)
legal_common,0.9903018628715219,Mixed Outcome,Mixed Outcome,0.40394752763218217,0.01422382143832848,spec_im_pack_decision,Expands Expression,**,0.99** (0.404)
legal_civil,0.007572877084654837,Contracts Expression,Contracts Expression,0.306726214269492,0.9803027337698004,spec_im_pack_decision,Expands Expression,,0.008 (0.307)
legal_civil,-0.2527268875878986,Mixed Outcome,Mixed Outcome,0.3441609103715438,0.4627490433606062,spec_im_pack_decision,Expands Expression,,-0.253 (0.344)
high_court,-0.3945421154250456,Contracts Expression,Contracts Expression,0.2505319135340195,0.11529850790841194,spec_im_pack_decision,Expands Expression,,-0.395 (0.251)
high_court,0.05338656376544982,Mixed Outcome,Mixed Outcome,0.14520496102421065,0.7131241620110442,spec_im_pack_decision,Expands Expression,,0.053 (0.145)
j_ind_lag1,-0.14456478991057176,Contracts Expression,Contracts Expression,0.24744847795712896,0.5590711108600369,spec_im_pack_decision,Expands Expression,,-0.145 (0.247)
j_ind_lag1,-0.35885373895333095,Mixed Outcome,Mixed Outcome,0.17274980172525106,0.03777357162538539,spec_im_pack_decision,Expands Expression,**,-0.359** (0.173)
mode_press_newspapers,-0.8934322742813584,Contracts Expression,Contracts Expression,0.3943835380864618,0.023488796171556442,spec_im_pack_decision,Expands Expression,**,-0.893** (0.394)
mode_press_newspapers,-0.31485418633659923,Mixed Outcome,Mixed Outcome,0.3273805394250207,0.33618141142643254,spec_im_pack_decision,Expands Expression,,-0.315 (0.327)
mode_public_speech,0.3465590764271604,Contracts Expression,Contracts Expression,0.26287588261811495,0.18739076604305815,spec_im_pack_decision,Expands Expression,,0.347 (0.263)
mode_public_speech,0.056006560713571615,Mixed Outcome,Mixed Outcome,0.2165971281019641,0.7959633229870087,spec_im_pack_decision,Expands Expression,,0.056 (0.217)
mode_public_documents,-0.38857410033115064,Contracts Expression,Contracts Expression,0.40229854666008835,0.33410176804648406,spec_im_pack_decision,Expands Expression,,-0.389 (0.402)
mode_public_documents,-0.6815131813785353,Mixed Outcome,Mixed Outcome,0.585279372534292,0.2442523415221899,spec_im_pack_decision,Expands Expression,,-0.682 (0.585)
mode_audio_visual_broadcasting,-0.5360037734106154,Contracts Expression,Contracts Expression,0.37603804429933696,0.15404226489599018,spec_im_pack_decision,Expands Expression,,-0.536 (0.376)
mode_audio_visual_broadcasting,0.08094297968541457,Mixed Outcome,Mixed Outcome,0.2170021059962185,0.7091443483117836,spec_im_pack_decision,Expands Expression,,0.081 (0.217)
mode_public_assembly,-0.14056210580712508,Contracts Expression,Contracts Expression,0.59345629299027,0.812770568444764,spec_im_pack_decision,Expands Expression,,-0.141 (0.593)
mode_public_assembly,0.26513696001171067,Mixed Outcome,Mixed Outcome,0.4870291127416618,0.5861686316915833,spec_im_pack_decision,Expands Expression,,0.265 (0.487)
mode_written_speech,-0.2887191626441627,Contracts Expression,Contracts Expression,0.260595359132295,0.2678957832908665,spec_im_pack_decision,Expands Expression,,-0.289 (0.261)
mode_written_speech,-0.38896377262760923,Mixed Outcome,Mixed Outcome,0.1955062638305545,0.04664375156327954,spec_im_pack_decision,Expands Expression,**,-0.389** (0.196)
mode_non_verbal_expression,-0.102398764339119,Contracts Expression,Contracts Expression,0.25015175200404094,0.6822853361560343,spec_im_pack_decision,Expands Expression,,-0.102 (0.25)
mode_non_verbal_expression,0.28024514678746043,Mixed Outcome,Mixed Outcome,0.13522488767687657,0.03822464638560522,spec_im_pack_decision,Expands Expression,**,0.28** (0.135)
defendant_citizen,0.9313111839396468,Contracts Expression,Contracts Expression,0.2867369134602377,0.0011623395943494638,spec_im_pack_decision,Expands Expression,***,0.931*** (0.287)
defendant_citizen,0.6328226688406853,Mixed Outcome,Mixed Outcome,0.1503926432733271,2.578651106537965e-05,spec_im_pack_decision,Expands Expression,***,0.633*** (0.15)
defendant_press,0.8561455534953278,Contracts Expression,Contracts Expression,0.4881985529163553,0.07948482229544318,spec_im_pack_decision,Expands Expression,*,0.856* (0.488)
defendant_press,0.49012663070100265,Mixed Outcome,Mixed Outcome,0.35934401700030194,0.17258386442643203,spec_im_pack_decision,Expands Expression,,0.49 (0.359)
defendant_intermediary,1.3227023457549987,Contracts Expression,Contracts Expression,0.4401671411022352,0.0026558067739150958,spec_im_pack_decision,Expands Expression,***,1.323*** (0.44)
defendant_intermediary,0.858408822292782,Mixed Outcome,Mixed Outcome,0.5788378365147782,0.13807794018255962,spec_im_pack_decision,Expands Expression,,0.858 (0.579)
defendant_other,0.10831631948555646,Contracts Expression,Contracts Expression,0.5363523663965906,0.8399558725580432,spec_im_pack_decision,Expands Expression,,0.108 (0.536)
defendant_other,0.5344133251949136,Mixed Outcome,Mixed Outcome,0.1729505826408055,0.0020017198509611565,spec_im_pack_decision,Expands Expression,***,0.534*** (0.173)
defendant_unclear,0.5878251360810965,Contracts Expression,Contracts Expression,0.24827561269998566,0.01790236174831095,spec_im_pack_decision,Expands Expression,**,0.588** (0.248)
defendant_unclear,-0.7360516860820077,Mixed Outcome,Mixed Outcome,0.33471423826108493,0.027874719742158816,spec_im_pack_decision,Expands Expression,**,-0.736** (0.335)
Intercept,1.9488316317201493,Contracts Expression,Contracts Expression,0.6251559640219675,0.0018248311288516018,spec_p_pack_decision,Expands Expression,***,1.949*** (0.625)
Intercept,-2.637229332597353,Mixed Outcome,Mixed Outcome,0.71625450258216,0.0002314364418702022,spec_p_pack_decision,Expands Expression,***,-2.637*** (0.716)
wdj_press_lag1,0.7773700412734778,Contracts Expression,Contracts Expression,0.4384804862133244,0.07624981925167681,spec_p_pack_decision,Expands Expression,*,0.777* (0.438)
wdj_press_lag1,-0.6122283614825826,Mixed Outcome,Mixed Outcome,0.41688464338078796,0.14194680017300126,spec_p_pack_decision,Expands Expression,,-0.612 (0.417)
v2jupack_lag1,0.20609599916863258,Contracts Expression,Contracts Expression,0.16942573902691993,0.22381790888559605,spec_p_pack_decision,Expands Expression,,0.206 (0.169)
v2jupack_lag1,-0.25516318441094493,Mixed Outcome,Mixed Outcome,0.2262821997857217,0.2594751146156292,spec_p_pack_decision,Expands Expression,,-0.255 (0.226)
v2x_polyarchy_lag1,-3.672999388446796,Contracts Expression,Contracts Expression,1.0744442886178212,0.0006296482244254515,spec_p_pack_decision,Expands Expression,***,-3.673*** (1.074)
v2x_polyarchy_lag1,3.435255951938378,Mixed Outcome,Mixed Outcome,1.192878002378984,0.003979212909425275,spec_p_pack_decision,Expands Expression,***,3.435*** (1.193)
v2jureview_lag1,-0.7343542723314782,Contracts Expression,Contracts Expression,0.31599896392041327,0.020130128177456224,spec_p_pack_decision,Expands Expression,**,-0.734** (0.316)
v2jureview_lag1,-0.29064494072495817,Mixed Outcome,Mixed Outcome,0.3521594971822191,0.409188869076867,spec_p_pack_decision,Expands Expression,,-0.291 (0.352)
legal_common,1.5410611812559896,Contracts Expression,Contracts Expression,0.3411474991351397,6.263696709948602e-06,spec_p_pack_decision,Expands Expression,***,1.541*** (0.341)
legal_common,0.8639066944981634,Mixed Outcome,Mixed Outcome,0.3823950024273831,0.023870962279361075,spec_p_pack_decision,Expands Expression,**,0.864** (0.382)
legal_civil,0.06888874380128081,Contracts Expression,Contracts Expression,0.31137429274778056,0.8249048270066298,spec_p_pack_decision,Expands Expression,,0.069 (0.311)
legal_civil,0.05323366345797489,Mixed Outcome,Mixed Outcome,0.2988714353687764,0.8586321950401878,spec_p_pack_decision,Expands Expression,,0.053 (0.299)
high_court,-0.4078828888391944,Contracts Expression,Contracts Expression,0.24966652055648567,0.1023195914054843,spec_p_pack_decision,Expands Expression,,-0.408 (0.25)
high_court,0.058439400356361415,Mixed Outcome,Mixed Outcome,0.14532446215892866,0.6875879786025582,spec_p_pack_decision,Expands Expression,,0.058 (0.145)
j_ind_lag1,-0.14666915939506545,Contracts Expression,Contracts Expression,0.24996888486508825,0.5573718469887958,spec_p_pack_decision,Expands Expression,,-0.147 (0.25)
j_ind_lag1,-0.38639361005071304,Mixed Outcome,Mixed Outcome,0.17757418480534645,0.029558551978716388,spec_p_pack_decision,Expands Expression,**,-0.386** (0.178)
mode_press_newspapers,-0.899972901482727,Contracts Expression,Contracts Expression,0.3951234538425852,0.022744425954916683,spec_p_pack_decision,Expands Expression,**,-0.9** (0.395)
mode_press_newspapers,-0.3213324482229436,Mixed Outcome,Mixed Outcome,0.32806255666915374,0.3273402537120288,spec_p_pack_decision,Expands Expression,,-0.321 (0.328)
mode_public_speech,0.35157026825066806,Contracts Expression,Contracts Expression,0.2615622988489931,0.17891063498219295,spec_p_pack_decision,Expands Expression,,0.352 (0.262)
mode_public_speech,0.049366484663902296,Mixed Outcome,Mixed Outcome,0.22636881823528265,0.8273668737497416,spec_p_pack_decision,Expands Expression,,0.049 (0.226)
mode_public_documents,-0.43412762247595676,Contracts Expression,Contracts Expression,0.4187843338415215,0.2999047433629879,spec_p_pack_decision,Expands Expression,,-0.434 (0.419)
mode_public_documents,-0.6376501965416503,Mixed Outcome,Mixed Outcome,0.5888751171675649,0.278884977521072,spec_p_pack_decision,Expands Expression,,-0.638 (0.589)
mode_audio_visual_broadcasting,-0.5469357115410173,Contracts Expression,Contracts Expression,0.3793947678759745,0.14941508910802126,spec_p_pack_decision,Expands Expression,,-0.547 (0.379)
mode_audio_visual_broadcasting,0.12042566976082045,Mixed Outcome,Mixed Outcome,0.2488872865621097,0.6284878896443296,spec_p_pack_decision,Expands Expression,,0.12 (0.249)
mode_public_assembly,-0.1624362299240833,Contracts Expression,Contracts Expression,0.5993750329830044,0.7863838515067522,spec_p_pack_decision,Expands Expression,,-0.162 (0.599)
mode_public_assembly,0.2506686731833051,Mixed Outcome,Mixed Outcome,0.5022415655881111,0.6177090668851584,spec_p_pack_decision,Expands Expression,,0.251 (0.502)
mode_written_speech,-0.3188408352238737,Contracts Expression,Contracts Expression,0.25574333495573487,0.21249945899077727,spec_p_pack_decision,Expands Expression,,-0.319 (0.256)
mode_written_speech,-0.35610168041446066,Mixed Outcome,Mixed Outcome,0.1846104286679918,0.053738822349258704,spec_p_pack_decision,Expands Expression,*,-0.356* (0.185)
mode_non_verbal_expression,-0.0849757667217079,Contracts Expression,Contracts Expression,0.24018932982505337,0.7234988153753709,spec_p_pack_decision,Expands Expression,,-0.085 (0.24)
mode_non_verbal_expression,0.29847135374478134,Mixed Outcome,Mixed Outcome,0.1417100101696026,0.035185922988278044,spec_p_pack_decision,Expands Expression,**,0.298** (0.142)
defendant_citizen,0.9241129193851143,Contracts Expression,Contracts Expression,0.2813835728554466,0.0010228135905554876,spec_p_pack_decision,Expands Expression,***,0.924*** (0.281)
defendant_citizen,0.5870625637932381,Mixed Outcome,Mixed Outcome,0.16444283950278724,0.0003569677467742135,spec_p_pack_decision,Expands Expression,***,0.587*** (0.164)
defendant_press,0.829634620179163,Contracts Expression,Contracts Expression,0.478902193562499,0.0832081416477389,spec_p_pack_decision,Expands Expression,*,0.83* (0.479)
defendant_press,0.4826107744050172,Mixed Outcome,Mixed Outcome,0.3473344529496369,0.16468990173375964,spec_p_pack_decision,Expands Expression,,0.483 (0.347)
defendant_intermediary,1.3310523316679428,Contracts Expression,Contracts Expression,0.4503886074085343,0.003123227052566643,spec_p_pack_decision,Expands Expression,***,1.331*** (0.45)
defendant_intermediary,0.8201980023769607,Mixed Outcome,Mixed Outcome,0.5587768085251886,0.1421462054305049,spec_p_pack_decision,Expands Expression,,0.82 (0.559)
defendant_other,0.09026066883776088,Contracts Expression,Contracts Expression,0.5307734278626416,0.8649668922986762,spec_p_pack_decision,Expands Expression,,0.09 (0.531)
defendant_other,0.49499323030093084,Mixed Outcome,Mixed Outcome,0.1683720284481245,0.003283414501320083,spec_p_pack_decision,Expands Expression,***,0.495*** (0.168)
defendant_unclear,0.5741777215148435,Contracts Expression,Contracts Expression,0.2401957136580873,0.01682738202805364,spec_p_pack_decision,Expands Expression,**,0.574** (0.24)
defendant_unclear,-0.7810623751023604,Mixed Outcome,Mixed Outcome,0.38502193272460195,0.042497226452826824,spec_p_pack_decision,Expands Expression,**,-0.781** (0.385)
Intercept,1.8285824883554629,Contracts Expression,Contracts Expression,0.6606091512237352,0.0056397170572348495,spec_govprot_pack_decision,Expands Expression,***,1.829*** (0.661)
Intercept,-2.5917241982190706,Mixed Outcome,Mixed Outcome,0.7541147355128038,0.0005886800061059785,spec_govprot_pack_decision,Expands Expression,***,-2.592*** (0.754)
wdj_govprot_lag1,0.15387416058519965,Contracts Expression,Contracts Expression,0.24533584074603593,0.5305294221687942,spec_govprot_pack_decision,Expands Expression,,0.154 (0.245)
wdj_govprot_lag1,-0.06803874959432518,Mixed Outcome,Mixed Outcome,0.17941631954116144,0.7045224610679157,spec_govprot_pack_decision,Expands Expression,,-0.068 (0.179)
v2jupack_lag1,0.23315254905608054,Contracts Expression,Contracts Expression,0.16666927826672487,0.16184495977750513,spec_govprot_pack_decision,Expands Expression,,0.233 (0.167)
v2jupack_lag1,-0.2966967323954879,Mixed Outcome,Mixed Outcome,0.22836060761795496,0.19385932979846565,spec_govprot_pack_decision,Expands Expression,,-0.297 (0.228)
v2x_polyarchy_lag1,-3.4459461981614368,Contracts Expression,Contracts Expression,1.1409749463419323,0.0025262707105577304,spec_govprot_pack_decision,Expands Expression,***,-3.446*** (1.141)
v2x_polyarchy_lag1,3.3305488421085117,Mixed Outcome,Mixed Outcome,1.3209723345227797,0.011692682657907575,spec_govprot_pack_decision,Expands Expression,**,3.331** (1.321)
v2jureview_lag1,-0.7162238982724521,Contracts Expression,Contracts Expression,0.31718246082324714,0.02394056869863938,spec_govprot_pack_decision,Expands Expression,**,-0.716** (0.317)
v2jureview_lag1,-0.2784864733289294,Mixed Outcome,Mixed Outcome,0.3521284193347795,0.4290220601342397,spec_govprot_pack_decision,Expands Expression,,-0.278 (0.352)
legal_common,1.3949239758579235,Contracts Expression,Contracts Expression,0.3460594725297694,5.5568568098519074e-05,spec_govprot_pack_decision,Expands Expression,***,1.395*** (0.346)
legal_common,0.9209324282252562,Mixed Outcome,Mixed Outcome,0.38764135574326347,0.017514122674515714,spec_govprot_pack_decision,Expands Expression,**,0.921** (0.388)
legal_civil,0.11499297703239723,Contracts Expression,Contracts Expression,0.31385603548395224,0.7140758297380404,spec_govprot_pack_decision,Expands Expression,,0.115 (0.314)
legal_civil,-0.019203059227319904,Mixed Outcome,Mixed Outcome,0.2902784075061235,0.9472552700432536,spec_govprot_pack_decision,Expands Expression,,-0.019 (0.29)
high_court,-0.37603863135188215,Contracts Expression,Contracts Expression,0.25721379537171585,0.14374966652052645,spec_govprot_pack_decision,Expands Expression,,-0.376 (0.257)
high_court,0.033806496162208995,Mixed Outcome,Mixed Outcome,0.13805989448678743,0.8065583822567494,spec_govprot_pack_decision,Expands Expression,,0.034 (0.138)
j_ind_lag1,-0.18223526796430364,Contracts Expression,Contracts Expression,0.2779010446519087,0.5119811529198981,spec_govprot_pack_decision,Expands Expression,,-0.182 (0.278)
j_ind_lag1,-0.35657736973079607,Mixed Outcome,Mixed Outcome,0.20008948537046983,0.07473463879068101,spec_govprot_pack_decision,Expands Expression,*,-0.357* (0.2)
mode_press_newspapers,-0.894997317586455,Contracts Expression,Contracts Expression,0.4013333903114641,0.025743496725369453,spec_govprot_pack_decision,Expands Expression,**,-0.895** (0.401)
mode_press_newspapers,-0.3312975647723367,Mixed Outcome,Mixed Outcome,0.32150947902940497,0.3028015527444693,spec_govprot_pack_decision,Expands Expression,,-0.331 (0.322)
mode_public_speech,0.345660631295292,Contracts Expression,Contracts Expression,0.27520770246861664,0.20911629022370837,spec_govprot_pack_decision,Expands Expression,,0.346 (0.275)
mode_public_speech,0.0517562035757109,Mixed Outcome,Mixed Outcome,0.22442226657710243,0.8176102347844935,spec_govprot_pack_decision,Expands Expression,,0.052 (0.224)
mode_public_documents,-0.3819689659784279,Contracts Expression,Contracts Expression,0.39991844897159073,0.3395184611476718,spec_govprot_pack_decision,Expands Expression,,-0.382 (0.4)
mode_public_documents,-0.6629795339085998,Mixed Outcome,Mixed Outcome,0.5872105318772178,0.2588842969623888,spec_govprot_pack_decision,Expands Expression,,-0.663 (0.587)
mode_audio_visual_broadcasting,-0.5386949020693421,Contracts Expression,Contracts Expression,0.3761975260557003,0.15215900266344948,spec_govprot_pack_decision,Expands Expression,,-0.539 (0.376)
mode_audio_visual_broadcasting,0.09143009636345742,Mixed Outcome,Mixed Outcome,0.2338404184177027,0.6958020002243028,spec_govprot_pack_decision,Expands Expression,,0.091 (0.234)
mode_public_assembly,-0.17510344329974029,Contracts Expression,Contracts Expression,0.6067631903443308,0.7728981077830896,spec_govprot_pack_decision,Expands Expression,,-0.175 (0.607)
mode_public_assembly,0.2521034157240821,Mixed Outcome,Mixed Outcome,0.4959791624917362,0.6112469180540809,spec_govprot_pack_decision,Expands Expression,,0.252 (0.496)
mode_written_speech,-0.3003852414251735,Contracts Expression,Contracts Expression,0.24696324685110696,0.22386473399992413,spec_govprot_pack_decision,Expands Expression,,-0.3 (0.247)
mode_written_speech,-0.38978190237575594,Mixed Outcome,Mixed Outcome,0.19781773193320845,0.04879147846253542,spec_govprot_pack_decision,Expands Expression,**,-0.39** (0.198)
mode_non_verbal_expression,-0.07529075441995227,Contracts Expression,Contracts Expression,0.25120341266672874,0.7643905365572378,spec_govprot_pack_decision,Expands Expression,,-0.075 (0.251)
mode_non_verbal_expression,0.2920262450440028,Mixed Outcome,Mixed Outcome,0.13831970060542154,0.03475158872473841,spec_govprot_pack_decision,Expands Expression,**,0.292** (0.138)
defendant_citizen,0.9253450396320144,Contracts Expression,Contracts Expression,0.27661791137332736,0.0008222025255967135,spec_govprot_pack_decision,Expands Expression,***,0.925*** (0.277)
defendant_citizen,0.612064445575651,Mixed Outcome,Mixed Outcome,0.15396083994142742,7.024472126218215e-05,spec_govprot_pack_decision,Expands Expression,***,0.612*** (0.154)
defendant_press,0.8392540030924708,Contracts Expression,Contracts Expression,0.48168462187895783,0.08145055862298584,spec_govprot_pack_decision,Expands Expression,*,0.839* (0.482)
defendant_press,0.4768868073652255,Mixed Outcome,Mixed Outcome,0.3454215276743666,0.1674039015460974,spec_govprot_pack_decision,Expands Expression,,0.477 (0.345)
defendant_intermediary,1.304124909326988,Contracts Expression,Contracts Expression,0.44434322378053015,0.003336020083192129,spec_govprot_pack_decision,Expands Expression,***,1.304*** (0.444)
defendant_intermediary,0.8489111207165214,Mixed Outcome,Mixed Outcome,0.5742074567555233,0.13929943324321556,spec_govprot_pack_decision,Expands Expression,,0.849 (0.574)
defendant_other,0.07764057983200807,Contracts Expression,Contracts Expression,0.5227287541765234,0.8819249980914058,spec_govprot_pack_decision,Expands Expression,,0.078 (0.523)
defendant_other,0.5107807673731745,Mixed Outcome,Mixed Outcome,0.17079076710379662,0.002783557623271615,spec_govprot_pack_decision,Expands Expression,***,0.511*** (0.171)
defendant_unclear,0.5950541202020239,Contracts Expression,Contracts Expression,0.24815974478818326,0.016490841370749024,spec_govprot_pack_decision,Expands Expression,**,0.595** (0.248)
defendant_unclear,-0.7695725849070568,Mixed Outcome,Mixed Outcome,0.37451372191065235,0.039892704797799966,spec_govprot_pack_decision,Expands Expression,**,-0.77** (0.375)
Intercept,1.6469869388586622,Contracts Expression,Contracts Expression,0.6170104097219671,0.00760091398998571,spec_c_attack_decision,Expands Expression,***,1.647*** (0.617)
Intercept,-2.1724125542361157,Mixed Outcome,Mixed Outcome,0.6250679153712608,0.0005099354050859661,spec_c_attack_decision,Expands Expression,***,-2.172*** (0.625)
wdj_citizen_lag1,0.2738016293226838,Contracts Expression,Contracts Expression,0.38557371194807416,0.4776329010309872,spec_c_attack_decision,Expands Expression,,0.274 (0.386)
wdj_citizen_lag1,-0.5690610876938272,Mixed Outcome,Mixed Outcome,0.3903325335204707,0.1448714372286015,spec_c_attack_decision,Expands Expression,,-0.569 (0.39)
v2jupoatck_lag1,0.12316959812959061,Contracts Expression,Contracts Expression,0.10633513568298146,0.24673545301881783,spec_c_attack_decision,Expands Expression,,0.123 (0.106)
v2jupoatck_lag1,-0.061236514752133035,Mixed Outcome,Mixed Outcome,0.08166649080927221,0.45335318924840806,spec_c_attack_decision,Expands Expression,,-0.061 (0.082)
v2x_polyarchy_lag1,-3.1014107299109273,Contracts Expression,Contracts Expression,1.0810196058036854,0.004118133717605598,spec_c_attack_decision,Expands Expression,***,-3.101*** (1.081)
v2x_polyarchy_lag1,2.566361266341606,Mixed Outcome,Mixed Outcome,0.9158094520218296,0.0050741651752767075,spec_c_attack_decision,Expands Expression,***,2.566*** (0.916)
v2jureview_lag1,-0.6135402437699462,Contracts Expression,Contracts Expression,0.30795351302600843,0.0463365637216269,spec_c_attack_decision,Expands Expression,**,-0.614** (0.308)
v2jureview_lag1,-0.36577342169114996,Mixed Outcome,Mixed Outcome,0.3639678984982254,0.3149157903938029,spec_c_attack_decision,Expands Expression,,-0.366 (0.364)
legal_common,1.4557271772217024,Contracts Expression,Contracts Expression,0.3547013502194793,4.059049166049956e-05,spec_c_attack_decision,Expands Expression,***,1.456*** (0.355)
legal_common,0.8876713511818497,Mixed Outcome,Mixed Outcome,0.3780517003662262,0.018873722614236383,spec_c_attack_decision,Expands Expression,**,0.888** (0.378)
legal_civil,0.06964148936173946,Contracts Expression,Contracts Expression,0.33596183647536415,0.8357834757204086,spec_c_attack_decision,Expands Expression,,0.07 (0.336)
legal_civil,0.22095196658100935,Mixed Outcome,Mixed Outcome,0.26980426916394734,0.41282390695407534,spec_c_attack_decision,Expands Expression,,0.221 (0.27)
high_court,-0.4898640798360329,Contracts Expression,Contracts Expression,0.26397116349222777,0.06348942014117721,spec_c_attack_decision,Expands Expression,*,-0.49* (0.264)
high_court,0.09625107008504466,Mixed Outcome,Mixed Outcome,0.1515147021059175,0.5252595437515823,spec_c_attack_decision,Expands Expression,,0.096 (0.152)
j_ind_lag1,-0.15912649604306556,Contracts Expression,Contracts Expression,0.2530471800965131,0.529453014806856,spec_c_attack_decision,Expands Expression,,-0.159 (0.253)
j_ind_lag1,-0.39329954178656373,Mixed Outcome,Mixed Outcome,0.17882408204850153,0.027851933720473853,spec_c_attack_decision,Expands Expression,**,-0.393** (0.179)
mode_press_newspapers,-0.9097468154359862,Contracts Expression,Contracts Expression,0.38834501796767257,0.01914860949290406,spec_c_attack_decision,Expands Expression,**,-0.91** (0.388)
mode_press_newspapers,-0.33253957365187464,Mixed Outcome,Mixed Outcome,0.32836800554935247,0.3112015943970574,spec_c_attack_decision,Expands Expression,,-0.333 (0.328)
mode_public_speech,0.3208920964808041,Contracts Expression,Contracts Expression,0.28851395835681504,0.2660419292966433,spec_c_attack_decision,Expands Expression,,0.321 (0.289)
mode_public_speech,0.061132620159627546,Mixed Outcome,Mixed Outcome,0.21591943723624626,0.7770794933357469,spec_c_attack_decision,Expands Expression,,0.061 (0.216)
mode_public_documents,-0.34272364881872086,Contracts Expression,Contracts Expression,0.4057977073184967,0.39835223230235184,spec_c_attack_decision,Expands Expression,,-0.343 (0.406)
mode_public_documents,-0.6960327115636907,Mixed Outcome,Mixed Outcome,0.5814215925473908,0.23125891778116858,spec_c_attack_decision,Expands Expression,,-0.696 (0.581)
mode_audio_visual_broadcasting,-0.46779343499564463,Contracts Expression,Contracts Expression,0.38561405494809026,0.22508660853427798,spec_c_attack_decision,Expands Expression,,-0.468 (0.386)
mode_audio_visual_broadcasting,0.08418215306535382,Mixed Outcome,Mixed Outcome,0.25434049965126015,0.7406580052710889,spec_c_attack_decision,Expands Expression,,0.084 (0.254)
mode_public_assembly,-0.16040855376184465,Contracts Expression,Contracts Expression,0.624763847998313,0.7973712320621453,spec_c_attack_decision,Expands Expression,,-0.16 (0.625)
mode_public_assembly,0.21922428487262363,Mixed Outcome,Mixed Outcome,0.5120884762287661,0.6685794424660426,spec_c_attack_decision,Expands Expression,,0.219 (0.512)
mode_written_speech,-0.3157068465908485,Contracts Expression,Contracts Expression,0.273235477177431,0.24791081865372244,spec_c_attack_decision,Expands Expression,,-0.316 (0.273)
mode_written_speech,-0.37701961577101945,Mixed Outcome,Mixed Outcome,0.18660387002071527,0.04333904933766792,spec_c_attack_decision,Expands Expression,**,-0.377** (0.187)
mode_non_verbal_expression,-0.11260493354229191,Contracts Expression,Contracts Expression,0.2724928164975403,0.6794307789426159,spec_c_attack_decision,Expands Expression,,-0.113 (0.272)
mode_non_verbal_expression,0.2846757370241963,Mixed Outcome,Mixed Outcome,0.1418922815250574,0.04482631466333749,spec_c_attack_decision,Expands Expression,**,0.285** (0.142)
defendant_citizen,0.906531189692278,Contracts Expression,Contracts Expression,0.27335320657703166,0.0009120596942284233,spec_c_attack_decision,Expands Expression,***,0.907*** (0.273)
defendant_citizen,0.6264689662394096,Mixed Outcome,Mixed Outcome,0.16093953301432573,9.918642311719289e-05,spec_c_attack_decision,Expands Expression,***,0.626*** (0.161)
defendant_press,0.8146356797933577,Contracts Expression,Contracts Expression,0.4511426394136548,0.07096264370643286,spec_c_attack_decision,Expands Expression,*,0.815* (0.451)
defendant_press,0.48325549865503387,Mixed Outcome,Mixed Outcome,0.3572763803270285,0.17618035101948004,spec_c_attack_decision,Expands Expression,,0.483 (0.357)
defendant_intermediary,1.3011777690057493,Contracts Expression,Contracts Expression,0.41853755211393256,0.001878059579102857,spec_c_attack_decision,Expands Expression,***,1.301*** (0.419)
defendant_intermediary,0.8053926100550202,Mixed Outcome,Mixed Outcome,0.5446727248536687,0.13922785065841403,spec_c_attack_decision,Expands Expression,,0.805 (0.545)
defendant_other,0.0744672418171793,Contracts Expression,Contracts Expression,0.5046559001339821,0.882689685137771,spec_c_attack_decision,Expands Expression,,0.074 (0.505)
defendant_other,0.5009253781192914,Mixed Outcome,Mixed Outcome,0.16280366797258655,0.002091879911737768,spec_c_attack_decision,Expands Expression,***,0.501*** (0.163)
defendant_unclear,0.5984697615122001,Contracts Expression,Contracts Expression,0.2558286218933863,0.019317918246699536,spec_c_attack_decision,Expands Expression,**,0.598** (0.256)
defendant_unclear,-0.76962971435843,Mixed Outcome,Mixed Outcome,0.37522159031106816,0.04025391127451284,spec_c_attack_decision,Expands Expression,**,-0.77** (0.375)
Intercept,1.6444940128950836,Contracts Expression,Contracts Expression,0.6164741459443865,0.007639973094889802,spec_im_attack_decision,Expands Expression,***,1.644*** (0.616)
Intercept,-2.236666929937941,Mixed Outcome,Mixed Outcome,0.6041208889491978,0.00021361171636139395,spec_im_attack_decision,Expands Expression,***,-2.237*** (0.604)
wdj_intermediaries_lag1,0.7979490717837937,Contracts Expression,Contracts Expression,0.6078642111379639,0.18928088453928937,spec_im_attack_decision,Expands Expression,,0.798 (0.608)
wdj_intermediaries_lag1,0.6336627437939242,Mixed Outcome,Mixed Outcome,0.5128654730002012,0.2166318202533184,spec_im_attack_decision,Expands Expression,,0.634 (0.513)
v2jupoatck_lag1,0.1202219530620974,Contracts Expression,Contracts Expression,0.10306597864989904,0.24343003479876812,spec_im_attack_decision,Expands Expression,,0.12 (0.103)
v2jupoatck_lag1,-0.057418097606740166,Mixed Outcome,Mixed Outcome,0.08126126913137335,0.4798236195215976,spec_im_attack_decision,Expands Expression,,-0.057 (0.081)
v2x_polyarchy_lag1,-3.1734310064458713,Contracts Expression,Contracts Expression,1.0321240063729882,0.002107422317943862,spec_im_attack_decision,Expands Expression,***,-3.173*** (1.032)
v2x_polyarchy_lag1,2.3958803608009065,Mixed Outcome,Mixed Outcome,0.9285099034553163,0.009870027648995052,spec_im_attack_decision,Expands Expression,***,2.396*** (0.929)
v2jureview_lag1,-0.6218080167019331,Contracts Expression,Contracts Expression,0.3058551368871208,0.042051028849974095,spec_im_attack_decision,Expands Expression,**,-0.622** (0.306)
v2jureview_lag1,-0.3600363789971276,Mixed Outcome,Mixed Outcome,0.3623059823861391,0.3203515709757041,spec_im_attack_decision,Expands Expression,,-0.36 (0.362)
legal_common,1.518457706950326,Contracts Expression,Contracts Expression,0.35846184909532885,2.2749916159103858e-05,spec_im_attack_decision,Expands Expression,***,1.518*** (0.358)
legal_common,0.9942856513004814,Mixed Outcome,Mixed Outcome,0.3864753923174108,0.01009083252591175,spec_im_attack_decision,Expands Expression,**,0.994** (0.386)
legal_civil,-0.022723939060193828,Contracts Expression,Contracts Expression,0.3201026938069611,0.9434060901196567,spec_im_attack_decision,Expands Expression,,-0.023 (0.32)
legal_civil,-0.08657985614575317,Mixed Outcome,Mixed Outcome,0.3016863832121861,0.7741228171646802,spec_im_attack_decision,Expands Expression,,-0.087 (0.302)
high_court,-0.48111758195625753,Contracts Expression,Contracts Expression,0.26479998461886667,0.06923098667245066,spec_im_attack_decision,Expands Expression,*,-0.481* (0.265)
high_court,0.10022303305392766,Mixed Outcome,Mixed Outcome,0.15466379226248808,0.5169812047220164,spec_im_attack_decision,Expands Expression,,0.1 (0.155)
j_ind_lag1,-0.15015225997882556,Contracts Expression,Contracts Expression,0.24635068385602285,0.5421889892023599,spec_im_attack_decision,Expands Expression,,-0.15 (0.246)
j_ind_lag1,-0.36441789756339943,Mixed Outcome,Mixed Outcome,0.1753238817739522,0.03765954767683355,spec_im_attack_decision,Expands Expression,**,-0.364** (0.175)
mode_press_newspapers,-0.9175296313358788,Contracts Expression,Contracts Expression,0.3926735586340839,0.019458853410567648,spec_im_attack_decision,Expands Expression,**,-0.918** (0.393)
mode_press_newspapers,-0.30165095145601317,Mixed Outcome,Mixed Outcome,0.32341623838808264,0.3509738853858374,spec_im_attack_decision,Expands Expression,,-0.302 (0.323)
mode_public_speech,0.32063822505678774,Contracts Expression,Contracts Expression,0.2800538349552729,0.252243794829741,spec_im_attack_decision,Expands Expression,,0.321 (0.28)
mode_public_speech,0.05704675438197823,Mixed Outcome,Mixed Outcome,0.21123520573585475,0.7871120013412145,spec_im_attack_decision,Expands Expression,,0.057 (0.211)
mode_public_documents,-0.3578405128088381,Contracts Expression,Contracts Expression,0.40411556144080685,0.3758921114384669,spec_im_attack_decision,Expands Expression,,-0.358 (0.404)
mode_public_documents,-0.7407126827125192,Mixed Outcome,Mixed Outcome,0.582558637176885,0.20355731151018264,spec_im_attack_decision,Expands Expression,,-0.741 (0.583)
mode_audio_visual_broadcasting,-0.48880920999840755,Contracts Expression,Contracts Expression,0.37652644015855663,0.19421625926399178,spec_im_attack_decision,Expands Expression,,-0.489 (0.377)
mode_audio_visual_broadcasting,0.05431209963808703,Mixed Outcome,Mixed Outcome,0.2209507877855291,0.8058286622438935,spec_im_attack_decision,Expands Expression,,0.054 (0.221)
mode_public_assembly,-0.1600812357129968,Contracts Expression,Contracts Expression,0.6246100787866647,0.7977270188982296,spec_im_attack_decision,Expands Expression,,-0.16 (0.625)
mode_public_assembly,0.2507315854346368,Mixed Outcome,Mixed Outcome,0.49021624876975295,0.6090210179425317,spec_im_attack_decision,Expands Expression,,0.251 (0.49)
mode_written_speech,-0.30950897327502036,Contracts Expression,Contracts Expression,0.26255341864534526,0.2384611328089521,spec_im_attack_decision,Expands Expression,,-0.31 (0.263)
mode_written_speech,-0.3713812969794137,Mixed Outcome,Mixed Outcome,0.18857609103340908,0.048907453649385445,spec_im_attack_decision,Expands Expression,**,-0.371** (0.189)
mode_non_verbal_expression,-0.12293150914442355,Contracts Expression,Contracts Expression,0.27012536942906296,0.6490440797828234,spec_im_attack_decision,Expands Expression,,-0.123 (0.27)
mode_non_verbal_expression,0.26103825655450785,Mixed Outcome,Mixed Outcome,0.13856007500043793,0.059573688507141585,spec_im_attack_decision,Expands Expression,*,0.261* (0.139)
defendant_citizen,0.932210360363122,Contracts Expression,Contracts Expression,0.2821325435827692,0.0009526229662609417,spec_im_attack_decision,Expands Expression,***,0.932*** (0.282)
defendant_citizen,0.6200227072983789,Mixed Outcome,Mixed Outcome,0.15391231522740123,5.6154112546086374e-05,spec_im_attack_decision,Expands Expression,***,0.62*** (0.154)
defendant_press,0.8398041038482725,Contracts Expression,Contracts Expression,0.4626356477696124,0.06948392381783425,spec_im_attack_decision,Expands Expression,*,0.84* (0.463)
defendant_press,0.4834419880421081,Mixed Outcome,Mixed Outcome,0.3673409353218685,0.18815456595401803,spec_im_attack_decision,Expands Expression,,0.483 (0.367)
defendant_intermediary,1.287177465421619,Contracts Expression,Contracts Expression,0.40615187341727477,0.0015285794248631418,spec_im_attack_decision,Expands Expression,***,1.287*** (0.406)
defendant_intermediary,0.8491768135288472,Mixed Outcome,Mixed Outcome,0.5642257526728427,0.1323163052469904,spec_im_attack_decision,Expands Expression,,0.849 (0.564)
defendant_other,0.09421680791046379,Contracts Expression,Contracts Expression,0.520493703657234,0.8563563448856546,spec_im_attack_decision,Expands Expression,,0.094 (0.52)
defendant_other,0.5319808185347222,Mixed Outcome,Mixed Outcome,0.1706366357949855,0.0018231542458896244,spec_im_attack_decision,Expands Expression,***,0.532*** (0.171)
defendant_unclear,0.6137477637895635,Contracts Expression,Contracts Expression,0.25857398303219936,0.01761625733002896,spec_im_attack_decision,Expands Expression,**,0.614** (0.259)
defendant_unclear,-0.7721586729900861,Mixed Outcome,Mixed Outcome,0.3462374199646118,0.025738005650613942,spec_im_attack_decision,Expands Expression,**,-0.772** (0.346)
Intercept,1.801544499605645,Contracts Expression,Contracts Expression,0.6341108422293428,0.004496439657897449,spec_p_attack_decision,Expands Expression,***,1.802*** (0.634)
Intercept,-2.296454234702853,Mixed Outcome,Mixed Outcome,0.6252246523054316,0.00023971334912923414,spec_p_attack_decision,Expands Expression,***,-2.296*** (0.625)
wdj_press_lag1,0.8185771843788746,Contracts Expression,Contracts Expression,0.42699610232575796,0.05523029870988833,spec_p_attack_decision,Expands Expression,*,0.819* (0.427)
wdj_press_lag1,-0.7003528809712745,Mixed Outcome,Mixed Outcome,0.3730710568125051,0.06048191360094237,spec_p_attack_decision,Expands Expression,*,-0.7* (0.373)
v2jupoatck_lag1,0.1136647564926863,Contracts Expression,Contracts Expression,0.10675082495309017,0.28698137840217497,spec_p_attack_decision,Expands Expression,,0.114 (0.107)
v2jupoatck_lag1,-0.053458403668371866,Mixed Outcome,Mixed Outcome,0.08222689007864122,0.5156064015466753,spec_p_attack_decision,Expands Expression,,-0.053 (0.082)
v2x_polyarchy_lag1,-3.2673312194340367,Contracts Expression,Contracts Expression,1.0361936481954268,0.001614882357784337,spec_p_attack_decision,Expands Expression,***,-3.267*** (1.036)
v2x_polyarchy_lag1,2.6542751415311097,Mixed Outcome,Mixed Outcome,0.8862210822619503,0.0027440118812330173,spec_p_attack_decision,Expands Expression,***,2.654*** (0.886)
v2jureview_lag1,-0.6647564901375905,Contracts Expression,Contracts Expression,0.3319644455195313,0.04523173141567696,spec_p_attack_decision,Expands Expression,**,-0.665** (0.332)
v2jureview_lag1,-0.35004706522368123,Mixed Outcome,Mixed Outcome,0.3630172286263796,0.3349099669154687,spec_p_attack_decision,Expands Expression,,-0.35 (0.363)
legal_common,1.5454638041304538,Contracts Expression,Contracts Expression,0.3351144392858981,3.99294260513769e-06,spec_p_attack_decision,Expands Expression,***,1.545*** (0.335)
legal_common,0.8614329069661874,Mixed Outcome,Mixed Outcome,0.3758102713488659,0.021894012417317574,spec_p_attack_decision,Expands Expression,**,0.861** (0.376)
legal_civil,0.042705817160416173,Contracts Expression,Contracts Expression,0.3280046490041804,0.8964091307778026,spec_p_attack_decision,Expands Expression,,0.043 (0.328)
legal_civil,0.16934262403981684,Mixed Outcome,Mixed Outcome,0.276458194356962,0.5401783366047579,spec_p_attack_decision,Expands Expression,,0.169 (0.276)
high_court,-0.4948033489144254,Contracts Expression,Contracts Expression,0.2652260085946742,0.0620985599678305,spec_p_attack_decision,Expands Expression,*,-0.495* (0.265)
high_court,0.09910725772581538,Mixed Outcome,Mixed Outcome,0.1527877695884759,0.5165584050875884,spec_p_attack_decision,Expands Expression,,0.099 (0.153)
j_ind_lag1,-0.15298713796520194,Contracts Expression,Contracts Expression,0.24989505570485535,0.5404017754909864,spec_p_attack_decision,Expands Expression,,-0.153 (0.25)
j_ind_lag1,-0.38169958882525623,Mixed Outcome,Mixed Outcome,0.1737109531470715,0.027997174113361865,spec_p_attack_decision,Expands Expression,**,-0.382** (0.174)
mode_press_newspapers,-0.9236047116762778,Contracts Expression,Contracts Expression,0.39260387099160216,0.018647165489948582,spec_p_attack_decision,Expands Expression,**,-0.924** (0.393)
mode_press_newspapers,-0.3102266100112938,Mixed Outcome,Mixed Outcome,0.32297173796299977,0.33678454238009303,spec_p_attack_decision,Expands Expression,,-0.31 (0.323)
mode_public_speech,0.32936245971773703,Contracts Expression,Contracts Expression,0.27781211621428525,0.2357967790759582,spec_p_attack_decision,Expands Expression,,0.329 (0.278)
mode_public_speech,0.05065661464312613,Mixed Outcome,Mixed Outcome,0.22223059151688498,0.8196880803574537,spec_p_attack_decision,Expands Expression,,0.051 (0.222)
mode_public_documents,-0.402072617241951,Contracts Expression,Contracts Expression,0.4202551407416437,0.33870124957814596,spec_p_attack_decision,Expands Expression,,-0.402 (0.42)
mode_public_documents,-0.676809201965565,Mixed Outcome,Mixed Outcome,0.5824792382032872,0.24525755303449226,spec_p_attack_decision,Expands Expression,,-0.677 (0.582)
mode_audio_visual_broadcasting,-0.4988775397313627,Contracts Expression,Contracts Expression,0.3800567257721204,0.18930439143038913,spec_p_attack_decision,Expands Expression,,-0.499 (0.38)
mode_audio_visual_broadcasting,0.10442123718028648,Mixed Outcome,Mixed Outcome,0.254366986206225,0.681428854417274,spec_p_attack_decision,Expands Expression,,0.104 (0.254)
mode_public_assembly,-0.18125952426074077,Contracts Expression,Contracts Expression,0.6298671807334755,0.773519587474513,spec_p_attack_decision,Expands Expression,,-0.181 (0.63)
mode_public_assembly,0.24129774546284294,Mixed Outcome,Mixed Outcome,0.5047675698836862,0.6326236300157054,spec_p_attack_decision,Expands Expression,,0.241 (0.505)
mode_written_speech,-0.34490808147480306,Contracts Expression,Contracts Expression,0.2599488374477745,0.18456471355882376,spec_p_attack_decision,Expands Expression,,-0.345 (0.26)
mode_written_speech,-0.34586938068517276,Mixed Outcome,Mixed Outcome,0.1813387069136732,0.05648027645743007,spec_p_attack_decision,Expands Expression,*,-0.346* (0.181)
mode_non_verbal_expression,-0.10139158169872678,Contracts Expression,Contracts Expression,0.25899782794513504,0.695445002954405,spec_p_attack_decision,Expands Expression,,-0.101 (0.259)
mode_non_verbal_expression,0.282172366842495,Mixed Outcome,Mixed Outcome,0.14471474502262133,0.05119373539811246,spec_p_attack_decision,Expands Expression,*,0.282* (0.145)
defendant_citizen,0.9263262342627342,Contracts Expression,Contracts Expression,0.27621457162647955,0.0007975397016237295,spec_p_attack_decision,Expands Expression,***,0.926*** (0.276)
defendant_citizen,0.5771906519426488,Mixed Outcome,Mixed Outcome,0.16864946399083072,0.0006206452717116695,spec_p_attack_decision,Expands Expression,***,0.577*** (0.169)
defendant_press,0.8102566428273795,Contracts Expression,Contracts Expression,0.4527032531147586,0.07348309930615148,spec_p_attack_decision,Expands Expression,*,0.81* (0.453)
defendant_press,0.47778251264908406,Mixed Outcome,Mixed Outcome,0.3539427986161144,0.17705247695252646,spec_p_attack_decision,Expands Expression,,0.478 (0.354)
defendant_intermediary,1.3012599350343645,Contracts Expression,Contracts Expression,0.4210533908046057,0.0019982870477009756,spec_p_attack_decision,Expands Expression,***,1.301*** (0.421)
defendant_intermediary,0.8110937199816664,Mixed Outcome,Mixed Outcome,0.5453856574634505,0.13696385018772994,spec_p_attack_decision,Expands Expression,,0.811 (0.545)
defendant_other,0.07657595587992143,Contracts Expression,Contracts Expression,0.5162411846160356,0.8820794347283467,spec_p_attack_decision,Expands Expression,,0.077 (0.516)
defendant_other,0.49573387831253796,Mixed Outcome,Mixed Outcome,0.16728834586332048,0.003043105818064622,spec_p_attack_decision,Expands Expression,***,0.496*** (0.167)
defendant_unclear,0.6042933532429797,Contracts Expression,Contracts Expression,0.2515880351355518,0.016309448416761265,spec_p_attack_decision,Expands Expression,**,0.604** (0.252)
defendant_unclear,-0.8016152752469177,Mixed Outcome,Mixed Outcome,0.3881592998160956,0.03890683659911399,spec_p_attack_decision,Expands Expression,**,-0.802** (0.388)
Intercept,1.650648569944539,Contracts Expression,Contracts Expression,0.6530006144366968,0.011478291157520809,spec_govprot_attack_decision,Expands Expression,**,1.651** (0.653)
Intercept,-2.1744342992253496,Mixed Outcome,Mixed Outcome,0.6270221441676694,0.0005245916136744647,spec_govprot_attack_decision,Expands Expression,***,-2.174*** (0.627)
wdj_govprot_lag1,0.27009901219014765,Contracts Expression,Contracts Expression,0.2623680906112134,0.3032607784945903,spec_govprot_attack_decision,Expands Expression,,0.27 (0.262)
wdj_govprot_lag1,-0.1266383312256445,Mixed Outcome,Mixed Outcome,0.2160339566693658,0.5577435296004072,spec_govprot_attack_decision,Expands Expression,,-0.127 (0.216)
v2jupoatck_lag1,0.16123082093281557,Contracts Expression,Contracts Expression,0.09874854063642417,0.10252341667732856,spec_govprot_attack_decision,Expands Expression,,0.161 (0.099)
v2jupoatck_lag1,-0.09094260621116461,Mixed Outcome,Mixed Outcome,0.09307617781486885,0.3285309609603201,spec_govprot_attack_decision,Expands Expression,,-0.091 (0.093)
v2x_polyarchy_lag1,-3.0331611237037297,Contracts Expression,Contracts Expression,1.0228138863393792,0.00302185059964719,spec_govprot_attack_decision,Expands Expression,***,-3.033*** (1.023)
v2x_polyarchy_lag1,2.435775331619559,Mixed Outcome,Mixed Outcome,0.9357562246802513,0.009241141251663688,spec_govprot_attack_decision,Expands Expression,***,2.436*** (0.936)
v2jureview_lag1,-0.6195422359763728,Contracts Expression,Contracts Expression,0.3299767871688083,0.06044510836037074,spec_govprot_attack_decision,Expands Expression,*,-0.62* (0.33)
v2jureview_lag1,-0.36563693334599984,Mixed Outcome,Mixed Outcome,0.35390562199649883,0.3015345801511523,spec_govprot_attack_decision,Expands Expression,,-0.366 (0.354)
legal_common,1.362198806354672,Contracts Expression,Contracts Expression,0.34239881685507023,6.938113117302081e-05,spec_govprot_attack_decision,Expands Expression,***,1.362*** (0.342)
legal_common,0.9450597771157851,Mixed Outcome,Mixed Outcome,0.3784486985737801,0.012518049124171182,spec_govprot_attack_decision,Expands Expression,**,0.945** (0.378)
legal_civil,0.07584691993570492,Contracts Expression,Contracts Expression,0.31864032676187315,0.8118554822496116,spec_govprot_attack_decision,Expands Expression,,0.076 (0.319)
legal_civil,0.1068234629756622,Mixed Outcome,Mixed Outcome,0.27725269086158527,0.7000205022597414,spec_govprot_attack_decision,Expands Expression,,0.107 (0.277)
high_court,-0.46229604977654654,Contracts Expression,Contracts Expression,0.2615618812798897,0.07715385354021959,spec_govprot_attack_decision,Expands Expression,*,-0.462* (0.262)
high_court,0.08141677639480832,Mixed Outcome,Mixed Outcome,0.14594580218193612,0.576942555535654,spec_govprot_attack_decision,Expands Expression,,0.081 (0.146)
j_ind_lag1,-0.19967289804903562,Contracts Expression,Contracts Expression,0.2692005005225735,0.4582536166131803,spec_govprot_attack_decision,Expands Expression,,-0.2 (0.269)
j_ind_lag1,-0.3422230695811777,Mixed Outcome,Mixed Outcome,0.19683644572468278,0.0821022625955669,spec_govprot_attack_decision,Expands Expression,*,-0.342* (0.197)
mode_press_newspapers,-0.9129230832876598,Contracts Expression,Contracts Expression,0.3988932148297179,0.022100260870996122,spec_govprot_attack_decision,Expands Expression,**,-0.913** (0.399)
mode_press_newspapers,-0.3184572169847666,Mixed Outcome,Mixed Outcome,0.3179637964463893,0.31656010364430553,spec_govprot_attack_decision,Expands Expression,,-0.318 (0.318)
mode_public_speech,0.3177351988559684,Contracts Expression,Contracts Expression,0.2932648325796602,0.27861264174059563,spec_govprot_attack_decision,Expands Expression,,0.318 (0.293)
mode_public_speech,0.056137142977658205,Mixed Outcome,Mixed Outcome,0.21426405045358082,0.7933215797882753,spec_govprot_attack_decision,Expands Expression,,0.056 (0.214)
mode_public_documents,-0.3504979828618791,Contracts Expression,Contracts Expression,0.40222913266799154,0.38354186970632764,spec_govprot_attack_decision,Expands Expression,,-0.35 (0.402)
mode_public_documents,-0.7204125119812546,Mixed Outcome,Mixed Outcome,0.5776103611784069,0.21231346696207976,spec_govprot_attack_decision,Expands Expression,,-0.72 (0.578)
mode_audio_visual_broadcasting,-0.4750880923079105,Contracts Expression,Contracts Expression,0.3762751983562413,0.20673007550411882,spec_govprot_attack_decision,Expands Expression,,-0.475 (0.376)
mode_audio_visual_broadcasting,0.06403567739875701,Mixed Outcome,Mixed Outcome,0.23746798214461123,0.7874216374941243,spec_govprot_attack_decision,Expands Expression,,0.064 (0.237)
mode_public_assembly,-0.20690089192889136,Contracts Expression,Contracts Expression,0.6408374476759967,0.7468011364728877,spec_govprot_attack_decision,Expands Expression,,-0.207 (0.641)
mode_public_assembly,0.24732898579203524,Mixed Outcome,Mixed Outcome,0.4901735883070209,0.6138578778377948,spec_govprot_attack_decision,Expands Expression,,0.247 (0.49)
mode_written_speech,-0.316684689981216,Contracts Expression,Contracts Expression,0.2535415742494496,0.21164882540992325,spec_govprot_attack_decision,Expands Expression,,-0.317 (0.254)
mode_written_speech,-0.3802550640614851,Mixed Outcome,Mixed Outcome,0.19523576642231727,0.051454327740589605,spec_govprot_attack_decision,Expands Expression,*,-0.38* (0.195)
mode_non_verbal_expression,-0.09437673671775534,Contracts Expression,Contracts Expression,0.2694710329260432,0.7261663812723118,spec_govprot_attack_decision,Expands Expression,,-0.094 (0.269)
mode_non_verbal_expression,0.27348264318878357,Mixed Outcome,Mixed Outcome,0.1450391788241839,0.059351882961472625,spec_govprot_attack_decision,Expands Expression,*,0.273* (0.145)
defendant_citizen,0.9249135528927379,Contracts Expression,Contracts Expression,0.27175086767199064,0.0006651992313316083,spec_govprot_attack_decision,Expands Expression,***,0.925*** (0.272)
defendant_citizen,0.598742172259599,Mixed Outcome,Mixed Outcome,0.15724580813101197,0.00014027499357067283,spec_govprot_attack_decision,Expands Expression,***,0.599*** (0.157)
defendant_press,0.8135377687875527,Contracts Expression,Contracts Expression,0.45712896971087713,0.07513032131542915,spec_govprot_attack_decision,Expands Expression,*,0.814* (0.457)
defendant_press,0.47278280826570623,Mixed Outcome,Mixed Outcome,0.3556008441665584,0.18367241672597312,spec_govprot_attack_decision,Expands Expression,,0.473 (0.356)
defendant_intermediary,1.250282541451295,Contracts Expression,Contracts Expression,0.414578358820721,0.002563081126698458,spec_govprot_attack_decision,Expands Expression,***,1.25*** (0.415)
defendant_intermediary,0.8495175851096962,Mixed Outcome,Mixed Outcome,0.5680086863672666,0.13475618161371006,spec_govprot_attack_decision,Expands Expression,,0.85 (0.568)
defendant_other,0.05116909273995748,Contracts Expression,Contracts Expression,0.5092747490628686,0.919967677925,spec_govprot_attack_decision,Expands Expression,,0.051 (0.509)
defendant_other,0.5181662683141154,Mixed Outcome,Mixed Outcome,0.1664711107384774,0.0018541589402397368,spec_govprot_attack_decision,Expands Expression,***,0.518*** (0.166)
defendant_unclear,0.6258715316537711,Contracts Expression,Contracts Expression,0.25901907506752503,0.015678515253806785,spec_govprot_attack_decision,Expands Expression,**,0.626** (0.259)
defendant_unclear,-0.7997089909735302,Mixed Outcome,Mixed Outcome,0.37668391534457807,0.03375184115832288,spec_govprot_attack_decision,Expands Expression,**,-0.8** (0.377)
