model,predictor,grid_value,outcome,outcome_code_stata,probability,lower,upper,se_probability,N,sample
full2_reduced,court_independence_lag1,-2.684999942779541,Mixed Outcome,2,0.19937279927971643,0.058437090170087115,0.4997880996785332,0.1131531129686,193,autocracy
full2_reduced,court_independence_lag1,-2.684999942779541,Contracts Expression,1,0.7115644918448201,0.46612911181082656,0.8745366413692046,0.1087674979952417,193,autocracy
full2_reduced,court_independence_lag1,-2.684999942779541,Expands Expression,3,0.08906270887546307,0.03315502677686962,0.21798922828364647,0.04336881722663929,193,autocracy
full2_reduced,court_independence_lag1,-2.593139944076538,Mixed Outcome,2,0.1959523431755051,0.059453612900944634,0.48442765218239725,0.10848003431447978,193,autocracy
full2_reduced,court_independence_lag1,-2.593139944076538,Contracts Expression,1,0.7096483602515609,0.4746081472230751,0.8686424437839803,0.10463747037893908,193,autocracy
full2_reduced,court_independence_lag1,-2.593139944076538,Expands Expression,3,0.09439929657293412,0.03637194698699146,0.2235283062128374,0.04430817834959089,193,autocracy
full2_reduced,court_independence_lag1,-2.5012799453735353,Mixed Outcome,2,0.19245995426457255,0.06044617331714538,0.46890088457221724,0.10384307572466878,193,autocracy
full2_reduced,court_independence_lag1,-2.5012799453735353,Contracts Expression,1,0.7075053566826582,0.48258878152179474,0.8625070571892546,0.10061891961037206,193,autocracy
full2_reduced,court_independence_lag1,-2.5012799453735353,Expands Expression,3,0.10003468905276894,0.039909318181057356,0.2291246514671715,0.04517908403507338,193,autocracy
full2_reduced,court_independence_lag1,-2.4094199466705324,Mixed Outcome,2,0.18889517234949346,0.06141207855681187,0.4532271115918673,0.09924409268087979,193,autocracy
full2_reduced,court_independence_lag1,-2.4094199466705324,Contracts Expression,1,0.705125309249232,0.4900369167285373,0.8561294546469347,0.09671623921826908,193,autocracy
full2_reduced,court_independence_lag1,-2.4094199466705324,Expands Expression,3,0.10597951840127462,0.043794624185583206,0.23478187712590998,0.04597186892337154,193,autocracy
full2_reduced,court_independence_lag1,-2.3175599479675295,Mixed Outcome,2,0.18525796178798282,0.06234854442969169,0.4374280906285218,0.09468539228807814,193,autocracy
full2_reduced,court_independence_lag1,-2.3175599479675295,Contracts Expression,1,0.7024980344066811,0.4969216529928123,0.8495092342393552,0.09293340537558789,193,autocracy
full2_reduced,court_independence_lag1,-2.3175599479675295,Expands Expression,3,0.11224400380533582,0.04805652894838711,0.2405044283542461,0.04667683695094155,193,autocracy
full2_reduced,court_independence_lag1,-2.225699949264526,Mixed Outcome,2,0.1815487543572621,0.06325265781845157,0.42152829428642036,0.0901698054586327,193,autocracy
full2_reduced,court_independence_lag1,-2.225699949264526,Contracts Expression,1,0.6996133995782594,0.5032156351327567,0.8426464709024347,0.08927385974371281,193,autocracy
full2_reduced,court_independence_lag1,-2.225699949264526,Expands Expression,3,0.11883784606447785,0.05272465168092214,0.24629764527129283,0.04728441609676691,193,autocracy
full2_reduced,court_independence_lag1,-2.1338399505615233,Mixed Outcome,2,0.17776848980388266,0.06412132425794637,0.40555517814821684,0.08570076385676839,193,autocracy
full2_reduced,court_independence_lag1,-2.1338399505615233,Contracts Expression,1,0.6964613916151419,0.5088953289044887,0.835541536332562,0.08574039610056446,193,autocracy
full2_reduced,court_independence_lag1,-2.1338399505615233,Expands Expression,3,0.1257701185809761,0.05782926876753302,0.2521678376160454,0.047785336428867564,193,autocracy
full2_reduced,court_independence_lag1,-2.0419799518585204,Mixed Outcome,2,0.1739186529048155,0.06495119770698411,0.3895394309651266,0.08128238097015157,193,autocracy
full2_reduced,court_independence_lag1,-2.0419799518585204,Contracts Expression,1,0.693032190683186,0.5139412118088514,0.828194900328674,0.08233505916204872,193,autocracy
full2_reduced,court_independence_lag1,-2.0419799518585204,Expands Expression,3,0.1330491564119982,0.06340093312744796,0.258122372796941,0.04817083143045855,193,autocracy
full2_reduced,court_independence_lag1,-1.9501199531555176,Mixed Outcome,2,0.17000130582395123,0.06573858899838741,0.3735151934002256,0.07691953679239497,193,autocracy
full2_reduced,court_independence_lag1,-1.9501199531555176,Contracts Expression,1,0.6893162490263225,0.5183378632925344,0.8206069327475708,0.07905906560586318,193,autocracy
full2_reduced,court_independence_lag1,-1.9501199531555176,Expands Expression,3,0.14068244514972564,0.0694700018830165,0.2641697805428246,0.04843286250862573,193,autocracy
full2_reduced,court_independence_lag1,-1.8582599544525147,Mixed Outcome,2,0.1660191145448033,0.06647934883327626,0.35752023106378444,0.07261796579757465,193,autocracy
full2_reduced,court_independence_lag1,-1.8582599544525147,Contracts Expression,1,0.6853043739184556,0.5220739388481308,0.8127777312860969,0.07591275896658053,193,autocracy
full2_reduced,court_independence_lag1,-1.8582599544525147,Expands Expression,3,0.14867651153674127,0.07606606341329948,0.2703198797055462,0.048564366833431405,193,autocracy
full2_reduced,court_independence_lag1,-1.7663999557495118,Mixed Outcome,2,0.16197536820003672,0.06716872031847182,0.34159604873719107,0.06838434835294113,193,autocracy
full2_reduced,court_independence_lag1,-1.7663999557495118,Contracts Expression,1,0.6809878139842125,0.5251420135674181,0.8047070050629064,0.07289561089551184,193,autocracy
full2_reduced,court_independence_lag1,-1.7663999557495118,Expands Expression,3,0.15703681781575088,0.08321725538803776,0.2765839348289255,0.048559528991361164,193,autocracy
full2_reduced,court_independence_lag1,-1.6745399570465087,Mixed Outcome,2,0.15787399020489726,0.06780115508413033,0.3257879349914635,0.06422640626516744,193,autocracy
full2_reduced,court_independence_lag1,-1.6745399570465087,Contracts Expression,1,0.6763583479480326,0.5275382820188965,0.7963940474991151,0.07000628164138196,193,autocracy
full2_reduced,court_independence_lag1,-1.6745399570465087,Expands Expression,3,0.16576766184707023,0.09094946581188575,0.28297485297219005,0.048414077730788097,193,autocracy
full2_reduced,court_independence_lag1,-1.5826799583435058,Mixed Outcome,2,0.15371954023622658,0.06837008573041181,0.3101449310163778,0.06015300408562038,193,autocracy
full2_reduced,court_independence_lag1,-1.5826799583435058,Contracts Expression,1,0.6714083747655681,0.5292621046481893,0.7878378327467257,0.06724275165011069,193,autocracy
full2_reduced,court_independence_lag1,-1.5826799583435058,Expands Expression,3,0.1748720849982056,0.099285409305859,0.28950743485013236,0.048125610378202933,193,autocracy
full2_reduced,court_independence_lag1,-1.490819959640503,Mixed Outcome,2,0.14951720628084664,0.06886764620290597,0.29471972307580985,0.05617425865520524,193,autocracy
full2_reduced,court_independence_lag1,-1.490819959640503,Contracts Expression,1,0.6661310040057966,0.5303153942435869,0.7790372686832792,0.06460253471835803,193,autocracy
full2_reduced,court_independence_lag1,-1.490819959640503,Expands Expression,3,0.1843517897133567,0.10824357146506741,0.2961986967715423,0.04769394868919351,193,autocracy
full2_reduced,court_independence_lag1,-1.3989599609374999,Mixed Outcome,2,0.14527278620340764,0.06928433073193455,0.2795684653295724,0.05230166031379239,193,autocracy
full2_reduced,court_independence_lag1,-1.3989599609374999,Contracts Expression,1,0.6605201452907435,0.5307018425896245,0.7699916339844146,0.06208297970573057,193,autocracy
full2_reduced,court_independence_lag1,-1.3989599609374999,Expands Expression,3,0.1942070685058486,0.11783701399547138,0.30306828417113,0.04712153196760044,193,autocracy
full2_reduced,court_independence_lag1,-1.307099962234497,Mixed Outcome,2,0.14099265854839135,0.0696085821736707,0.26475054702125284,0.048548209575641384,193,autocracy
full2_reduced,court_independence_lag1,-1.307099962234497,Contracts Expression,1,0.6545705955662331,0.5304259934690914,0.7607012192772392,0.05968166410377257,193,autocracy
full2_reduced,court_independence_lag1,-1.307099962234497,Expands Expression,3,0.20443674588537494,0.12807203403449002,0.3101389998164467,0.04641385484830646,193,autocracy
full2_reduced,court_independence_lag1,-1.215239963531494,Mixed Outcome,2,0.13668374258523672,0.06982630353015287,0.2503283233279361,0.0449285720680203,193,autocracy
full2_reduced,court_independence_lag1,-1.215239963531494,Contracts Expression,1,0.6482781229744207,0.5294921779326198,0.7511681800703325,0.057396876896192835,193,autocracy
full2_reduced,court_independence_lag1,-1.215239963531494,Expands Expression,3,0.21503813444034237,0.1389466726257196,0.31743747129159167,0.04557995841001237,193,autocracy
full2_reduced,court_independence_lag1,-1.1233799648284912,Mixed Outcome,2,0.13235344791854767,0.06992029501837925,0.23636682921238342,0.041459250654359014,193,autocracy
full2_reduced,court_independence_lag1,-1.1233799648284912,Contracts Expression,1,0.6416395461288442,0.5279033375205118,0.7413975945654547,0.055228181848215256,193,autocracy
full2_reduced,court_independence_lag1,-1.1233799648284912,Expands Expression,3,0.22600700595260756,0.15044907242662794,0.32499497929145843,0.0446329825502218,193,autocracy
full2_reduced,court_independence_lag1,-1.0315199661254884,Mixed Outcome,2,0.12800961430410399,0.06986963909361468,0.22293348318405368,0.03815876373887754,193,autocracy
full2_reduced,court_independence_lag1,-1.0315199661254884,Contracts Expression,1,0.6346528076555862,0.5256597750617067,0.7313986997727293,0.05317704379393843,193,autocracy
full2_reduced,court_independence_lag1,-1.0315199661254884,Expands Expression,3,0.23733757804031,0.16255569595073496,0.3328484589894737,0.04359078366639202,193,autocracy
full2_reduced,court_independence_lag1,-0.9396599674224853,Mixed Outcome,2,0.12366044262186593,0.06964909582999287,0.2100977546331765,0.03504779857409554,193,autocracy
full2_reduced,court_independence_lag1,-0.9396599674224853,Contracts Expression,1,0.6273170409584282,0.5227578917128564,0.7211862536414305,0.05124748921956408,193,autocracy
full2_reduced,court_independence_lag1,-0.9396599674224853,Expands Expression,3,0.24902251641970616,0.17522944159313386,0.34104166066505154,0.04247660966832328,193,autocracy
full2_reduced,court_independence_lag1,-0.8477999687194824,Mixed Outcome,2,0.11931441824483698,0.06922864460770946,0.1979306989017856,0.03214927073452531,193,autocracy
full2_reduced,court_independence_lag1,-0.8477999687194824,Contracts Expression,1,0.6196326292883431,0.5191889937299341,0.7107819385508851,0.049446758165291725,193,autocracy
full2_reduced,court_independence_lag1,-0.8477999687194824,Expands Expression,3,0.2610529524668203,0.18841774297908412,0.34962640761663866,0.041319800838006744,193,autocracy
full2_reduced,court_independence_lag1,-0.7559399700164795,Mixed Outcome,2,0.11498022829366478,0.06857342875098817,0.1865041453228539,0.029488159093511573,193,autocracy
full2_reduced,court_independence_lag1,-0.7559399700164795,Contracts Expression,1,0.6116012563432004,0.5149382886539217,0.7002156781085728,0.047785884578611215,193,autocracy
full2_reduced,court_independence_lag1,-0.7559399700164795,Expands Expression,3,0.27341851536313494,0.20205082517719392,0.35866379926819575,0.04015644047873405,193,autocracy
full2_reduced,court_independence_lag1,-0.6640799713134764,Mixed Outcome,2,0.11066667446892169,0.06764453066616706,0.1758891508405603,0.027090898121270898,193,autocracy
full2_reduced,court_independence_lag1,-0.6640799713134764,Contracts Expression,1,0.6032259477853996,0.5099842376654553,0.689526685234501,0.046280116975636984,193,autocracy
full2_reduced,court_independence_lag1,-0.6640799713134764,Expands Expression,3,0.2861073777456785,0.21604043084820448,0.36822506577669634,0.039029808140113316,193,autocracy
full2_reduced,court_independence_lag1,-0.5722199726104735,Mixed Outcome,2,0.10638258329621743,0.06640118451467382,0.16615314793206362,0.024984018135314878,193,autocracy
full2_reduced,court_independence_lag1,-0.5722199726104735,Contracts Expression,1,0.5945111032353283,0.5042984841181033,0.6787640000326672,0.044949063014929486,193,autocracy
full2_reduced,court_independence_lag1,-0.5722199726104735,Expands Expression,3,0.2991063134684546,0.2302795264804292,0.378391579756936,0.03799038684505081,193,autocracy
full2_reduced,court_independence_lag1,-0.48035997390747065,Mixed Outcome,2,0.10213671569691363,0.0648050829588883,0.1573551586327782,0.023191701009074937,193,autocracy
full2_reduced,court_independence_lag1,-0.48035997390747065,Contracts Expression,1,0.5854625184681316,0.49784662316703754,0.6679862259317609,0.04381641774176483,193,autocracy
full2_reduced,court_independence_lag1,-0.48035997390747065,Expands Expression,3,0.31240076583495535,0.24464371802104973,0.3892533077026118,0.03709506237275518,193,autocracy
full2_reduced,court_independence_lag1,-0.3884999752044678,Mixed Outcome,2,0.0979376778060809,0.06282708383192293,0.14953878787781824,0.021732103377392117,193,autocracy
full2_reduced,court_independence_lag1,-0.3884999752044678,Contracts Expression,1,0.5760873977014487,0.4905900859364596,0.6572601605697471,0.04290913003737277,193,autocracy
full2_reduced,court_independence_lag1,-0.3884999752044678,Expands Expression,3,0.32597492449247084,0.25899523517753953,0.4009048495437606,0.03640508364649623,193,autocracy
full2_reduced,court_independence_lag1,-0.2966399765014649,Mixed Outcome,2,0.09379383490002267,0.0604555950359448,0.1427237262760804,0.020612833710319415,193,autocracy
full2_reduced,court_independence_lag1,-0.2966399765014649,Contracts Expression,1,0.5663943560037952,0.48248933390574716,0.6466580932974324,0.042255900403365215,193,autocracy
full2_reduced,court_independence_lag1,-0.2966399765014649,Expands Expression,3,0.33981180909618197,0.2731901730224614,0.41343838074783673,0.03598243593097262,193,autocracy
full2_reduced,court_independence_lag1,-0.20477997779846202,Mixed Outcome,2,0.08971323017241097,0.05770435072062012,0.13689804712562947,0.01982678113598604,193,autocracy
full2_reduced,court_independence_lag1,-0.20477997779846202,Contracts Expression,1,0.5563934119701542,0.47350835470840624,0.6362537451741616,0.04188500622915603,193,autocracy
full2_reduced,court_independence_lag1,-0.20477997779846202,Expands Expression,3,0.3538933578574346,0.2870889591773739,0.4269335277396358,0.03588463993544484,193,autocracy
full2_reduced,court_independence_lag1,-0.1129199790954587,Mixed Outcome,2,0.08570350991822344,0.054616200205776004,0.13201466383274418,0.019350059882697633,193,autocracy
full2_reduced,court_independence_lag1,-0.1129199790954587,Contracts Expression,1,0.5460959708974198,0.46362011267475145,0.6261171663769227,0.04182162149643156,193,autocracy
full2_reduced,court_independence_lag1,-0.1129199790954587,Expands Expression,3,0.3682005191843567,0.30056871109945643,0.44144550692759477,0.036158647298266754,193,autocracy
full2_reduced,court_independence_lag1,-0.021059980392455824,Mixed Outcome,2,0.08177185645823949,0.0512603434844655,0.12799449331313767,0.019143414934899978,193,autocracy
full2_reduced,court_independence_lag1,-0.021059980392455824,Contracts Expression,1,0.5355147987448379,0.45281220869836464,0.616309307168438,0.042084999747198766,193,autocracy
full2_reduced,court_independence_lag1,-0.021059980392455824,Expands Expression,3,0.38271334479692243,0.3135347466324807,0.4569942557787279,0.03683521043727515,193,autocracy
full2_reduced,court_independence_lag1,0.07080001831054705,Mixed Outcome,2,0.07792492987565788,0.04772333187366828,0.12473597975819771,0.019156941975448632,193,autocracy
full2_reduced,court_independence_lag1,0.07080001831054705,Contracts Expression,1,0.5246639871830269,0.44109172314910033,0.606877263809452,0.0426860315284356,193,autocracy
full2_reduced,court_independence_lag1,0.07080001831054705,Expands Expression,3,0.39741108294131505,0.3259280002945459,0.47355779182764984,0.037925360620066274,193,autocracy
full2_reduced,court_independence_lag1,0.16266001701354993,Mixed Outcome,2,0.07416881935316304,0.04409711864318904,0.12212766309354005,0.0193364317976137,193,autocracy
full2_reduced,court_independence_lag1,0.16266001701354993,Contracts Expression,1,0.5135589100223831,0.42848823244589973,0.5978511891859907,0.043625679305462975,193,autocracy
full2_reduced,court_independence_lag1,0.16266001701354993,Expands Expression,3,0.4122722706244538,0.337726207066467,0.49107192392229926,0.03942006301471968,193,autocracy
full2_reduced,court_independence_lag1,0.2545200157165528,Mixed Outcome,2,0.07050900460643852,0.0404682216019629,0.12005969784643478,0.01962922954622083,193,autocracy
full2_reduced,court_independence_lag1,0.2545200157165528,Contracts Expression,1,0.5022161712729208,0.4150543858818504,0.5892434686889095,0.0448945930620865,193,autocracy
full2_reduced,court_independence_lag1,0.2545200157165528,Expands Expression,3,0.4272748241206411,0.3489390272020069,0.509436126057212,0.041292944342918435,193,autocracy
full2_reduced,court_independence_lag1,0.3463800144195557,Mixed Outcome,2,0.06695032762093416,0.036910529395791314,0.11843175917212459,0.019988272195008667,193,autocracy
full2_reduced,court_independence_lag1,0.3463800144195557,Contracts Expression,1,0.49065354503088915,0.40086405523629753,0.5810501432734347,0.046473894464729625,193,autocracy
full2_reduced,court_independence_lag1,0.3463800144195557,Expands Expression,3,0.4423961273481767,0.3595993647028021,0.5285233033773408,0.04350493718429013,193,autocracy
full2_reduced,court_independence_lag1,0.43824001312255856,Mixed Outcome,2,0.06349697462371746,0.03348213457831533,0.11715692410780366,0.02037407002575159,193,autocracy
full2_reduced,court_independence_lag1,0.43824001312255856,Contracts Expression,1,0.47888990732256265,0.3860086470994395,0.5732539922014736,0.04833682804975958,193,autocracy
full2_reduced,court_independence_lag1,0.43824001312255856,Expands Expression,3,0.4576131180537196,0.3697538113502998,0.5481904992506216,0.046009346626423454,193,autocracy
full2_reduced,court_independence_lag1,0.5301000118255614,Mixed Outcome,2,0.06015246797081461,0.03022522738647138,0.11616246925125692,0.020755098244267474,193,autocracy
full2_reduced,court_independence_lag1,0.5301000118255614,Contracts Expression,1,0.46694515997348107,0.37059245898816173,0.5658284049377587,0.05045083473149422,193,autocracy
full2_reduced,court_independence_lag1,0.5301000118255614,Expands Expression,3,0.47290237205570385,0.3794544501686842,0.5682882888119967,0.04875620579457333,193,autocracy
full2_reduced,court_independence_lag1,0.6219600105285643,Mixed Outcome,2,0.056919667409939874,0.027167759805024973,0.11538885508405729,0.02110724185641767,193,autocracy
full2_reduced,court_independence_lag1,0.6219600105285643,Contracts Expression,1,0.4548401465234227,0.35472791704391593,0.5587412227775918,0.05277962979322145,193,autocracy
full2_reduced,court_independence_lag1,0.6219600105285643,Expands Expression,3,0.4882401860666377,0.38875301409555013,0.5886678414783325,0.05169541983696434,193,autocracy
full2_reduced,court_independence_lag1,0.7138200092315676,Mixed Outcome,2,0.0538007799941923,0.024325844786694445,0.11478791715676089,0.02141281516293129,193,autocracy
full2_reduced,court_independence_lag1,0.7138200092315676,Contracts Expression,1,0.44259656018429266,0.33853127240466646,0.551957998712922,0.055285004377749886,193,autocracy
full2_reduced,court_independence_lag1,0.7138200092315676,Expands Expression,3,0.5036026598215149,0.3976973932470761,0.6091856360856196,0.05477870835310778,193,autocracy
full2_reduced,court_independence_lag1,0.8056800079345705,Mixed Outcome,2,0.050797377777286296,0.021706249554541153,0.11432089499642517,0.02165948154030776,193,autocracy
full2_reduced,court_independence_lag1,0.8056800079345705,Contracts Expression,1,0.43023684384919336,0.3221190294357891,0.5454444341271132,0.05792822725394381,193,autocracy
full2_reduced,court_independence_lag1,0.8056800079345705,Expands Expression,3,0.5189657783735198,0.40632998002067117,0.6297063156635389,0.057960611680717054,193,autocracy
full2_reduced,court_independence_lag1,0.8975400066375734,Mixed Outcome,2,0.047910422316358454,0.01930866118519239,0.11395661524627383,0.021839239624388725,193,autocracy
full2_reduced,court_independence_lag1,0.8975400066375734,Contracts Expression,1,0.4177840822131208,0.3056051438266913,0.5391679907423762,0.060671045263856416,193,autocracy
full2_reduced,court_independence_lag1,0.8975400066375734,Expands Expression,3,0.534305495470521,0.4146872370452519,0.6501042726141574,0.061198877833179885,193,autocracy
full2_reduced,court_independence_lag1,0.9894000053405763,Mixed Outcome,2,0.04514029494368723,0.017127603563442142,0.11366994828099258,0.02194754141091344,193,autocracy
full2_reduced,court_independence_lag1,0.9894000053405763,Contracts Expression,1,0.4052618861630365,0.28909889654564885,0.5330988114067601,0.06347634897359015,193,autocracy
full2_reduced,court_independence_lag1,0.9894000053405763,Expands Expression,3,0.5495978188932763,0.4227999726002849,0.6702644554459466,0.06445449450529057,193,autocracy
full2_reduced,court_independence_lag1,1.0812600040435791,Mixed Outcome,2,0.042486831741606036,0.01515399126404095,0.11344055451316087,0.021982554653210012,193,autocracy
full2_reduced,court_independence_lag1,1.0812600040435791,Contracts Expression,1,0.3926942697377999,0.2727033077879814,0.5272101260618947,0.06630859106451614,193,autocracy
full2_reduced,court_independence_lag1,1.0812600040435791,Expands Expression,3,0.5648188985205942,0.4306939622527361,0.6900827348893136,0.06769155070962543,193,autocracy
full2_reduced,court_independence_lag1,1.173120002746582,Mixed Outcome,2,0.039949362162045615,0.013376353783153454,0.11325189108734232,0.02194455810859294,193,autocracy
full2_reduced,court_independence_lag1,1.173120002746582,Contracts Expression,1,0.3801055201435088,0.25651396208925026,0.5214783113995144,0.06913404029438497,193,autocracy
full2_reduced,court_independence_lag1,1.173120002746582,Expands Expression,3,0.5799451176944452,0.43839069132152886,0.70946603285634,0.0708770423017859,193,autocracy
full2_reduced,court_independence_lag1,1.264980001449585,Mixed Outcome,2,0.037526750269105874,0.011781779713782508,0.11309043525140944,0.021835450171185346,193,autocracy
full2_reduced,court_independence_lag1,1.264980001449585,Contracts Expression,1,0.3675200615301029,0.24061814651698893,0.5158827389310129,0.07192093602602684,193,autocracy
full2_reduced,court_independence_lag1,1.264980001449585,Expands Expression,3,0.594953188200791,0.4459080937067129,0.7283323194291033,0.07398068328539836,193,autocracy
full2_reduced,court_independence_lag1,1.3568400001525882,Mixed Outcome,2,0.03521743764480976,0.01035663153910774,0.11294508067346049,0.021658350813927963,193,autocracy
full2_reduced,court_independence_lag1,1.3568400001525882,Contracts Expression,1,0.3549623134804181,0.2250942360088179,0.5104055092911497,0.07463958900429843,193,autocracy
full2_reduced,court_independence_lag1,1.3568400001525882,Expands Expression,3,0.6098202488747717,0.453261224180396,0.7466105247396921,0.0769747526402531,193,autocracy
full2_reduced,court_independence_lag1,1.4486999988555906,Mixed Outcome,2,0.03301948707933724,0.009087076591732189,0.11280666862868143,0.021417279094425805,193,autocracy
full2_reduced,court_independence_lag1,1.4486999988555906,Contracts Expression,1,0.34245654542010645,0.21001128608690017,0.5050311380886413,0.07726245710399157,193,autocracy
full2_reduced,court_independence_lag1,1.4486999988555906,Expands Expression,3,0.6245239675005558,0.460462840857309,0.764240377576433,0.07983398554686622,193,autocracy
full2_reduced,court_independence_lag1,1.540559997558594,Mixed Outcome,2,0.030930626262128745,0.007959472757032708,0.11266762305256042,0.021116891590187682,193,autocracy
full2_reduced,court_independence_lag1,1.540559997558594,Contracts Expression,1,0.33002672841117997,0.19542881007013738,0.49974623446813543,0.07976421216885968,193,autocracy
full2_reduced,court_independence_lag1,1.540559997558594,Expands Expression,3,0.6390426453266913,0.4675238928345328,0.7811721689503892,0.08253550800836441,193,autocracy
full2_reduced,court_independence_lag1,1.6324199962615964,Mixed Outcome,2,0.02894829079399325,0.006960640613011188,0.1125216650620743,0.02076227008178314,193,autocracy
full2_reduced,court_independence_lag1,1.6324199962615964,Contracts Expression,1,0.3176963860272994,0.18139672753874087,0.4945391958018587,0.08212180488477445,193,autocracy
full2_reduced,court_independence_lag1,1.6324199962615964,Expands Expression,3,0.6533553231787074,0.47445391977869417,0.7973664328130508,0.0850588074698325,193,autocracy
full2_reduced,court_independence_lag1,1.7242799949645997,Mixed Outcome,2,0.02706966594788763,0.006078047603884035,0.11236358821166226,0.020358749303583588,193,autocracy
full2_reduced,court_independence_lag1,1.7242799949645997,Contracts Expression,1,0.3054884462100003,0.16795547406056213,0.4893999305033911,0.08431452882411826,193,autocracy
full2_reduced,court_independence_lag1,1.7242799949645997,Expands Expression,3,0.6674418878421121,0.48126137297485,0.8127935385904416,0.08738573037341169,193,autocracy
full2_reduced,court_independence_lag1,1.816139993667603,Mixed Outcome,2,0.02529172671300721,0.0052999247337581976,0.1121890801826761,0.01991177754910808,193,autocracy
full2_reduced,court_independence_lag1,1.816139993667603,Contracts Expression,1,0.2934250961571615,0.15513626148483287,0.4843196139361393,0.08632408139445594,193,autocracy
full2_reduced,court_independence_lag1,1.816139993667603,Expands Expression,3,0.6812831771298311,0.4879538698592466,0.8274331934205613,0.08950049630022708,193,autocracy
full2_reduced,court_independence_lag1,1.9079999923706055,Mixed Outcome,2,0.02361127575961896,0.00461533207025592,0.11199458011677205,0.019426804443133532,193,autocracy
full2_reduced,court_independence_lag1,1.9079999923706055,Contracts Expression,1,0.28152764238661027,0.1429614751951592,0.4792904786380114,0.0881346178141099,193,autocracy
full2_reduced,court_independence_lag1,1.9079999923706055,Expands Expression,3,0.6948610818537709,0.4945383921806384,0.8412738582113063,0.09138971940417473,193,autocracy
full2_reduced,v2jupurge_lag1,-2.7739999294281006,Mixed Outcome,2,0.06841364772033519,0.026770387043558445,0.16392499020099593,0.03193246400982685,193,autocracy
full2_reduced,v2jupurge_lag1,-2.7739999294281006,Contracts Expression,1,0.48165607639608604,0.2450771212974616,0.7267559491513705,0.13395890478804184,193,autocracy
full2_reduced,v2jupurge_lag1,-2.7739999294281006,Expands Expression,3,0.44993027588357903,0.2211572351902465,0.7020398543978728,0.13359601280210642,193,autocracy
full2_reduced,v2jupurge_lag1,-2.6679599285125732,Mixed Outcome,2,0.06907261944437652,0.027846312268345486,0.1612127241899729,0.031225902812682914,193,autocracy
full2_reduced,v2jupurge_lag1,-2.6679599285125732,Contracts Expression,1,0.48341092477075454,0.25282999668356076,0.721278870113498,0.12960379030717845,193,autocracy
full2_reduced,v2jupurge_lag1,-2.6679599285125732,Expands Expression,3,0.447516455784869,0.2253623930996312,0.6928047970277155,0.12917239698595698,193,autocracy
full2_reduced,v2jupurge_lag1,-2.561919927597046,Mixed Outcome,2,0.06973553606855559,0.02895474954524674,0.158573701043419,0.030513136081879874,193,autocracy
full2_reduced,v2jupurge_lag1,-2.561919927597046,Contracts Expression,1,0.48516089442848576,0.2607072492000568,0.715764512309251,0.1252645782128863,193,autocracy
full2_reduced,v2jupurge_lag1,-2.561919927597046,Expands Expression,3,0.4451035695029588,0.22960327203644765,0.6834351641297135,0.12476547352195809,193,autocracy
full2_reduced,v2jupurge_lag1,-2.4558799266815186,Mixed Outcome,2,0.07040238375172746,0.03009541928216427,0.15600945483054912,0.029795122641295264,193,autocracy
full2_reduced,v2jupurge_lag1,-2.4558799266815186,Contracts Expression,1,0.48690591027153307,0.26870259062285357,0.7102170427838512,0.120943040008155,193,autocracy
full2_reduced,v2jupurge_lag1,-2.4558799266815186,Expands Expression,3,0.44269170597673957,0.23387758635988096,0.6739387924950193,0.12037673800958713,193,autocracy
full2_reduced,v2jupurge_lag1,-2.349839925765991,Mixed Outcome,2,0.07107314803815834,0.031267821025408746,0.15352177099696218,0.02907295501458917,193,autocracy
full2_reduced,v2jupurge_lag1,-2.349839925765991,Contracts Expression,1,0.4886458975191988,0.2768089600915773,0.7046411041955429,0.11664115049194185,193,autocracy
full2_reduced,v2jupurge_lag1,-2.349839925765991,Expands Expression,3,0.44028095444264276,0.23818273549613514,0.6643242615823473,0.11600782901809509,193,autocracy
full2_reduced,v2jupurge_lag1,-2.243799924850464,Mixed Outcome,2,0.0717478138573686,0.032471195083530975,0.1511127252764497,0.028347878427189603,193,autocracy
full2_reduced,v2jupurge_lag1,-2.243799924850464,Contracts Expression,1,0.4903807817130315,0.28501845375710294,0.699041885593571,0.11236112438056682,193,autocracy
full2_reduced,v2jupurge_lag1,-2.243799924850464,Expands Expression,3,0.4378714044296006,0.24251575305605286,0.6546009343771182,0.11166055384272647,193,autocracy
full2_reduced,v2jupurge_lag1,-2.1377599239349365,Mixed Outcome,2,0.07242636552421844,0.033704478393342265,0.14878472821600675,0.02762131260619765,193,autocracy
full2_reduced,v2jupurge_lag1,-2.1377599239349365,Contracts Expression,1,0.49211048872210095,0.2933222415194029,0.6934252077829447,0.10810546048892011,193,autocracy
full2_reduced,v2jupurge_lag1,-2.1377599239349365,Expands Expression,3,0.4354631457536811,0.2468732450950866,0.6447790062824426,0.1073369198352328,193,autocracy
full2_reduced,v2jupurge_lag1,-2.031719923019409,Mixed Outcome,2,0.07310878673924211,0.03496625398465622,0.14654057590550787,0.026894876677937152,193,autocracy
full2_reduced,v2jupurge_lag1,-2.031719923019409,Contracts Expression,1,0.49383494474835127,0.30171046698369924,0.687797627217857,0.10387699553891586,193,autocracy
full2_reduced,v2jupurge_lag1,-2.031719923019409,Expands Expression,3,0.43305626851240653,0.2512513148246392,0.6348695647070453,0.10303917268152418,193,autocracy
full2_reduced,v2jupurge_lag1,-1.9256799221038818,Mixed Outcome,2,0.07379506058922752,0.0362546934198057,0.1443835075852772,0.02617041746789411,193,autocracy
full2_reduced,v2jupurge_lag1,-1.9256799221038818,Contracts Expression,1,0.4955540763320305,0.31017212631567886,0.6821665627726713,0.09967896981573426,193,autocracy
full2_reduced,v2jupurge_lag1,-1.9256799221038818,Expands Expression,3,0.4306508630787416,0.25564547009602234,0.6248846630806988,0.09876984353938055,193,autocracy
full2_reduced,v2jupurge_lag1,-1.8196399211883545,Mixed Outcome,2,0.07448516954804225,0.037567491767645386,0.14231727048995815,0.02545004138523041,193,autocracy
full2_reduced,v2jupurge_lag1,-1.8196399211883545,Contracts Expression,1,0.4972678103572028,0.31869492043680775,0.6765404509721711,0.09551510753978508,193,autocracy
full2_reduced,v2jupurge_lag1,-1.8196399211883545,Expands Expression,3,0.42824702009475474,0.2600505092119354,0.6148374137655813,0.09453180729693499,193,autocracy
full2_reduced,v2jupurge_lag1,-1.7135999202728271,Mixed Outcome,2,0.07517909547771169,0.03890179489899173,0.14034619220158945,0.02473614997948091,193,autocracy
full2_reduced,v2jupurge_lag1,-1.7135999202728271,Contracts Expression,1,0.49897607405734584,0.3272650730792424,0.670928937172727,0.09138971583901785,193,autocracy
full2_reduced,v2jupurge_lag1,-1.7135999202728271,Expands Expression,3,0.4258448304649427,0.26446037924937,0.6047421057410449,0.09032835492733213,193,autocracy
full2_reduced,v2jupurge_lag1,-1.6075599193572998,Mixed Outcome,2,0.07587681962974296,0.04025411940757276,0.13847526015723574,0.024031478966449183,193,autocracy
full2_reduced,v2jupurge_lag1,-1.6075599193572998,Contracts Expression,1,0.5006787950210331,0.3358671061888174,0.6653431111872445,0.0873078066636405,193,autocracy
full2_reduced,v2jupurge_lag1,-1.6075599193572998,Expands Expression,3,0.4234443853492239,0.2688679990252745,0.5946143550922807,0.086163284008564,193,autocracy
full2_reduced,v2jupurge_lag1,-1.5015199184417725,Mixed Outcome,2,0.07657832264670061,0.04162026622609129,0.13671020721717184,0.023339140127502475,193,autocracy
full2_reduced,v2jupurge_lag1,-1.5015199184417725,Contracts Expression,1,0.502375901197706,0.34448356094815014,0.6597957990572592,0.08327524771772586,193,autocracy
full2_reduced,v2jupurge_lag1,-1.5015199184417725,Expands Expression,3,0.4210457761555937,0.27326503704508953,0.5844712980395156,0.08204101232670936,193,autocracy
full2_reduced,v2jupurge_lag1,-1.3954799175262451,Mixed Outcome,2,0.07728358456403318,0.042995230137912704,0.1350576011489579,0.022662664918322865,193,autocracy
full2_reduced,v2jupurge_lag1,-1.3954799175262451,Contracts Expression,1,0.5040673209035333,0.3530946512162841,0.6543019241238964,0.07929894916372014,193,autocracy
full2_reduced,v2jupurge_lag1,-1.3954799175262451,Expands Expression,3,0.41864909453243315,0.27764163128591207,0.5743318398814907,0.0779667213440083,193,autocracy
full2_reduced,v2jupurge_lag1,-1.2894399166107178,Mixed Outcome,2,0.07799258481214796,0.04437310915736064,0.1335249339436635,0.022006047678591097,193,autocracy
full2_reduced,v2jupurge_lag1,-1.2894399166107178,Contracts Expression,1,0.5057529828273635,0.36167783231433265,0.6488789544013736,0.07538709492647247,193,autocracy
full2_reduced,v2jupurge_lag1,-1.2894399166107178,Expands Expression,3,0.4162544323604887,0.2819860341155264,0.5642169767454527,0.07394653809974737,193,autocracy
full2_reduced,v2jupurge_lag1,-1.1833999156951904,Mixed Outcome,2,0.07870530221873727,0.045747019981629514,0.13212070485939104,0.021373785231973922,193,autocracy
full2_reduced,v2jupurge_lag1,-1.1833999156951904,Contracts Expression,1,0.507432816036767,0.37020726658462894,0.643547454741748,0.07154942815507641,193,autocracy
full2_reduced,v2jupurge_lag1,-1.1833999156951904,Expands Expression,3,0.4138618817444956,0.28628416111861027,0.5541502115451524,0.06998776642524036,193,autocracy
full2_reduced,v2jupurge_lag1,-1.077359914779663,Mixed Outcome,2,0.07942171501135542,0.04710902883939521,0.13085448777609288,0.020770908031908033,193,autocracy
full2_reduced,v2jupurge_lag1,-1.077359914779663,Contracts Expression,1,0.5091067499841747,0.37865316443365943,0.6383317649716852,0.06779760189958695,193,autocracy
full2_reduced,v2jupurge_lag1,-1.077359914779663,Expands Expression,3,0.4114715350044698,0.29051901623380066,0.5441580920912198,0.06609918170858083,193,autocracy
full2_reduced,v2jupurge_lag1,-0.9713199138641357,Mixed Outcome,2,0.08014180082024447,0.04845011066149398,0.12973696995140493,0.020202996195206394,193,autocracy
full2_reduced,v2jupurge_lag1,-0.9713199138641357,Contracts Expression,1,0.5107747145131077,0.3869809821192323,0.6332608226292624,0.0641456047686877,193,autocracy
full2_reduced,v2jupurge_lag1,-0.9713199138641357,Expands Expression,3,0.40908348466664773,0.29466996020669917,0.534270904536386,0.062291406152664576,193,autocracy
full2_reduced,v2jupurge_lag1,-0.8652799129486084,Mixed Outcome,2,0.08086553668140863,0.04976015342811257,0.1287799453353782,0.019676171772152605,193,autocracy
full2_reduced,v2jupurge_lag1,-0.8652799129486084,Contracts Expression,1,0.512436639864506,0.3951504631577543,0.628369143276546,0.06061026863639426,193,autocracy
full2_reduced,v2jupurge_lag1,-0.8652799129486084,Expands Expression,3,0.4066978234540852,0.2987117831330148,0.5245235617281429,0.05857738478364045,193,autocracy
full2_reduced,v2jupurge_lag1,-0.759239912033081,Mixed Outcome,2,0.0815928990399399,0.05102802804068217,0.12799624205649007,0.019197056833701803,193,autocracy
full2_reduced,v2jupurge_lag1,-0.759239912033081,Contracts Expression,1,0.5140924566831463,0.403114530484935,0.6236979511135736,0.05721185521190555,193,autocracy
full2_reduced,v2jupurge_lag1,-0.759239912033081,Expands Expression,3,0.40431464427691416,0.30261354023483417,0.51495672759589,0.054972983348680386,193,autocracy
full2_reduced,v2jupurge_lag1,-0.6531999111175537,Mixed Outcome,2,0.08232386375358776,0.05224174571433775,0.12739956208686093,0.018772686168915684,193,autocracy
full2_reduced,v2jupurge_lag1,-0.6531999111175537,Contracts Expression,1,0.5157420960241611,0.41081807505837387,0.6192964140360225,0.05397469883321377,193,autocracy
full2_reduced,v2jupurge_lag1,-0.6531999111175537,Expands Expression,3,0.40193404022225143,0.30633711721260276,0.5056182115996002,0.0514977257385646,193,autocracy
full2_reduced,v2jupurge_lag1,-0.5471599102020264,Mixed Outcome,2,0.08305840609657747,0.05338872290127274,0.12700421306732343,0.018410364463702353,193,autocracy
full2_reduced,v2jupurge_lag1,-0.5471599102020264,Contracts Expression,1,0.517385489359652,0.41819676070270495,0.6152228631632245,0.050927845227463846,193,autocracy
full2_reduced,v2jupurge_lag1,-0.5471599102020264,Expands Expression,3,0.39955610454377005,0.3098355215647748,0.49656463712764576,0.048175673380140116,193,autocracy
full2_reduced,v2jupurge_lag1,-0.441119909286499,Mixed Outcome,2,0.08379650076367501,0.0544561659582329,0.12682472007807347,0.018117461903754198,193,autocracy
full2_reduced,v2jupurge_lag1,-0.441119909286499,Contracts Expression,1,0.5190225685853981,0.4251760881060069,0.6115457537404145,0.04810556338875485,193,autocracy
full2_reduced,v2jupurge_lag1,-0.441119909286499,Expands Expression,3,0.39718093065092747,0.31305096965448187,0.4878633143788641,0.0450364118568762,193,autocracy
full2_reduced,v2jupurge_lag1,-0.3350799083709717,Mixed Outcome,2,0.08453812187449342,0.05543157261856302,0.12687532027532744,0.01790114998304094,193,autocracy
full2_reduced,v2jupurge_lag1,-0.3350799083709717,Contracts Expression,1,0.5206532660276549,0.43167114366152787,0.6083439415334825,0.045547514588748825,193,autocracy
full2_reduced,v2jupurge_lag1,-0.3350799083709717,Expands Expression,3,0.3948086120978514,0.3159129913450567,0.4795940963036662,0.0421160327582053,193,autocracy
full2_reduced,v2jupurge_lag1,-0.22903990745544434,Mixed Outcome,2,0.08528324297804325,0.05630332503924169,0.12716936562463668,0.017768090792298175,193,autocracy
full2_reduced,v2jupurge_lag1,-0.22903990745544434,Contracts Expression,1,0.5222775144500593,0.4375876815682577,0.6057056261111307,0.04329824878231401,193,autocracy
full2_reduced,v2jupurge_lag1,-0.22903990745544434,Expands Expression,3,0.3924392425718975,0.31833705074703855,0.47185071928821926,0.039457857784579824,193,autocracy
full2_reduced,v2jupurge_lag1,-0.12299990653991699,Mixed Outcome,2,0.0860318370575256,0.05706132327067718,0.12771868488547408,0.017724106384785974,193,autocracy
full2_reduced,v2jupurge_lag1,-0.12299990653991699,Contracts Expression,1,0.523895247060615,0.44282536307550935,0.6037251369221571,0.0414056085009047,193,autocracy
full2_reduced,v2jupurge_lag1,-0.12299990653991699,Expands Expression,3,0.3900729158818596,0.3202246044704126,0.4647407075651985,0.03711243654929484,193,autocracy
full2_reduced,v2jupurge_lag1,-0.01695990562438965,Mixed Outcome,2,0.08678387653536138,0.05769758549668467,0.12853297848627754,0.017773866338601393,193,autocracy
full2_reduced,v2jupurge_lag1,-0.01695990562438965,Contracts Expression,1,0.5255063975187808,0.4472839117904584,0.6024968030685532,0.039917651963404625,193,autocracy
full2_reduced,v2jupurge_lag1,-0.01695990562438965,Expands Expression,3,0.38770972594585734,0.3214660143434404,0.45838242463515316,0.035136096213660886,193,autocracy
full2_reduced,v2jupurge_lag1,0.0890800952911377,Mixed Outcome,2,0.08753933327846009,0.05820673125702897,0.12961933008655285,0.017920636776799687,193,autocracy
full2_reduced,v2jupurge_lag1,0.0890800952911377,Contracts Expression,1,0.5271108999426474,0.45087236082707,0.6021057307809248,0.038878002123171045,193,autocracy
full2_reduced,v2jupurge_lag1,0.0890800952911377,Expands Expression,3,0.3853497667788922,0.3219479721986188,0.4528976143887453,0.0335871968752386,193,autocracy
full2_reduced,v2jupurge_lag1,0.19512009620666504,Mixed Outcome,2,0.08829817860372495,0.058586273268573394,0.13098190917711527,0.018166129173201172,193,autocracy
full2_reduced,v2jupurge_lag1,0.19512009620666504,Contracts Expression,1,0.5287086889162002,0.4535203255886937,0.6026165546496834,0.03832015879404307,193,autocracy
full2_reduced,v2jupurge_lag1,0.19512009620666504,Expands Expression,3,0.38299313248007477,0.32156641851988976,0.44839845037558973,0.03251958840561161,193,autocracy
full2_reduced,v2jupurge_lag1,0.3011600971221924,Mixed Outcome,2,0.08906038328378847,0.058836672979441014,0.13262190965549583,0.01851047202852478,193,autocracy
full2_reduced,v2jupurge_lag1,0.3011600971221924,Contracts Expression,1,0.530299699496679,0.45518868553916425,0.604062779036734,0.03826209939110788,193,autocracy
full2_reduced,v2jupurge_lag1,0.3011600971221924,Expands Expression,3,0.38063991721953216,0.3202436850296353,0.4449703633605172,0.031973908907144195,193,autocracy
full2_reduced,v2jupurge_lag1,0.4072000980377197,Mixed Outcome,2,0.0898259175529812,0.05896115753855618,0.1345377266209983,0.018952306515980104,193,autocracy
full2_reduced,v2jupurge_lag1,0.4072000980377197,Contracts Expression,1,0.5318838672220181,0.45587622360788327,0.6064401608928769,0.038702919514071,193,autocracy
full2_reduced,v2jupurge_lag1,0.4072000980377197,Expands Expression,3,0.3782902152250006,0.31794519918545466,0.442655309412956,0.031969091722217416,193,autocracy
full2_reduced,v2jupurge_lag1,0.5132400989532471,Mixed Outcome,2,0.09059475111352969,0.05896533787099199,0.13672533174201118,0.01948898555756218,193,autocracy
full2_reduced,v2jupurge_lag1,0.5132400989532471,Contracts Expression,1,0.5334611281183747,0.4556196711745288,0.6097066858436834,0.03962280939302612,193,autocracy
full2_reduced,v2jupurge_lag1,0.5132400989532471,Expands Expression,3,0.37594412076809575,0.31468899666320227,0.44144223259169585,0.03249751504092708,193,autocracy
full2_reduced,v2jupurge_lag1,0.6192800998687744,Mixed Outcome,2,0.09136685314197834,0.0588566967115334,0.13917877836916356,0.02011684074300438,193,autocracy
full2_reduced,v2jupurge_lag1,0.6192800998687744,Contracts Expression,1,0.5350314187077392,0.45448711089846366,0.6137891851671619,0.04098639100346865,193,autocracy
full2_reduced,v2jupurge_lag1,0.6192800998687744,Expands Expression,3,0.373601728150283,0.31054335817297113,0.4412694060077033,0.03352617775199939,193,autocracy
full2_reduced,v2jupurge_lag1,0.7253201007843018,Mixed Outcome,2,0.09214219229583606,0.05864402507569598,0.14189075786770225,0.020831476499246212,193,autocracy
full2_reduced,v2jupurge_lag1,0.7253201007843018,Contracts Expression,1,0.5365946760156234,0.45256723155125117,0.6185940993412512,0.04274815019155407,193,autocracy
full2_reduced,v2jupurge_lag1,0.7253201007843018,Expands Expression,3,0.37126313168854047,0.3056136157236246,0.44203760632041555,0.0350033722117783,193,autocracy
full2_reduced,v2jupurge_lag1,0.8313601016998291,Mixed Outcome,2,0.09292073672044524,0.05833687682270366,0.14485313760718438,0.021628055464338224,193,autocracy
full2_reduced,v2jupurge_lag1,0.8313601016998291,Contracts Expression,1,0.5381508375788358,0.44995791284604436,0.6240189100943653,0.04485819954711976,193,autocracy
full2_reduced,v2jupurge_lag1,0.8313601016998291,Expands Expression,3,0.3689284257007197,0.30002409608469083,0.4436281538624944,0.036867821121144895,193,autocracy
full2_reduced,v2jupurge_lag1,0.9374001026153564,Mixed Outcome,2,0.09370245405606553,0.05794509105360234,0.14805743078871184,0.0225015492204431,193,autocracy
full2_reduced,v2jupurge_lag1,0.9374001026153564,Contracts Expression,1,0.539699841453316,0.44675682423778973,0.6299615568496035,0.04726701237787999,193,autocracy
full2_reduced,v2jupurge_lag1,0.9374001026153564,Expands Expression,3,0.3665977044906181,0.2939017070424003,0.4459193129699598,0.03905697342271198,193,autocracy
full2_reduced,v2jupurge_lag1,1.0434401035308838,Mixed Outcome,2,0.09448731144517576,0.057478408760383154,0.1514951718032691,0.02344694059593097,193,autocracy
full2_reduced,v2jupurge_lag1,1.0434401035308838,Contracts Expression,1,0.5412416262220597,0.4430551640771444,0.6363267111427742,0.0499285598542561,193,autocracy
full2_reduced,v2jupurge_lag1,1.0434401035308838,Expands Expression,3,0.3642710623327648,0.2873647357279006,0.44879748314196305,0.04151264870086924,193,autocracy
full2_reduced,v2jupurge_lag1,1.1494801044464111,Mixed Outcome,2,0.09527527553998538,0.05694619024556795,0.15515819055358546,0.0244593739811479,193,autocracy
full2_reduced,v2jupurge_lag1,1.1494801044464111,Contracts Expression,1,0.5427761310030967,0.4389343827037711,0.6430290653399174,0.052801934439379576,193,autocracy
full2_reduced,v2jupurge_lag1,1.1494801044464111,Expands Expression,3,0.3619485934569182,0.28051716434362967,0.45216287575150704,0.04418387949856315,193,autocracy
full2_reduced,v2jupurge_lag1,1.2555201053619385,Mixed Outcome,2,0.09606631251015749,0.056357225836785575,0.15903879328428602,0.025534257371164548,193,autocracy
full2_reduced,v2jupurge_lag1,1.2555201053619385,Contracts Expression,1,0.5443032954575451,0.43446512206673127,0.6499944030402217,0.05585185180859038,193,autocracy
full2_reduced,v2jupurge_lag1,1.2555201053619385,Expands Expression,3,0.3596303920322974,0.273447071239098,0.4559311082849454,0.047027683001976184,193,autocracy
full2_reduced,v2jupurge_lag1,1.3615601062774658,Mixed Outcome,2,0.09686038805073446,0.05571962495617935,0.16312986483571898,0.02666732371576222,193,autocracy
full2_reduced,v2jupurge_lag1,1.3615601062774658,Contracts Expression,1,0.5458230597977239,0.42970752629599,0.6571592967186294,0.05904846183183759,193,autocracy
full2_reduced,v2jupurge_lag1,1.3615601062774658,Expands Expression,3,0.35731655215154157,0.2662274051420044,0.46003242819012424,0.050008634107309095,193,autocracy
full2_reduced,v2jupurge_lag1,1.4676001071929932,Mixed Outcome,2,0.097657467390269,0.055040766003097756,0.1674249099888694,0.027854660569799978,193,autocracy
full2_reduced,v2jupurge_lag1,1.4676001071929932,Contracts Expression,1,0.5473353647953214,0.4247122547214985,0.6644701011126989,0.06236680824247689,193,autocracy
full2_reduced,v2jupurge_lag1,1.4676001071929932,Expands Expression,3,0.3550071678144087,0.2589178280184333,0.46440987081728213,0.053097903137374045,193,autocracy
full2_reduced,v2jupurge_lag1,1.5736401081085205,Mixed Outcome,2,0.09845751529915195,0.05432729041202185,0.17191805044891814,0.029092716561450557,193,autocracy
full2_reduced,v2jupurge_lag1,1.5736401081085205,Contracts Expression,1,0.5488401517896273,0.419521757386495,0.6718816822998045,0.06578615994546205,193,autocracy
full2_reduced,v2jupurge_lag1,1.5736401081085205,Expands Expression,3,0.35270233291122066,0.251566839086333,0.46901713880979373,0.056272157730703334,193,autocracy
full2_reduced,v2jupurge_lag1,1.6796801090240479,Mixed Outcome,2,0.09926049609813699,0.05358512652487852,0.1766039919757429,0.030378292099695794,193,autocracy
full2_reduced,v2jupurge_lag1,1.6796801090240479,Contracts Expression,1,0.5503373626958002,0.4141715625087118,0.6793561330793936,0.06928934046238819,193,autocracy
full2_reduced,v2jupurge_lag1,1.6796801090240479,Expands Expression,3,0.3504021412060634,0.24421378493905052,0.47381659772415385,0.05951252855836023,193,autocracy
full2_reduced,v2jupurge_lag1,1.7857201099395752,Mixed Outcome,2,0.10006637366705644,0.052819532037471154,0.1814779728588313,0.03170852011351927,193,autocracy
full2_reduced,v2jupurge_lag1,1.7857201099395752,Contracts Expression,1,0.5518269400131975,0.40869145209462676,0.6868615984520262,0.07286211760916192,193,autocracy
full2_reduced,v2jupurge_lag1,1.7857201099395752,Expands Expression,3,0.34810668631974645,0.2368905977050695,0.4787775460811228,0.06280371819591031,193,autocracy
full2_reduced,v2jupurge_lag1,1.8917601108551025,Mixed Outcome,2,0.10087511145372617,0.05203514657981253,0.18653570229322256,0.03308084121690992,193,autocracy
full2_reduced,v2jupurge_lag1,1.8917601108551025,Contracts Expression,1,0.5533088268337376,0.40310647922184195,0.6943712577797624,0.07649267630228733,193,autocracy
full2_reduced,v2jupurge_lag1,1.8917601108551025,Expands Expression,3,0.34581606171253626,0.2296232298706608,0.4838747906399876,0.06613326797358565,193,autocracy
full2_reduced,v2jupurge_lag1,1.9978001117706299,Mixed Outcome,2,0.10168667248303495,0.051236048540765716,0.19177329453787242,0.034492976359151065,193,autocracy
full2_reduced,v2jupurge_lag1,1.9978001117706299,Contracts Expression,1,0.5547829668503039,0.3974378206752712,0.7018624699945014,0.08017117710912972,193,autocracy
full2_reduced,v2jupurge_lag1,1.9978001117706299,Expands Expression,3,0.34353036066666126,0.22243280764787057,0.48908750528780276,0.06949097103048651,193,autocracy
full2_reduced,v2jupurge_lag1,2.1038401126861572,Mixed Outcome,2,0.10250101936621385,0.0504258121647548,0.19718720289784475,0.03594289904923738,193,autocracy
full2_reduced,v2jupurge_lag1,2.1038401126861572,Contracts Expression,1,0.5562493043651762,0.39170347817591405,0.7093160686964172,0.08388939334372482,193,autocracy
full2_reduced,v2jupurge_lag1,2.1038401126861572,Expands Expression,3,0.34124967626861047,0.21533654675359754,0.49439832912255155,0.07286840850774018,193,autocracy
full2_reduced,v2jupurge_lag1,2.2098801136016846,Mixed Outcome,2,0.10331811431028365,0.04960756242939952,0.20277415607414215,0.0374288084751582,193,autocracy
full2_reduced,v2jupurge_lag1,2.2098801136016846,Contracts Expression,1,0.5577077842984961,0.38591884886036604,0.7167157865940379,0.08764041584374699,193,autocracy
full2_reduced,v2jupurge_lag1,2.2098801136016846,Expands Expression,3,0.33897410139122,0.20834847506096899,0.499792659313454,0.07625858585887027,193,autocracy
full2_reduced,v2jupurge_lag1,2.315920114517212,Mixed Outcome,2,0.10413791912767631,0.04878402625952943,0.20853109839442116,0.038949104299629174,193,autocracy
full2_reduced,v2jupurge_lag1,2.315920114517212,Contracts Expression,1,0.5591583521967542,0.38009718640047685,0.7240477879644522,0.09141841428678182,193,autocracy
full2_reduced,v2jupurge_lag1,2.315920114517212,Expands Expression,3,0.3367037286755689,0.20148000277948644,0.5052580977776668,0.07965564817675283,193,autocracy
full2_reduced,v2jupurge_lag1,2.4219601154327393,Mixed Outcome,2,0.10496039524602209,0.047957579377802234,0.21445513464372779,0.04050236351633848,193,autocracy
full2_reduced,v2jupurge_lag1,2.4219601154327393,Contracts Expression,1,0.5606009542412912,0.374249972891515,0.7313002891333874,0.09521844460542422,193,autocracy
full2_reduced,v2jupurge_lag1,2.4219601154327393,Expands Expression,3,0.33443865051268673,0.19474037352470655,0.5107840181866862,0.08305465728839834,193,autocracy
full2_reduced,v2jupurge_lag1,2.5280001163482666,Mixed Outcome,2,0.1057855037181058,0.04713028853316242,0.22054347986254322,0.04208731953739063,193,autocracy
full2_reduced,v2jupurge_lag1,2.5280001163482666,Contracts Expression,1,0.5620355372568157,0.36838721881681147,0.7384632498010647,0.0990362935441217,193,autocracy
full2_reduced,v2jupurge_lag1,2.5280001163482666,Expands Expression,3,0.3321789590250782,0.18813702316434394,0.5163612261491998,0.0864514166691623,193,autocracy
full2_reduced,wdj_expression_lag1,-0.2222222238779068,Mixed Outcome,2,0.13830008864999407,0.0728371329198261,0.24692892888807388,0.04343955092815328,193,autocracy
full2_reduced,wdj_expression_lag1,-0.2222222238779068,Contracts Expression,1,0.4432156731641283,0.31279421628270193,0.5819650482110749,0.07037850535890683,193,autocracy
full2_reduced,wdj_expression_lag1,-0.2222222238779068,Expands Expression,3,0.41848423818587793,0.2973854154074083,0.5502749841191356,0.06590336510723327,193,autocracy
full2_reduced,wdj_expression_lag1,-0.19962963134050368,Mixed Outcome,2,0.13527114434408177,0.07288354232961769,0.23738804859540585,0.041065484646662716,193,autocracy
full2_reduced,wdj_expression_lag1,-0.19962963134050368,Contracts Expression,1,0.44798976775021787,0.3216112016624743,0.5814636764018882,0.06782831900014674,193,autocracy
full2_reduced,wdj_expression_lag1,-0.19962963134050368,Expands Expression,3,0.4167390879057003,0.30097512413041755,0.5424749191079692,0.06281236091663074,193,autocracy
full2_reduced,wdj_expression_lag1,-0.1770370388031006,Mixed Outcome,2,0.13229279366760027,0.07288222004797727,0.2282115247953624,0.03879547505981421,193,autocracy
full2_reduced,wdj_expression_lag1,-0.1770370388031006,Contracts Expression,1,0.4527493778183802,0.33042466356056394,0.581060581073437,0.06531784493009923,193,autocracy
full2_reduced,wdj_expression_lag1,-0.1770370388031006,Expands Expression,3,0.4149578285140197,0.3044562941234126,0.5347320329291468,0.059783824782295776,193,autocracy
full2_reduced,wdj_expression_lag1,-0.15444444626569748,Mixed Outcome,2,0.12936467377280736,0.07282758756681229,0.21940604398375294,0.036631498050664284,193,autocracy
full2_reduced,wdj_expression_lag1,-0.15444444626569748,Contracts Expression,1,0.4574940442227338,0.3392154173560322,0.5807668414339702,0.0628544906083111,193,autocracy
full2_reduced,wdj_expression_lag1,-0.15444444626569748,Expands Expression,3,0.41314128200445865,0.3078151841158256,0.5270646392173619,0.056824582500481335,193,autocracy
full2_reduced,wdj_expression_lag1,-0.1318518537282944,Mixed Outcome,2,0.1264864049790025,0.07271340821766517,0.2109779162594101,0.03457581233173208,193,autocracy
full2_reduced,wdj_expression_lag1,-0.1318518537282944,Contracts Expression,1,0.4622233277852713,0.3479624623553006,0.5805951775079555,0.060446477743337945,193,autocracy
full2_reduced,wdj_expression_lag1,-0.1318518537282944,Expands Expression,3,0.41129026723572637,0.31103566418297485,0.5194935772491933,0.05394273001968512,193,autocracy
full2_reduced,wdj_expression_lag1,-0.10925926119089127,Mixed Outcome,2,0.123657591939528,0.0725327565691406,0.2029331724508962,0.03263097534919658,193,autocracy
full2_reduced,wdj_expression_lag1,-0.10925926119089127,Contracts Expression,1,0.46693680846051566,0.3566427955077362,0.5805601563093095,0.058102949679057096,193,autocracy
full2_reduced,wdj_expression_lag1,-0.10925926119089127,Expands Expression,3,0.40940559959995626,0.31409873708595754,0.512042676834501,0.05114787827223201,193,autocracy
full2_reduced,wdj_expression_lag1,-0.08666666865348815,Mixed Outcome,2,0.1208778247675018,0.07227801362742185,0.19527763779761645,0.030799845308124314,193,autocracy
full2_reduced,wdj_expression_lag1,-0.08666666865348815,Contracts Expression,1,0.4716340845069102,0.36523122538663294,0.5806783981887277,0.05583407937594341,193,autocracy
full2_reduced,wdj_expression_lag1,-0.08666666865348815,Expands Expression,3,0.40748809072558795,0.3169819908213593,0.5047392916584814,0.04845143359663706,193,autocracy
full2_reduced,wdj_expression_lag1,-0.06407407611608507,Mixed Outcome,2,0.11814668011912009,0.07194090262997738,0.18801696644059743,0.02908556166734061,193,autocracy
full2_reduced,wdj_expression_lag1,-0.06407407611608507,Contracts Expression,1,0.4763147716681361,0.3737002022079646,0.5809687675420608,0.05365117000264562,193,autocracy
full2_reduced,wdj_expression_lag1,-0.06407407611608507,Expands Expression,3,0.40553854821274443,0.3196589971891283,0.49761488634538453,0.04586690636662066,193,autocracy
full2_reduced,wdj_expression_lag1,-0.04148148357868195,Mixed Outcome,2,0.11546372223369368,0.07151258433856894,0.18115661688940282,0.02749149434362968,193,autocracy
full2_reduced,wdj_expression_lag1,-0.04148148357868195,Contracts Expression,1,0.4809785023673216,0.382019689497405,0.5814525221593955,0.05156673509715148,193,autocracy
full2_reduced,wdj_expression_lag1,-0.04148148357868195,Expands Expression,3,0.4035577753989845,0.3220986949906626,0.49070563871996925,0.04341022834121392,193,autocracy
full2_reduced,wdj_expression_lag1,-0.018888891041278832,Mixed Outcome,2,0.11282850392985402,0.07098383395802993,0.17470174563473045,0.026021150271058363,193,autocracy
full2_reduced,wdj_expression_lag1,-0.018888891041278832,Contracts Expression,1,0.48562492491679804,0.390157113740594,0.582153384820039,0.04959453982080804,193,autocracy
full2_reduced,wdj_expression_lag1,-0.018888891041278832,Expands Expression,3,0.4015465711533479,0.3242648365417314,0.4840529785784605,0.04110003881266976,193,autocracy
full2_reduced,wdj_expression_lag1,0.0037037014961242565,Mixed Outcome,2,0.11024056755765096,0.07034532282304039,0.16865699498085163,0.024678025448972317,193,autocracy
full2_reduced,wdj_expression_lag1,0.0037037014961242565,Contracts Expression,1,0.49025370274576907,0.3980774417661134,0.5830974873013459,0.0477495779607137,193,autocracy
full2_reduced,wdj_expression_lag1,0.0037037014961242565,Expands Expression,3,0.39950572969658,0.326115634279593,0.47770392638976195,0.0389578700922946,193,autocracy
full2_reduced,wdj_expression_lag1,0.026296294033527373,Mixed Outcome,2,0.10769944590650483,0.06958802385049918,0.16302615556642136,0.023465392840806648,193,autocracy
full2_reduced,wdj_expression_lag1,0.026296294033527373,Contracts Expression,1,0.49486451364802675,0.4057434489944703,0.5843131235816493,0.04604795246855654,193,autocracy
full2_reduced,wdj_expression_lag1,0.026296294033527373,Expands Expression,3,0.3974360404454686,0.3276038255501015,0.47171101373454544,0.037008121270222384,193,autocracy
full2_reduced,wdj_expression_lag1,0.04888888657093049,Mixed Outcome,2,0.1052046630692148,0.06870374800816227,0.15781169574199708,0.022386022570864122,193,autocracy
full2_reduced,wdj_expression_lag1,0.04888888657093049,Contracts Expression,1,0.4994570490515567,0.41311624889299664,0.5858302418347128,0.044506623616733944,193,autocracy
full2_reduced,wdj_expression_lag1,0.04888888657093049,Expands Expression,3,0.39533828787922837,0.32867745693474026,0.46613148434267543,0.03527766672938999,193,autocracy
full2_reduced,wdj_expression_lag1,0.07148147910833358,Mixed Outcome,2,0.10275573526242932,0.06768579697969256,0.15301417227553124,0.02144184232619397,193,autocracy
full2_reduced,wdj_expression_lag1,0.07148147910833358,Contracts Expression,1,0.504031013311638,0.4201561533484499,0.5876796054033118,0.043142989022415965,193,autocracy
full2_reduced,wdj_expression_lag1,0.07148147910833358,Expands Expression,3,0.3932132514259332,0.32928174387420783,0.46102541996115043,0.033794917832611585,193,autocracy
full2_reduced,wdj_expression_lag1,0.09407407164573667,Mixed Outcome,2,0.10035217160418426,0.06652968570700232,0.14863156828195023,0.02063356210635729,193,autocracy
full2_reduced,wdj_expression_lag1,0.09407407164573667,Contracts Expression,1,0.5085861230287876,0.42682390909139806,0.5898915775543452,0.04197427222803686,193,autocracy
full2_reduced,wdj_expression_lag1,0.09407407164573667,Expands Expression,3,0.3910617053670284,0.3293623079615027,0.45645248871530664,0.03258818304093028,193,autocracy
full2_reduced,wdj_expression_lag1,0.11666666418313981,Mixed Outcome,2,0.09799347484928796,0.06523385239012561,0.14465864060346617,0.01996030611599868,193,autocracy
full2_reduced,wdj_expression_lag1,0.11666666418313981,Contracts Expression,1,0.5131221063926893,0.43308230638512063,0.5924945337181579,0.04101672126191343,193,autocracy
full2_reduced,wdj_expression_lag1,0.11666666418313981,Expands Expression,3,0.388884418758023,0.3288698428694845,0.45246726511318036,0.03168329939384264,193,autocracy
full2_reduced,wdj_expression_lag1,0.1392592567205429,Mixed Outcome,2,0.09567914208348485,0.06380024470120103,0.14108638760163852,0.019419309411002644,193,autocracy
full2_reduced,wdj_expression_lag1,0.1392592567205429,Contracts Expression,1,0.5176387025529956,0.438898075383876,0.5955129857273515,0.04028465963537313,193,autocracy
full2_reduced,wdj_expression_lag1,0.1392592567205429,Expands Expression,3,0.38668215536351924,0.32776576887544445,0.44911356177182954,0.031100758038635518,193,autocracy
full2_reduced,wdj_expression_lag1,0.161851849257946,Mixed Outcome,2,0.09340866537747289,0.06223466354944296,0.13790175600651433,0.01900574076805238,193,autocracy
full2_reduced,wdj_expression_lag1,0.161851849257946,Contracts Expression,1,0.5221356610177013,0.4442438889554223,0.5989655991929905,0.03978948132275782,193,autocracy
full2_reduced,wdj_expression_lag1,0.161851849257946,Expands Expression,3,0.38445567360482574,0.32602781983580803,0.4464188289987154,0.030852860251491827,193,autocracy
full2_reduced,wdj_expression_lag1,0.18444444179534913,Mixed Outcome,2,0.09118153240197215,0.060546771777470074,0.13508767925128984,0.018712699771518997,193,autocracy
full2_reduced,wdj_expression_lag1,0.18444444179534913,Contracts Expression,1,0.5266127410795816,0.44910020159202396,0.602863374299836,0.039538726687107055,193,autocracy
full2_reduced,wdj_expression_lag1,0.18444444179534913,Expands Expression,3,0.3822057265184471,0.32365409116369165,0.4443900938352182,0.03094165230885306,193,autocracy
full2_reduced,wdj_expression_lag1,0.20703703433275222,Mixed Outcome,2,0.08899722700514252,0.05874973332333236,0.13262348183320768,0.018531406180642578,193,autocracy
full2_reduced,wdj_expression_lag1,0.20703703433275222,Contracts Expression,1,0.5310697112709961,0.45345661911895746,0.607208295273987,0.03953539416887451,193,autocracy
full2_reduced,wdj_expression_lag1,0.20703703433275222,Expands Expression,3,0.3799330617238614,0.3206642503977868,0.44301273691247917,0.03135830000559354,193,autocracy
full2_reduced,wdj_expression_lag1,0.2296296268701553,Mixed Outcome,2,0.08685522975374899,0.05685952346077682,0.13048560904368925,0.018451560870465056,193,autocracy
full2_reduced,wdj_expression_lag1,0.2296296268701553,Contracts Expression,1,0.5355063488471915,0.4573125346854977,0.611992712913831,0.03977762202714225,193,autocracy
full2_reduced,wdj_expression_lag1,0.2296296268701553,Expands Expression,3,0.3776384213990592,0.31709745494640657,0.4422525626296924,0.03208413507300476,193,autocracy
full2_reduced,wdj_expression_lag1,0.25222221940755846,Mixed Outcome,2,0.08475501843953635,0.05489401645230222,0.1286485758334103,0.01846182368410909,193,autocracy
full2_reduced,wdj_expression_lag1,0.25222221940755846,Contracts Expression,1,0.5399224392980524,0.46067689983966026,0.6171995913835926,0.040258806801469,193,autocracy
full2_reduced,wdj_expression_lag1,0.25222221940755846,Expands Expression,3,0.37532254226241185,0.31300763415364496,0.44206050555575777,0.033093039768125845,193,autocracy
full2_reduced,wdj_expression_lag1,0.27481481194496155,Mixed Outcome,2,0.08269606855234778,0.0528719913773904,0.12708599410779742,0.01855033559227518,193,autocracy
full2_reduced,wdj_expression_lag1,0.27481481194496155,Contracts Expression,1,0.5443177758881196,0.4635671716134425,0.6228035782088959,0.04096813785869869,193,autocracy
full2_reduced,wdj_expression_lag1,0.27481481194496155,Expands Expression,3,0.37298615555953274,0.3084575446790838,0.44237856401783293,0.03435445342467511,193,autocracy
full2_reduced,wdj_expression_lag1,0.2974074044823647,Mixed Outcome,2,0.080677853721561,0.050812191920243735,0.12577154280443315,0.018705214908918084,193,autocracy
full2_reduced,wdj_expression_lag1,0.2974074044823647,Contracts Expression,1,0.5486921592245515,0.4660076420731919,0.6287726910096985,0.04189144337431987,193,autocracy
full2_reduced,wdj_expression_lag1,0.2974074044823647,Expands Expression,3,0.37062998705388783,0.3035130577015204,0.4431455025250503,0.035836259797100936,193,autocracy
full2_reduced,wdj_expression_lag1,0.3199999970197678,Mixed Outcome,2,0.07869984612745687,0.04873254032242369,0.12467978069501959,0.018914975442591426,193,autocracy
full2_reduced,wdj_expression_lag1,0.3199999970197678,Contracts Expression,1,0.5530453968525482,0.4680274476403259,0.6350703235888958,0.043012197050456946,193,autocracy
full2_reduced,wdj_expression_lag1,0.3199999970197678,Expands Expression,3,0.36825475701999494,0.29823864545603235,0.44430135540870913,0.03750706391824766,193,autocracy
full2_reduced,wdj_expression_lag1,0.34259258955717087,Mixed Outcome,2,0.07676151688415364,0.04664955720878301,0.12378675029765125,0.019168839314295194,193,autocracy
full2_reduced,wdj_expression_lag1,0.34259258955717087,Contracts Expression,1,0.5573773028776862,0.46965856008893897,0.6416572694175786,0.044312532618514554,193,autocracy
full2_reduced,wdj_expression_lag1,0.34259258955717087,Expands Expression,3,0.3658611802381605,0.29269439949285425,0.4457903993935083,0.0393376903974199,193,autocracy
full2_reduced,wdj_expression_lag1,0.36518518209457396,Mixed Outcome,2,0.07486233639575506,0.04457799417924938,0.12307036623868334,0.019456940269143658,193,autocracy
full2_reduced,wdj_expression_lag1,0.36518518209457396,Contracts Expression,1,0.5616876976144579,0.4709339944499563,0.648493527244978,0.04577414710776654,193,autocracy
full2_reduced,wdj_expression_lag1,0.36518518209457396,Expands Expression,3,0.36344996598978735,0.2869344464108755,0.4475627293602118,0.04130197227132766,193,autocracy
full2_reduced,wdj_expression_lag1,0.38777777463197705,Mixed Outcome,2,0.0730017746873594,0.04253065497202566,0.12251061238387391,0.019770429369825315,193,autocracy
full2_reduced,wdj_expression_lag1,0.38777777463197705,Contracts Expression,1,0.565976407260269,0.471886370191983,0.6555397524094116,0.04737902409399866,193,autocracy
full2_reduced,wdj_expression_lag1,0.38777777463197705,Expands Expression,3,0.36102181805237193,0.28100641179709324,0.44957478654020994,0.04337700859231143,193,autocracy
full2_reduced,wdj_expression_lag1,0.41037036716938013,Mixed Outcome,2,0.07117930171256598,0.04051836526280214,0.1220895878485601,0.02010150320317901,193,autocracy
full2_reduced,wdj_expression_lag1,0.41037036716938013,Contracts Expression,1,0.5702432635940085,0.4725468684208065,0.6627583110823708,0.049109955664256265,193,autocracy
full2_reduced,wdj_expression_lag1,0.41037036716938013,Expands Expression,3,0.3585774346934252,0.2749515582612667,0.4517892133216165,0.045543081299825726,193,autocracy
full2_reduced,wdj_expression_lag1,0.43296295970678333,Mixed Outcome,2,0.06939438763910272,0.03855004788945682,0.1217914452967872,0.020443376565888023,193,autocracy
full2_reduced,wdj_expression_lag1,0.43296295970678333,Contracts Expression,1,0.5744881036982915,0.4729445596721153,0.6701139628506757,0.05095087637982195,193,autocracy
full2_reduced,wdj_expression_lag1,0.43296295970678333,Expands Expression,3,0.3561175086626048,0.2688052941410207,0.45417433803177476,0.04778338568346187,193,autocracy
full2_reduced,wdj_expression_lag1,0.4555555522441864,Mixed Outcome,2,0.06764650311416269,0.036632864759782724,0.1216022604135339,0.020790219415271153,193,autocracy
full2_reduced,wdj_expression_lag1,0.4555555522441864,Contracts Expression,1,0.5787107697043697,0.4731060391949654,0.6775742346873029,0.05288704155299496,193,autocracy
full2_reduced,wdj_expression_lag1,0.4555555522441864,Expands Expression,3,0.35364272718146794,0.2625978420976796,0.4567035005616424,0.050083681520140935,193,autocracy
full2_reduced,wdj_expression_lag1,0.4781481447815895,Mixed Outcome,2,0.06593511951101161,0.03477239454001972,0.12150986365306155,0.021137073953431545,193,autocracy
full2_reduced,wdj_expression_lag1,0.4781481447815895,Contracts Expression,1,0.5829111085586804,0.47305529495110415,0.6851095610741255,0.05490508798138194,193,autocracy
full2_reduced,wdj_expression_lag1,0.4781481447815895,Expands Expression,3,0.3511537719303081,0.25635493894873573,0.45935434740029835,0.05243193006893854,193,autocracy
full2_reduced,wdj_expression_lag1,0.5007407373189926,Mixed Outcome,2,0.06425970915837871,0.032972823694277446,0.12150365681226917,0.021479763412487307,193,autocracy
full2_reduced,wdj_expression_lag1,0.5007407373189926,Contracts Expression,1,0.5870889718099703,0.4728137376835725,0.6926932609398243,0.05699301310136832,193,autocracy
full2_reduced,wdj_expression_lag1,0.5007407373189926,Expands Expression,3,0.34865131903165125,0.25009849625626906,0.46210816665747156,0.05481795256280314,193,autocracy
full2_reduced,wdj_expression_lag1,0.5233333298563957,Mixed Outcome,2,0.06261974555409938,0.03123713581673768,0.12157442971763065,0.021814800386201857,193,autocracy
full2_reduced,wdj_expression_lag1,0.5233333298563957,Contracts Expression,1,0.5912442154158769,0.4724003337171044,0.7003014106949391,0.05914010270633371,193,autocracy
full2_reduced,wdj_expression_lag1,0.5233333298563957,Expands Expression,3,0.3461360390300234,0.24384718996790805,0.464949294657263,0.05723312605632305,193,autocracy
full2_reduced,wdj_expression_lag1,0.5459259223937988,Mixed Outcome,2,0.06101470356442184,0.029567290116191004,0.12171418624658147,0.022139299507076927,193,autocracy
full2_reduced,wdj_expression_lag1,0.5459259223937988,Contracts Expression,1,0.5953766995678533,0.47183179596094277,0.7079126579275979,0.06133682981509569,193,autocracy
full2_reduced,wdj_expression_lag1,0.5459259223937988,Expands Expression,3,0.34360859686772477,0.23761696886124528,0.46786460446726186,0.059670121684114875,193,autocracy
full2_reduced,wdj_expression_lag1,0.5685185149312019,Mixed Outcome,2,0.05944405961032907,0.027964384103054272,0.1219159848124354,0.022450897144328182,193,autocracy
full2_reduced,wdj_expression_lag1,0.5685185149312019,Contracts Expression,1,0.5994862885333024,0.4711228013502601,0.7155080075386913,0.06357474076487932,193,autocracy
full2_reduced,wdj_expression_lag1,0.5685185149312019,Expands Expression,3,0.3410696518563683,0.2314214842424119,0.4708430737894206,0.06212268387834656,193,autocracy
full2_reduced,wdj_expression_lag1,0.5911111074686051,Mixed Outcome,2,0.057907291842165545,0.02642879842527352,0.12217379551893298,0.02274767930540823,193,autocracy
full2_reduced,wdj_expression_lag1,0.5911111074686051,Contracts Expression,1,0.6035728505137887,0.4702862133916371,0.7230706016261275,0.0658463392895869,193,autocracy
full2_reduced,wdj_expression_lag1,0.5911111074686051,Expands Expression,3,0.33851985764404563,0.22527244825157078,0.4738754249483656,0.0645854467024341,193,autocracy
full2_reduced,wdj_expression_lag1,0.6137037000060082,Mixed Outcome,2,0.05640388030378778,0.024960323653348788,0.1224823742695624,0.023028117954596687,193,autocracy
full2_reduced,wdj_expression_lag1,0.6137037000060082,Contracts Expression,1,0.6076362575181945,0.46933329695898324,0.7305855060199435,0.06814497503933592,193,autocracy
full2_reduced,wdj_expression_lag1,0.6137037000060082,Expands Expression,3,0.33595986217801777,0.21917993063683658,0.47695382702171035,0.0670537821474119,193,autocracy
full2_reduced,wdj_expression_lag1,0.6362962925434112,Mixed Outcome,2,0.05493330708738866,0.02355826986554305,0.12283715314197566,0.02329101542921609,193,autocracy
full2_reduced,wdj_expression_lag1,0.6362962925434112,Contracts Expression,1,0.6116763852497082,0.46827391784695604,0.7380395109592194,0.07046474027280633,193,autocracy
full2_reduced,wdj_expression_lag1,0.6362962925434112,Expands Expression,3,0.3333903076629033,0.2131526036042667,0.48007165051943224,0.06952367542512815,193,autocracy
full2_reduced,wdj_expression_lag1,0.6588888850808143,Mixed Outcome,2,0.05349505648006866,0.02222156047870134,0.12323414567345795,0.023535456307284753,193,autocracy
full2_reduced,wdj_expression_lag1,0.6588888850808143,Contracts Expression,1,0.6156931130055521,0.4671167238765173,0.7454209492102849,0.07280037629075378,193,autocracy
full2_reduced,wdj_expression_lag1,0.6588888850808143,Expands Expression,3,0.3308118305143798,0.2071979435700448,0.4832232658015293,0.07199162270803695,193,autocracy
full2_reduced,wdj_expression_lag1,0.6814814776182174,Mixed Outcome,2,0.052088615103153914,0.02094881200538689,0.1236698654690368,0.02376076595150686,193,autocracy
full2_reduced,wdj_expression_lag1,0.6814814776182174,Contracts Expression,1,0.6196863235883722,0.4658693059449695,0.7527195331504234,0.07514719035802873,193,autocracy
full2_reduced,wdj_expression_lag1,0.6814814776182174,Expands Expression,3,0.3282250613084738,0.20132239772242316,0.4864038772232841,0.07445454720572234,193,autocracy
full2_reduced,wdj_expression_lag1,0.7040740701556205,Mixed Outcome,2,0.05071347204517996,0.019738401442271927,0.12414125657281924,0.02396647494271467,193,autocracy
full2_reduced,wdj_expression_lag1,0.7040740701556205,Contracts Expression,1,0.6236559032282668,0.46453834018478934,0.759926209853533,0.07750098248755855,193,autocracy
full2_reduced,wdj_expression_lag1,0.7040740701556205,Expands Expression,3,0.32563062472655335,0.19553152172817825,0.48960938673422316,0.07690973033493863,193,autocracy
full2_reduced,wdj_expression_lag1,0.7266666626930237,Mixed Outcome,2,0.04936911898938651,0.01858852295247388,0.12464563393818864,0.024152288604986034,193,autocracy
full2_reduced,wdj_expression_lag1,0.7266666626930237,Contracts Expression,1,0.6276017415144396,0.463129711706654,0.7670330335648039,0.07985798178441168,193,autocracy
full2_reduced,wdj_expression_lag1,0.7266666626930237,Expands Expression,3,0.3230291394961734,0.1898300940729452,0.49283628137462676,0.07935475513449507,193,autocracy
full2_reduced,wdj_expression_lag1,0.7492592552304268,Mixed Outcome,2,0.048055050336484315,0.01749723532057867,0.12518063269948465,0.02431806094324614,193,autocracy
full2_reduced,wdj_expression_lag1,0.7492592552304268,Contracts Expression,1,0.6315237313355397,0.461648622311532,0.7740330534010043,0.08221479111900468,193,autocracy
full2_reduced,wdj_expression_lag1,0.7492592552304268,Expands Expression,3,0.3204212183279763,0.18422221146129428,0.49608154020202694,0.08178745963184371,193,autocracy
full2_reduced,wdj_expression_lag1,0.7718518477678299,Mixed Outcome,2,0.04677076332338071,0.01646250154042949,0.12574416488382986,0.02446377233819316,193,autocracy
full2_reduced,wdj_expression_lag1,0.7718518477678299,Contracts Expression,1,0.6354217688277521,0.46009968339790497,0.7809202149577845,0.08456833946196432,193,autocracy
full2_reduced,wdj_expression_lag1,0.7718518477678299,Expands Expression,3,0.31780746784886676,0.17871136875366606,0.49934255720383347,0.08420589838157753,193,autocracy
full2_reduced,wdj_expression_lag1,0.7944444403052331,Mixed Outcome,2,0.04551575813847005,0.015482221705327268,0.1263343824855452,0.02458951045168347,193,autocracy
full2_reduced,wdj_expression_lag1,0.7944444403052331,Contracts Expression,1,0.6392957533298139,0.45848699630535866,0.7876892737645439,0.08691584072933224,193,autocracy
full2_reduced,wdj_expression_lag1,0.7944444403052331,Expands Expression,3,0.31518848853171616,0.17330052647384028,0.5026170770445406,0.08660831057283531,193,autocracy
full2_reduced,wdj_expression_lag1,0.8170370328426362,Mixed Outcome,2,0.04428953803402064,0.01455426021995103,0.12694964594110425,0.024695453862279164,193,autocracy
full2_reduced,wdj_expression_lag1,0.8170370328426362,Contracts Expression,1,0.6431455873441072,0.4568142213331719,0.794335719284127,0.08925475847523262,193,autocracy
full2_reduced,wdj_expression_lag1,0.8170370328426362,Expands Expression,3,0.3125648746218725,0.1679921680363657,0.5059031415875107,0.08899309362712768,193,autocracy
full2_reduced,wdj_expression_lag1,0.8396296253800393,Mixed Outcome,2,0.04309160943611299,0.013676468207425636,0.12758849719377036,0.024781858022143555,193,autocracy
full2_reduced,wdj_expression_lag1,0.8396296253800393,Contracts Expression,1,0.6469711765031072,0.4550846372479899,0.8008557077901848,0.09158277550148787,193,autocracy
full2_reduced,wdj_expression_lag1,0.8396296253800393,Expands Expression,3,0.30993721406078006,0.16278834876802392,0.5091990449516585,0.09135878115986558,193,autocracy
full2_reduced,wdj_expression_lag1,0.8622222179174424,Mixed Outcome,2,0.04192148205251239,0.012846701862133743,0.1282496366187801,0.024849043179762345,193,autocracy
full2_reduced,wdj_expression_lag1,0.8622222179174424,Contracts Expression,1,0.6507724295404763,0.45330119257836965,0.807246002880227,0.09389776770962532,193,autocracy
full2_reduced,wdj_expression_lag1,0.8622222179174424,Expands Expression,3,0.3073060884070117,0.1576907380763193,0.5125032958275116,0.09370402463190595,193,autocracy
full2_reduced,wdj_expression_lag1,0.8848148104548454,Mixed Outcome,2,0.04077866897878858,0.012062837378319315,0.12893190325043186,0.024897383979120617,193,autocracy
full2_reduced,wdj_expression_lag1,0.8848148104548454,Contracts Expression,1,0.6545492582661594,0.45146654958456445,0.8135039226936249,0.09619778172024279,193,autocracy
full2_reduced,wdj_expression_lag1,0.8848148104548454,Expands Expression,3,0.3046720727550517,0.15270065608018044,0.515814585633633,0.09602757797478793,193,autocracy
full2_reduced,wdj_expression_lag1,0.9074074029922485,Mixed Outcome,2,0.0396626868029276,0.011322782995952031,0.12963425778537996,0.024927300480283205,193,autocracy
full2_reduced,wdj_expression_lag1,0.9074074029922485,Contracts Expression,1,0.6583015775449106,0.44958312242879983,0.8196272925518929,0.09848101549352158,193,autocracy
full2_reduced,wdj_expression_lag1,0.9074074029922485,Expands Expression,3,0.3020357356521618,0.14781910556210442,0.5191317617297485,0.09832828476907894,193,autocracy
full2_reduced,court_independence_lag1,-1.3279999494552612,Mixed Outcome,2,0.3153417588676096,0.06064739597142487,0.7666674824738572,0.21643971356616443,632,democracy
full2_reduced,court_independence_lag1,-1.3279999494552612,Contracts Expression,1,0.21408883580579394,0.012354318728139886,0.8557478415852416,0.26447957648384585,632,democracy
full2_reduced,court_independence_lag1,-1.3279999494552612,Expands Expression,3,0.47056940532659686,0.14451579872440673,0.8238367916174771,0.2110583955799607,632,democracy
full2_reduced,court_independence_lag1,-1.234119951725006,Mixed Outcome,2,0.3137627672575657,0.06342052586916148,0.7553355500462494,0.2098114889700544,632,democracy
full2_reduced,court_independence_lag1,-1.234119951725006,Contracts Expression,1,0.21333779790667534,0.013335261826727904,0.8447592154506968,0.25679345108131035,632,democracy
full2_reduced,court_independence_lag1,-1.234119951725006,Expands Expression,3,0.4728994348357607,0.15154651276472567,0.8183941622593639,0.2052681189375921,632,democracy
full2_reduced,court_independence_lag1,-1.140239953994751,Mixed Outcome,2,0.31218471380109086,0.06630257777488421,0.7436588257128364,0.20322582675303238,632,democracy
full2_reduced,court_independence_lag1,-1.140239953994751,Contracts Expression,1,0.21258472120385247,0.014392186076206487,0.833097757453534,0.24914245123992504,632,democracy
full2_reduced,court_independence_lag1,-1.140239953994751,Expands Expression,3,0.47523056499505667,0.15885605907547368,0.812821143730113,0.19946263560342056,632,democracy
full2_reduced,court_independence_lag1,-1.0463599562644958,Mixed Outcome,2,0.31060765879729507,0.06929664934515048,0.731644880456803,0.19668295966041754,632,democracy
full2_reduced,court_independence_lag1,-1.0463599562644958,Contracts Expression,1,0.21182964112385524,0.015530726554058152,0.820747266288994,0.24152688066936828,632,democracy
full2_reduced,court_independence_lag1,-1.0463599562644958,Expands Expression,3,0.47756270007884977,0.16644915769119534,0.8071171418816118,0.19364284433898704,632,democracy
full2_reduced,court_independence_lag1,-0.9524799585342407,Mixed Outcome,2,0.3090316624969486,0.07240583475651825,0.71930300248452,0.1901831296585244,632,democracy
full2_reduced,court_independence_lag1,-0.9524799585342407,Contracts Expression,1,0.2110725933113041,0.016756898900224592,0.8076950163310049,0.2339470510390392,632,democracy
full2_reduced,court_independence_lag1,-0.9524799585342407,Expands Expression,3,0.4798957441917459,0.17432994484757797,0.8012817595949588,0.18780967331532675,632,democracy
full2_reduced,court_independence_lag1,-0.8585999608039856,Mixed Outcome,2,0.30745678509328117,0.0756332145518996,0.7066442282945873,0.18372658971332853,632,democracy
full2_reduced,court_independence_lag1,-0.8585999608039856,Contracts Expression,1,0.210313613623779,0.01807711888520278,0.7939323330090319,0.226403283312456,632,democracy
full2_reduced,court_independence_lag1,-0.8585999608039856,Expands Expression,3,0.48222960128294035,0.18250189875051911,0.7953148143563955,0.18196408411149104,632,democracy
full2_reduced,court_independence_lag1,-0.7647199630737305,Mixed Outcome,2,0.3058830867127676,0.07898184424252842,0.6936813580380972,0.17731360591575288,632,democracy
full2_reduced,court_independence_lag1,-0.7647199630737305,Contracts Expression,1,0.20955273812661643,0.019498221855765295,0.7794551694482575,0.21889590933951028,632,democracy
full2_reduced,court_independence_lag1,-0.7647199630737305,Expands Expression,3,0.4845641751606155,0.19096776228222084,0.7892163574675162,0.1761070765491582,632,democracy
full2_reduced,court_independence_lag1,-0.6708399653434753,Mixed Outcome,2,0.30431062740593023,0.08245474149261171,0.6804289540236613,0.17094446003422747,632,democracy
full2_reduced,court_independence_lag1,-0.6708399653434753,Contracts Expression,1,0.20879000308766052,0.021027481781897436,0.7642646686148874,0.21142527376439477,632,democracy
full2_reduced,court_independence_lag1,-0.6708399653434753,Expands Expression,3,0.48689936950640994,0.19972946285631468,0.7829866952361096,0.17023969456531582,632,democracy
full2_reduced,court_independence_lag1,-0.5769599676132202,Mixed Outcome,2,0.30273946713813943,0.08605487167361625,0.6669033215139551,0.1646194525963248,632,democracy
full2_reduced,court_independence_lag1,-0.5769599676132202,Contracts Expression,1,0.20802544497194847,0.022672629561234045,0.7483676929553499,0.2039917363235602,632,democracy
full2_reduced,court_independence_lag1,-0.5769599676132202,Expands Expression,3,0.4892350878899115,0.2087880296077675,0.7766264126040543,0.16436303338339506,632,democracy
full2_reduced,court_independence_lag1,-0.4830799698829651,Mixed Outcome,2,0.30116966578042315,0.08978513152118359,0.6531224713177307,0.1583389066305319,632,democracy
full2_reduced,court_independence_lag1,-0.4830799698829651,Contracts Expression,1,0.20725910043634563,0.024441870155807507,0.7317773017131883,0.19659567462778096,632,democracy
full2_reduced,court_independence_lag1,-0.4830799698829651,Expands Expression,3,0.4915712337832297,0.21814350804073795,0.7701363998135028,0.1584782483185679,632,democracy
full2_reduced,court_independence_lag1,-0.38919997215270996,Mixed Outcome,2,0.2996012831002897,0.09364833055600504,0.6391060640986654,0.1521031722372829,632,democracy
full2_reduced,court_independence_lag1,-0.38919997215270996,Contracts Expression,1,0.20649100632412795,0.026343898036037306,0.7145131549705517,0.1892374875495554,632,democracy
full2_reduced,court_independence_lag1,-0.38919997215270996,Expands Expression,3,0.4939077105755806,0.22779487213708913,0.7635178829112809,0.1525865656564786,632,democracy
full2_reduced,court_independence_lag1,-0.29531997442245483,Mixed Outcome,2,0.29803437875256633,0.0976471698334159,0.6248753368003732,0.1459126322093692,632,democracy
full2_reduced,court_independence_lag1,-0.29531997442245483,Contracts Expression,1,0.20572119965951038,0.028387910283786934,0.6966018232060904,0.1819175993728716,632,democracy
full2_reduced,court_independence_lag1,-0.29531997442245483,Expands Expression,3,0.4962444215879222,0.23773993373186364,0.7567724591595969,0.1466892961830312,632,democracy
full2_reduced,court_independence_lag1,-0.2014399766921997,Mixed Outcome,2,0.2964690122702526,0.10178421745451373,0.6104530121272127,0.13976770899151847,632,democracy
full2_reduced,court_independence_lag1,-0.2014399766921997,Contracts Expression,1,0.2049497176421215,0.030583616552945073,0.678076981985298,0.17463646491060905,632,democracy
full2_reduced,court_independence_lag1,-0.2014399766921997,Expands Expression,3,0.49858127008762665,0.24797524865511836,0.7499021387902894,0.14078785213293138,632,democracy
full2_reduced,court_independence_lag1,-0.10755997896194458,Mixed Outcome,2,0.2949052430553941,0.10606188009111299,0.5958631926228288,0.1336688733630664,632,democracy
full2_reduced,court_independence_lag1,-0.10755997896194458,Contracts Expression,1,0.2041765976414387,0.032941244892717526,0.6589794734573068,0.16739457586003686,632,democracy
full2_reduced,court_independence_lag1,-0.10755997896194458,Expands Expression,3,0.5009181593031675,0.258496018676893,0.7429093950523062,0.13488376858793946,632,democracy
full2_reduced,court_independence_lag1,-0.013679981231689453,Mixed Outcome,2,0.2933431303699778,0.11048236952578312,0.5811312415637612,0.127616655358412,632,democracy
full2_reduced,court_independence_lag1,-0.013679981231689453,Contracts Expression,1,0.20340187719116534,0.03547154219134659,0.6393572197177473,0.1601924687570365,632,democracy
full2_reduced,court_independence_lag1,-0.013679981231689453,Expands Expression,3,0.5032549924388563,0.26929598761036894,0.7357972252182372,0.1289787307226359,632,democracy
full2_reduced,court_independence_lag1,0.08020001649856567,Mixed Outcome,2,0.291782733326855,0.11504766285574453,0.5662836536505552,0.12161165812278367,632,democracy
full2_reduced,court_independence_lag1,0.08020001649856567,Contracts Expression,1,0.2026255939835673,0.03818576767648339,0.6192649778149113,0.15303073501377898,632,democracy
full2_reduced,court_independence_lag1,0.08020001649856567,Expands Expression,3,0.505591672689577,0.280367328927115,0.728569226232656,0.12307460881629231,632,democracy
full2_reduced,court_independence_lag1,0.1740800142288208,Mixed Outcome,2,0.29022411088069,0.11975945450980106,0.5513479193637978,0.11565457565853857,632,democracy
full2_reduced,court_independence_lag1,0.1740800142288208,Contracts Expression,1,0.20184778586376742,0.04109567748210421,0.5987639321430045,0.1459100336999402,632,democracy
full2_reduced,court_independence_lag1,0.1740800142288208,Expands Expression,3,0.507928103255543,0.29170052077574826,0.7212296901422837,0.11717350369475989,632,democracy
full2_reduced,court_independence_lag1,0.2679600119590759,Mixed Outcome,2,0.28866732181893917,0.12461909750787853,0.5363523879193676,0.10974621578807027,632,democracy
full2_reduced,court_independence_lag1,0.2679600119590759,Contracts Expression,1,0.20106849082398964,0.04421349771532459,0.5779211269951916,0.13883110797678092,632,democracy
full2_reduced,court_independence_lag1,0.2679600119590759,Expands Expression,3,0.5102641873570726,0.30328420214462903,0.7137837265694624,0.1112778063512911,632,democracy
full2_reduced,court_independence_lag1,0.36184000968933105,Mixed Outcome,2,0.2871124247528643,0.12962753034433439,0.5213261350995709,0.10388753019789614,632,democracy
full2_reduced,court_independence_lag1,0.36184000968933105,Contracts Expression,1,0.200287746997771,0.04755188265961657,0.556808749873451,0.1317948064527666,632,democracy
full2_reduced,court_independence_lag1,0.36184000968933105,Expands Expression,3,0.5125998282493651,0.3151050007264559,0.7062374226181705,0.105390277094197,632,democracy
full2_reduced,court_independence_lag1,0.4557200074195862,Mixed Outcome,2,0.2855594781085842,0.13478518432463676,0.506298844019142,0.09807965422405594,632,democracy
full2_reduced,court_independence_lag1,0.4557200074195862,Contracts Expression,1,0.19950559265412995,0.051123853623220195,0.5355032844603772,0.12480211125671778,632,democracy
full2_reduced,court_independence_lag1,0.4557200074195862,Expands Expression,3,0.5149349292372862,0.3271473182723156,0.6985980552900103,0.09951415196608364,632,democracy
full2_reduced,court_independence_lag1,0.5496000051498413,Mixed Outcome,2,0.28400854011815774,0.14009186385001904,0.4913007093801682,0.09232396023501464,632,democracy
full2_reduced,court_independence_lag1,0.5496000051498413,Contracts Expression,1,0.19872206619169147,0.054942712307135766,0.5140845606447372,0.11785417541015128,632,democracy
full2_reduced,court_independence_lag1,0.5496000051498413,Expands Expression,3,0.51726939369015,0.33939305197042724,0.6908743786298892,0.09365328783109031,632,democracy
full2_reduced,court_independence_lag1,0.6434800028800964,Mixed Outcome,2,0.28245966881071577,0.14554658857149622,0.4763623794238763,0.08662213029594434,632,democracy
full2_reduced,court_independence_lag1,0.6434800028800964,Contracts Expression,1,0.19793720613279336,0.059021920139351286,0.4926347374500221,0.11095237327182265,632,democracy
full2_reduced,court_independence_lag1,0.6434800028800964,Expands Expression,3,0.5196031250564908,0.3518212191786681,0.68307701888984,0.08781236318588836,632,democracy
full2_reduced,court_independence_lag1,0.7373600006103516,Mixed Outcome,2,0.2809129220036355,0.15114738075536102,0.4615149553688447,0.08097625665088302,632,democracy
full2_reduced,court_independence_lag1,0.7373600006103516,Contracts Expression,1,0.19715105111753264,0.06337493132297647,0.4712372631637905,0.10409836967026899,632,democracy
full2_reduced,court_independence_lag1,0.7373600006103516,Expands Expression,3,0.5219360268788327,0.3644074351971072,0.6752190284785692,0.08199716068848795,632,democracy
full2_reduced,court_independence_lag1,0.8312399983406067,Mixed Outcome,2,0.2793683572937576,0.15689097231334692,0.4467900769341466,0.07538898310076132,632,democracy
full2_reduced,court_independence_lag1,0.8312399983406067,Contracts Expression,1,0.19636363989780675,0.06801496156072703,0.4499758658482714,0.09729421625296941,632,democracy
full2_reduced,court_independence_lag1,0.8312399983406067,Expands Expression,3,0.5242680028084332,0.37712316545406227,0.6673166775893086,0.07621497178285205,632,democracy
full2_reduced,court_independence_lag1,0.9251199960708618,Mixed Outcome,2,0.2778260320486592,0.16277239145781788,0.43222013688452904,0.06986370775836194,632,democracy
full2_reduced,court_independence_lag1,0.9251199960708618,Contracts Expression,1,0.19557501133130306,0.07295466512573297,0.42893363789229416,0.09054248828854847,632,democracy
full2_reduced,court_independence_lag1,0.9251199960708618,Expands Expression,3,0.5265989566200368,0.3899346271382554,0.6593906085314456,0.07047518739438279,632,democracy
full2_reduced,court_independence_lag1,1.018999993801117,Mixed Outcome,2,0.27628600339796955,0.16878436473414865,0.41783869151732905,0.06440488002365331,632,democracy
full2_reduced,court_independence_lag1,1.018999993801117,Contracts Expression,1,0.1947852043754689,0.07820567759058986,0.4081922928155107,0.08384648297226646,632,democracy
full2_reduced,court_independence_lag1,1.018999993801117,Expands Expression,3,0.5289287922265626,0.4028011380012944,0.6514675548753193,0.06479017810677776,632,democracy
full2_reduced,court_independence_lag1,1.112879991531372,Mixed Outcome,2,0.2747483282247516,0.17491642866903387,0.4036811752384764,0.05901844582011065,632,democracy
full2_reduced,court_independence_lag1,1.112879991531372,Contracts Expression,1,0.19399425808145676,0.08377795537914279,0.3878316959394765,0.07721051361381032,632,democracy
full2_reduced,court_independence_lag1,1.112879991531372,Expands Expression,3,0.5312574136937931,0.4156725789345128,0.6435829584050147,0.059176634204696425,632,democracy
full2_reduced,court_independence_lag1,1.2067599892616272,Mixed Outcome,2,0.2732130631569299,0.1811535720846355,0.3897861002284343,0.05371253250100359,632,democracy
full2_reduced,court_independence_lag1,1.2067599892616272,Contracts Expression,1,0.19320221158803647,0.08967879733687203,0.36792981206455605,0.07064035754159609,632,democracy
full2_reduced,court_independence_lag1,1.2067599892616272,Expands Expression,3,0.5335847252550328,0.4284854121820104,0.6357850413766211,0.053657650877772814,632,democracy
full2_reduced,court_independence_lag1,1.3006399869918823,Mixed Outcome,2,0.2716802645587879,0.18747409736407347,0.37619705459105124,0.04849853261902101,632,democracy
full2_reduced,court_independence_lag1,1.3006399869918823,Contracts Expression,1,0.1924091041154878,0.09591134986781163,0.34856329115314627,0.06414395824814371,632,democracy
full2_reduced,court_independence_lag1,1.3006399869918823,Expands Expression,3,0.5359106313257231,0.44115631287959595,0.6281412755144303,0.048266040484938086,632,democracy
full2_reduced,court_independence_lag1,1.3945199847221375,Mixed Outcome,2,0.27014998852252214,0.19384614135675554,0.3629660595797065,0.04339287216717052,632,democracy
full2_reduced,court_independence_lag1,1.3945199847221375,Contracts Expression,1,0.19161497495947705,0.1024722392135206,0.32980906431939255,0.05773256291464847,632,democracy
full2_reduced,court_independence_lag1,1.3945199847221375,Expands Expression,3,0.5382350365179994,0.4535718364049734,0.6207488241542837,0.04304967918861803,632,democracy
full2_reduced,court_independence_lag1,1.4883999824523926,Mixed Outcome,2,0.26862229085986244,0.20022182404690722,0.35015931865463473,0.03841999018405594,632,democracy
full2_reduced,court_independence_lag1,1.4883999824523926,Contracts Expression,1,0.19081986348489977,0.10934766407722447,0.31174762574342546,0.051422634799397376,632,democracy
full2_reduced,court_independence_lag1,1.4883999824523926,Expands Expression,3,0.5405578456552383,0.4655716078758673,0.6137514698809169,0.03808017576593227,632,democracy
full2_reduced,court_independence_lag1,1.5822799801826477,Mixed Outcome,2,0.2670972270937551,0.2065270822085991,0.33786730162349154,0.03361752174831754,632,democracy
full2_reduced,court_independence_lag1,1.5822799801826477,Contracts Expression,1,0.1900238091197214,0.11650664673592544,0.2944693042506742,0.0452392038882791,632,democracy
full2_reduced,court_independence_lag1,1.5822799801826477,Expands Expression,3,0.5428789637865227,0.47692164786286123,0.6073664120887763,0.03346660156833232,632,democracy
full2_reduced,court_independence_lag1,1.6761599779129028,Mixed Outcome,2,0.26557485245012763,0.21264353497306937,0.3262228170282439,0.02904554986195464,632,democracy
full2_reduced,court_independence_lag1,1.6761599779129028,Contracts Expression,1,0.1892268513487935,0.12388879147764309,0.27808617123686663,0.03922200725958234,632,democracy
full2_reduced,court_independence_lag1,1.6761599779129028,Expands Expression,3,0.5451982962010791,0.48727588360243884,0.6019228835198513,0.029375300952210266,632,democracy
full2_reduced,court_independence_lag1,1.770039975643158,Mixed Outcome,2,0.2640552218497162,0.21837593328480925,0.315433520529365,0.024803219776806548,632,democracy
full2_reduced,court_independence_lag1,1.770039975643158,Contracts Expression,1,0.18842902970765363,0.1313809634583761,0.26275516193397236,0.03343726729652628,632,democracy
full2_reduced,court_independence_lag1,1.770039975643158,Expands Expression,3,0.5475157484426305,0.49613579999520774,0.597902629711256,0.026050750329180913,632,democracy
full2_reduced,court_independence_lag1,1.863919973373413,Mixed Outcome,2,0.2625383898999691,0.22339668921309858,0.30583736272328765,0.021057063199754013,632,democracy
full2_reduced,court_independence_lag1,1.863919973373413,Contracts Expression,1,0.18763038377631996,0.13877106078153795,0.2487242230811826,0.028001136271721853,632,democracy
full2_reduced,court_independence_lag1,1.863919973373413,Expands Expression,3,0.5498312263237098,0.502857303848165,0.5959331760299322,0.02381250113786158,632,democracy
full2_reduced,court_independence_lag1,1.9577999711036682,Mixed Outcome,2,0.2610244108870283,0.22717156720018641,0.29797689342881195,0.018078968974576275,632,democracy
full2_reduced,court_independence_lag1,1.9577999711036682,Contracts Expression,1,0.18683095317307194,0.14565622413137877,0.23642412566123644,0.02312635018119621,632,democracy
full2_reduced,court_independence_lag1,1.9577999711036682,Expands Expression,3,0.5521446359398999,0.5068080908516904,0.5966305909023152,0.022975553276281563,632,democracy
full2_reduced,court_independence_lag1,2.0516799688339233,Mixed Outcome,2,0.25951333876779786,0.22894646826778503,0.2926124902994999,0.01625305333824991,632,democracy
full2_reduced,court_independence_lag1,2.0516799688339233,Contracts Expression,1,0.1860307775482219,0.1512833039480531,0.22662810421601084,0.019203361004422815,632,democracy
full2_reduced,court_independence_lag1,2.0516799688339233,Expands Expression,3,0.5544558836839795,0.5076957754666619,0.6002714831690584,0.02368366858643379,632,democracy
full2_reduced,court_independence_lag1,2.1455599665641785,Mixed Outcome,2,0.25800522716208235,0.22802120491762107,0.29044861271413924,0.0159361928028897,632,democracy
full2_reduced,court_independence_lag1,2.1455599665641785,Contracts Expression,1,0.1852298965778815,0.15442790121933206,0.22057298799091343,0.016861580362712073,632,democracy
full2_reduced,court_independence_lag1,2.1455599665641785,Expands Expression,3,0.5567648762600382,0.5057740996505349,0.6065869157933965,0.025804514688860154,632,democracy
full2_reduced,court_independence_lag1,2.2394399642944336,Mixed Outcome,2,0.25650012934481586,0.22431002859582833,0.2915733176211636,0.01717222544895504,632,democracy
full2_reduced,court_independence_lag1,2.2394399642944336,Contracts Expression,1,0.18442834995772464,0.1538621823476668,0.21949160576481722,0.01672983638370845,632,democracy
full2_reduced,court_independence_lag1,2.2394399642944336,Expands Expression,3,0.5590715206974575,0.5016561716859091,0.6149492829126587,0.029024637604926355,632,democracy
full2_reduced,court_independence_lag1,2.3333199620246887,Mixed Outcome,2,0.2549980982383814,0.21845094843754922,0.295348997071253,0.019636093382959584,632,democracy
full2_reduced,court_independence_lag1,2.3333199620246887,Contracts Expression,1,0.18362617739674503,0.14957500229944448,0.2233929144260159,0.01881282823035719,632,democracy
full2_reduced,court_independence_lag1,2.3333199620246887,Expands Expression,3,0.5613757243648742,0.495981375487908,0.6247055082454307,0.03301870644962736,632,democracy
full2_reduced,court_independence_lag1,2.427199959754944,Mixed Outcome,2,0.25349918640501196,0.211271387450833,0.30094678967900723,0.022906124885462772,632,democracy
full2_reduced,court_independence_lag1,2.427199959754944,Contracts Expression,1,0.18282341861101456,0.14281504440699025,0.23101912985961418,0.022468871750983225,632,democracy
full2_reduced,court_independence_lag1,2.427199959754944,Expands Expression,3,0.5636773949839715,0.48924583852658604,0.6353466752784233,0.03753537445416368,632,democracy
full2_reduced,court_independence_lag1,2.521079957485199,Mixed Outcome,2,0.2520034460392906,0.2033983253322312,0.30773651521055195,0.026662617082233588,632,democracy
full2_reduced,court_independence_lag1,2.521079957485199,Contracts Expression,1,0.18202011331744697,0.13485932878016876,0.24107749825673255,0.02703895506194184,632,democracy
full2_reduced,court_independence_lag1,2.521079957485199,Expands Expression,3,0.5659764406432638,0.4817903083880572,0.6465202379719964,0.042403058684361325,632,democracy
full2_reduced,court_independence_lag1,2.614959955215454,Mixed Outcome,2,0.25051092896073246,0.19522207362494284,0.31532298500034467,0.030706149272878475,632,democracy
full2_reduced,court_independence_lag1,2.614959955215454,Contracts Expression,1,0.1812163012275564,0.12649667393681036,0.25275711664755907,0.03211112888609701,632,democracy
full2_reduced,court_independence_lag1,2.614959955215454,Expands Expression,3,0.5682727698117124,0.4738402701902656,0.657989978756159,0.047509248663253505,632,democracy
full2_reduced,court_independence_lag1,2.7088399529457092,Mixed Outcome,2,0.24902168660647722,0.1869729114353807,0.3234694584497983,0.034918430463139215,632,democracy
full2_reduced,court_independence_lag1,2.7088399529457092,Contracts Expression,1,0.18041202204122933,0.11814484670666126,0.26561206433094176,0.0374613034051115,632,democracy
full2_reduced,court_independence_lag1,2.7088399529457092,Expands Expression,3,0.5705662913522919,0.4655455393947496,0.6695964785059529,0.05278018672474266,632,democracy
full2_reduced,court_independence_lag1,2.8027199506759644,Mixed Outcome,2,0.24753577002407184,0.17878714706666016,0.3320316787965315,0.03922859866024959,632,democracy
full2_reduced,court_independence_lag1,2.8027199506759644,Contracts Expression,1,0.17960731544049957,0.1100189793935632,0.2793932660327658,0.042967697205654756,632,democracy
full2_reduced,court_independence_lag1,2.8027199506759644,Expands Expression,3,0.5728569145354292,0.45700796830997636,0.681229459681876,0.05816666577646902,632,democracy
full2_reduced,court_independence_lag1,2.8965999484062195,Mixed Outcome,2,0.24605322986434908,0.17074707070819856,0.340918021659533,0.04359286549506668,632,democracy
full2_reduced,court_independence_lag1,2.8965999484062195,Contracts Expression,1,0.17880222108333108,0.10222935160995578,0.2939509918746373,0.04856123465844464,632,democracy
full2_reduced,court_independence_lag1,2.8965999484062195,Expands Expression,3,0.5751445490523203,0.448298979012991,0.692810289642952,0.06363504401543407,632,democracy
full2_reduced,court_independence_lag1,2.9904799461364746,Mixed Outcome,2,0.24457411637441537,0.16290325601510458,0.350067297281257,0.047983176736024584,632,democracy
full2_reduced,court_independence_lag1,2.9904799461364746,Contracts Expression,1,0.17799677859741844,0.09483061717620843,0.3091859183984302,0.05420066835733888,632,democracy
full2_reduced,court_independence_lag1,2.9904799461364746,Expands Expression,3,0.5774291050281644,0.43947036962850683,0.7042811971749994,0.06916170496485315,632,democracy
full2_reduced,court_independence_lag1,3.0843599438667297,Mixed Outcome,2,0.24309847939073911,0.15528698426759746,0.35943643164934397,0.05238091636854175,632,democracy
full2_reduced,court_independence_lag1,3.0843599438667297,Contracts Expression,1,0.1771910275739918,0.08784659624408206,0.3250246366208753,0.05986013530698543,632,democracy
full2_reduced,court_independence_lag1,3.0843599438667297,Expands Expression,3,0.5797104930352699,0.430560994263385,0.7155986021537293,0.07472962983613905,632,democracy
full2_reduced,court_independence_lag1,3.178239941596985,Mixed Outcome,2,0.2416263683323482,0.14791734253567182,0.36899347406772,0.056773329217393864,632,democracy
full2_reduced,court_independence_lag1,3.178239941596985,Contracts Expression,1,0.1763850075616436,0.08128328060135208,0.34140696609926474,0.06552269942585152,632,democracy
full2_reduced,court_independence_lag1,3.178239941596985,Expands Expression,3,0.58198862410601,0.42160095492940847,0.7267289204450873,0.08032624320337314,632,democracy
full2_reduced,court_independence_lag1,3.27211993932724,Mixed Outcome,2,0.24015783219412742,0.14080542122465345,0.3787135049181312,0.061151423191807254,632,democracy
full2_reduced,court_independence_lag1,3.27211993932724,Contracts Expression,1,0.1755787580601701,0.07513601099021155,0.35827912319666194,0.07117684283386637,632,democracy
full2_reduced,court_independence_lag1,3.27211993932724,Expands Expression,3,0.5842634097457025,0.412614284470193,0.7376458656582937,0.08594203090227184,632,democracy
full2_reduced,court_independence_lag1,3.365999937057495,Mixed Outcome,2,0.23869291954023944,0.13395688946056986,0.3885761643878412,0.06550869802301627,632,democracy
full2_reduced,court_independence_lag1,3.365999937057495,Contracts Expression,1,0.17477231851442754,0.06939364295185699,0.3755899334461159,0.07681447079353478,632,democracy
full2_reduced,court_independence_lag1,3.365999937057495,Expands Expression,3,0.5865347619453343,0.4036206998481898,0.7483286691969092,0.09156963373723392,632,democracy
full2_reduced,v2jupurge_lag1,-1.25600004196167,Mixed Outcome,2,0.23178611595633541,0.0517092645832908,0.62539653395913,0.1554223112891572,632,democracy
full2_reduced,v2jupurge_lag1,-1.25600004196167,Contracts Expression,1,0.040363287948085184,0.0038258192808595785,0.31537285443360175,0.04730221932890133,632,democracy
full2_reduced,v2jupurge_lag1,-1.25600004196167,Expands Expression,3,0.7278505960955798,0.36199174491520153,0.9265061551293915,0.15669897100563998,632,democracy
full2_reduced,v2jupurge_lag1,-1.1715400409698487,Mixed Outcome,2,0.23316613231881816,0.054224208669708306,0.6172377263853779,0.152197738601468,632,democracy
full2_reduced,v2jupurge_lag1,-1.1715400409698487,Contracts Expression,1,0.042193591079446584,0.004277958873564023,0.3111469770484368,0.04799403329190173,632,democracy
full2_reduced,v2jupurge_lag1,-1.1715400409698487,Expands Expression,3,0.7246402766017332,0.3680549866055344,0.9224252321863552,0.153540959258741,632,democracy
full2_reduced,v2jupurge_lag1,-1.0870800399780274,Mixed Outcome,2,0.23452885012309152,0.05684561378483666,0.6089891371624023,0.1489332535840425,632,democracy
full2_reduced,v2jupurge_lag1,-1.0870800399780274,Contracts Expression,1,0.04410141588764464,0.00478294219327916,0.3069505085770333,0.0486474307105852,632,democracy
full2_reduced,v2jupurge_lag1,-1.0870800399780274,Expands Expression,3,0.7213697339892633,0.3740708603819729,0.9181388540541385,0.15034510094179426,632,democracy
full2_reduced,v2jupurge_lag1,-1.002620038986206,Mixed Outcome,2,0.23587301217165937,0.05957651002364038,0.6006533394096538,0.1456293841933182,632,democracy
full2_reduced,v2jupurge_lag1,-1.002620038986206,Contracts Expression,1,0.04608958843301658,0.005346821013052367,0.30278445391988934,0.049257993379182186,632,democracy
full2_reduced,v2jupurge_lag1,-1.002620038986206,Expands Expression,3,0.7180373993953223,0.3800334714457489,0.9136390985627496,0.14711171047953123,632,democracy
full2_reduced,v2jupurge_lag1,-0.9181600379943848,Mixed Outcome,2,0.23719731747965292,0.0624198818167367,0.59223302403543,0.14228668681872192,632,democracy
full2_reduced,v2jupurge_lag1,-0.9181600379943848,Contracts Expression,1,0.04816099914142378,0.005976313047583837,0.29864983711818094,0.04982107534338143,632,democracy
full2_reduced,v2jupurge_lag1,-0.9181600379943848,Expands Expression,3,0.7146416833789231,0.3859370655426385,0.9089179745996342,0.14384109029630718,632,democracy
full2_reduced,v2jupurge_lag1,-0.8337000370025636,Mixed Outcome,2,0.2385004209697786,0.06537865497421586,0.5837309945126947,0.13890574547916096,632,democracy
full2_reduced,v2jupurge_lag1,-0.8337000370025636,Contracts Expression,1,0.05031860083243533,0.0066788691217049,0.2945477040384965,0.050331802157482404,632,democracy
full2_reduced,v2jupurge_lag1,-0.8337000370025636,Expands Expression,3,0.7111809781977867,0.3917760538456061,0.903967444845252,0.14053352818976514,632,democracy
full2_reduced,v2jupurge_lag1,-0.7492400360107422,Mixed Outcome,2,0.23978093328864697,0.06845568326433077,0.575150161194454,0.1354871708545987,632,democracy
full2_reduced,v2jupurge_lag1,-0.7492400360107422,Contracts Expression,1,0.05256540636786767,0.007462745673498073,0.2904791256644523,0.05078507152940717,632,democracy
full2_reduced,v2jupurge_lag1,-0.7492400360107422,Expands Expression,3,0.707653660343488,0.3975450363363248,0.898779450839028,0.1371892950755086,632,democracy
full2_reduced,v2jupurge_lag1,-0.6647800350189209,Mixed Outcome,2,0.24103742075705678,0.07165373461743929,0.5664935352527258,0.13203159916023952,632,democracy
full2_reduced,v2jupurge_lag1,-0.6647800350189209,Contracts Expression,1,0.05490448589581631,0.008337082645543312,0.2864452021532601,0.0511755555627294,632,democracy
full2_reduced,v2jupurge_lag1,-0.6647800350189209,Expands Expression,3,0.7040580933471278,0.4032388231940814,0.8933459406268197,0.13380864328295483,632,democracy
full2_reduced,v2jupurge_lag1,-0.5803200340270996,Mixed Outcome,2,0.24226840546730546,0.07497547705480193,0.5577642223521204,0.12853969087856199,632,democracy
full2_reduced,v2jupurge_lag1,-0.5803200340270996,Contracts Expression,1,0.05733896366529264,0.009311986697427518,0.2824470678603937,0.05149770483288267,632,democracy
full2_reduced,v2jupurge_lag1,-0.5803200340270996,Expands Expression,3,0.7003926308674021,0.40885245363586,0.8876588993237166,0.13039180562563635,632,democracy
full2_reduced,v2jupurge_lag1,-0.49586003303527837,Mixed Outcome,2,0.2434723655410378,0.07842346444830811,0.5489654161987628,0.12501212937355327,632,democracy
full2_reduced,v2jupurge_lag1,-0.49586003303527837,Contracts Expression,1,0.05987201438675347,0.010398619510166778,0.27848589759455245,0.05174575456913818,632,democracy
full2_reduced,v2jupurge_lag1,-0.49586003303527837,Expands Expression,3,0.6966556200722064,0.4143812115742648,0.8817103830333881,0.126938995520637,632,democracy
full2_reduced,v2jupurge_lag1,-0.4114000320434571,Mixed Outcome,2,0.2446477355615216,0.08200012221839656,0.5401003921424672,0.12144961942405444,632,democracy
full2_reduced,v2jupurge_lag1,-0.4114000320434571,Contracts Expression,1,0.0625068591142243,0.01160929073714548,0.2745629144432807,0.05191373325723989,632,democracy
full2_reduced,v2jupurge_lag1,-0.4114000320434571,Expands Expression,3,0.692845405324255,0.4198206373617293,0.875492556705138,0.12345040849572904,632,democracy
full2_reduced,v2jupurge_lag1,-0.3269400310516358,Mixed Outcome,2,0.245792907194547,0.08570773307228112,0.5311725010523517,0.1178528857284945,632,democracy
full2_reduced,v2jupurge_lag1,-0.3269400310516358,Contracts Expression,1,0.06524676062538083,0.012957554871991121,0.27067939961504656,0.051995474033401934,632,democracy
full2_reduced,v2jupurge_lag1,-0.3269400310516358,Expands Expression,3,0.6889603321800742,0.4251665347624093,0.8689977366901132,0.11992622550276524,632,democracy
full2_reduced,v2jupurge_lag1,-0.24248003005981444,Mixed Outcome,2,0.24690623001232814,0.08954842286975291,0.5221851637378102,0.11422267145351135,632,democracy
full2_reduced,v2jupurge_lag1,-0.24248003005981444,Contracts Expression,1,0.0680950182769198,0.014458310932879902,0.2668367048853087,0.05198462931365429,632,democracy
full2_reduced,v2jupurge_lag1,-0.24248003005981444,Expands Expression,3,0.6849987517107521,0.4304149721297451,0.8622184389887595,0.11636661855592509,632,democracy
full2_reduced,v2jupurge_lag1,-0.15802002906799317,Mixed Outcome,2,0.24798601253493763,0.09352414667665818,0.5131418662479066,0.11055973692448723,632,democracy
full2_reduced,v2jupurge_lag1,-0.15802002906799317,Contracts Expression,1,0.07105496231380298,0.016127903380684767,0.2630362684291257,0.05187468920102852,632,democracy
full2_reduced,v2jupurge_lag1,-0.15802002906799317,Expands Expression,3,0.6809590251512617,0.4355622765497322,0.8551474344775847,0.11277175934207065,632,democracy
full2_reduced,v2jupurge_lag1,-0.0735600280761719,Mixed Outcome,2,0.2490305235037492,0.09763667502137038,0.504046156458299,0.10686485858962588,632,democracy
full2_reduced,v2jupurge_lag1,-0.0735600280761719,Contracts Expression,1,0.07412994761257052,0.01798422206307498,0.25927963509105817,0.05165900434758606,632,democracy
full2_reduced,v2jupurge_lag1,-0.0735600280761719,Expands Expression,3,0.6768395288836805,0.44060501941801744,0.84777781278453,0.10914183161760459,632,democracy
full2_reduced,v2jupurge_lag1,0.01089997291564937,Mixed Outcome,2,0.25003799340125626,0.10188758030166958,0.49490164244888113,0.10313882843290711,632,democracy
full2_reduced,v2jupurge_lag1,0.01089997291564937,Contracts Expression,1,0.07732334684087609,0.02004679816439992,0.2555684825200656,0.05133081413578526,632,democracy
full2_reduced,v2jupurge_lag1,0.01089997291564937,Expands Expression,3,0.6726386597578693,0.4455399915267465,0.8401030569745382,0.10547704842499203,632,democracy
full2_reduced,v2jupurge_lag1,0.09535997390747064,Mixed Outcome,2,0.25100661623131576,0.10627822318994197,0.48571199329432535,0.09938245406891466,632,democracy
full2_reduced,v2jupurge_lag1,0.09535997390747064,Contracts Expression,1,0.08063854301773558,0.022336892081623816,0.25190465512979787,0.050883281308869203,632,democracy
full2_reduced,v2jupurge_lag1,0.09535997390747064,Expands Expression,3,0.6683548407509483,0.450364165196723,0.8321171318522325,0.10177767545613851,632,democracy
full2_reduced,v2jupurge_lag1,0.1798199748992919,Mixed Outcome,2,0.2519345515734387,0.11080973874095398,0.4764809430460509,0.09559655983052842,632,democracy
full2_reduced,v2jupurge_lag1,0.1798199748992919,Contracts Expression,1,0.08407892146172756,0.024877567753183862,0.24829020861147255,0.050309534561751953,632,democracy
full2_reduced,v2jupurge_lag1,0.1798199748992919,Expands Expression,3,0.6639865269648331,0.4550746402478655,0.8238145895418242,0.09804406228692213,632,democracy
full2_reduced,v2jupurge_lag1,0.2642799758911132,Mixed Outcome,2,0.2528199269241001,0.11548302170246581,0.4672122988901422,0.09178198926588677,632,democracy
full2_reduced,v2jupurge_lag1,0.2642799758911132,Contracts Expression,1,0.08764786111753754,0.027693746113372584,0.24472746884355392,0.049602721162005974,632,democracy
full2_reduced,v2jupurge_lag1,0.2642799758911132,Expands Expression,3,0.6595322119583632,0.45966856956223995,0.815190697151417,0.09427668375436138,632,democracy
full2_reduced,v2jupurge_lag1,0.34873997688293445,Mixed Outcome,2,0.2536608403372357,0.12029871023811887,0.45790995474836244,0.08793960960760783,632,democracy
full2_reduced,v2jupurge_lag1,0.34873997688293445,Contracts Expression,1,0.09134872525481799,0.030812227836164933,0.24121911069866991,0.04875607250052706,632,democracy
full2_reduced,v2jupurge_lag1,0.34873997688293445,Expands Expression,3,0.6549904344079466,0.4641430585303379,0.8062415928954351,0.09047619451099546,632,democracy
full2_reduced,v2jupurge_lag1,0.4331999778747557,Mixed Outcome,2,0.25445536337505964,0.1252571668565647,0.4485779119833966,0.08407031898343087,632,democracy
full2_reduced,v2jupurge_lag1,0.4331999778747557,Contracts Expression,1,0.09518485153736836,0.03426167206637303,0.2377682647418956,0.04776298672615218,632,democracy
full2_reduced,v2jupurge_lag1,0.4331999778747557,Expands Expression,3,0.6503597850875724,0.46849503058542735,0.7969644792248589,0.08664350087034223,632,democracy
full2_reduced,v2jupurge_lag1,0.517659978866577,Mixed Outcome,2,0.2552015443791177,0.13035845474035676,0.43922030943488216,0.08017505743404206,632,democracy
full2_reduced,v2jupurge_lag1,0.517659978866577,Contracts Expression,1,0.09915954146507433,0.03807251292148479,0.2343786636443053,0.04661713455103161,632,democracy
full2_reduced,v2jupurge_lag1,0.517659978866577,Expands Expression,3,0.6456389141558091,0.47272104802361986,0.7873578645917705,0.08277985560543263,632,democracy
full2_reduced,v2jupurge_lag1,0.6021199798583983,Mixed Outcome,2,0.25589741206999755,0.13560230678949853,0.4298414658398917,0.07625482323770162,632,democracy
full2_reduced,v2jupurge_lag1,0.6021199798583983,Contracts Expression,1,0.10327604919594946,0.04227678836675297,0.23105484613166835,0.045312597347770066,632,democracy
full2_reduced,v2jupurge_lag1,0.6021199798583983,Expands Expression,3,0.6408265387340542,0.47681707292864906,0.7774218698961504,0.07888698360966478,632,democracy
full2_reduced,v2jupurge_lag1,0.6865799808502195,Mixed Outcome,2,0.2565409794824783,0.14098808338417618,0.4204459389349384,0.07231069669125445,632,democracy
full2_reduced,v2jupurge_lag1,0.6865799808502195,Contracts Expression,1,0.10753756976092044,0.04690784521664579,0.2278024458781357,0.043844051523756825,632,democracy
full2_reduced,v2jupurge_lag1,0.6865799808502195,Expands Expression,3,0.6359214507566009,0.4807781465575061,0.767158622128724,0.07496724963955224,632,democracy
full2_reduced,v2jupurge_lag1,0.771039981842041,Mixed Outcome,2,0.2571302482409111,0.14651471287874485,0.4110386074434731,0.0683438744902247,632,democracy
full2_reduced,v2jupurge_lag1,0.771039981842041,Contracts Expression,1,0.11194722668970508,0.0519998670230149,0.2246286084609506,0.042207021137678664,632,democracy
full2_reduced,v2jupurge_lag1,0.771039981842041,Expands Expression,3,0.6309225250693845,0.4845979559171987,0.7565727673093358,0.07102388428541374,632,democracy
full2_reduced,v2jupurge_lag1,0.8554999828338623,Mixed Outcome,2,0.2576632131775141,0.15218060573694478,0.4016247851525476,0.06435571940591782,632,democracy
full2_reduced,v2jupurge_lag1,0.8554999828338623,Contracts Expression,1,0.11650805907220989,0.05758714399118578,0.2215426058588779,0.04039823413665602,632,democracy
full2_reduced,v2jupurge_lag1,0.8554999828338623,Expands Expression,3,0.6258287277502766,0.488268241741799,0.7456721492419601,0.06706129174485853,632,democracy
full2_reduced,v2jupurge_lag1,0.9399599838256836,Mixed Outcome,2,0.25813786729382077,0.1579835282673551,0.392210381111878,0.06034783245166014,632,democracy
full2_reduced,v2jupurge_lag1,0.9399599838256836,Contracts Expression,1,0.12122300808630251,0.06370295746868053,0.21855676344695235,0.03841614074490273,632,democracy
full2_reduced,v2jupurge_lag1,0.9399599838256836,Expands Expression,3,0.620639124619875,0.49177797999071876,0.7344687225340849,0.0630854742751531,632,democracy
full2_reduced,v2jupurge_lag1,1.0244199848175048,Mixed Outcome,2,0.25855220706292775,0.16392041379314515,0.3828021279758171,0.056322158840820084,632,democracy
full2_reduced,v2jupurge_lag1,1.0244199848175048,Contracts Expression,1,0.12609490302950768,0.07037787000205238,0.2156878951112289,0.03626169363499676,632,democracy
full2_reduced,v2jupurge_lag1,1.0244199848175048,Expands Expression,3,0.6153528899075638,0.49511223513653935,0.7229798019444553,0.05910462552573375,632,democracy
full2_reduced,v2jupurge_lag1,1.1088799858093261,Mixed Outcome,2,0.25890423806727964,0.16998707535584007,0.373407914087883,0.05228114600886456,632,democracy
full2_reduced,v2jupurge_lag1,1.1088799858093261,Contracts Expression,1,0.13112644689913805,0.07763706413059081,0.2129595894532748,0.03393956461217121,632,democracy
full2_reduced,v2jupurge_lag1,1.1088799858093261,Expands Expression,3,0.6099693150335832,0.4982505315456582,0.7112298017739415,0.05512997155988248,632,democracy
full2_reduced,v2jupurge_lag1,1.1933399868011474,Mixed Outcome,2,0.2591919809637435,0.17617776006710503,0.3640372787242445,0.04822798417073419,632,democracy
full2_reduced,v2jupurge_lag1,1.1933399868011474,Contracts Expression,1,0.13632020157248675,0.08549609633067524,0.2104059669172614,0.031460113684738736,632,democracy
full2_reduced,v2jupurge_lag1,1.1933399868011474,Expands Expression,3,0.604487817463771,0.5011645100858125,0.6992526977858767,0.051176978938476135,632,democracy
full2_reduced,v2jupurge_lag1,1.2777999877929687,Mixed Outcome,2,0.25941347776439644,0.1824844418249554,0.3547021731279951,0.044166981988686314,632,democracy
full2_reduced,v2jupurge_lag1,1.2777999877929687,Contracts Expression,1,0.141678572645929,0.09395390078825376,0.20807806031729228,0.02884269796685171,632,democracy
full2_reduced,v2jupurge_lag1,1.2777999877929687,Expands Expression,3,0.598907949589675,0.5038145196292256,0.6870955611266167,0.04726710948290096,632,democracy
full2_reduced,v2jupurge_lag1,1.36225998878479,Mixed Outcome,2,0.25956679841810415,0.18889566748237285,0.3454181714037789,0.04010417154021491,632,democracy
full2_reduced,v2jupurge_lag1,1.36225998878479,Contracts Expression,1,0.14720379399903505,0.10298084458695486,0.20605500628298537,0.026121435610185442,632,democracy
full2_reduced,v2jupurge_lag1,1.36225998878479,Expands Expression,3,0.5932294075828584,0.5061446302760397,0.6748236760011155,0.04343038499288617,632,democracy
full2_reduced,v2jupurge_lag1,1.4467199897766112,Mixed Outcome,2,0.25965004767437455,0.19539461137191913,0.3362064753297628,0.03604831848175511,632,democracy
full2_reduced,v2jupurge_lag1,1.4467199897766112,Contracts Expression,1,0.15289791215695692,0.11249768149702416,0.2044641927797734,0.023355538121985327,632,democracy
full2_reduced,v2jupurge_lag1,1.4467199897766112,Expands Expression,3,0.5874520401686674,0.5080753672587929,0.6625279400918158,0.03970912210361744,632,democracy
full2_reduced,v2jupurge_lag1,1.5311799907684325,Mixed Outcome,2,0.25966137220733665,0.20195566403402548,0.32709738600290594,0.03201268119761903,632,democracy
full2_reduced,v2jupurge_lag1,1.5311799907684325,Contracts Expression,1,0.15876277053137752,0.12233804351698345,0.2035177206360905,0.020647962395542473,632,democracy
full2_reduced,v2jupurge_lag1,1.5311799907684325,Expands Expression,3,0.5815758572612867,0.509493373249581,0.6503353372622912,0.036163245958707915,632,democracy
full2_reduced,v2jupurge_lag1,1.6156399917602537,Mixed Outcome,2,0.2595989679739848,0.20853817210382083,0.31813662393293646,0.028018224479056365,632,democracy
full2_reduced,v2jupurge_lag1,1.6156399917602537,Contracts Expression,1,0.16479999362703884,0.13218477533792014,0.20357487742074568,0.018177326035495912,632,democracy
full2_reduced,v2jupurge_lag1,1.6156399917602537,Expands Expression,3,0.5756010383989777,0.5102376329450379,0.6384228452156984,0.032877377413787635,632,democracy
full2_reduced,v2jupurge_lag1,1.700099992752075,Mixed Outcome,2,0.25946108777707066,0.2150743495981817,0.30939747573227344,0.024099808175617608,632,democracy
full2_reduced,v2jupurge_lag1,1.700099992752075,Contracts Expression,1,0.17101097130724924,0.14148479644959586,0.20522595064841523,0.01624069778181998,632,democracy
full2_reduced,v2jupurge_lag1,1.700099992752075,Expands Expression,3,0.5695279409156799,0.5100839668283348,0.6270330670301005,0.029968836547455236,632,democracy
full2_reduced,v2jupurge_lag1,1.7845599937438963,Mixed Outcome,2,0.25924604899932885,0.22144468721965277,0.30100543900896565,0.02031875648592547,632,democracy
full2_reduced,v2jupurge_lag1,1.7845599937438963,Contracts Expression,1,0.17739684321763843,0.14942980485678184,0.20931008791606054,0.015262745160812663,632,democracy
full2_reduced,v2jupurge_lag1,1.7845599937438963,Expands Expression,3,0.5633571077830318,0.5087354009358847,0.616483974874411,0.027592702838977794,632,democracy
full2_reduced,v2jupurge_lag1,1.8690199947357176,Mixed Outcome,2,0.25895224147207113,0.22742598042033704,0.2931902428052314,0.016789402371054953,632,democracy
full2_reduced,v2jupurge_lag1,1.8690199947357176,Contracts Expression,1,0.18395848347272797,0.15523073200578974,0.21663932722742216,0.015655103633668052,632,democracy
full2_reduced,v2jupurge_lag1,1.8690199947357176,Expands Expression,3,0.5570892750552002,0.505837079232423,0.607154093816588,0.025934434475730996,632,democracy
full2_reduced,v2jupurge_lag1,1.9534799957275388,Mixed Outcome,2,0.25857813543768515,0.23258424286964302,0.2863929749167793,0.013733766383324719,632,democracy
full2_reduced,v2jupurge_lag1,1.9534799957275388,Contracts Expression,1,0.1906964857144751,0.15865415263723567,0.22746063883099624,0.017542533946706764,632,democracy
full2_reduced,v2jupurge_lag1,1.9534799957275388,Expands Expression,3,0.5507253788478383,0.5010417661106307,0.5994170722302832,0.02517676943710807,632,democracy
full2_reduced,v2jupurge_lag1,2.03793999671936,Mixed Outcome,2,0.25812228956222033,0.23610902560837838,0.2814317937265069,0.01156617399132108,632,democracy
full2_reduced,v2jupurge_lag1,2.03793999671936,Contracts Expression,1,0.19761114865570165,0.16012358437262184,0.24135310108475738,0.020711737392951533,632,democracy
full2_reduced,v2jupurge_lag1,2.03793999671936,Expands Expression,3,0.5442665617820772,0.4941265809748754,0.5935249905452021,0.02544053768124917,632,democracy
full2_reduced,v2jupurge_lag1,2.1223999977111814,Mixed Outcome,2,0.2575833589511884,0.23686463790453913,0.2794507264394199,0.010867314589332874,632,democracy
full2_reduced,v2jupurge_lag1,2.1223999977111814,Contracts Expression,1,0.20470246222419172,0.160263644799424,0.2576823112023837,0.02484471560928829,632,democracy
full2_reduced,v2jupurge_lag1,2.1223999977111814,Expands Expression,3,0.5377141788246206,0.48509381261003115,0.5895075542519533,0.026733521970074014,632,democracy
full2_reduced,v2jupurge_lag1,2.2068599987030026,Mixed Outcome,2,0.2569601031188629,0.23428137665369678,0.28102844482314243,0.01192984084160063,632,democracy
full2_reduced,v2jupurge_lag1,2.2068599987030026,Contracts Expression,1,0.21197009442510548,0.1595676679071763,0.2759315066590976,0.029688919318086423,632,democracy
full2_reduced,v2jupurge_lag1,2.2068599987030026,Expands Expression,3,0.5310698024560312,0.47416688220165165,0.587176096090298,0.02895260443753426,632,democracy
full2_reduced,v2jupurge_lag1,2.291319999694824,Mixed Outcome,2,0.2562513938589588,0.22907032589129148,0.28546345494570313,0.014393831215894893,632,democracy
full2_reduced,v2jupurge_lag1,2.291319999694824,Contracts Expression,1,0.21941337904006689,0.15835272300845563,0.2957455370259069,0.03508045862825154,632,democracy
full2_reduced,v2jupurge_lag1,2.291319999694824,Expands Expression,3,0.5243352271009746,0.4616884025601579,0.5862254341604122,0.031935631287453886,632,democracy
full2_reduced,v2jupurge_lag1,2.375780000686645,Mixed Outcome,2,0.2554562229624857,0.22232770754392026,0.2916697180253762,0.01770353753183092,632,democracy
full2_reduced,v2jupurge_lag1,2.375780000686645,Contracts Expression,1,0.22703130428092902,0.15681151025218662,0.3168782951449923,0.04091771424109322,632,democracy
full2_reduced,v2jupurge_lag1,2.375780000686645,Expands Expression,3,0.5175124727565855,0.448011208576907,0.5863427060630714,0.03551672963173725,632,democracy
full2_reduced,v2jupurge_lag1,2.4602400016784665,Mixed Outcome,2,0.25457370972701726,0.2147879778055114,0.29892350651022515,0.021488147988139906,632,democracy
full2_reduced,v2jupurge_lag1,2.4602400016784665,Contracts Expression,1,0.23482250251454512,0.15506163479475274,0.3391431823680671,0.0471362154374594,632,democracy
full2_reduced,v2jupurge_lag1,2.4602400016784665,Expands Expression,3,0.5106037877584378,0.4334399352329124,0.5872655990771611,0.03955580929149451,632,democracy
full2_reduced,v2jupurge_lag1,2.5447000026702877,Mixed Outcome,2,0.2536031082004794,0.2068444055667866,0.30684275780158166,0.02555110053104794,632,democracy
full2_reduced,v2jupurge_lag1,2.5447000026702877,Contracts Expression,1,0.24278524117197692,0.15317672171425567,0.3623822092483848,0.05369275852527888,632,democracy
full2_reduced,v2jupurge_lag1,2.5447000026702877,Expands Expression,3,0.5036116506275431,0.41821799252013986,0.5887951248829473,0.04394492576570595,632,democracy
full2_reduced,v2jupurge_lag1,2.629160003662109,Mixed Outcome,2,0.252543814102036,0.198705953389884,0.31523010439203863,0.029789941934390097,632,democracy
full2_reduced,v2jupurge_lag1,2.629160003662109,Contracts Expression,1,0.2509174149513819,0.15120429919317308,0.38644884720307,0.06055627016067831,632,democracy
full2_reduced,v2jupurge_lag1,2.629160003662109,Expands Expression,3,0.496538770946581,0.40253565406560987,0.5907872217563463,0.04860389531167793,632,democracy
full2_reduced,v2jupurge_lag1,2.7136200046539303,Mixed Outcome,2,0.2513953713626482,0.19049100385228265,0.32397903734850475,0.03414843918176379,632,democracy
full2_reduced,v2jupurge_lag1,2.7136200046539303,Contracts Expression,1,0.25921653941827205,0.1491759697265343,0.4111991276829916,0.06770260687142075,632,democracy
full2_reduced,v2jupurge_lag1,2.7136200046539303,Expands Expression,3,0.4893880892190784,0.38654304692677616,0.5931393985748322,0.05347342063808247,632,democracy
full2_reduced,v2jupurge_lag1,2.798080005645752,Mixed Outcome,2,0.25015747822849493,0.1822724127059202,0.33302872200959877,0.03859353054512625,632,democracy
full2_reduced,v2jupurge_lag1,2.798080005645752,Contracts Expression,1,0.2676797461000786,0.14711330204230014,0.43648754110417026,0.0751115427625564,632,democracy
full2_reduced,v2jupurge_lag1,2.798080005645752,Expands Expression,3,0.48216277567142773,0.3703616042691991,0.5957788629851282,0.058509000560810556,632,democracy
full2_reduced,v2jupurge_lag1,2.882540006637573,Mixed Outcome,2,0.24882999287167584,0.17409893528325288,0.3423424203940386,0.04310432974124001,632,democracy
full2_reduced,v2jupurge_lag1,2.882540006637573,Contracts Expression,1,0.27630377916384086,0.14503134145601698,0.46216578933466423,0.08276497885066442,632,democracy
full2_reduced,v2jupurge_lag1,2.882540006637573,Expands Expression,3,0.47486622796448297,0.3540925471931908,0.5986535738282447,0.06367634915422975,632,democracy
full2_reduced,v2jupurge_lag1,2.9670000076293945,Mixed Outcome,2,0.2474129384544782,0.1660058282757276,0.3518967197741603,0.04766664931261333,632,democracy
full2_reduced,v2jupurge_lag1,2.9670000076293945,Contracts Expression,1,0.2850849937565731,0.14294076609446152,0.4880832834230809,0.09064585075893808,632,democracy
full2_reduced,v2jupurge_lag1,2.9670000076293945,Expands Expression,3,0.4675020677889483,0.3378227047440948,0.6017259173728146,0.06894816558829012,632,democracy
full2_reduced,wdj_expression_lag1,-0.6666666865348816,Mixed Outcome,2,0.33442624779869123,0.2249108226238854,0.4652580598493504,0.06235241083851038,632,democracy
full2_reduced,wdj_expression_lag1,-0.6666666865348816,Contracts Expression,1,0.10910483864227923,0.06174144347687981,0.18561405096386188,0.03080497489795307,632,democracy
full2_reduced,wdj_expression_lag1,-0.6666666865348816,Expands Expression,3,0.5564689135590305,0.42100866913986756,0.6840227394534649,0.06869003205366911,632,democracy
full2_reduced,wdj_expression_lag1,-0.633333352804184,Mixed Outcome,2,0.33205965611149957,0.22530602159346855,0.45939960413631986,0.06066960675274304,632,democracy
full2_reduced,wdj_expression_lag1,-0.633333352804184,Contracts Expression,1,0.11103666746833718,0.06401074345343336,0.1857542068170963,0.030335875943089688,632,democracy
full2_reduced,wdj_expression_lag1,-0.633333352804184,Expands Expression,3,0.5569036764201657,0.4243044841658051,0.6818610810312346,0.06719762847404763,632,democracy
full2_reduced,wdj_expression_lag1,-0.6000000190734863,Mixed Outcome,2,0.32969246293524673,0.22569300163668374,0.45354439787689577,0.058995162728250485,632,democracy
full2_reduced,wdj_expression_lag1,-0.6000000190734863,Contracts Expression,1,0.11299607082530404,0.06634962126723326,0.18590689698004584,0.02984739258554276,632,democracy
full2_reduced,wdj_expression_lag1,-0.6000000190734863,Expands Expression,3,0.5573114662394489,0.4275702966331545,0.6796767963378306,0.0657117205555412,632,democracy
full2_reduced,wdj_expression_lag1,-0.5666666853427886,Mixed Outcome,2,0.3273247664156063,0.22607145477120005,0.4476942734711086,0.0573294316628013,632,democracy
full2_reduced,wdj_expression_lag1,-0.5666666853427886,Contracts Expression,1,0.11498324737746857,0.06875896050268973,0.18607336853902312,0.02933974434103697,632,democracy
full2_reduced,wdj_expression_lag1,-0.5666666853427886,Expands Expression,3,0.5576919862069254,0.43080506755674564,0.677469729109057,0.06423240565847348,632,democracy
full2_reduced,wdj_expression_lag1,-0.5333333516120911,Mixed Outcome,2,0.32495666681392993,0.22644104428887935,0.4418510999083155,0.05567278216916313,632,democracy
full2_reduced,wdj_expression_lag1,-0.5333333516120911,Contracts Expression,1,0.1169983913691649,0.07123949614680454,0.18625502926848767,0.0288132380236508,632,democracy
full2_reduced,wdj_expression_lag1,-0.5333333516120911,Expands Expression,3,0.5580449418169032,0.43400773554842337,0.6752397633667861,0.06275979850002948,632,democracy
full2_reduced,wdj_expression_lag1,-0.5000000178813935,Mixed Outcome,2,0.32258826652357414,0.22680140066231153,0.43601678550355616,0.05402560065795732,632,democracy
full2_reduced,wdj_expression_lag1,-0.5000000178813935,Contracts Expression,1,0.11904169243182414,0.07379178575279495,0.18645347325848752,0.028268281308655507,632,democracy
full2_reduced,wdj_expression_lag1,-0.5000000178813935,Expands Expression,3,0.5583700410446022,0.4371772097217288,0.6729868310708589,0.061294035017497035,632,democracy
full2_reduced,wdj_expression_lag1,-0.4666666841506958,Mixed Outcome,2,0.3202196700847545,0.2271521167899146,0.4301932812839753,0.052388293757060424,632,democracy
full2_reduced,wdj_expression_lag1,-0.4666666841506958,Contracts Expression,1,0.12111333538970225,0.07641617563490337,0.1866705112670693,0.027705398713142593,632,democracy
full2_reduced,wdj_expression_lag1,-0.4666666841506958,Expands Expression,3,0.5586669945255422,0.44031236146552777,0.670710920882724,0.059835276788966496,632,democracy
full2_reduced,wdj_expression_lag1,-0.43333335041999815,Mixed Outcome,2,0.31785098419790087,0.22749274245748757,0.42438258515000654,0.050761291129807415,632,democracy
full2_reduced,wdj_expression_lag1,-0.43333335041999815,Contracts Expression,1,0.1232135000644407,0.07911276113599164,0.18690820675095135,0.027125250479855083,632,democracy
full2_reduced,wdj_expression_lag1,-0.43333335041999815,Expands Expression,3,0.5589355157376588,0.4434120149289253,0.6684120882029175,0.0583837160927239,632,democracy
full2_reduced,wdj_expression_lag1,-0.4000000166893005,Mixed Outcome,2,0.31548231773541513,0.22782277786844754,0.41858674696151094,0.04914504876729927,632,democracy
full2_reduced,wdj_expression_lag1,-0.4000000166893005,Contracts Expression,1,0.12534236107863433,0.08188133981918765,0.18716891871736066,0.026528654946727504,632,democracy
full2_reduced,wdj_expression_lag1,-0.4000000166893005,Expands Expression,3,0.5591753211859523,0.4464749360333167,0.6660904666709788,0.056939581700200734,632,democracy
full2_reduced,wdj_expression_lag1,-0.3666666829586029,Mixed Outcome,2,0.3131137817517916,0.22814166606307135,0.4128078747312213,0.047540052846471226,632,democracy
full2_reduced,wdj_expression_lag1,-0.3666666829586029,Contracts Expression,1,0.12750008765858534,0.08472135621248063,0.18745535276371234,0.025916615098567578,632,democracy
full2_reduced,wdj_expression_lag1,-0.3666666829586029,Expands Expression,3,0.5593861305896217,0.44949981979805703,0.6637462813464783,0.05550314551259772,632,democracy
full2_reduced,wdj_expression_lag1,-0.33333334922790525,Mixed Outcome,2,0.31074548949203795,0.22844878400837182,0.4070481421463186,0.045946824265258986,632,democracy
full2_reduced,wdj_expression_lag1,-0.33333334922790525,Contracts Expression,1,0.12968684343641326,0.08763183648464942,0.1877706219232964,0.02529035012553534,632,democracy
full2_reduced,wdj_expression_lag1,-0.33333334922790525,Expands Expression,3,0.5595676670715471,0.45248527573185715,0.6613798638244816,0.05407473016901617,632,democracy
full2_reduced,wdj_expression_lag1,-0.3000000154972076,Mixed Outcome,2,0.3083775563983316,0.22874343209143105,0.40130979768788905,0.04436592399114878,632,democracy
full2_reduced,wdj_expression_lag1,-0.3000000154972076,Contracts Expression,1,0.13190278625172383,0.09061131116031482,0.18811831920719027,0.024651332951693743,632,democracy
full2_reduced,wdj_expression_lag1,-0.3000000154972076,Expands Expression,3,0.5597196573499467,0.45542981099997887,0.6589916695809137,0.05265471777558433,632,democracy
full2_reduced,wdj_expression_lag1,-0.26666668176651,Mixed Outcome,2,0.3060101001148469,0.2290248216886747,0.39559517567840385,0.042797959390209195,632,democracy
full2_reduced,wdj_expression_lag1,-0.26666668176651,Contracts Expression,1,0.13414806795302306,0.09365772371382354,0.1885026040004937,0.0240013348338985,632,democracy
full2_reduced,wdj_expression_lag1,-0.26666668176651,Expands Expression,3,0.5598418319321301,0.458331811032387,0.6565822978888517,0.051243559928276214,632,democracy
full2_reduced,wdj_expression_lag1,-0.23333334803581235,Mixed Outcome,2,0.30364324049071534,0.22929206040980313,0.38990670966077556,0.041243591741251674,632,democracy
full2_reduced,wdj_expression_lag1,-0.23333334803581235,Contracts Expression,1,0.13642283419907306,0.09676832265131516,0.18892830470465533,0.023342478249914467,632,democracy
full2_reduced,wdj_expression_lag1,-0.23333334803581235,Expands Expression,3,0.5599339253102104,0.46118951718508056,0.6541525146998627,0.04984178922937229,632,democracy
full2_reduced,wdj_expression_lag1,-0.20000001430511472,Mixed Outcome,2,0.3012770995810329,0.22954413452073907,0.38424694860724423,0.03970354518803667,632,democracy
full2_reduced,wdj_expression_lag1,-0.20000001430511472,Contracts Expression,1,0.13872722426041326,0.09993953457875765,0.18940104012907064,0.022677299351953357,632,democracy
full2_reduced,wdj_expression_lag1,-0.20000001430511472,Expands Expression,3,0.5599956761585535,0.464001001005786,0.6517032789454801,0.04845003252890973,632,democracy
full2_reduced,wdj_expression_lag1,-0.16666668057441703,Mixed Outcome,2,0.29891180164588954,0.22977988793528872,0.3786185765706781,0.0381786174408705,632,democracy
full2_reduced,wdj_expression_lag1,-0.16666668057441703,Contracts Expression,1,0.14106137082122866,0.10316681588136963,0.18992736200970103,0.022008821197774472,632,democracy
full2_reduced,wdj_expression_lag1,-0.16666668057441703,Expands Expression,3,0.5600268275328812,0.4667641345914816,0.6492357727782136,0.047069026155384955,632,democracy
full2_reduced,wdj_expression_lag1,-0.13333334684371945,Mixed Outcome,2,0.29654747314733854,0.22999799702011528,0.37302443653619966,0.03666969261307456,632,democracy
full2_reduced,wdj_expression_lag1,-0.13333334684371945,Contracts Expression,1,0.1434253997818134,0.1064444812168195,0.19051492045764118,0.02134063867841034,632,democracy
full2_reduced,wdj_expression_lag1,-0.13333334684371945,Expands Expression,3,0.5600271270708482,0.4694765564543956,0.6467514363421973,0.045699633436454244,632,democracy
full2_reduced,wdj_expression_lag1,-0.10000001311302187,Mixed Outcome,2,0.2941842427442751,0.2301969402811545,0.36746755940696146,0.035177756667723624,632,democracy
full2_reduced,wdj_expression_lag1,-0.10000001311302187,Contracts Expression,1,0.1458194300618329,0.1097655083772608,0.19117265278859788,0.020677015372752933,632,democracy
full2_reduced,wdj_expression_lag1,-0.10000001311302187,Expands Expression,3,0.5599963271938928,0.4721356322420143,0.64425200773474,0.04434286484709997,632,democracy
full2_reduced,wdj_expression_lag1,-0.06666667938232418,Mixed Outcome,2,0.2918222412851645,0.23037496177739183,0.36195119928082825,0.033703916063685425,632,democracy
full2_reduced,wdj_expression_lag1,-0.06666667938232418,Contracts Expression,1,0.14824357340461036,0.11312132167949868,0.19191099358369515,0.020022991233161227,632,democracy
full2_reduced,wdj_expression_lag1,-0.06666667938232418,Expands Expression,3,0.5599341853102267,0.4747384095893143,0.6417395688874992,0.04299990115765642,632,democracy
full2_reduced,wdj_expression_lag1,-0.03333334565162649,Mixed Outcome,2,0.2894616017985609,0.23053002684295504,0.3564788764386288,0.0322494203249418,632,democracy
full2_reduced,wdj_expression_lag1,-0.03333334565162649,Contracts Expression,1,0.15069793418268293,0.11650156057457318,0.19274209929960956,0.01938449769658916,632,democracy
full2_reduced,wdj_expression_lag1,-0.03333334565162649,Expands Expression,3,0.5598404640187573,0.47728156632715685,0.6392165981500679,0.04167211998239426,632,democracy
full2_reduced,wdj_expression_lag1,-1.1920928910669204e-08,Mixed Outcome,2,0.28710245948139995,0.23065976837353935,0.3510544297905076,0.03081568942329576,632,democracy
full2_reduced,wdj_expression_lag1,-1.1920928910669204e-08,Contracts Expression,1,0.15318260920484777,0.11989384743427879,0.1936800734852852,0.018768473113939987,632,democracy
full2_reduced,wdj_expression_lag1,-1.1920928910669204e-08,Expands Expression,3,0.5597149313137535,0.4797613512468168,0.636686030382764,0.04036112614239658,632,democracy
full2_reduced,wdj_expression_lag1,0.03333332180976867,Mixed Outcome,2,0.284744951684978,0.2307614215575153,0.34568208090165764,0.029404347056075357,632,democracy
full2_reduced,wdj_expression_lag1,0.03333332180976867,Contracts Expression,1,0.15569768752494362,0.12328357931116461,0.19474116782251438,0.01818296586640304,632,democracy
full2_reduced,wdj_expression_lag1,0.03333332180976867,Expands Expression,3,0.5595573607900782,0.4821735166443041,0.6341513253413958,0.03906878624533469,632,democracy
full2_reduced,wdj_expression_lag1,0.06666665554046636,Mixed Outcome,2,0.28238921789861526,0.230831744505645,0.340366512145507,0.028017261118221854,632,democracy
full2_reduced,wdj_expression_lag1,0.06666665554046636,Contracts Expression,1,0.15824325025261923,0.12665378324211876,0.19594391943894118,0.017637205010794126,632,democracy
full2_reduced,wdj_expression_lag1,0.06666665554046636,Expands Expression,3,0.5593675318487661,0.4845132419817741,0.6316165450229173,0.037797267827933245,632,democracy
full2_reduced,wdj_expression_lag1,0.09999998927116405,Mixed Outcome,2,0.2800353997309433,0.23086692178648022,0.33511296197921875,0.026656592896256045,632,democracy
full2_reduced,wdj_expression_lag1,0.09999998927116405,Contracts Expression,1,0.16081937036631505,0.12998509247296625,0.19730916713605587,0.017141609224905166,632,democracy
full2_reduced,wdj_expression_lag1,0.09999998927116405,Expands Expression,3,0.5591452299027398,0.48677504825337403,0.6290864403905736,0.03654908328078981,632,democracy
full2_reduced,wdj_expression_lag1,0.13333332300186163,Mixed Outcome,2,0.27768364088877967,0.23086244747323997,0.3299273407371058,0.025324856716362077,632,democracy
full2_reduced,wdj_expression_lag1,0.13333332300186163,Contracts Expression,1,0.16342611252873354,0.13325591823642483,0.19885987192210355,0.01670769604030288,632,democracy
full2_reduced,wdj_expression_lag1,0.13333332300186163,Expands Expression,3,0.5588902465824872,0.48895270309969624,0.6265665474398155,0.03532713854388349,632,democracy
full2_reduced,wdj_expression_lag1,0.1666666567325592,Mixed Outcome,2,0.2753340871535627,0.2308129840761982,0.3248163705698639,0.02402499189740465,632,democracy
full2_reduced,wdj_expression_lag1,0.1666666567325592,Contracts Expression,1,0.16606353290502238,0.13644290065074915,0.20062065830914766,0.01634784881728611,632,democracy
full2_reduced,wdj_expression_lag1,0.1666666567325592,Expands Expression,3,0.5586023799414161,0.491039117484042,0.6240632917966664,0.034134786170795975,632,democracy
full2_reduced,wdj_expression_lag1,0.1999999904632569,Mixed Outcome,2,0.2729868863553119,0.23071219392606016,0.31978775296544404,0.02276044876204151,632,democracy
full2_reduced,wdj_expression_lag1,0.1999999904632569,Contracts Expression,1,0.16873167898395222,0.13952171056947837,0.20261700457082849,0.016074904933346373,632,democracy
full2_reduced,wdj_expression_lag1,0.1999999904632569,Expands Expression,3,0.5582814346607348,0.493026235948378,0.6215840998352015,0.03297588174756492,632,democracy
full2_reduced,wdj_expression_lag1,0.23333332419395458,Mixed Outcome,2,0.27064218834408943,0.2305525406193353,0.31485036624203594,0.021535289925888157,632,democracy
full2_reduced,wdj_expression_lag1,0.23333332419395458,Contracts Expression,1,0.171430589402324,0.1424682278651186,0.2048740565087619,0.015901552330234603,632,democracy
full2_reduced,wdj_expression_lag1,0.23333332419395458,Expands Expression,3,0.5579272222535867,0.49490492426663396,0.619137512500161,0.03185484173661221,632,democracy
full2_reduced,wdj_expression_lag1,0.26666665792465216,Mixed Outcome,2,0.2683001449589221,0.23032506078082848,0.31001449275928,0.020354306735698557,632,democracy
full2_reduced,wdj_expression_lag1,0.26666665792465216,Contracts Expression,1,0.17416029377287032,0.1452600340198257,0.20741512688894384,0.015839566278230518,632,democracy
full2_reduced,wdj_expression_lag1,0.26666665792465216,Expands Expression,3,0.5575395612682085,0.49666486087747247,0.6167332954555106,0.030776699510897162,632,democracy
full2_reduced,wdj_expression_lag1,0.29999999165534974,Mixed Outcome,2,0.2659609099941972,0.2300191118193737,0.3052920701728949,0.019223147961642505,632,democracy
full2_reduced,wdj_expression_lag1,0.29999999165534974,Contracts Expression,1,0.17692081251591804,0.14787804168677937,0.21026005791878855,0.015898976984641256,632,democracy
full2_reduced,wdj_expression_lag1,0.29999999165534974,Expands Expression,3,0.557118277489885,0.4982944419597253,0.614382535698085,0.02974715457059898,632,democracy
full2_reduced,wdj_expression_lag1,0.33333332538604754,Mixed Outcome,2,0.2636246391634719,0.22962211128538165,0.30069695112518185,0.01814845278062307,632,democracy
full2_reduced,wdj_expression_lag1,0.33333332538604754,Contracts Expression,1,0.17971215669505552,0.15030798275308058,0.21342372527345777,0.01608731022487161,632,democracy
full2_reduced,wdj_expression_lag1,0.33333332538604754,Expands Expression,3,0.5566632041414709,0.4997807144464757,0.6120977103415651,0.028772607675855516,632,democracy
full2_reduced,wdj_expression_lag1,0.3666666591167451,Mixed Outcome,2,0.2612914900607116,0.22911930010799994,0.29624513909454125,0.01713797158156213,632,democracy
full2_reduced,wdj_expression_lag1,0.3666666591167451,Contracts Expression,1,0.1825343278570741,0.15254144698954397,0.21691499162613515,0.016409058112274926,632,democracy
full2_reduced,wdj_expression_lag1,0.3666666591167451,Expands Expression,3,0.5561741820822128,0.5011093564819905,0.6098927080668974,0.027860171973735273,632,democracy
full2_reduced,wdj_expression_lag1,0.3999999928474427,Mixed Outcome,2,0.2589616221189389,0.22849358751578305,0.29195494260111093,0.016200645097396396,632,democracy
full2_reduced,wdj_expression_lag1,0.3999999928474427,Contracts Expression,1,0.18538731787643833,0.15457624333677614,0.22073633767672599,0.016865496219345473,632,democracy
full2_reduced,wdj_expression_lag1,0.3999999928474427,Expands Expression,3,0.5556510600046234,0.5022647301862758,0.6077827783736729,0.027017647462605945,632,democracy
full2_reduced,wdj_expression_lag1,0.4333333265781403,Mixed Outcome,2,0.2566351965662856,0.22772557008425062,0.2878469553259035,0.015346594690261166,632,democracy
full2_reduced,wdj_expression_lag1,0.4333333265781403,Contracts Expression,1,0.18827110880454634,0.15641602722232903,0.2248842273276867,0.017454875743485004,632,democracy
full2_reduced,wdj_expression_lag1,0.4333333265781403,Expands Expression,3,0.5550936946291668,0.5032300358314226,0.6057843795264782,0.026253443970768772,632,democracy
full2_reduced,wdj_expression_lag1,0.46666666030883786,Mixed Outcome,2,0.25431237637943965,0.2267938557470119,0.2839437313074112,0.014586957019490048,632,democracy
full2_reduced,wdj_expression_lag1,0.46666666030883786,Contracts Expression,1,0.19118567272403228,0.15806932683409308,0.2293500741304488,0.01817292265347605,632,democracy
full2_reduced,wdj_expression_lag1,0.46666666030883786,Expands Expression,3,0.5545019508965275,0.5039875975416942,0.6039148950812986,0.025576437303785057,632,democracy
full2_reduced,wdj_expression_lag1,0.49999999403953566,Mixed Outcome,2,0.25199332623450255,0.22567584906385396,0.2802689989229418,0.013933483321243886,632,democracy
full2_reduced,wdj_expression_lag1,0.49999999403953566,Contracts Expression,1,0.19413097160836396,0.15954822642968522,0.2341215509695172,0.019013511892986598,632,democracy
full2_reduced,wdj_expression_lag1,0.49999999403953566,Expands Expression,3,0.5538757021571333,0.5045193055376685,0.6021921939672885,0.024995745797835877,632,democracy
full2_reduced,wdj_expression_lag1,0.5333333277702332,Mixed Outcome,2,0.24967821245524954,0.22434913400995096,0.276846277390991,0.013397833730879738,632,democracy
full2_reduced,wdj_expression_lag1,0.5333333277702332,Contracts Expression,1,0.19710695718699278,0.16086698607064032,0.23918396364607025,0.019969373889292655,632,democracy
full2_reduced,wdj_expression_lag1,0.5333333277702332,Expands Expression,3,0.5532148303577552,0.5048072257484146,0.6006340232945361,0.024520421737215133,632,democracy
full2_reduced,wdj_expression_lag1,0.5666666615009308,Mixed Outcome,2,0.24736720295881232,0.22279348271186067,0.2736968673694261,0.012990552081407978,632,democracy
full2_reduced,wdj_expression_lag1,0.5666666615009308,Contracts Expression,1,0.2001135708163041,0.162040813232738,0.24452147295977658,0.021032723305416938,632,democracy
full2_reduced,wdj_expression_lag1,0.5666666615009308,Expands Expression,3,0.5525192262248834,0.504834362571997,0.5992572481004711,0.024159064842047863,632,democracy
full2_reduced,wdj_expression_lag1,0.5999999952316286,Mixed Outcome,2,0.24506046719878866,0.22099330069324635,0.2708374050868082,0.012719817755210697,632,democracy
full2_reduced,wdj_expression_lag1,0.5999999952316286,Contracts Expression,1,0.20315074335660216,0.16308490243589285,0.2501180491969741,0.022195750712687683,632,democracy
full2_reduced,wdj_expression_lag1,0.5999999952316286,Expands Expression,3,0.5517887894446085,0.5045855262468357,0.5980769865642281,0.02391938250812216,632,democracy
full2_reduced,wdj_expression_lag1,0.6333333289623262,Mixed Outcome,2,0.24275817610581307,0.21894004100984296,0.2682774476276778,0.01259021310384875,632,democracy
full2_reduced,wdj_expression_lag1,0.6333333289623262,Contracts Expression,1,0.2062183950553954,0.16401376938228895,0.25595813258722194,0.02345096365969457,632,democracy
full2_reduced,wdj_expression_lag1,0.6333333289623262,Expands Expression,3,0.5510234288387899,0.5040482193482626,0.5971057261649836,0.023807740300479344,632,democracy
full2_reduced,wdj_expression_lag1,0.6666666626930238,Mixed Outcome,2,0.24046050202559208,0.2166339305835474,0.26601774606195383,0.0126018414491161,632,democracy
full2_reduced,wdj_expression_lag1,0.6666666626930238,Contracts Expression,1,0.20931643543718567,0.16484084789984035,0.26202703148299133,0.024791393340470806,632,democracy
full2_reduced,wdj_expression_lag1,0.6666666626930238,Expands Expression,3,0.5502230625372225,0.5032134290015479,0.5963525341818287,0.023828760427615336,632,democracy
full2_reduced,wdj_expression_lag1,0.6999999964237213,Mixed Outcome,2,0.2381676186544521,0.21408443023437976,0.26404978491982445,0.012750090845599945,632,democracy
full2_reduced,wdj_expression_lag1,0.6999999964237213,Contracts Expression,1,0.2124447632000276,0.16557829206905705,0.26831111593387424,0.026210696306819097,632,democracy
full2_reduced,wdj_expression_lag1,0.6999999964237213,Expands Expression,3,0.549387618145521,0.5020762056224178,0.5958224817116081,0.023985028869279054,632,democracy
full2_reduced,wdj_expression_lag1,0.7333333301544189,Mixed Outcome,2,0.23587970097242003,0.21130923710855432,0.26235677931391876,0.013026141300486148,632,democracy
full2_reduced,wdj_expression_lag1,0.7333333301544189,Contracts Expression,1,0.21560326611904765,0.16623692270283635,0.2747978675357964,0.027703182312457365,632,democracy
full2_reduced,wdj_expression_lag1,0.7333333301544189,Expands Expression,3,0.5485170329085324,0.5006359335100471,0.5955163758659722,0.024276959343692932,632,democracy
full2_reduced,wdj_expression_lag1,0.7666666638851167,Mixed Outcome,2,0.2335969251738688,0.20833214408935152,0.2609158151219503,0.013418055086114825,632,democracy
full2_reduced,wdj_expression_lag1,0.7666666638851167,Contracts Expression,1,0.21879182095718286,0.1668262660214245,0.28147583775924273,0.029263794948699882,632,democracy
full2_reduced,wdj_expression_lag1,0.7666666638851167,Expands Expression,3,0.547611253868947,0.4988962505896864,0.5954308428350125,0.02470283582457013,632,democracy
full2_reduced,wdj_expression_lag1,0.7999999976158143,Mixed Outcome,2,0.23131946859579794,0.20518040223532552,0.25970048618512637,0.013912120676854297,632,democracy
full2_reduced,wdj_expression_lag1,0.7999999976158143,Contracts Expression,1,0.2220102933833181,0.16735464494909275,0.2883345543762195,0.030888065305087396,632,democracy
full2_reduced,wdj_expression_lag1,0.7999999976158143,Expands Expression,3,0.5466702380208822,0.4968646392804672,0.5955587398253253,0.025259022372741607,632,democracy
full2_reduced,wdj_expression_lag1,0.8333333313465119,Mixed Outcome,2,0.22904750964375,0.2018822380428016,0.258683376725188,0.014494117876751299,632,democracy
full2_reduced,wdj_expression_lag1,0.8333333313465119,Contracts Expression,1,0.22525853789804318,0.16782929555433962,0.2953644035055266,0.032572052709376575,632,democracy
full2_reduced,wdj_expression_lag1,0.8333333313465119,Expands Expression,3,0.5456939524582062,0.49455176727767725,0.5958898170652717,0.025940300113945138,632,democracy
full2_reduced,wdj_expression_lag1,0.8666666650772097,Mixed Outcome,2,0.22678122771546097,0.1984649398493349,0.25783797466319314,0.015150292818321701,632,democracy
full2_reduced,wdj_expression_lag1,0.8666666650772097,Contracts Expression,1,0.2285363977672268,0.1682564909300924,0.3025565050194253,0.034312281607526925,632,democracy
full2_reduced,wdj_expression_lag1,0.8666666650772097,Expands Expression,3,0.5446823745173123,0.49197068938628286,0.5964115187214275,0.026740274731668144,632,democracy
full2_reduced,wdj_expression_lag1,0.8999999988079073,Mixed Outcome,2,0.22452080312226533,0.1949536379631232,0.25713989125447445,0.015867979287033717,632,democracy
full2_reduced,wdj_expression_lag1,0.8999999988079073,Contracts Expression,1,0.23184370496360043,0.16864166195904245,0.30990259190161856,0.0361056799907562,632,democracy
full2_reduced,wdj_expression_lag1,0.8999999988079073,Expands Expression,3,0.543635491914133,0.48913602389551036,0.5971098092159945,0.027651796665408235,632,democracy
full2_reduced,wdj_expression_lag1,0.9333333325386048,Mixed Outcome,2,0.22226641700833383,0.19137069869886936,0.25656746685927795,0.016635907080158666,632,democracy
full2_reduced,wdj_expression_lag1,0.9333333325386048,Contracts Expression,1,0.23518028011652073,0.16898950927173453,0.31739489927981746,0.037949522290919906,632,democracy
full2_reduced,wdj_expression_lag1,0.9333333325386048,Expands Expression,3,0.5425533028751435,0.48606319529098796,0.5979699331275623,0.028667347275014476,632,democracy
full2_reduced,wdj_expression_lag1,0.9666666662693024,Mixed Outcome,2,0.22001825126780825,0.18773556561226806,0.2561019295560172,0.0174442824215303,632,democracy
full2_reduced,wdj_expression_lag1,0.9666666662693024,Contracts Expression,1,0.23854593247009842,0.16930410382557104,0.3250260657304888,0.03984137806932961,632,democracy
full2_reduced,wdj_expression_lag1,0.9666666662693024,Expands Expression,3,0.541435816262093,0.48276780143547704,0.5989770505215659,0.029779361395067278,632,democracy
full2_reduced,wdj_expression_lag1,1.0,Mixed Outcome,2,0.21777648845988984,0.18406487868114585,0.25572727584891736,0.018284726746939064,632,democracy
full2_reduced,wdj_expression_lag1,1.0,Contracts Expression,1,0.24194045984984297,0.1695889754219641,0.33278904755957583,0.04177906685740819,632,democracy
full2_reduced,wdj_expression_lag1,1.0,Expands Expression,3,0.5402830516902684,0.4792651296059798,0.6001167232998441,0.030980473898013464,632,democracy
full2_reduced_no_public_speech,court_independence_lag1,-2.684999942779541,Mixed Outcome,2,0.20644522872910162,0.06948161699520447,0.47544596058675764,0.10433142265200049,193,autocracy
full2_reduced_no_public_speech,court_independence_lag1,-2.684999942779541,Contracts Expression,1,0.7017026772113383,0.47775275428962827,0.8581350452478307,0.10086514386556156,193,autocracy
full2_reduced_no_public_speech,court_independence_lag1,-2.684999942779541,Expands Expression,3,0.09185209405956024,0.034701377301315305,0.2215257350730093,0.04402494948163916,193,autocracy
full2_reduced_no_public_speech,court_independence_lag1,-2.593139944076538,Mixed Outcome,2,0.2026403524670066,0.07024214818067559,0.4608874425869141,0.1000068191944704,193,autocracy
full2_reduced_no_public_speech,court_independence_lag1,-2.593139944076538,Contracts Expression,1,0.7001036826249236,0.48526981246566736,0.8525221350043818,0.0971321766773734,193,autocracy
full2_reduced_no_public_speech,court_independence_lag1,-2.593139944076538,Expands Expression,3,0.09725596490807012,0.03801450344466196,0.22703073984351768,0.04492698262922945,193,autocracy
full2_reduced_no_public_speech,court_independence_lag1,-2.5012799453735353,Mixed Outcome,2,0.1987692391297959,0.07096015946215911,0.4462149431949992,0.09572260955003434,193,autocracy
full2_reduced_no_public_speech,court_independence_lag1,-2.5012799453735353,Contracts Expression,1,0.6982772392921408,0.4922916819474335,0.8467131508584405,0.09351447462308543,193,autocracy
full2_reduced_no_public_speech,court_independence_lag1,-2.5012799453735353,Expands Expression,3,0.10295352157806288,0.04165018674210323,0.23258837526152482,0.04575743975060586,193,autocracy
full2_reduced_no_public_speech,court_independence_lag1,-2.4094199466705324,Mixed Outcome,2,0.19483189468650183,0.07163301429736123,0.43144527440665986,0.09148048270596343,193,autocracy
full2_reduced_no_public_speech,court_independence_lag1,-2.4094199466705324,Contracts Expression,1,0.6962135922129506,0.49879026087789496,0.8407075805864703,0.09001556936824864,193,autocracy
full2_reduced_no_public_speech,court_independence_lag1,-2.4094199466705324,Expands Expression,3,0.10895451310054798,0.045635189372743114,0.23820186791747364,0.04650688175901297,193,autocracy
full2_reduced_no_public_speech,court_independence_lag1,-2.3175599479675295,Mixed Outcome,2,0.1908287728781589,0.07225803687981687,0.41659723189454456,0.08728254158978871,193,autocracy
full2_reduced_no_public_speech,court_independence_lag1,-2.3175599479675295,Contracts Expression,1,0.6939029980746593,0.5047405467697936,0.8345049650549712,0.08663841381897859,193,autocracy
full2_reduced_no_public_speech,court_independence_lag1,-2.3175599479675295,Expands Expression,3,0.11526822904718181,0.04999729491261875,0.2438752737364494,0.047165902317127334,193,autocracy
full2_reduced_no_public_speech,court_independence_lag1,-2.225699949264526,Mixed Outcome,2,0.1867608150245639,0.07283247197649058,0.40169184400866126,0.0831313722144741,193,autocracy
full2_reduced_no_public_speech,court_independence_lag1,-2.225699949264526,Contracts Expression,1,0.6913357856631656,0.5101209417847037,0.8281046957066468,0.08338526029573184,193,autocracy
full2_reduced_no_public_speech,court_independence_lag1,-2.225699949264526,Expands Expression,3,0.12190339931227044,0.05476506876938801,0.2496135466742904,0.04772528474078508,193,autocracy
full2_reduced_no_public_speech,court_independence_lag1,-2.1338399505615233,Mixed Outcome,2,0.1826294867714041,0.07335342973809396,0.3867526196925815,0.0790301173730504,193,autocracy
full2_reduced_no_public_speech,court_independence_lag1,-2.1338399505615233,Contracts Expression,1,0.6885024215226573,0.5149134905824801,0.8215057984565862,0.08025754849169761,193,autocracy
full2_reduced_no_public_speech,court_independence_lag1,-2.1338399505615233,Expands Expression,3,0.12886809170593924,0.05996754705096132,0.25542261881976197,0.04817618079395915,193,autocracy
full2_reduced_no_public_speech,court_independence_lag1,-2.0419799518585204,Mixed Outcome,2,0.17843681060300773,0.07381781293682076,0.37180578489163385,0.07498255421063858,193,autocracy
full2_reduced_no_public_speech,court_independence_lag1,-2.0419799518585204,Contracts Expression,1,0.6853935804396475,0.519104033815177,0.8147067219212745,0.07725581282183101,193,autocracy
full2_reduced_no_public_speech,court_independence_lag1,-2.0419799518585204,Expands Expression,3,0.13616960895734453,0.06563384536430715,0.2613094938512912,0.048510311242434746,193,autocracy
full2_reduced_no_public_speech,court_independence_lag1,-1.9501199531555176,Mixed Outcome,2,0.17418539292773025,0.07422222382350943,0.35688049588378506,0.07099317497582777,193,autocracy
full2_reduced_no_public_speech,court_independence_lag1,-1.9501199531555176,Contracts Expression,1,0.682000220198154,0.5226822591413673,0.8077051533474697,0.07437962056266548,193,autocracy
full2_reduced_no_public_speech,court_independence_lag1,-1.9501199531555176,Expands Expression,3,0.14381438687411588,0.07179267927746881,0.2672823574028526,0.04872018801056505,193,autocracy
full2_reduced_no_public_speech,court_independence_lag1,-1.8582599544525147,Mixed Outcome,2,0.16987844456517878,0.07456284745983267,0.3420090175867628,0.06706727035061796,193,autocracy
full2_reduced_no_public_speech,court_independence_lag1,-1.8582599544525147,Contracts Expression,1,0.6783136599270677,0.5256416336863033,0.8004978888227847,0.07162755242569852,193,autocracy
full2_reduced_no_public_speech,court_independence_lag1,-1.8582599544525147,Expands Expression,3,0.15180789550775364,0.07847178856850502,0.2733507098244386,0.04879935797346623,193,autocracy
full2_reduced_no_public_speech,court_independence_lag1,-1.7663999557495118,Mixed Outcome,2,0.16551979353118515,0.07483530799732738,0.32722685543072094,0.06321101496739524,193,autocracy
full2_reduced_no_public_speech,court_independence_lag1,-1.7663999557495118,Contracts Expression,1,0.6743256612425159,0.527979201962509,0.793080787907621,0.06899723807222792,193,autocracy
full2_reduced_no_public_speech,court_independence_lag1,-1.7663999557495118,Expands Expression,3,0.16015454522629907,0.08569725789594383,0.27952552902380323,0.04874266885247981,193,autocracy
full2_reduced_no_public_speech,court_independence_lag1,-1.6745399570465087,Mixed Outcome,2,0.1611138891301093,0.0750344940192191,0.31257283089945576,0.05943155500298204,193,autocracy
full2_reduced_no_public_speech,court_independence_lag1,-1.6745399570465087,Contracts Expression,1,0.670028511281273,0.5296952380985086,0.7854488423413273,0.06648545753093418,193,autocracy
full2_reduced_no_public_speech,court_independence_lag1,-1.6745399570465087,Expands Expression,3,0.16885759958861787,0.09349272682200342,0.28581947419964865,0.048546558636134884,193,autocracy
full2_reduced_no_public_speech,court_independence_lag1,-1.5826799583435058,Mixed Outcome,2,0.15666579652512647,0.07515434875649418,0.29808909368476433,0.05573709814097597,193,autocracy
full2_reduced_no_public_speech,court_independence_lag1,-1.5826799583435058,Contracts Expression,1,0.6654151066305294,0.5307927444828556,0.7775963873934437,0.06408831823185318,193,autocracy
full2_reduced_no_public_speech,court_independence_lag1,-1.5826799583435058,Expands Expression,3,0.1779190968443437,0.10187848282986241,0.2922471433303383,0.04820937079940001,193,autocracy
full2_reduced_no_public_speech,court_independence_lag1,-1.490819959640503,Mixed Outcome,2,0.15218118116359663,0.07518762124327309,0.28382106660154927,0.05213700633189302,193,autocracy
full2_reduced_no_public_speech,court_independence_lag1,-1.490819959640503,Contracts Expression,1,0.6604790370885835,0.5312767960322272,0.7695174792143716,0.061801513986994565,193,autocracy
full2_reduced_no_public_speech,court_independence_lag1,-1.490819959640503,Expands Expression,3,0.18733978174781948,0.11087043094081123,0.2988254013104627,0.04773169934748216,193,autocracy
full2_reduced_no_public_speech,court_independence_lag1,-1.3989599609374999,Mixed Outcome,2,0.14766628268181764,0.07512557549477228,0.26981732344060805,0.04864189170849883,193,autocracy
full2_reduced_no_public_speech,court_independence_lag1,-1.3989599609374999,Contracts Expression,1,0.6552146681440705,0.5311537358921784,0.7612064548161935,0.05962066864989638,193,autocracy
full2_reduced_no_public_speech,court_independence_lag1,-1.3989599609374999,Expands Expression,3,0.19711904917411238,0.12047893406058666,0.3055737979854184,0.04711676913943082,193,autocracy
full2_reduced_no_public_speech,court_independence_lag1,-1.307099962234497,Mixed Outcome,2,0.14312787819411343,0.07495765779633838,0.2561294027930334,0.04526371494528889,193,autocracy
full2_reduced_no_public_speech,court_independence_lag1,-1.307099962234497,Contracts Expression,1,0.6496172210413337,0.5304302358543812,0.7526586823525823,0.057541762803709796,193,autocracy
full2_reduced_no_public_speech,court_independence_lag1,-1.307099962234497,Expands Expression,3,0.2072549007645527,0.13070751865474411,0.31251509817001655,0.0463708586639549,193,autocracy
full2_reduced_no_public_speech,court_independence_lag1,-1.215239963531494,Mixed Outcome,2,0.13857323517538214,0.07467112883674008,0.2428115607025468,0.04201588243989651,193,autocracy
full2_reduced_no_public_speech,court_independence_lag1,-1.215239963531494,Contracts Expression,1,0.6436828493085291,0.5291122440897807,0.7438714974937132,0.055561636247451564,193,autocracy
full2_reduced_no_public_speech,court_independence_lag1,-1.215239963531494,Expands Expression,3,0.217743915516089,0.14155144253648716,0.319675945904882,0.04550377315779939,193,autocracy
full2_reduced_no_public_speech,court_independence_lag1,-1.1233799648284912,Mixed Outcome,2,0.13401005446186734,0.07425068032757455,0.2299204589608572,0.038913332615132565,193,autocracy
full2_reduced_no_public_speech,court_independence_lag1,-1.1233799648284912,Contracts Expression,1,0.6374087106639515,0.5272038504154523,0.7348453095574565,0.05367855395925019,193,autocracy
full2_reduced_no_public_speech,court_independence_lag1,-1.1233799648284912,Expands Expression,3,0.22858123487418075,0.15299612680542365,0.3270876820473454,0.04452937507806621,193,autocracy
full2_reduced_no_public_speech,court_independence_lag1,-1.0315199661254884,Mixed Outcome,2,0.1294464042083175,0.07367807928495136,0.21751476867698175,0.03597259003938404,193,autocracy
full2_reduced_no_public_speech,court_independence_lag1,-1.0315199661254884,Contracts Expression,1,0.6307930332844645,0.5247061109322356,0.72558484460382,0.05189281604030115,193,autocracy
full2_reduced_no_public_speech,court_independence_lag1,-1.0315199661254884,Expands Expression,3,0.23976056250721808,0.16501546702422046,0.3347873220164634,0.043466173713080425,193,autocracy
full2_reduced_no_public_speech,court_independence_lag1,-0.9396599674224853,Mixed Outcome,2,0.12489064593635249,0.07293192275799669,0.20565463451985458,0.033211746156518625,193,autocracy
full2_reduced_no_public_speech,court_independence_lag1,-0.9396599674224853,Contracts Expression,1,0.6238351755154686,0.5216158867167442,0.7161004737751872,0.0502073841825728,193,autocracy
full2_reduced_no_public_speech,court_independence_lag1,-0.9396599674224853,Expands Expression,3,0.25127417854817874,0.17757006496207617,0.3428186746874367,0.04233796356134083,193,autocracy
full2_reduced_no_public_speech,court_independence_lag1,-0.8477999687194824,Mixed Outcome,2,0.12035135407436555,0.07198764681262304,0.19440088774629927,0.030650294455620307,193,autocracy
full2_reduced_no_public_speech,court_independence_lag1,-0.8477999687194824,Contracts Expression,1,0.6165356782211229,0.5179247718487094,0.7064095486396248,0.04862848541041932,193,autocracy
full2_reduced_no_public_speech,court_independence_lag1,-0.8477999687194824,Expands Expression,3,0.2631129677045116,0.19060547358668029,0.3512335306731013,0.04117447549978451,193,autocracy
full2_reduced_no_public_speech,court_independence_lag1,-0.7559399700164795,Mixed Outcome,2,0.11583723061039314,0.07081801578323779,0.18381381573950137,0.028308706137170375,193,autocracy
full2_reduced_no_public_speech,court_independence_lag1,-0.7559399700164795,Contracts Expression,1,0.6088963091110982,0.5136182120158903,0.696537632827958,0.047166139339483604,193,autocracy
full2_reduced_no_public_speech,court_independence_lag1,-0.7559399700164795,Expands Expression,3,0.2752664602785093,0.20405063471995516,0.36009276036560456,0.04001196095005555,193,autocracy
full2_reduced_no_public_speech,court_independence_lag1,-0.6640799713134764,Mixed Outcome,2,0.11135701664483759,0.06939440418070546,0.17395120871646824,0.02620758858905697,193,autocracy
full2_reduced_no_public_speech,court_independence_lag1,-0.6640799713134764,Contracts Expression,1,0.6009200985298055,0.5086749530203966,0.686519475671692,0.045834534793521925,193,autocracy
full2_reduced_no_public_speech,court_independence_lag1,-0.6640799713134764,Expands Expression,3,0.2877228848253569,0.2178168282388558,0.3694670188667353,0.038893557523550816,193,autocracy
full2_reduced_no_public_speech,court_independence_lag1,-0.5722199726104735,Mixed Outcome,2,0.10691940273145198,0.06768922088995558,0.16486536396840104,0.024366250971997322,193,autocracy
full2_reduced_no_public_speech,court_independence_lag1,-0.5722199726104735,Contracts Expression,1,0.5926113663484032,0.5030670017487296,0.6763995251984483,0.04465215872256887,193,autocracy
full2_reduced_no_public_speech,court_independence_lag1,-0.5722199726104735,Expands Expression,3,0.30046923092014444,0.2317976368956461,0.3794365672074985,0.03786918947097981,193,autocracy
full2_reduced_no_public_speech,court_independence_lag1,-0.48035997390747065,Mixed Outcome,2,0.10253293992774459,0.06567970956074436,0.15659883852919984,0.022800562589948864,193,autocracy
full2_reduced_no_public_speech,court_independence_lag1,-0.48035997390747065,Contracts Expression,1,0.5839757397513569,0.49676031958367434,0.6662317361803964,0.04364156056867631,193,autocracy
full2_reduced_no_public_speech,court_independence_lag1,-0.48035997390747065,Expands Expression,3,0.31349132032089866,0.24587062843426302,0.3900895169924539,0.03699465354183814,193,autocracy
full2_reduced_no_public_speech,court_independence_lag1,-0.3884999752044678,Mixed Outcome,2,0.09820595343901091,0.06335296310885691,0.14917913015451648,0.02152019603547663,193,autocracy
full2_reduced_no_public_speech,court_independence_lag1,-0.3884999752044678,Contracts Expression,1,0.5750201618505072,0.48971647870642554,0.6560784156278211,0.042828629250180786,193,autocracy
full2_reduced_no_public_speech,court_independence_lag1,-0.3884999752044678,Expands Expression,3,0.32677388471048224,0.25990154743857213,0.4015177110311963,0.03632949185999125,193,autocracy
full2_reduced_no_public_speech,court_independence_lag1,-0.2966399765014649,Mixed Outcome,2,0.09394646063641238,0.060711285136534614,0.14261316344929553,0.020525712963595334,193,autocracy
full2_reduced_no_public_speech,court_independence_lag1,-0.2966399765014649,Contracts Expression,1,0.5657528911836944,0.481895457670777,0.646007900525988,0.042241286752392714,193,autocracy
full2_reduced_no_public_speech,court_independence_lag1,-0.2966399765014649,Expands Expression,3,0.3403006481798935,0.2737515934133429,0.4138096640986512,0.035933359288306724,193,autocracy
full2_reduced_no_public_speech,court_independence_lag1,-0.20477997779846202,Mixed Outcome,2,0.08976209506534603,0.05777628069991154,0.13688319994252054,0.01980633935283149,193,autocracy
full2_reduced_no_public_speech,court_independence_lag1,-0.20477997779846202,Contracts Expression,1,0.5561834922565783,0.4732595962092689,0.6360910186343968,0.0419075810990706,193,autocracy
full2_reduced_no_public_speech,court_independence_lag1,-0.20477997779846202,Expands Expression,3,0.35405441267807586,0.2872876245672435,0.42704072124241527,0.035860962936658684,193,autocracy
full2_reduced_no_public_speech,court_independence_lag1,-0.1129199790954587,Mixed Outcome,2,0.0856600378452659,0.0545898557700516,0.13194598569494564,0.01933938312300309,193,autocracy
full2_reduced_no_public_speech,court_independence_lag1,-0.1129199790954587,Contracts Expression,1,0.5463228173616759,0.4637784623919882,0.6263965512494203,0.041853296376410554,193,autocracy
full2_reduced_no_public_speech,court_independence_lag1,-0.1129199790954587,Expands Expression,3,0.36801714479305847,0.30039388460812794,0.44126182952009946,0.036156278093654966,193,autocracy
full2_reduced_no_public_speech,court_independence_lag1,-0.021059980392455824,Mixed Outcome,2,0.0816469576077501,0.051211144771467675,0.1277361029985171,0.01909181337837118,193,autocracy
full2_reduced_no_public_speech,court_independence_lag1,-0.021059980392455824,Contracts Expression,1,0.5361829799560449,0.4534340528334358,0.6169862516107039,0.042099365746806255,193,autocracy
full2_reduced_no_public_speech,court_independence_lag1,-0.021059980392455824,Expands Expression,3,0.3821700624362046,0.31298260758091667,0.45648955859357276,0.03684737213212413,193,autocracy
full2_reduced_no_public_speech,court_independence_lag1,0.07080001831054705,Mixed Outcome,2,0.07772895983901662,0.04771000730711005,0.12417286522388818,0.019023680217423438,193,autocracy
full2_reduced_no_public_speech,court_independence_lag1,0.07080001831054705,Contracts Expression,1,0.525777319899069,0.4422254766354607,0.6079102463949494,0.04265951022138735,193,autocracy
full2_reduced_no_public_speech,court_independence_lag1,0.07080001831054705,Expands Expression,3,0.39649372026191493,0.32500052229814386,0.4727003366061038,0.03794333443074263,193,autocracy
full2_reduced_no_public_speech,court_independence_lag1,0.16266001701354993,Mixed Outcome,2,0.07391154619968772,0.0441590995433698,0.12116872570569846,0.019092341870895764,193,autocracy
full2_reduced_no_public_speech,court_independence_lag1,0.16266001701354993,Contracts Expression,1,0.5151203608470227,0.4301722236031493,0.5992037028080058,0.04353855161159532,193,autocracy
full2_reduced_no_public_speech,court_independence_lag1,0.16266001701354993,Expands Expression,3,0.41096809295328945,0.3364294381753347,0.4898307056390139,0.03943421978478424,193,autocracy
full2_reduced_no_public_speech,court_independence_lag1,0.2545200157165528,Mixed Outcome,2,0.0701995841013844,0.04062675211223119,0.1186369432973232,0.01925633795424854,193,autocracy
full2_reduced_no_public_speech,court_independence_lag1,0.2545200157165528,Contracts Expression,1,0.5042277600764601,0.4173153718616628,0.5908853949509026,0.044731719745103586,193,autocracy
full2_reduced_no_public_speech,court_independence_lag1,0.2545200157165528,Expands Expression,3,0.42557265582215587,0.3472812576629234,0.5077832362384271,0.041293815281116766,193,autocracy
full2_reduced_no_public_speech,court_independence_lag1,0.3463800144195557,Mixed Outcome,2,0.0665972865385594,0.037172057841344495,0.11649707556695915,0.019478165506037703,193,autocracy
full2_reduced_no_public_speech,court_independence_lag1,0.3463800144195557,Contracts Expression,1,0.4931162509701249,0.40371658373470287,0.582958316016151,0.04622502528821558,193,autocracy
full2_reduced_no_public_speech,court_independence_lag1,0.3463800144195557,Expands Expression,3,0.44028646249131587,0.357589601466455,0.5264358984713143,0.043484109840917655,193,autocracy
full2_reduced_no_public_speech,court_independence_lag1,0.43824001312255856,Mixed Outcome,2,0.06310820191493065,0.03384245707127411,0.11467798765912209,0.01972578587348468,193,autocracy
full2_reduced_no_public_speech,court_independence_lag1,0.43824001312255856,Contracts Expression,1,0.4818035783549812,0.3894552597685985,0.5754119688420548,0.04799650804059676,193,autocracy
full2_reduced_no_public_speech,court_independence_lag1,0.43824001312255856,Expands Expression,3,0.45508821973008784,0.3674007625325919,0.545652156162605,0.045960082614223255,193,autocracy
full2_reduced_no_public_speech,court_independence_lag1,0.5301000118255614,Mixed Outcome,2,0.05973521337497507,0.030673348625760335,0.11311882712877132,0.019973084041706998,193,autocracy
full2_reduced_no_public_speech,court_independence_lag1,0.5301000118255614,Contracts Expression,1,0.47030842684012875,0.37462455557257707,0.5682256397381573,0.0500180045513397,193,autocracy
full2_reduced_no_public_speech,court_independence_lag1,0.5301000118255614,Expands Expression,3,0.46995635978489536,0.37676600852383724,0.5652897465168952,0.0486737858284483,193,autocracy
full2_reduced_no_public_speech,court_independence_lag1,0.6219600105285643,Mixed Outcome,2,0.05648054695795969,0.027688999073572633,0.11176867401438474,0.02019963888827019,193,autocracy
full2_reduced_no_public_speech,court_independence_lag1,0.6219600105285643,Contracts Expression,1,0.4586503422713425,0.35932702177824244,0.5613719118045262,0.05225705501100995,193,autocracy
full2_reduced_no_public_speech,court_independence_lag1,0.6219600105285643,Expands Expression,3,0.4848691107706977,0.3857361120967379,0.5852072469716839,0.05157728054351584,193,autocracy
full2_reduced_no_public_speech,court_independence_lag1,0.7138200092315676,Mixed Outcome,2,0.05334578773835189,0.024904100788678007,0.11058550136479617,0.020390128604716857,193,autocracy
full2_reduced_no_public_speech,court_independence_lag1,0.7138200092315676,Contracts Expression,1,0.44684964640629293,0.3436704623479672,0.554819845481223,0.054678657314493576,193,autocracy
full2_reduced_no_public_speech,court_independence_lag1,0.7138200092315676,Expands Expression,3,0.49980456585535493,0.39435807971255277,0.6052684390650399,0.05462444639601044,193,autocracy
full2_reduced_no_public_speech,court_independence_lag1,0.8056800079345705,Mixed Outcome,2,0.050331903003538916,0.02232552716032231,0.10953488762224334,0.020533598660143284,193,autocracy
full2_reduced_no_public_speech,court_independence_lag1,0.8056800079345705,Contracts Expression,1,0.4349273449267914,0.32776435549390504,0.5485375104219581,0.05724670687311261,193,autocracy
full2_reduced_no_public_speech,court_independence_lag1,0.8056800079345705,Expands Expression,3,0.5147407520696698,0.4026735974145187,0.6253449309152379,0.057771915539044184,193,autocracy
full2_reduced_no_public_speech,court_independence_lag1,0.8975400066375734,Mixed Outcome,2,0.04743927144702525,0.01995402276388146,0.10858873657716887,0.020622725839581173,193,autocracy
full2_reduced_no_public_speech,court_independence_lag1,0.8975400066375734,Contracts Expression,1,0.4229050289462387,0.3117169516909538,0.5424937869752429,0.05992507978760608,193,autocracy
full2_reduced_no_public_speech,court_independence_lag1,0.8975400066375734,Expands Expression,3,0.5296556996067364,0.41071862238947915,0.6453175892390511,0.06097942503673588,193,autocracy
full2_reduced_no_public_speech,court_independence_lag1,0.9894000053405763,Mixed Outcome,2,0.0446677173204969,0.0177857025874763,0.10772412768798423,0.020653144261155887,193,autocracy
full2_reduced_no_public_speech,court_independence_lag1,0.9894000053405763,Contracts Expression,1,0.41080477024444045,0.2956330183792699,0.5366595029283153,0.06267839153524388,193,autocracy
full2_reduced_no_public_speech,court_independence_lag1,0.9894000053405763,Expands Expression,3,0.544527512435063,0.41852364050755325,0.6650772406268199,0.06420983400428246,193,autocracy
full2_reduced_no_public_speech,court_independence_lag1,1.0812600040435791,Mixed Outcome,2,0.04201654848793919,0.01581331752444442,0.106922339378603,0.020622858140340088,193,autocracy
full2_reduced_no_public_speech,court_independence_lag1,1.0812600040435791,Contracts Expression,1,0.3986490105681559,0.2796121293249061,0.5310080441484792,0.06547249990207205,193,autocracy
full2_reduced_no_public_speech,court_independence_lag1,1.0812600040435791,Expands Expression,3,0.559334440943905,0.4261142525081714,0.6845249600025664,0.06742897800033021,193,autocracy
full2_reduced_no_public_speech,court_independence_lag1,1.173120002746582,Mixed Outcome,2,0.03948459735500645,0.014027287866936109,0.10616804560765848,0.02053174412258737,193,autocracy
full2_reduced_no_public_speech,court_independence_lag1,1.173120002746582,Contracts Expression,1,0.3864604454715491,0.2637473868830767,0.5255155864373149,0.06827482472612306,193,autocracy
full2_reduced_no_public_speech,court_independence_lag1,1.173120002746582,Expands Expression,3,0.5740549571734446,0.4335118773284203,0.7035721396535441,0.07060546812489817,193,autocracy
full2_reduced_no_public_speech,court_independence_lag1,1.264980001449585,Mixed Outcome,2,0.03707026370211597,0.012416527059555397,0.10544866728554583,0.020381135974657797,193,autocracy
full2_reduced_no_public_speech,court_independence_lag1,1.264980001449585,Contracts Expression,1,0.3742619033311921,0.24812448000193613,0.5201610790015395,0.07105454788081954,193,autocracy
full2_reduced_no_public_speech,court_independence_lag1,1.264980001449585,Expands Expression,3,0.5886678329666917,0.44073445460663796,0.7221404408476056,0.07371049380924485,193,autocracy
full2_reduced_no_public_speech,court_independence_lag1,1.3568400001525882,Mixed Outcome,2,0.034771558525040325,0.010969085206668186,0.10475385400898564,0.02017348086896108,193,autocracy
full2_reduced_no_public_speech,court_independence_lag1,1.3568400001525882,Contracts Expression,1,0.3620762203481044,0.23282100663271946,0.5149260800505272,0.07378274125679649,193,autocracy
full2_reduced_no_public_speech,court_independence_lag1,1.3568400001525882,Expands Expression,3,0.6031522211268554,0.44779708649050975,0.7401616746639426,0.07671765802875773,193,autocracy
full2_reduced_no_public_speech,court_independence_lag1,1.4486999988555906,Mixed Outcome,2,0.03258614807678177,0.009672642311209012,0.10407507182460014,0.019912056177246156,193,autocracy
full2_reduced_no_public_speech,court_independence_lag1,1.4486999988555906,Contracts Expression,1,0.34992611253526495,0.21790601343607638,0.5097945152329569,0.07643245500407651,193,autocracy
full2_reduced_no_public_speech,court_independence_lag1,1.4486999988555906,Expands Expression,3,0.6174877393879534,0.45471259537931247,0.7575776257773899,0.07960285449248226,193,autocracy
full2_reduced_no_public_speech,court_independence_lag1,1.540559997558594,Mixed Outcome,2,0.030511397404157526,0.00851487870362288,0.10340527553781705,0.019600736733390325,193,autocracy
full2_reduced_no_public_speech,court_independence_lag1,1.540559997558594,Contracts Expression,1,0.3378340458729516,0.20343972290900575,0.5047524060198039,0.0789787860439501,193,autocracy
full2_reduced_no_public_speech,court_independence_lag1,1.540559997558594,Expands Expression,3,0.6316545567228908,0.46149199289972376,0.7743398182508759,0.08234418638849265,193,autocracy
full2_reduced_no_public_speech,court_independence_lag1,1.6324199962615964,Mixed Outcome,2,0.02854441277706506,0.007483746523891572,0.1027386477163657,0.019243804011454483,193,autocracy
full2_reduced_no_public_speech,court_independence_lag1,1.6324199962615964,Contracts Expression,1,0.3258221059847959,0.1894734286679457,0.49978759773015285,0.08139893784581588,193,autocracy
full2_reduced_no_public_speech,court_independence_lag1,1.6324199962615964,Expands Expression,3,0.6456334812381395,0.46814486535792477,0.7904092168839686,0.084921920843706,193,autocracy
full2_reduced_no_public_speech,court_independence_lag1,1.7242799949645997,Mixed Outcome,2,0.026682082513617734,0.006567662407462865,0.10207038998994825,0.018845790129074846,193,autocracy
full2_reduced_no_public_speech,court_independence_lag1,1.7242799949645997,Contracts Expression,1,0.31391186883400424,0.17604954583304425,0.49488950315401153,0.08367227552489163,193,autocracy
full2_reduced_no_public_speech,court_independence_lag1,1.7242799949645997,Expands Expression,3,0.6594060486523781,0.47467968521793935,0.8057558579619932,0.0873184708529618,193,autocracy
full2_reduced_no_public_speech,court_independence_lag1,1.816139993667603,Mixed Outcome,2,0.024921115806680938,0.00575563809380587,0.10139655525723357,0.01841135087266255,193,autocracy
full2_reduced_no_public_speech,court_independence_lag1,1.816139993667603,Contracts Expression,1,0.302124274051514,0.16320180385813343,0.4900488709015691,0.08578037691641545,193,autocracy
full2_reduced_no_public_speech,court_independence_lag1,1.816139993667603,Expands Expression,3,0.6729546101418051,0.48110405886909874,0.8203584068041447,0.08951839598519777,193,autocracy
full2_reduced_no_public_speech,court_independence_lag1,1.9079999923706055,Mixed Outcome,2,0.023258079253855143,0.005037362666535237,0.10071391195415941,0.017945163012851435,193,autocracy
full2_reduced_no_public_speech,court_independence_lag1,1.9079999923706055,Contracts Expression,1,0.2904795025774307,0.15095556884614225,0.48525758138859226,0.08770707743105903,193,autocracy
full2_reduced_no_public_speech,court_independence_lag1,1.9079999923706055,Expands Expression,3,0.6862624181687138,0.48742492121003883,0.8342036434277157,0.09150841314684886,193,autocracy
full2_reduced_no_public_speech,v2jupurge_lag1,-2.7739999294281006,Mixed Outcome,2,0.06907550704234926,0.027924483023739996,0.16083528315486353,0.03113397387501411,193,autocracy
full2_reduced_no_public_speech,v2jupurge_lag1,-2.7739999294281006,Contracts Expression,1,0.4759154834954935,0.24106030358142203,0.7219289036172303,0.13367913713821097,193,autocracy
full2_reduced_no_public_speech,v2jupurge_lag1,-2.7739999294281006,Expands Expression,3,0.45500900946215694,0.2243285325005139,0.7067628138193437,0.13413275535888272,193,autocracy
full2_reduced_no_public_speech,v2jupurge_lag1,-2.6679599285125732,Mixed Outcome,2,0.06972145450447745,0.029002837661829095,0.15828795796814682,0.03044369888611453,193,autocracy
full2_reduced_no_public_speech,v2jupurge_lag1,-2.6679599285125732,Contracts Expression,1,0.4778541676083685,0.24886449748884654,0.7165464593670678,0.1293445921461513,193,autocracy
full2_reduced_no_public_speech,v2jupurge_lag1,-2.6679599285125732,Expands Expression,3,0.45242437788715467,0.2284723530697295,0.6974527707269068,0.12969466543927385,193,autocracy
full2_reduced_no_public_speech,v2jupurge_lag1,-2.561919927597046,Mixed Outcome,2,0.07037087230480997,0.030111303449181465,0.15581110289009784,0.029748563485337075,193,autocracy
full2_reduced_no_public_speech,v2jupurge_lag1,-2.561919927597046,Contracts Expression,1,0.47978802583238805,0.256798399242935,0.7111327842189457,0.12502521783530976,193,autocracy
full2_reduced_no_public_speech,v2jupurge_lag1,-2.561919927597046,Expands Expression,3,0.4498411018628022,0.23264906342404645,0.6880004252107284,0.12527222522714937,193,autocracy
full2_reduced_no_public_speech,v2jupurge_lag1,-2.4558799266815186,Mixed Outcome,2,0.07102373947833035,0.031249394684552102,0.15340631553008274,0.029049572897587368,193,autocracy
full2_reduced_no_public_speech,v2jupurge_lag1,-2.4558799266815186,Contracts Expression,1,0.48171697070714997,0.26485568661366227,0.7056920429224628,0.12072285834187231,193,autocracy
full2_reduced_no_public_speech,v2jupurge_lag1,-2.4558799266815186,Expands Expression,3,0.4472592898145198,0.23685641168453095,0.6784136391904934,0.12086700042758203,193,autocracy
full2_reduced_no_public_speech,v2jupurge_lag1,-2.349839925765991,Mixed Outcome,2,0.07168003442624235,0.032416396021994094,0.15107544885714955,0.028347866564507388,193,autocracy
full2_reduced_no_public_speech,v2jupurge_lag1,-2.349839925765991,Contracts Expression,1,0.48364091522793984,0.27302924493680275,0.7002288645110616,0.11643956029870571,193,autocracy
full2_reduced_no_public_speech,v2jupurge_lag1,-2.349839925765991,Expands Expression,3,0.4446790503458171,0.24109183720711433,0.6687010477831807,0.11648069838713959,193,autocracy
full2_reduced_no_public_speech,v2jupurge_lag1,-2.243799924850464,Mixed Outcome,2,0.07233973491760104,0.03361132508636084,0.14882064883143015,0.027644736559156457,193,autocracy
full2_reduced_no_public_speech,v2jupurge_lag1,-2.243799924850464,Contracts Expression,1,0.48555977285082824,0.28131109691454387,0.6947484123420209,0.1121776091421027,193,autocracy
full2_reduced_no_public_speech,v2jupurge_lag1,-2.243799924850464,Expands Expression,3,0.4421004922315708,0.2453524200299102,0.6588721005830305,0.11211519368023692,193,autocracy
full2_reduced_no_public_speech,v2jupurge_lag1,-2.1377599239349365,Mixed Outcome,2,0.07300281809122676,0.03483288987544981,0.14664439712404753,0.026941648530627083,193,autocracy
full2_reduced_no_public_speech,v2jupurge_lag1,-2.1377599239349365,Contracts Expression,1,0.48747345749777143,0.28969231935951983,0.6892564690594768,0.10793957318027327,193,autocracy
full2_reduced_no_public_speech,v2jupurge_lag1,-2.1377599239349365,Expands Expression,3,0.4395237244110018,0.24963481934920093,0.648937110865199,0.1077725593477828,193,autocracy
full2_reduced_no_public_speech,v2jupurge_lag1,-2.031719923019409,Mixed Outcome,2,0.07366926045790226,0.03607944048541368,0.14454955935888203,0.026240265391908,193,autocracy
full2_reduced_no_public_speech,v2jupurge_lag1,-2.031719923019409,Contracts Expression,1,0.48938188356176543,0.29816294383005587,0.6837595395695654,0.10372835697091927,193,autocracy
full2_reduced_no_public_speech,v2jupurge_lag1,-2.031719923019409,Expands Expression,3,0.4369488559803328,0.2539351985170771,0.6389073151410797,0.1034551050309011,193,autocracy
full2_reduced_no_public_speech,v2jupurge_lag1,-1.9256799221038818,Mixed Outcome,2,0.07433903790285416,0.037348914792667186,0.14253943924639056,0.025542473917773978,193,autocracy
full2_reduced_no_public_speech,v2jupurge_lag1,-1.9256799221038818,Contracts Expression,1,0.49128496591202075,0.3067118363523514,0.6782649769007043,0.09954726655484158,193,autocracy
full2_reduced_no_public_speech,v2jupurge_lag1,-1.9256799221038818,Expands Expression,3,0.4343759961851254,0.2582491327945786,0.6287949468846119,0.0991654239720813,193,autocracy
full2_reduced_no_public_speech,v2jupurge_lag1,-1.8196399211883545,Mixed Outcome,2,0.07501212568852006,0.03863877793228323,0.14061783876588282,0.02485041430890014,193,autocracy
full2_reduced_no_public_speech,v2jupurge_lag1,-1.8196399211883545,Contracts Expression,1,0.49318261989919326,0.31532655109799707,0.6727811360910896,0.09540008915629297,193,autocracy
full2_reduced_no_public_speech,v2jupurge_lag1,-1.8196399211883545,Expands Expression,3,0.4318052544122866,0.26257149556838333,0.6186133287016395,0.09490645104311533,193,autocracy
full2_reduced_no_public_speech,v2jupurge_lag1,-1.7135999202728271,Mixed Outcome,2,0.07568849845759915,0.0399459557727024,0.13878912417294897,0.024166512586424965,193,autocracy
full2_reduced_no_public_speech,v2jupurge_lag1,-1.7135999202728271,Contracts Expression,1,0.49507476136065975,0.32399315055938166,0.6673175635880617,0.09129119124158612,193,autocracy
full2_reduced_no_public_speech,v2jupurge_lag1,-1.7135999202728271,Expands Expression,3,0.4292367401817413,0.2668963168644163,0.6083769892378511,0.09068153500438803,193,autocracy
full2_reduced_no_public_speech,v2jupurge_lag1,-1.6075599193572998,Mixed Outcome,2,0.07636813023638887,0.04126676312616481,0.13705829711380696,0.02349351540953472,193,autocracy
full2_reduced_no_public_speech,v2jupurge_lag1,-1.6075599193572998,Contracts Expression,1,0.49696130662584975,0.33269598387853416,0.6618852304810485,0.08722563919231438,193,autocracy
full2_reduced_no_public_speech,v2jupurge_lag1,-1.6075599193572998,Expands Expression,3,0.4266705631377616,0.27121660666528863,0.5981018123870275,0.08649452881207458,193,autocracy
full2_reduced_no_public_speech,v2jupurge_lag1,-1.5015199184417725,Mixed Outcome,2,0.07705099443840585,0.04259682830758654,0.13543106918244416,0.022834526443419337,193,autocracy
full2_reduced_no_public_speech,v2jupurge_lag1,-1.5015199184417725,Contracts Expression,1,0.49884217252164237,0.3414174120810881,0.6564968207966247,0.08320934840977368,193,autocracy
full2_reduced_no_public_speech,v2jupurge_lag1,-1.5015199184417725,Expands Expression,3,0.4241068330399521,0.2755241330744505,0.5878052288934132,0.08234990308264177,193,autocracy
full2_reduced_no_public_speech,v2jupurge_lag1,-1.3954799175262451,Mixed Outcome,2,0.07773706386829211,0.043931016828485485,0.13391393716674171,0.022193042817123945,193,autocracy
full2_reduced_no_public_speech,v2jupurge_lag1,-1.3954799175262451,Contracts Expression,1,0.5007172763778259,0.3501374669881056,0.6511670880280356,0.07924926764294206,193,autocracy
full2_reduced_no_public_speech,v2jupurge_lag1,-1.3954799175262451,Expands Expression,3,0.4215456597538821,0.2798091420779993,0.5775064638301184,0.07825288954576963,193,autocracy
full2_reduced_no_public_speech,v2jupurge_lag1,-1.2894399166107178,Mixed Outcome,2,0.07842631072600297,0.045263358689836844,0.13251425451429985,0.021572989343065226,193,autocracy
full2_reduced_no_public_speech,v2jupurge_lag1,-1.2894399166107178,Contracts Expression,1,0.5025865360326333,0.358833427900396,0.6459132957348569,0.0753536067295118,193,autocracy
full2_reduced_no_public_speech,v2jupurge_lag1,-1.2894399166107178,Expands Expression,3,0.41898715324136365,0.2840600024449362,0.5672268565380626,0.07420966289012913,193,autocracy
full2_reduced_no_public_speech,v2jupurge_lag1,-1.1833999156951904,Mixed Outcome,2,0.0791187066112792,0.04658698593927897,0.13124029230035408,0.020978747033984488,193,autocracy
full2_reduced_no_public_speech,v2jupurge_lag1,-1.1833999156951904,Contracts Expression,1,0.5044498698383493,0.3674792973868728,0.6407557607898479,0.0715321173981085,193,autocracy
full2_reduced_no_public_speech,v2jupurge_lag1,-1.1833999156951904,Expands Expression,3,0.4164314235503713,0.2882627537524312,0.5569902753505637,0.07022757235046984,193,autocracy
full2_reduced_no_public_speech,v2jupurge_lag1,-1.077359914779663,Mixed Outcome,2,0.0798142225284018,0.047894089766897366,0.13010128046314506,0.02041517114114515,193,autocracy
full2_reduced_no_public_speech,v2jupurge_lag1,-1.077359914779663,Contracts Expression,1,0.5063071966670032,0.37604515682406914,0.6357185185142097,0.06779643714259888,193,autocracy
full2_reduced_no_public_speech,v2jupurge_lag1,-1.077359914779663,Expands Expression,3,0.4138785808045945,0.29240053008649514,0.5468236548094174,0.06631543713833411,193,autocracy
full2_reduced_no_public_speech,v2jupurge_lag1,-0.9713199138641357,Mixed Outcome,2,0.08051282889122424,0.049175909415325396,0.12910741700196834,0.01988759239859168,193,autocracy
full2_reduced_no_public_speech,v2jupurge_lag1,-0.9713199138641357,Contracts Expression,1,0.5081584359161467,0.3844963830840607,0.6308301281723678,0.06416050590244529,193,autocracy
full2_reduced_no_public_speech,v2jupurge_lag1,-0.9713199138641357,Expands Expression,3,0.4113287351926292,0.2964528257593937,0.5367576892687749,0.062483923015846196,193,autocracy
full2_reduced_no_public_speech,v2jupurge_lag1,-0.8652799129486084,Mixed Outcome,2,0.08121449552848704,0.050422768000305616,0.12826983004945847,0.01940179374200728,193,autocracy
full2_reduced_no_public_speech,v2jupurge_lag1,-0.8652799129486084,Contracts Expression,1,0.5100035075147176,0.3927927156875791,0.6261246293604918,0.06064106131305941,193,autocracy
full2_reduced_no_public_speech,v2jupurge_lag1,-0.8652799129486084,Expands Expression,3,0.4087819969567954,0.3003945626412187,0.5268277237158469,0.058746020894166744,193,autocracy
full2_reduced_no_public_speech,v2jupurge_lag1,-0.759239912033081,Mixed Outcome,2,0.08191919168940635,0.051624172287330336,0.12760047574699845,0.018963953796824782,193,autocracy
full2_reduced_no_public_speech,v2jupurge_lag1,-0.759239912033081,Contracts Expression,1,0.5118423319289989,0.4008871824008985,0.6216426411472292,0.0572582089115131,193,autocracy
full2_reduced_no_public_speech,v2jupurge_lag1,-0.759239912033081,Expands Expression,3,0.40623847638159477,0.3041949172571648,0.5170748838763191,0.05511764906512429,193,autocracy
full2_reduced_no_public_speech,v2jupurge_lag1,-0.6531999111175537,Mixed Outcome,2,0.08262688604954045,0.05276899325763537,0.12711195510851514,0.018580548591520033,193,autocracy
full2_reduced_no_public_speech,v2jupurge_lag1,-0.6531999111175537,Contracts Expression,1,0.5136748301686764,0.4087249299060388,0.6174325571528945,0.05403604414015118,193,autocracy
full2_reduced_no_public_speech,v2jupurge_lag1,-0.6531999111175537,Expands Expression,3,0.4036982837817831,0.30781587166423313,0.5075474820404363,0.051618397914106724,193,autocracy
full2_reduced_no_public_speech,v2jupurge_lag1,-0.5471599102020264,Mixed Outcome,2,0.08333754671692754,0.053845740547742736,0.12681723675785778,0.018258204915974553,193,autocracy
full2_reduced_no_public_speech,v2jupurge_lag1,-0.5471599102020264,Contracts Expression,1,0.5155009237929908,0.4162420785430166,0.6135517173812061,0.05100326625202612,193,autocracy
full2_reduced_no_public_speech,v2jupurge_lag1,-0.5471599102020264,Expands Expression,3,0.4011615294900817,0.3112104819007503,0.49830270507353347,0.04827242086573694,193,autocracy
full2_reduced_no_public_speech,v2jupurge_lag1,-0.441119909286499,Mixed Outcome,2,0.0840511412384956,0.054842935021587096,0.12672928129975444,0.01800350333615934,193,autocracy
full2_reduced_no_public_speech,v2jupurge_lag1,-0.441119909286499,Contracts Expression,1,0.5173205349169959,0.42336483872201147,0.6100673189965885,0.04819366392421264,193,autocracy
full2_reduced_no_public_speech,v2jupurge_lag1,-0.441119909286499,Expands Expression,3,0.3986283238445083,0.3143209294503441,0.4894085196439762,0.04510943908849537,193,autocracy
full2_reduced_no_public_speech,v2jupurge_lag1,-0.3350799083709717,Mixed Outcome,2,0.08476763660673942,0.05574956938955919,0.1268605773971615,0.01782273627620686,193,autocracy
full2_reduced_no_public_speech,v2jupurge_lag1,-0.3350799083709717,Contracts Expression,1,0.5191335862179217,0.4300093022221852,0.6070566526284205,0.0456462628808604,193,autocracy
full2_reduced_no_public_speech,v2jupurge_lag1,-0.3350799083709717,Expands Expression,3,0.39609877717533815,0.3170765753137476,0.4809455753166399,0.04216574903481209,193,autocracy
full2_reduced_no_public_speech,v2jupurge_lag1,-0.22903990745544434,Mixed Outcome,2,0.08548699926666414,0.05655562804567119,0.12722261836912444,0.017721636224976512,193,autocracy
full2_reduced_no_public_speech,v2jupurge_lag1,-0.22903990745544434,Contracts Expression,1,0.5209400009416444,0.43608253209855213,0.6046060402537641,0.04340481830798682,193,autocracy
full2_reduced_no_public_speech,v2jupurge_lag1,-0.22903990745544434,Expands Expression,3,0.39357299979169136,0.3193925140864703,0.473008608567764,0.039484980521116333,193,autocracy
full2_reduced_no_public_speech,v2jupurge_lag1,-0.12299990653991699,Mixed Outcome,2,0.0862091951229914,0.05725261780491114,0.12782536765259397,0.017705099135785763,193,autocracy
full2_reduced_no_public_speech,v2jupurge_lag1,-0.12299990653991699,Contracts Expression,1,0.5227397029092584,0.4414857401194852,0.6028076855352446,0.04151624990422325,193,autocracy
full2_reduced_no_public_speech,v2jupurge_lag1,-0.12299990653991699,Expands Expression,3,0.3910511019677503,0.32116955996889374,0.46570641605752666,0.03711813139116152,193,autocracy
full2_reduced_no_public_speech,v2jupurge_lag1,-0.01695990562438965,Mixed Outcome,2,0.08693418954762491,0.057834046989273045,0.1286767756504757,0.01777693535057665,193,autocracy
full2_reduced_no_public_speech,v2jupurge_lag1,-0.01695990562438965,Contracts Expression,1,0.5245326165237727,0.4461202712731304,0.6017537168421188,0.0400276513783759,193,autocracy
full2_reduced_no_public_speech,v2jupurge_lag1,-0.01695990562438965,Expands Expression,3,0.38853319392860236,0.3222971102639304,0.4591589519823816,0.03512214238435281,193,autocracy
full2_reduced_no_public_speech,v2jupurge_lag1,0.0890800952911377,Mixed Outcome,2,0.08766194738737294,0.05829578746030318,0.12978241338704652,0.017939681793320842,193,autocracy
full2_reduced_no_public_speech,v2jupurge_lag1,0.0890800952911377,Contracts Expression,1,0.5263186667769058,0.44989655851393984,0.6015272595766973,0.03898178762247849,193,autocracy
full2_reduced_no_public_speech,v2jupurge_lag1,0.0890800952911377,Expands Expression,3,0.38601938583572176,0.32266060011203296,0.45348983603276877,0.03355613748830912,193,autocracy
full2_reduced_no_public_speech,v2jupurge_lag1,0.19512009620666504,Mixed Outcome,2,0.08839243297192287,0.0586362666695416,0.1311452758905571,0.018194502688927985,193,autocracy
full2_reduced_no_public_speech,v2jupurge_lag1,0.19512009620666504,Contracts Expression,1,0.5280977792559978,0.45274502913600223,0.6021915562188893,0.03841159267193375,193,autocracy
full2_reduced_no_public_speech,v2jupurge_lag1,0.19512009620666504,Expands Expression,3,0.3835097877720794,0.3221545988293524,0.4488132218770805,0.032474790455400984,193,autocracy
full2_reduced_no_public_speech,v2jupurge_lag1,0.3011600971221924,Mixed Outcome,2,0.08912561012206702,0.058856463130166854,0.132765781910643,0.018541192464177784,193,autocracy
full2_reduced_no_public_speech,v2jupurge_lag1,0.3011600971221924,Contracts Expression,1,0.5298698801510414,0.4546264729999121,0.603779623651748,0.03833492963487694,193,autocracy
full2_reduced_no_public_speech,v2jupurge_lag1,0.3011600971221924,Expands Expression,3,0.38100450972689165,0.3207003036105142,0.4452162706850159,0.031919444394564636,193,autocracy
full2_reduced_no_public_speech,v2jupurge_lag1,0.4072000980377197,Mixed Outcome,2,0.08986144215817299,0.058959712113589566,0.13464196315112426,0.01897827725262851,193,autocracy
full2_reduced_no_public_speech,v2jupurge_lag1,0.4072000980377197,Contracts Expression,1,0.5316348962618128,0.45553857375083084,0.6062877464437604,0.038751286401453186,193,autocracy
full2_reduced_no_public_speech,v2jupurge_lag1,0.4072000980377197,Expands Expression,3,0.37850366158001436,0.31826267571491057,0.44274198470852955,0.03190939839964043,193,autocracy
full2_reduced_no_public_speech,v2jupurge_lag1,0.5132400989532471,Mixed Outcome,2,0.0905998919088958,0.058951358937141846,0.13676980570354252,0.01950319568049885,193,autocracy
full2_reduced_no_public_speech,v2jupurge_lag1,0.5132400989532471,Contracts Expression,1,0.5333927550051314,0.45551612854731505,0.6096752804088179,0.03964166374978492,193,autocracy
full2_reduced_no_public_speech,v2jupurge_lag1,0.5132400989532471,Expands Expression,3,0.37600735308597305,0.3148602495586812,0.4413793708420052,0.032436904989915076,193,autocracy
full2_reduced_no_public_speech,v2jupurge_lag1,0.6192800998687744,Mixed Outcome,2,0.09134092172012914,0.05883831681094873,0.13914368664666163,0.020112529469952425,193,autocracy
full2_reduced_no_public_speech,v2jupurge_lag1,0.6192800998687744,Contracts Expression,1,0.5351433844222195,0.4546248361808747,0.6138708863786867,0.04097171745304166,193,autocracy
full2_reduced_no_public_speech,v2jupurge_lag1,0.6192800998687744,Expands Expression,3,0.3735156938576515,0.3105627450982181,0.44106580374230625,0.03346835665775313,193,autocracy
full2_reduced_no_public_speech,v2jupurge_lag1,0.7253201007843018,Mixed Outcome,2,0.09208449346419016,0.0586285908189701,0.1417568443333756,0.0208022520362526,193,autocracy
full2_reduced_no_public_speech,v2jupurge_lag1,0.7253201007843018,Contracts Expression,1,0.5368867131861823,0.45295097853099286,0.6187828691294888,0.04269697467816154,193,autocracy
full2_reduced_no_public_speech,v2jupurge_lag1,0.7253201007843018,Expands Expression,3,0.3710287933496275,0.30547754068573973,0.44170053161280276,0.03495112625945384,193,autocracy
full2_reduced_no_public_speech,v2jupurge_lag1,0.8313601016998291,Mixed Outcome,2,0.09283056854923247,0.05833082160146317,0.1446018287103573,0.02156796731897183,193,autocracy
full2_reduced_no_public_speech,v2jupurge_lag1,0.8313601016998291,Contracts Expression,1,0.538622670609594,0.45059031940256666,0.6243102972616941,0.04476843854815389,193,autocracy
full2_reduced_no_public_speech,v2jupurge_lag1,0.8313601016998291,Expands Expression,3,0.368546760841173,0.2997311733093456,0.44316315768805825,0.03682292728503115,193,autocracy
full2_reduced_no_public_speech,v2jupurge_lag1,0.9374001026153564,Mixed Outcome,2,0.09357910792888587,0.057953886284399576,0.14767089424625254,0.02240511937192585,193,autocracy
full2_reduced_no_public_speech,v2jupurge_lag1,0.9374001026153564,Contracts Expression,1,0.5403511866521966,0.4476388499504408,0.6303522747525447,0.047137248890547045,193,autocracy
full2_reduced_no_public_speech,v2jupurge_lag1,0.9374001026153564,Expands Expression,3,0.3660697054189177,0.2934525765679259,0.4453303872234271,0.03902028492071578,193,autocracy
full2_reduced_no_public_speech,v2jupurge_lag1,1.0434401035308838,Mixed Outcome,2,0.09433007211211583,0.057506576735423996,0.15095631529677997,0.023309162188207135,193,autocracy
full2_reduced_no_public_speech,v2jupurge_lag1,1.0434401035308838,Contracts Expression,1,0.542072191928703,0.44418653484349,0.6368142099261123,0.04975781699044575,193,autocracy
full2_reduced_no_public_speech,v2jupurge_lag1,1.0434401035308838,Expands Expression,3,0.3635977359591815,0.28676170544598056,0.4480873908607869,0.041484266973531414,193,autocracy
full2_reduced_no_public_speech,v2jupurge_lag1,1.1494801044464111,Mixed Outcome,2,0.09508342117329852,0.056997359924462164,0.15445061922335762,0.024275687173977687,193,autocracy
full2_reduced_no_public_speech,v2jupurge_lag1,1.1494801044464111,Contracts Expression,1,0.5437856177167085,0.4403139650201141,0.6436111759139592,0.05258948573819841,193,autocracy
full2_reduced_no_public_speech,v2jupurge_lag1,1.1494801044464111,Expands Expression,3,0.36113096110999304,0.27976382281941636,0.45133350943375794,0.04416333963022941,193,autocracy
full2_reduced_no_public_speech,v2jupurge_lag1,1.2555201053619385,Mixed Outcome,2,0.09583911476250871,0.056434214676443245,0.1581467429571015,0.025300511090133627,193,autocracy
full2_reduced_no_public_speech,v2jupurge_lag1,1.2555201053619385,Contracts Expression,1,0.5454913959647083,0.4360912031732676,0.6506690764679122,0.05559708014883011,193,autocracy
full2_reduced_no_public_speech,v2jupurge_lag1,1.2555201053619385,Expands Expression,3,0.3586694892727833,0.27254794849066016,0.45498379942282174,0.04701411372519754,193,autocracy
full2_reduced_no_public_speech,v2jupurge_lag1,1.3615601062774658,Mixed Outcome,2,0.09659711211601099,0.05582453318305652,0.16203812466756046,0.026379730372397058,193,autocracy
full2_reduced_no_public_speech,v2jupurge_lag1,1.3615601062774658,Contracts Expression,1,0.547189459300206,0.4315780062763289,0.6579244327286731,0.05875076367446429,193,autocracy
full2_reduced_no_public_speech,v2jupurge_lag1,1.3615601062774658,Expands Expression,3,0.3562134285837828,0.2651877057438771,0.45896818388899274,0.05000088035250774,193,autocracy
full2_reduced_no_public_speech,v2jupurge_lag1,1.4676001071929932,Mixed Outcome,2,0.09735737206695433,0.05517507354084469,0.16611874428817364,0.0275097488518507,193,autocracy
full2_reduced_no_public_speech,v2jupurge_lag1,1.4676001071929932,Contracts Expression,1,0.5488797410379314,0.4268247695223894,0.6653234466281462,0.062025533432086756,193,autocracy
full2_reduced_no_public_speech,v2jupurge_lag1,1.4676001071929932,Expands Expression,3,0.3537628868951142,0.25774323258533977,0.4632295416815546,0.05309461343821036,193,autocracy
full2_reduced_no_public_speech,v2jupurge_lag1,1.5736401081085205,Mixed Outcome,2,0.09811985305626267,0.054491949953022686,0.17038312632623406,0.02868728574415164,193,autocracy
full2_reduced_no_public_speech,v2jupurge_lag1,1.5736401081085205,Contracts Expression,1,0.5505621751881415,0.4218737526005382,0.6728207799778726,0.06540057689749056,193,autocracy
full2_reduced_no_public_speech,v2jupurge_lag1,1.5736401081085205,Expands Expression,3,0.3513179717555959,0.250263360223597,0.4677215322183967,0.056271843801944416,193,autocracy
full2_reduced_no_public_speech,v2jupurge_lag1,1.6796801090240479,Mixed Outcome,2,0.0988845131437147,0.05378064905705385,0.1748263164381199,0.02990936983152229,193,autocracy
full2_reduced_no_public_speech,v2jupurge_lag1,1.6796801090240479,Contracts Expression,1,0.5522366964650199,0.41676033442038,0.6803783032026512,0.06885861829410048,193,autocracy
full2_reduced_no_public_speech,v2jupurge_lag1,1.6796801090240479,Expands Expression,3,0.34887879039126524,0.2427876626271078,0.47240655184437086,0.05951360492258309,193,autocracy
full2_reduced_no_public_speech,v2jupurge_lag1,1.7857201099395752,Mixed Outcome,2,0.09965131001921052,0.053046062993970244,0.17944384126059187,0.03117332470137553,193,autocracy
full2_reduced_no_public_speech,v2jupurge_lag1,1.7857201099395752,Contracts Expression,1,0.5539032402951585,0.4115141681461155,0.6879639418544582,0.07238531900112817,193,autocracy
full2_reduced_no_public_speech,v2jupurge_lag1,1.7857201099395752,Expands Expression,3,0.34644544968563135,0.23534822268173888,0.47725397606604336,0.06280452776728673,193,autocracy
full2_reduced_no_public_speech,v2jupurge_lag1,1.8917601108551025,Mixed Outcome,2,0.10042020101421843,0.05229253215023237,0.1842316585762063,0.032476748701735975,193,autocracy
full2_reduced_no_public_speech,v2jupurge_lag1,1.8917601108551025,Contracts Expression,1,0.5555617428261216,0.40616018635149514,0.6955506712134231,0.07596875677139277,193,autocracy
full2_reduced_no_public_speech,v2jupurge_lag1,1.8917601108551025,Expands Expression,3,0.3440180561596602,0.22797108544331518,0.4822387170018833,0.06613209867376853,193,autocracy
full2_reduced_no_public_speech,v2jupurge_lag1,1.9978001117706299,Mixed Outcome,2,0.10119114311339583,0.05152389247191913,0.1891861029186484,0.033817492263654735,193,autocracy
full2_reduced_no_public_speech,v2jupurge_lag1,1.9978001117706299,Contracts Expression,1,0.5572121409350896,0.4007194470322069,0.7031156682961524,0.07959898787953276,193,autocracy
full2_reduced_no_public_speech,v2jupurge_lag1,1.9978001117706299,Expands Expression,3,0.34159671595151464,0.2206774244109327,0.4873400699590647,0.06948606628880401,193,autocracy
full2_reduced_no_public_speech,v2jupurge_lag1,2.1038401126861572,Mixed Outcome,2,0.10196409296637868,0.05074352381609979,0.19430383022500317,0.0351936344497103,193,autocracy
full2_reduced_no_public_speech,v2jupurge_lag1,2.1038401126861572,Contracts Expression,1,0.5588543722375726,0.39520983153146627,0.7106396102854821,0.08326768611692369,193,autocracy
full2_reduced_no_public_speech,v2jupurge_lag1,2.1038401126861572,Expands Expression,3,0.3391815347960492,0.21348446598258566,0.49254080363220215,0.07285797389902339,193,autocracy
full2_reduced_no_public_speech,v2jupurge_lag1,2.2098801136016846,Mixed Outcome,2,0.1027390068997362,0.049954397066859155,0.19958176381111864,0.03660345992250747,193,autocracy
full2_reduced_no_public_speech,v2jupurge_lag1,2.2098801136016846,Contracts Expression,1,0.5604883750961904,0.3896466138315002,0.718106100063047,0.08696784838146619,193,autocracy
full2_reduced_no_public_speech,v2jupurge_lag1,2.2098801136016846,Expands Expression,3,0.3367726180040731,0.20640621803444364,0.49782644801873777,0.07624079336841864,193,autocracy
full2_reduced_no_public_speech,v2jupurge_lag1,2.315920114517212,Mixed Outcome,2,0.10351584092908062,0.049159118603111646,0.20501704317111824,0.03804543709932519,193,autocracy
full2_reduced_no_public_speech,v2jupurge_lag1,2.315920114517212,Contracts Expression,1,0.5621140886295211,0.3840429217833793,0.7255011983591708,0.09069355613333564,193,autocracy
full2_reduced_no_public_speech,v2jupurge_lag1,2.315920114517212,Expands Expression,3,0.33437007044139855,0.19945404451336254,0.5031847377058988,0.07962863889534365,193,autocracy
full2_reduced_no_public_speech,v2jupurge_lag1,2.4219601154327393,Mixed Outcome,2,0.10429455077133126,0.048359971399281554,0.21060697627611666,0.03951819787207271,193,autocracy
full2_reduced_no_public_speech,v2jupurge_lag1,2.4219601154327393,Contracts Expression,1,0.5637314527209947,0.3784101097631043,0.7328130431612384,0.09443978260212962,193,autocracy
full2_reduced_no_public_speech,v2jupurge_lag1,2.4219601154327393,Expands Expression,3,0.331973996507674,0.19263711981749554,0.5086051766888168,0.08301654314480028,193,autocracy
full2_reduced_no_public_speech,v2jupurge_lag1,2.5280001163482666,Mixed Outcome,2,0.10507509185712229,0.04755895238734378,0.21634899589518028,0.04102051912903751,193,autocracy
full2_reduced_no_public_speech,v2jupurge_lag1,2.5280001163482666,Contracts Expression,1,0.565340408027848,0.37275805946206264,0.7400315397708372,0.09820223709998949,193,autocracy
full2_reduced_no_public_speech,v2jupurge_lag1,2.5280001163482666,Expands Expression,3,0.3295845001150296,0.18596279017148512,0.5140786972837792,0.08640028165446235,193,autocracy
full2_reduced_no_public_speech,wdj_expression_lag1,-0.2222222238779068,Mixed Outcome,2,0.13890024033489612,0.07360828339292193,0.24668538700934733,0.043210958695523057,193,autocracy
full2_reduced_no_public_speech,wdj_expression_lag1,-0.2222222238779068,Contracts Expression,1,0.4446963072416238,0.31375497149740966,0.5837958059018798,0.07061886250241246,193,autocracy
full2_reduced_no_public_speech,wdj_expression_lag1,-0.2222222238779068,Expands Expression,3,0.4164034524234799,0.29598547735782976,0.5476990173056511,0.06558127745114586,193,autocracy
full2_reduced_no_public_speech,wdj_expression_lag1,-0.19962963134050368,Mixed Outcome,2,0.13582524308543423,0.07361789725593414,0.2371419183037381,0.040842629648640695,193,autocracy
full2_reduced_no_public_speech,wdj_expression_lag1,-0.19962963134050368,Contracts Expression,1,0.44941823829264516,0.32254612945977285,0.5832312494886085,0.0680569727400196,193,autocracy
full2_reduced_no_public_speech,wdj_expression_lag1,-0.19962963134050368,Expands Expression,3,0.4147565186219207,0.299584357522224,0.540065229222549,0.06253495515581435,193,autocracy
full2_reduced_no_public_speech,wdj_expression_lag1,-0.1770370388031006,Mixed Outcome,2,0.1328027271806761,0.07357852358615498,0.22796684031123518,0.038579868789262596,193,autocracy
full2_reduced_no_public_speech,wdj_expression_lag1,-0.1770370388031006,Contracts Expression,1,0.4541241219018625,0.33133011077158214,0.5827647021388024,0.06553592643936947,193,autocracy
full2_reduced_no_public_speech,wdj_expression_lag1,-0.1770370388031006,Expands Expression,3,0.4130731509174609,0.30307664499703174,0.532488840607104,0.05954999994936222,193,autocracy
full2_reduced_no_public_speech,wdj_expression_lag1,-0.15444444626569748,Mixed Outcome,2,0.12983229096804327,0.07348455769061658,0.21916664106684552,0.036424608483745305,193,autocracy
full2_reduced_no_public_speech,wdj_expression_lag1,-0.15444444626569748,Contracts Expression,1,0.4588135395291897,0.3400878524889882,0.5824071300515026,0.06306304083822473,193,autocracy
full2_reduced_no_public_speech,wdj_expression_lag1,-0.15444444626569748,Expands Expression,3,0.4113541695027675,0.3064487088993313,0.5249878025891617,0.05663317648424785,193,autocracy
full2_reduced_no_public_speech,wdj_expression_lag1,-0.1318518537282944,Mixed Outcome,2,0.12691351472568305,0.07332975301321577,0.210747401709085,0.03437905265869062,193,autocracy
full2_reduced_no_public_speech,wdj_expression_lag1,-0.1318518537282944,Contracts Expression,1,0.46348609432779736,0.3487985183149044,0.5821711189707749,0.06064643316807675,193,autocracy
full2_reduced_no_public_speech,wdj_expression_lag1,-0.1318518537282944,Expands Expression,3,0.40960039094651995,0.3096845759631268,0.5175825424369526,0.05379249351195741,193,autocracy
full2_reduced_no_public_speech,wdj_expression_lag1,-0.10925926119089127,Mixed Outcome,2,0.12404596196028715,0.07310719739935231,0.20271489091692632,0.03244568971128997,193,autocracy
full2_reduced_no_public_speech,wdj_expression_lag1,-0.10925926119089127,Contracts Expression,1,0.46814141019943767,0.35743931596867634,0.5820710766575157,0.0582951262857609,193,autocracy
full2_reduced_no_public_speech,wdj_expression_lag1,-0.10925926119089127,Expands Expression,3,0.4078126278402754,0.31276546957928336,0.510296411529067,0.05103743970630148,193,autocracy
full2_reduced_no_public_speech,wdj_expression_lag1,-0.08666666865348815,Mixed Outcome,2,0.12122918066328486,0.07280931712876387,0.19507463380662363,0.03062729054502972,193,autocracy
full2_reduced_no_public_speech,wdj_expression_lag1,-0.08666666865348815,Contracts Expression,1,0.47277913085383666,0.36598531471109363,0.5821234354728633,0.05601915486617408,193,autocracy
full2_reduced_no_public_speech,wdj_expression_lag1,-0.08666666865348815,Expands Expression,3,0.4059916884828783,0.3156692851309673,0.503156196689466,0.04837925247260489,193,autocracy
full2_reduced_no_public_speech,wdj_expression_lag1,-0.06407407611608507,Mixed Outcome,2,0.11846270452373474,0.07242792372390199,0.18783193919112431,0.02892688395350934,193,autocracy
full2_reduced_no_public_speech,wdj_expression_lag1,-0.06407407611608507,Contracts Expression,1,0.47739891887587416,0.37440927889464687,0.5823468391412053,0.05382966410214986,193,autocracy
full2_reduced_no_public_speech,wdj_expression_lag1,-0.06407407611608507,Expands Expression,3,0.4041383766003908,0.3183700168589526,0.4961926797428934,0.04583121214025731,193,autocracy
full2_reduced_no_public_speech,wdj_expression_lag1,-0.04148148357868195,Mixed Outcome,2,0.11574605409658256,0.07195432228716783,0.18099186550144317,0.027347699681020982,193,autocracy
full2_reduced_no_public_speech,wdj_expression_lag1,-0.04148148357868195,Contracts Expression,1,0.48200045480405623,0.38268154172252794,0.5827622894548813,0.05173898863387282,193,autocracy
full2_reduced_no_public_speech,wdj_expression_lag1,-0.04148148357868195,Expands Expression,3,0.4022534910993617,0.3208371746416029,0.48944120696140647,0.043408942147755536,193,autocracy
full2_reduced_no_public_speech,wdj_expression_lag1,-0.018888891041278832,Mixed Outcome,2,0.11307873792521975,0.07137950278387674,0.17455910323735496,0.025893068181706013,193,autocracy
full2_reduced_no_public_speech,wdj_expression_lag1,-0.018888891041278832,Contracts Expression,1,0.4865834362234326,0.3907699554855678,0.5833932165490777,0.04976069322851088,193,autocracy
full2_reduced_no_public_speech,wdj_expression_lag1,-0.018888891041278832,Expands Expression,3,0.4003378258513472,0.32303526654321796,0.4829421926011262,0.041130676750198554,193,autocracy
full2_reduced_no_public_speech,wdj_expression_lag1,0.0037037014961242565,Mixed Outcome,2,0.1104602536176077,0.07069443588805971,0.16853775150208022,0.024566265997164244,193,autocracy
full2_reduced_no_public_speech,wdj_expression_lag1,0.0037037014961242565,Contracts Expression,1,0.491147576875905,0.3986399659735325,0.5842654250128362,0.04790955094222317,193,autocracy
full2_reduced_no_public_speech,wdj_expression_lag1,0.0037037014961242565,Expands Expression,3,0.3983921695064872,0.3249234785615279,0.4767414251780505,0.03901742945868805,193,autocracy
full2_reduced_no_public_speech,wdj_expression_lag1,0.026296294033527373,Mixed Outcome,2,0.10789008887545246,0.06989048976137044,0.16293097167662896,0.023370298465634463,193,autocracy
full2_reduced_no_public_speech,wdj_expression_lag1,0.026296294033527373,Contracts Expression,1,0.49569260579052166,0.4062548728037514,0.5854068539991103,0.04620142725166181,193,autocracy
full2_reduced_no_public_speech,wdj_expression_lag1,0.026296294033527373,Expands Expression,3,0.396417305334026,0.3264557563791357,0.4708899717519525,0.037092957971768085,193,autocracy
full2_reduced_no_public_speech,wdj_expression_lag1,0.04888888657093049,Mixed Outcome,2,0.10536772247622087,0.06895997115470512,0.15774051432371586,0.022307618212360394,193,autocracy
full2_reduced_no_public_speech,wdj_expression_lag1,0.04888888657093049,Contracts Expression,1,0.5002182664361604,0.413576344222384,0.5868470827307355,0.04465303515222625,193,autocracy
full2_reduced_no_public_speech,wdj_expression_lag1,0.04888888657093049,Expands Expression,3,0.3944140110876187,0.3275815725312437,0.46544339680110525,0.0353833811421675,193,autocracy
full2_reduced_no_public_speech,wdj_expression_lag1,0.07148147910833358,Mixed Outcome,2,0.10289262520797757,0.06789677157028769,0.15296613814212554,0.021379789588979084,193,autocracy
full2_reduced_no_public_speech,wdj_expression_lag1,0.07148147910833358,Contracts Expression,1,0.504724315898665,0.42056525405435846,0.5886165136465719,0.04328152653211348,193,autocracy
full2_reduced_no_public_speech,wdj_expression_lag1,0.07148147910833358,Expands Expression,3,0.3923830588933568,0.32824770760591426,0.46045996724990196,0.033916280311520844,193,autocracy
full2_reduced_no_public_speech,wdj_expression_lag1,0.09407407164573667,Mixed Outcome,2,0.10046426075728707,0.0666970679759629,0.14860497116190885,0.020587125370063603,193,autocracy
full2_reduced_no_public_speech,wdj_expression_lag1,0.09407407164573667,Contracts Expression,1,0.5092105240842957,0.42718288562749024,0.5907451883064498,0.04210389667759918,193,autocracy
full2_reduced_no_public_speech,wdj_expression_lag1,0.09407407164573667,Expands Expression,3,0.39032521515841734,0.3284013245007158,0.45599756454519047,0.03271914217191676,193,autocracy
full2_reduced_no_public_speech,wdj_expression_lag1,0.11666666418313981,Mixed Outcome,2,0.09808208655058996,0.06535999386119781,0.1446508981230363,0.019928339385486056,193,autocracy
full2_reduced_no_public_speech,wdj_expression_lag1,0.11666666418313981,Contracts Expression,1,0.5136766729510484,0.4333925000038275,0.5932612386498896,0.041136202790509675,193,autocracy
full2_reduced_no_public_speech,wdj_expression_lag1,0.11666666418313981,Expands Expression,3,0.38824124049836173,0.32799438102698497,0.45210925867388363,0.03181711907814534,193,autocracy
full2_reduced_no_public_speech,wdj_expression_lag1,0.1392592567205429,Mixed Outcome,2,0.0957455545496943,0.0638881715823468,0.1410940829254536,0.0194002715703862,193,autocracy
full2_reduced_no_public_speech,wdj_expression_lag1,0.1392592567205429,Contracts Expression,1,0.5181225557692146,0.4391611895381819,0.5961890525374784,0.040392636128277495,193,autocracy
full2_reduced_no_public_speech,wdj_expression_lag1,0.1392592567205429,Expands Expression,3,0.38613188968109136,0.3269889779459887,0.44883794696220125,0.031230310650920277,193,autocracy
full2_reduced_no_public_speech,wdj_expression_lag1,0.161851849257946,Mixed Outcome,2,0.09345411200215173,0.06228799484215901,0.13792073718749023,0.018997742986214202,193,autocracy
full2_reduced_no_public_speech,wdj_expression_lag1,0.161851849257946,Contracts Expression,1,0.5225479764122356,0.4444618413540199,0.5995473289127646,0.03988453641160273,193,autocracy
full2_reduced_no_public_speech,wdj_expression_lag1,0.161851849257946,Expands Expression,3,0.3839979115856127,0.3253626721280828,0.44621102813550984,0.030971059545635015,193,autocracy
full2_reduced_no_public_speech,wdj_expression_lag1,0.18444444179534913,Mixed Outcome,2,0.09120720214749427,0.06056957996338497,0.1351132162012683,0.018713583000491165,193,autocracy
full2_reduced_no_public_speech,wdj_expression_lag1,0.18444444179534913,Contracts Expression,1,0.5269527486787622,0.4492749516195528,0.6033472816504484,0.039619479733327766,193,autocracy
full2_reduced_no_public_speech,wdj_expression_lag1,0.18444444179534913,Expands Expression,3,0.3818400491737436,0.32311239756686877,0.4442364688752908,0.031041951577528114,193,autocracy
full2_reduced_no_public_speech,wdj_expression_lag1,0.20703703433275222,Mixed Outcome,2,0.08900426488040337,0.05874636361465689,0.13265046466384187,0.01853884040720237,193,autocracy
full2_reduced_no_public_speech,wdj_expression_lag1,0.20703703433275222,Contracts Expression,1,0.5313366956465181,0.4535899914329779,0.6075912912229194,0.03960059171734493,193,autocracy
full2_reduced_no_public_speech,wdj_expression_lag1,0.20703703433275222,Expands Expression,3,0.37965903947307805,0.3202557708863703,0.4429014862755711,0.031435142797376754,193,autocracy
full2_reduced_no_public_speech,wdj_expression_lag1,0.2296296268701553,Mixed Outcome,2,0.08684473737206025,0.0568343960843669,0.13050876307482,0.018463153388226985,193,autocracy
full2_reduced_no_public_speech,wdj_expression_lag1,0.2296296268701553,Contracts Expression,1,0.535699649058456,0.4574060650169058,0.6122722634236819,0.03982621755799819,193,autocracy
full2_reduced_no_public_speech,wdj_expression_lag1,0.2296296268701553,Expands Expression,3,0.37745561356948365,0.31682930860229513,0.4421743190347182,0.032133254522908106,193,autocracy
full2_reduced_no_public_speech,wdj_expression_lag1,0.25222221940755846,Mixed Outcome,2,0.08472805465099163,0.054851438330400314,0.12866266674006765,0.01847522266180149,193,autocracy
full2_reduced_no_public_speech,wdj_expression_lag1,0.25222221940755846,Contracts Expression,1,0.5400414487413802,0.4607317237635318,0.6173738315739681,0.040290018297125,193,autocracy
full2_reduced_no_public_speech,wdj_expression_lag1,0.25222221940755846,Expands Expression,3,0.3752304966076285,0.3128841060921672,0.4420085373942808,0.03311155705504753,193,autocracy
full2_reduced_no_public_speech,wdj_expression_lag1,0.27481481194496155,Mixed Outcome,2,0.08265365014487303,0.052815998823442095,0.12708600140920753,0.018563317629520425,193,autocracy
full2_reduced_no_public_speech,wdj_expression_lag1,0.27481481194496155,Contracts Expression,1,0.544361942057145,0.4635839687600761,0.6228713695018018,0.04098147691103492,193,autocracy
full2_reduced_no_public_speech,wdj_expression_lag1,0.27481481194496155,Expands Expression,3,0.372984407797982,0.30848025276666047,0.44234861742596376,0.034340794290622784,193,autocracy
full2_reduced_no_public_speech,wdj_expression_lag1,0.2974074044823647,Mixed Outcome,2,0.08062095618479377,0.05074643694826959,0.12575278896405043,0.018715749914183292,193,autocracy
full2_reduced_no_public_speech,wdj_expression_lag1,0.2974074044823647,Contracts Expression,1,0.5486609833862386,0.465986635428935,0.6287336216358398,0.041886716071086745,193,autocracy
full2_reduced_no_public_speech,wdj_expression_lag1,0.2974074044823647,Expands Expression,3,0.3707180604289676,0.30368135533563106,0.44313540774639687,0.03578995200566012,193,autocracy
full2_reduced_no_public_speech,wdj_expression_lag1,0.3199999970197678,Mixed Outcome,2,0.07862940447359677,0.04866022349025656,0.12463801279160606,0.018921267161054304,193,autocracy
full2_reduced_no_public_speech,wdj_expression_lag1,0.3199999970197678,Contracts Expression,1,0.5529384336435041,0.467968447713005,0.6349246627343199,0.0429894818869042,193,autocracy
full2_reduced_no_public_speech,wdj_expression_lag1,0.3199999970197678,Expands Expression,3,0.3684321618828989,0.29855011867722764,0.4443105391934729,0.0374284876672335,193,autocracy
full2_reduced_no_public_speech,wdj_expression_lag1,0.34259258955717087,Mixed Outcome,2,0.07667842651993621,0.04657340231264039,0.1237181788839511,0.019169343782952607,193,autocracy
full2_reduced_no_public_speech,wdj_expression_lag1,0.34259258955717087,Contracts Expression,1,0.5571941598255011,0.4695610379219823,0.6414058910821726,0.04427214361050299,193,autocracy
full2_reduced_no_public_speech,wdj_expression_lag1,0.34259258955717087,Expands Expression,3,0.3661274136545625,0.2931453502888358,0.4458194115783683,0.039227836555068736,193,autocracy
full2_reduced_no_public_speech,wdj_expression_lag1,0.36518518209457396,Mixed Outcome,2,0.07476745403976316,0.04450025586553669,0.12297167024924203,0.019450366698189277,193,autocracy
full2_reduced_no_public_speech,wdj_expression_lag1,0.36518518209457396,Contracts Expression,1,0.5614280345889541,0.4707971671057293,0.6481378202644875,0.04571659045345477,193,autocracy
full2_reduced_no_public_speech,wdj_expression_lag1,0.36518518209457396,Expands Expression,3,0.36380451137128267,0.2875203037528489,0.44761284190199846,0.04116223794614138,193,autocracy
full2_reduced_no_public_speech,wdj_expression_lag1,0.38777777463197705,Mixed Outcome,2,0.07289591932696846,0.04245314912111753,0.12237892018374262,0.01975572861407235,193,autocracy
full2_reduced_no_public_speech,wdj_expression_lag1,0.38777777463197705,Contracts Expression,1,0.565639935859541,0.4717092854795552,0.6550815299510827,0.04730495511651517,193,autocracy
full2_reduced_no_public_speech,wdj_expression_lag1,0.38777777463197705,Expands Expression,3,0.36146414481349115,0.28172205019489893,0.4496476853715017,0.043209040207333724,193,autocracy
full2_reduced_no_public_speech,wdj_expression_lag1,0.41037036716938013,Mixed Outcome,2,0.07106325559493847,0.040442512856766547,0.1219224437155762,0.020077848591650436,193,autocracy
full2_reduced_no_public_speech,wdj_expression_lag1,0.41037036716938013,Contracts Expression,1,0.5698297464701889,0.4723284801869593,0.6621997283832621,0.04902014045037017,193,autocracy
full2_reduced_no_public_speech,wdj_expression_lag1,0.41037036716938013,Expands Expression,3,0.35910699793487216,0.2757915297406696,0.45188677692601775,0.04534866196605432,193,autocracy
full2_reduced_no_public_speech,wdj_expression_lag1,0.43296295970678333,Mixed Outcome,2,0.06926889729079139,0.03847692502314804,0.12158676864009596,0.020410140873044935,193,autocracy
full2_reduced_no_public_speech,wdj_expression_lag1,0.43296295970678333,Contracts Expression,1,0.5739973538279596,0.47268378924634935,0.669457447682661,0.05084616035274241,193,autocracy
full2_reduced_no_public_speech,wdj_expression_lag1,0.43296295970678333,Expands Expression,3,0.35673374888124887,0.26976398877427243,0.4542984876397377,0.04756435907933573,193,autocracy
full2_reduced_no_public_speech,wdj_expression_lag1,0.4555555522441864,Mixed Outcome,2,0.06751228038405174,0.03656325354386494,0.12135830302013939,0.020746950716528108,193,autocracy
full2_reduced_no_public_speech,wdj_expression_lag1,0.4555555522441864,Contracts Expression,1,0.578142649608449,0.4728018222258779,0.6768224314154377,0.05276832536405434,193,autocracy
full2_reduced_no_public_speech,wdj_expression_lag1,0.4555555522441864,Expands Expression,3,0.35434507000749926,0.26366959471185114,0.4568561042894536,0.049841903217540125,193,autocracy
full2_reduced_no_public_speech,wdj_expression_lag1,0.4781481447815895,Mixed Outcome,2,0.06579284263151824,0.034706831575762355,0.1212251682654333,0.02108347211332355,193,autocracy
full2_reduced_no_public_speech,wdj_expression_lag1,0.4781481447815895,Contracts Expression,1,0.5822655294766529,0.4727066151021031,0.6842652869781172,0.05477330997534102,193,autocracy
full2_reduced_no_public_speech,wdj_expression_lag1,0.4781481447815895,Expands Expression,3,0.3519416278918294,0.2575340974702369,0.4595371628556766,0.052169238383362564,193,autocracy
full2_reduced_no_public_speech,wdj_expression_lag1,0.5007407373189926,Mixed Outcome,2,0.06411002382004748,0.032911644222413806,0.12117701901732776,0.021415658247167305,193,autocracy
full2_reduced_no_public_speech,wdj_expression_lag1,0.5007407373189926,Contracts Expression,1,0.5863658928330703,0.4724196487831704,0.6917594732412977,0.056849137539764935,193,autocracy
full2_reduced_no_public_speech,wdj_expression_lag1,0.5007407373189926,Expands Expression,3,0.34952408334688273,0.2513794641923459,0.46232280938483117,0.054536152491464304,193,autocracy
full2_reduced_no_public_speech,wdj_expression_lag1,0.5233333298563957,Mixed Outcome,2,0.06246326598895474,0.031180512732974643,0.12120486394061071,0.021740131963419708,193,autocracy
full2_reduced_no_public_speech,wdj_expression_lag1,0.5233333298563957,Contracts Expression,1,0.5904436425838694,0.47195997326133576,0.6992811815521931,0.058985112281774166,193,autocracy
full2_reduced_no_public_speech,wdj_expression_lag1,0.5233333298563957,Expands Expression,3,0.3470930914271763,0.24522445149968056,0.4651972240386705,0.056933982000302655,193,autocracy
full2_reduced_no_public_speech,wdj_expression_lag1,0.5459259223937988,Mixed Outcome,2,0.06085201363368105,0.029515267672316946,0.12130089611500293,0.02205410074270931,193,autocracy
full2_reduced_no_public_speech,wdj_expression_lag1,0.5459259223937988,Contracts Expression,1,0.5944986849338135,0.4713443920872494,0.7068091553718059,0.06117172138210815,193,autocracy
full2_reduced_no_public_speech,wdj_expression_lag1,0.5459259223937988,Expands Expression,3,0.3446493014325058,0.23908510313943854,0.4681471203531045,0.059355355541821295,193,autocracy
full2_reduced_no_public_speech,wdj_expression_lag1,0.5685185149312019,Mixed Outcome,2,0.05927571389234154,0.027916906532111988,0.12145833770110605,0.022355278629125022,193,autocracy
full2_reduced_no_public_speech,wdj_expression_lag1,0.5685185149312019,Contracts Expression,1,0.5985309292006835,0.47058767496673504,0.7143244807347214,0.06340052343279841,193,autocracy
full2_reduced_no_public_speech,wdj_expression_lag1,0.5685185149312019,Expands Expression,3,0.34219335690697467,0.23297517301696896,0.4711613197092432,0.061793976392573065,193,autocracy
full2_reduced_no_public_speech,wdj_expression_lag1,0.5911111074686051,Mixed Outcome,2,0.057733816716697126,0.026385733944147,0.12167130085222708,0.02264181617827136,193,autocracy
full2_reduced_no_public_speech,wdj_expression_lag1,0.5911111074686051,Contracts Expression,1,0.6025402876498601,0.469702777425985,0.721810368671588,0.06566403389086269,193,autocracy
full2_reduced_no_public_speech,wdj_expression_lag1,0.5911111074686051,Expands Expression,3,0.3397258956334425,0.22690647957332097,0.4742303951353783,0.0642444406519263,193,autocracy
full2_reduced_no_public_speech,wdj_expression_lag1,0.6137037000060082,Mixed Outcome,2,0.05622577502905043,0.02492148435663163,0.1219346651711744,0.022912238617602096,193,autocracy
full2_reduced_no_public_speech,wdj_expression_lag1,0.6137037000060082,Contracts Expression,1,0.6065266753477723,0.46870105321180977,0.7292519437849375,0.06795561472262078,193,autocracy
full2_reduced_no_public_speech,wdj_expression_lag1,0.6137037000060082,Expands Expression,3,0.337247549623177,0.22088920032549403,0.47734637555712484,0.06670208651672786,193,autocracy
full2_reduced_no_public_speech,wdj_expression_lag1,0.6362962925434112,Mixed Outcome,2,0.05475104486647518,0.02352342806631411,0.12224397090151269,0.023165391859747888,193,autocracy
full2_reduced_no_public_speech,wdj_expression_lag1,0.6362962925434112,Contracts Expression,1,0.610490010032869,0.46759245302740887,0.7366360456234576,0.07026937143678623,193,autocracy
full2_reduced_no_public_speech,wdj_expression_lag1,0.6362962925434112,Expands Expression,3,0.33475894510065585,0.21493211575223245,0.4805025012275144,0.06916286986978691,193,autocracy
full2_reduced_no_public_speech,wdj_expression_lag1,0.6588888850808143,Mixed Outcome,2,0.053309085513742215,0.02219046200630736,0.12259532659059062,0.023400395750942698,193,autocracy
full2_reduced_no_public_speech,wdj_expression_lag1,0.6588888850808143,Contracts Expression,1,0.6144302120028362,0.4663857047248871,0.743951047559377,0.07260005990119907,193,autocracy
full2_reduced_no_public_speech,wdj_expression_lag1,0.6588888850808143,Expands Expression,3,0.33226070248342154,0.20904281067500669,0.4836930222897346,0.07162326200627966,193,autocracy
full2_reduced_no_public_speech,wdj_expression_lag1,0.6814814776182174,Mixed Outcome,2,0.05189935962620172,0.02092118692069841,0.1229853296983113,0.023616603803359018,193,autocracy
full2_reduced_no_public_speech,wdj_expression_lag1,0.6814814776182174,Contracts Expression,1,0.6183472040167471,0.4650884742185658,0.7511866940174987,0.07494300326553581,193,autocracy
full2_reduced_no_public_speech,wdj_expression_lag1,0.6814814776182174,Expands Expression,3,0.32975343635705073,0.20322784071655475,0.4869130328249728,0.0740801655673795,193,autocracy
full2_reduced_no_public_speech,wdj_expression_lag1,0.7040740701556205,Mixed Outcome,2,0.050521333343826094,0.01971397259191857,0.12341099856746526,0.023813568630203494,193,autocracy
full2_reduced_no_public_speech,wdj_expression_lag1,0.7040740701556205,Contracts Expression,1,0.6222409112109194,0.4637075075966403,0.7583339556646068,0.07729401870188896,193,autocracy
full2_reduced_no_public_speech,wdj_expression_lag1,0.7040740701556205,Expands Expression,3,0.32723775544525485,0.19749287027973214,0.49015833386197205,0.07653084533474408,193,autocracy
full2_reduced_no_public_speech,wdj_expression_lag1,0.7266666626930237,Mixed Outcome,2,0.04917447639751206,0.01856701270429629,0.1238697142639281,0.023991012339206468,193,autocracy
full2_reduced_no_public_speech,wdj_expression_lag1,0.7266666626930237,Contracts Expression,1,0.6261112610272155,0.46224875501509316,0.7653849018754301,0.07964935361007078,193,autocracy
full2_reduced_no_public_speech,wdj_expression_lag1,0.7266666626930237,Expands Expression,3,0.3247142625752727,0.19184278707960445,0.49342532041965326,0.07897287132849336,193,autocracy
full2_reduced_no_public_speech,wdj_expression_lag1,0.7492592552304268,Mixed Outcome,2,0.04785826220867874,0.017478370798106067,0.12435917089986624,0.024148801195709696,193,autocracy
full2_reduced_no_public_speech,wdj_expression_lag1,0.7492592552304268,Contracts Expression,1,0.629958183152661,0.460717478691985,0.7723325883746504,0.08200563009025581,193,autocracy
full2_reduced_no_public_speech,wdj_expression_lag1,0.7492592552304268,Expands Expression,3,0.32218355463866044,0.18628179788654445,0.4967108877300674,0.08140407174498347,193,autocracy
full2_reduced_no_public_speech,wdj_expression_lag1,0.7718518477678299,Mixed Outcome,2,0.046572167983088296,0.016446018603879203,0.12487733325152889,0.02428692395052371,193,autocracy
full2_reduced_no_public_speech,wdj_expression_lag1,0.7718518477678299,Contracts Expression,1,0.6337816094691944,0.4591183460366098,0.7791709588830809,0.08435979710884177,193,autocracy
full2_reduced_no_public_speech,wdj_expression_lag1,0.7718518477678299,Expands Expression,3,0.3196462225477171,0.1808135086851249,0.5000123535966401,0.08382249413718727,193,autocracy
full2_reduced_no_public_speech,wdj_expression_lag1,0.7944444403052331,Mixed Outcome,2,0.04531567479975545,0.015467867902410375,0.1254224005466716,0.02440547328354058,193,autocracy
full2_reduced_no_public_speech,wdj_expression_lag1,0.7944444403052331,Contracts Expression,1,0.6375814740125073,0.45745551029736176,0.7858947586026931,0.08670908913739206,193,autocracy
full2_reduced_no_public_speech,wdj_expression_lag1,0.7944444403052331,Expands Expression,3,0.31710285118773773,0.175440992341411,0.5033273936477146,0.08622637319490375,193,autocracy
full2_reduced_no_public_speech,wdj_expression_lag1,0.8170370328426362,Mixed Outcome,2,0.044088267695699165,0.014541796889053885,0.12599277552512556,0.024504629905294645,193,autocracy
full2_reduced_no_public_speech,wdj_expression_lag1,0.8170370328426362,Contracts Expression,1,0.6413577129389239,0.4557326798808405,0.7924994583034506,0.08905099064412089,193,autocracy
full2_reduced_no_public_speech,wdj_expression_lag1,0.8170370328426362,Expands Expression,3,0.31455401936537714,0.17016684607313906,0.5066539871666925,0.08861410393316052,193,autocracy
full2_reduced_no_public_speech,wdj_expression_lag1,0.8396296253800393,Mixed Outcome,2,0.042889435747230295,0.013665671888947416,0.1265870379715798,0.02458464891642634,193,autocracy
full2_reduced_no_public_speech,wdj_expression_lag1,0.8396296253800393,Contracts Expression,1,0.6451102644993879,0.4539531782004505,0.7989811873127104,0.09138320548645779,193,autocracy
full2_reduced_no_public_speech,wdj_expression_lag1,0.8396296253800393,Expands Expression,3,0.31200029975338156,0.16499324046767183,0.5099903718184927,0.09098421941019996,193,autocracy
full2_reduced_no_public_speech,wdj_expression_lag1,0.8622222179174424,Mixed Outcome,2,0.04171867214836163,0.012837365145525177,0.12720392203948547,0.024645848084722637,193,autocracy
full2_reduced_no_public_speech,wdj_expression_lag1,0.8622222179174424,Contracts Expression,1,0.6488390690196135,0.4521199950139654,0.8053366743812495,0.09370363068965135,193,autocracy
full2_reduced_no_public_speech,wdj_expression_lag1,0.8622222179174424,Expands Expression,3,0.3094422588320252,0.15992196176167925,0.5133350053836369,0.09333537203000296,193,autocracy
full2_reduced_no_public_speech,wdj_expression_lag1,0.8848148104548454,Mixed Outcome,2,0.04057547428686659,0.012054769295348843,0.12784229679822964,0.02468859775303555,193,autocracy
full2_reduced_no_public_speech,wdj_expression_lag1,0.8848148104548454,Contracts Expression,1,0.6525440688856107,0.45023583093044073,0.8115631949731587,0.09601033376279566,193,autocracy
full2_reduced_no_public_speech,wdj_expression_lag1,0.8848148104548454,Expands Expression,3,0.3068804568275226,0.15495444837457922,0.5166865336514519,0.09566631796441008,193,autocracy
full2_reduced_no_public_speech,wdj_expression_lag1,0.9074074029922485,Mixed Outcome,2,0.03945934381841221,0.01131580905227369,0.12850114949594343,0.02471331213066188,193,autocracy
full2_reduced_no_public_speech,wdj_expression_lag1,0.9074074029922485,Contracts Expression,1,0.656225208533777,0.4483031354749794,0.8176585244285824,0.09830153332131852,193,autocracy
full2_reduced_no_public_speech,wdj_expression_lag1,0.9074074029922485,Expands Expression,3,0.30431544764781077,0.1500918228827254,0.5200437631034202,0.0979759040175413,193,autocracy
full2_reduced_no_public_speech,court_independence_lag1,-1.3279999494552612,Mixed Outcome,2,0.314861175207155,0.060443345819367104,0.7665124740755854,0.21641130090393657,632,democracy
full2_reduced_no_public_speech,court_independence_lag1,-1.3279999494552612,Contracts Expression,1,0.21075328864039006,0.011305153911491964,0.8618028802236324,0.26739365684943045,632,democracy
full2_reduced_no_public_speech,court_independence_lag1,-1.3279999494552612,Expands Expression,3,0.47438553615245266,0.14582967430438212,0.8267255520038472,0.2118372671856295,632,democracy
full2_reduced_no_public_speech,court_independence_lag1,-1.234119951725006,Mixed Outcome,2,0.3132887770182915,0.06320457885822185,0.755194480531173,0.2097971969591835,632,democracy
full2_reduced_no_public_speech,court_independence_lag1,-1.234119951725006,Contracts Expression,1,0.21009485251266924,0.01223251629862103,0.8510223534884688,0.2596901389347019,632,democracy
full2_reduced_no_public_speech,court_independence_lag1,-1.234119951725006,Expands Expression,3,0.4766163704690402,0.1528467912309387,0.8213087880082272,0.20603720593759442,632,democracy
full2_reduced_no_public_speech,court_independence_lag1,-1.140239953994751,Mixed Outcome,2,0.3117177943721891,0.06607465233982841,0.7435323962850036,0.2032251670561105,632,democracy
full2_reduced_no_public_speech,court_independence_lag1,-1.140239953994751,Contracts Expression,1,0.20943422304894013,0.013234231858042619,0.839558613632641,0.25201858515143405,632,democracy
full2_reduced_no_public_speech,court_independence_lag1,-1.140239953994751,Expands Expression,3,0.478847982578872,0.1601394246614361,0.8157589366748693,0.20022283815000985,632,democracy
full2_reduced_no_public_speech,court_independence_lag1,-1.0463599562644958,Mixed Outcome,2,0.3101482813753094,0.06905669564210554,0.7315337612508924,0.196695450902849,632,democracy
full2_reduced_no_public_speech,court_independence_lag1,-1.0463599562644958,Contracts Expression,1,0.20877143076034893,0.01431602872231244,0.8273929704533376,0.24437928722703364,632,democracy
full2_reduced_no_public_speech,court_independence_lag1,-1.0463599562644958,Expands Expression,3,0.48108028786434215,0.1677121752771587,0.8100752276351623,0.19439499939881763,632,democracy
full2_reduced_no_public_speech,court_independence_lag1,-0.9524799585342407,Mixed Outcome,2,0.3085802920347965,0.07215383684178417,0.7192078277416404,0.19020829699262942,632,democracy
full2_reduced_no_public_speech,court_independence_lag1,-0.9524799585342407,Contracts Expression,1,0.20810650636058292,0.015484040456830038,0.8145101083061957,0.23677254447273366,632,democracy
full2_reduced_no_public_speech,court_independence_lag1,-0.9524799585342407,Expands Expression,3,0.48331320160462177,0.17556907264913466,0.8042570856045147,0.1885545533426634,632,democracy
full2_reduced_no_public_speech,court_independence_lag1,-0.8585999608039856,Mixed Outcome,2,0.3070138802508042,0.07536919256724603,0.7065655916153033,0.18376396437413345,632,democracy
full2_reduced_no_public_speech,court_independence_lag1,-0.8585999608039856,Contracts Expression,1,0.2074394807616882,0.016744828726512243,0.800898700282999,0.22919866504800804,632,democracy
full2_reduced_no_public_speech,court_independence_lag1,-0.8585999608039856,Expands Expression,3,0.4855466389875086,0.18371350326820604,0.7983041483724045,0.1827023956178537,632,democracy
full2_reduced_no_public_speech,court_independence_lag1,-0.7647199630737305,Mixed Outcome,2,0.3054490998088509,0.07870585659817761,0.6936198077667133,0.17736272476637524,632,democracy
full2_reduced_no_public_speech,court_independence_lag1,-0.7647199630737305,Contracts Expression,1,0.20677038506982362,0.018105406106208217,0.7865520314955082,0.22165796746784325,632,democracy
full2_reduced_no_public_speech,court_independence_lag1,-0.7647199630737305,Expands Expression,3,0.4877805151213256,0.1921481356224111,0.7922162864180058,0.17683945854133287,632,democracy
full2_reduced_no_public_speech,court_independence_lag1,-0.6708399653434753,Mixed Outcome,2,0.3038860043721767,0.08216688703926033,0.6803849888173145,0.1710048650981229,632,democracy
full2_reduced_no_public_speech,court_independence_lag1,-0.6708399653434753,Contracts Expression,1,0.20609925058097933,0.019573258767424422,0.7714686153113002,0.21415078240848318,632,democracy
full2_reduced_no_public_speech,court_independence_lag1,-0.6708399653434753,Expands Expression,3,0.49001474504684256,0.20087484252177026,0.7859936244824932,0.17096671681684045,632,democracy
full2_reduced_no_public_speech,court_independence_lag1,-0.5769599676132202,Mixed Outcome,2,0.302324647474136,0.08575529185560449,0.6668773861476031,0.16469069057262964,632,democracy
full2_reduced_no_public_speech,court_independence_lag1,-0.5769599676132202,Contracts Expression,1,0.20542610877664302,0.02115636870476082,0.7556527836738222,0.20667745488101064,632,democracy
full2_reduced_no_public_speech,court_independence_lag1,-0.5769599676132202,Expands Expression,3,0.49224924374922124,0.209894620846424,0.7796365655323888,0.16508519449407216,632,democracy
full2_reduced_no_public_speech,court_independence_lag1,-0.4830799698829651,Mixed Outcome,2,0.30076508251059925,0.08947401250385646,0.6531149527728481,0.15842052838794907,632,democracy
full2_reduced_no_public_speech,court_independence_lag1,-0.4830799698829651,Contracts Expression,1,0.20475099131942548,0.022863235080980388,0.7391152303314784,0.1992383468622216,632,democracy
full2_reduced_no_public_speech,court_independence_lag1,-0.4830799698829651,Expands Expression,3,0.4944839261699762,0.219207508831429,0.7731458176886767,0.15919597350466172,632,democracy
full2_reduced_no_public_speech,court_independence_lag1,-0.38919997215270996,Mixed Outcome,2,0.2992073627323827,0.09332590532265043,0.6391172879764375,0.15219473227994973,632,democracy
full2_reduced_no_public_speech,court_independence_lag1,-0.38919997215270996,Contracts Expression,1,0.2040739300486389,0.024702894166769584,0.7218734841365191,0.19183384049684635,632,democracy
full2_reduced_no_public_speech,court_independence_lag1,-0.38919997215270996,Expands Expression,3,0.4967187072189794,0.2288125008877691,0.7665224248841378,0.1533002041964531,632,democracy
full2_reduced_no_public_speech,court_independence_lag1,-0.29531997442245483,Mixed Outcome,2,0.2976515412377042,0.09731372024992024,0.6249055640927859,0.1460136881065867,632,democracy
full2_reduced_no_public_speech,court_independence_lag1,-0.29531997442245483,Contracts Expression,1,0.2033949569758329,0.026684937224358427,0.7039522888132819,0.18446434201981346,632,democracy
full2_reduced_no_public_speech,court_independence_lag1,-0.29531997442245483,Expands Expression,3,0.49895350178646125,0.23870745976885108,0.7597678022694185,0.14739911842159026,632,democracy
full2_reduced_no_public_speech,court_independence_lag1,-0.2014399766921997,Mixed Outcome,2,0.29609767096467055,0.10144007630495157,0.6105024363672047,0.13987782075988311,632,democracy
full2_reduced_no_public_speech,court_independence_lag1,-0.2014399766921997,Contracts Expression,1,0.20271410428029166,0.028819525527190238,0.6853838659717072,0.17713028659201635,632,democracy
full2_reduced_no_public_speech,court_independence_lag1,-0.2014399766921997,Expands Expression,3,0.5011882247550375,0.2488890255997096,0.7528837777394461,0.1414940459147087,632,democracy
full2_reduced_no_public_speech,court_independence_lag1,-0.10755997896194458,Mixed Outcome,2,0.2945458046837768,0.1057074330941061,0.5959319374209705,0.1337876027860066,632,democracy
full2_reduced_no_public_speech,court_independence_lag1,-0.10755997896194458,Contracts Expression,1,0.2020314043044862,0.031117401510555816,0.6662080398667692,0.1698321443056544,632,democracy
full2_reduced_no_public_speech,court_independence_lag1,-0.10755997896194458,Expands Expression,3,0.5034227910117357,0.25935252084298815,0.7458726414422865,0.1355864349501343,632,democracy
full2_reduced_no_public_speech,court_independence_lag1,-0.013679981231689453,Mixed Outcome,2,0.2929959949904674,0.11011805735166884,0.5812193585201709,0.12774356522252875,632,democracy
full2_reduced_no_public_speech,court_independence_lag1,-0.013679981231689453,Contracts Expression,1,0.20134688954949917,0.033589894797905,0.6464722056102058,0.16257042769950752,632,democracy
full2_reduced_no_public_speech,court_independence_lag1,-0.013679981231689453,Expands Expression,3,0.5056571154600328,0.2700918496256811,0.7387372058155108,0.1296778786170769,632,democracy
full2_reduced_no_public_speech,court_independence_lag1,0.08020001649856567,Mixed Outcome,2,0.2914482942977025,0.11467398317924345,0.5663911206068679,0.12174631134262576,632,democracy
full2_reduced_no_public_speech,court_independence_lag1,0.08020001649856567,Contracts Expression,1,0.2006605926703895,0.03624892152433388,0.6262311272821807,0.15534570124263858,632,democracy
full2_reduced_no_public_speech,court_independence_lag1,0.08020001649856567,Expands Expression,3,0.5078911130319088,0.28109938889553093,0.7314808796657674,0.12377014854929096,632,democracy
full2_reduced_no_public_speech,court_independence_lag1,0.1740800142288208,Mixed Outcome,2,0.28990275482857764,0.11937696415418073,0.55147463892935,0.11579653425047015,632,democracy
full2_reduced_no_public_speech,court_independence_lag1,0.1740800142288208,Contracts Expression,1,0.19997254647154789,0.0391069749541095,0.6055465586049853,0.1481585934107043,632,democracy
full2_reduced_no_public_speech,court_independence_lag1,0.1740800142288208,Expands Expression,3,0.5101246986998739,0.292365867482407,0.7241077611963094,0.11786523865643658,632,democracy
full2_reduced_no_public_speech,court_independence_lag1,0.2679600119590759,Mixed Outcome,2,0.28835942860897645,0.12422841476793169,0.5364981861646927,0.10989503963780994,632,democracy
full2_reduced_no_public_speech,court_independence_lag1,0.2679600119590759,Contracts Expression,1,0.1992827839019949,0.04217710481952203,0.5844866863529297,0.1410098122148808,632,democracy
full2_reduced_no_public_speech,court_independence_lag1,0.2679600119590759,Expands Expression,3,0.5123577874890287,0.3038802270928849,0.7166227569077195,0.11196542243791914,632,democracy
full2_reduced_no_public_speech,court_independence_lag1,0.36184000968933105,Mixed Outcome,2,0.28681836746025974,0.12922933762187336,0.5214907602544065,0.10404277554268551,632,democracy
full2_reduced_no_public_speech,court_independence_lag1,0.36184000968933105,Contracts Expression,1,0.19859133805065857,0.045472882027196744,0.563125405200314,0.1339001653842215,632,democracy
full2_reduced_no_public_speech,court_independence_lag1,0.36184000968933105,Expands Expression,3,0.514590294489081,0.315629456238796,0.7090317362732965,0.10607332898178172,632,democracy
full2_reduced_no_public_speech,court_independence_lag1,0.4557200074195862,Mixed Outcome,2,0.28527962299200704,0.13438023127976723,0.5064819649336183,0.0982408717351177,632,democracy
full2_reduced_no_public_speech,court_independence_lag1,0.4557200074195862,Contracts Expression,1,0.19789824214161067,0.04900834428074138,0.5415414418942033,0.12683058690184604,632,democracy
full2_reduced_no_public_speech,court_independence_lag1,0.4557200074195862,Expands Expression,3,0.5168221348663845,0.32759838356628085,0.7013417365483671,0.10019204503046679,632,democracy
full2_reduced_no_public_speech,court_independence_lag1,0.5496000051498413,Mixed Outcome,2,0.2837432465947903,0.13968097137770355,0.4915019133930537,0.09249069253196793,632,democracy
full2_reduced_no_public_speech,court_independence_lag1,0.5496000051498413,Contracts Expression,1,0.19720352952927692,0.05279791658781462,0.519817356108163,0.11980217234091184,632,democracy
full2_reduced_no_public_speech,court_independence_lag1,0.5496000051498413,Expands Expression,3,0.5190532238759339,0.33976941016873985,0.6935612388529031,0.09432525396157143,632,democracy
full2_reduced_no_public_speech,court_independence_lag1,0.6434800028800964,Mixed Outcome,2,0.28220928943300344,0.14513065407737735,0.4765811691101557,0.08679390864142653,632,democracy
full2_reduced_no_public_speech,court_independence_lag1,0.6434800028800964,Contracts Expression,1,0.1965072336936191,0.05685629828303787,0.49803845478224307,0.11281622657739665,632,democracy
full2_reduced_no_public_speech,court_independence_lag1,0.6434800028800964,Expands Expression,3,0.5212834768733775,0.3521221498354452,0.6857005471697212,0.08847742790185625,632,democracy
full2_reduced_no_public_speech,court_independence_lag1,0.7373600006103516,Mixed Outcome,2,0.2806778024377373,0.15072738546529788,0.4617507433722142,0.08115259644124355,632,democracy
full2_reduced_no_public_speech,court_independence_lag1,0.7373600006103516,Contracts Expression,1,0.1958093882352793,0.061198304649781585,0.47629166609232704,0.10587432920885258,632,democracy
full2_reduced_no_public_speech,court_independence_lag1,0.7373600006103516,Expands Expression,3,0.5235128093269843,0.3646329294682466,0.677772318465821,0.08265409766332159,632,democracy
full2_reduced_no_public_speech,court_independence_lag1,0.8312399983406067,Mixed Outcome,2,0.279148836299699,0.1564679917722629,0.4470421776641506,0.07556937755448338,632,democracy
full2_reduced_no_public_speech,court_independence_lag1,0.8312399983406067,Contracts Expression,1,0.19511002687070716,0.06583864568619559,0.45466442872770846,0.09897842578021868,632,democracy
full2_reduced_no_public_speech,court_independence_lag1,0.8312399983406067,Expands Expression,3,0.5257411368295946,0.37727407508795974,0.6697923187787798,0.07686223881093956,632,democracy
full2_reduced_no_public_speech,court_independence_lag1,0.9251199960708618,Mixed Outcome,2,0.27762244146219717,0.16234761107057638,0.43248775315799376,0.07004761884901203,632,democracy
full2_reduced_no_public_speech,court_independence_lag1,0.9251199960708618,Contracts Expression,1,0.19440918342725402,0.07079161567150521,0.43324366291903876,0.0921309574071624,632,democracy
full2_reduced_no_public_speech,court_independence_lag1,0.9251199960708618,Expands Expression,3,0.5279683751105492,0.39001286498565796,0.6617805237800066,0.07111083450768263,632,democracy
full2_reduced_no_public_speech,court_independence_lag1,1.018999993801117,Mixed Outcome,2,0.2760986681141649,0.16835910338606416,0.418120893037113,0.06459172510032779,632,democracy
full2_reduced_no_public_speech,court_independence_lag1,1.018999993801117,Contracts Expression,1,0.19370689183824719,0.07607065249208299,0.4121149039511633,0.0853350488510371,632,democracy
full2_reduced_no_public_speech,court_independence_lag1,1.018999993801117,Expands Expression,3,0.5301944400475898,0.40280995839049755,0.6537627552982347,0.06541171311146021,632,democracy
full2_reduced_no_public_speech,court_independence_lag1,1.112879991531372,Mixed Outcome,2,0.274577566183257,0.17449217553163518,0.4039768637352621,0.059207577304091166,632,democracy
full2_reduced_no_public_speech,court_independence_lag1,1.112879991531372,Contracts Expression,1,0.19300318613803633,0.08168770062511004,0.39136170131022024,0.07859478786556642,632,democracy
full2_reduced_no_public_speech,court_independence_lag1,1.112879991531372,Expands Expression,3,0.5324192476787061,0.4156169837725783,0.6457731693170627,0.059780821959775764,632,democracy
full2_reduced_no_public_speech,court_independence_lag1,1.2067599892616272,Mixed Outcome,2,0.2730591853289884,0.18073204543018304,0.39009395237500943,0.05390320615071699,632,democracy
full2_reduced_no_public_speech,court_independence_lag1,1.2067599892616272,Contracts Expression,1,0.19229810045702583,0.08765226750232105,0.3710654261276902,0.07191565116968615,632,democracy
full2_reduced_no_public_speech,court_independence_lag1,1.2067599892616272,Expands Expression,3,0.5346427142139876,0.42837275732894936,0.6378581243032905,0.0542402079660852,632,democracy
full2_reduced_no_public_speech,court_independence_lag1,1.3006399869918823,Mixed Outcome,2,0.2715435749359425,0.18705734109216893,0.3765154269224165,0.0486898563448166,632,democracy
full2_reduced_no_public_speech,court_independence_lag1,1.3006399869918823,Contracts Expression,1,0.1915916690166762,0.09396998227790201,0.3513057040025636,0.06530517358714892,632,democracy
full2_reduced_no_public_speech,court_independence_lag1,1.3006399869918823,Expands Expression,3,0.5368647560473808,0.44099723486933273,0.6300823258280204,0.04882116361114934,632,democracy
full2_reduced_no_public_speech,court_independence_lag1,1.3945199847221375,Mixed Outcome,2,0.27003078410704295,0.19343668802575462,0.3632928265682578,0.043583720696666745,632,democracy
full2_reduced_no_public_speech,court_independence_lag1,1.3945199847221375,Contracts Expression,1,0.19088392612449595,0.10064031280219894,0.3321618361168351,0.058774035092097394,632,democracy
full2_reduced_no_public_speech,court_independence_lag1,1.3945199847221375,Expands Expression,3,0.5390852897684614,0.45338168468883533,0.6225387588542419,0.043569312225450164,632,democracy
full2_reduced_no_public_speech,court_independence_lag1,1.4883999824523926,Mixed Outcome,2,0.26852086165688255,0.19982297864192286,0.3504915896570132,0.038608857892334605,632,democracy
full2_reduced_no_public_speech,court_independence_lag1,1.4883999824523926,Contracts Expression,1,0.19017490616901064,0.10765279331633167,0.3137158669346119,0.052337895252149706,632,democracy
full2_reduced_no_public_speech,court_independence_lag1,1.4883999824523926,Expands Expression,3,0.5413042321741046,0.4653726306531729,0.6153648572230774,0.03855288785503597,632,democracy
full2_reduced_no_public_speech,court_independence_lag1,1.5822799801826477,Mixed Outcome,2,0.2670138561051224,0.2061434304810803,0.3382009128202897,0.03380226064086722,632,democracy
full2_reduced_no_public_speech,court_independence_lag1,1.5822799801826477,Contracts Expression,1,0.18946464361471968,0.1149804882614344,0.29605857604616337,0.04602062446366307,632,democracy
full2_reduced_no_public_speech,court_independence_lag1,1.5822799801826477,Expands Expression,3,0.5435215002801603,0.4767461103430038,0.6087683640690031,0.03387598311419987,632,democracy
full2_reduced_no_public_speech,court_independence_lag1,1.6761599779129028,Mixed Outcome,2,0.2655098156699589,0.21228187250731886,0.3265514021658497,0.029222892549678386,632,democracy
full2_reduced_no_public_speech,court_independence_lag1,1.6761599779129028,Contracts Expression,1,0.18875317299703298,0.12256806429467573,0.2793010177693149,0.039860271537866476,632,democracy
full2_reduced_no_public_speech,court_independence_lag1,1.6761599779129028,Expands Expression,3,0.5457370113330079,0.4871696018027894,0.6030655280416726,0.02969813765861884,632,democracy
full2_reduced_no_public_speech,court_independence_lag1,1.770039975643158,Mixed Outcome,2,0.26400878826166085,0.21804694955725348,0.31574682617284205,0.024967916703346117,632,democracy
full2_reduced_no_public_speech,court_independence_lag1,1.770039975643158,Contracts Expression,1,0.18804052891720222,0.130308824781183,0.26359724373967197,0.03392064588578797,632,democracy
full2_reduced_no_public_speech,court_independence_lag1,1.770039975643158,Expands Expression,3,0.5479506828211378,0.4961589523151762,0.5987243002168836,0.026256570289073692,632,democracy
full2_reduced_no_public_speech,court_independence_lag1,1.863919973373413,Mixed Outcome,2,0.26251082147617183,0.223117748614563,0.30611846603418336,0.021200459175002035,632,democracy
full2_reduced_no_public_speech,court_independence_lag1,1.863919973373413,Contracts Expression,1,0.18732674603723237,0.13799835753359704,0.24919054237648997,0.028314809500758372,632,democracy
full2_reduced_no_public_speech,court_independence_lag1,1.863919973373413,Expands Expression,3,0.5501624324865958,0.5030738412392041,0.5963689978786837,0.023868917327566463,632,democracy
full2_reduced_no_public_speech,court_independence_lag1,1.9577999711036682,Mixed Outcome,2,0.2610159625887899,0.22696974800808908,0.2981991614757411,0.018187446054579504,632,democracy
full2_reduced_no_public_speech,court_independence_lag1,1.9577999711036682,Contracts Expression,1,0.1866118590747905,0.1452395228241793,0.23650844957071399,0.02325335762262109,632,democracy
full2_reduced_no_public_speech,court_independence_lag1,1.9577999711036682,Expands Expression,3,0.5523721783364176,0.5072548881679106,0.5966433220963306,0.02286392767226115,632,democracy
full2_reduced_no_public_speech,court_independence_lag1,2.0516799688339233,Mixed Outcome,2,0.2595242585479313,0.2288559079875859,0.2927422324875893,0.016309375107020487,632,democracy
full2_reduced_no_public_speech,court_independence_lag1,2.0516799688339233,Contracts Expression,1,0.1858959027981003,0.15126668715105804,0.2263386047925697,0.019133815784437368,632,democracy
full2_reduced_no_public_speech,court_independence_lag1,2.0516799688339233,Expands Expression,3,0.554579838653968,0.5083496393693853,0.5998844943118472,0.023415894737436847,632,democracy
full2_reduced_no_public_speech,court_independence_lag1,2.1455599665641785,Mixed Outcome,2,0.2580357559689505,0.22806436381818995,0.2904638145238972,0.01592905117359507,632,democracy
full2_reduced_no_public_speech,court_independence_lag1,2.1455599665641785,Contracts Expression,1,0.18517891202083217,0.15477868008218207,0.2199959548097444,0.01662536968525491,632,democracy
full2_reduced_no_public_speech,court_independence_lag1,2.1455599665641785,Expands Expression,3,0.5567853320102174,0.5065597873623918,0.6058761553107185,0.02541895034812335,632,democracy
full2_reduced_no_public_speech,court_independence_lag1,2.2394399642944336,Mixed Outcome,2,0.25655050112805233,0.2244766804806651,0.29148464664036733,0.017106953491088997,632,democracy
full2_reduced_no_public_speech,court_independence_lag1,2.2394399642944336,Contracts Expression,1,0.18446092159698751,0.15439349514478107,0.21886826475557425,0.016435943002693108,632,democracy
full2_reduced_no_public_speech,court_independence_lag1,2.2394399642944336,Expands Expression,3,0.5589885772749608,0.5024883327489043,0.6140013157626774,0.028564793378889418,632,democracy
full2_reduced_no_public_speech,court_independence_lag1,2.3333199620246887,Mixed Outcome,2,0.25506853995629086,0.2187087200407182,0.2951892599659004,0.019529297019672074,632,democracy
full2_reduced_no_public_speech,court_independence_lag1,2.3333199620246887,Contracts Expression,1,0.18374196641577673,0.1500484286728116,0.22301622564598053,0.018596679848437186,632,democracy
full2_reduced_no_public_speech,court_independence_lag1,2.3333199620246887,Expands Expression,3,0.5611894936279326,0.4967928907356818,0.6235891543337176,0.032518879025196186,632,democracy
full2_reduced_no_public_speech,court_independence_lag1,2.427199959754944,Mixed Outcome,2,0.25358991803362363,0.21158933116860146,0.30074735543590075,0.022773672460135036,632,democracy
full2_reduced_no_public_speech,court_independence_lag1,2.427199959754944,Contracts Expression,1,0.18302208139649928,0.14310984408358188,0.23106395702115082,0.022405665066365425,632,democracy
full2_reduced_no_public_speech,court_independence_lag1,2.427199959754944,Expands Expression,3,0.5633880005698767,0.48999180347700816,0.6341090008303324,0.03701867668643339,632,democracy
full2_reduced_no_public_speech,court_independence_lag1,2.521079957485199,Mixed Outcome,2,0.2521146805830772,0.20375521398217938,0.30751901601123044,0.026515420017355112,632,democracy
full2_reduced_no_public_speech,court_independence_lag1,2.521079957485199,Contracts Expression,1,0.18230130148341608,0.1349569752786602,0.24161548082123507,0.02715133386641686,632,democracy
full2_reduced_no_public_speech,court_independence_lag1,2.521079957485199,Expands Expression,3,0.5655840179335075,0.48244231588241454,0.6451922455140656,0.04188437176067537,632,democracy
full2_reduced_no_public_speech,court_independence_lag1,2.614959955215454,Mixed Outcome,2,0.2506428724649846,0.1956046976959584,0.3151010143214322,0.030551037875738252,632,democracy
full2_reduced_no_public_speech,court_independence_lag1,2.614959955215454,Contracts Expression,1,0.1815796616406251,0.1264159014925705,0.2538210278606548,0.03240221393005234,632,democracy
full2_reduced_no_public_speech,court_independence_lag1,2.614959955215454,Expands Expression,3,0.5677774658943894,0.4743804215392648,0.6565925669314554,0.046998296724407744,632,democracy
full2_reduced_no_public_speech,court_independence_lag1,2.7088399529457092,Mixed Outcome,2,0.24917453817130408,0.1873730489342532,0.32325159634833833,0.03475970364749182,632,democracy
full2_reduced_no_public_speech,court_independence_lag1,2.7088399529457092,Contracts Expression,1,0.1808571968469443,0.11791205615212282,0.26722481184888186,0.03792972821999219,632,democracy
full2_reduced_no_public_speech,court_independence_lag1,2.7088399529457092,Expands Expression,3,0.5699682649817501,0.46596236270773017,0.6681444935267618,0.052283630190310376,632,democracy
full2_reduced_no_public_speech,court_independence_lag1,2.8027199506759644,Mixed Outcome,2,0.24770972182003662,0.17919948156373644,0.33182356884683556,0.03906908831190175,632,democracy
full2_reduced_no_public_speech,court_independence_lag1,2.8027199506759644,Contracts Expression,1,0.18013394209078573,0.10965961619670814,0.28157592553602623,0.04361196714844929,632,democracy
full2_reduced_no_public_speech,court_independence_lag1,2.8027199506759644,Expands Expression,3,0.5721563360891795,0.457293957752821,0.6797341251377491,0.057689363381993895,632,democracy
full2_reduced_no_public_speech,court_independence_lag1,2.8965999484062195,Mixed Outcome,2,0.2462484671497222,0.17116798717600273,0.340723570020272,0.04343455222784826,632,democracy
full2_reduced_no_public_speech,court_independence_lag1,2.8965999484062195,Contracts Expression,1,0.17940993236504596,0.1017660298787173,0.2967241049877165,0.04938066099830174,632,democracy
full2_reduced_no_public_speech,court_independence_lag1,2.8965999484062195,Expands Expression,3,0.5743416004852309,0.44844915993850903,0.6912806101571571,0.06318078897856491,632,democracy
full2_reduced_no_public_speech,court_independence_lag1,2.9904799461364746,Mixed Outcome,2,0.24479081751403775,0.16333016652577634,0.3498893419015945,0.047827534906262716,632,democracy
full2_reduced_no_public_speech,court_independence_lag1,2.9904799461364746,Contracts Expression,1,0.17868520266199758,0.09428303768757253,0.31256901368478796,0.05519540113446559,632,democracy
full2_reduced_no_public_speech,court_independence_lag1,2.9904799461364746,Expands Expression,3,0.5765239798239645,0.4394814604209894,0.7027247654700433,0.068733655057685,632,democracy
full2_reduced_no_public_speech,court_independence_lag1,3.0843599438667297,Mixed Outcome,2,0.24333681587647746,0.15571794567772948,0.3592771195614741,0.05222910986332482,632,democracy
full2_reduced_no_public_speech,court_independence_lag1,3.0843599438667297,Contracts Expression,1,0.17795978796818537,0.08723185839563272,0.3290353822993997,0.06103100713883131,632,democracy
full2_reduced_no_public_speech,court_independence_lag1,3.0843599438667297,Expands Expression,3,0.5787033961553357,0.4304309084184166,0.7140220663652802,0.07433056259603302,632,democracy
full2_reduced_no_public_speech,court_independence_lag1,3.178239941596985,Mixed Outcome,2,0.24188650480512894,0.14835083363024648,0.36885447936967086,0.056626325704554184,632,democracy
full2_reduced_no_public_speech,court_independence_lag1,3.178239941596985,Contracts Expression,1,0.1772337232593406,0.080616226172969,0.34606032669527026,0.06687106296611231,632,democracy
full2_reduced_no_public_speech,court_independence_lag1,3.178239941596985,Expands Expression,3,0.5808797719355292,0.42132849811658163,0.7251382572511883,0.07995871057045802,632,democracy
full2_reduced_no_public_speech,court_independence_lag1,3.27211993932724,Mixed Outcome,2,0.24043992646754614,0.14124020857339242,0.3785961582674308,0.061010062964352615,632,democracy
full2_reduced_no_public_speech,court_independence_lag1,3.27211993932724,Contracts Expression,1,0.17650704349529575,0.07442952121129505,0.3635866099678715,0.0727044399924137,632,democracy
full2_reduced_no_public_speech,court_independence_lag1,3.27211993932724,Expands Expression,3,0.5830530300371594,0.412198965008014,0.7360465410594991,0.08560845499440335,632,democracy
full2_reduced_no_public_speech,court_independence_lag1,3.365999937057495,Mixed Outcome,2,0.23899712262571626,0.13439194402156807,0.3884815320426715,0.06537373683056363,632,democracy
full2_reduced_no_public_speech,court_independence_lag1,3.365999937057495,Contracts Expression,1,0.17577978361491964,0.06865888343082682,0.38155896612104817,0.07852333469262565,632,democracy
full2_reduced_no_public_speech,court_independence_lag1,3.365999937057495,Expands Expression,3,0.585223093759364,0.40306260632217933,0.7467257334306578,0.09127236742450794,632,democracy
full2_reduced_no_public_speech,v2jupurge_lag1,-1.25600004196167,Mixed Outcome,2,0.24065751021710086,0.0553982447405464,0.6313608425453795,0.15730389700613404,632,democracy
full2_reduced_no_public_speech,v2jupurge_lag1,-1.25600004196167,Contracts Expression,1,0.043493836905281365,0.004012727230866636,0.3391526425388521,0.051443145848643027,632,democracy
full2_reduced_no_public_speech,v2jupurge_lag1,-1.25600004196167,Expands Expression,3,0.7158486528776198,0.3508229736900599,0.9215320441160251,0.15976079743631363,632,democracy
full2_reduced_no_public_speech,v2jupurge_lag1,-1.1715400409698487,Mixed Outcome,2,0.24178352959049423,0.05796878312579582,0.6229953556985165,0.15388367879327947,632,democracy
full2_reduced_no_public_speech,v2jupurge_lag1,-1.1715400409698487,Contracts Expression,1,0.04535912345261805,0.0044797747216288,0.3340875550573685,0.0520727388555769,632,democracy
full2_reduced_no_public_speech,v2jupurge_lag1,-1.1715400409698487,Expands Expression,3,0.7128573469568866,0.3569806423399789,0.9173669353858791,0.15642449317927148,632,democracy
full2_reduced_no_public_speech,v2jupurge_lag1,-1.0870800399780274,Mixed Outcome,2,0.24289049929864648,0.06064199578129794,0.6145348066881889,0.15043162022481152,632,democracy
full2_reduced_no_public_speech,v2jupurge_lag1,-1.0870800399780274,Contracts Expression,1,0.047299023194027685,0.005000583980225645,0.3290609223695321,0.05265837794367838,632,democracy
full2_reduced_no_public_speech,v2jupurge_lag1,-1.0870800399780274,Expands Expression,3,0.7098104775073275,0.3631022487972409,0.9130019400633345,0.1530570222713055,632,democracy
full2_reduced_no_public_speech,v2jupurge_lag1,-1.002620038986206,Mixed Outcome,2,0.2439773057776207,0.06342050831965379,0.6059822533922206,0.14694828231260657,632,democracy
full2_reduced_no_public_speech,v2jupurge_lag1,-1.002620038986206,Contracts Expression,1,0.049316089598993695,0.005581218838248988,0.32407410461065506,0.05319567425953447,632,democracy
full2_reduced_no_public_speech,v2jupurge_lag1,-1.002620038986206,Expands Expression,3,0.7067066046233844,0.3691822340106037,0.9084297323057307,0.14965856595775753,632,democracy
full2_reduced_no_public_speech,v2jupurge_lag1,-0.9181600379943848,Mixed Outcome,2,0.24504280080540225,0.0663068884146861,0.5973409037914026,0.14343424827953413,632,democracy
full2_reduced_no_public_speech,v2jupurge_lag1,-0.9181600379943848,Contracts Expression,1,0.05141292866585722,0.006228400175855663,0.3191284612682051,0.0536800360585335,632,democracy
full2_reduced_no_public_speech,v2jupurge_lag1,-0.9181600379943848,Expands Expression,3,0.703544270528742,0.37521517735566157,0.9036429238459576,0.14622928010746897,632,democracy
full2_reduced_no_public_speech,v2jupurge_lag1,-0.8337000370025636,Mixed Outcome,2,0.24608580143842995,0.06930363434752021,0.588614109768386,0.13989012264195433,632,democracy
full2_reduced_no_public_speech,v2jupurge_lag1,-0.8337000370025636,Contracts Expression,1,0.0535921970280035,0.0069495711161281,0.3142253532648797,0.05410666935548972,632,democracy
full2_reduced_no_public_speech,v2jupurge_lag1,-0.8337000370025636,Expands Expression,3,0.7003220015335697,0.38119582009823283,0.8986340826163796,0.1427692928388905,632,democracy
full2_reduced_no_public_speech,v2jupurge_lag1,-0.7492400360107422,Mixed Outcome,2,0.24710509005066864,0.0724131632968081,0.5798053602673018,0.13631653016251827,632,democracy
full2_reduced_no_public_speech,v2jupurge_lag1,-0.7492400360107422,Contracts Expression,1,0.05585659974736312,0.007752967286584423,0.3093661456709649,0.05447057986673618,632,democracy
full2_reduced_no_public_speech,v2jupurge_lag1,-0.7492400360107422,Expands Expression,3,0.6970383102019664,0.387119087228137,0.8933957533935798,0.13927870262202896,632,democracy
full2_reduced_no_public_speech,v2jupurge_lag1,-0.6647800350189209,Mixed Outcome,2,0.24809941448446052,0.07563779945854397,0.5709182739029892,0.13271411468583685,632,democracy
full2_reduced_no_public_speech,v2jupurge_lag1,-0.6647800350189209,Contracts Expression,1,0.05820888777649115,0.008647692183697007,0.30455221120018827,0.05476657642544351,632,democracy
full2_reduced_no_public_speech,v2jupurge_lag1,-0.6647800350189209,Expands Expression,3,0.6936916977390503,0.392980107174808,0.8879204807598228,0.1357575770396993,632,democracy
full2_reduced_no_public_speech,v2jupurge_lag1,-0.5803200340270996,Mixed Outcome,2,0.2490674883227528,0.07897976208549294,0.5619565911364278,0.12908353787715743,632,democracy
full2_reduced_no_public_speech,v2jupurge_lag1,-0.5803200340270996,Contracts Expression,1,0.060651855070540675,0.00964379755974434,0.2997849346849024,0.05498927607687282,632,democracy
full2_reduced_no_public_speech,v2jupurge_lag1,-0.5803200340270996,Expands Expression,3,0.6902806566067075,0.3987742288540552,0.8822008347683117,0.13220595243260874,632,democracy
full2_reduced_no_public_speech,v2jupurge_lag1,-0.49586003303527837,Mixed Outcome,2,0.2500079912925321,0.08244115353722635,0.5529241661643214,0.1254254778935394,632,democracy
full2_reduced_no_public_speech,v2jupurge_lag1,-0.49586003303527837,Contracts Expression,1,0.06318833533067268,0.010752368594675935,0.2950657187838635,0.05513311109171954,632,democracy
full2_reduced_no_public_speech,v2jupurge_lag1,-0.49586003303527837,Expands Expression,3,0.6868036733767957,0.40449703541999504,0.876229439815137,0.12862383470235045,632,democracy
full2_reduced_no_public_speech,v2jupurge_lag1,-0.4114000320434571,Mixed Outcome,2,0.25091956980945496,0.08602394742727489,0.5438249587081235,0.12174062802927924,632,democracy
full2_reduced_no_public_speech,v2jupurge_lag1,-0.4114000320434571,Contracts Expression,1,0.06582119836082348,0.01198561340832921,0.29039599124858884,0.05519233817533571,632,democracy
full2_reduced_no_public_speech,v2jupurge_lag1,-0.4114000320434571,Expands Expression,3,0.6832592318297217,0.41014435399838156,0.8699990073679755,0.1250112016086291,632,democracy
full2_reduced_no_public_speech,v2jupurge_lag1,-0.3269400310516358,Mixed Outcome,2,0.2518008376739088,0.0897299769427631,0.5346630259303177,0.1180296953924473,632,democracy
full2_reduced_no_public_speech,v2jupurge_lag1,-0.3269400310516358,Contracts Expression,1,0.06855334602032839,0.013356956196401638,0.2857772141754064,0.05516105020262231,632,democracy
full2_reduced_no_public_speech,v2jupurge_lag1,-0.3269400310516358,Expands Expression,3,0.6796458163057637,0.41571226055393834,0.8635023733870192,0.1213680069739791,632,democracy
full2_reduced_no_public_speech,v2jupurge_lag1,-0.24248003005981444,Mixed Outcome,2,0.2526503769286937,0.09356092339064435,0.525442514757468,0.11429339968934128,632,democracy
full2_reduced_no_public_speech,v2jupurge_lag1,-0.24248003005981444,Contracts Expression,1,0.07138770775567543,0.014881132919682943,0.2812108958041952,0.05503319087695693,632,democracy
full2_reduced_no_public_speech,v2jupurge_lag1,-0.24248003005981444,Expands Expression,3,0.6759619153156301,0.4211970788776744,0.8567325415099771,0.11769418730889412,632,democracy
full2_reduced_no_public_speech,v2jupurge_lag1,-0.15802002906799317,Mixed Outcome,2,0.25346673888862903,0.09751830499128598,0.5161676549498452,0.11053247221859963,632,democracy
full2_reduced_no_public_speech,v2jupurge_lag1,-0.15802002906799317,Contracts Expression,1,0.07432723569566943,0.016574288017170424,0.27669860560960335,0.05480257280433167,632,democracy
full2_reduced_no_public_speech,v2jupurge_lag1,-0.15802002906799317,Expands Expression,3,0.6722060254157015,0.42659537246399254,0.8496827333709984,0.11398967149625858,632,democracy
full2_reduced_no_public_speech,v2jupurge_lag1,-0.0735600280761719,Mixed Outcome,2,0.25424844535224156,0.10160346588899286,0.5068427533328662,0.10674765520989885,632,democracy
full2_reduced_no_public_speech,v2jupurge_lag1,-0.0735600280761719,Contracts Expression,1,0.07737489929552425,0.018454070019590676,0.27224199368506136,0.054462899601197164,632,democracy
full2_reduced_no_public_speech,v2jupurge_lag1,-0.0735600280761719,Expands Expression,3,0.6683766553522315,0.4319039277513937,0.8423464478070576,0.11025439434093702,632,democracy
full2_reduced_no_public_speech,v2jupurge_lag1,0.01089997291564937,Mixed Outcome,2,0.25499399000555134,0.10581756527537,0.4974721896978323,0.10293970168500838,632,democracy
full2_reduced_no_public_speech,v2jupurge_lag1,0.01089997291564937,Contracts Expression,1,0.0805336795168878,0.020539723169297024,0.2678428157776861,0.05400779283249746,632,democracy
full2_reduced_no_public_speech,v2jupurge_lag1,0.01089997291564937,Expands Expression,3,0.6644723304775614,0.4371197268007879,0.8347175312004563,0.10648831501065043,632,democracy
full2_reduced_no_public_speech,v2jupurge_lag1,0.09535997390747064,Mixed Outcome,2,0.25570184002769886,0.11016156641622567,0.488060414997581,0.09910937607618546,632,democracy
full2_reduced_no_public_speech,v2jupurge_lag1,0.09535997390747064,Contracts Expression,1,0.08380656253258774,0.022852171148810625,0.2635029658356784,0.053430824828105954,632,democracy
full2_reduced_no_public_speech,v2jupurge_lag1,0.09535997390747064,Expands Expression,3,0.6604915974397132,0.44223990693623433,0.8267902618538938,0.10269144169054395,632,democracy
full2_reduced_no_public_speech,v2jupurge_lag1,0.1798199748992919,Mixed Outcome,2,0.2563704379077449,0.11463622522399858,0.4786119526176218,0.09525745591428399,632,democracy
full2_reduced_no_public_speech,v2jupurge_lag1,0.1798199748992919,Contracts Expression,1,0.08719653294690777,0.025414087701140495,0.259224518658973,0.052725558789298285,632,democracy
full2_reduced_no_public_speech,v2jupurge_lag1,0.1798199748992919,Expands Expression,3,0.6564330291453467,0.4472617041098494,0.8185594521566556,0.09886386417896185,632,democracy
full2_reduced_no_public_speech,v2jupurge_lag1,0.2642799758911132,Mixed Outcome,2,0.2569982034815109,0.11924207780972529,0.46913140370753276,0.0913847350035944,632,democracy
full2_reduced_no_public_speech,v2jupurge_lag1,0.2642799758911132,Contracts Expression,1,0.09070656652456237,0.02824994717106591,0.25500978630040755,0.051885598127183734,632,democracy
full2_reduced_no_public_speech,v2jupurge_lag1,0.2642799758911132,Expands Expression,3,0.652295229993927,0.4521823756833483,0.8100205734642267,0.0950057967124059,632,democracy
full2_reduced_no_public_speech,v2jupurge_lag1,0.34873997688293445,Mixed Outcome,2,0.2575835361966529,0.12397942615334691,0.4596234578413658,0.0874920286474943,632,democracy
full2_reduced_no_public_speech,v2jupurge_lag1,0.34873997688293445,Contracts Expression,1,0.09433962242416803,0.031386045623683474,0.2508613934366221,0.05090464776439252,632,democracy
full2_reduced_no_public_speech,v2jupurge_lag1,0.34873997688293445,Expands Expression,3,0.6480768413791792,0.45699909680725376,0.8011699102123074,0.09111763409313967,632,democracy
full2_reduced_no_public_speech,v2jupurge_lag1,0.4331999778747557,Mixed Outcome,2,0.258124817613403,0.12884832061270235,0.45009291067024176,0.08358018169527885,632,democracy
full2_reduced_no_public_speech,v2jupurge_lag1,0.4331999778747557,Contracts Expression,1,0.09809863493495614,0.03485047991813983,0.2467823792912134,0.04977659132354921,632,democracy
full2_reduced_no_public_speech,v2jupurge_lag1,0.4331999778747557,Expands Expression,3,0.6437765474516426,0.4617088224126399,0.7920047520235738,0.08720002531129552,632,democracy
full2_reduced_no_public_speech,v2jupurge_lag1,0.517659978866577,Mixed Outcome,2,0.25862041414752457,0.13384853738794253,0.44054469079926833,0.07965008047845942,632,democracy
full2_reduced_no_public_speech,v2jupurge_lag1,0.517659978866577,Contracts Expression,1,0.10198650471873602,0.03867306746416191,0.24277633732443113,0.04849558996208409,632,democracy
full2_reduced_no_public_speech,v2jupurge_lag1,0.517659978866577,Expands Expression,3,0.6393930811337408,0.46630810369881714,0.7825236357482622,0.08325397046361019,632,democracy
full2_reduced_no_public_speech,v2jupurge_lag1,0.6021199798583983,Mixed Outcome,2,0.2590686800609017,0.13897954817499666,0.4309838989565445,0.07570267014196816,632,democracy
full2_reduced_no_public_speech,v2jupurge_lag1,0.6021199798583983,Contracts Expression,1,0.10600608956266636,0.042885182590176485,0.23884760958962697,0.04705621149471173,632,democracy
full2_reduced_no_public_speech,v2jupurge_lag1,0.6021199798583983,Expands Expression,3,0.6349252303764323,0.47079284341320254,0.7727266539893589,0.0792809491236149,632,democracy
full2_reduced_no_public_speech,v2jupurge_lag1,0.6865799808502195,Mixed Outcome,2,0.2594679607040243,0.14424047792681308,0.4214158637755652,0.07173897952964849,632,democracy
full2_reduced_no_public_speech,v2jupurge_lag1,0.6865799808502195,Contracts Expression,1,0.11016019465227384,0.04751947516984116,0.2350015617585545,0.045453603066061915,632,democracy
full2_reduced_no_public_speech,v2jupurge_lag1,0.6865799808502195,Expands Expression,3,0.6303718446437018,0.4751579674254771,0.7626158534441916,0.07528309179756595,632,democracy
full2_reduced_no_public_speech,v2jupurge_lag1,0.771039981842041,Mixed Outcome,2,0.2598165960132137,0.14963004464044805,0.4118462204382642,0.06776015678407074,632,democracy
full2_reduced_no_public_speech,v2jupurge_lag1,0.771039981842041,Contracts Expression,1,0.11445156237828902,0.052609421032611264,0.23124497972934446,0.043683728218067076,632,democracy
full2_reduced_no_public_speech,v2jupurge_lag1,0.771039981842041,Expands Expression,3,0.6257318416084984,0.479396979913365,0.7521957565229636,0.07126341131275243,632,democracy
full2_reduced_no_public_speech,v2jupurge_lag1,0.8554999828338623,Mixed Outcome,2,0.2601129242639073,0.15514647197437298,0.4022810214514203,0.06376752038628428,632,democracy
full2_reduced_no_public_speech,v2jupurge_lag1,0.8554999828338623,Contracts Expression,1,0.11888286169531405,0.058188627443224415,0.22758665379467102,0.041743701953455455,632,democracy
full2_reduced_no_public_speech,v2jupurge_lag1,0.8554999828338623,Expands Expression,3,0.6210042140407782,0.4835013540219126,0.7414740550503853,0.06722611889241545,632,democracy
full2_reduced_no_public_speech,v2jupurge_lag1,0.9399599838256836,Mixed Outcome,2,0.2603552860796375,0.1607873605350488,0.3927268936909102,0.05976263286816354,632,democracy
full2_reduced_no_public_speech,v2jupurge_lag1,0.9399599838256836,Contracts Expression,1,0.12345667705501231,0.06428977257945313,0.22403825964154078,0.039632279447842894,632,democracy
full2_reduced_no_public_speech,v2jupurge_lag1,0.9399599838256836,Expands Expression,3,0.6161880368653502,0.4874596861804563,0.7304625483679081,0.0631770617873315,632,democracy
full2_reduced_no_public_speech,v2jupurge_lag1,1.0244199848175048,Mixed Outcome,2,0.26054202869446347,0.1665494955313163,0.3831912638743274,0.055747408555459926,632,democracy
full2_reduced_no_public_speech,v2jupurge_lag1,1.0244199848175048,Contracts Expression,1,0.12817549694139166,0.07094298010870385,0.22061572244484073,0.03735059329658588,632,democracy
full2_reduced_no_public_speech,v2jupurge_lag1,1.0244199848175048,Expands Expression,3,0.6112824743641467,0.4912565056697641,0.7191784345114204,0.05912433806279046,632,democracy
full2_reduced_no_public_speech,v2jupurge_lag1,1.1088799858093261,Mixed Outcome,2,0.26067151046465015,0.17242855476276872,0.37368268822593964,0.051724273675989745,632,democracy
full2_reduced_no_public_speech,v2jupurge_lag1,1.1088799858093261,Contracts Expression,1,0.13304170204087934,0.0781732883448596,0.21734139146728085,0.03490330613193525,632,democracy
full2_reduced_no_public_speech,v2jupurge_lag1,1.1088799858093261,Expands Expression,3,0.6062867874944701,0.494870574309515,0.7076461195566491,0.05507917318428871,632,democracy
full2_reduced_no_public_speech,v2jupurge_lag1,1.1933399868011474,Mixed Outcome,2,0.26074210562323674,0.1784186569881268,0.36421134587991694,0.04769640934170499,632,democracy
full2_reduced_no_public_speech,v2jupurge_lag1,1.1933399868011474,Contracts Expression,1,0.1380575530850933,0.0859966068242166,0.21424761928673264,0.03230048142259029,632,democracy
full2_reduced_no_public_speech,v2jupurge_lag1,1.1933399868011474,Expands Expression,3,0.6012003412916722,0.4982724237105343,0.6958997972719632,0.05105718783821917,632,democracy
full2_reduced_no_public_speech,v2jupurge_lag1,1.2777999877929687,Mixed Outcome,2,0.2607522092688452,0.18451164759396085,0.3547897985454188,0.0436681298878339,632,democracy
full2_reduced_no_public_speech,v2jupurge_lag1,1.2777999877929687,Contracts Expression,1,0.14322517840959154,0.09441303622123348,0.2113828574962902,0.029560739244322766,632,democracy
full2_reduced_no_public_speech,v2jupurge_lag1,1.2777999877929687,Expands Expression,3,0.5960226123215636,0.5014207459161942,0.6839871823839303,0.04708025391902023,632,democracy
full2_reduced_no_public_speech,v2jupurge_lag1,1.36225998878479,Mixed Outcome,2,0.2607002425777538,0.19069593773614474,0.3454341995512675,0.03964549022711171,632,democracy
full2_reduced_no_public_speech,v2jupurge_lag1,1.36225998878479,Contracts Expression,1,0.1485465612772591,0.10339540809941163,0.20882240190880616,0.026716784511726897,632,democracy
full2_reduced_no_public_speech,v2jupurge_lag1,1.36225998878479,Expands Expression,3,0.5907531961449887,0.5042570672151413,0.6719749662799143,0.04317923116440173,632,democracy
full2_reduced_no_public_speech,v2jupurge_lag1,1.4467199897766112,Mixed Outcome,2,0.2605846582257097,0.19695455559758487,0.3361662927584659,0.03563729623778678,632,democracy
full2_reduced_no_public_speech,v2jupurge_lag1,1.4467199897766112,Contracts Expression,1,0.1540235270204031,0.11286891853064049,0.20668790570827322,0.02382540750311395,632,democracy
full2_reduced_no_public_speech,v2jupurge_lag1,1.4467199897766112,Expands Expression,3,0.5853918147538851,0.5066979132559373,0.6599567850350607,0.03939799117745096,632,democracy
full2_reduced_no_public_speech,v2jupurge_lag1,1.5311799907684325,Mixed Outcome,2,0.2604039460034709,0.2032617472686631,0.32701686280862524,0.031656856066312064,632,democracy
full2_reduced_no_public_speech,v2jupurge_lag1,1.5311799907684325,Contracts Expression,1,0.15965773006094008,0.12267426347669821,0.205183249473114,0.020985825910020958,632,democracy
full2_reduced_no_public_speech,v2jupurge_lag1,1.5311799907684325,Expands Expression,3,0.5799383239355893,0.5086235492274781,0.648064613382405,0.03579920119277348,632,democracy
full2_reduced_no_public_speech,v2jupurge_lag1,1.6156399917602537,Mixed Outcome,2,0.26015663860738963,0.20957677995081467,0.318031982828242,0.02772515969827829,632,democracy
full2_reduced_no_public_speech,v2jupurge_lag1,1.6156399917602537,Contracts Expression,1,0.16545064087326292,0.13250316982364652,0.20465787690821288,0.01837203129347683,632,democracy
full2_reduced_no_public_speech,v2jupurge_lag1,1.6156399917602537,Expands Expression,3,0.5743927205193488,0.5098628344107922,0.6364840420345993,0.03247211143639742,632,democracy
full2_reduced_no_public_speech,v2jupurge_lag1,1.700099992752075,Mixed Outcome,2,0.2598413175837667,0.2158320794994291,0.3092849262476735,0.023876950257133003,632,democracy
full2_reduced_no_public_speech,v2jupurge_lag1,1.700099992752075,Contracts Expression,1,0.1714035329593484,0.14180603070897693,0.2056978979262165,0.016279287641338524,632,democracy
full2_reduced_no_public_speech,v2jupurge_lag1,1.700099992752075,Expands Expression,3,0.5687551494568845,0.5101761026956365,0.6254715228075722,0.029541386134464626,632,democracy
full2_reduced_no_public_speech,v2jupurge_lag1,1.7845599937438963,Mixed Outcome,2,0.259456619403027,0.22190939016624708,0.30090005341797943,0.020172908409364514,632,democracy
full2_reduced_no_public_speech,v2jupurge_lag1,1.7845599937438963,Contracts Expression,1,0.17751746991037443,0.14975158905362393,0.20916503459885777,0.0151440148406038,632,democracy
full2_reduced_no_public_speech,v2jupurge_lag1,1.7845599937438963,Expands Expression,3,0.5630259106865999,0.5092448998939966,0.6153647461129494,0.027172496950010706,632,democracy
full2_reduced_no_public_speech,v2jupurge_lag1,1.8690199947357176,Mixed Outcome,2,0.259001241637186,0.22759026235809862,0.2931023656398703,0.016724939621979764,632,democracy
full2_reduced_no_public_speech,v2jupurge_lag1,1.8690199947357176,Contracts Expression,1,0.18379329263344357,0.15548699885497758,0.21593511036974503,0.015410484520238854,632,democracy
full2_reduced_no_public_speech,v2jupurge_lag1,1.8690199947357176,Expands Expression,3,0.5572054657293695,0.5066903981309099,0.6065643253599878,0.025562575756031984,632,democracy
full2_reduced_no_public_speech,v2jupurge_lag1,1.9534799957275388,Mixed Outcome,2,0.25847394921153716,0.23245667232874892,0.28631692103134027,0.013746918156947481,632,democracy
full2_reduced_no_public_speech,v2jupurge_lag1,1.9534799957275388,Contracts Expression,1,0.19023160682593285,0.15872644277109918,0.22630794537975474,0.01723029819719196,632,democracy
full2_reduced_no_public_speech,v2jupurge_lag1,1.9534799957275388,Expands Expression,3,0.5512944439625302,0.5021499515912159,0.5994573183403308,0.02490170612919424,632,democracy
full2_reduced_no_public_speech,v2jupurge_lag1,2.03793999671936,Mixed Outcome,2,0.2578735806990367,0.235743681089867,0.28131620323567336,0.011629940376241066,632,democracy
full2_reduced_no_public_speech,v2jupurge_lag1,2.03793999671936,Contracts Expression,1,0.19683277078334627,0.1599096785405803,0.23984733837151115,0.02038198391330484,632,democracy
full2_reduced_no_public_speech,v2jupurge_lag1,2.03793999671936,Expands Expression,3,0.5452936485176194,0.4954079242420346,0.5942864490142734,0.025306573772789286,632,democracy
full2_reduced_no_public_speech,v2jupurge_lag1,2.1223999977111814,Mixed Outcome,2,0.25719905462358394,0.23639554267907076,0.2791640311007117,0.010913869981471005,632,democracy
full2_reduced_no_public_speech,v2jupurge_lag1,2.1223999977111814,Contracts Expression,1,0.2035968836293539,0.15970892471654757,0.2558727885728517,0.02452341406191779,632,democracy
full2_reduced_no_public_speech,v2jupurge_lag1,2.1223999977111814,Expands Expression,3,0.5392040617470624,0.48649755809136463,0.5910482550662096,0.026768797132414066,632,democracy
full2_reduced_no_public_speech,v2jupurge_lag1,2.2068599987030026,Mixed Outcome,2,0.2564493757362763,0.23386650245813043,0.28041476695055295,0.011879036585974959,632,democracy
full2_reduced_no_public_speech,v2jupurge_lag1,2.2068599987030026,Contracts Expression,1,0.2105237740588126,0.1586523737671623,0.27383474228180676,0.02938449966125683,632,democracy
full2_reduced_no_public_speech,v2jupurge_lag1,2.2068599987030026,Expands Expression,3,0.5330268502049124,0.47567917255019027,0.5895148647279846,0.02916611662156905,632,democracy
full2_reduced_no_public_speech,v2jupurge_lag1,2.291319999694824,Mixed Outcome,2,0.25562364122676406,0.22878733237913207,0.28444677488046116,0.014206301052429421,632,democracy
full2_reduced_no_public_speech,v2jupurge_lag1,2.291319999694824,Contracts Expression,1,0.2176129896859437,0.15707478166794747,0.2933629934010744,0.03479268202968687,632,democracy
full2_reduced_no_public_speech,v2jupurge_lag1,2.291319999694824,Expands Expression,3,0.5267633690872929,0.4633203155577358,0.589353776701479,0.03232336709020027,632,democracy
full2_reduced_no_public_speech,v2jupurge_lag1,2.375780000686645,Mixed Outcome,2,0.2547210468302471,0.22219000071800385,0.2902377300734345,0.01737243867378019,632,democracy
full2_reduced_no_public_speech,v2jupurge_lag1,2.375780000686645,Contracts Expression,1,0.22486378709043536,0.155176740111868,0.3142067111181699,0.04064278861459083,632,democracy
full2_reduced_no_public_speech,v2jupurge_lag1,2.375780000686645,Expands Expression,3,0.5204151660793173,0.4497832047317011,0.5902403001501648,0.03606961025833078,632,democracy
full2_reduced_no_public_speech,v2jupurge_lag1,2.4602400016784665,Mixed Outcome,2,0.25374089278920564,0.21479242246728675,0.2970798316307639,0.021014778627669175,632,democracy
full2_reduced_no_public_speech,v2jupurge_lag1,2.4602400016784665,Contracts Expression,1,0.23227512265392652,0.15307921527448906,0.3361795852538621,0.04686922824546382,632,democracy
full2_reduced_no_public_speech,v2jupurge_lag1,2.4602400016784665,Expands Expression,3,0.51398398455687,0.4353717693848073,0.5919103402196122,0.04026485004470759,632,democracy
full2_reduced_no_public_speech,v2jupurge_lag1,2.5447000026702877,Mixed Outcome,2,0.2526825896279479,0.20698781946598913,0.3045903887714037,0.024936457542763957,632,democracy
full2_reduced_no_public_speech,v2jupurge_lag1,2.5447000026702877,Contracts Expression,1,0.23984564427816846,0.1508572079367531,0.3591262974943189,0.053428812177843,632,democracy
full2_reduced_no_public_speech,v2jupurge_lag1,2.5447000026702877,Expands Expression,3,0.5074717660938846,0.420324421377473,0.5941673988112168,0.04480344939745013,632,democracy
full2_reduced_no_public_speech,v2jupurge_lag1,2.629160003662109,Mixed Outcome,2,0.2515456636973596,0.19898724484263786,0.3125692250645269,0.029033611662973247,632,democracy
full2_reduced_no_public_speech,v2jupurge_lag1,2.629160003662109,Contracts Expression,1,0.24757368407401398,0.14855875717032335,0.3829041411291989,0.06029104545860784,632,democracy
full2_reduced_no_public_speech,v2jupurge_lag1,2.629160003662109,Expands Expression,3,0.5008806522286275,0.4048254522424417,0.5968708925564358,0.04960807151642505,632,democracy
full2_reduced_no_public_speech,v2jupurge_lag1,2.7136200046539303,Mixed Outcome,2,0.25032976244686356,0.19091038972748117,0.320907782347697,0.03324898675394127,632,democracy
full2_reduced_no_public_speech,v2jupurge_lag1,2.7136200046539303,Contracts Expression,1,0.25545725210727976,0.14621559965499203,0.40737349771603676,0.0674326757907093,632,democracy
full2_reduced_no_public_speech,v2jupurge_lag1,2.7136200046539303,Expands Expression,3,0.4942129854458573,0.3890193934874663,0.5999214524008711,0.05462212060141689,632,democracy
full2_reduced_no_public_speech,v2jupurge_lag1,2.798080005645752,Mixed Outcome,2,0.24903465938075406,0.182830485368869,0.329544111225905,0.037548976403511215,632,democracy
full2_reduced_no_public_speech,v2jupurge_lag1,2.798080005645752,Contracts Expression,1,0.26349403128341636,0.14384927734859812,0.4323933693995154,0.07483456815765699,632,democracy
full2_reduced_no_public_speech,v2jupurge_lag1,2.798080005645752,Expands Expression,3,0.48747130933582844,0.37302287139289564,0.6032486768976817,0.059803459732296206,632,democracy
full2_reduced_no_public_speech,v2jupurge_lag1,2.882540006637573,Mixed Outcome,2,0.24766025865650867,0.17479598936419424,0.3384410599401982,0.0419125048619576,632,democracy
full2_reduced_no_public_speech,v2jupurge_lag1,2.882540006637573,Contracts Expression,1,0.2716813734478894,0.14147474486520265,0.45781987547090597,0.08247986023321482,632,democracy
full2_reduced_no_public_speech,v2jupurge_lag1,2.882540006637573,Expands Expression,3,0.48065836789560296,0.3569331108559706,0.6068021902457795,0.06511983088866787,632,democracy
full2_reduced_no_public_speech,v2jupurge_lag1,2.9670000076293945,Mixed Outcome,2,0.24620659928364624,0.16684142129977197,0.3475752973156248,0.046325443180767284,632,democracy
full2_reduced_no_public_speech,v2jupurge_lag1,2.9670000076293945,Contracts Expression,1,0.2800162967730435,0.13910256967118767,0.4835065488451613,0.09035284178234489,632,democracy
full2_reduced_no_public_speech,v2jupurge_lag1,2.9670000076293945,Expands Expression,3,0.47377710394331174,0.34083366317540126,0.6105454378940154,0.07054568238658393,632,democracy
full2_reduced_no_public_speech,wdj_expression_lag1,-0.6666666865348816,Mixed Outcome,2,0.3377160352122169,0.2290087077342062,0.46678375487262574,0.06167167036604316,632,democracy
full2_reduced_no_public_speech,wdj_expression_lag1,-0.6666666865348816,Contracts Expression,1,0.1126678474484927,0.06349270293921579,0.19211613523721707,0.03200531591550951,632,democracy
full2_reduced_no_public_speech,wdj_expression_lag1,-0.6666666865348816,Expands Expression,3,0.54961611733929,0.41511040625505613,0.6772403110985161,0.06845295090598327,632,democracy
full2_reduced_no_public_speech,wdj_expression_lag1,-0.633333352804184,Mixed Outcome,2,0.3352178144326291,0.22927283014771246,0.4608462980503177,0.06000406947455394,632,democracy
full2_reduced_no_public_speech,wdj_expression_lag1,-0.633333352804184,Contracts Expression,1,0.11453659852614854,0.06575901580072953,0.19205754479396692,0.03148779995479522,632,democracy
full2_reduced_no_public_speech,wdj_expression_lag1,-0.633333352804184,Expands Expression,3,0.5502455870412213,0.4185666401302339,0.6752409973624124,0.0669614103920024,632,democracy
full2_reduced_no_public_speech,wdj_expression_lag1,-0.6000000190734863,Mixed Outcome,2,0.33272094573096317,0.22952903200297842,0.45491381569217315,0.058345092272979716,632,democracy
full2_reduced_no_public_speech,wdj_expression_lag1,-0.6000000190734863,Contracts Expression,1,0.11642981537826201,0.06809269328527248,0.19201023411553267,0.030950991814570956,632,democracy
full2_reduced_no_public_speech,wdj_expression_lag1,-0.6000000190734863,Expands Expression,3,0.5508492388907764,0.4219971199015903,0.6732201022937316,0.06547548864736018,632,democracy
full2_reduced_no_public_speech,wdj_expression_lag1,-0.5666666853427886,Mixed Outcome,2,0.3302255527543803,0.22977701760448035,0.44898823388667636,0.056695115424466085,632,democracy
full2_reduced_no_public_speech,wdj_expression_lag1,-0.5666666853427886,Contracts Expression,1,0.11834764330104859,0.07049454669411062,0.1919753658225427,0.03039512035148889,632,democracy
full2_reduced_no_public_speech,wdj_expression_lag1,-0.5666666853427886,Expands Expression,3,0.5514268039445733,0.4254008062213896,0.6711774736224227,0.06399529225824552,632,democracy
full2_reduced_no_public_speech,wdj_expression_lag1,-0.5333333516120911,Mixed Outcome,2,0.32773176056239006,0.2300164616077376,0.443071513341683,0.05505453087906307,632,democracy
full2_reduced_no_public_speech,wdj_expression_lag1,-0.5333333516120911,Contracts Expression,1,0.1202902236455724,0.07296524640683182,0.19195425300860167,0.029820496496006745,632,democracy
full2_reduced_no_public_speech,wdj_expression_lag1,-0.5333333516120911,Expands Expression,3,0.5519780157920375,0.42877663437833546,0.6691130007418672,0.06252094578221594,632,democracy
full2_reduced_no_public_speech,wdj_expression_lag1,-0.5000000178813935,Mixed Outcome,2,0.3252396956203412,0.23024700487363328,0.43716565195759155,0.05342374795320818,632,democracy
full2_reduced_no_public_speech,wdj_expression_lag1,-0.5000000178813935,Contracts Expression,1,0.1222576936800755,0.07550529481560504,0.1919483833900107,0.029227525968532772,632,democracy
full2_reduced_no_public_speech,wdj_expression_lag1,-0.5000000178813935,Expands Expression,3,0.5525026106995815,0.43212350712971725,0.667026622421831,0.06105259564732383,632,democracy
full2_reduced_no_public_speech,wdj_expression_lag1,-0.4666666841506958,Mixed Outcome,2,0.3227494857916236,0.23046824966381807,0.43127268805268537,0.05180319574482624,632,democracy
full2_reduced_no_public_speech,wdj_expression_lag1,-0.4666666841506958,Contracts Expression,1,0.12425018645202827,0.07811499453404326,0.191959447969936,0.028616724302602675,632,democracy
full2_reduced_no_public_speech,wdj_expression_lag1,-0.4666666841506958,Expands Expression,3,0.5530003277563491,0.4354402863918163,0.664918335640299,0.05959041461376735,632,democracy
full2_reduced_no_public_speech,wdj_expression_lag1,-0.43333335041999815,Mixed Outcome,2,0.32026126032857255,0.23067975405657956,0.4253947043646467,0.050193325945624374,632,democracy
full2_reduced_no_public_speech,wdj_expression_lag1,-0.43333335041999815,Contracts Expression,1,0.1262678306500157,0.08079441094309359,0.191989375149824,0.027988734650381132,632,democracy
full2_reduced_no_public_speech,wdj_expression_lag1,-0.43333335041999815,Expands Expression,3,0.5534709090214127,0.43872578362591247,0.6627882057004221,0.05813460688162549,632,democracy
full2_reduced_no_public_speech,wdj_expression_lag1,-0.4000000166893005,Mixed Outcome,2,0.31777514986203753,0.2308810254379288,0.41953383297669666,0.048594616124674445,632,democracy
full2_reduced_no_public_speech,wdj_expression_lag1,-0.4000000166893005,Contracts Expression,1,0.12831075046558377,0.08354332793891901,0.19204037141863067,0.027344348946708737,632,democracy
full2_reduced_no_public_speech,wdj_expression_lag1,-0.4000000166893005,Expands Expression,3,0.5539140996723774,0.441978748728326,0.6606363778280527,0.056685413943216446,632,democracy
full2_reduced_no_public_speech,wdj_expression_lag1,-0.3666666829586029,Mixed Outcome,2,0.3152912863895801,0.23107151289221348,0.41369226134720866,0.04700757357289898,632,democracy
full2_reduced_no_public_speech,wdj_expression_lag1,-0.3666666829586029,Contracts Expression,1,0.1303790654551716,0.08636119551290311,0.1921149699863804,0.026684533128105998,632,democracy
full2_reduced_no_public_speech,wdj_expression_lag1,-0.3666666829586029,Expands Expression,3,0.554329648155249,0.44519785720204713,0.6584630904765387,0.05524312129451694,632,democracy
full2_reduced_no_public_speech,wdj_expression_lag1,-0.33333334922790525,Mixed Outcome,2,0.3128098032622872,0.23125059827827996,0.40787223966019326,0.04543273981769975,632,democracy
full2_reduced_no_public_speech,wdj_expression_lag1,-0.33333334922790525,Contracts Expression,1,0.13247289040225327,0.08924706752089825,0.19221608900250214,0.026010457242793786,632,democracy
full2_reduced_no_public_speech,wdj_expression_lag1,-0.33333334922790525,Expands Expression,3,0.5547173063354595,0.44838169534887645,0.6562686906043873,0.05380806614002192,632,democracy
full2_reduced_no_public_speech,wdj_expression_lag1,-0.3000000154972076,Mixed Outcome,2,0.310330835170161,0.2314175857323669,0.40207608975822673,0.04387069593966143,632,democracy
full2_reduced_no_public_speech,wdj_expression_lag1,-0.3000000154972076,Contracts Expression,1,0.13459233517982938,0.09219952769127429,0.19234710130748242,0.025323531444995953,632,democracy
full2_reduced_no_public_speech,wdj_expression_lag1,-0.3000000154972076,Expands Expression,3,0.5550768296500084,0.45152874317751934,0.6540536512353718,0.052380646247858834,632,democracy
full2_reduced_no_public_speech,wdj_expression_lag1,-0.26666668176651,Mixed Outcome,2,0.30785451812608405,0.23157168927911254,0.3963062159801495,0.04232206885407936,632,democracy
full2_reduced_no_public_speech,wdj_expression_lag1,-0.26666668176651,Contracts Expression,1,0.13673750461339215,0.09521660159096948,0.1925119179975282,0.0246254490357035,632,democracy
full2_reduced_no_public_speech,wdj_expression_lag1,-0.26666668176651,Expands Expression,3,0.5554079772605226,0.45463735467221306,0.6518185916615374,0.05096133013809079,632,democracy
full2_reduced_no_public_speech,wdj_expression_lag1,-0.23333334803581235,Mixed Outcome,2,0.3053809894482994,0.23171201816410017,0.390565118292576,0.04078753875438837,632,democracy
full2_reduced_no_public_speech,wdj_expression_lag1,-0.23333334803581235,Contracts Expression,1,0.1389084983445095,0.09829565194311629,0.19271508840986187,0.02391823787897026,632,democracy
full2_reduced_no_public_speech,wdj_expression_lag1,-0.23333334803581235,Expands Expression,3,0.5557105122071919,0.457705735008385,0.6495643007082138,0.04955066881711987,632,democracy
full2_reduced_no_public_speech,wdj_expression_lag1,-0.20000001430511472,Mixed Outcome,2,0.30291038774142565,0.23183755943090664,0.3848554081958589,0.0392678479610888,632,democracy
full2_reduced_no_public_speech,wdj_expression_lag1,-0.20000001430511472,Contracts Expression,1,0.14110541069516258,0.10143325443093382,0.19296191939500426,0.023204321655126366,632,democracy
full2_reduced_no_public_speech,wdj_expression_lag1,-0.20000001430511472,Expands Expression,3,0.5559842015634118,0.4607319142335694,0.6472917635482655,0.04814930930617017,632,democracy
full2_reduced_no_public_speech,wdj_expression_lag1,-0.16666668057441703,Mixed Outcome,2,0.3004428528759665,0.23194715716021364,0.3791798279893738,0.037763811473237055,632,democracy
full2_reduced_no_public_speech,wdj_expression_lag1,-0.16666668057441703,Contracts Expression,1,0.14332833053297492,0.10462505103223718,0.19325861683425352,0.02248659245908721,632,democracy
full2_reduced_no_public_speech,wdj_expression_lag1,-0.16666668057441703,Expands Expression,3,0.5562288165910582,0.4637137168600318,0.6450021926251547,0.04675801024884286,632,democracy
full2_reduced_no_public_speech,wdj_expression_lag1,-0.13333334684371945,Mixed Outcome,2,0.2979785259662814,0.23203948765303598,0.3735412741172143,0.036276329588956414,632,democracy
full2_reduced_no_public_speech,wdj_expression_lag1,-0.13333334684371945,Contracts Expression,1,0.1455773411374924,0.10786557818893575,0.19361245210353908,0.02176849612047097,632,democracy
full2_reduced_no_public_speech,wdj_expression_lag1,-0.13333334684371945,Expands Expression,3,0.5564441328962263,0.4666487267335756,0.6426970633262311,0.04537765992491102,632,democracy
full2_reduced_no_public_speech,wdj_expression_lag1,-0.10000001311302187,Mixed Outcome,2,0.29551754934704944,0.23211302967805092,0.36794282547705304,0.034806403044043144,632,democracy
full2_reduced_no_public_speech,wdj_expression_lag1,-0.10000001311302187,Contracts Expression,1,0.14785252006763294,0.11114806803415969,0.19403195526569197,0.021054131154263057,632,democracy
full2_reduced_no_public_speech,wdj_expression_lag1,-0.10000001311302187,Expands Expression,3,0.5566299305853175,0.4695342464571526,0.6403781551336195,0.04400929704181211,632,democracy
full2_reduced_no_public_speech,wdj_expression_lag1,-0.06666667938232418,Mixed Outcome,2,0.2930600665481463,0.23216602870387412,0.36238777777385,0.03335515121934962,632,democracy
full2_reduced_no_public_speech,wdj_expression_lag1,-0.06666667938232418,Contracts Expression,1,0.1501539390304825,0.11446422293672409,0.194527134739447,0.020348361213391206,632,democracy
full2_reduced_no_public_speech,wdj_expression_lag1,-0.06666667938232418,Expands Expression,3,0.5567859944213721,0.47236725056845347,0.638047599059884,0.04265413471640774,632,democracy
full2_reduced_no_public_speech,wdj_expression_lag1,-0.03333334565162649,Mixed Outcome,2,0.29060622226798805,0.2321964537981304,0.3568796852393331,0.031923834089696554,632,democracy
full2_reduced_no_public_speech,wdj_expression_lag1,-0.03333334565162649,Contracts Expression,1,0.15248166375157018,0.11780396748000979,0.19510971933734061,0.019656938948679592,632,democracy
full2_reduced_no_public_speech,wdj_expression_lag1,-0.03333334565162649,Expands Expression,3,0.5569121139804412,0.4751443315935364,0.6357079322522053,0.04131358809953543,632,democracy
full2_reduced_no_public_speech,wdj_expression_lag1,-1.1920928910669204e-08,Mixed Outcome,2,0.2881561623452831,0.23220194559506904,0.3514224113175396,0.03051387872985523,632,democracy
full2_reduced_no_public_speech,wdj_expression_lag1,-1.1920928910669204e-08,Contracts Expression,1,0.15483575384676715,0.12115518860803998,0.1957934119507839,0.018986635809749273,632,democracy
full2_reduced_no_public_speech,wdj_expression_lag1,-1.1920928910669204e-08,Expands Expression,3,0.5570080838079491,0.47786163805689047,0.633362160691057,0.03998930611804985,632,democracy
full2_reduced_no_public_speech,wdj_expression_lag1,0.03333332180976867,Mixed Outcome,2,0.2857100337292023,0.23217975340929506,0.3460201902417868,0.02912691135888156,632,democracy
full2_reduced_no_public_speech,wdj_expression_lag1,0.03333332180976867,Contracts Expression,1,0.15721626269598107,0.1245034851520552,0.1965941336819489,0.018345366978556984,632,democracy
full2_reduced_no_public_speech,wdj_expression_lag1,0.03333332180976867,Expands Expression,3,0.5570737035748168,0.4805148035286198,0.6310138309083506,0.038683207809813,632,democracy
full2_reduced_no_public_speech,wdj_expression_lag1,0.06666665554046636,Mixed Outcome,2,0.28326798444795975,0.23212665923021022,0.34067770176989154,0.02776479607875867,632,democracy
full2_reduced_no_public_speech,wdj_expression_lag1,0.06666665554046636,Contracts Expression,1,0.159623237318785,0.12783196323925322,0.19753022193541875,0.017742292835211313,632,democracy
full2_reduced_no_public_speech,wdj_expression_lag1,0.06666665554046636,Expands Expression,3,0.5571087782332548,0.48309886588371853,0.6286671115560091,0.03739752368030884,632,democracy
full2_reduced_no_public_speech,wdj_expression_lag1,0.09999998927116405,Mixed Outcome,2,0.2808301635758061,0.23203888598677774,0.3354001616906934,0.026429681639791907,632,democracy
full2_reduced_no_public_speech,wdj_expression_lag1,0.09999998927116405,Contracts Expression,1,0.1620567182521297,0.13112113416287918,0.1986225259079142,0.017187868124645043,632,democracy
full2_reduced_no_public_speech,wdj_expression_lag1,0.09999998927116405,Expands Expression,3,0.5571131181720645,0.48560817618366076,0.626326885420278,0.03613484239102501,632,democracy
full2_reduced_no_public_speech,wdj_expression_lag1,0.13333332300186163,Mixed Outcome,2,0.2783967211984159,0.23191198721320422,0.3301934309728903,0.025124057697198793,632,democracy
full2_reduced_no_public_speech,wdj_expression_lag1,0.13333332300186163,Contracts Expression,1,0.16451673943031223,0.13434899370882442,0.1998943204999643,0.016693798573790143,632,democracy
full2_reduced_no_public_speech,wdj_expression_lag1,0.13333332300186163,Expands Expression,3,0.5570865393712711,0.4880362970473357,0.6239988520197758,0.03489816285852228,632,democracy
full2_reduced_no_public_speech,wdj_expression_lag1,0.1666666567325592,Mixed Outcome,2,0.27596780837667906,0.231740715196353,0.32506414647721255,0.023850822048952634,632,democracy
full2_reduced_no_public_speech,wdj_expression_lag1,0.1666666567325592,Contracts Expression,1,0.16700332806733362,0.13749137970036523,0.20137094190844004,0.01627285566863346,632,democracy
full2_reduced_no_public_speech,wdj_expression_lag1,0.1666666567325592,Expands Expression,3,0.5570288635559878,0.4903758911812159,0.6216896401225871,0.033690951435821036,632,democracy
full2_reduced_no_public_speech,wdj_expression_lag1,0.1999999904632569,Mixed Outcome,2,0.2735435771089079,0.23151886509421288,0.3200198757441446,0.022613360136575993,632,democracy
full2_reduced_no_public_speech,wdj_expression_lag1,0.1999999904632569,Contracts Expression,1,0.16951650454181652,0.14052270441739673,0.20307904826796608,0.015938500384870154,632,democracy
full2_reduced_no_public_speech,wdj_expression_lag1,0.1999999904632569,Expands Expression,3,0.5569399183492767,0.49261860201699087,0.6194069282382653,0.03251720319809773,632,democracy
full2_reduced_no_public_speech,wdj_expression_lag1,0.23333332419395458,Mixed Outcome,2,0.271124180291441,0.23123909379382843,0.31506929709036696,0.021415637438108908,632,democracy
full2_reduced_no_public_speech,wdj_expression_lag1,0.23333332419395458,Contracts Expression,1,0.1720562822846276,0.1434171224550075,0.20504544480104275,0.015704285111381826,632,democracy
full2_reduced_no_public_speech,wdj_expression_lag1,0.23333332419395458,Expands Expression,3,0.5568195374239312,0.49475493036847024,0.6171595691770715,0.03138150535606999,632,democracy
full2_reduced_no_public_speech,wdj_expression_lag1,0.26666665792465216,Mixed Outcome,2,0.2687097716776773,0.2308927151074148,0.31022240341647594,0.020262303938358175,632,democracy
full2_reduced_no_public_speech,wdj_expression_lag1,0.26666665792465216,Contracts Expression,1,0.17462266766936568,0.14615010760415925,0.20729549992235557,0.01558304740916781,632,democracy
full2_reduced_no_public_speech,wdj_expression_lag1,0.26666665792465216,Expands Expression,3,0.5566675606529587,0.49677411386724485,0.6149577119202274,0.030289099370923788,632,democracy
full2_reduced_no_public_speech,wdj_expression_lag1,0.29999999165534974,Mixed Outcome,2,0.2663005058355251,0.23046947831848646,0.30549072271523214,0.019158807099475927,632,democracy
full2_reduced_no_public_speech,wdj_expression_lag1,0.29999999165534974,Contracts Expression,1,0.17721565990585933,0.14870027906965708,0.2098513120115691,0.015585977244452418,632,democracy
full2_reduced_no_public_speech,wdj_expression_lag1,0.29999999165534974,Expands Expression,3,0.5564838342586146,0.4986640198675662,0.6128129101135499,0.029245936342671246,632,democracy
full2_reduced_no_public_speech,wdj_expression_lag1,0.33333332538604754,Mixed Outcome,2,0.26389653810330305,0.2299573465322722,0.300887538827213,0.018111504936705467,632,democracy
full2_reduced_no_public_speech,wdj_expression_lag1,0.33333332538604754,Contracts Expression,1,0.17983525093683672,0.15105117790338154,0.21272992600883187,0.01572171044195884,632,democracy
full2_reduced_no_public_speech,wdj_expression_lag1,0.33333332538604754,Expands Expression,3,0.5562682109598611,0.500411067605809,0.6107382014010323,0.028258717647668668,632,democracy
full2_reduced_no_public_speech,wdj_expression_lag1,0.3666666591167451,Mixed Outcome,2,0.26149802454408,0.22934230647970116,0.29642808079524785,0.017127763050011714,632,democracy
full2_reduced_no_public_speech,wdj_expression_lag1,0.3666666591167451,Contracts Expression,1,0.18248142533791223,0.15319262065801997,0.21594197286086966,0.01599563871591282,632,democracy
full2_reduced_no_public_speech,wdj_expression_lag1,0.3666666591167451,Expands Expression,3,0.5560205501180066,0.5020002014972311,0.6087481357169157,0.027334909692405044,632,democracy
full2_reduced_no_public_speech,wdj_expression_lag1,0.3999999928474427,Mixed Outcome,2,0.2591051218985047,0.22860826374204016,0.29212962685155475,0.016216008073014425,632,democracy
full2_reduced_no_public_speech,wdj_expression_lag1,0.3999999928474427,Contracts Expression,1,0.18515416022104034,0.15512131336468973,0.2194910487508937,0.016409597903724732,632,democracy
full2_reduced_no_public_speech,wdj_expression_lag1,0.3999999928474427,Expands Expression,3,0.5557407178804539,0.5034149438472527,0.6068587242596104,0.02648271838839795,632,democracy
full2_reduced_no_public_speech,wdj_expression_lag1,0.4333333265781403,Mixed Outcome,2,0.256717987536102,0.22773710623740032,0.2880114401966523,0.01538569526394139,632,democracy
full2_reduced_no_public_speech,wdj_expression_lag1,0.4333333265781403,Contracts Expression,1,0.18785342514158682,0.15684059702617487,0.22337396295721196,0.016961999948975813,632,democracy
full2_reduced_no_public_speech,wdj_expression_lag1,0.4333333265781403,Expands Expression,3,0.5554285873223108,0.5046375604620307,0.6050872756620048,0.025711006292496737,632,democracy
full2_reduced_no_public_speech,wdj_expression_lag1,0.46666666030883786,Mixed Outcome,2,0.25433677940510446,0.2267090486391502,0.2840944239004563,0.014647132736892096,632,democracy
full2_reduced_no_public_speech,wdj_expression_lag1,0.46666666030883786,Contracts Expression,1,0.19057918200915944,0.15835943644292694,0.2275817425626915,0.017648351332578083,632,democracy
full2_reduced_no_public_speech,wdj_expression_lag1,0.46666666030883786,Expands Expression,3,0.5550840385857366,0.5056493741187403,0.6034520843965315,0.025029134594972913,632,democracy
full2_reduced_no_public_speech,wdj_expression_lag1,0.49999999403953566,Mixed Outcome,2,0.2519616559808058,0.22550338632738398,0.2804003663249389,0.01401109669255532,632,democracy
full2_reduced_no_public_speech,wdj_expression_lag1,0.49999999403953566,Contracts Expression,1,0.19333138500234723,0.15969094469991182,0.2321011017269581,0.01846200853256324,632,democracy
full2_reduced_no_public_speech,wdj_expression_lag1,0.49999999403953566,Expands Expression,3,0.5547069590168472,0.5064312550535477,0.6019719422544454,0.024446715081514553,632,democracy
full2_reduced_no_public_speech,wdj_expression_lag1,0.5333333277702332,Mixed Outcome,2,0.24959277621248302,0.22409976293091835,0.27695067301066134,0.013488184515863916,632,democracy
full2_reduced_no_public_speech,wdj_expression_lag1,0.5333333277702332,Contracts Expression,1,0.19610998048750272,0.1608507872286262,0.23691603164885278,0.019394994811058754,632,democracy
full2_reduced_no_public_speech,wdj_expression_lag1,0.5333333277702332,Expands Expression,3,0.5542972433000148,0.5069643008158659,0.6006654605474276,0.023973265746228753,632,democracy
full2_reduced_no_public_speech,wdj_expression_lag1,0.5666666615009308,Mixed Outcome,2,0.24723029946891875,0.222479958716543,0.27376457777071234,0.013087901982965519,632,democracy
full2_reduced_no_public_speech,wdj_expression_lag1,0.5666666615009308,Contracts Expression,1,0.19891490694170977,0.1618557427553995,0.242009233949618,0.020438736681156963,632,democracy
full2_reduced_no_public_speech,wdj_expression_lag1,0.5666666615009308,Expands Expression,3,0.5538547935893713,0.5072306878263296,0.5995502206892249,0.02361777901125729,632,democracy
full2_reduced_no_public_speech,wdj_expression_lag1,0.5999999952316286,Mixed Outcome,2,0.24487438548253812,0.2206300253597629,0.27085700745749347,0.012817573528700213,632,democracy
full2_reduced_no_public_speech,wdj_expression_lag1,0.5999999952316286,Contracts Expression,1,0.2017460948800752,0.16272257605389748,0.24736324260244558,0.02158464093244884,632,democracy
full2_reduced_no_public_speech,wdj_expression_lag1,0.5999999952316286,Expands Expression,3,0.5533795196373853,0.5072146358702031,0.5986418119202455,0.023388232443526037,632,democracy
full2_reduced_no_public_speech,wdj_expression_lag1,0.6333333289623262,Mixed Outcome,2,0.2425251942922239,0.21854237030450724,0.26823649719480414,0.01268127796671131,632,democracy
full2_reduced_no_public_speech,wdj_expression_lag1,0.6333333289623262,Contracts Expression,1,0.20460346678746077,0.16346726186623534,0.25296119508631354,0.022824492115557427,632,democracy
full2_reduced_no_public_speech,wdj_expression_lag1,0.6333333289623262,Expands Expression,3,0.5528713389203138,0.5069033831147907,0.5979528585794173,0.023291094091464133,632,democracy
full2_reduced_no_public_speech,wdj_expression_lag1,0.6666666626930238,Mixed Outcome,2,0.2401828861848128,0.21621724865148212,0.2659036981349553,0.012679086201117757,632,democracy
full2_reduced_no_public_speech,wdj_expression_lag1,0.6666666626930238,Contracts Expression,1,0.2074869370548051,0.16410452320775898,0.258787289592645,0.024150689281396423,632,democracy
full2_reduced_no_public_speech,wdj_expression_lag1,0.6666666626930238,Expands Expression,3,0.5523301767603822,0.5062880378895349,0.5974921706765801,0.023330890537758546,632,democracy
full2_reduced_no_public_speech,wdj_expression_lag1,0.6999999964237213,Mixed Outcome,2,0.2378476216353502,0.21366318679795773,0.26385095351782434,0.012806843700864837,632,democracy
full2_reduced_no_public_speech,wdj_expression_lag1,0.6999999964237213,Contracts Expression,1,0.21039641192014438,0.1646476133560189,0.2648269990265423,0.025556358095888885,632,democracy
full2_reduced_no_public_speech,wdj_expression_lag1,0.6999999964237213,Expands Expression,3,0.5517559664445056,0.505364170504116,0.5972641544809947,0.023509907276678486,632,democracy
full2_reduced_no_public_speech,wdj_expression_lag1,0.7333333301544189,Mixed Outcome,2,0.23551956124611037,0.21089617022455898,0.26206311063550625,0.013056583331241064,632,democracy
full2_reduced_no_public_speech,wdj_expression_lag1,0.7333333301544189,Contracts Expression,1,0.21333178941445946,0.16510826677365603,0.2710671165944408,0.02703537652396527,632,democracy
full2_reduced_no_public_speech,wdj_expression_lag1,0.7333333301544189,Expands Expression,3,0.5511486493394299,0.5041320426294442,0.5972685855904131,0.023828073577548407,632,democracy
full2_reduced_no_public_speech,wdj_expression_lag1,0.7666666638851167,Mixed Outcome,2,0.2331988656844572,0.2079378349478181,0.2605193291831305,0.013417446458882239,632,democracy
full2_reduced_no_public_speech,wdj_expression_lag1,0.7666666638851167,Contracts Expression,1,0.21629295931245685,0.16549675550879095,0.27749569647588074,0.02858234651183199,632,democracy
full2_reduced_no_public_speech,wdj_expression_lag1,0.7666666638851167,Expands Expression,3,0.5505081750030866,0.5025964375419106,0.597500781168742,0.024283050487784626,632,democracy
full2_reduced_no_public_speech,wdj_expression_lag1,0.7999999976158143,Mixed Outcome,2,0.23088569561957262,0.20481318350038918,0.2591953651332614,0.01387684671030189,632,democracy
full2_reduced_no_public_speech,wdj_expression_lag1,0.7999999976158143,Contracts Expression,1,0.2192798030884046,0.1658220037060016,0.28410193698402014,0.0301925358799046,632,democracy
full2_reduced_no_public_speech,wdj_expression_lag1,0.7999999976158143,Expands Expression,3,0.5498345012920233,0.5007661315531543,0.5979521310171888,0.024870501394597122,632,democracy
full2_reduced_no_public_speech,wdj_expression_lag1,0.8333333313465119,Mixed Outcome,2,0.22858021165811232,0.2015483747345754,0.2580657808370693,0.014421596232251551,632,democracy
full2_reduced_no_public_speech,wdj_expression_lag1,0.8333333313465119,Contracts Expression,1,0.222292193877122,0.16609172800413058,0.29087603847659566,0.03186180690493019,632,democracy
full2_reduced_no_public_speech,wdj_expression_lag1,0.8333333313465119,Expands Expression,3,0.5491275944647661,0.49865310964631837,0.5986108844438756,0.02558449263425045,632,democracy
full2_reduced_no_public_speech,wdj_expression_lag1,0.8666666650772097,Mixed Outcome,2,0.2262825742788372,0.198168961259781,0.2571057075408572,0.015038803794186009,632,democracy
full2_reduced_no_public_speech,wdj_expression_lag1,0.8666666650772097,Contracts Expression,1,0.22532999644022908,0.16631258360150059,0.2978090562705747,0.033586541936848784,632,democracy
full2_reduced_no_public_speech,wdj_expression_lag1,0.8666666650772097,Expands Expression,3,0.5483874292809335,0.4962716584592344,0.5994630597763121,0.026417956312664137,632,democracy
full2_reduced_no_public_speech,wdj_expression_lag1,0.8999999988079073,Mixed Outcome,2,0.22399294376628073,0.19469871267842773,0.2562920221523441,0.015716474259405176,632,democracy
full2_reduced_no_public_speech,wdj_expression_lag1,0.8999999988079073,Contracts Expression,1,0.2283930671377462,0.16649030434342238,0.3048927602371967,0.03536357201472148,632,democracy
full2_reduced_no_public_speech,wdj_expression_lag1,0.8999999988079073,Expands Expression,3,0.547613989095974,0.49363746401259817,0.6004933491025445,0.027363150449494836,632,democracy
full2_reduced_no_public_speech,wdj_expression_lag1,0.9333333325386048,Mixed Outcome,2,0.22171148014349543,0.1911589826619069,0.2556039802137197,0.016443830820467784,632,democracy
full2_reduced_no_public_speech,wdj_expression_lag1,0.9333333325386048,Contracts Expression,1,0.231481253905139,0.1666298308801008,0.31211950705744634,0.03719011153587303,632,democracy
full2_reduced_no_public_speech,wdj_expression_lag1,0.9333333325386048,Expands Expression,3,0.5468072659513648,0.49076681011269796,0.6016859222942206,0.02841206760962333,632,democracy
full2_reduced_no_public_speech,wdj_expression_lag1,0.9666666662693024,Mixed Outcome,2,0.2194383431039598,0.18756849039851578,0.2550234345486769,0.017211426025636363,632,democracy
full2_reduced_no_public_speech,wdj_expression_lag1,0.9666666662693024,Contracts Expression,1,0.2345943962358874,0.16673542449324666,0.3194821275644216,0.03906370021691315,632,democracy
full2_reduced_no_public_speech,wdj_expression_lag1,0.9666666662693024,Expands Expression,3,0.5459672606601521,0.48767593189831215,0.6030250758238411,0.029556764320025842,632,democracy
full2_reduced_no_public_speech,wdj_expression_lag1,1.0,Mixed Outcome,2,0.21717369194267735,0.1839433728888366,0.25453478310637706,0.018011114788945046,632,democracy
full2_reduced_no_public_speech,wdj_expression_lag1,1.0,Contracts Expression,1,0.2377323251696646,0.16681076627100122,0.32697382951237175,0.040982152519834815,632,democracy
full2_reduced_no_public_speech,wdj_expression_lag1,1.0,Expands Expression,3,0.5450939828876578,0.48438054102174105,0.6044957098674051,0.030789602921224315,632,democracy
full2_reduced_no_non_verbal,court_independence_lag1,-2.684999942779541,Mixed Outcome,2,0.20541877374242426,0.05722265300265045,0.5240691940813501,0.12067947817291937,193,autocracy
full2_reduced_no_non_verbal,court_independence_lag1,-2.684999942779541,Contracts Expression,1,0.703829011124331,0.44359732984968975,0.8762916301401363,0.11615909751290959,193,autocracy
full2_reduced_no_non_verbal,court_independence_lag1,-2.684999942779541,Expands Expression,3,0.09075221513324437,0.033452204371667724,0.22350499163902204,0.04459025615948622,193,autocracy
full2_reduced_no_non_verbal,court_independence_lag1,-2.593139944076538,Mixed Outcome,2,0.20169319154941795,0.058240031745619904,0.5079210547139492,0.11562199426270424,193,autocracy
full2_reduced_no_non_verbal,court_independence_lag1,-2.593139944076538,Contracts Expression,1,0.7021642414937528,0.45293790684987956,0.8703500733054127,0.11165511962342958,193,autocracy
full2_reduced_no_non_verbal,court_independence_lag1,-2.593139944076538,Expands Expression,3,0.09614256695682873,0.036721218769875386,0.22887211139991898,0.04549648289288795,193,autocracy
full2_reduced_no_non_verbal,court_independence_lag1,-2.5012799453735353,Mixed Outcome,2,0.197900014470996,0.059235261049984084,0.4915591562341271,0.11060711561213157,193,autocracy
full2_reduced_no_non_verbal,court_independence_lag1,-2.5012799453735353,Contracts Expression,1,0.700270706563698,0.4618049924569933,0.864156781645699,0.1072679017470637,193,autocracy
full2_reduced_no_non_verbal,court_independence_lag1,-2.5012799453735353,Expands Expression,3,0.1018292789653061,0.04031647153790427,0.23428324263625105,0.04632729232593849,193,autocracy
full2_reduced_no_non_verbal,court_independence_lag1,-2.4094199466705324,Mixed Outcome,2,0.19403908748201845,0.06020585757883206,0.47500583855460254,0.1056368409526478,193,autocracy
full2_reduced_no_non_verbal,court_independence_lag1,-2.4094199466705324,Contracts Expression,1,0.698138481113367,0.47016038784513925,0.8577099836123356,0.10300157969746147,193,autocracy
full2_reduced_no_non_verbal,court_independence_lag1,-2.4094199466705324,Expands Expression,3,0.10782243140461453,0.04426589501142702,0.2397421474193623,0.047072772144055405,193,autocracy
full2_reduced_no_non_verbal,court_independence_lag1,-2.3175599479675295,Mixed Outcome,2,0.19011069536676842,0.0611492621979728,0.4582863275664093,0.10071363891042838,193,autocracy
full2_reduced_no_non_verbal,court_independence_lag1,-2.3175599479675295,Contracts Expression,1,0.6957576509781648,0.47796925283950226,0.8510086075941319,0.09885986721767556,193,autocracy
full2_reduced_no_non_verbal,court_independence_lag1,-2.3175599479675295,Expands Expression,3,0.1141316536550664,0.04859858790182052,0.24525345184817587,0.04772303283583275,193,autocracy
full2_reduced_no_non_verbal,court_independence_lag1,-2.225699949264526,Mixed Outcome,2,0.1861156036514205,0.06206280437961883,0.44142900685923775,0.09584051879654183,193,autocracy
full2_reduced_no_non_verbal,court_independence_lag1,-2.225699949264526,Contracts Expression,1,0.6931183752086749,0.4852005010861071,0.8440521625297144,0.09484594851154435,193,autocracy
full2_reduced_no_non_verbal,court_independence_lag1,-2.225699949264526,Expands Expression,3,0.12076602113990427,0.0533445762994301,0.2508227076101295,0.048268370441664016,193,autocracy
full2_reduced_no_non_verbal,court_independence_lag1,-2.1338399505615233,Mixed Outcome,2,0.18205509683866133,0.06294365228952571,0.4244656776641164,0.0910211053697991,193,autocracy
full2_reduced_no_non_verbal,court_independence_lag1,-2.1338399505615233,Contracts Expression,1,0.690210953665788,0.4918271108114512,0.8368405886539898,0.09096237648685271,193,autocracy
full2_reduced_no_non_verbal,court_independence_lag1,-2.1338399505615233,Expands Expression,3,0.12773394949555034,0.0585344981280191,0.25645646673450784,0.04869945263386447,193,autocracy
full2_reduced_no_non_verbal,court_independence_lag1,-2.0419799518585204,Mixed Outcome,2,0.1779310127855877,0.06378874556310068,0.40743179283443287,0.08625971694032115,193,autocracy
full2_reduced_no_non_verbal,court_independence_lag1,-2.0419799518585204,Contracts Expression,1,0.6870258996071326,0.49782633513755387,0.8293740908836227,0.0872109849038778,193,autocracy
full2_reduced_no_non_verbal,court_independence_lag1,-2.0419799518585204,Expands Expression,3,0.13504308760728018,0.06419920106729207,0.2621623721859436,0.04900752828806934,193,autocracy
full2_reduced_no_non_verbal,court_independence_lag1,-1.9501199531555176,Mixed Outcome,2,0.1737457720334113,0.06459470723355609,0.3903666493674904,0.08156144628981675,193,autocracy
full2_reduced_no_non_verbal,court_independence_lag1,-1.9501199531555176,Contracts Expression,1,0.6835540166833108,0.5031797968538293,0.8216529730159003,0.08359282409456537,193,autocracy
full2_reduced_no_non_verbal,court_independence_lag1,-1.9501199531555176,Expands Expression,3,0.14270021128327798,0.07036924397917428,0.2679492686998828,0.04918466074769143,193,autocracy
full2_reduced_no_non_verbal,court_independence_lag1,-1.8582599544525147,Mixed Outcome,2,0.16950240090248378,0.06535773050988343,0.373313523946139,0.07693224421965499,193,autocracy
full2_reduced_no_non_verbal,court_independence_lag1,-1.8582599544525147,Contracts Expression,1,0.6797864796293955,0.5078734528625368,0.8136774969992484,0.08010813154979689,193,autocracy
full2_reduced_no_non_verbal,court_independence_lag1,-1.8582599544525147,Expands Expression,3,0.15071111946812046,0.07707429209064066,0.27382734024311217,0.04922398521184766,193,autocracy
full2_reduced_no_non_verbal,court_independence_lag1,-1.7663999557495118,Mixed Outcome,2,0.1652045472133796,0.06607343521969392,0.35631973698756597,0.07237900594592586,193,autocracy
full2_reduced_no_non_verbal,court_independence_lag1,-1.7663999557495118,Contracts Expression,1,0.6757149178117489,0.5118974153803358,0.8054477963263165,0.07675634938387418,193,autocracy
full2_reduced_no_non_verbal,court_independence_lag1,-1.7663999557495118,Expands Expression,3,0.15908053497487146,0.08434239624410587,0.2798082835892051,0.04911999143993742,193,autocracy
full2_reduced_no_non_verbal,court_independence_lag1,-1.6745399570465087,Mixed Outcome,2,0.1608564875875957,0.06673668751779024,0.3394366337825163,0.06790966130221307,193,autocracy
full2_reduced_no_non_verbal,court_independence_lag1,-1.6745399570465087,Contracts Expression,1,0.6713315006770822,0.515245618117653,0.796963876794576,0.073536201349146,193,autocracy
full2_reduced_no_non_verbal,court_independence_lag1,-1.6745399570465087,Expands Expression,3,0.16781201173532256,0.0921991467520807,0.2859055302923826,0.04886883388850094,193,autocracy
full2_reduced_no_non_verbal,court_independence_lag1,-1.5826799583435058,Mixed Outcome,2,0.1564631254214261,0.06734137495571965,0.32271947645638865,0.06353327071555172,193,autocracy
full2_reduced_no_non_verbal,court_independence_lag1,-1.5826799583435058,Contracts Expression,1,0.666629024054216,0.5179153185697271,0.7882257395488788,0.07044584149511396,193,autocracy
full2_reduced_no_non_verbal,court_independence_lag1,-1.5826799583435058,Expands Expression,3,0.17690785052435812,0.10066669221503873,0.2921345333078456,0.04846867297674562,193,autocracy
full2_reduced_no_non_verbal,court_independence_lag1,-1.490819959640503,Mixed Outcome,2,0.15202997881324137,0.06788012741865282,0.30622724719475997,0.059260129999774785,193,autocracy
full2_reduced_no_non_verbal,court_independence_lag1,-1.490819959640503,Contracts Expression,1,0.6616009961837078,0.5199064307840624,0.7792336608221192,0.06748308531277547,193,autocracy
full2_reduced_no_non_verbal,court_independence_lag1,-1.490819959640503,Expands Expression,3,0.1863690250030506,0.10976261334011889,0.2985131384570237,0.04792005307259562,193,autocracy
full2_reduced_no_non_verbal,court_independence_lag1,-1.3989599609374999,Mixed Outcome,2,0.14756315795471403,0.06834397269641997,0.2900223722650526,0.05510188837909597,193,autocracy
full2_reduced_no_non_verbal,court_independence_lag1,-1.3989599609374999,Contracts Expression,1,0.656241722300568,0.521220687297722,0.769988659378449,0.064645731905465,193,autocracy
full2_reduced_no_non_verbal,court_independence_lag1,-1.3989599609374999,Expands Expression,3,0.19619511974471807,0.11949864123036699,0.30506206519202433,0.04722632506626355,193,autocracy
full2_reduced_no_non_verbal,court_independence_lag1,-1.307099962234497,Mixed Outcome,2,0.14306933176480685,0.06872191453020987,0.2741703855928864,0.05107168506822596,193,autocracy
full2_reduced_no_non_verbal,court_independence_lag1,-1.307099962234497,Contracts Expression,1,0.6505463865741568,0.521860634497023,0.7604931760517987,0.06193198232523582,193,autocracy
full2_reduced_no_non_verbal,court_independence_lag1,-1.307099962234497,Expands Expression,3,0.20638428166103648,0.1298792087695146,0.31180552584008736,0.04639412406064304,193,autocracy
full2_reduced_no_non_verbal,court_independence_lag1,-1.215239963531494,Mixed Outcome,2,0.13855568384315675,0.0690004219218116,0.258739559201723,0.047184309790053586,193,autocracy
full2_reduced_no_non_verbal,court_independence_lag1,-1.215239963531494,Contracts Expression,1,0.6445111302196868,0.5218284729116138,0.7507519795394592,0.05934095452433156,193,autocracy
full2_reduced_no_non_verbal,court_independence_lag1,-1.215239963531494,Expands Expression,3,0.21693318593715644,0.14089982488389144,0.3187720138159201,0.045433914132198834,193,autocracy
full2_reduced_no_non_verbal,court_independence_lag1,-1.1233799648284912,Mixed Outcome,2,0.13402985813588814,0.06916282410329494,0.24380053188649597,0.04345639025284543,193,autocracy
full2_reduced_no_non_verbal,court_independence_lag1,-1.1233799648284912,Contracts Expression,1,0.6381331246388829,0.5211247632328526,0.7407732984800974,0.05687328929400158,193,autocracy
full2_reduced_no_non_verbal,court_independence_lag1,-1.1233799648284912,Expands Expression,3,0.22783701722522945,0.15254526503270277,0.3259952908865989,0.04436061253619402,193,autocracy
full2_reduced_no_non_verbal,court_independence_lag1,-1.0315199661254884,Mixed Outcome,2,0.12949989502885204,0.06918862120267423,0.22942596044524563,0.039906601939698645,193,autocracy
full2_reduced_no_non_verbal,court_independence_lag1,-1.0315199661254884,Contracts Expression,1,0.6314106385230974,0.5197470332611409,0.7305701594099936,0.054531832684819447,193,autocracy
full2_reduced_no_non_verbal,court_independence_lag1,-1.0315199661254884,Expands Expression,3,0.23908946644805124,0.1647875847954855,0.3335155908070758,0.04319430044915734,193,autocracy
full2_reduced_no_non_verbal,court_independence_lag1,-0.9396599674224853,Mixed Outcome,2,0.12497415889627644,0.06905275506410664,0.2156901907908804,0.0365558782116807,193,autocracy
full2_reduced_no_non_verbal,court_independence_lag1,-0.9396599674224853,Contracts Expression,1,0.6243430979586925,0.517688340917947,0.7201618828240417,0.052322368545496774,193,autocracy
full2_reduced_no_non_verbal,court_independence_lag1,-0.9396599674224853,Expands Expression,3,0.25068274314503103,0.17758399292174282,0.341381028227595,0.04196101388991186,193,autocracy
full2_reduced_no_non_verbal,court_independence_lag1,-0.8477999687194824,Mixed Outcome,2,0.12046125842187068,0.06872495301555694,0.20266888233235544,0.03342756367670234,193,autocracy
full2_reduced_no_non_verbal,court_independence_lag1,-0.8477999687194824,Contracts Expression,1,0.6169311387079937,0.5149358816836771,0.7095756488959105,0.050254356293946034,193,autocracy
full2_reduced_no_non_verbal,court_independence_lag1,-0.8477999687194824,Expands Expression,3,0.26260760287013524,0.19087468284264086,0.34964913794332664,0.04069357735498891,193,autocracy
full2_reduced_no_non_verbal,court_independence_lag1,-0.7559399700164795,Mixed Outcome,2,0.11596996125993937,0.06816937865616622,0.1904383992828455,0.030547391486333002,193,autocracy
full2_reduced_no_non_verbal,court_independence_lag1,-0.7559399700164795,Contracts Expression,1,0.609176649994109,0.5114697754322858,0.6988479897203584,0.048341603720863255,193,autocracy
full2_reduced_no_non_verbal,court_independence_lag1,-0.7559399700164795,Expands Expression,3,0.2748533887459523,0.2045808357421884,0.3583883539015146,0.03943238501665051,193,autocracy
full2_reduced_no_non_verbal,court_independence_lag1,-0.6640799713134764,Mixed Outcome,2,0.11150910480301575,0.06734501331287067,0.17907459058264558,0.02794306786603264,193,autocracy
full2_reduced_no_non_verbal,court_independence_lag1,-0.6640799713134764,Contracts Expression,1,0.6010828092874196,0.5072622363104556,0.6880259892823154,0.046602768364873315,193,autocracy
full2_reduced_no_non_verbal,court_independence_lag1,-0.6640799713134764,Expands Expression,3,0.28740808590956435,0.21860319764368116,0.3676790447337085,0.03822593747058438,193,autocracy
full2_reduced_no_non_verbal,court_independence_lag1,-0.5722199726104735,Mixed Outcome,2,0.10708750495943917,0.0662074293040221,0.16865033699063714,0.02564312587560835,193,autocracy
full2_reduced_no_non_verbal,court_independence_lag1,-0.5722199726104735,Contracts Expression,1,0.5926541077672058,0.502277409558653,0.6771678852946962,0.045061538923130355,193,autocracy
full2_reduced_no_non_verbal,court_independence_lag1,-0.5722199726104735,Expands Expression,3,0.30025838727335497,0.23282190070504621,0.37761345116119555,0.03713080457967945,193,autocracy
full2_reduced_no_non_verbal,court_independence_lag1,-0.48035997390747065,Mixed Outcome,2,0.10271386491194784,0.06471278214490417,0.15923106893058828,0.023674627202566214,193,autocracy
full2_reduced_no_non_verbal,court_independence_lag1,-0.48035997390747065,Contracts Expression,1,0.5838963663048657,0.4964722375847792,0.6663426836006298,0.043746307228941426,193,autocracy
full2_reduced_no_non_verbal,court_independence_lag1,-0.48035997390747065,Expands Expression,3,0.3133897687831868,0.24709849291975924,0.38829357188663305,0.03621053302466852,193,autocracy
full2_reduced_no_non_verbal,court_independence_lag1,-0.3884999752044678,Mixed Outcome,2,0.09839668582351799,0.06282464896512267,0.150867647339832,0.022059398001392398,193,autocracy
full2_reduced_no_non_verbal,court_independence_lag1,-0.3884999752044678,Contracts Expression,1,0.5748167419765728,0.4897987441800891,0.655628365353346,0.042689126718114444,193,autocracy
full2_reduced_no_non_verbal,court_independence_lag1,-0.3884999752044678,Expands Expression,3,0.32678657219990936,0.26128128472758194,0.39982589542040475,0.03553294021431634,193,autocracy
full2_reduced_no_non_verbal,court_independence_lag1,-0.2966399765014649,Mixed Outcome,2,0.0941441813801246,0.06052336225375973,0.14358696546943742,0.020808994789097948,193,autocracy
full2_reduced_no_non_verbal,court_independence_lag1,-0.2966399765014649,Contracts Expression,1,0.565423725254573,0.48220802806020907,0.6451083625791002,0.04192380179832313,193,autocracy
full2_reduced_no_non_verbal,court_independence_lag1,-0.2966399765014649,Expands Expression,3,0.34043209336530234,0.27521479041729036,0.4123122010549687,0.03516539950008914,193,autocracy
full2_reduced_no_non_verbal,court_independence_lag1,-0.20477997779846202,Mixed Outcome,2,0.08996419791669201,0.057815639577647446,0.13738246556894346,0.01991955546059588,193,autocracy
full2_reduced_no_non_verbal,court_independence_lag1,-0.20477997779846202,Contracts Expression,1,0.5557271281407363,0.4736559632766247,0.6348662711317011,0.04148310054582695,193,autocracy
full2_reduced_no_non_verbal,court_independence_lag1,-0.20477997779846202,Expands Expression,3,0.3543086739425716,0.28875290385098834,0.4258367856096105,0.03516829452999438,193,autocracy
full2_reduced_no_non_verbal,court_independence_lag1,-0.1129199790954587,Mixed Outcome,2,0.08586414167060429,0.054740552673228644,0.13220851013550144,0.019368601199254175,193,autocracy
full2_reduced_no_non_verbal,court_independence_lag1,-0.1129199790954587,Contracts Expression,1,0.5457380635882707,0.4641100938574796,0.6249792812301735,0.04139534113628986,193,autocracy
full2_reduced_no_non_verbal,court_independence_lag1,-0.1129199790954587,Expands Expression,3,0.3683977947411249,0.3017735768651824,0.4404523399364356,0.03558776591521993,193,autocracy
full2_reduced_no_non_verbal,court_independence_lag1,-0.021059980392455824,Mixed Outcome,2,0.08185091445795814,0.051368140672865235,0.12798227662076453,0.0191157218921329,193,autocracy
full2_reduced_no_non_verbal,court_independence_lag1,-0.021059980392455824,Contracts Expression,1,0.5354689166049403,0.45355662200190333,0.6155113967955708,0.04168090020441314,193,autocracy
full2_reduced_no_non_verbal,court_independence_lag1,-0.021059980392455824,Expands Expression,3,0.3826801689371018,0.3141910980535259,0.45616836609427497,0.036449717248989925,193,autocracy
full2_reduced_no_non_verbal,court_independence_lag1,0.07080001831054705,Mixed Outcome,2,0.0779308587844349,0.0477901444103255,0.12459366552293545,0.019107437242141295,193,autocracy
full2_reduced_no_non_verbal,court_independence_lag1,0.07080001831054705,Contracts Expression,1,0.5249333074436506,0.4420060149018497,0.6065078935973851,0.04234938098370687,193,autocracy
full2_reduced_no_non_verbal,court_independence_lag1,0.07080001831054705,Expands Expression,3,0.39713583377191475,0.32596205249784543,0.47294604048608513,0.037757052670214473,193,autocracy
full2_reduced_no_non_verbal,court_independence_lag1,0.16266001701354993,Mixed Outcome,2,0.07410971309934326,0.044106354256845275,0.12191969245791606,0.019284440216469797,193,autocracy
full2_reduced_no_non_verbal,court_independence_lag1,0.16266001701354993,Contracts Expression,1,0.5141460472665494,0.4294958904962954,0.5979923365331031,0.04339811076993095,193,autocracy
full2_reduced_no_non_verbal,court_independence_lag1,0.16266001701354993,Expands Expression,3,0.41174423963410745,0.337083280333605,0.49070118893374504,0.03949098047221029,193,autocracy
full2_reduced_no_non_verbal,court_independence_lag1,0.2545200157165528,Mixed Outcome,2,0.0703925775921862,0.0404116495686886,0.1198382481575355,0.01958858851721184,193,autocracy
full2_reduced_no_non_verbal,court_independence_lag1,0.2545200157165528,Contracts Expression,1,0.5031230866221651,0.41609055667384137,0.5899667692613463,0.04481227609368625,193,autocracy
full2_reduced_no_non_verbal,court_independence_lag1,0.2545200157165528,Expands Expression,3,0.4264843357856488,0.3475833682719417,0.5093138218445146,0.04161558613840686,193,autocracy
full2_reduced_no_non_verbal,court_independence_lag1,0.3463800144195557,Mixed Outcome,2,0.06678389062927179,0.036787195124306636,0.11823772475526705,0.019967820470888003,193,autocracy
full2_reduced_no_non_verbal,court_independence_lag1,0.3463800144195557,Contracts Expression,1,0.49188145700917635,0.40187754378472573,0.5824147315684818,0.046566516824698666,193,autocracy
full2_reduced_no_non_verbal,court_independence_lag1,0.3463800144195557,Expands Expression,3,0.4413346523615516,0.35751125757855745,0.5286406270707265,0.0440838438355655,193,autocracy
full2_reduced_no_non_verbal,court_independence_lag1,0.43824001312255856,Mixed Outcome,2,0.06328741564514494,0.03329650556809547,0.11702176478749077,0.020378584006118205,193,autocracy
full2_reduced_no_non_verbal,court_independence_lag1,0.43824001312255856,Contracts Expression,1,0.4804392057245256,0.38696221444373197,0.5753060239564938,0.04862742707891188,193,autocracy
full2_reduced_no_non_verbal,court_independence_lag1,0.43824001312255856,Expands Expression,3,0.4562733786303297,0.36692545837059537,0.5485269110371497,0.046843291419651836,193,autocracy
full2_reduced_no_non_verbal,court_independence_lag1,0.5301000118255614,Mixed Outcome,2,0.05990623804960153,0.029985252455084613,0.11611023084961102,0.020786319969609474,193,autocracy
full2_reduced_no_non_verbal,court_independence_lag1,0.5301000118255614,Contracts Expression,1,0.46881532411817645,0.3714617468916511,0.5686019347935293,0.05095630844096787,193,autocracy
full2_reduced_no_non_verbal,court_independence_lag1,0.5301000118255614,Expands Expression,3,0.4712784378322221,0.3758858815031432,0.5688159563988248,0.04984035177084636,193,autocracy
full2_reduced_no_non_verbal,court_independence_lag1,0.6219600105285643,Mixed Outcome,2,0.05664277149304022,0.02688321364757411,0.11543797463033341,0.021164798381205323,193,autocracy
full2_reduced_no_non_verbal,court_independence_lag1,0.6219600105285643,Contracts Expression,1,0.4570296693125594,0.35549952502651805,0.5622599164091892,0.05351166003696338,193,autocracy
full2_reduced_no_non_verbal,court_independence_lag1,0.6219600105285643,Expands Expression,3,0.4863275591944,0.38444872721800194,0.589355336030598,0.05302308517396008,193,autocracy
full2_reduced_no_non_verbal,court_independence_lag1,0.7138200092315676,Mixed Outcome,2,0.053498772655746075,0.02400708096875443,0.11495267406833984,0.021494955735276485,193,autocracy
full2_reduced_no_non_verbal,court_independence_lag1,0.7138200092315676,Contracts Expression,1,0.44510287940179627,0.33920049726597934,0.5562371745555985,0.0562511336368736,193,autocracy
full2_reduced_no_non_verbal,court_independence_lag1,0.7138200092315676,Expands Expression,3,0.5013983479424569,0.39266392550240886,0.6100006667433325,0.0563426372712702,193,autocracy
full2_reduced_no_non_verbal,court_independence_lag1,0.8056800079345705,Mixed Outcome,2,0.05047536359282392,0.021363346120769813,0.11461250903150101,0.021763630874531606,193,autocracy
full2_reduced_no_non_verbal,court_independence_lag1,0.8056800079345705,Contracts Expression,1,0.4330562821329305,0.322687642214641,0.5504930657845287,0.05913290055652408,193,autocracy
full2_reduced_no_non_verbal,court_independence_lag1,0.8056800079345705,Expands Expression,3,0.5164683542742452,0.4005743266347759,0.6306175820761374,0.05975379617435579,193,autocracy
full2_reduced_no_non_verbal,court_independence_lag1,0.8975400066375734,Mixed Outcome,2,0.04757306057614489,0.018950887727475992,0.11438404842528606,0.02196239522555692,193,autocracy
full2_reduced_no_non_verbal,court_independence_lag1,0.8975400066375734,Contracts Expression,1,0.42091179709527704,0.3060794196362006,0.5449904611937313,0.06211651070409264,193,autocracy
full2_reduced_no_non_verbal,court_independence_lag1,0.8975400066375734,Expands Expression,3,0.531515142328578,0.4082159189343982,0.6510826247179184,0.06321503040104458,193,autocracy
full2_reduced_no_non_verbal,court_independence_lag1,0.9894000053405763,Mixed Outcome,2,0.044791808326195726,0.016763128874928625,0.11424047940545383,0.022086549472270376,193,autocracy
full2_reduced_no_non_verbal,court_independence_lag1,0.9894000053405763,Contracts Expression,1,0.4086918315087324,0.28948798531903264,0.5396963375882117,0.0651633754533831,193,autocracy
full2_reduced_no_non_verbal,court_independence_lag1,0.9894000053405763,Expands Expression,3,0.5465163601650712,0.4156185542270638,0.6712835558113449,0.06668827409789108,193,autocracy
full2_reduced_no_non_verbal,court_independence_lag1,1.0812600040435791,Mixed Outcome,2,0.04213101851688307,0.014789760367150977,0.1141601870889221,0.02213429564880846,193,autocracy
full2_reduced_no_non_verbal,court_independence_lag1,1.0812600040435791,Contracts Expression,1,0.3964191698082682,0.2730179520333264,0.5345818540819033,0.068237003653948,193,autocracy
full2_reduced_no_non_verbal,court_independence_lag1,1.0812600040435791,Expands Expression,3,0.5614498116748488,0.4228068574743166,0.6911193831962895,0.07013862497738683,193,autocracy
full2_reduced_no_non_verbal,court_independence_lag1,1.173120002746582,Mixed Outcome,2,0.03958961146076314,0.013018078153868712,0.11412564241389181,0.022106066943904656,193,autocracy
full2_reduced_no_non_verbal,court_independence_lag1,1.173120002746582,Contracts Expression,1,0.3841168573676246,0.25676552644771633,0.529622123223506,0.07130309445540431,193,autocracy
full2_reduced_no_non_verbal,court_independence_lag1,1.173120002746582,Expands Expression,3,0.5762935311716119,0.4298011421785912,0.710500267073,0.07353404545691648,193,autocracy
full2_reduced_no_non_verbal,court_independence_lag1,1.264980001449585,Mixed Outcome,2,0.037166059935574994,0.01143399897054725,0.11412254189040044,0.022003989617724328,193,autocracy
full2_reduced_no_non_verbal,court_independence_lag1,1.264980001449585,Contracts Expression,1,0.3718080788848084,0.24081790891959207,0.524795825295988,0.07432955927275911,193,autocracy
full2_reduced_no_non_verbal,court_independence_lag1,1.264980001449585,Expands Expression,3,0.5910258611796168,0.43661824421524315,0.7293473728222807,0.07684511029096805,193,autocracy
full2_reduced_no_non_verbal,court_independence_lag1,1.3568400001525882,Mixed Outcome,2,0.03485843418966415,0.010022816748307335,0.11413914545448758,0.021831451948123453,193,autocracy
full2_reduced_no_non_verbal,court_independence_lag1,1.3568400001525882,Contracts Expression,1,0.3595160321568088,0.22525288974320215,0.5200847627621249,0.0772865184395308,193,autocracy
full2_reduced_no_non_verbal,court_independence_lag1,1.3568400001525882,Expands Expression,3,0.6056255336535272,0.44327224185554526,0.7475926890845187,0.08004481516672694,193,autocracy
full2_reduced_no_non_verbal,court_independence_lag1,1.4486999988555906,Mixed Outcome,2,0.032664447258028126,0.008769754471202632,0.11416576677441284,0.021592758657798618,193,autocracy
full2_reduced_no_non_verbal,court_independence_lag1,1.4486999988555906,Contracts Expression,1,0.3472637981901768,0.2101386081929228,0.5154734124893239,0.08014629771877328,193,autocracy
full2_reduced_no_non_verbal,court_independence_lag1,1.4486999988555906,Expands Expression,3,0.6200717545517954,0.4497750559392797,0.7651788068163156,0.08310844675149613,193,autocracy
full2_reduced_no_non_verbal,court_independence_lag1,1.540559997558594,Mixed Outcome,2,0.03058149982654157,0.007660356802873047,0.11419437959637822,0.021292853420290234,193,autocracy
full2_reduced_no_non_verbal,court_independence_lag1,1.540559997558594,Contracts Expression,1,0.33507420881500405,0.1955334592435654,0.5109485075072482,0.08288343639748431,193,autocracy
full2_reduced_no_non_verbal,court_independence_lag1,1.540559997558594,Expands Expression,3,0.6343442913584549,0.4561369395073472,0.7820586446835542,0.0860135063067263,193,autocracy
full2_reduced_no_non_verbal,court_independence_lag1,1.6324199962615964,Mixed Outcome,2,0.02860672399408164,0.006680760045227014,0.1142183120184897,0.020937095788764157,193,autocracy
full2_reduced_no_non_verbal,court_independence_lag1,1.6324199962615964,Contracts Expression,1,0.3229697131789156,0.1814861419614784,0.5064986628813904,0.08547470981430419,193,autocracy
full2_reduced_no_non_verbal,court_independence_lag1,1.6324199962615964,Expands Expression,3,0.6484235628270026,0.4623668704293747,0.7981951069196337,0.0887396764112731,193,autocracy
full2_reduced_no_non_verbal,court_independence_lag1,1.7242799949645997,Mixed Outcome,2,0.026737025395913848,0.00581786850292834,0.11423200729913927,0.020531081937501125,193,autocracy
full2_reduced_no_non_verbal,court_independence_lag1,1.7242799949645997,Contracts Expression,1,0.31097224468157914,0.1680358455951726,0.5021140502014034,0.08789916403448758,193,autocracy
full2_reduced_no_non_verbal,court_independence_lag1,1.7242799949645997,Expands Expression,3,0.662290729922507,0.4684728619198106,0.8135606636685428,0.09126881936063767,193,autocracy
full2_reduced_no_non_verbal,court_independence_lag1,1.816139993667603,Mixed Outcome,2,0.024969123262689023,0.005059460173214444,0.11423083511633168,0.02008050098370933,193,autocracy
full2_reduced_no_non_verbal,court_independence_lag1,1.816139993667603,Contracts Expression,1,0.2991030900563536,0.15521256713129322,0.4977861201307173,0.09013815791237777,193,autocracy
full2_reduced_no_non_verbal,court_independence_lag1,1.816139993667603,Expands Expression,3,0.6759277866809575,0.4744622051779454,0.8281368495905606,0.09358499604325804,193,autocracy
full2_reduced_no_non_verbal,court_independence_lag1,1.9079999923706055,Mixed Outcome,2,0.023299588094350333,0.004394239727483385,0.11421094132345365,0.019591020466617648,193,autocracy
full2_reduced_no_non_verbal,court_independence_lag1,1.9079999923706055,Contracts Expression,1,0.2873827624035864,0.14303755052716205,0.49350736934698225,0.09217540647280266,193,autocracy
full2_reduced_no_non_verbal,court_independence_lag1,1.9079999923706055,Expands Expression,3,0.6893176495020634,0.4803416562616603,0.8419136829634547,0.09567449522783099,193,autocracy
full2_reduced_no_non_verbal,v2jupurge_lag1,-2.7739999294281006,Mixed Outcome,2,0.06917389552396046,0.02737105684816831,0.1640522256809205,0.03190157774858189,193,autocracy
full2_reduced_no_non_verbal,v2jupurge_lag1,-2.7739999294281006,Contracts Expression,1,0.477703762035103,0.23845036529910155,0.7276447959403691,0.1364589457289883,193,autocracy
full2_reduced_no_non_verbal,v2jupurge_lag1,-2.7739999294281006,Expands Expression,3,0.45312234244093724,0.21982078291939972,0.7090109133580993,0.13637581344287417,193,autocracy
full2_reduced_no_non_verbal,v2jupurge_lag1,-2.6679599285125732,Mixed Outcome,2,0.06981337623905036,0.028445597308133803,0.16135029628163847,0.031189550757990795,193,autocracy
full2_reduced_no_non_verbal,v2jupurge_lag1,-2.6679599285125732,Contracts Expression,1,0.4795870414236461,0.24628323830394713,0.7221476802100335,0.1320316356364101,193,autocracy
full2_reduced_no_non_verbal,v2jupurge_lag1,-2.6679599285125732,Expands Expression,3,0.45059958233730346,0.22407460398857443,0.6996392222786156,0.13184418903033784,193,autocracy
full2_reduced_no_non_verbal,v2jupurge_lag1,-2.561919927597046,Mixed Outcome,2,0.07045629971752015,0.029551088469036133,0.15872250353117762,0.030472381454093478,193,autocracy
full2_reduced_no_non_verbal,v2jupurge_lag1,-2.561919927597046,Contracts Expression,1,0.4814655627190451,0.25425098538093227,0.7166132499357702,0.1276195326345832,193,autocracy
full2_reduced_no_non_verbal,v2jupurge_lag1,-2.561919927597046,Expands Expression,3,0.44807813756343495,0.2283663418213406,0.6901201555068057,0.12732862590128247,193,autocracy
full2_reduced_no_non_verbal,v2jupurge_lag1,-2.4558799266815186,Mixed Outcome,2,0.07110264701026095,0.03068711846759791,0.15617039834464705,0.029751067819561244,193,autocracy
full2_reduced_no_non_verbal,v2jupurge_lag1,-2.4558799266815186,Contracts Expression,1,0.4833392443165349,0.26234744025117185,0.7110456232765867,0.12322441443600733,193,autocracy
full2_reduced_no_non_verbal,v2jupurge_lag1,-2.4558799266815186,Expands Expression,3,0.44555810867320395,0.23269375881444607,0.6804616304412219,0.12283066460587631,193,autocracy
full2_reduced_no_non_verbal,v2jupurge_lag1,-2.349839925765991,Mixed Outcome,2,0.07175239857163822,0.031853048490164515,0.15369578544731763,0.029026742251083253,193,autocracy
full2_reduced_no_non_verbal,v2jupurge_lag1,-2.349839925765991,Contracts Expression,1,0.4852080050088412,0.2705656419284553,0.7054493795215863,0.11884825493727837,193,autocracy
full2_reduced_no_non_verbal,v2jupurge_lag1,-2.349839925765991,Expands Expression,3,0.4430395964195201,0.23705430264643876,0.6706723618504234,0.11835198759228255,193,autocracy
full2_reduced_no_non_verbal,v2jupurge_lag1,-2.243799924850464,Mixed Outcome,2,0.07240553426075183,0.03304797491882565,0.15130076170640785,0.028300690241760882,193,autocracy
full2_reduced_no_non_verbal,v2jupurge_lag1,-2.243799924850464,Contracts Expression,1,0.4870717639909284,0.27889776563235535,0.6998296272599963,0.11449325954479023,193,autocracy
full2_reduced_no_non_verbal,v2jupurge_lag1,-2.243799924850464,Expands Expression,3,0.4405227017483199,0.24144505516781492,0.6607619038469167,0.11389444501330602,193,autocracy
full2_reduced_no_non_verbal,v2jupurge_lag1,-2.1377599239349365,Mixed Outcome,2,0.07306203334295562,0.03427068605387062,0.14898775972794973,0.0275743716913088,193,autocracy
full2_reduced_no_non_verbal,v2jupurge_lag1,-2.1377599239349365,Contracts Expression,1,0.4889304408648049,0.2873350410651969,0.6941920871074619,0.1101619080844854,193,autocracy
full2_reduced_no_non_verbal,v2jupurge_lag1,-2.1377599239349365,Expands Expression,3,0.4380075257922386,0.24586267025891567,0.6507406996283692,0.10946008620219277,193,autocracy
full2_reduced_no_non_verbal,v2jupurge_lag1,-2.031719923019409,Mixed Outcome,2,0.07372187449163863,0.035519612864488424,0.1467595972783242,0.026849445107328833,193,autocracy
full2_reduced_no_non_verbal,v2jupurge_lag1,-2.031719923019409,Contracts Expression,1,0.4907839556443998,0.295867655035987,0.6885431920567416,0.10585700683169537,193,autocracy
full2_reduced_no_non_verbal,v2jupurge_lag1,-2.031719923019409,Expands Expression,3,0.43549416986396217,0.250303297824747,0.6406201417816314,0.1050511982707644,193,autocracy
full2_reduced_no_non_verbal,v2jupurge_lag1,-1.9256799221038818,Mixed Outcome,2,0.07438503579026633,0.03679277331775834,0.14461953295191374,0.026127794899943525,193,autocracy
full2_reduced_no_non_verbal,v2jupurge_lag1,-1.9256799221038818,Contracts Expression,1,0.4926322287604958,0.30448463369688455,0.682890210264134,0.1015817521763954,193,autocracy
full2_reduced_no_non_verbal,v2jupurge_lag1,-1.9256799221038818,Expands Expression,3,0.43298273544923765,0.2547624904484445,0.6304126465891045,0.10067035358972137,193,autocracy
full2_reduced_no_non_verbal,v2jupurge_lag1,-1.8196399211883545,Mixed Outcome,2,0.07505149473468603,0.03808771001448884,0.14257132834165184,0.025411561879137637,193,autocracy
full2_reduced_no_non_verbal,v2jupurge_lag1,-1.8196399211883545,Contracts Expression,1,0.4944751810657554,0.31317369902398645,0.6772413956676536,0.09733980868160653,193,autocracy
full2_reduced_no_non_verbal,v2jupurge_lag1,-1.8196399211883545,Expands Expression,3,0.4304733241995583,0.25923508764763,0.6201317475057587,0.09632046880061829,193,autocracy
full2_reduced_no_non_verbal,v2jupurge_lag1,-1.7135999202728271,Mixed Outcome,2,0.07572122823569168,0.03940142115973738,0.14061931672567565,0.024703176917485473,193,autocracy
full2_reduced_no_non_verbal,v2jupurge_lag1,-1.7135999202728271,Contracts Expression,1,0.4963127338398086,0.3219210925530687,0.671606173446253,0.0931354051423496,193,autocracy
full2_reduced_no_non_verbal,v2jupurge_lag1,-1.7135999202728271,Expands Expression,3,0.4279660379244993,0.26371507219273793,0.6097922132879524,0.09200487811317515,193,autocracy
full2_reduced_no_non_verbal,v2jupurge_lag1,-1.6075599193572998,Mixed Outcome,2,0.07639421262185271,0.04073028547400585,0.13876847758012073,0.024005397416322672,193,autocracy
full2_reduced_no_non_verbal,v2jupurge_lag1,-1.6075599193572998,Contracts Expression,1,0.4981448087944371,0.3307113572557114,0.6659953694371722,0.08897345335775178,193,autocracy
full2_reduced_no_non_verbal,v2jupurge_lag1,-1.6075599193572998,Expands Expression,3,0.42546097858370974,0.2681953898349619,0.5994101996878936,0.08772742542851832,193,autocracy
full2_reduced_no_non_verbal,v2jupurge_lag1,-1.5015199184417725,Mixed Outcome,2,0.077070423642605,0.04206998240540748,0.13702451562419682,0.02332134585154502,193,autocracy
full2_reduced_no_non_verbal,v2jupurge_lag1,-1.5015199184417725,Contracts Expression,1,0.49997132807883304,0.3395270666048229,0.660421494433745,0.08485969523045793,193,autocracy
full2_reduced_no_non_verbal,v2jupurge_lag1,-1.5015199184417725,Expands Expression,3,0.42295824827856227,0.27266772258252137,0.5890034445918667,0.08349258026337973,193,autocracy
full2_reduced_no_non_verbal,v2jupurge_lag1,-1.3954799175262451,Mixed Outcome,2,0.07774983647160266,0.04341541024873483,0.13539394173567224,0.022654549009761618,193,autocracy
full2_reduced_no_non_verbal,v2jupurge_lag1,-1.3954799175262451,Contracts Expression,1,0.5017922142849559,0.3483484868329488,0.6548990973177177,0.0808008854039995,193,autocracy
full2_reduced_no_non_verbal,v2jupurge_lag1,-1.3954799175262451,Expands Expression,3,0.42045794924344126,0.2771222014687248,0.5785915209339708,0.07930558474543016,193,autocracy
full2_reduced_no_non_verbal,v2jupurge_lag1,-1.2894399166107178,Mixed Outcome,2,0.0784324257103314,0.0447606064396838,0.13388415145726684,0.022008975679982945,193,autocracy
full2_reduced_no_non_verbal,v2jupurge_lag1,-1.2894399166107178,Contracts Expression,1,0.5036073904529805,0.35715315550748933,0.6494452038329761,0.07680501812144555,193,autocracy
full2_reduced_no_non_verbal,v2jupurge_lag1,-1.2894399166107178,Expands Expression,3,0.41796018383668804,0.28154704118348345,0.5681961651881622,0.07517264070140307,193,autocracy
full2_reduced_no_non_verbal,v2jupurge_lag1,-1.1833999156951904,Mixed Outcome,2,0.07911816539198249,0.04609867650175639,0.13250349464968406,0.02138906944378779,193,autocracy
full2_reduced_no_non_verbal,v2jupurge_lag1,-1.1833999156951904,Contracts Expression,1,0.505416780076844,0.3659153564386162,0.6440798608941266,0.07288160860819613,193,autocracy
full2_reduced_no_non_verbal,v2jupurge_lag1,-1.1833999156951904,Expands Expression,3,0.41546505453117344,0.28592807342689125,0.5578417048364882,0.07110114872739434,193,autocracy
full2_reduced_no_non_verbal,v2jupurge_lag1,-1.077359914779663,Mixed Outcome,2,0.07980702898558509,0.04742174096553133,0.13126132692732864,0.020799771740206977,193,autocracy
full2_reduced_no_non_verbal,v2jupurge_lag1,-1.077359914779663,Contracts Expression,1,0.5072203071098796,0.3746054686125191,0.6388268086247882,0.06904204051121476,193,autocracy
full2_reduced_no_non_verbal,v2jupurge_lag1,-1.077359914779663,Expands Expression,3,0.41297266390453546,0.2902481490052893,0.5475556151507444,0.06710001468266363,193,autocracy
full2_reduced_no_non_verbal,v2jupurge_lag1,-0.9713199138641357,Mixed Outcome,2,0.08049898940039951,0.048720912796990874,0.1301680303318484,0.020246528752065802,193,autocracy
full2_reduced_no_non_verbal,v2jupurge_lag1,-0.9713199138641357,Contracts Expression,1,0.5090178959705729,0.3831891666571551,0.6337143024853452,0.06529999109293626,193,autocracy
full2_reduced_no_non_verbal,v2jupurge_lag1,-0.9713199138641357,Expands Expression,3,0.41048311462902726,0.29448637215959844,0.5373692419923306,0.06318004233582213,193,autocracy
full2_reduced_no_non_verbal,v2jupurge_lag1,-0.8652799129486084,Mixed Outcome,2,0.08119401899056311,0.04998632111502208,0.1292349874853942,0.01973527402608223,193,autocracy
full2_reduced_no_non_verbal,v2jupurge_lag1,-0.8652799129486084,Contracts Expression,1,0.5108094715484033,0.3916264552852779,0.6287761028916554,0.061671943459545665,193,autocracy
full2_reduced_no_non_verbal,v2jupurge_lag1,-0.8652799129486084,Expands Expression,3,0.40799650946103344,0.29861712209911684,0.527318736136473,0.05935443543244913,193,autocracy
full2_reduced_no_non_verbal,v2jupurge_lag1,-0.759239912033081,Mixed Outcome,2,0.08189208955999609,0.05120719953785532,0.1284744908442377,0.019272377447432158,193,autocracy
full2_reduced_no_non_verbal,v2jupurge_lag1,-0.759239912033081,Contracts Expression,1,0.5125949592098,0.39987053574505704,0.6240526341257777,0.05817778728521803,193,autocracy
full2_reduced_no_non_verbal,v2jupurge_lag1,-0.759239912033081,Expands Expression,3,0.4055129512302038,0.30260881361926684,0.5174462474845866,0.055639434012062595,193,autocracy
full2_reduced_no_non_verbal,v2jupurge_lag1,-0.6531999111175537,Mixed Outcome,2,0.08259317236755714,0.052372058000055836,0.12789956822580156,0.018864550989303785,193,autocracy
full2_reduced_no_non_verbal,v2jupurge_lag1,-0.6531999111175537,Contracts Expression,1,0.5143742848042053,0.4078665366432003,0.6195922799795531,0.054841492171551154,193,autocracy
full2_reduced_no_non_verbal,v2jupurge_lag1,-0.6531999111175537,Expands Expression,3,0.4030325428282372,0.30642235263979234,0.5078014238003152,0.0520551080260103,193,autocracy
full2_reduced_no_non_verbal,v2jupurge_lag1,-0.5471599102020264,Mixed Outcome,2,0.08329723813245378,0.053468953815163915,0.12752370881389666,0.018518703280141446,193,autocracy
full2_reduced_no_non_verbal,v2jupurge_lag1,-0.5471599102020264,Contracts Expression,1,0.5161473746702457,0.4155502102400802,0.6154527148402259,0.05169180291527334,193,autocracy
full2_reduced_no_non_verbal,v2jupurge_lag1,-0.5471599102020264,Expands Expression,3,0.4005553871973007,0.3100092707278432,0.4984432302238816,0.04862631703824318,193,autocracy
full2_reduced_no_non_verbal,v2jupurge_lag1,-0.441119909286499,Mixed Outcome,2,0.08400425703990023,0.0544858693457983,0.12736048228512867,0.018241739413910153,193,autocracy
full2_reduced_no_non_verbal,v2jupurge_lag1,-0.441119909286499,Contracts Expression,1,0.5179141556420086,0.422846812677067,0.6117020515289806,0.048762846347560056,193,autocracy
full2_reduced_no_non_verbal,v2jupurge_lag1,-0.441119909286499,Expands Expression,3,0.39808158731809085,0.3133095963254238,0.4894420322996129,0.04538380754055199,193,autocracy
full2_reduced_no_non_verbal,v2jupurge_lag1,-0.3350799083709717,Mixed Outcome,2,0.08471419874702237,0.055411188986023,0.1274230583498392,0.018040310003990947,193,autocracy
full2_reduced_no_non_verbal,v2jupurge_lag1,-0.3350799083709717,Contracts Expression,1,0.5196745550554414,0.42967057236407075,0.6084194014653853,0.04609444477843573,193,autocracy
full2_reduced_no_non_verbal,v2jupurge_lag1,-0.3350799083709717,Expands Expression,3,0.39561124619753635,0.31624968361284683,0.4808817218535701,0.04236533640920908,193,autocracy
full2_reduced_no_non_verbal,v2jupurge_lag1,-0.22903990745544434,Mixed Outcome,2,0.0854270323890107,0.05623424810147597,0.12772365403516314,0.017920523808133342,193,autocracy
full2_reduced_no_non_verbal,v2jupurge_lag1,-0.22903990745544434,Contracts Expression,1,0.521428500754851,0.43592539002613584,0.6056942034039599,0.04373180900173743,193,autocracy
full2_reduced_no_non_verbal,v2jupurge_lag1,-0.22903990745544434,Expands Expression,3,0.3931444668561381,0.3187405230435539,0.4728613622762939,0.039616554847163296,193,autocracy
full2_reduced_no_non_verbal,v2jupurge_lag1,-0.12299990653991699,Mixed Outcome,2,0.08614272658551063,0.05694590460269946,0.1282729580663022,0.017887649548998755,193,autocracy
full2_reduced_no_non_verbal,v2jupurge_lag1,-0.12299990653991699,Contracts Expression,1,0.5231759210995187,0.44150764208597465,0.6036234488582256,0.04172416683722329,193,autocracy
full2_reduced_no_non_verbal,v2jupurge_lag1,-0.12299990653991699,Expands Expression,3,0.3906813523149708,0.32067754819992295,0.4654953386813431,0.037191136838307555,193,autocracy
full2_reduced_no_non_verbal,v2jupurge_lag1,-0.01695990562438965,Mixed Outcome,2,0.08686124944725744,0.057539066439700144,0.1290795990141167,0.017945841435730234,193,autocracy
full2_reduced_no_non_verbal,v2jupurge_lag1,-0.01695990562438965,Contracts Expression,1,0.5249167449704291,0.4463119803062102,0.602305911035615,0.04012187097188531,193,autocracy
full2_reduced_no_non_verbal,v2jupurge_lag1,-0.01695990562438965,Expands Expression,3,0.3882220055823133,0.32194355082723025,0.458910401656053,0.03514933120849637,193,autocracy
full2_reduced_no_non_verbal,v2jupurge_lag1,0.0890800952911377,Mixed Outcome,2,0.08758256858294285,0.058009102522709736,0.1301497297725518,0.0180979258224941,193,autocracy
full2_reduced_no_non_verbal,v2jupurge_lag1,0.0890800952911377,Contracts Expression,1,0.5266509017771099,0.45024053934692415,0.6018329654283633,0.03897177283920912,193,autocracy
full2_reduced_no_non_verbal,v2jupurge_lag1,0.0890800952911377,Expands Expression,3,0.3857665296399474,0.3224166656556551,0.4532376431334609,0.0335539361780684,193,autocracy
full2_reduced_no_non_verbal,v2jupurge_lag1,0.19512009620666504,Mixed Outcome,2,0.08830665110631884,0.05835407586043399,0.13148678946218428,0.018345280519386813,193,autocracy
full2_reduced_no_non_verbal,v2jupurge_lag1,0.19512009620666504,Contracts Expression,1,0.5283783214645786,0.4532147360113738,0.6022768180308304,0.03831127226460036,193,autocracy
full2_reduced_no_non_verbal,v2jupurge_lag1,0.19512009620666504,Expands Expression,3,0.38331502742910173,0.3219846768533429,0.44859815305354206,0.03246305406043917,193,autocracy
full2_reduced_no_non_verbal,v2jupurge_lag1,0.3011600971221924,Mixed Outcome,2,0.0890334636435289,0.05857476487507383,0.13309147694947404,0.01868782428179671,193,autocracy
full2_reduced_no_non_verbal,v2jupurge_lag1,0.3011600971221924,Contracts Expression,1,0.5300989345204098,0.45518712085545443,0.6036786803198115,0.03816232847330666,193,autocracy
full2_reduced_no_non_verbal,v2jupurge_lag1,0.3011600971221924,Expands Expression,3,0.3808676018360609,0.3205642839341111,0.4450837190033217,0.03192031207929034,193,autocracy
full2_reduced_no_non_verbal,v2jupurge_lag1,0.4072000980377197,Mixed Outcome,2,0.0897629723406685,0.058674475819256014,0.1349619328992788,0.01912411486404278,193,autocracy
full2_reduced_no_non_verbal,v2jupurge_lag1,0.4072000980377197,Contracts Expression,1,0.5318126719818949,0.45614953982551937,0.606040633125551,0.038527330955608556,193,autocracy
full2_reduced_no_non_verbal,v2jupurge_lag1,0.4072000980377197,Expands Expression,3,0.3784243556774364,0.31811989259706785,0.442738003853699,0.031945308410313775,193,autocracy
full2_reduced_no_non_verbal,v2jupurge_lag1,0.5132400989532471,Mixed Outcome,2,0.09049514287156543,0.058658683923001845,0.13709409290139932,0.019651536194584127,193,autocracy
full2_reduced_no_non_verbal,v2jupurge_lag1,0.5132400989532471,Contracts Expression,1,0.5335194654433257,0.45613445987168194,0.6093243252502644,0.03938842768482582,193,autocracy
full2_reduced_no_non_verbal,v2jupurge_lag1,0.5132400989532471,Expands Expression,3,0.37598539168510825,0.3146739841389563,0.44154614776243417,0.0325283237501863,193,autocracy
full2_reduced_no_non_verbal,v2jupurge_lag1,0.6192800998687744,Mixed Outcome,2,0.0912299404457836,0.05853456453691588,0.1394821502561064,0.02026654296264645,193,autocracy
full2_reduced_no_non_verbal,v2jupurge_lag1,0.6192800998687744,Contracts Expression,1,0.5352192470633796,0.455208878255572,0.6134570869561861,0.04071060599132757,193,autocracy
full2_reduced_no_non_verbal,v2jupurge_lag1,0.6192800998687744,Expands Expression,3,0.37355081249083655,0.31030371657046035,0.44143814170081486,0.03363201972966745,193,autocracy
full2_reduced_no_non_verbal,v2jupurge_lag1,0.7253201007843018,Mixed Outcome,2,0.0919673298168385,0.05831048215192839,0.14211906068353986,0.02096492753633413,193,autocracy
full2_reduced_no_non_verbal,v2jupurge_lag1,0.7253201007843018,Contracts Expression,1,0.5369119495725999,0.45346320523239564,0.6183430684800657,0.04244731351925238,193,autocracy
full2_reduced_no_non_verbal,v2jupurge_lag1,0.7253201007843018,Expands Expression,3,0.3711207206105616,0.3051253698009883,0.442304360158517,0.035199306692503055,193,autocracy
full2_reduced_no_non_verbal,v2jupurge_lag1,0.8313601016998291,Mixed Outcome,2,0.09270727529062862,0.05799549731826195,0.14499702884519045,0.021742078104663328,193,autocracy
full2_reduced_no_non_verbal,v2jupurge_lag1,0.8313601016998291,Contracts Expression,1,0.538597506280991,0.4509989249483343,0.623875598603678,0.044546689026990084,193,autocracy
full2_reduced_no_non_verbal,v2jupurge_lag1,0.8313601016998291,Expands Expression,3,0.3686952184283802,0.2992738953501812,0.4440159927427705,0.03716369114892146,193,autocracy
full2_reduced_no_non_verbal,v2jupurge_lag1,0.9374001026153564,Mixed Outcome,2,0.09344974073407061,0.057598934111093354,0.14810793408580647,0.022593205902408552,193,autocracy
full2_reduced_no_non_verbal,v2jupurge_lag1,0.9374001026153564,Contracts Expression,1,0.5402758510857033,0.44791817878618356,0.6299476189329833,0.04695680979735477,193,autocracy
full2_reduced_no_non_verbal,v2jupurge_lag1,0.9374001026153564,Expands Expression,3,0.36627440818022616,0.292885013715258,0.44644293154932224,0.03945832176686617,193,autocracy
full2_reduced_no_non_verbal,v2jupurge_lag1,1.0434401035308838,Mixed Outcome,2,0.09419468958394045,0.05713003112135254,0.1514436724487443,0.02351352950427819,193,autocracy
full2_reduced_no_non_verbal,v2jupurge_lag1,1.0434401035308838,Contracts Expression,1,0.5419469184788239,0.4443167092342748,0.6364587557179061,0.04962922980655802,193,autocracy
full2_reduced_no_non_verbal,v2jupurge_lag1,1.0434401035308838,Expands Expression,3,0.3638583919372356,0.28608355431819665,0.44946541936225876,0.04202186045766883,193,autocracy
full2_reduced_no_non_verbal,v2jupurge_lag1,1.1494801044464111,Mixed Outcome,2,0.0949420848559121,0.056597681910028445,0.15499640900936767,0.024498412960262606,193,autocracy
full2_reduced_no_non_verbal,v2jupurge_lag1,1.1494801044464111,Contracts Expression,1,0.5436106435552482,0.4402801036887494,0.6433190897365856,0.052520843549753206,193,autocracy
full2_reduced_no_non_verbal,v2jupurge_lag1,1.1494801044464111,Expands Expression,3,0.36144727158883966,0.27897797863078966,0.4529795181203952,0.044801214116666675,193,autocracy
full2_reduced_no_non_verbal,v2jupurge_lag1,1.2555201053619385,Mixed Outcome,2,0.09569188915379477,0.05601025882992434,0.15875874665342607,0.0255434607840604,193,autocracy
full2_reduced_no_non_verbal,v2jupurge_lag1,1.2555201053619385,Contracts Expression,1,0.5452669620206549,0.43588252328186694,0.6504504391009157,0.05559449221647381,193,autocracy
full2_reduced_no_non_verbal,v2jupurge_lag1,1.2555201053619385,Expands Expression,3,0.35904114882555005,0.271659246589,0.45689823743502495,0.04775206606442509,193,autocracy
full2_reduced_no_non_verbal,v2jupurge_lag1,1.3615601062774658,Mixed Outcome,2,0.09644406467895386,0.05537550744877409,0.16272382410545613,0.02664457628050809,193,autocracy
full2_reduced_no_non_verbal,v2jupurge_lag1,1.3615601062774658,Contracts Expression,1,0.5469158101995596,0.43118697778860887,0.65778609390569,0.058818790414829604,193,autocracy
full2_reduced_no_non_verbal,v2jupurge_lag1,1.3615601062774658,Expands Expression,3,0.35664012512148674,0.26420206214988723,0.461150287186073,0.05083820718207159,193,autocracy
full2_reduced_no_non_verbal,v2jupurge_lag1,1.4676001071929932,Mixed Outcome,2,0.09719857323992527,0.054700496444034144,0.1668853583485485,0.027797990945724098,193,autocracy
full2_reduced_no_non_verbal,v2jupurge_lag1,1.4676001071929932,Contracts Expression,1,0.5485571250434554,0.426246394711754,0.6652697546170224,0.06216755548215111,193,autocracy
full2_reduced_no_non_verbal,v2jupurge_lag1,1.4676001071929932,Expands Expression,3,0.3542443017166195,0.2566670929243528,0.4656778592193928,0.054030380851816676,193,autocracy
full2_reduced_no_non_verbal,v2jupurge_lag1,1.5736401081085205,Mixed Outcome,2,0.09795537626220358,0.0539916082837141,0.17123764613415324,0.029000272476449304,193,autocracy
full2_reduced_no_non_verbal,v2jupurge_lag1,1.5736401081085205,Contracts Expression,1,0.5501908441390277,0.42110498690700615,0.6728541698564697,0.06561909058096689,193,autocracy
full2_reduced_no_non_verbal,v2jupurge_lag1,1.5736401081085205,Expands Expression,3,0.3518537795987684,0.24910336219211288,0.4704342396143916,0.05730504814073536,193,autocracy
full2_reduced_no_non_verbal,v2jupurge_lag1,1.6796801090240479,Mixed Outcome,2,0.09871443479821329,0.05325455793877734,0.17577553740910587,0.03024831796674024,193,autocracy
full2_reduced_no_non_verbal,v2jupurge_lag1,1.6796801090240479,Contracts Expression,1,0.5518169057164526,0.4157996364644554,0.6804997558861576,0.0691554641281783,193,autocracy
full2_reduced_no_non_verbal,v2jupurge_lag1,1.6796801090240479,Expands Expression,3,0.3494686594853341,0.24155043664099768,0.47538162806551143,0.06064326336677964,193,autocracy
full2_reduced_no_non_verbal,v2jupurge_lag1,1.7857201099395752,Mixed Outcome,2,0.09947570953744571,0.052494429449034444,0.18049439083337734,0.0315393375435575,193,autocracy
full2_reduced_no_non_verbal,v2jupurge_lag1,1.7857201099395752,Contracts Expression,1,0.553435248657752,0.4103611577302743,0.6881733350112335,0.07276185432687189,193,autocracy
full2_reduced_no_non_verbal,v2jupurge_lag1,1.7857201099395752,Expands Expression,3,0.3470890418048024,0.23404027820491194,0.480489295763257,0.06402972564935518,193,autocracy
full2_reduced_no_non_verbal,v2jupurge_lag1,1.8917601108551025,Mixed Outcome,2,0.10023916081676584,0.051715722635143915,0.18539001913997713,0.03287083244048887,193,autocracy
full2_reduced_no_non_verbal,v2jupurge_lag1,1.8917601108551025,Contracts Expression,1,0.5550458125052288,0.40481538673188366,0.6958470456121054,0.07642598481276114,193,autocracy
full2_reduced_no_non_verbal,v2jupurge_lag1,1.8917601108551025,Expands Expression,3,0.344715026678005,0.2265987487276535,0.4857320928876351,0.06745201109169607,193,autocracy
full2_reduced_no_non_verbal,v2jupurge_lag1,1.9978001117706299,Mixed Outcome,2,0.10100474863087916,0.05092240443544619,0.19045862989926413,0.03424057038709257,193,autocracy
full2_reduced_no_non_verbal,v2jupurge_lag1,1.9978001117706299,Contracts Expression,1,0.5566485374699519,0.3991840919376272,0.7034974290747301,0.08013765332412126,193,autocracy
full2_reduced_no_non_verbal,v2jupurge_lag1,1.9978001117706299,Expands Expression,3,0.342346713899169,0.21924680632559482,0.4910892666297012,0.07089996495304551,193,autocracy
full2_reduced_no_non_verbal,v2jupurge_lag1,2.1038401126861572,Mixed Outcome,2,0.1017724326429561,0.05011796109849966,0.1956967655141898,0.03564656029338966,193,autocracy
full2_reduced_no_non_verbal,v2jupurge_lag1,2.1038401126861572,Contracts Expression,1,0.5582433644403004,0.3934857205773745,0.7111046794101098,0.08388834565724887,193,autocracy
full2_reduced_no_non_verbal,v2jupurge_lag1,2.1038401126861572,Expands Expression,3,0.33998420291674325,0.2120014467957894,0.49654353613362584,0.07436522598653676,193,autocracy
full2_reduced_no_non_verbal,v2jupurge_lag1,2.2098801136016846,Mixed Outcome,2,0.10254217219540603,0.0493054488269308,0.20110124485290592,0.037087027493654834,193,autocracy
full2_reduced_no_non_verbal,v2jupurge_lag1,2.2098801136016846,Contracts Expression,1,0.5598302349905571,0.38773600357070037,0.7186520326380874,0.08767092279774555,193,autocracy
full2_reduced_no_non_verbal,v2jupurge_lag1,2.2098801136016846,Expands Expression,3,0.3376275928140369,0.20487644180540057,0.5020803724186191,0.07784085611067677,193,autocracy
full2_reduced_no_non_verbal,v2jupurge_lag1,2.315920114517212,Mixed Outcome,2,0.1033139263207981,0.04848754139891924,0.20666910808896596,0.038560390350798286,193,autocracy
full2_reduced_no_non_verbal,v2jupurge_lag1,2.315920114517212,Contracts Expression,1,0.5614090913895461,0.3819484431071221,0.7261252720311396,0.09147936870492089,193,autocracy
full2_reduced_no_non_verbal,v2jupurge_lag1,2.315920114517212,Expands Expression,3,0.33527698228965624,0.19788291831989693,0.5076874386391539,0.08132105240682756,193,autocracy
full2_reduced_no_non_verbal,v2jupurge_lag1,2.4219601154327393,Mixed Outcome,2,0.10408765375292363,0.0476665740228877,0.21239756548838445,0.04006523862302118,193,autocracy
full2_reduced_no_non_verbal,v2jupurge_lag1,2.4219601154327393,Contracts Expression,1,0.5629798766093095,0.3761347045864937,0.7335123276201091,0.0953085874931882,193,autocracy
full2_reduced_no_non_verbal,v2jupurge_lag1,2.4219601154327393,Expands Expression,3,0.33293246963776685,0.19102981556974621,0.5133541540315972,0.08480092260762055,193,autocracy
full2_reduced_no_non_verbal,v2jupurge_lag1,2.5280001163482666,Mixed Outcome,2,0.10486331293799227,0.046844583099340094,0.21828395055797736,0.04160031379419544,193,autocracy
full2_reduced_no_non_verbal,v2jupurge_lag1,2.5280001163482666,Contracts Expression,1,0.5645425343338172,0.37030493158357536,0.7408029514180143,0.09915424035807568,193,autocracy
full2_reduced_no_non_verbal,v2jupurge_lag1,2.5280001163482666,Expands Expression,3,0.3305941527281907,0.18432424749153561,0.5190713535664998,0.08827630966571935,193,autocracy
full2_reduced_no_non_verbal,wdj_expression_lag1,-0.2222222238779068,Mixed Outcome,2,0.1366060137563538,0.0715378442514808,0.2452261591077144,0.04329935110011793,193,autocracy
full2_reduced_no_non_verbal,wdj_expression_lag1,-0.2222222238779068,Contracts Expression,1,0.44590155651825264,0.3185691780115417,0.5807533568267806,0.06846464558354474,193,autocracy
full2_reduced_no_non_verbal,wdj_expression_lag1,-0.2222222238779068,Expands Expression,3,0.4174924297253934,0.2979623866296825,0.5475727081986673,0.0650110111515925,193,autocracy
full2_reduced_no_non_verbal,wdj_expression_lag1,-0.19962963134050368,Mixed Outcome,2,0.13368305094797198,0.07165615379383017,0.2357658440268297,0.04093340351510297,193,autocracy
full2_reduced_no_non_verbal,wdj_expression_lag1,-0.19962963134050368,Contracts Expression,1,0.45053345530167493,0.3271553304427135,0.5803105410115326,0.06600237932779915,193,autocracy
full2_reduced_no_non_verbal,wdj_expression_lag1,-0.19962963134050368,Expands Expression,3,0.41578349375035334,0.3014472973982946,0.539964936516306,0.06200558703229805,193,autocracy
full2_reduced_no_non_verbal,wdj_expression_lag1,-0.1770370388031006,Mixed Outcome,2,0.13080819240850933,0.07172732940445185,0.22667014407650984,0.038670703307208155,193,autocracy
full2_reduced_no_non_verbal,wdj_expression_lag1,-0.1770370388031006,Contracts Expression,1,0.45515088735053666,0.33572524408402465,0.5799682178083898,0.06358275701375515,193,autocracy
full2_reduced_no_non_verbal,wdj_expression_lag1,-0.1770370388031006,Expands Expression,3,0.4140409202409545,0.3048224096404361,0.5324213707250208,0.05906360929928921,193,autocracy
full2_reduced_no_non_verbal,wdj_expression_lag1,-0.15444444626569748,Mixed Outcome,2,0.12798107937825265,0.07174561237804652,0.2179456953730162,0.03651331441355871,193,autocracy
full2_reduced_no_non_verbal,wdj_expression_lag1,-0.15444444626569748,Contracts Expression,1,0.459753455560846,0.34426036410085753,0.5797373129626348,0.06121295269619686,193,autocracy
full2_reduced_no_non_verbal,wdj_expression_lag1,-0.15444444626569748,Expands Expression,3,0.41226546506090134,0.3080744080847057,0.5249595577420876,0.056191658376728265,193,autocracy
full2_reduced_no_non_verbal,wdj_expression_lag1,-0.1318518537282944,Mixed Outcome,2,0.12520133829700042,0.07170454665832178,0.20959881920951492,0.03446360846439221,193,autocracy
full2_reduced_no_non_verbal,wdj_expression_lag1,-0.1318518537282944,Contracts Expression,1,0.4643407811934512,0.35274043803385796,0.579630321347061,0.05890091890661044,193,autocracy
full2_reduced_no_non_verbal,wdj_expression_lag1,-0.1318518537282944,Expands Expression,3,0.4104578805095491,0.3111877279461739,0.5175994051241869,0.053397511707256165,193,autocracy
full2_reduced_no_non_verbal,wdj_expression_lag1,-0.10925926119089127,Mixed Outcome,2,0.12246858185325828,0.07159694177005231,0.20163562610851543,0.032524283656862836,193,autocracy
full2_reduced_no_non_verbal,wdj_expression_lag1,-0.10925926119089127,Contracts Expression,1,0.46891250309315197,0.36114335206661885,0.5796614881608839,0.056655481347961216,193,autocracy
full2_reduced_no_non_verbal,wdj_expression_lag1,-0.10925926119089127,Expands Expression,3,0.4086189150535901,0.3141441250106874,0.5103635989874344,0.050690363635943377,193,autocracy
full2_reduced_no_non_verbal,wdj_expression_lag1,-0.08666666865348815,Mixed Outcome,2,0.1197824099981002,0.07141486178212374,0.19406209587820486,0.030698369587042435,193,autocracy
full2_reduced_no_non_verbal,wdj_expression_lag1,-0.08666666865348815,Contracts Expression,1,0.4734682769132305,0.3694449730602459,0.5798469845950338,0.05448643123364216,193,autocracy
full2_reduced_no_non_verbal,wdj_expression_lag1,-0.08666666865348815,Expands Expression,3,0.40674931308866874,0.3169221922213992,0.5032780751813795,0.0480810730218888,193,autocracy
full2_reduced_no_non_verbal,wdj_expression_lag1,-0.06407407611608507,Mixed Outcome,2,0.11714241092264227,0.07114965593654941,0.18688411717603312,0.02898920996305145,193,autocracy
full2_reduced_no_non_verbal,wdj_expression_lag1,-0.06407407611608507,Contracts Expression,1,0.47800777434818276,0.3776190142885983,0.5802050598990508,0.05240460611009685,193,autocracy
full2_reduced_no_non_verbal,wdj_expression_lag1,-0.06407407611608507,Expands Expression,3,0.40484981472917553,0.31949683919359206,0.4963725274693044,0.04558243039161398,193,autocracy
full2_reduced_no_non_verbal,wdj_expression_lag1,-0.04148148357868195,Mixed Outcome,2,0.11454816199829615,0.07079205121569178,0.1801074653826773,0.027400412725804058,193,autocracy
full2_reduced_no_non_verbal,wdj_expression_lag1,-0.04148148357868195,Contracts Expression,1,0.48253068237715196,0.3856369493704283,0.5807561453478508,0.05042194674187543,193,autocracy
full2_reduced_no_non_verbal,wdj_expression_lag1,-0.04148148357868195,Expands Expression,3,0.40292115562455216,0.3218387743880269,0.4896809129208016,0.04320942449412645,193,autocracy
full2_reduced_no_non_verbal,wdj_expression_lag1,-0.018888891041278832,Mixed Outcome,2,0.11199923067921082,0.0703323308674259,0.17373769406138692,0.02593575523956024,193,autocracy
full2_reduced_no_non_verbal,wdj_expression_lag1,-0.018888891041278832,Contracts Expression,1,0.48703670252040077,0.39346800961089745,0.5815228748229512,0.048551512127511944,193,autocracy
full2_reduced_no_non_verbal,wdj_expression_lag1,-0.018888891041278832,Expands Expression,3,0.4009640668003881,0.32391406328812805,0.48324188127774825,0.04097947106605483,193,autocracy
full2_reduced_no_non_verbal,wdj_expression_lag1,0.0037037014961242565,Mixed Outcome,2,0.1094951753665271,0.06976062429610762,0.16777991387925845,0.024599031529418336,193,autocracy
full2_reduced_no_non_verbal,wdj_expression_lag1,0.0037037014961242565,Contracts Expression,1,0.49152555011091925,0.4010793116167879,0.5825299750660736,0.04680742874235192,193,autocracy
full2_reduced_no_non_verbal,wdj_expression_lag1,0.0037037014961242565,Expands Expression,3,0.3989792745225535,0.32568388624161043,0.4770990047025165,0.03891254094399704,193,autocracy
full2_reduced_no_non_verbal,wdj_expression_lag1,0.026296294033527373,Mixed Outcome,2,0.107035546234256,0.06906732971347927,0.16223843705990632,0.02339383069409211,193,autocracy
full2_reduced_no_non_verbal,wdj_expression_lag1,0.026296294033527373,Contracts Expression,1,0.4959969535830626,0.4084361698865317,0.5838039708803374,0.04520474612275337,193,autocracy
full2_reduced_no_non_verbal,wdj_expression_lag1,0.026296294033527373,Expands Expression,3,0.3969675001826811,0.3271046837682087,0.4713006201314764,0.0370310919024007,193,autocracy
full2_reduced_no_non_verbal,wdj_expression_lag1,0.04888888657093049,Mixed Outcome,2,0.10461988601679369,0.06824367850878754,0.15711627788269406,0.02232324208095903,193,autocracy
full2_reduced_no_non_verbal,wdj_expression_lag1,0.04888888657093049,Contracts Expression,1,0.5004506537799115,0.41550265472694475,0.5853726448494679,0.04375916791557475,193,autocracy
full2_reduced_no_non_verbal,wdj_expression_lag1,0.04888888657093049,Expands Expression,3,0.394929460203295,0.32812894195566333,0.4658990316184692,0.03535967543409576,193,autocracy
full2_reduced_no_non_verbal,wdj_expression_lag1,0.07148147910833358,Mixed Outcome,2,0.10224773075825405,0.06728242658796459,0.15241452359164032,0.021389495100459406,193,autocracy
full2_reduced_no_non_verbal,wdj_expression_lag1,0.07148147910833358,Contracts Expression,1,0.5048864032808578,0.422242448321925,0.587264198702993,0.04248663128145974,193,autocracy
full2_reduced_no_non_verbal,wdj_expression_lag1,0.07148147910833358,Expands Expression,3,0.392865865960888,0.3287069021391076,0.46094878863304733,0.03392407343804467,193,autocracy
full2_reduced_no_non_verbal,wdj_expression_lag1,0.09407407164573667,Mixed Outcome,2,0.09991861052395908,0.06617862338014799,0.14813162471571137,0.02059355940495001,193,autocracy
full2_reduced_no_non_verbal,wdj_expression_lag1,0.09407407164573667,Contracts Expression,1,0.5093039657507232,0.42862002534109767,0.5895060898879707,0.04140272091141036,193,autocracy
full2_reduced_no_non_verbal,wdj_expression_lag1,0.09407407164573667,Expands Expression,3,0.3907774237253176,0.32878942483709456,0.45650381024053704,0.032749847008770705,193,autocracy
full2_reduced_no_non_verbal,wdj_expression_lag1,0.11666666418313981,Mixed Outcome,2,0.09763205007457626,0.06493036973486223,0.1442626932748007,0.019934751498663274,193,autocracy
full2_reduced_no_non_verbal,wdj_expression_lag1,0.11666666418313981,Contracts Expression,1,0.5137031153115084,0.4346021378278596,0.5921235635525585,0.04052192752326585,193,autocracy
full2_reduced_no_non_verbal,wdj_expression_lag1,0.11666666418313981,Expands Expression,3,0.3886648346139151,0.3283320246208393,0.4526133386166375,0.03186028792728053,193,autocracy
full2_reduced_no_non_verbal,wdj_expression_lag1,0.1392592567205429,Mixed Outcome,2,0.09538756950353645,0.06353944388378353,0.14079892959016502,0.019410410384457618,193,autocracy
full2_reduced_no_non_verbal,wdj_expression_lag1,0.1392592567205429,Contracts Expression,1,0.5180836359377602,0.44015951172429535,0.5951379725390522,0.03985679749786262,193,autocracy
full2_reduced_no_non_verbal,wdj_expression_lag1,0.1392592567205429,Expands Expression,3,0.3865287945587031,0.3272997005288496,0.44931709735608266,0.03127396289689985,193,autocracy
full2_reduced_no_non_verbal,wdj_expression_lag1,0.161851849257946,Mixed Outcome,2,0.09318468483846994,0.06201166693720691,0.13772730608534478,0.019015708790820735,193,autocracy
full2_reduced_no_non_verbal,wdj_expression_lag1,0.161851849257946,Contracts Expression,1,0.5224453208762783,0.4452685831028565,0.598565057260085,0.03941706061796965,193,autocracy
full2_reduced_no_non_verbal,wdj_expression_lag1,0.161851849257946,Expands Expression,3,0.3843699942852519,0.3256717079993868,0.44664050849022224,0.031002284279770448,193,autocracy
full2_reduced_no_non_verbal,wdj_expression_lag1,0.18444444179534913,Mixed Outcome,2,0.09102290860752879,0.0603569082693988,0.1350306076399616,0.018743651632779433,193,autocracy
full2_reduced_no_non_verbal,wdj_expression_lag1,0.18444444179534913,Contracts Expression,1,0.5267879720908003,0.4499130385393986,0.6024134209862778,0.03920885528883789,193,autocracy
full2_reduced_no_non_verbal,wdj_expression_lag1,0.18444444179534913,Expands Expression,3,0.3821891193016715,0.32344509232785984,0.4445911483970879,0.031047707479726672,193,autocracy
full2_reduced_no_non_verbal,wdj_expression_lag1,0.20703703433275222,Mixed Outcome,2,0.08890175037155937,0.058588695676285524,0.13268786367053106,0.018585280115469515,193,autocracy
full2_reduced_no_non_verbal,wdj_expression_lag1,0.20703703433275222,Contracts Expression,1,0.5311113997321202,0.454084905261331,0.6066834548555955,0.0392341803022676,193,autocracy
full2_reduced_no_non_verbal,wdj_expression_lag1,0.20703703433275222,Expands Expression,3,0.37998684989632064,0.320635921472695,0.4431575047415478,0.03140309553721907,193,autocracy
full2_reduced_no_non_verbal,wdj_expression_lag1,0.2296296268701553,Mixed Outcome,2,0.08682071722316102,0.056723477321436,0.13067512488025754,0.018530057484104738,193,autocracy
full2_reduced_no_non_verbal,wdj_expression_lag1,0.2296296268701553,Contracts Expression,1,0.5354154216339091,0.45778498809474666,0.6113669155492837,0.039490676209276834,193,autocracy
full2_reduced_no_non_verbal,wdj_expression_lag1,0.2296296268701553,Expands Expression,3,0.3777638611429302,0.31727778830109393,0.44231046432060106,0.032052470077297626,193,autocracy
full2_reduced_no_non_verbal,wdj_expression_lag1,0.25222221940755846,Mixed Outcome,2,0.08477931425377107,0.05477965296303876,0.1289664673231201,0.01856637601457172,193,autocracy
full2_reduced_no_non_verbal,wdj_expression_lag1,0.25222221940755846,Contracts Expression,1,0.5396998628344325,0.4610225637332921,0.6164472450601233,0.03997178181500628,193,autocracy
full2_reduced_no_non_verbal,wdj_expression_lag1,0.25222221940755846,Expands Expression,3,0.37552082291179634,0.3134180210297417,0.442007093236328,0.032972925938983606,193,autocracy
full2_reduced_no_non_verbal,wdj_expression_lag1,0.27481481194496155,Mixed Outcome,2,0.08277704498996219,0.052776527008063324,0.12753507129845454,0.018682106551099996,193,autocracy
full2_reduced_no_non_verbal,wdj_expression_lag1,0.27481481194496155,Contracts Expression,1,0.543964555124178,0.463814388469372,0.6219005763740629,0.04066723740697376,193,autocracy
full2_reduced_no_non_verbal,wdj_expression_lag1,0.27481481194496155,Expands Expression,3,0.3732583998858594,0.3091126852331796,0.44219562588701333,0.0341371587906192,193,autocracy
full2_reduced_no_non_verbal,wdj_expression_lag1,0.2974074044823647,Mixed Outcome,2,0.08081341180019987,0.05073332775355126,0.12635423082291686,0.018865115880583132,193,autocracy
full2_reduced_no_non_verbal,wdj_expression_lag1,0.2974074044823647,Contracts Expression,1,0.5482093366192794,0.4661832023907487,0.6276972420383915,0.04156384195013985,193,autocracy
full2_reduced_no_non_verbal,wdj_expression_lag1,0.2974074044823647,Expands Expression,3,0.3709772515805208,0.3044215811808833,0.44282045910106554,0.035515993973341785,193,autocracy
full2_reduced_no_non_verbal,wdj_expression_lag1,0.3199999970197678,Mixed Outcome,2,0.07888791627336397,0.04866839654372618,0.12539819014821338,0.01910369797457874,193,autocracy
full2_reduced_no_non_verbal,wdj_expression_lag1,0.3199999970197678,Contracts Expression,1,0.5524340513605474,0.46815598079141835,0.6338035348090925,0.04264633713785573,193,autocracy
full2_reduced_no_non_verbal,wdj_expression_lag1,0.3199999970197678,Expands Expression,3,0.3686780323660892,0.29940410998269074,0.4438262779763525,0.03708047297212923,193,autocracy
full2_reduced_no_non_verbal,wdj_expression_lag1,0.34259258955717087,Mixed Outcome,2,0.07700005957035778,0.04659859766050111,0.12464275659907674,0.019386892245666892,193,autocracy
full2_reduced_no_non_verbal,wdj_expression_lag1,0.34259258955717087,Contracts Expression,1,0.5566385489377594,0.4697621825172797,0.640183470650297,0.04389829177521445,193,autocracy
full2_reduced_no_non_verbal,wdj_expression_lag1,0.34259258955717087,Expands Expression,3,0.3663613914918824,0.29411638541852975,0.4451609365560232,0.03880330659120249,193,autocracy
full2_reduced_no_non_verbal,wdj_expression_lag1,0.36518518209457396,Mixed Outcome,2,0.07514934275017138,0.044538952300305114,0.12406568659141848,0.019704686432153815,193,autocracy
full2_reduced_no_non_verbal,wdj_expression_lag1,0.36518518209457396,Contracts Expression,1,0.5608226841387909,0.4710321877189978,0.6468003615730435,0.045302889102798706,193,autocracy
full2_reduced_no_non_verbal,wdj_expression_lag1,0.36518518209457396,Expands Expression,3,0.3640279731110374,0.2886095609155409,0.44677712376981704,0.040659711029318105,193,autocracy
full2_reduced_no_non_verbal,wdj_expression_lag1,0.38777777463197705,Mixed Outcome,2,0.07333526707177834,0.04250246811674825,0.12364687348793714,0.020048118211029503,193,autocracy
full2_reduced_no_non_verbal,wdj_expression_lag1,0.38777777463197705,Contracts Expression,1,0.5649863166230608,0.4719960372780309,0.6536180860171377,0.04684356042331532,193,autocracy
full2_reduced_no_non_verbal,wdj_expression_lag1,0.38777777463197705,Expands Expression,3,0.3616784163051613,0.2829291201877979,0.44863306635228173,0.04262775534043,193,autocracy
full2_reduced_no_non_verbal,wdj_expression_lag1,0.41037036716938013,Mixed Outcome,2,0.07155733427324963,0.040500120595332215,0.12336838122269526,0.020409297625877967,193,autocracy
full2_reduced_no_non_verbal,wdj_expression_lag1,0.41037036716938013,Contracts Expression,1,0.5691293106187005,0.4726825099497481,0.6606020207102656,0.04850444708367897,193,autocracy
full2_reduced_no_non_verbal,wdj_expression_lag1,0.41037036716938013,Expands Expression,3,0.3593133551080497,0.27711482697331913,0.4506925730870267,0.044688375377393244,193,autocracy
full2_reduced_no_non_verbal,wdj_expression_lag1,0.43296295970678333,Mixed Outcome,2,0.06981504682948084,0.03854094037341044,0.12321436974444358,0.020781373670548456,193,autocracy
full2_reduced_no_non_verbal,wdj_expression_lag1,0.43296295970678333,Contracts Expression,1,0.5732515346427474,0.47311851764451346,0.6677196535867277,0.05027070105902114,193,autocracy
full2_reduced_no_non_verbal,wdj_expression_lag1,0.43296295970678333,Expands Expression,3,0.35693341852777205,0.2712010647646545,0.45292468969831307,0.04682519121222857,193,autocracy
full2_reduced_no_non_verbal,wdj_expression_lag1,0.4555555522441864,Mixed Outcome,2,0.06810790818991858,0.036632166146937616,0.12317095280741727,0.021158465662286807,193,autocracy
full2_reduced_no_non_verbal,wdj_expression_lag1,0.4555555522441864,Contracts Expression,1,0.5773528612436339,0.473328767222966,0.6749409293324093,0.05212865057894246,193,autocracy
full2_reduced_no_non_verbal,wdj_expression_lag1,0.4555555522441864,Expands Expression,3,0.3545392305664474,0.26521737026923636,0.4553031604157737,0.049024227686411286,193,autocracy
full2_reduced_no_non_verbal,wdj_expression_lag1,0.4781481447815895,Mixed Outcome,2,0.06643542299765298,0.034779431545255764,0.1232260199027124,0.02153557564802048,193,autocracy
full2_reduced_no_non_verbal,wdj_expression_lag1,0.4781481447815895,Contracts Expression,1,0.5814331667651558,0.47333562715763694,0.6822383892414124,0.05406586225168886,193,autocracy
full2_reduced_no_non_verbal,wdj_expression_lag1,0.4781481447815895,Expands Expression,3,0.3521314102371911,0.25918903104303176,0.4578058259856336,0.05127360388820877,193,autocracy
full2_reduced_no_non_verbal,wdj_expression_lag1,0.5007407373189926,Mixed Outcome,2,0.06479709729123136,0.03298696335835914,0.12336904510821406,0.02190849352716404,193,autocracy
full2_reduced_no_non_verbal,wdj_expression_lag1,0.5007407373189926,Contracts Expression,1,0.5854923311310581,0.47315913873370186,0.6895871656434818,0.056071130393576106,193,autocracy
full2_reduced_no_non_verbal,wdj_expression_lag1,0.5007407373189926,Expands Expression,3,0.3497105715777106,0.2531376726508109,0.46041403270344705,0.05356322930427811,193,autocracy
full2_reduced_no_non_verbal,wdj_expression_lag1,0.5233333298563957,Mixed Outcome,2,0.06319243869052238,0.031257776247857486,0.12359089787862915,0.022273702633580406,193,autocracy
full2_reduced_no_non_verbal,wdj_expression_lag1,0.5233333298563957,Contracts Expression,1,0.5895302376493596,0.47281712183045527,0.6969648809225635,0.058134418957854,193,autocracy
full2_reduced_no_non_verbal,wdj_expression_lag1,0.5233333298563957,Expands Expression,3,0.3472773236601182,0.2470817972273943,0.4631120904825908,0.05588452580705412,193,autocracy
full2_reduced_no_non_verbal,wdj_expression_lag1,0.5459259223937988,Mixed Outcome,2,0.061620956567914865,0.029593855054175843,0.12388366481770767,0.022628290468015837,193,autocracy
full2_reduced_no_non_verbal,wdj_expression_lag1,0.5459259223937988,Contracts Expression,1,0.5935467728354488,0.4723253356875462,0.7043514906676868,0.060246776147613756,193,autocracy
full2_reduced_no_non_verbal,wdj_expression_lag1,0.5459259223937988,Expands Expression,3,0.3448322705966364,0.24103725702564974,0.4658867965762918,0.05823018372128822,193,autocracy
full2_reduced_no_non_verbal,wdj_expression_lag1,0.5685185149312019,Mixed Outcome,2,0.06008216220611486,0.027996320090385763,0.12424048718677015,0.022969867080197447,193,autocracy
full2_reduced_no_non_verbal,wdj_expression_lag1,0.5685185149312019,Contracts Expression,1,0.5975418262530197,0.4716976665624623,0.7117290990710342,0.06240023593671812,193,autocracy
full2_reduced_no_non_verbal,wdj_expression_lag1,0.5685185149312019,Expands Expression,3,0.3423760115408648,0.23501766096943488,0.4687270267242828,0.060593952759973806,193,autocracy
full2_reduced_no_non_verbal,wdj_expression_lag1,0.5911111074686051,Mixed Outcome,2,0.05857556894374702,0.026465573676976748,0.12465541601232846,0.023296492122469193,193,autocracy
full2_reduced_no_non_verbal,wdj_expression_lag1,0.5911111074686051,Contracts Expression,1,0.6015152903718586,0.47094632321273744,0.7190817656718069,0.06458771612724934,193,autocracy
full2_reduced_no_non_verbal,wdj_expression_lag1,0.5911111074686051,Expands Expression,3,0.3399091406843945,0.2290347178843081,0.47162339015345534,0.06297046587386769,193,autocracy
full2_reduced_no_non_verbal,wdj_expression_lag1,0.6137037000060082,Mixed Outcome,2,0.057100692309925864,0.02500142794169838,0.12512328492491848,0.023606610688947826,193,autocracy
full2_reduced_no_non_verbal,wdj_expression_lag1,0.6137037000060082,Contracts Expression,1,0.6054670604414603,0.470082027658894,0.7263953159462231,0.06680291924847355,193,autocracy
full2_reduced_no_non_verbal,wdj_expression_lag1,0.6137037000060082,Expands Expression,3,0.3374322472486139,0.22309852340001418,0.4745679414601425,0.06535509236655289,193,autocracy
full2_reduced_no_non_verbal,wdj_expression_lag1,0.6362962925434112,Mixed Outcome,2,0.05565705014891192,0.02360321496115138,0.12563959973729505,0.0238989974919669,193,autocracy
full2_reduced_no_non_verbal,wdj_expression_lag1,0.6362962925434112,Contracts Expression,1,0.6093970343795287,0.4691141944604417,0.7336571625929992,0.0690402396804504,193,autocracy
full2_reduced_no_non_verbal,wdj_expression_lag1,0.6362962925434112,Expands Expression,3,0.3349459154715592,0.21721779871120425,0.47755394105975607,0.06774381598939304,193,autocracy
full2_reduced_no_non_verbal,wdj_expression_lag1,0.6588888850808143,Mixed Outcome,2,0.05424416273590417,0.02226988082757895,0.12620044329957897,0.024172708664865178,193,autocracy
full2_reduced_no_non_verbal,wdj_expression_lag1,0.6588888850808143,Contracts Expression,1,0.6133051126743168,0.46805109442042736,0.7408561415418301,0.0712946790144148,193,autocracy
full2_reduced_no_non_verbal,wdj_expression_lag1,0.6588888850808143,Expands Expression,3,0.332450724589779,0.21140008859599724,0.48057565687360815,0.07013313421365144,193,autocracy
full2_reduced_no_non_verbal,wdj_expression_lag1,0.6814814776182174,Mixed Outcome,2,0.05286155288497078,0.021000065428269012,0.12680239395580487,0.024427040364313833,193,autocracy
full2_reduced_no_non_verbal,wdj_expression_lag1,0.6814814776182174,Contracts Expression,1,0.6171911982998306,0.4669000017273013,0.7479823637755616,0.07356177011055301,193,autocracy
full2_reduced_no_non_verbal,wdj_expression_lag1,0.6814814776182174,Expands Expression,3,0.3299472488151981,0.20565192557562614,0.4836282003630355,0.07251997512711077,193,autocracy
full2_reduced_no_non_verbal,wdj_expression_lag1,0.7040740701556205,Mixed Outcome,2,0.05150874605005698,0.019792169739642543,0.12744245587644498,0.024661493323089693,193,autocracy
full2_reduced_no_non_verbal,wdj_expression_lag1,0.7040740701556205,Contracts Expression,1,0.6210551966429392,0.4656673242288127,0.7550270832281119,0.07583750995821627,193,autocracy
full2_reduced_no_non_verbal,wdj_expression_lag1,0.7040740701556205,Expands Expression,3,0.32743605730700415,0.19997896624664097,0.486707390827852,0.07490162883039232,193,autocracy
full2_reduced_no_non_verbal,wdj_expression_lag1,0.7266666626930237,Mixed Outcome,2,0.050185270419940156,0.018644412330701934,0.12811799966168533,0.024875742553867815,193,autocracy
full2_reduced_no_non_verbal,wdj_expression_lag1,0.7266666626930237,Contracts Expression,1,0.6248970154414043,0.46435871793697636,0.7619825797376681,0.07811830074736012,193,autocracy
full2_reduced_no_non_verbal,wdj_expression_lag1,0.7266666626930237,Expands Expression,3,0.3249177141386557,0.19438610473767903,0.4898096430311935,0.07727569078741313,193,autocracy
full2_reduced_no_non_verbal,wdj_expression_lag1,0.7492592552304268,Mixed Outcome,2,0.04889065700794275,0.01755487661924635,0.1288267117397527,0.02506961147167891,193,autocracy
full2_reduced_no_non_verbal,wdj_expression_lag1,0.7492592552304268,Contracts Expression,1,0.6287165647319131,0.4629791869117415,0.7688420559057613,0.08040089853300977,193,autocracy
full2_reduced_no_non_verbal,wdj_expression_lag1,0.7492592552304268,Expands Expression,3,0.32239277826014395,0.1888775676006592,0.49293187373752745,0.07964001487658076,193,autocracy
full2_reduced_no_non_verbal,wdj_expression_lag1,0.7718518477678299,Mixed Outcome,2,0.04762443973715272,0.016521550244363897,0.12956655128356018,0.025243049791977355,193,autocracy
full2_reduced_no_non_verbal,wdj_expression_lag1,0.7718518477678299,Contracts Expression,1,0.6325137568072173,0.4615331701091889,0.7755995463380101,0.08268236866273371,193,autocracy
full2_reduced_no_non_verbal,wdj_expression_lag1,0.7718518477678299,Expands Expression,3,0.31986180345563026,0.18345699324447434,0.4960714242155621,0.08199267459610683,193,autocracy
full2_reduced_no_non_verbal,wdj_expression_lag1,0.7944444403052331,Mixed Outcome,2,0.046386155521819905,0.015542357750130298,0.13033571350385967,0.02539611463685987,193,autocracy
full2_reduced_no_non_verbal,wdj_expression_lag1,0.7944444403052331,Contracts Expression,1,0.6362885061814841,0.46002461653998017,0.7822498379142999,0.08496004725625057,193,autocracy
full2_reduced_no_non_verbal,wdj_expression_lag1,0.7944444403052331,Expands Expression,3,0.317325338296696,0.17812749904612346,0.4992259953584966,0.08433193073818597,193,autocracy
full2_reduced_no_non_verbal,wdj_expression_lag1,0.8170370328426362,Mixed Outcome,2,0.04517534434554717,0.014615187609030137,0.13113259834503138,0.025528954363121456,193,autocracy
full2_reduced_no_non_verbal,wdj_expression_lag1,0.8170370328426362,Contracts Expression,1,0.6400407295630414,0.4584570504576348,0.788788399491055,0.08723150785288883,193,autocracy
full2_reduced_no_non_verbal,wdj_expression_lag1,0.8170370328426362,Expands Expression,3,0.3147839260914112,0.17289173819965115,0.5023935934590411,0.08665620450317085,193,autocracy
full2_reduced_no_non_verbal,wdj_expression_lag1,0.8396296253800393,Mixed Outcome,2,0.04399154933681973,0.0137379144641699,0.13195578375923162,0.025641794698455112,193,autocracy
full2_reduced_no_non_verbal,wdj_expression_lag1,0.8396296253800393,Contracts Expression,1,0.6437703458337308,0.45683362741327327,0.7952113200916994,0.08949453277037858,193,autocracy
full2_reduced_no_non_verbal,wdj_expression_lag1,0.8396296253800393,Expands Expression,3,0.3122381048294497,0.16775194817052075,0.5055724847471509,0.08896405508301669,193,autocracy
full2_reduced_no_non_verbal,wdj_expression_lag1,0.8622222179174424,Mixed Outcome,2,0.04283431684234964,0.012908417341687678,0.13280400283242505,0.025734926829690613,193,autocracy
full2_reduced_no_non_verbal,wdj_expression_lag1,0.8622222179174424,Contracts Expression,1,0.6474772760340819,0.4551571829598225,0.8015152540264378,0.09174708827428331,193,autocracy
full2_reduced_no_non_verbal,wdj_expression_lag1,0.8622222179174424,Expands Expression,3,0.3096884071235685,0.16270999240343642,0.508761156904392,0.0912541608167619,193,autocracy
full2_reduced_no_non_verbal,wdj_expression_lag1,0.8848148104548454,Mixed Outcome,2,0.04170319649865792,0.012124594459953874,0.13367612423790406,0.02580869715895393,193,autocracy
full2_reduced_no_non_verbal,wdj_expression_lag1,0.8848148104548454,Contracts Expression,1,0.651161443353648,0.4534302746110688,0.8076973722432259,0.09398730322489243,193,autocracy
full2_reduced_no_non_verbal,wdj_expression_lag1,0.8848148104548454,Expands Expression,3,0.30713536014769405,0.15776739622492808,0.5119582867941227,0.09352530349266819,193,autocracy
full2_reduced_no_non_verbal,wdj_expression_lag1,0.9074074029922485,Mixed Outcome,2,0.04059774130224355,0.01138437518600611,0.13457113540474508,0.025863498456290032,193,autocracy
full2_reduced_no_non_verbal,wdj_expression_lag1,0.9074074029922485,Contracts Expression,1,0.6548227731258065,0.4516552181144558,0.8137553189337972,0.09621345065764894,193,autocracy
full2_reduced_no_non_verbal,wdj_expression_lag1,0.9074074029922485,Expands Expression,3,0.3045794855719501,0.1529253781992195,0.5151627129205182,0.0957763550686529,193,autocracy
full2_reduced_no_non_verbal,court_independence_lag1,-1.3279999494552612,Mixed Outcome,2,0.2866114869214995,0.05045653824550399,0.7523288764074376,0.21103823166744326,632,democracy
full2_reduced_no_non_verbal,court_independence_lag1,-1.3279999494552612,Contracts Expression,1,0.21872654356488078,0.013567680592261303,0.8507122526803165,0.2627235594597739,632,democracy
full2_reduced_no_non_verbal,court_independence_lag1,-1.3279999494552612,Expands Expression,3,0.4946619695136203,0.1534407390697442,0.8409294444028149,0.2150958681613897,632,democracy
full2_reduced_no_non_verbal,court_independence_lag1,-1.234119951725006,Mixed Outcome,2,0.285850666870033,0.05303823442396261,0.7409669841658577,0.20483364339682447,632,democracy
full2_reduced_no_non_verbal,court_independence_lag1,-1.234119951725006,Contracts Expression,1,0.21780090104657066,0.01459744275887141,0.8395855986321983,0.25500049819159437,632,democracy
full2_reduced_no_non_verbal,court_independence_lag1,-1.234119951725006,Expands Expression,3,0.49634843208339857,0.16067252412850377,0.8353487363667376,0.20900112826072179,632,democracy
full2_reduced_no_non_verbal,court_independence_lag1,-1.140239953994751,Mixed Outcome,2,0.2850885174034216,0.05573802095476175,0.7292899566331459,0.19865712724231016,632,democracy
full2_reduced_no_non_verbal,court_independence_lag1,-1.140239953994751,Contracts Expression,1,0.21687655660504693,0.015703805274439434,0.8277978330533166,0.24731936084455694,632,democracy
full2_reduced_no_non_verbal,court_independence_lag1,-1.140239953994751,Expands Expression,3,0.49803492599153204,0.1681731744996921,0.8296161589904777,0.20290489169138914,632,democracy
full2_reduced_no_non_verbal,court_independence_lag1,-1.0463599562644958,Mixed Outcome,2,0.2843250595059183,0.05856020749109513,0.7173063398328389,0.19250874403974594,632,democracy
full2_reduced_no_non_verbal,court_independence_lag1,-1.0463599562644958,Contracts Expression,1,0.21595352591433245,0.016892236682709484,0.8153348123347449,0.23968033745428,632,democracy
full2_reduced_no_non_verbal,court_independence_lag1,-1.0463599562644958,Expands Expression,3,0.4997214145797492,0.17594597994314473,0.8237306520620784,0.1968077298463017,632,democracy
full2_reduced_no_non_verbal,court_independence_lag1,-0.9524799585342407,Mixed Outcome,2,0.2835603142170248,0.061509163716479666,0.7050262138867739,0.18638856423094352,632,democracy
full2_reduced_no_non_verbal,court_independence_lag1,-0.9524799585342407,Contracts Expression,1,0.21503182459805714,0.018168559905083658,0.8021859112231373,0.23208362527253462,632,democracy
full2_reduced_no_non_verbal,court_independence_lag1,-0.9524799585342407,Expands Expression,3,0.5014078611849181,0.18399360681388124,0.8176913924400386,0.19071023698651166,632,democracy
full2_reduced_no_non_verbal,court_independence_lag1,-0.8585999608039856,Mixed Outcome,2,0.2827943026298104,0.06458930931352004,0.6924612046900803,0.18029666934138008,632,democracy
full2_reduced_no_non_verbal,court_independence_lag1,-0.8585999608039856,Contracts Expression,1,0.21411146822817254,0.01953896924015919,0.7883445617196615,0.22452943015606056,632,democracy
full2_reduced_no_non_verbal,court_independence_lag1,-0.8585999608039856,Expands Expression,3,0.5030942291420168,0.19231803393357066,0.8114978149005871,0.18461303388206893,632,democracy
full2_reduced_no_non_verbal,court_independence_lag1,-0.7647199630737305,Mixed Outcome,2,0.28202704588922106,0.06780510239006875,0.6796244814861014,0.1742331537413159,632,democracy
full2_reduced_no_non_verbal,court_independence_lag1,-0.7647199630737305,Contracts Expression,1,0.21319247232365945,0.021010047083875147,0.7738087874039318,0.2170179682190788,632,democracy
full2_reduced_no_non_verbal,court_independence_lag1,-0.7647199630737305,Expands Expression,3,0.50478048178712,0.20092048699647427,0.805149634421998,0.17851677219855516,632,democracy
full2_reduced_no_non_verbal,court_independence_lag1,-0.6708399653434753,Mixed Outcome,2,0.28125856519037795,0.07116102617681691,0.6665307396275243,0.16819812675604096,632,democracy
full2_reduced_no_non_verbal,court_independence_lag1,-0.6708399653434753,Contracts Expression,1,0.21227485234925036,0.02258878009894171,0.7585817180040321,0.20954946780854372,632,democracy
full2_reduced_no_non_verbal,court_independence_lag1,-0.6708399653434753,Expands Expression,3,0.5064665824603696,0.2098013717672982,0.7986468701765086,0.1724221398099509,632,democracy
full2_reduced_no_non_verbal,court_independence_lag1,-0.5769599676132202,Mixed Outcome,2,0.2804888817768866,0.07466157377644801,0.6531961680790068,0.16219171520938838,632,democracy
full2_reduced_no_non_verbal,court_independence_lag1,-0.5769599676132202,Contracts Expression,1,0.21135862371415295,0.024282574498807316,0.7426720671548277,0.20212417187729226,632,democracy
full2_reduced_no_non_verbal,court_independence_lag1,-0.5769599676132202,Expands Expression,3,0.50815249450896,0.21896020628586416,0.7919898715961193,0.16632986727063845,632,democracy
full2_reduced_no_non_verbal,court_independence_lag1,-0.4830799698829651,Mixed Outcome,2,0.2797180169391082,0.0783112307005367,0.6396384015278358,0.15621406650809172,632,democracy
full2_reduced_no_non_verbal,court_independence_lag1,-0.4830799698829651,Contracts Expression,1,0.21044380177077518,0.02609927003429654,0.7260945548805493,0.19474234085094783,632,democracy
full2_reduced_no_non_verbal,court_independence_lag1,-0.4830799698829651,Expands Expression,3,0.5098381812901172,0.2283955522125046,0.7851793470076905,0.16024073574819553,632,democracy
full2_reduced_no_non_verbal,court_independence_lag1,-0.38919997215270996,Mixed Outcome,2,0.2789459920124619,0.08211445487190991,0.6258764573236082,0.15026535240624198,632,democracy
full2_reduced_no_non_verbal,court_independence_lag1,-0.38919997215270996,Contracts Expression,1,0.20953040181346258,0.028047152176571718,0.7088702555939933,0.18740425611154754,632,democracy
full2_reduced_no_non_verbal,court_independence_lag1,-0.38919997215270996,Expands Expression,3,0.5115236061740733,0.2381049453135173,0.7782163955087154,0.15415558681115168,632,democracy
full2_reduced_no_non_verbal,court_independence_lag1,-0.29531997442245483,Mixed Outcome,2,0.27817282837569185,0.08607565369147055,0.6119306578634592,0.14434577363154177,632,democracy
full2_reduced_no_non_verbal,court_independence_lag1,-0.29531997442245483,Contracts Expression,1,0.20861843907723954,0.03013496187319504,0.6910268525083271,0.18011022425706702,632,democracy
full2_reduced_no_non_verbal,court_independence_lag1,-0.29531997442245483,Expands Expression,3,0.5132087325470676,0.2480848248771426,0.7711025429966437,0.14807533459163383,632,democracy
full2_reduced_no_non_verbal,court_independence_lag1,-0.2014399766921997,Mixed Outcome,2,0.27739854744913844,0.09019915766145929,0.5978225394765296,0.1384555656126502,632,democracy
full2_reduced_no_non_verbal,court_independence_lag1,-0.2014399766921997,Contracts Expression,1,0.2077079287365504,0.032371902107962,0.6725987804691259,0.1728605823446177,632,democracy
full2_reduced_no_non_verbal,court_independence_lag1,-0.2014399766921997,Expands Expression,3,0.5148935238143123,0.2583304615385852,0.7638397835982133,0.14200098101535366,632,democracy
full2_reduced_no_non_verbal,court_independence_lag1,-0.10755997896194458,Mixed Outcome,2,0.27662317069301817,0.09448918991011225,0.5835747493413215,0.13259500562518806,632,democracy
full2_reduced_no_non_verbal,court_independence_lag1,-0.10755997896194458,Contracts Expression,1,0.20679888590401707,0.034767640310020755,0.6536272414530943,0.1656557043913194,632,democracy
full2_reduced_no_non_verbal,court_independence_lag1,-0.10755997896194458,Expands Expression,3,0.5165779434029654,0.2688358825377706,0.7564306282092917,0.1359336350299398,632,democracy
full2_reduced_no_non_verbal,court_independence_lag1,-0.013679981231689453,Mixed Outcome,2,0.27584671960566476,0.09894983075710267,0.5692109325032115,0.12676442178333008,632,democracy
full2_reduced_no_non_verbal,court_independence_lag1,-0.013679981231689453,Contracts Expression,1,0.20589132562919407,0.037332305419951264,0.6341600804010236,0.15849600949693202,632,democracy
full2_reduced_no_non_verbal,court_independence_lag1,-0.013679981231689453,Expands Expression,3,0.5182619547651401,0.27959379277312574,0.7488781625105736,0.12987453709860008,632,democracy
full2_reduced_no_non_verbal,court_independence_lag1,0.08020001649856567,Mixed Outcome,2,0.2750692157218122,0.10358497617020034,0.5547556116589467,0.1209642044560745,632,democracy
full2_reduced_no_non_verbal,court_independence_lag1,0.08020001649856567,Contracts Expression,1,0.20498526289733549,0.040076478109323535,0.6142515136399969,0.15138197207790374,632,democracy
full2_reduced_no_non_verbal,court_independence_lag1,0.08020001649856567,Expands Expression,3,0.5199455213808546,0.290595489064517,0.7411861177528872,0.12382509070085035,632,democracy
full2_reduced_no_non_verbal,court_independence_lag1,0.1740800142288208,Mixed Outcome,2,0.27429068061082224,0.10839828855014656,0.5402340630732839,0.11519482090404007,632,democracy
full2_reduced_no_non_verbal,court_independence_lag1,0.1740800142288208,Contracts Expression,1,0.2040807126281644,0.043011172235860984,0.5939617077992495,0.1443141348783024,632,democracy
full2_reduced_no_non_verbal,court_independence_lag1,0.1740800142288208,Expands Expression,3,0.521628606761013,0.3018307636575425,0.7333589589479497,0.117786903268212,632,democracy
full2_reduced_no_non_verbal,court_independence_lag1,0.2679600119590759,Mixed Outcome,2,0.2735111358749533,0.11339313768345625,0.5256721928389858,0.10945683424384135,632,democracy
full2_reduced_no_non_verbal,court_independence_lag1,0.2679600119590759,Contracts Expression,1,0.20317768967465727,0.04614780505327616,0.5733562136520631,0.13729312567277882,632,democracy
full2_reduced_no_non_verbal,court_independence_lag1,0.2679600119590759,Expands Expression,3,0.5233111744503887,0.31328779098720205,0.7254019970570935,0.11176183998207943,632,democracy
full2_reduced_no_non_verbal,court_independence_lag1,0.36184000968933105,Mixed Outcome,2,0.2727306031475902,0.11857252882566689,0.511096418773499,0.1037509283020982,632,democracy
full2_reduced_no_non_verbal,court_independence_lag1,0.36184000968933105,Contracts Expression,1,0.20227620882182382,0.04949815291288762,0.5525052664770774,0.13031967893705795,632,democracy
full2_reduced_no_non_verbal,court_independence_lag1,0.36184000968933105,Expands Expression,3,0.5249931880305868,0.3249529887398768,0.7173215346735211,0.10575209534359192,632,democracy
full2_reduced_no_non_verbal,court_independence_lag1,0.4557200074195862,Mixed Outcome,2,0.2719491040914976,0.12393901357150898,0.49653356470531773,0.0980779405956874,632,democracy
full2_reduced_no_non_verbal,court_independence_lag1,0.4557200074195862,Contracts Expression,1,0.20137628478550418,0.053074288084561126,0.531482972046146,0.12339466428776052,632,democracy
full2_reduced_no_non_verbal,court_independence_lag1,0.4557200074195862,Expands Expression,3,0.5266746111230004,0.3368108397853015,0.7091250590664361,0.09976028965849977,632,democracy
full2_reduced_no_non_verbal,court_independence_lag1,0.5496000051498413,Mixed Outcome,2,0.27116666039704423,0.12949457718927174,0.4820107759802551,0.0924389066939388,632,democracy
full2_reduced_no_non_verbal,court_independence_lag1,0.5496000051498413,Contracts Expression,1,0.2004779322111708,0.05688849071245007,0.5103664049649869,0.11651912427679231,632,democracy
full2_reduced_no_non_verbal,court_independence_lag1,0.5496000051498413,Expands Expression,3,0.528355407391783,0.34884365473181544,0.7008215031614576,0.09378960100556633,632,democracy
full2_reduced_no_non_verbal,court_independence_lag1,0.6434800028800964,Mixed Outcome,2,0.27038329378045195,0.13524049304410515,0.46755546810927107,0.08683512078609842,632,democracy
full2_reduced_no_non_verbal,court_independence_lag1,0.6434800028800964,Contracts Expression,1,0.19958116567273598,0.06095312752424366,0.4892346536691252,0.10969432531014695,632,democracy
full2_reduced_no_non_verbal,court_independence_lag1,0.6434800028800964,Expands Expression,3,0.5300355405468119,0.36103124425786937,0.692421605503528,0.08784394860697348,632,democracy
full2_reduced_no_non_verbal,court_independence_lag1,0.7373600006103516,Mixed Outcome,2,0.2695990259820134,0.14117712993067535,0.4531953252630603,0.08126821973990365,632,democracy
full2_reduced_no_non_verbal,court_independence_lag1,0.7373600006103516,Contracts Expression,1,0.19868599967136896,0.06528048526119691,0.4681678539962522,0.10292182728859124,632,democracy
full2_reduced_no_non_verbal,court_independence_lag1,0.7373600006103516,Expands Expression,3,0.5317149743466182,0.37335045354314106,0.6839384169354839,0.0819282520465289,632,democracy
full2_reduced_no_non_verbal,court_independence_lag1,0.8312399983406067,Mixed Outcome,2,0.2688138787643348,0.14730369040730573,0.43895837296838125,0.07574030189288597,632,democracy
full2_reduced_no_non_verbal,court_independence_lag1,0.8312399983406067,Contracts Expression,1,0.19779244863432213,0.06988254109280492,0.44724626140847845,0.09620358044682423,632,democracy
full2_reduced_no_non_verbal,court_independence_lag1,0.8312399983406067,Expands Expression,3,0.5333936726013438,0.38577448381986357,0.675388028874454,0.07604880465779135,632,democracy
full2_reduced_no_non_verbal,court_independence_lag1,0.9251199960708618,Mixed Outcome,2,0.26802787391054717,0.15361784548771423,0.4248731619639282,0.07025409833044323,632,democracy
full2_reduced_no_non_verbal,court_independence_lag1,0.9251199960708618,Contracts Expression,1,0.19690052691376553,0.07477064313932574,0.42654942181264105,0.08954206250581423,632,democracy
full2_reduced_no_non_verbal,court_independence_lag1,0.9251199960708618,Expands Expression,3,0.5350715991756876,0.39827188076013187,0.6667906432111186,0.07021382248213316,632,democracy
full2_reduced_no_non_verbal,court_independence_lag1,1.018999993801117,Mixed Outcome,2,0.2672410332225477,0.16011520949478547,0.41096912154338955,0.06481322541758015,632,democracy
full2_reduced_no_non_verbal,court_independence_lag1,1.018999993801117,Contracts Expression,1,0.19601024878562825,0.07995505916897735,0.4061555149508906,0.082940476918051,632,democracy
full2_reduced_no_non_verbal,court_independence_lag1,1.018999993801117,Expands Expression,3,0.5367487179918231,0.4108049925217061,0.6581721805845417,0.06443426942856101,632,democracy
full2_reduced_no_non_verbal,court_independence_lag1,1.112879991531372,Mixed Outcome,2,0.2664533785192116,0.16678856133360487,0.39727717803732593,0.059422566529481365,632,democracy
full2_reduced_no_non_verbal,court_independence_lag1,1.112879991531372,Contracts Expression,1,0.19512162844845038,0.08544432601206477,0.3861409671388312,0.0764030459998535,632,democracy
full2_reduced_no_non_verbal,court_independence_lag1,1.112879991531372,Expands Expression,3,0.5384249930323375,0.4233275669342061,0.6495667569606293,0.058725127374825534,632,democracy
full2_reduced_no_non_verbal,court_independence_lag1,1.2067599892616272,Mixed Outcome,2,0.2656649316346164,0.1736266509211706,0.3838308013488216,0.05408886540438572,632,democracy
full2_reduced_no_non_verbal,court_independence_lag1,1.2067599892616272,Contracts Expression,1,0.19423468002224423,0.09124428759988569,0.3665804705799822,0.06993545551935287,632,democracy
full2_reduced_no_non_verbal,court_independence_lag1,1.2067599892616272,Expands Expression,3,0.5401003883431393,0.43578092195182455,0.6410205936378015,0.053107400259135615,632,democracy
full2_reduced_no_non_verbal,court_independence_lag1,1.3006399869918823,Mixed Outcome,2,0.2648757144162656,0.1806123038611845,0.3706677678272919,0.048821677694254766,632,democracy
full2_reduced_no_non_verbal,court_independence_lag1,1.3006399869918823,Contracts Expression,1,0.193349417547361,0.09735662884450026,0.34754762185626836,0.06354554848660995,632,democracy
full2_reduced_no_non_verbal,court_independence_lag1,1.3006399869918823,Expands Expression,3,0.5417748680363721,0.44808770439524565,0.6325983447566833,0.047611355587362,632,democracy
full2_reduced_no_non_verbal,court_independence_lag1,1.3945199847221375,Mixed Outcome,2,0.2640857487233024,0.18771929504608295,0.35783316987638275,0.04363495104363008,632,democracy
full2_reduced_no_non_verbal,court_independence_lag1,1.3945199847221375,Contracts Expression,1,0.192465854983375,0.1037765613914396,0.32911653732583074,0.0572444430337335,632,democracy
full2_reduced_no_non_verbal,court_independence_lag1,1.3945199847221375,Expands Expression,3,0.5434483962933221,0.4601415148112443,0.6243935634487545,0.04228188412137905,632,democracy
full2_reduced_no_non_verbal,court_independence_lag1,1.4883999824523926,Mixed Outcome,2,0.2632950564247393,0.19490697701370768,0.3453846872488661,0.03854975155457968,632,democracy
full2_reduced_no_non_verbal,court_independence_lag1,1.4883999824523926,Contracts Expression,1,0.1915840062079684,0.11048902312995582,0.3113650909641785,0.05104839932837906,632,democracy
full2_reduced_no_non_verbal,court_independence_lag1,1.4883999824523926,Expands Expression,3,0.5451209373672941,0.47178946254172616,0.6165462413787126,0.0371874804684212,632,democracy
full2_reduced_no_non_verbal,court_independence_lag1,1.5822799801826477,Mixed Outcome,2,0.26250365939766535,0.20211064813093255,0.3334021354413758,0.03359916541205408,632,democracy
full2_reduced_no_non_verbal,court_independence_lag1,1.5822799801826477,Contracts Expression,1,0.1907038850158299,0.11746215880491137,0.29438100851983856,0.04498206368876886,632,democracy
full2_reduced_no_non_verbal,court_independence_lag1,1.5822799801826477,Expands Expression,3,0.5467924555865041,0.48280315302469584,0.6092719184101202,0.03243515026392606,632,democracy
full2_reduced_no_non_verbal,court_independence_lag1,1.6761599779129028,Mixed Outcome,2,0.26171157952547236,0.20922354990004496,0.3220054020976596,0.028837474485045863,632,democracy
full2_reduced_no_non_verbal,court_independence_lag1,1.6761599779129028,Contracts Expression,1,0.18982550511756593,0.12463560556600298,0.2782732896902516,0.03908435213776241,632,democracy
full2_reduced_no_non_verbal,court_independence_lag1,1.6761599779129028,Expands Expression,3,0.548462915356961,0.4928336691592564,0.6029067992463155,0.028193532252152455,632,democracy
full2_reduced_no_non_verbal,court_independence_lag1,1.770039975643158,Mixed Outcome,2,0.26091883869607185,0.21606216031366243,0.3113891044365145,0.02435786092543488,632,democracy
full2_reduced_no_non_verbal,court_independence_lag1,1.770039975643158,Contracts Expression,1,0.18894888013861666,0.13189845787637874,0.26319407460505373,0.033419586270604,632,democracy
full2_reduced_no_non_verbal,court_independence_lag1,1.770039975643158,Expands Expression,3,0.5501322811653109,0.5013570470925564,0.5979623753324,0.024720968908475055,632,democracy
full2_reduced_no_non_verbal,court_independence_lag1,1.863919973373413,Mixed Outcome,2,0.26012545880011845,0.2222997639944902,0.30188898667270697,0.020326312255772177,632,democracy
full2_reduced_no_non_verbal,court_independence_lag1,1.863919973373413,Contracts Expression,1,0.1880740236181879,0.13904632031583938,0.24938153302410218,0.02809927983500696,632,democracy
full2_reduced_no_non_verbal,court_independence_lag1,1.863919973373413,Expands Expression,3,0.551800517581694,0.507663432269608,0.5951363648122259,0.0223714770018609,632,democracy
full2_reduced_no_non_verbal,court_independence_lag1,1.9577999711036682,Mixed Outcome,2,0.25933146172922145,0.22735543717203732,0.29409291887591105,0.01703831129035345,632,democracy
full2_reduced_no_non_verbal,court_independence_lag1,1.9577999711036682,Contracts Expression,1,0.18720094900818776,0.1456978555482092,0.23724335334488691,0.023324557536490393,632,democracy
full2_reduced_no_non_verbal,court_independence_lag1,1.9577999711036682,Expands Expression,3,0.5534675892625882,0.5110273602620978,0.5951425246794398,0.021508567436193053,632,democracy
full2_reduced_no_non_verbal,court_independence_lag1,2.0516799688339233,Mixed Outcome,2,0.25853686937418,0.23030793251082318,0.28892701157361594,0.01496290987431788,632,democracy
full2_reduced_no_non_verbal,court_independence_lag1,2.0516799688339233,Contracts Expression,1,0.1863296696721783,0.1511531728363344,0.22749846903363768,0.019458171602822358,632,democracy
full2_reduced_no_non_verbal,court_independence_lag1,2.0516799688339233,Expands Expression,3,0.5551334609536428,0.5111160812608817,0.5983024149447546,0.0222977216604877,632,democracy
full2_reduced_no_non_verbal,court_independence_lag1,2.1455599665641785,Mixed Outcome,2,0.2577417036231969,0.23018233137345112,0.2873689776913158,0.014596763839006682,632,democracy
full2_reduced_no_non_verbal,court_independence_lag1,2.1455599665641785,Contracts Expression,1,0.1854601988843375,0.15428628394301042,0.22128477842903385,0.01707895406612003,632,democracy
full2_reduced_no_non_verbal,court_independence_lag1,2.1455599665641785,Expands Expression,3,0.5567980974924649,0.5082518129900128,0.6042832288481865,0.024572972081713107,632,democracy
full2_reduced_no_non_verbal,court_independence_lag1,2.2394399642944336,Mixed Outcome,2,0.2569459863601055,0.22679969461898014,0.28959850979526314,0.016030966643801072,632,democracy
full2_reduced_no_non_verbal,court_independence_lag1,2.2394399642944336,Contracts Expression,1,0.1845925498284325,0.15393615404514674,0.21976831389107956,0.01678153959451857,632,democracy
full2_reduced_no_non_verbal,court_independence_lag1,2.2394399642944336,Expands Expression,3,0.5584614638114628,0.5031554731631538,0.612354136889074,0.02796725147310106,632,democracy
full2_reduced_no_non_verbal,court_independence_lag1,2.3333199620246887,Mixed Outcome,2,0.2561497394626026,0.2210007412092122,0.29477364235041076,0.018836924523206306,632,democracy
full2_reduced_no_non_verbal,court_independence_lag1,2.3333199620246887,Contracts Expression,1,0.18372673559679878,0.14999066867915964,0.22305952453936706,0.01862237470791923,632,democracy
full2_reduced_no_non_verbal,court_independence_lag1,2.3333199620246887,Expands Expression,3,0.5601235249405989,0.49653493307283963,0.6217981021060274,0.032121657880307186,632,democracy
full2_reduced_no_non_verbal,court_independence_lag1,2.427199959754944,Mixed Outcome,2,0.2553529848004676,0.21381711101499298,0.30185954153491373,0.022488786830492213,632,democracy
full2_reduced_no_non_verbal,court_independence_lag1,2.427199959754944,Contracts Expression,1,0.18286276918934102,0.14354931189154188,0.23005086497360044,0.02203640521535297,632,democracy
full2_reduced_no_non_verbal,court_independence_lag1,2.427199959754944,Expands Expression,3,0.5617842460101916,0.48891033771501735,0.6320866203766938,0.036773893413258534,632,democracy
full2_reduced_no_non_verbal,court_independence_lag1,2.521079957485199,Mixed Outcome,2,0.2545557442338069,0.20595723949623557,0.3101426938443946,0.02662537152172777,632,democracy
full2_reduced_no_non_verbal,court_independence_lag1,2.521079957485199,Contracts Expression,1,0.18200066351253552,0.13583974533331725,0.23950049052945527,0.026390440342597195,632,democracy
full2_reduced_no_non_verbal,court_independence_lag1,2.521079957485199,Expands Expression,3,0.5634435922536565,0.48062410620947155,0.6428697713124658,0.04175275405437036,632,democracy
full2_reduced_no_non_verbal,court_independence_lag1,2.614959955215454,Mixed Outcome,2,0.2537580396112791,0.19782533728832602,0.319211999356178,0.03104029652454214,632,democracy
full2_reduced_no_non_verbal,court_independence_lag1,2.614959955215454,Contracts Expression,1,0.18114043137845115,0.1276586428013983,0.25059169779766044,0.03126921875437706,632,democracy
full2_reduced_no_non_verbal,court_independence_lag1,2.614959955215454,Expands Expression,3,0.5651015290102706,0.47189623392554847,0.6539209578484309,0.04694970081168375,632,democracy
full2_reduced_no_non_verbal,court_independence_lag1,2.7088399529457092,Mixed Outcome,2,0.2529598927683381,0.18964523802906486,0.32883500523454334,0.035618738535317385,632,democracy
full2_reduced_no_non_verbal,court_independence_lag1,2.7088399529457092,Contracts Expression,1,0.18028208550377758,0.11943998637402575,0.26286490043178645,0.036441108364683415,632,democracy
full2_reduced_no_non_verbal,court_independence_lag1,2.7088399529457092,Expands Expression,3,0.566758021727884,0.46287017430203437,0.6650910562282173,0.05229533927563198,632,democracy
full2_reduced_no_non_verbal,court_independence_lag1,2.8027199506759644,Mixed Outcome,2,0.2521613255254754,0.1815437751972571,0.3388746176488359,0.040294896983165816,632,democracy
full2_reduced_no_non_verbal,court_independence_lag1,2.8027199506759644,Contracts Expression,1,0.17942563850886892,0.11141136022591303,0.2760616031139252,0.041778728108044186,632,democracy
full2_reduced_no_non_verbal,court_independence_lag1,2.8027199506759644,Expands Expression,3,0.5684130359656574,0.45364245412927373,0.6762788224836185,0.05774424747335057,632,democracy
full2_reduced_no_non_verbal,court_independence_lag1,2.8965999484062195,Mixed Outcome,2,0.25136235968646115,0.1735952256193541,0.34924475342827666,0.045029344042740144,632,democracy
full2_reduced_no_non_verbal,court_independence_lag1,2.8965999484062195,Contracts Expression,1,0.17857110291679723,0.10369146945178205,0.2900271477622843,0.04720946775231575,632,democracy
full2_reduced_no_non_verbal,court_independence_lag1,2.8965999484062195,Expands Expression,3,0.5700665373967404,0.44428050200218416,0.6874130757419864,0.0632658409297919,632,democracy
full2_reduced_no_non_verbal,court_independence_lag1,2.9904799461364746,Mixed Outcome,2,0.2505630170366001,0.16584422816938635,0.359887521951751,0.04979736536915685,632,democracy
full2_reduced_no_non_verbal,court_independence_lag1,2.9904799461364746,Contracts Expression,1,0.17771849115242197,0.09634070930579551,0.3046604100159136,0.052689914435453865,632,democracy
full2_reduced_no_non_verbal,court_independence_lag1,2.9904799461364746,Expands Expression,3,0.5717184918109769,0.43483327084748397,0.6984420776666034,0.06883892595663371,632,democracy
full2_reduced_no_non_verbal,court_independence_lag1,3.0843599438667297,Mixed Outcome,2,0.24976331934098306,0.1583178905271326,0.3707612234792775,0.05458282045993156,632,democracy
full2_reduced_no_non_verbal,court_independence_lag1,3.0843599438667297,Contracts Expression,1,0.1768678155414691,0.089386988224014,0.31988824758033146,0.05819287315367133,632,democracy
full2_reduced_no_non_verbal,court_independence_lag1,3.0843599438667297,Expands Expression,3,0.5733688651175496,0.4253376470934253,0.7093271158223589,0.07444840885236581,632,democracy
full2_reduced_no_non_verbal,court_independence_lag1,3.178239941596985,Mixed Outcome,2,0.24896328834273995,0.15103245284788044,0.38183379419164404,0.05937478106931251,632,democracy
full2_reduced_no_non_verbal,court_independence_lag1,3.178239941596985,Contracts Expression,1,0.17601908830961796,0.08283936129914013,0.33565214964733364,0.06370058060792423,632,democracy
full2_reduced_no_non_verbal,court_independence_lag1,3.178239941596985,Expands Expression,3,0.5750176233476426,0.41582240076919613,0.7200385371783206,0.08008326333523719,632,democracy
full2_reduced_no_non_verbal,court_independence_lag1,3.27211993932724,Mixed Outcome,2,0.24816294576131256,0.14399712328829423,0.3930790821609202,0.064165612326414,632,democracy
full2_reduced_no_non_verbal,court_independence_lag1,3.27211993932724,Contracts Expression,1,0.17517232158161378,0.07669557330342464,0.3519009945160077,0.06920100335293473,632,democracy
full2_reduced_no_non_verbal,court_independence_lag1,3.27211993932724,Expands Expression,3,0.5766647326570733,0.40631067875937144,0.7305532301395987,0.08573524357085369,632,democracy
full2_reduced_no_non_verbal,court_independence_lag1,3.365999937057495,Mixed Outcome,2,0.24736231329071712,0.13721638455940835,0.40447465429314006,0.06894983302921744,632,democracy
full2_reduced_no_non_verbal,court_independence_lag1,3.365999937057495,Contracts Expression,1,0.17432752738038318,0.07094643834046159,0.36858699430513925,0.07468572862437954,632,democracy
full2_reduced_no_non_verbal,court_independence_lag1,3.365999937057495,Expands Expression,3,0.5783101593289,0.39682161626655366,0.740852980772314,0.09139804874549028,632,democracy
full2_reduced_no_non_verbal,v2jupurge_lag1,-1.25600004196167,Mixed Outcome,2,0.24968587696655736,0.05489274664162196,0.6559597036416295,0.16685565381585743,632,democracy
full2_reduced_no_non_verbal,v2jupurge_lag1,-1.25600004196167,Contracts Expression,1,0.04012495743039257,0.003654558719212547,0.32267829642696433,0.0478166738363476,632,democracy
full2_reduced_no_non_verbal,v2jupurge_lag1,-1.25600004196167,Expands Expression,3,0.7101891656030513,0.3323782345031594,0.9234416283646382,0.1673636287065568,632,democracy
full2_reduced_no_non_verbal,v2jupurge_lag1,-1.1715400409698487,Mixed Outcome,2,0.2506321654978335,0.05747635895602356,0.6471876916246321,0.16309060953603807,632,democracy
full2_reduced_no_non_verbal,v2jupurge_lag1,-1.1715400409698487,Contracts Expression,1,0.04194479926269111,0.004091410354422617,0.318139276103474,0.048514853738305004,632,democracy
full2_reduced_no_non_verbal,v2jupurge_lag1,-1.1715400409698487,Expands Expression,3,0.707423035239478,0.33918756648382575,0.9192885012671591,0.16366352492609368,632,democracy
full2_reduced_no_non_verbal,v2jupurge_lag1,-1.0870800399780274,Mixed Outcome,2,0.2515569493075643,0.06016511518828271,0.6382923400304656,0.1592965490861435,632,democracy
full2_reduced_no_non_verbal,v2jupurge_lag1,-1.0870800399780274,Contracts Expression,1,0.04384212824760455,0.004579966975141971,0.3136343480052402,0.049174452451567825,632,democracy
full2_reduced_no_non_verbal,v2jupurge_lag1,-1.0870800399780274,Expands Expression,3,0.7046009224448305,0.34597629295638066,0.9149306917471157,0.15993798543961657,632,democracy
full2_reduced_no_non_verbal,v2jupurge_lag1,-1.002620038986206,Mixed Outcome,2,0.25245904679045716,0.06296179167878414,0.6292768873697063,0.15547402243355257,632,democracy
full2_reduced_no_non_verbal,v2jupurge_lag1,-1.002620038986206,Contracts Expression,1,0.0458198092752054,0.0051262345601874905,0.3091646441370885,0.049791003012118334,632,democracy
full2_reduced_no_non_verbal,v2jupurge_lag1,-1.002620038986206,Expands Expression,3,0.7017211439343354,0.35273679981478123,0.9103605663399565,0.15618745127898556,632,democracy
full2_reduced_no_non_verbal,v2jupurge_lag1,-0.9181600379943848,Mixed Outcome,2,0.2533372378211765,0.0658691068044304,0.6201448039456778,0.15162360225968036,632,democracy
full2_reduced_no_non_verbal,v2jupurge_lag1,-0.9181600379943848,Contracts Expression,1,0.04788077558561495,0.005736891095139017,0.30473130928744974,0.05035980422833194,632,democracy
full2_reduced_no_non_verbal,v2jupurge_lag1,-0.9181600379943848,Expands Expression,3,0.6987819865932096,0.3594615344021923,0.9055704482698146,0.15241234394719425,632,democracy
full2_reduced_no_non_verbal,v2jupurge_lag1,-0.8337000370025636,Mixed Outcome,2,0.2541902636413388,0.0688897085185975,0.6108997871823101,0.14774588322532647,632,democracy
full2_reduced_no_non_verbal,v2jupurge_lag1,-0.8337000370025636,Contracts Expression,1,0.050028027005764246,0.006419355849436844,0.3003355035707307,0.05087591942312843,632,democracy
full2_reduced_no_non_verbal,v2jupurge_lag1,-0.8337000370025636,Expands Expression,3,0.6957817093528971,0.3661430433385896,0.9005526402271667,0.1486130613600867,632,democracy
full2_reduced_no_non_verbal,v2jupurge_lag1,-0.7492400360107422,Mixed Outcome,2,0.25501682686931476,0.07202616157142472,0.60154575588965,0.1438414810943479,632,democracy
full2_reduced_no_non_verbal,v2jupurge_lag1,-0.7492400360107422,Contracts Expression,1,0.05226462780432383,0.007181864378553469,0.2959784055836611,0.05133417655651857,632,democracy
full2_reduced_no_non_verbal,v2jupurge_lag1,-0.7492400360107422,Expands Expression,3,0.6927185453263609,0.3727740097057982,0.895299448947368,0.14478997395779838,632,democracy
full2_reduced_no_non_verbal,v2jupurge_lag1,-0.6647800350189209,Mixed Outcome,2,0.25581559164488765,0.07528093451078786,0.5920868435281363,0.13991103172380934,632,democracy
full2_reduced_no_non_verbal,v2jupurge_lag1,-0.6647800350189209,Contracts Expression,1,0.05459370413810834,0.008033549356578459,0.29166121633377884,0.051729169942686,632,democracy
full2_reduced_no_non_verbal,v2jupurge_lag1,-0.6647800350189209,Expands Expression,3,0.6895907042170044,0.37934728897100445,0.8898032117289522,0.14094342115142255,632,democracy
full2_reduced_no_non_verbal,v2jupurge_lag1,-0.5803200340270996,Mixed Outcome,2,0.2565851839212188,0.07865638657340557,0.5825273905630917,0.1359551899354737,632,democracy
full2_reduced_no_non_verbal,v2jupurge_lag1,-0.5803200340270996,Contracts Expression,1,0.05701844106303423,0.008984527227447523,0.28738516414345816,0.05205526380463688,632,democracy
full2_reduced_no_non_verbal,v2jupurge_lag1,-0.5803200340270996,Expands Expression,3,0.6863963750157491,0.3858559429595681,0.8840563251039808,0.1370737083128149,632,democracy
full2_reduced_no_non_verbal,v2jupurge_lag1,-0.49586003303527837,Mixed Outcome,2,0.257324191917001,0.08215475458135425,0.5728719360364339,0.1319746282923215,632,democracy
full2_reduced_no_non_verbal,v2jupurge_lag1,-0.49586003303527837,Contracts Expression,1,0.059542079082672915,0.010045990502912454,0.2831515107909009,0.052306597944672184,632,democracy
full2_reduced_no_non_verbal,v2jupurge_lag1,-0.49586003303527837,Expands Expression,3,0.6831337290003281,0.39229327110323203,0.8780512759743855,0.13318110456863289,632,democracy
full2_reduced_no_non_verbal,v2jupurge_lag1,-0.4114000320434571,Mixed Outcome,2,0.25803116674196036,0.0857781399604684,0.5631252085232681,0.12797003581494165,632,democracy
full2_reduced_no_non_verbal,v2jupurge_lag1,-0.4114000320434571,Contracts Expression,1,0.06216791020764645,0.011230305320150851,0.27896155922884247,0.05247709585336202,632,democracy
full2_reduced_no_non_verbal,v2jupurge_lag1,-0.4114000320434571,Expands Expression,3,0.679800923050393,0.39865283809043006,0.8717806756634449,0.129265841724033,632,democracy
full2_reduced_no_non_verbal,v2jupurge_lag1,-0.3269400310516358,Mixed Outcome,2,0.2587046232091435,0.08952849599158154,0.553292116688891,0.12394211668722863,632,democracy
full2_reduced_no_non_verbal,v2jupurge_lag1,-0.3269400310516358,Contracts Expression,1,0.06489927349957272,0.01255111358656348,0.27481666332641325,0.052560475636479795,632,democracy
full2_reduced_no_non_verbal,v2jupurge_lag1,-0.3269400310516358,Expands Expression,3,0.6763961032912839,0.404928496920096,0.8652372975101958,0.12532811472226055,632,democracy
full2_reduced_no_non_verbal,v2jupurge_lag1,-0.24248003005981444,Mixed Outcome,2,0.2593430408475632,0.09340761539171186,0.5433777397152765,0.1198915890186379,632,democracy
full2_reduced_no_non_verbal,v2jupurge_lag1,-0.24248003005981444,Contracts Expression,1,0.06773955007400616,0.014023438664210177,0.27071824022238117,0.05255026421390548,632,democracy
full2_reduced_no_non_verbal,v2jupurge_lag1,-0.24248003005981444,Expands Expression,3,0.6729174090784338,0.411114406198945,0.8584141188681569,0.12136808414870574,632,democracy
full2_reduced_no_non_verbal,v2jupurge_lag1,-0.15802002906799317,Mixed Outcome,2,0.2599448651288348,0.0974171182955305,0.5333873179321151,0.11581918375448645,632,democracy
full2_reduced_no_non_verbal,v2jupurge_lag1,-0.15802002906799317,Contracts Expression,1,0.07069215753790337,0.015663793056167722,0.2666677860728611,0.05243981534423696,632,democracy
full2_reduced_no_non_verbal,v2jupurge_lag1,-0.15802002906799317,Expands Expression,3,0.6693629773332628,0.41720504031385447,0.8513043686712577,0.11738588141718675,632,democracy
full2_reduced_no_non_verbal,v2jupurge_lag1,-0.0735600280761719,Mixed Outcome,2,0.26050850892135935,0.10155844066530473,0.5233262440630432,0.11172564385591391,632,democracy
full2_reduced_no_non_verbal,v2jupurge_lag1,-0.0735600280761719,Contracts Expression,1,0.07376054383853133,0.017490285918221046,0.2626668962467457,0.0522223321650369,632,democracy
full2_reduced_no_non_verbal,v2jupurge_lag1,-0.0735600280761719,Expands Expression,3,0.6657309472401078,0.42319519082888507,0.8439015821224026,0.11338161744526945,632,democracy
full2_reduced_no_non_verbal,v2jupurge_lag1,0.01089997291564937,Mixed Outcome,2,0.261032354185427,0.10583282309288021,0.513200055591715,0.10761172391151906,632,democracy
full2_reduced_no_non_verbal,v2jupurge_lag1,0.01089997291564937,Contracts Expression,1,0.07694818050254014,0.019522727386542583,0.258717291399553,0.05189089512783595,632,democracy
full2_reduced_no_non_verbal,v2jupurge_lag1,0.01089997291564937,Expands Expression,3,0.6620194653120324,0.4290799570753762,0.8361996645699095,0.10935539584689165,632,democracy
full2_reduced_no_non_verbal,v2jupurge_lag1,0.09535997390747064,Mixed Outcome,2,0.2615147539222343,0.11024129986299397,0.5030144288685064,0.10347819039592399,632,democracy
full2_reduced_no_non_verbal,v2jupurge_lag1,0.09535997390747064,Contracts Expression,1,0.08025855524609667,0.02178272562246697,0.2548208513939868,0.0514384964750159,632,democracy
full2_reduced_no_non_verbal,v2jupurge_lag1,0.09535997390747064,Expands Expression,3,0.6582266908316702,0.4348547233807451,0.8281929673048259,0.1053073319657938,632,democracy
full2_reduced_no_non_verbal,v2jupurge_lag1,0.1798199748992919,Mixed Outcome,2,0.26195403438932857,0.11478468801208809,0.4927751757267873,0.09932582286203877,632,democracy
full2_reduced_no_non_verbal,v2jupurge_lag1,0.1798199748992919,Contracts Expression,1,0.08369516393959164,0.02429377104019802,0.2509796598066546,0.050858082790945044,632,democracy
full2_reduced_no_non_verbal,v2jupurge_lag1,0.1798199748992919,Expands Expression,3,0.6543508016710806,0.4405151196496091,0.8198763788991069,0.1012375794757418,632,democracy
full2_reduced_no_non_verbal,v2jupurge_lag1,0.2642799758911132,Mixed Outcome,2,0.26234849759429635,0.11946357592371565,0.48248824357425607,0.09515541645223587,632,democracy
full2_reduced_no_non_verbal,v2jupurge_lag1,0.2642799758911132,Contracts Expression,1,0.0872615019134826,0.02708130027127587,0.2471960628869884,0.05014260772340332,632,democracy
full2_reduced_no_non_verbal,v2jupurge_lag1,0.2642799758911132,Expands Expression,3,0.650390000492221,0.44605696098381714,0.811245436895525,0.09714636682684002,632,democracy
full2_reduced_no_non_verbal,v2jupurge_lag1,0.34873997688293445,Mixed Outcome,2,0.26269642407762095,0.12427831072756176,0.4721597201888769,0.09096778624965451,632,democracy
full2_reduced_no_non_verbal,v2jupurge_lag1,0.34873997688293445,Contracts Expression,1,0.09096105459537215,0.030172729832167455,0.2434727485080073,0.04928509781045028,632,democracy
full2_reduced_no_non_verbal,v2jupurge_lag1,0.34873997688293445,Expands Expression,3,0.6463425213270054,0.45147616056212053,0.8022964662901294,0.09303404659389683,632,democracy
full2_reduced_no_non_verbal,v2jupurge_lag1,0.4331999778747557,Mixed Outcome,2,0.2629960759945916,0.12922898337527636,0.4617958448204252,0.0867637741847739,632,democracy
full2_reduced_no_non_verbal,v2jupurge_lag1,0.4331999778747557,Contracts Expression,1,0.09479728747239147,0.033597445888047146,0.239812853171122,0.048278735617738246,632,democracy
full2_reduced_no_non_verbal,v2jupurge_lag1,0.4331999778747557,Expands Expression,3,0.6422066365330156,0.4567686078891967,0.7930267535176524,0.08890116188775865,632,democracy
full2_reduced_no_non_verbal,v2jupurge_lag1,0.517659978866577,Mixed Outcome,2,0.2632457005047891,0.13431540969557018,0.45140302773100904,0.08254425949242927,632,democracy
full2_reduced_no_non_verbal,v2jupurge_lag1,0.517659978866577,Contracts Expression,1,0.09877363537747412,0.03738673144368684,0.23622010900841672,0.04711696635023206,632,democracy
full2_reduced_no_non_verbal,v2jupurge_lag1,0.517659978866577,Expands Expression,3,0.6379806641177362,0.46193000144603225,0.7834347678720956,0.08474853558746274,632,democracy
full2_reduced_no_non_verbal,v2jupurge_lag1,0.6021199798583983,Mixed Outcome,2,0.2634435334762538,0.13953710489062932,0.44098788109346443,0.07831017412797621,632,democracy
full2_reduced_no_non_verbal,v2jupurge_lag1,0.6021199798583983,Contracts Expression,1,0.10289349110305254,0.041573604902840365,0.23269904881633974,0.045793637184285696,632,democracy
full2_reduced_no_non_verbal,v2jupurge_lag1,0.6021199798583983,Expands Expression,3,0.633662975420695,0.4669556202288182,0.7735204469589293,0.0805773904952433,632,democracy
full2_reduced_no_non_verbal,v2jupurge_lag1,0.6865799808502195,Mixed Outcome,2,0.2635878035095898,0.14489324767318787,0.43055726535713357,0.07406252517624819,632,democracy
full2_reduced_no_non_verbal,v2jupurge_lag1,0.6865799808502195,Contracts Expression,1,0.10716019335116878,0.04619253278102822,0.2292552969176601,0.0443031835181335,632,democracy
full2_reduced_no_non_verbal,v2jupurge_lag1,0.6865799808502195,Expands Expression,3,0.6292520031392418,0.471840011870582,0.7632855696534864,0.07638951200701208,632,democracy
full2_reduced_no_non_verbal,v2jupurge_lag1,0.771039981842041,Mixed Outcome,2,0.2636767362853596,0.15038262830581936,0.4201183570377838,0.06980242725211176,632,democracy
full2_reduced_no_non_verbal,v2jupurge_lag1,0.771039981842041,Contracts Expression,1,0.11157701403490995,0.0512789618856294,0.225895989681149,0.04264088448401225,632,democracy
full2_reduced_no_non_verbal,v2jupurge_lag1,0.771039981842041,Expands Expression,3,0.6247462496797308,0.4765765647458899,0.7527342503718268,0.07218747016835524,632,democracy
full2_reduced_no_non_verbal,v2jupurge_lag1,0.8554999828338623,Mixed Outcome,2,0.2637085592358697,0.1560035717548496,0.4096787468284312,0.06553114941962325,632,democracy
full2_reduced_no_non_verbal,v2jupurge_lag1,0.8554999828338623,Contracts Expression,1,0.11614714495244423,0.05686858785950879,0.2226303965284958,0.04080322380007438,632,democracy
full2_reduced_no_non_verbal,v2jupurge_lag1,0.8554999828338623,Expands Expression,3,0.6201442958116857,0.48115691565975227,0.7418736042394487,0.0679749260761551,632,democracy
full2_reduced_no_non_verbal,v2jupurge_lag1,0.9399599838256836,Mixed Outcome,2,0.26368150654000183,0.1617538222415452,0.3992465817306956,0.061250183641024664,632,democracy
full2_reduced_no_non_verbal,v2jupurge_lag1,0.9399599838256836,Contracts Expression,1,0.12087368386170463,0.06299622895238118,0.21947085899159036,0.03878841583506983,632,democracy
full2_reduced_no_non_verbal,v2jupurge_lag1,0.9399599838256836,Expands Expression,3,0.6154448095982954,0.48557012015911566,0.7307146572150246,0.06375706015669501,632,democracy
full2_reduced_no_non_verbal,v2jupurge_lag1,1.0244199848175048,Mixed Outcome,2,0.263593824437071,0.1676303672663244,0.3888307729683873,0.05696134591985358,632,democracy
full2_reduced_no_non_verbal,v2jupurge_lag1,1.0244199848175048,Contracts Expression,1,0.12575961999092705,0.06969408956503967,0.2164342486549382,0.036597199182909414,632,democracy
full2_reduced_no_non_verbal,v2jupurge_lag1,1.0244199848175048,Expands Expression,3,0.6106465555720004,0.4898014738986852,0.719273613659955,0.05954117960723877,632,democracy
full2_reduced_no_non_verbal,v2jupurge_lag1,1.1088799858093261,Mixed Outcome,2,0.263443776852805,0.17362916507115617,0.3784413053954204,0.052666928465513414,632,democracy
full2_reduced_no_non_verbal,v2jupurge_lag1,1.1088799858093261,Contracts Expression,1,0.13080781902770697,0.07698904458458726,0.21354429771875,0.03423407797205537,632,democracy
full2_reduced_no_non_verbal,v2jupurge_lag1,1.1088799858093261,Expands Expression,3,0.6057484041194854,0.49383081234989956,0.7075736547231288,0.055337593582621705,632,democracy
full2_reduced_no_non_verbal,v2jupurge_lag1,1.1933399868011474,Mixed Outcome,2,0.26322965132741266,0.17974471437716966,0.36808970906412325,0.04836993398988917,632,democracy
full2_reduced_no_non_verbal,v2jupurge_lag1,1.1933399868011474,Contracts Expression,1,0.13602100763698313,0.08489828639257585,0.2108354450549805,0.03170933853213468,632,democracy
full2_reduced_no_non_verbal,v2jupurge_lag1,1.1933399868011474,Expands Expression,3,0.6007493410356041,0.49763001922822225,0.6956475374587806,0.051160894330861205,632,democracy
full2_reduced_no_non_verbal,v2jupurge_lag1,1.2777999877929687,Mixed Outcome,2,0.2629497652324541,0.18596935871551223,0.3577897999537169,0.0440744469444833,632,democracy
full2_reduced_no_non_verbal,v2jupurge_lag1,1.2777999877929687,Contracts Expression,1,0.14140175756623846,0.09342211656635598,0.20835940136659784,0.029042454931025925,632,democracy
full2_reduced_no_non_verbal,v2jupurge_lag1,1.2777999877929687,Expands Expression,3,0.5956484772013068,0.5011593223860277,0.6835414157544641,0.04703186016942927,632,democracy
full2_reduced_no_non_verbal,v2jupurge_lag1,1.36225998878479,Mixed Outcome,2,0.26260247225979066,0.19229212775471882,0.34755888658169076,0.039786242349888847,632,democracy
full2_reduced_no_non_verbal,v2jupurge_lag1,1.36225998878479,Contracts Expression,1,0.14695246940425977,0.10253156541296259,0.20619673795790877,0.026268058217288767,632,democracy
full2_reduced_no_non_verbal,v2jupurge_lag1,1.36225998878479,Expands Expression,3,0.5904450583359487,0.5043617285054857,0.6713205309846751,0.04298031283582123,632,democracy
full2_reduced_no_non_verbal,v2jupurge_lag1,1.4467199897766112,Mixed Outcome,2,0.26218616916228316,0.19869673569207516,0.3374198213621456,0.03551382587800806,632,democracy
full2_reduced_no_non_verbal,v2jupurge_lag1,1.4467199897766112,Contracts Expression,1,0.15267535606776875,0.11214641445955677,0.2044779150869083,0.023446720776858613,632,democracy
full2_reduced_no_non_verbal,v2jupurge_lag1,1.4467199897766112,Expands Expression,3,0.5851384747699508,0.5071546442062952,0.6590777233509508,0.039049417879526295,632,democracy
full2_reduced_no_non_verbal,v2jupurge_lag1,1.5311799907684325,Mixed Outcome,2,0.26169930272229597,0.20515796681613654,0.327404665342578,0.031270297814365515,632,democracy
full2_reduced_no_non_verbal,v2jupurge_lag1,1.5311799907684325,Contracts Expression,1,0.158572426098206,0.12209566102161036,0.20342170700594345,0.020684612550005067,632,democracy
full2_reduced_no_non_verbal,v2jupurge_lag1,1.5311799907684325,Expands Expression,3,0.5797282711794984,0.5094174587757956,0.646945986514001,0.03530205799687555,632,democracy
full2_reduced_no_non_verbal,v2jupurge_lag1,1.6156399917602537,Mixed Outcome,2,0.2611403769203087,0.21163479471416594,0.31756161840177977,0.027076884438153485,632,democracy
full2_reduced_no_non_verbal,v2jupurge_lag1,1.6156399917602537,Contracts Expression,1,0.16464546685861806,0.13204968662145175,0.2034017651771982,0.018167504271306513,632,democracy
full2_reduced_no_non_verbal,v2jupurge_lag1,1.6156399917602537,Expands Expression,3,0.5742141562210729,0.5109741141402925,0.6351160368800602,0.031829785694265755,632,democracy
full2_reduced_no_non_verbal,v2jupurge_lag1,1.700099992752075,Mixed Outcome,2,0.2605079602722452,0.21805645815871752,0.3079689902620138,0.022970064006341124,632,democracy
full2_reduced_no_non_verbal,v2jupurge_lag1,1.700099992752075,Contracts Expression,1,0.1708960277280321,0.14142878258696773,0.2050366786192695,0.01620674479434454,632,democracy
full2_reduced_no_non_verbal,v2jupurge_lag1,1.700099992752075,Expands Expression,3,0.5685960119997249,0.5115720240919538,0.6238575316344844,0.028763677153681073,632,democracy
full2_reduced_no_non_verbal,v2jupurge_lag1,1.7845599937438963,Mixed Outcome,2,0.25980069330040756,0.22429236840151368,0.2987653358310008,0.019016944067190438,632,democracy
full2_reduced_no_non_verbal,v2jupurge_lag1,1.7845599937438963,Contracts Expression,1,0.17732540339759978,0.14938433413684915,0.2092072533166402,0.015248110994086102,632,democracy
full2_reduced_no_non_verbal,v2jupurge_lag1,1.7845599937438963,Expands Expression,3,0.5628739033019918,0.5108666984298341,0.6135345750929022,0.02628234197334504,632,democracy
full2_reduced_no_non_verbal,v2jupurge_lag1,1.8690199947357176,Mixed Outcome,2,0.2590172960993531,0.2300833984639815,0.29021820241258267,0.015350347476376789,632,democracy
full2_reduced_no_non_verbal,v2jupurge_lag1,1.8690199947357176,Contracts Expression,1,0.1839346173792102,0.15510311633664886,0.21675059312913778,0.015715908776042283,632,democracy
full2_reduced_no_non_verbal,v2jupurge_lag1,1.8690199947357176,Expands Expression,3,0.5570480865214367,0.5084384753047615,0.6045891044719491,0.024603654480867328,632,democracy
full2_reduced_no_non_verbal,v2jupurge_lag1,1.9534799957275388,Mixed Outcome,2,0.2581565759545492,0.23488745648250375,0.2828785847814612,0.012247649215731184,632,democracy
full2_reduced_no_non_verbal,v2jupurge_lag1,1.9534799957275388,Contracts Expression,1,0.19072440584290837,0.1583797502682501,0.22788598330192356,0.0177207455219077,632,democracy
full2_reduced_no_non_verbal,v2jupurge_lag1,1.9534799957275388,Expands Expression,3,0.5511190182025445,0.5038810856210779,0.5974524248752193,0.023939958571636413,632,democracy
full2_reduced_no_non_verbal,v2jupurge_lag1,2.03793999671936,Mixed Outcome,2,0.2572174349684712,0.2376356247096884,0.2778248045452927,0.010255302255008583,632,democracy
full2_reduced_no_non_verbal,v2jupurge_lag1,2.03793999671936,Contracts Expression,1,0.1976952019043045,0.159687510062291,0.24214244912460137,0.021023966323015213,632,democracy
full2_reduced_no_non_verbal,v2jupurge_lag1,2.03793999671936,Expands Expression,3,0.5450873631272228,0.4969610833077944,0.5923858527437238,0.024417177814932165,632,democracy
full2_reduced_no_non_verbal,v2jupurge_lag1,2.1223999977111814,Mixed Outcome,2,0.25619887764576055,0.2369525295107279,0.27644214650534915,0.010076656734827785,632,democracy
full2_reduced_no_non_verbal,v2jupurge_lag1,2.1223999977111814,Contracts Expression,1,0.20484712048708337,0.15967796399048556,0.25885758238755724,0.025293785022059423,632,democracy
full2_reduced_no_non_verbal,v2jupurge_lag1,2.1223999977111814,Expands Expression,3,0.5389540018671557,0.48773887888868467,0.5893597230355838,0.026013400984538634,632,democracy
full2_reduced_no_non_verbal,v2jupurge_lag1,2.2068599987030026,Mixed Outcome,2,0.2551000183864383,0.232647941805885,0.2789312507026992,0.011811285897023367,632,democracy
full2_reduced_no_non_verbal,v2jupurge_lag1,2.2068599987030026,Contracts Expression,1,0.2121799438885285,0.15885014346526538,0.277507027664565,0.0302746608223873,632,democracy
full2_reduced_no_non_verbal,v2jupurge_lag1,2.2068599987030026,Expands Expression,3,0.5327200377250343,0.4765295524370307,0.5880925766594661,0.02857892776981424,632,democracy
full2_reduced_no_non_verbal,v2jupurge_lag1,2.291319999694824,Mixed Outcome,2,0.2539200888338906,0.22599287456630854,0.2840319918355414,0.014814121243521937,632,democracy
full2_reduced_no_non_verbal,v2jupurge_lag1,2.291319999694824,Contracts Expression,1,0.2196931081776665,0.15751930682141976,0.2977346531737526,0.03580349533575051,632,democracy
full2_reduced_no_non_verbal,v2jupurge_lag1,2.291319999694824,Expands Expression,3,0.5263868029884424,0.4637502873647946,0.5882036795821353,0.03191388927901363,632,democracy
full2_reduced_no_non_verbal,v2jupurge_lag1,2.375780000686645,Mixed Outcome,2,0.2526584450225036,0.21816791583018727,0.29057510609957465,0.018486723258123217,632,democracy
full2_reduced_no_non_verbal,v2jupurge_lag1,2.375780000686645,Contracts Expression,1,0.22738569055602653,0.15587522492957415,0.319293570626564,0.041779978945690466,632,democracy
full2_reduced_no_non_verbal,v2jupurge_lag1,2.375780000686645,Expands Expression,3,0.5199558644214692,0.4497929139569589,0.5893403782200123,0.03583294317412037,632,democracy
full2_reduced_no_non_verbal,v2jupurge_lag1,2.4602400016784665,Mixed Outcome,2,0.2513145742684324,0.20980444975958917,0.2979409117497886,0.02251102572026536,632,democracy
full2_reduced_no_non_verbal,v2jupurge_lag1,2.4602400016784665,Contracts Expression,1,0.23525639781008376,0.15403308425096834,0.34199499248007853,0.04814063347711404,632,democracy
full2_reduced_no_non_verbal,v2jupurge_lag1,2.4602400016784665,Expands Expression,3,0.5134290279214826,0.4349740515092716,0.5912277968507977,0.04019038886760159,632,democracy
full2_reduced_no_non_verbal,v2jupurge_lag1,2.5447000026702877,Mixed Outcome,2,0.24988810174621898,0.2012098591010048,0.3058340292117022,0.026734281411218874,632,democracy
full2_reduced_no_non_verbal,v2jupurge_lag1,2.5447000026702877,Contracts Expression,1,0.24330355598210449,0.15206475338889375,0.3656772490549779,0.05484284978246999,632,democracy
full2_reduced_no_non_verbal,v2jupurge_lag1,2.5447000026702877,Expands Expression,3,0.5068083422716742,0.4195354806584557,0.5936682415551696,0.0448796996672093,632,democracy
full2_reduced_no_non_verbal,v2jupurge_lag1,2.629160003662109,Mixed Outcome,2,0.24837879669369117,0.19254272349072724,0.31410808593245015,0.031079592593355715,632,democracy
full2_reduced_no_non_verbal,v2jupurge_lag1,2.629160003662109,Contracts Expression,1,0.25152510138230344,0.15001651470954516,0.39018890890708713,0.06185582554843456,632,democracy
full2_reduced_no_non_verbal,v2jupurge_lag1,2.629160003662109,Expands Expression,3,0.5000961019240044,0.4036610285970005,0.5965240260103277,0.049824659797668286,632,democracy
full2_reduced_no_non_verbal,v2jupurge_lag1,2.7136200046539303,Mixed Outcome,2,0.24678657818793187,0.1838929549863738,0.32268546472379056,0.03550496201540164,632,democracy
full2_reduced_no_non_verbal,v2jupurge_lag1,2.7136200046539303,Contracts Expression,1,0.2599185730599581,0.14791907631922818,0.41538020153704985,0.0691554438073041,632,democracy
full2_reduced_no_non_verbal,v2jupurge_lag1,2.7136200046539303,Expands Expression,3,0.4932948487521103,0.3874937686739053,0.5996999179206581,0.054970349265904724,632,democracy
full2_reduced_no_non_verbal,v2jupurge_lag1,2.798080005645752,Mixed Outcome,2,0.2451115204361314,0.17531670688740025,0.3315222602188018,0.03998542144478252,632,democracy
full2_reduced_no_non_verbal,v2jupurge_lag1,2.798080005645752,Contracts Expression,1,0.2684811068443528,0.1457933476060159,0.4410992380577826,0.07672131835440933,632,democracy
full2_reduced_no_non_verbal,v2jupurge_lag1,2.798080005645752,Expands Expression,3,0.48640737271951545,0.3711490822271555,0.603129661070227,0.06027623364138279,632,democracy
full2_reduced_no_non_verbal,v2jupurge_lag1,2.882540006637573,Mixed Outcome,2,0.24335385752674976,0.16685230699666184,0.34059219356087495,0.04450483986984762,632,democracy
full2_reduced_no_non_verbal,v2jupurge_lag1,2.882540006637573,Contracts Expression,1,0.2772094310582155,0.14365387183501435,0.4671910776728871,0.08453504170613961,632,democracy
full2_reduced_no_non_verbal,v2jupurge_lag1,2.882540006637573,Expands Expression,3,0.47943671141503486,0.35472356895818524,0.6067665922140805,0.06571135912791375,632,democracy
full2_reduced_no_non_verbal,v2jupurge_lag1,2.9670000076293945,Mixed Outcome,2,0.24151398758873968,0.15852799973122952,0.3498787027896183,0.049051908354083254,632,democracy
full2_reduced_no_non_verbal,v2jupurge_lag1,2.9670000076293945,Contracts Expression,1,0.2860998639966352,0.1415109315947316,0.49349852971352903,0.0925791183079739,632,democracy
full2_reduced_no_non_verbal,v2jupurge_lag1,2.9670000076293945,Expands Expression,3,0.4723861484146275,0.33830083273378625,0.6105773341551042,0.07125112804012482,632,democracy
full2_reduced_no_non_verbal,wdj_expression_lag1,-0.6666666865348816,Mixed Outcome,2,0.3386246801826172,0.2302494333979929,0.4670590464776327,0.06141523344325249,632,democracy
full2_reduced_no_non_verbal,wdj_expression_lag1,-0.6666666865348816,Contracts Expression,1,0.10884088075815193,0.06174493064077656,0.1847845296957859,0.030602042530709795,632,democracy
full2_reduced_no_non_verbal,wdj_expression_lag1,-0.6666666865348816,Expands Expression,3,0.5525344390592312,0.42029064525408627,0.6777416812645292,0.06717190906386107,632,democracy
full2_reduced_no_non_verbal,wdj_expression_lag1,-0.633333352804184,Mixed Outcome,2,0.33611514544115373,0.23056244894410458,0.4610362074581418,0.05971236370248,632,democracy
full2_reduced_no_non_verbal,wdj_expression_lag1,-0.633333352804184,Contracts Expression,1,0.11077975902040851,0.06401899213909408,0.1849466235901426,0.03013656923673574,632,democracy
full2_reduced_no_non_verbal,wdj_expression_lag1,-0.633333352804184,Expands Expression,3,0.5531050955384403,0.4237109334552031,0.6756839811366725,0.06567821688677981,632,democracy
full2_reduced_no_non_verbal,wdj_expression_lag1,-0.6000000190734863,Mixed Outcome,2,0.3336058192936676,0.23086731594425902,0.4550164228079746,0.058017844943133744,632,democracy
full2_reduced_no_non_verbal,wdj_expression_lag1,-0.6000000190734863,Contracts Expression,1,0.11274629342665092,0.06636262366152043,0.18512135495771906,0.029651772818727332,632,democracy
full2_reduced_no_non_verbal,wdj_expression_lag1,-0.6000000190734863,Expands Expression,3,0.553647887279682,0.427100122266948,0.6736046624996679,0.06419150707906746,632,democracy
full2_reduced_no_non_verbal,wdj_expression_lag1,-0.5666666853427886,Mixed Outcome,2,0.3310968221091061,0.23116374072158938,0.449001656264228,0.05633205544529341,632,democracy
full2_reduced_no_non_verbal,wdj_expression_lag1,-0.5666666853427886,Contracts Expression,1,0.11474067781337594,0.06877667837601179,0.18530999327600928,0.029147886394236495,632,democracy
full2_reduced_no_non_verbal,wdj_expression_lag1,-0.5666666853427886,Expands Expression,3,0.5541625000775172,0.43045709990299363,0.6715035565935835,0.06271188877769107,632,democracy
full2_reduced_no_non_verbal,wdj_expression_lag1,-0.5333333516120911,Mixed Outcome,2,0.3285882763043453,0.2314514004008934,0.4429939089593418,0.054655389187581484,632,democracy
full2_reduced_no_non_verbal,wdj_expression_lag1,-0.5333333516120911,Contracts Expression,1,0.11676310139799102,0.07126185654598662,0.18551397205581016,0.028625232298483894,632,democracy
full2_reduced_no_non_verbal,wdj_expression_lag1,-0.5333333516120911,Expands Expression,3,0.5546486222976637,0.4337807354603787,0.6693805334235158,0.061239487208449433,632,democracy
full2_reduced_no_non_verbal,wdj_expression_lag1,-0.5000000178813935,Mixed Outcome,2,0.32608030635140006,0.23172993861256622,0.43699522210989333,0.05298825801340035,632,democracy
full2_reduced_no_non_verbal,wdj_expression_lag1,-0.5000000178813935,Contracts Expression,1,0.11881374858560316,0.07381867612827499,0.18573491498959957,0.028084235916504028,632,democracy
full2_reduced_no_non_verbal,wdj_expression_lag1,-0.5000000178813935,Expands Expression,3,0.5551059450629983,0.4370698717444486,0.6672355095394115,0.05977444762864423,632,democracy
full2_reduced_no_non_verbal,wdj_expression_lag1,-0.4666666841506958,Mixed Outcome,2,0.3235730387829752,0.23199896047871507,0.43100768040915033,0.051331094162264584,632,democracy
full2_reduced_no_non_verbal,wdj_expression_lag1,-0.4666666841506958,Contracts Expression,1,0.12089279877474336,0.07644743831831438,0.18597466691002018,0.02752544197600621,632,democracy
full2_reduced_no_non_verbal,wdj_expression_lag1,-0.4666666841506958,Expands Expression,3,0.5555341624422807,0.440323316896426,0.6650684569815344,0.05831693985668657,632,democracy
full2_reduced_no_non_verbal,wdj_expression_lag1,-0.43333335041999815,Mixed Outcome,2,0.3210666021962868,0.23225802674299945,0.42503341626516467,0.04968435323685499,632,democracy
full2_reduced_no_non_verbal,wdj_expression_lag1,-0.43333335041999815,Contracts Expression,1,0.1230004261621928,0.07914818707358459,0.18623533052217078,0.02694953379179879,632,democracy
full2_reduced_no_non_verbal,wdj_expression_lag1,-0.43333335041999815,Expands Expression,3,0.5559329716415197,0.44353983465116203,0.6628794135680411,0.05686716347733786,632,democracy
full2_reduced_no_non_verbal,wdj_expression_lag1,-0.4000000166893005,Mixed Outcome,2,0.31856112725510916,0.2325066468755576,0.4190746150563702,0.04804851769180835,632,democracy
full2_reduced_no_non_verbal,wdj_expression_lag1,-0.4000000166893005,Contracts Expression,1,0.1251367995470944,0.08192066145583082,0.18651931006404004,0.026357356049978235,632,democracy
full2_reduced_no_non_verbal,wdj_expression_lag1,-0.4000000166893005,Expands Expression,3,0.5563020731977979,0.44671813302771596,0.660668494726672,0.05542535382414529,632,democracy
full2_reduced_no_non_verbal,wdj_expression_lag1,-0.3666666829586029,Mixed Outcome,2,0.3160567466899695,0.2327442709474686,0.41313352161317163,0.04642410094897679,632,democracy
full2_reduced_no_non_verbal,wdj_expression_lag1,-0.3666666829586029,Contracts Expression,1,0.12730208213452968,0.08476423941265289,0.1868293632704402,0.02574994183271797,632,democracy
full2_reduced_no_non_verbal,wdj_expression_lag1,-0.3666666829586029,Expands Expression,3,0.5566411711755012,0.44985685122245445,0.6584359071062301,0.05399178885775569,632,democracy
full2_reduced_no_non_verbal,wdj_expression_lag1,-0.33333334922790525,Mixed Outcome,2,0.31355359529646853,0.2329702800198408,0.40721244818428753,0.0448116522693538,632,democracy
full2_reduced_no_non_verbal,wdj_expression_lag1,-0.33333334922790525,Contracts Expression,1,0.12949643133875371,0.08767787137333284,0.18716866326271714,0.025128544710325905,632,democracy
full2_reduced_no_non_verbal,wdj_expression_lag1,-0.33333334922790525,Expands Expression,3,0.5569499733647764,0.45295454443266253,0.656181964245184,0.05256679708025357,632,democracy
full2_reduced_no_non_verbal,wdj_expression_lag1,-0.3000000154972076,Mixed Outcome,2,0.3110518099316312,0.23318397473612928,0.4013137842019287,0.04321176254034184,632,democracy
full2_reduced_no_non_verbal,wdj_expression_lag1,-0.3000000154972076,Contracts Expression,1,0.13171999858628688,0.09066000177388285,0.18754087224676602,0.024494676860150416,632,democracy
full2_reduced_no_non_verbal,wdj_expression_lag1,-0.3000000154972076,Expands Expression,3,0.5572281914820805,0.4560096662976324,0.6539071046166226,0.051150766646875276,632,democracy
full2_reduced_no_non_verbal,wdj_expression_lag1,-0.26666668176651,Mixed Outcome,2,0.3085515295082579,0.23338456172981195,0.39544000823727504,0.041625071176343564,632,democracy
full2_reduced_no_non_verbal,wdj_expression_lag1,-0.26666668176651,Contracts Expression,1,0.13397292911906158,0.0937084763722459,0.18795022915851756,0.02385015430240251,632,democracy
full2_reduced_no_non_verbal,wdj_expression_lag1,-0.26666668176651,Expands Expression,3,0.5574755413726812,0.4590205485893579,0.6516119124237598,0.049744155864709996,632,democracy
full2_reduced_no_non_verbal,wdj_expression_lag1,-0.23333334803581235,Mixed Outcome,2,0.30605289498722493,0.23357113736648744,0.3895937026304687,0.04005227437806518,632,democracy
full2_reduced_no_non_verbal,wdj_expression_lag1,-0.23333334803581235,Contracts Expression,1,0.13625536179783299,0.09682043301697485,0.1884016535928936,0.023197150443944232,632,democracy
full2_reduced_no_non_verbal,wdj_expression_lag1,-0.23333334803581235,Expands Expression,3,0.55769174321494,0.46198537772704057,0.6492971415785641,0.048347505297836206,632,democracy
full2_reduced_no_non_verbal,wdj_expression_lag1,-0.20000001430511472,Mixed Outcome,2,0.3035560493676775,0.23374266822282763,0.38377757139540336,0.038494135055291416,632,democracy
full2_reduced_no_non_verbal,wdj_expression_lag1,-0.20000001430511472,Contracts Expression,1,0.13856742890606966,0.09999217346202048,0.18890086842714007,0.022538259158577805,632,democracy
full2_reduced_no_non_verbal,wdj_expression_lag1,-0.20000001430511472,Expands Expression,3,0.5578765217262519,0.4649021676210321,0.646963743364947,0.04696145173368524,632,democracy
full2_reduced_no_non_verbal,wdj_expression_lag1,-0.16666668057441703,Mixed Outcome,2,0.30106113767505355,0.2338979675520832,0.3779944621534187,0.036951494796173,632,democracy
full2_reduced_no_non_verbal,wdj_expression_lag1,-0.16666668057441703,Contracts Expression,1,0.14090925595454093,0.10321901402272182,0.18945454334597547,0.02187656852942855,632,democracy
full2_reduced_no_non_verbal,wdj_expression_lag1,-0.16666668057441703,Expands Expression,3,0.5580296063704053,0.4677687282786051,0.6446128983613486,0.04558674430310645,632,democracy
full2_reduced_no_non_verbal,wdj_expression_lag1,-0.13333334684371945,Mixed Outcome,2,0.298568306946923,0.23403566680191445,0.3722473930324416,0.0354252883595134,632,democracy
full2_reduced_no_non_verbal,wdj_expression_lag1,-0.13333334684371945,Contracts Expression,1,0.14328096148682057,0.10649511355078589,0.19007046079660922,0.02121574603230503,632,democracy
full2_reduced_no_non_verbal,wdj_expression_lag1,-0.13333334684371945,Expands Expression,3,0.5581507315662546,0.4705826295222452,0.6422460532795774,0.04422426308877767,632,democracy
full2_reduced_no_non_verbal,wdj_expression_lag1,-0.10000001311302187,Mixed Outcome,2,0.29607770621656715,0.23415418100835017,0.3665395857112801,0.0339165612904037,632,democracy
full2_reduced_no_non_verbal,wdj_expression_lag1,-0.10000001311302187,Contracts Expression,1,0.1456826568859381,0.10981327871183473,0.19075770439759623,0.020560135172286647,632,democracy
full2_reduced_no_non_verbal,wdj_expression_lag1,-0.10000001311302187,Expands Expression,3,0.5582396368974948,0.47334115909102464,0.6398649634570417,0.042875040597941096,632,democracy
full2_reduced_no_non_verbal,wdj_expression_lag1,-0.06666667938232418,Mixed Outcome,2,0.2935894864942792,0.2342516665932489,0.36087450608453103,0.032426491410659175,632,democracy
full2_reduced_no_non_verbal,wdj_expression_lag1,-0.06666667938232418,Contracts Expression,1,0.14811444618241232,0.11316474936917181,0.19152686700635083,0.019914862149045195,632,democracy
full2_reduced_no_non_verbal,wdj_expression_lag1,-0.06666667938232418,Expands Expression,3,0.5582960673233097,0.47604127431509874,0.637471741819901,0.04154028651709572,632,democracy
full2_reduced_no_non_verbal,wdj_expression_lag1,-0.03333334565162649,Mixed Outcome,2,0.2911038007463192,0.23432596972132666,0.3552559143944472,0.03095641512492524,632,democracy
full2_reduced_no_non_verbal,wdj_expression_lag1,-0.03333334565162649,Contracts Expression,1,0.15057642586389478,0.11653897167058111,0.19239027086074856,0.01928594868466427,632,democracy
full2_reduced_no_non_verbal,wdj_expression_lag1,-0.03333334565162649,Expands Expression,3,0.5583197733897868,0.4786795464897617,0.635068915198518,0.040221416199486125,632,democracy
full2_reduced_no_non_verbal,wdj_expression_lag1,-1.1920928910669204e-08,Mixed Outcome,2,0.2886208038715351,0.23437456291257303,0.3496879271370805,0.029507859718442796,632,democracy
full2_reduced_no_non_verbal,wdj_expression_lag1,-1.1920928910669204e-08,Contracts Expression,1,0.15306868468667426,0.11992337400499894,0.19336218464106544,0.01868042329006746,632,democracy
full2_reduced_no_non_verbal,wdj_expression_lag1,-1.1920928910669204e-08,Expands Expression,3,0.5583105114417913,0.48125209704756017,0.6326594889043573,0.03892008335125327,632,democracy
full2_reduced_no_non_verbal,wdj_expression_lag1,0.03333332180976867,Mixed Outcome,2,0.2861406526755414,0.23439446705446282,0.3441750936007149,0.028082583103725807,632,democracy
full2_reduced_no_non_verbal,wdj_expression_lag1,0.03333332180976867,Contracts Expression,1,0.15559130348927228,0.12330317207094511,0.1944590112257879,0.018106417602915176,632,democracy
full2_reduced_no_non_verbal,wdj_expression_lag1,0.03333332180976867,Expands Expression,3,0.5582680438351867,0.4837545246513294,0.6302470204529985,0.03763821737078888,632,democracy
full2_reduced_no_non_verbal,wdj_expression_lag1,0.06666665554046636,Mixed Outcome,2,0.2836635058425081,0.23438215531603424,0.3387224905369246,0.026682622801275657,632,democracy
full2_reduced_no_non_verbal,wdj_expression_lag1,0.06666665554046636,Contracts Expression,1,0.15814435500838903,0.1266612440817741,0.19569940513579293,0.017573226898460633,632,democracy
full2_reduced_no_non_verbal,wdj_expression_lag1,0.06666665554046636,Expands Expression,3,0.5581921391491012,0.4861818224639979,0.6278357031846323,0.03637806572918182,632,democracy
full2_reduced_no_non_verbal,wdj_expression_lag1,0.09999998927116405,Mixed Outcome,2,0.2811895239044689,0.23433343475884427,0.3333358391718387,0.025310356300451937,632,democracy
full2_reduced_no_non_verbal,wdj_expression_lag1,0.09999998927116405,Contracts Expression,1,0.16072790369743525,0.12997813441506842,0.1971042613788568,0.017091305071814885,632,democracy
full2_reduced_no_non_verbal,wdj_expression_lag1,0.09999998927116405,Expands Expression,3,0.5580825723980968,0.48852828514372054,0.6254304602406106,0.03514224163192408,632,democracy
full2_reduced_no_non_verbal,wdj_expression_lag1,0.13333332300186163,Mixed Outcome,2,0.27871886920813865,0.2342433007606513,0.32802164944354034,0.023968575293139713,632,democracy
full2_reduced_no_non_verbal,wdj_expression_lag1,0.13333332300186163,Contracts Expression,1,0.16334200554791833,0.1332322597843548,0.1986965016401764,0.016672156364644444,632,democracy
full2_reduced_no_non_verbal,wdj_expression_lag1,0.13333332300186163,Expands Expression,3,0.5579391252439443,0.4907874056585185,0.6230370488084137,0.03393377692548782,632,democracy
full2_reduced_no_non_verbal,wdj_expression_lag1,0.1666666567325592,Mixed Outcome,2,0.27625170587925263,0.23410575889034516,0.3227873968298136,0.022660576516930393,632,democracy
full2_reduced_no_non_verbal,wdj_expression_lag1,0.1666666567325592,Contracts Expression,1,0.16598670791391482,0.13640039816432095,0.2005005776141155,0.016328082995615487,632,democracy
full2_reduced_no_non_verbal,wdj_expression_lag1,0.1666666567325592,Expands Expression,3,0.5577615862068329,0.492951762929793,0.6206621736318183,0.032756179747766824,632,democracy
full2_reduced_no_non_verbal,wdj_expression_lag1,0.1999999904632569,Mixed Outcome,2,0.2737881997843591,0.23391360898920308,0.31764173701255405,0.02139027188501895,632,democracy
full2_reduced_no_non_verbal,wdj_expression_lag1,0.1999999904632569,Contracts Expression,1,0.16866204933990145,0.13945852497451652,0.20254162699953712,0.01607175590535333,632,democracy
full2_reduced_no_non_verbal,wdj_expression_lag1,0.1999999904632569,Expands Expression,3,0.5575497508757373,0.4950129027668715,0.6183136073297747,0.03161349568280554,632,democracy
full2_reduced_no_non_verbal,wdj_expression_lag1,0.23333332419395458,Mixed Outcome,2,0.27132851849008766,0.23365818761542148,0.31259476222406857,0.020162319865314186,632,democracy
full2_reduced_no_non_verbal,wdj_expression_lag1,0.23333332419395458,Contracts Expression,1,0.17136805939218888,0.1423830106385664,0.20484426807337014,0.015915601560136498,632,democracy
full2_reduced_no_non_verbal,wdj_expression_lag1,0.23333332419395458,Expands Expression,3,0.5573034221177231,0.496961216723613,0.6160003128978873,0.03051037007674902,632,democracy
full2_reduced_no_non_verbal,wdj_expression_lag1,0.26666665792465216,Mixed Outcome,2,0.26887283121985756,0.23332906895716846,0.3076582991714636,0.018982278056876797,632,democracy
full2_reduced_no_non_verbal,wdj_expression_lag1,0.26666665792465216,Contracts Expression,1,0.1741047584942214,0.14515210445987434,0.20743110793503744,0.015871043267467914,632,democracy
full2_reduced_no_non_verbal,wdj_expression_lag1,0.26666665792465216,Expands Expression,3,0.5570224102859204,0.4987858266087881,0.6137325606648734,0.029452107593273987,632,democracy
full2_reduced_no_non_verbal,wdj_expression_lag1,0.29999999165534974,Mixed Outcome,2,0.26642130880805326,0.23291373287147388,0.3028462398836621,0.0178567725486141,632,democracy
full2_reduced_no_non_verbal,wdj_expression_lag1,0.29999999165534974,Contracts Expression,1,0.17687215776599227,0.147747518505603,0.2103211507651449,0.01594769220074136,632,democracy
full2_reduced_no_non_verbal,wdj_expression_lag1,0.29999999165534974,Expands Expression,3,0.5567065334259538,0.5004744865830618,0.6115220277748914,0.028444722946786315,632,democracy
full2_reduced_no_non_verbal,wdj_expression_lag1,0.33333332538604754,Mixed Outcome,2,0.2639741236516199,0.23239722498603602,0.29817488054510793,0.01679367133838829,632,democracy
full2_reduced_no_non_verbal,wdj_expression_lag1,0.33333332538604754,Contracts Expression,1,0.17967025886783675,0.15015583474373673,0.21352838289383777,0.01615262942560748,632,democracy
full2_reduced_no_non_verbal,wdj_expression_lag1,0.33333332538604754,Expands Expression,3,0.5563556174805413,0.5020135200748379,0.6093818629656239,0.02749497405070504,632,democracy
full2_reduced_no_non_verbal,wdj_expression_lag1,0.3666666591167451,Mixed Outcome,2,0.2615314496591176,0.23176186181606132,0.293663215365261,0.01580223479553703,632,democracy
full2_reduced_no_non_verbal,wdj_expression_lag1,0.3666666591167451,Contracts Expression,1,0.18249905384885345,0.1523694432839157,0.21706082686638806,0.0164899279872544,632,democracy
full2_reduced_no_non_verbal,wdj_expression_lag1,0.3666666591167451,Expands Expression,3,0.555969496492028,0.5033878148689082,0.6073266932898247,0.026610365696610776,632,democracy
full2_reduced_no_non_verbal,wdj_expression_lag1,0.3999999928474427,Mixed Outcome,2,0.25909346219722695,0.23098707713187258,0.28933308924965356,0.014893194062342536,632,democracy
full2_reduced_no_non_verbal,wdj_expression_lag1,0.3999999928474427,Contracts Expression,1,0.18535852500020428,0.1543868093834376,0.22092026688983463,0.016960518193415007,632,democracy
full2_reduced_no_non_verbal,wdj_expression_lag1,0.3999999928474427,Expands Expression,3,0.5555480128025696,0.5045809057524204,0.6053725433962972,0.02579910880246055,632,democracy
full2_reduced_no_non_verbal,wdj_expression_lag1,0.4333333265781403,Mixed Outcome,2,0.2566603380347074,0.23004956330768217,0.2852090555425565,0.014078678947826646,632,democracy
full2_reduced_no_non_verbal,wdj_expression_lag1,0.4333333265781403,Contracts Expression,1,0.18824864471355784,0.15621203718682727,0.22510267773542308,0.017562412243892607,632,democracy
full2_reduced_no_non_verbal,wdj_expression_lag1,0.4333333265781403,Expands Expression,3,0.5550910172517338,0.5055751782744349,0.6035366338131062,0.02507001813485021,632,democracy
full2_reduced_no_non_verbal,wdj_expression_lag1,0.46666666030883786,Mixed Outcome,2,0.2542322552838429,0.22892391886375899,0.2813177276302754,0.013371887526499903,632,democracy
full2_reduced_no_non_verbal,wdj_expression_lag1,0.46666666030883786,Contracts Expression,1,0.19116937534490755,0.1578538757438846,0.22959921159936345,0.0182912137063595,632,democracy
full2_reduced_no_non_verbal,wdj_expression_lag1,0.46666666030883786,Expands Expression,3,0.5545983693712486,0.5063522267056809,0.6018370251446307,0.02443233163935214,632,democracy
full2_reduced_no_non_verbal,wdj_expression_lag1,0.49999999403953566,Mixed Outcome,2,0.2518093933393698,0.2275840318643996,0.2776863947432025,0.012786380220955823,632,democracy
full2_reduced_no_non_verbal,wdj_expression_lag1,0.49999999403953566,Contracts Expression,1,0.19412066908402423,0.15932442225013274,0.23439748802542965,0.019140781523259626,632,democracy
full2_reduced_no_non_verbal,wdj_expression_lag1,0.49999999403953566,Expands Expression,3,0.5540699375766065,0.5068933905345259,0.6002920838429487,0.02389543895934539,632,democracy
full2_reduced_no_non_verbal,wdj_expression_lag1,0.5333333277702332,Mixed Outcome,2,0.24939193281493477,0.22600534056724975,0.27434076056154455,0.012334926156300467,632,democracy
full2_reduced_no_non_verbal,wdj_expression_lag1,0.5333333277702332,Contracts Expression,1,0.19710246782978205,0.1606377876589578,0.2394829217890118,0.02010391307355434,632,democracy
full2_reduced_no_non_verbal,wdj_expression_lag1,0.5333333277702332,Expands Expression,3,0.5535055993552838,0.5071804734765971,0.5989197655716705,0.023468517084512783,632,democracy
full2_reduced_no_non_verbal,wdj_expression_lag1,0.5666666615009308,Mixed Outcome,2,0.24698005547709018,0.2241678513511972,0.27130192459807717,0.012027962903805972,632,democracy
full2_reduced_no_non_verbal,wdj_expression_lag1,0.5666666615009308,Contracts Expression,1,0.2001147030715917,0.1618089231471457,0.2448398903116574,0.021172944895736193,632,democracy
full2_reduced_no_non_verbal,wdj_expression_lag1,0.5666666615009308,Expands Expression,3,0.5529052414513191,0.5071966159248112,0.5977367452292509,0.023160087899604248,632,democracy
full2_reduced_no_non_verbal,wdj_expression_lag1,0.5999999952316286,Mixed Outcome,2,0.24457394417687434,0.22205937876075282,0.26858314152021073,0.01187194255907602,632,democracy
full2_reduced_no_non_verbal,wdj_expression_lag1,0.5999999952316286,Contracts Expression,1,0.2031572957771877,0.1628527104494833,0.2504526376395465,0.022340218453583322,632,democracy
full2_reduced_no_non_verbal,wdj_expression_lag1,0.5999999952316286,Expands Expression,3,0.5522687600459375,0.5069272499318556,0.5967574645322729,0.022977533712920363,632,democracy
full2_reduced_no_non_verbal,wdj_expression_lag1,0.6333333289623262,Mixed Outcome,2,0.24217378277901477,0.21967809905233,0.26618726702622686,0.011868027669439103,632,democracy
full2_reduced_no_non_verbal,wdj_expression_lag1,0.6333333289623262,Contracts Expression,1,0.2062301562869827,0.16378333561918695,0.2563058954805167,0.02359840096152849,632,democracy
full2_reduced_no_non_verbal,wdj_expression_lag1,0.6333333289623262,Expands Expression,3,0.5515960609340044,0.5063610256219888,0.5959932082527782,0.0229266273217503,632,democracy
full2_reduced_no_non_verbal,wdj_expression_lag1,0.6666666626930238,Mixed Outcome,2,0.23977975608877036,0.2170334958673213,0.2641058116506141,0.012011607108511044,632,democracy
full2_reduced_no_non_verbal,wdj_expression_lag1,0.6666666626930238,Contracts Expression,1,0.20933318421522884,0.16461391290356991,0.26238525465931173,0.024940678293449595,632,democracy
full2_reduced_no_non_verbal,wdj_expression_lag1,0.6666666626930238,Expands Expression,3,0.5508870596960036,0.505490574812961,0.5954513433182145,0.023011144950770498,632,democracy
full2_reduced_no_non_verbal,wdj_expression_lag1,0.6999999964237213,Mixed Outcome,2,0.2373920497765047,0.21414528758437362,0.26232001294615404,0.012292841411198496,632,democracy
full2_reduced_no_non_verbal,wdj_expression_lag1,0.6999999964237213,Contracts Expression,1,0.21246626835818952,0.16535630266465828,0.26867734311119446,0.026360848628060003,632,democracy
full2_reduced_no_non_verbal,wdj_expression_lag1,0.6999999964237213,Expands Expression,3,0.5501416818653058,0.5043129858375758,0.5951348467725527,0.023232626218913543,632,democracy
full2_reduced_no_non_verbal,wdj_expression_lag1,0.7333333301544189,Mixed Outcome,2,0.23501085030000382,0.21104071155242957,0.26080355084109075,0.012698046312662779,632,democracy
full2_reduced_no_non_verbal,wdj_expression_lag1,0.7333333301544189,Contracts Expression,1,0.21562928660954916,0.16602106529902907,0.2751698685065587,0.02785334649602752,632,democracy
full2_reduced_no_non_verbal,wdj_expression_lag1,0.7333333301544189,Expands Expression,3,0.5493598630904483,0.5028299076628925,0.5950422044867175,0.023590322818318077,632,democracy
full2_reduced_no_non_verbal,wdj_expression_lag1,0.7666666638851167,Mixed Outcome,2,0.23263634482460677,0.2077510948811023,0.2595259764942676,0.013211440356828945,632,democracy
full2_reduced_no_non_verbal,wdj_expression_lag1,0.7666666638851167,Contracts Expression,1,0.21882210588324433,0.16661750178231396,0.28185157492764884,0.029413222467450807,632,democracy
full2_reduced_no_non_verbal,wdj_expression_lag1,0.7666666638851167,Expands Expression,3,0.5485415492921484,0.5010472710371999,0.5951676928732536,0.024081342114166838,632,democracy
full2_reduced_no_non_verbal,wdj_expression_lag1,0.7999999976158143,Mixed Outcome,2,0.2302687211412187,0.20430866673961912,0.25845589969677213,0.01381676950652549,632,democracy
full2_reduced_no_non_verbal,wdj_expression_lag1,0.7999999976158143,Contracts Expression,1,0.22204458204393324,0.1671537435229257,0.28871215095603936,0.03103609755923413,632,democracy
full2_reduced_no_non_verbal,wdj_expression_lag1,0.7999999976158143,Expands Expression,3,0.5476866968148488,0.49897468710098514,0.5955019831522553,0.024700954837830035,632,democracy
full2_reduced_no_non_verbal,wdj_expression_lag1,0.8333333313465119,Mixed Outcome,2,0.22790816758226065,0.20074419206618957,0.2575633549175751,0.014498512971324793,632,democracy
full2_reduced_no_non_verbal,wdj_expression_lag1,0.8333333313465119,Contracts Expression,1,0.22529655984528008,0.16763686564757052,0.2957421150888917,0.032718105599056475,632,democracy
full2_reduced_no_non_verbal,wdj_expression_lag1,0.8333333313465119,Expands Expression,3,0.5467952725724599,0.4966246360404088,0.5960329555719036,0.025443009493558308,632,democracy
full2_reduced_no_non_verbal,wdj_expression_lag1,0.8666666650772097,Mixed Outcome,2,0.2255548729356345,0.19708556185135565,0.25682121082915005,0.015242601311476983,632,democracy
full2_reduced_no_non_verbal,wdj_expression_lag1,0.8666666650772097,Contracts Expression,1,0.22857787287623463,0.168073007051187,0.30293269518896787,0.03445583207689548,632,democracy
full2_reduced_no_non_verbal,wdj_expression_lag1,0.8666666650772097,Expands Expression,3,0.5458672541881305,0.49401157642590104,0.5967465929218893,0.026300386915437,632,democracy
full2_reduced_no_non_verbal,wdj_expression_lag1,0.8999999988079073,Mixed Outcome,2,0.22320902635676698,0.1933571853265237,0.2562057779809278,0.01603672570580753,632,democracy
full2_reduced_no_non_verbal,wdj_expression_lag1,0.8999999988079073,Contracts Expression,1,0.23188834351547977,0.16846748726965033,0.3102757119428208,0.03624625457744327,632,democracy
full2_reduced_no_non_verbal,wdj_expression_lag1,0.8999999988079073,Expands Expression,3,0.5449026301277511,0.4911510912401777,0.5976278373142672,0.027265435890392722,632,democracy
full2_reduced_no_non_verbal,wdj_expression_lag1,0.9333333325386048,Mixed Outcome,2,0.2208708172788267,0.18957992863669215,0.2556968700411193,0.01687036865499852,632,democracy
full2_reduced_no_non_verbal,wdj_expression_lag1,0.9333333325386048,Contracts Expression,1,0.23522778289421273,0.16882491480721085,0.31776347172503444,0.03808668754882966,632,democracy
full2_reduced_no_non_verbal,wdj_expression_lag1,0.9333333325386048,Expands Expression,3,0.5439013998269617,0.4880591516427885,0.5986613291631003,0.028330348590117686,632,democracy
full2_reduced_no_non_verbal,wdj_expression_lag1,0.9666666662693024,Mixed Outcome,2,0.21854043532118647,0.1857713644645826,0.25527755413835357,0.017734676240510536,632,democracy
full2_reduced_no_non_verbal,wdj_expression_lag1,0.9666666662693024,Contracts Expression,1,0.238595990867396,0.16914928449452762,0.3253886713157742,0.03997473265679106,632,democracy
full2_reduced_no_non_verbal,wdj_expression_lag1,0.9666666662693024,Expands Expression,3,0.5428635738114174,0.4847515393304809,0.5998319874804223,0.02948745503828138,632,democracy
full2_reduced_no_non_verbal,wdj_expression_lag1,1.0,Mixed Outcome,2,0.21621807019622075,0.18194616206829986,0.25493376084060737,0.018622258904073277,632,democracy
full2_reduced_no_non_verbal,wdj_expression_lag1,1.0,Contracts Expression,1,0.241992755993644,0.16944406323487451,0.33314431513380083,0.04190823506193246,632,democracy
full2_reduced_no_non_verbal,wdj_expression_lag1,1.0,Expands Expression,3,0.5417891738101372,0.4812434343392195,0.6011254246190623,0.030729433168329642,632,democracy
full2_reduced_no_speech_no_non_verbal,court_independence_lag1,-2.684999942779541,Mixed Outcome,2,0.208129294849076,0.0686942290945724,0.4836171665867863,0.10685058451453626,193,autocracy
full2_reduced_no_speech_no_non_verbal,court_independence_lag1,-2.684999942779541,Contracts Expression,1,0.6986532664216805,0.4685081896883371,0.8591103333190664,0.10387685691989067,193,autocracy
full2_reduced_no_speech_no_non_verbal,court_independence_lag1,-2.684999942779541,Expands Expression,3,0.09321743872924301,0.03491318110743912,0.22607955740087907,0.04504153399002509,193,autocracy
full2_reduced_no_speech_no_non_verbal,court_independence_lag1,-2.593139944076538,Mixed Outcome,2,0.20422947370190717,0.06945201505913375,0.46879169854130737,0.10241181842486571,193,autocracy
full2_reduced_no_speech_no_non_verbal,court_independence_lag1,-2.593139944076538,Contracts Expression,1,0.6971154323470962,0.47626662006643167,0.8534854055796178,0.10003785596479368,193,autocracy
full2_reduced_no_speech_no_non_verbal,court_independence_lag1,-2.593139944076538,Expands Expression,3,0.09865509395099634,0.03825934116519326,0.23144690483868982,0.045918258940367974,193,autocracy
full2_reduced_no_speech_no_non_verbal,court_independence_lag1,-2.5012799453735353,Mixed Outcome,2,0.20026585782730477,0.07016801243799516,0.45384284382835927,0.0980159316711372,193,autocracy
full2_reduced_no_speech_no_non_verbal,court_independence_lag1,-2.5012799453735353,Contracts Expression,1,0.6953502548522029,0.4835428175394109,0.847659180624725,0.096313119779203,193,autocracy
full2_reduced_no_speech_no_non_verbal,court_independence_lag1,-2.5012799453735353,Expands Expression,3,0.10438388732049217,0.04193173575689703,0.2368555228625886,0.04671807079285091,193,autocracy
full2_reduced_no_speech_no_non_verbal,court_independence_lag1,-2.4094199466705324,Mixed Outcome,2,0.19623860586470285,0.07083965288006581,0.4387886035658407,0.09366469153352554,193,autocracy
full2_reduced_no_speech_no_non_verbal,court_independence_lag1,-2.4094199466705324,Contracts Expression,1,0.6933482242735849,0.4903087363260647,0.8416303421086132,0.09270567638268612,193,autocracy
full2_reduced_no_speech_no_non_verbal,court_independence_lag1,-2.4094199466705324,Expands Expression,3,0.11041316986171223,0.045957473684358846,0.24230867739029205,0.04743132542134467,193,autocracy
full2_reduced_no_speech_no_non_verbal,court_independence_lag1,-2.3175599479675295,Mixed Outcome,2,0.19214832167713608,0.07146433718425228,0.42364900658695803,0.08936027047916177,193,autocracy
full2_reduced_no_speech_no_non_verbal,court_independence_lag1,-2.3175599479675295,Contracts Expression,1,0.6910998601773213,0.49653948585706786,0.8353975889664652,0.08921795824488088,193,autocracy
full2_reduced_no_speech_no_non_verbal,court_independence_lag1,-2.3175599479675295,Expands Expression,3,0.11675181814554247,0.05036470046157647,0.24781048185121204,0.04804844079518077,193,autocracy
full2_reduced_no_speech_no_non_verbal,court_independence_lag1,-2.225699949264526,Mixed Outcome,2,0.18799609174241858,0.0720393992422903,0.4084463368585984,0.08510531013604358,193,autocracy
full2_reduced_no_speech_no_non_verbal,court_independence_lag1,-2.225699949264526,Contracts Expression,1,0.6885957707995765,0.5022136179438667,0.8289594543767654,0.08585169386074526,193,autocracy
full2_reduced_no_speech_no_non_verbal,court_independence_lag1,-2.225699949264526,Expands Expression,3,0.12340813745800515,0.05518235537176504,0.2533659630762063,0.04856005721112761,193,autocracy
full2_reduced_no_speech_no_non_verbal,court_independence_lag1,-2.1338399505615233,Mixed Outcome,2,0.18378351941067814,0.07256205595475793,0.393205357778745,0.080902989332293,193,autocracy
full2_reduced_no_speech_no_non_verbal,court_independence_lag1,-2.1338399505615233,Contracts Expression,1,0.6858267173588399,0.5073133392694563,0.8223141172999193,0.08260781214760168,193,autocracy
full2_reduced_no_speech_no_non_verbal,court_independence_lag1,-2.1338399505615233,Expands Expression,3,0.13038976323048196,0.06043985527993677,0.25898114004626455,0.048957219418487526,193,autocracy
full2_reduced_no_speech_no_non_verbal,court_independence_lag1,-2.0419799518585204,Mixed Outcome,2,0.17951275492820068,0.07302934065767819,0.3779535235261845,0.07675709563129277,193,autocracy
full2_reduced_no_speech_no_non_verbal,court_independence_lag1,-2.0419799518585204,Contracts Expression,1,0.6827836828008887,0.5118246331040601,0.815459224168072,0.07948636891668204,193,autocracy
full2_reduced_no_speech_no_non_verbal,court_independence_lag1,-2.0419799518585204,Expands Expression,3,0.13770356227091096,0.066166695957404,0.26466311843047896,0.0492315808090833,193,autocracy
full2_reduced_no_speech_no_non_verbal,court_independence_lag1,-1.9501199531555176,Mixed Outcome,2,0.17518652011401134,0.07343801730139925,0.3627211666624616,0.07267209980658089,193,autocracy
full2_reduced_no_speech_no_non_verbal,court_independence_lag1,-1.9501199531555176,Contracts Expression,1,0.6794579444159792,0.5157372739969575,0.8083917429355013,0.07648650599636617,193,autocracy
full2_reduced_no_speech_no_non_verbal,court_independence_lag1,-1.9501199531555176,Expands Expression,3,0.145355535470009,0.07239196173212364,0.27042020533782174,0.04937562988040509,193,autocracy
full2_reduced_no_speech_no_non_verbal,court_independence_lag1,-1.8582599544525147,Mixed Outcome,2,0.17080812659850234,0.07378447218864102,0.3475416511274985,0.0686532328903108,193,autocracy
full2_reduced_no_speech_no_non_verbal,court_independence_lag1,-1.8582599544525147,Contracts Expression,1,0.6758411496503244,0.5190447200957765,0.8011078754120156,0.07360645431265539,193,autocracy
full2_reduced_no_speech_no_non_verbal,court_independence_lag1,-1.8582599544525147,Expands Expression,3,0.15335072375117306,0.07914373435886463,0.2762620508901739,0.04938293954152796,193,autocracy
full2_reduced_no_speech_no_non_verbal,court_independence_lag1,-1.7663999557495118,Mixed Outcome,2,0.1663814865965051,0.07406457975201826,0.3324514799751252,0.06470656553638317,193,autocracy
full2_reduced_no_speech_no_non_verbal,court_independence_lag1,-1.7663999557495118,Contracts Expression,1,0.6719253943242259,0.5217438705113554,0.7936030556125144,0.070843591897654,193,autocracy
full2_reduced_no_speech_no_non_verbal,court_independence_lag1,-1.7663999557495118,Expands Expression,3,0.16169311907926906,0.08644839213922327,0.2821998256878068,0.049248440463460615,193,autocracy
full2_reduced_no_speech_no_non_verbal,court_independence_lag1,-1.6745399570465087,Mixed Outcome,2,0.16191111529294822,0.07427353831952159,0.3174903490438876,0.0608390898514618,193,autocracy
full2_reduced_no_speech_no_non_verbal,court_independence_lag1,-1.6745399570465087,Contracts Expression,1,0.6677033023714224,0.5238346768871665,0.7858720631786801,0.06819456760144046,193,autocracy
full2_reduced_no_speech_no_non_verbal,court_independence_lag1,-1.6745399570465087,Expands Expression,3,0.1703855823356298,0.09432979030491453,0.2882464463498678,0.04896872074419406,193,autocracy
full2_reduced_no_speech_no_non_verbal,court_independence_lag1,-1.5826799583435058,Mixed Outcome,2,0.1574021240683763,0.07440567158387115,0.3027011399051514,0.05705880407457812,193,autocracy
full2_reduced_no_speech_no_non_verbal,court_independence_lag1,-1.5826799583435058,Contracts Expression,1,0.6631681061320824,0.5253196036386135,0.777909278660903,0.06565549912981594,193,autocracy
full2_reduced_no_speech_no_non_verbal,court_independence_lag1,-1.5826799583435058,Expands Expression,3,0.1794297697995412,0.10280831363972634,0.2944168644234598,0.04854235548860786,193,autocracy
full2_reduced_no_speech_no_non_verbal,court_independence_lag1,-1.490819959640503,Mixed Outcome,2,0.15286020398288697,0.07445419135338355,0.2881298491768074,0.05337480087937735,193,autocracy
full2_reduced_no_speech_no_non_verbal,court_independence_lag1,-1.490819959640503,Contracts Expression,1,0.6583137261694699,0.526202936034239,0.7697091038950697,0.06322225172735554,193,autocracy
full2_reduced_no_speech_no_non_verbal,court_independence_lag1,-1.490819959640503,Expands Expression,3,0.18882606984764297,0.11189979182566186,0.3007284380332623,0.047970271826892466,193,autocracy
full2_reduced_no_speech_no_non_verbal,court_independence_lag1,-1.3989599609374999,Mixed Outcome,2,0.14829159916682697,0.07441091790096144,0.27382545500120586,0.0497973600276376,193,autocracy
full2_reduced_no_speech_no_non_verbal,court_independence_lag1,-1.3989599609374999,Contracts Expression,1,0.6531348495409836,0.5264899407868985,0.7612665650388344,0.060890800769147345,193,autocracy
full2_reduced_no_speech_no_non_verbal,court_independence_lag1,-1.3989599609374999,Expands Expression,3,0.19857355129218987,0.12161426746594557,0.307201409482968,0.04725615699542223,193,autocracy
full2_reduced_no_speech_no_non_verbal,court_independence_lag1,-1.307099962234497,Mixed Outcome,2,0.14370307002879149,0.07426595660096207,0.2598397244816917,0.04633804527324464,193,autocracy
full2_reduced_no_speech_no_non_verbal,court_independence_lag1,-1.307099962234497,Contracts Expression,1,0.6476270054410539,0.5261858904468344,0.7525781077736972,0.058657677578402845,193,autocracy
full2_reduced_no_speech_no_non_verbal,court_independence_lag1,-1.307099962234497,Expands Expression,3,0.20866992453015482,0.1319546061678293,0.3138595159986613,0.04640691942209632,193,autocracy
full2_reduced_no_speech_no_non_verbal,court_independence_lag1,-1.215239963531494,Mixed Outcome,2,0.13910184647756368,0.07400733473266963,0.2462269672156886,0.043009803289240756,193,autocracy
full2_reduced_no_speech_no_non_verbal,court_independence_lag1,-1.215239963531494,Contracts Expression,1,0.6417866371481473,0.5252949696685988,0.7436425844112562,0.056520493428976006,193,autocracy
full2_reduced_no_speech_no_non_verbal,court_independence_lag1,-1.215239963531494,Expands Expression,3,0.2191115163742888,0.1429149391975352,0.3207307622055604,0.045433214109713786,193,autocracy
full2_reduced_no_speech_no_non_verbal,court_independence_lag1,-1.1233799648284912,Mixed Outcome,2,0.13449557165375597,0.0736206133298818,0.23304373525707192,0.0398270571535742,193,autocracy
full2_reduced_no_speech_no_non_verbal,court_independence_lag1,-1.1233799648284912,Contracts Expression,1,0.6356111692517938,0.523819089264782,0.7344624205708031,0.05447853155658547,193,autocracy
full2_reduced_no_speech_no_non_verbal,court_independence_lag1,-1.1233799648284912,Expands Expression,3,0.22989325909445033,0.15447893368162743,0.32784838089470925,0.0443500432813735,193,autocracy
full2_reduced_no_speech_no_non_verbal,court_independence_lag1,-1.0315199661254884,Mixed Outcome,2,0.12989223696655938,0.07308850902671825,0.22034845626406874,0.036805777138074945,193,autocracy
full2_reduced_no_speech_no_non_verbal,court_independence_lag1,-1.0315199661254884,Contracts Expression,1,0.6290990692075581,0.5217566446332117,0.7250449332927883,0.05253339029339135,193,autocracy
full2_reduced_no_speech_no_non_verbal,court_independence_lag1,-1.0315199661254884,Expands Expression,3,0.2410086938258822,0.16661789824833845,0.3352519971841227,0.043177438348789655,193,autocracy
full2_reduced_no_speech_no_non_verbal,court_independence_lag1,-0.9396599674224853,Mixed Outcome,2,0.12530010951741305,0.07239059590262573,0.20820095668430308,0.03396349390141938,193,autocracy
full2_reduced_no_speech_no_non_verbal,court_independence_lag1,-0.9396599674224853,Contracts Expression,1,0.6222499023661473,0.5191012705441996,0.7154037511912357,0.05068965126758169,193,autocracy
full2_reduced_no_speech_no_non_verbal,court_independence_lag1,-0.9396599674224853,Expands Expression,3,0.2524499881164392,0.17928876249205222,0.34298898075575074,0.041941214944147376,193,autocracy
full2_reduced_no_speech_no_non_verbal,court_independence_lag1,-0.8477999687194824,Mixed Outcome,2,0.12072765325167231,0.07150321273014246,0.19666178061358947,0.03131919115235532,193,autocracy
full2_reduced_no_speech_no_non_verbal,court_independence_lag1,-0.8477999687194824,Contracts Expression,1,0.6150643797437856,0.5158406678205706,0.7055602574992107,0.0489555333348249,193,autocracy
full2_reduced_no_speech_no_non_verbal,court_independence_lag1,-0.8477999687194824,Expands Expression,3,0.26420796700454224,0.19243202872004228,0.3511159105781776,0.04067376312221155,193,autocracy
full2_reduced_no_speech_no_non_verbal,court_independence_lag1,-0.7559399700164795,Mixed Outcome,2,0.11618344539822058,0.07039977985996909,0.18579113293565175,0.02889297469517425,193,autocracy
full2_reduced_no_speech_no_non_verbal,court_independence_lag1,-0.7559399700164795,Contracts Expression,1,0.6075443979395427,0.5119556133624783,0.6955449348619467,0.04734347347414445,193,autocracy
full2_reduced_no_speech_no_non_verbal,court_independence_lag1,-0.7559399700164795,Expands Expression,3,0.2762721566622368,0.2059699054660763,0.3596999632993199,0.039414778470807564,193,autocracy
full2_reduced_no_speech_no_non_verbal,court_independence_lag1,-0.6640799713134764,Mixed Outcome,2,0.11167608992390302,0.06905182109392131,0.17564718414803743,0.026705368553445148,193,autocracy
full2_reduced_no_speech_no_non_verbal,court_independence_lag1,-0.6640799713134764,Contracts Expression,1,0.5996930707551763,0.5074193151163928,0.6853984348683403,0.04587054936884987,193,autocracy
full2_reduced_no_speech_no_non_verbal,court_independence_lag1,-0.6640799713134764,Expands Expression,3,0.28863083932092054,0.21980501117484977,0.36881985520467,0.0382117485120778,193,autocracy
full2_reduced_no_speech_no_non_verbal,court_independence_lag1,-0.5722199726104735,Mixed Outcome,2,0.10721412983571307,0.06743104796795801,0.16628340952765994,0.02477605794868307,193,autocracy
full2_reduced_no_speech_no_non_verbal,court_independence_lag1,-0.5722199726104735,Contracts Expression,1,0.5915147522270868,0.5021973354680043,0.6751721284666777,0.04455862608138883,193,autocracy
full2_reduced_no_speech_no_non_verbal,court_independence_lag1,-0.5722199726104735,Expands Expression,3,0.3012711179372001,0.23382028839543836,0.37856571175625076,0.03711987928392014,193,autocracy
full2_reduced_no_speech_no_non_verbal,court_independence_lag1,-0.48035997390747065,Mixed Outcome,2,0.10280596020319968,0.06551280467864692,0.1577446896747781,0.023121931064180316,193,autocracy
full2_reduced_no_speech_no_non_verbal,court_independence_lag1,-0.48035997390747065,Contracts Expression,1,0.5830150509306324,0.4962483634874529,0.6649278321919964,0.04343407950036306,193,autocracy
full2_reduced_no_speech_no_non_verbal,court_independence_lag1,-0.48035997390747065,Expands Expression,3,0.3141789888661675,0.24788103920582175,0.38903696414914773,0.03620100724613125,193,autocracy
full2_reduced_no_speech_no_non_verbal,court_independence_lag1,-0.3884999752044678,Mixed Outcome,2,0.09845974374467417,0.06328085871041443,0.15006220606598117,0.021754435182621445,193,autocracy
full2_reduced_no_speech_no_non_verbal,court_independence_lag1,-0.3884999752044678,Contracts Expression,1,0.5742008355569362,0.4895261422402536,0.6547363768206417,0.042526935451379574,193,autocracy
full2_reduced_no_speech_no_non_verbal,court_independence_lag1,-0.3884999752044678,Expands Expression,3,0.3273394206983893,0.2618401167402939,0.40033724365139517,0.03552097515790615,193,autocracy
full2_reduced_no_speech_no_non_verbal,court_independence_lag1,-0.2966399765014649,Mixed Outcome,2,0.09418333072550532,0.060732876473791206,0.14324780299251494,0.020676598183752577,193,autocracy
full2_reduced_no_speech_no_non_verbal,court_independence_lag1,-0.2966399765014649,Contracts Expression,1,0.5650802318845812,0.4819827907238393,0.6446747497163567,0.04186929638907093,193,autocracy
full2_reduced_no_speech_no_non_verbal,court_independence_lag1,-0.2966399765014649,Expands Expression,3,0.3407364373899139,0.275546987200524,0.4125655599534719,0.03514510888183263,193,autocracy
full2_reduced_no_speech_no_non_verbal,court_independence_lag1,-0.20477997779846202,Mixed Outcome,2,0.08998418476074019,0.05788511467975408,0.13728928750601702,0.019880485666456,193,autocracy
full2_reduced_no_speech_no_non_verbal,court_independence_lag1,-0.20477997779846202,Contracts Expression,1,0.5556626113678746,0.4735735562249564,0.6348217460292213,0.041493030278769716,193,autocracy
full2_reduced_no_speech_no_non_verbal,court_independence_lag1,-0.20477997779846202,Expands Expression,3,0.35435320387138497,0.28886030491951004,0.42580411748886393,0.03513197171561927,193,autocracy
full2_reduced_no_speech_no_non_verbal,court_independence_lag1,-0.1129199790954587,Mixed Outcome,2,0.08586931590635823,0.05477442654819402,0.13214856244392156,0.019346088203287582,193,autocracy
full2_reduced_no_speech_no_non_verbal,court_independence_lag1,-0.1129199790954587,Contracts Expression,1,0.5459585716356143,0.46426266404456557,0.6252524337720468,0.04142688271193869,193,autocracy
full2_reduced_no_speech_no_non_verbal,court_independence_lag1,-0.1129199790954587,Expands Expression,3,0.3681721124580279,0.301661904707274,0.44010485748858297,0.035526450852650875,193,autocracy
full2_reduced_no_speech_no_non_verbal,court_independence_lag1,-0.021059980392455824,Mixed Outcome,2,0.0818452221749654,0.05145624024054462,0.12776392176633025,0.019042345398422887,193,autocracy
full2_reduced_no_speech_no_non_verbal,court_independence_lag1,-0.021059980392455824,Contracts Expression,1,0.535979909237767,0.45402947872635324,0.6160321932404674,0.04169340250045811,193,autocracy
full2_reduced_no_speech_no_non_verbal,court_independence_lag1,-0.021059980392455824,Expands Expression,3,0.38217486858726785,0.31386855690479254,0.4554783693785543,0.03635401821725398,193,autocracy
full2_reduced_no_speech_no_non_verbal,court_independence_lag1,0.07080001831054705,Mixed Outcome,2,0.07791784033552852,0.04799870276245173,0.12405629594111497,0.018930218327618206,193,autocracy
full2_reduced_no_speech_no_non_verbal,court_independence_lag1,0.07080001831054705,Contracts Expression,1,0.5257395849924174,0.44287384304859795,0.6072114429625882,0.04230624719350565,193,autocracy
full2_reduced_no_speech_no_non_verbal,court_independence_lag1,0.07080001831054705,Expands Expression,3,0.39634257467205386,0.3254377932482986,0.4718888492609563,0.03761802348238143,193,autocracy
full2_reduced_no_speech_no_non_verbal,court_independence_lag1,0.16266001701354993,Mixed Outcome,2,0.07409250656633173,0.04447477109545672,0.12093764216929044,0.018966894870194956,193,autocracy
full2_reduced_no_speech_no_non_verbal,court_independence_lag1,0.16266001701354993,Contracts Expression,1,0.5152516822742046,0.4308194508491973,0.598822179616835,0.04326844024067928,193,autocracy
full2_reduced_no_speech_no_non_verbal,court_independence_lag1,0.16266001701354993,Expands Expression,3,0.41065581115946376,0.33636615835189965,0.48925673479565157,0.03930083636001589,193,autocracy
full2_reduced_no_speech_no_non_verbal,court_independence_lag1,0.2545200157165528,Mixed Outcome,2,0.07037392723893593,0.04095460266063064,0.11831910186570654,0.01910990703624154,193,autocracy
full2_reduced_no_speech_no_non_verbal,court_independence_lag1,0.2545200157165528,Contracts Expression,1,0.5045313585528542,0.41791453555409097,0.5908770394517536,0.04457193632394223,193,autocracy
full2_reduced_no_speech_no_non_verbal,court_independence_lag1,0.2545200157165528,Expands Expression,3,0.4250947142082099,0.34668124291354296,0.5074676425881076,0.04136813287173421,193,autocracy
full2_reduced_no_speech_no_non_verbal,court_independence_lag1,0.3463800144195557,Mixed Outcome,2,0.06676615983062721,0.037499957982935844,0.11611718642479879,0.019320258473660656,193,autocracy
full2_reduced_no_speech_no_non_verbal,court_independence_lag1,0.3463800144195557,Contracts Expression,1,0.4935947904424596,0.40422987200044924,0.5833708797682132,0.04619849019976043,193,autocracy
full2_reduced_no_speech_no_non_verbal,court_independence_lag1,0.3463800144195557,Expands Expression,3,0.4396390497269131,0.356430824470247,0.5263842641055732,0.04377462603347399,193,autocracy
full2_reduced_no_speech_no_non_verbal,court_independence_lag1,0.43824001312255856,Mixed Outcome,2,0.06327260370415727,0.034161174116493324,0.11425740804497732,0.019564250229846484,193,autocracy
full2_reduced_no_speech_no_non_verbal,court_independence_lag1,0.43824001312255856,Contracts Expression,1,0.4824591124664948,0.38985475741395903,0.576284217854105,0.048121488641026305,193,autocracy
full2_reduced_no_speech_no_non_verbal,court_independence_lag1,0.43824001312255856,Expands Expression,3,0.45426828382934803,0.3656724430841029,0.5458578731922835,0.046469548069327134,193,autocracy
full2_reduced_no_speech_no_non_verbal,court_independence_lag1,0.5301000118255614,Mixed Outcome,2,0.05989600026478338,0.030976362036346166,0.11267568003320977,0.019814160421244235,193,autocracy
full2_reduced_no_speech_no_non_verbal,court_independence_lag1,0.5301000118255614,Contracts Expression,1,0.47114234968838087,0.3748919752239527,0.5695875341637289,0.05030823806003856,193,autocracy
full2_reduced_no_speech_no_non_verbal,court_independence_lag1,0.5301000118255614,Expands Expression,3,0.46896165004683593,0.3744653907197896,0.5657374470795365,0.049400882924232906,193,autocracy
full2_reduced_no_speech_no_non_verbal,court_independence_lag1,0.6219600105285643,Mixed Outcome,2,0.05663844181176795,0.027972102754052628,0.11131819301562426,0.020048133528501065,193,autocracy
full2_reduced_no_speech_no_non_verbal,court_independence_lag1,0.6219600105285643,Contracts Expression,1,0.4596633443111053,0.3594526866105169,0.5632455123045952,0.05272223508827376,193,autocracy
full2_reduced_no_speech_no_non_verbal,court_independence_lag1,0.6219600105285643,Expands Expression,3,0.483698213877127,0.3828656094040744,0.5858758858020848,0.05251810460071376,193,autocracy
full2_reduced_no_speech_no_non_verbal,court_independence_lag1,0.7138200092315676,Mixed Outcome,2,0.05350138824823354,0.02516493857439224,0.11014045566067368,0.02024963003361327,193,autocracy
full2_reduced_no_speech_no_non_verbal,court_independence_lag1,0.7138200092315676,Contracts Expression,1,0.44804167631994657,0.3436518902109402,0.5572205991925783,0.055325106237868266,193,autocracy
full2_reduced_no_speech_no_non_verbal,court_independence_lag1,0.7138200092315676,Expands Expression,3,0.4984569354318198,0.3909230646125078,0.6061337435842302,0.0557736489683588,193,autocracy
full2_reduced_no_speech_no_non_verbal,court_independence_lag1,0.8056800079345705,Mixed Outcome,2,0.05048569070104853,0.022563147434993557,0.1091060010227022,0.020406693929905382,193,autocracy
full2_reduced_no_speech_no_non_verbal,court_independence_lag1,0.8056800079345705,Contracts Expression,1,0.4362975782364001,0.3276047340752014,0.5514756305368559,0.05807808703565166,193,autocracy
full2_reduced_no_speech_no_non_verbal,court_independence_lag1,0.8056800079345705,Expands Expression,3,0.5132167310625505,0.3986808465784813,0.6263811993918458,0.059123504686254554,193,autocracy
full2_reduced_no_speech_no_non_verbal,court_independence_lag1,0.8975400066375734,Mixed Outcome,2,0.047591621030677676,0.020168492443451765,0.10818505941372754,0.020511194626189267,193,autocracy
full2_reduced_no_speech_no_non_verbal,court_independence_lag1,0.8975400066375734,Contracts Expression,1,0.4244518440742005,0.31142369910869827,0.5459755356276205,0.06094304744386333,193,autocracy
full2_reduced_no_speech_no_non_verbal,court_independence_lag1,0.8975400066375734,Expands Expression,3,0.5279565348951215,0.4061753041477687,0.6464989421662075,0.06252728071658385,193,autocracy
full2_reduced_no_speech_no_non_verbal,court_independence_lag1,0.9894000053405763,Mixed Outcome,2,0.04481890617748836,0.017977792594759474,0.10735334830326076,0.020558123358862694,193,autocracy
full2_reduced_no_speech_no_non_verbal,court_independence_lag1,0.9894000053405763,Contracts Expression,1,0.41252573264293774,0.29521652780813773,0.5406882835344436,0.06388314517700028,193,autocracy
full2_reduced_no_speech_no_non_verbal,court_independence_lag1,0.9894000053405763,Expands Expression,3,0.5426553611795742,0.41343670345907235,0.6663784590747582,0.0659480108268797,193,autocracy
full2_reduced_no_speech_no_non_verbal,court_independence_lag1,1.0812600040435791,Mixed Outcome,2,0.04216676629230118,0.01598425717558551,0.10659103623618342,0.020544976359613817,193,autocracy
full2_reduced_no_speech_no_non_verbal,court_independence_lag1,1.0812600040435791,Contracts Expression,1,0.40054086543180795,0.2790847314122482,0.535585274165822,0.06686320887210757,193,autocracy
full2_reduced_no_speech_no_non_verbal,court_independence_lag1,1.0812600040435791,Expands Expression,3,0.5572923682758915,0.4204900886947971,0.6859220311394132,0.06935186018737288,193,autocracy
full2_reduced_no_speech_no_non_verbal,court_independence_lag1,1.173120002746582,Mixed Outcome,2,0.039633955630572704,0.014178579229356897,0.10588188736197356,0.02047123091870287,193,autocracy
full2_reduced_no_speech_no_non_verbal,court_independence_lag1,1.173120002746582,Contracts Expression,1,0.38851911942381095,0.26312252231768657,0.53064136305128,0.06984994500884173,193,autocracy
full2_reduced_no_speech_no_non_verbal,court_independence_lag1,1.173120002746582,Expands Expression,3,0.5718469249456161,0.4273561641745739,0.7050426001678525,0.072707825909149,193,autocracy
full2_reduced_no_speech_no_non_verbal,court_independence_lag1,1.264980001449585,Mixed Outcome,2,0.03721880524638299,0.012549808600478694,0.1052125697939269,0.020337908113813287,193,autocracy
full2_reduced_no_speech_no_non_verbal,court_independence_lag1,1.264980001449585,Contracts Expression,1,0.376482515334855,0.24741605665133018,0.5258346678820023,0.07281204114724052,193,autocracy
full2_reduced_no_speech_no_non_verbal,court_independence_lag1,1.264980001449585,Expands Expression,3,0.5862986794187623,0.4340521067562834,0.7236635833167878,0.07598747697476822,193,autocracy
full2_reduced_no_speech_no_non_verbal,court_independence_lag1,1.3568400001525882,Mixed Outcome,2,0.034919266599036054,0.011086034488156652,0.10457210294878366,0.020147211353832302,193,autocracy
full2_reduced_no_speech_no_non_verbal,court_independence_lag1,1.3568400001525882,Contracts Expression,1,0.36445310193626274,0.23204291054937473,0.5211462618347129,0.07572021572325394,193,autocracy
full2_reduced_no_speech_no_non_verbal,court_independence_lag1,1.3568400001525882,Expands Expression,3,0.600627631464701,0.4405922728325106,0.7417186592744085,0.07916475017378455,193,autocracy
full2_reduced_no_speech_no_non_verbal,court_independence_lag1,1.4486999988555906,Mixed Outcome,2,0.032732955276168166,0.009774908835852957,0.10395141829192667,0.019902229097153043,193,autocracy
full2_reduced_no_speech_no_non_verbal,court_independence_lag1,1.4486999988555906,Contracts Expression,1,0.35245283729473914,0.21707174398383866,0.5165598228871233,0.0785472460632482,193,autocracy
full2_reduced_no_speech_no_non_verbal,court_independence_lag1,1.4486999988555906,Expands Expression,3,0.6148142074290929,0.4469887921460647,0.7591515255322963,0.08221580388790134,193,autocracy
full2_reduced_no_speech_no_non_verbal,court_independence_lag1,1.540559997558594,Mixed Outcome,2,0.03065719413765662,0.008604039557381326,0.10334301073129577,0.019606691074932358,193,autocracy
full2_reduced_no_speech_no_non_verbal,court_independence_lag1,1.540559997558594,Contracts Expression,1,0.34050346794112,0.20256212671694704,0.5120612809683737,0.08126799211640201,193,autocracy
full2_reduced_no_speech_no_non_verbal,court_independence_lag1,1.540559997558594,Expands Expression,3,0.6288393379212233,0.45325205460210677,0.7759156161008531,0.08511892397116244,193,autocracy
full2_reduced_no_speech_no_non_verbal,court_independence_lag1,1.6324199962615964,Mixed Outcome,2,0.028689055289580396,0.0075612789500714185,0.1027406614382081,0.019264768832774316,193,autocracy
full2_reduced_no_speech_no_non_verbal,court_independence_lag1,1.6324199962615964,Contracts Expression,1,0.3286264071478339,0.18856451222835618,0.5076384865122062,0.08385942395850714,193,autocracy
full2_reduced_no_speech_no_non_verbal,court_independence_lag1,1.6324199962615964,Expands Expression,3,0.6426845375625854,0.4593911035302804,0.7919737663671983,0.08785447191447764,193,autocracy
full2_reduced_no_speech_no_non_verbal,court_independence_lag1,1.7242799949645997,Mixed Outcome,2,0.026825400402816772,0.006634928717461972,0.10213921666336359,0.018880912984943567,193,autocracy
full2_reduced_no_speech_no_non_verbal,court_independence_lag1,1.7242799949645997,Contracts Expression,1,0.31684261364439653,0.17512035051228517,0.5032809116551517,0.08630065483821439,193,autocracy
full2_reduced_no_speech_no_non_verbal,court_independence_lag1,1.7242799949645997,Expands Expression,3,0.6563319859527866,0.4654139481279897,0.8072978163419438,0.09040486556159187,193,autocracy
full2_reduced_no_speech_no_non_verbal,court_independence_lag1,1.816139993667603,Mixed Outcome,2,0.025062918993003894,0.005813879375964882,0.10153441031556158,0.018459720953805683,193,autocracy
full2_reduced_no_speech_no_non_verbal,court_independence_lag1,1.816139993667603,Contracts Expression,1,0.30517247222060784,0.16226233087289588,0.4989793883942185,0.08857297808997681,193,autocracy
full2_reduced_no_speech_no_non_verbal,court_independence_lag1,1.816139993667603,Expands Expression,3,0.6697646087863883,0.4713278095004128,0.821868146609857,0.0927545817093065,193,autocracy
full2_reduced_no_speech_no_non_verbal,court_independence_lag1,1.9079999923706055,Mixed Outcome,2,0.023398164374711584,0.005087698606149404,0.10092272076786454,0.018005830123129552,193,autocracy
full2_reduced_no_speech_no_non_verbal,court_independence_lag1,1.9079999923706055,Contracts Expression,1,0.29363567774989824,0.15001474401652914,0.49472588380533394,0.09065990429938688,193,autocracy
full2_reduced_no_speech_no_non_verbal,court_independence_lag1,1.9079999923706055,Expands Expression,3,0.6829661578753901,0.47713931153771655,0.835673147797591,0.09489017153450202,193,autocracy
full2_reduced_no_speech_no_non_verbal,v2jupurge_lag1,-2.7739999294281006,Mixed Outcome,2,0.06947891433630088,0.028148380882232725,0.16141604498935705,0.031237581853617285,193,autocracy
full2_reduced_no_speech_no_non_verbal,v2jupurge_lag1,-2.7739999294281006,Contracts Expression,1,0.47401772166223993,0.23621842440928306,0.7242175146995193,0.13605022229791697,193,autocracy
full2_reduced_no_speech_no_non_verbal,v2jupurge_lag1,-2.7739999294281006,Expands Expression,3,0.45650336400145974,0.22203038583707052,0.7119796773631393,0.13664494864952687,193,autocracy
full2_reduced_no_speech_no_non_verbal,v2jupurge_lag1,-2.6679599285125732,Mixed Outcome,2,0.07011322543408466,0.029226039904714157,0.15884203987411127,0.03053960954445137,193,autocracy
full2_reduced_no_speech_no_non_verbal,v2jupurge_lag1,-2.6679599285125732,Contracts Expression,1,0.47601886756969797,0.24408300679446288,0.7187817773821056,0.1316408702664163,193,autocracy
full2_reduced_no_speech_no_non_verbal,v2jupurge_lag1,-2.6679599285125732,Expands Expression,3,0.4538679069962176,0.22624176245668956,0.7025657817876093,0.13210807462701138,193,autocracy
full2_reduced_no_speech_no_non_verbal,v2jupurge_lag1,-2.561919927597046,Mixed Outcome,2,0.07075074086277582,0.030333115777565235,0.15634013029023983,0.029837358076207448,193,autocracy
full2_reduced_no_speech_no_non_verbal,v2jupurge_lag1,-2.561919927597046,Contracts Expression,1,0.47801526825774354,0.25208549613525466,0.7133129504137901,0.1272462556083917,193,autocracy
full2_reduced_no_speech_no_non_verbal,v2jupurge_lag1,-2.561919927597046,Expands Expression,3,0.4512339908794811,0.23048897239664476,0.692999532205467,0.12758650418546877,193,autocracy
full2_reduced_no_speech_no_non_verbal,v2jupurge_lag1,-2.4558799266815186,Mixed Outcome,2,0.0713914374019046,0.03146905507044155,0.15391192116924182,0.029131860332249456,193,autocracy
full2_reduced_no_speech_no_non_verbal,v2jupurge_lag1,-2.4558799266815186,Contracts Expression,1,0.4800068327233532,0.2602196840322275,0.7078151646560988,0.12286821204315408,193,autocracy
full2_reduced_no_speech_no_non_verbal,v2jupurge_lag1,-2.4558799266815186,Expands Expression,3,0.44860172987474234,0.23476979845936474,0.6832888418515596,0.12308182593011617,193,autocracy
full2_reduced_no_speech_no_non_verbal,v2jupurge_lag1,-2.349839925765991,Mixed Outcome,2,0.07203529121147989,0.03263307006459372,0.15155927588493515,0.028424284838270527,193,autocracy
full2_reduced_no_speech_no_non_verbal,v2jupurge_lag1,-2.349839925765991,Contracts Expression,1,0.4819934704576355,0.26847855324957914,0.7022930061093297,0.11850876980064827,193,autocracy
full2_reduced_no_speech_no_non_verbal,v2jupurge_lag1,-2.349839925765991,Expands Expression,3,0.44597123833088426,0.23908171367034217,0.6734424406472228,0.1185957691809306,193,autocracy
full2_reduced_no_speech_no_non_verbal,v2jupurge_lag1,-2.243799924850464,Mixed Outcome,2,0.0726822778342966,0.033824101315220526,0.14928435394494363,0.02771595417137011,193,autocracy
full2_reduced_no_speech_no_non_verbal,v2jupurge_lag1,-2.243799924850464,Contracts Expression,1,0.48397509145074713,0.27685420816387746,0.6967515842326828,0.11417019109643194,193,autocracy
full2_reduced_no_speech_no_non_verbal,v2jupurge_lag1,-2.243799924850464,Expands Expression,3,0.44334263071495583,0.24342183032170925,0.6634699177116107,0.11413022974470831,193,autocracy
full2_reduced_no_speech_no_non_verbal,v2jupurge_lag1,-2.1377599239349365,Mixed Outcome,2,0.07333237219853309,0.035040775116801745,0.1470896536626709,0.0270083658409137,193,autocracy
full2_reduced_no_speech_no_non_verbal,v2jupurge_lag1,-2.1377599239349365,Contracts Expression,1,0.48595160619682665,0.28533779294005346,0.6911966145511154,0.10985501301185413,193,autocracy
full2_reduced_no_speech_no_non_verbal,v2jupurge_lag1,-2.1377599239349365,Expands Expression,3,0.44071602160463996,0.24778683822152092,0.6533817711984268,0.10968730119060308,193,autocracy
full2_reduced_no_speech_no_non_verbal,v2jupurge_lag1,-2.031719923019409,Mixed Outcome,2,0.07398554862063841,0.03628135546274322,0.14497806018654819,0.026303215826201532,193,autocracy
full2_reduced_no_speech_no_non_verbal,v2jupurge_lag1,-2.031719923019409,Contracts Expression,1,0.4879229256989478,0.29391939387390215,0.685634519200575,0.10556609967503185,193,autocracy
full2_reduced_no_speech_no_non_verbal,v2jupurge_lag1,-2.031719923019409,Expands Expression,3,0.4380915256804136,0.2521729290946137,0.6431894685091094,0.10526931324509449,193,autocracy
full2_reduced_no_speech_no_non_verbal,v2jupurge_lag1,-1.9256799221038818,Mixed Outcome,2,0.07464178080851355,0.037543690213589026,0.14295289915607423,0.025602424892524157,193,autocracy
full2_reduced_no_speech_no_non_verbal,v2jupurge_lag1,-1.9256799221038818,Contracts Expression,1,0.4898889614741258,0.3025879216430752,0.6800725497249446,0.10130670595305276,193,autocracy
full2_reduced_no_speech_no_non_verbal,v2jupurge_lag1,-1.9256799221038818,Expands Expression,3,0.435469257717361,0.2565757035619101,0.6329055204312397,0.10087887912790446,193,autocracy
full2_reduced_no_speech_no_non_verbal,v2jupurge_lag1,-1.8196399211883545,Mixed Outcome,2,0.07530104186498358,0.03882515139879695,0.14101799608908117,0.024908167704610955,193,autocracy
full2_reduced_no_speech_no_non_verbal,v2jupurge_lag1,-1.8196399211883545,Contracts Expression,1,0.4918496255583494,0.31133096803336785,0.6745189375991351,0.09708055546848318,193,autocracy
full2_reduced_no_speech_no_non_verbal,v2jupurge_lag1,-1.8196399211883545,Expands Expression,3,0.43284933257666763,0.26099005606566816,0.6225435738452628,0.09651895419589669,193,autocracy
full2_reduced_no_speech_no_non_verbal,v2jupurge_lag1,-1.7135999202728271,Mixed Outcome,2,0.07596330429156065,0.04012256998813885,0.13917774111010928,0.024222904526362943,193,autocracy
full2_reduced_no_speech_no_non_verbal,v2jupurge_lag1,-1.7135999202728271,Contracts Expression,1,0.4938048305116726,0.3201346299345798,0.6689830797136646,0.09289193668285413,193,autocracy
full2_reduced_no_speech_no_non_verbal,v2jupurge_lag1,-1.7135999202728271,Expands Expression,3,0.43023186519676687,0.2654100315316651,0.6121185292949097,0.09219290909565049,193,autocracy
full2_reduced_no_speech_no_non_verbal,v2jupurge_lag1,-1.6075599193572998,Mixed Outcome,2,0.07662853999250209,0.041432166018352284,0.13743715818022417,0.02354941502975631,193,autocracy
full2_reduced_no_speech_no_non_verbal,v2jupurge_lag1,-1.6075599193572998,Contracts Expression,1,0.49575448942336686,0.3289832919696694,0.6634757674480767,0.08874582147656505,193,autocracy
full2_reduced_no_speech_no_non_verbal,v2jupurge_lag1,-1.6075599193572998,Expands Expression,3,0.4276169705841307,0.2698286460618747,0.6016466911754165,0.08790462134263917,193,autocracy
full2_reduced_no_speech_no_non_verbal,v2jupurge_lag1,-1.5015199184417725,Mixed Outcome,2,0.07729672027915346,0.04274947587458195,0.135801976974905,0.02289083324498392,193,autocracy
full2_reduced_no_speech_no_non_verbal,v2jupurge_lag1,-1.5015199184417725,Contracts Expression,1,0.4976985159171223,0.3378593567045375,0.6580094703648768,0.08464801191557209,193,autocracy
full2_reduced_no_speech_no_non_verbal,v2jupurge_lag1,-1.5015199184417725,Expands Expression,3,0.4250047638037243,0.27423766071887284,0.5911459617357393,0.08365859100755972,193,autocracy
full2_reduced_no_speech_no_non_verbal,v2jupurge_lag1,-1.3954799175262451,Mixed Outcome,2,0.07796781587458791,0.04406927972593074,0.13427870444049753,0.022250682083087843,193,autocracy
full2_reduced_no_speech_no_non_verbal,v2jupurge_lag1,-1.3954799175262451,Contracts Expression,1,0.4996368241563304,0.34674290868962127,0.6525986882273151,0.08060532228248407,193,autocracy
full2_reduced_no_speech_no_non_verbal,v2jupurge_lag1,-1.3954799175262451,Expands Expression,3,0.4223953599690819,0.2786272953483454,0.5806360920032496,0.07946008712821784,193,autocracy
full2_reduced_no_speech_no_non_verbal,v2jupurge_lag1,-1.2894399166107178,Mixed Outcome,2,0.07864179691853208,0.04538553382570195,0.13287469126815968,0.021632904969022586,193,autocracy
full2_reduced_no_speech_no_non_verbal,v2jupurge_lag1,-1.2894399166107178,Contracts Expression,1,0.5015693288494467,0.3556112956938774,0.6472603879077794,0.07662580493574574,193,autocracy
full2_reduced_no_speech_no_non_verbal,v2jupurge_lag1,-1.2894399166107178,Expands Expression,3,0.4197888742320216,0.28298586410121757,0.5701390083012766,0.07531533432450604,193,autocracy
full2_reduced_no_speech_no_non_verbal,v2jupurge_lag1,-1.1833999156951904,Mixed Outcome,2,0.07931863297257781,0.04669131447441645,0.13159818654541572,0.021041891077832213,193,autocracy
full2_reduced_no_speech_no_non_verbal,v2jupurge_lag1,-1.1833999156951904,Contracts Expression,1,0.5034959452554153,0.36443860773467285,0.6420145444869529,0.0727190299889245,193,autocracy
full2_reduced_no_speech_no_non_verbal,v2jupurge_lag1,-1.1833999156951904,Expands Expression,3,0.41718542177200635,0.2872993097863127,0.559679237421876,0.07123175132274269,193,autocracy
full2_reduced_no_speech_no_non_verbal,v2jupurge_lag1,-1.077359914779663,Mixed Outcome,2,0.07999829302568366,0.04797878308111814,0.13045837107944694,0.020482489296417224,193,autocracy
full2_reduced_no_speech_no_non_verbal,v2jupurge_lag1,-1.077359914779663,Contracts Expression,1,0.5054165891892092,0.3731950322858089,0.636884808045013,0.0688964299893371,193,autocracy
full2_reduced_no_speech_no_non_verbal,v2jupurge_lag1,-1.077359914779663,Expands Expression,3,0.41458511778510704,0.2915506068827221,0.5492844610076505,0.06721825693739546,193,autocracy
full2_reduced_no_speech_no_non_verbal,v2jupurge_lag1,-0.9713199138641357,Mixed Outcome,2,0.08068074549995975,0.049239184481368214,0.12946535727320663,0.019960004674082925,193,autocracy
full2_reduced_no_speech_no_non_verbal,v2jupurge_lag1,-0.9713199138641357,Contracts Expression,1,0.5073311770274292,0.3818460639787726,0.6318993176874134,0.0651717208844398,193,autocracy
full2_reduced_no_speech_no_non_verbal,v2jupurge_lag1,-0.9713199138641357,Expands Expression,3,0.41198807747261146,0.295718996480759,0.5389862360825868,0.06328566235029802,193,autocracy
full2_reduced_no_speech_no_non_verbal,v2jupurge_lag1,-0.8652799129486084,Mixed Outcome,2,0.08136595825673337,0.0504628932521754,0.12863014077194823,0.01948016980769701,193,autocracy
full2_reduced_no_speech_no_non_verbal,v2jupurge_lag1,-0.8652799129486084,Contracts Expression,1,0.5092396257140274,0.39035155290981427,0.6270916785309322,0.06156140768580139,193,autocracy
full2_reduced_no_speech_no_non_verbal,v2jupurge_lag1,-0.8652799129486084,Expands Expression,3,0.409394416029239,0.29977900770129345,0.5288209276720328,0.059447173169509024,193,autocracy
full2_reduced_no_speech_no_non_verbal,v2jupurge_lag1,-0.759239912033081,Mixed Outcome,2,0.08205389860289873,0.051639524191730894,0.12796448774991093,0.01904908292477297,193,autocracy
full2_reduced_no_speech_no_non_verbal,v2jupurge_lag1,-0.759239912033081,Contracts Expression,1,0.511141852766124,0.39866459138394267,0.6225021016386333,0.05808537536813193,193,autocracy
full2_reduced_no_speech_no_non_verbal,v2jupurge_lag1,-0.759239912033081,Expands Expression,3,0.4068042486309778,0.3036992165473442,0.5188309028479097,0.05571902657724685,193,autocracy
full2_reduced_no_speech_no_non_verbal,v2jupurge_lag1,-0.6531999111175537,Mixed Outcome,2,0.0827445332975395,0.052758122448917526,0.1274807423018068,0.01867310480240699,193,autocracy
full2_reduced_no_speech_no_non_verbal,v2jupurge_lag1,-0.6531999111175537,Contracts Expression,1,0.5130377762799155,0.4067302740400293,0.618178671757384,0.0547675478051203,193,autocracy
full2_reduced_no_speech_no_non_verbal,v2jupurge_lag1,-0.6531999111175537,Expands Expression,3,0.404217690422545,0.3074406968837799,0.5090660319530564,0.05212128717977232,193,autocracy
full2_reduced_no_speech_no_non_verbal,v2jupurge_lag1,-0.5471599102020264,Mixed Outcome,2,0.08343782855883186,0.053807444374545176,0.12719154290091583,0.018358708990904485,193,autocracy
full2_reduced_no_speech_no_non_verbal,v2jupurge_lag1,-0.5471599102020264,Contracts Expression,1,0.5149273149367154,0.4144844347458034,0.614178639260669,0.051636562826875954,193,autocracy
full2_reduced_no_speech_no_non_verbal,v2jupurge_lag1,-0.5471599102020264,Expands Expression,3,0.40163485650445274,0.3109551453574057,0.4995855155494992,0.04867881149591284,193,autocracy
full2_reduced_no_speech_no_non_verbal,v2jupurge_lag1,-0.441119909286499,Mixed Outcome,2,0.0841337500712177,0.05477633103960714,0.12710944595500828,0.01811228453167408,193,autocracy
full2_reduced_no_speech_no_non_verbal,v2jupurge_lag1,-0.441119909286499,Contracts Expression,1,0.5168103880090921,0.4218525804914668,0.6105695158352382,0.048726352115502074,193,autocracy
full2_reduced_no_speech_no_non_verbal,v2jupurge_lag1,-0.441119909286499,Expands Expression,3,0.39905586191969045,0.31418273465548596,0.4904599831760544,0.045422354311357466,193,autocracy
full2_reduced_no_speech_no_non_verbal,v2jupurge_lag1,-0.3350799083709717,Mixed Outcome,2,0.08483226299284458,0.05565416207696469,0.12724646880216386,0.017939897737499592,193,autocracy
full2_reduced_no_speech_no_non_verbal,v2jupurge_lag1,-0.3350799083709717,Contracts Expression,1,0.5186869153671196,0.42874942364749213,0.607429572316497,0.04607642238807261,193,autocracy
full2_reduced_no_speech_no_non_verbal,v2jupurge_lag1,-0.3350799083709717,Expands Expression,3,0.39648082164003573,0.31704991141589084,0.4817736479444037,0.042389707799604916,193,autocracy
full2_reduced_no_speech_no_non_verbal,v2jupurge_lag1,-0.22903990745544434,Mixed Outcome,2,0.08553333196327724,0.05643135958566682,0.1276135824057598,0.017847028821647515,193,autocracy
full2_reduced_no_speech_no_non_verbal,v2jupurge_lag1,-0.22903990745544434,Contracts Expression,1,0.5205568174847657,0.43507964678069544,0.6048471042323557,0.043731515481023255,193,autocracy
full2_reduced_no_speech_no_non_verbal,v2jupurge_lag1,-0.22903990745544434,Expands Expression,3,0.3939098505519568,0.3194676596855969,0.47362599653865395,0.03962660930551821,193,autocracy
full2_reduced_no_speech_no_non_verbal,v2jupurge_lag1,-0.12299990653991699,Mixed Outcome,2,0.08623692111146672,0.05709989402047256,0.12822020183717467,0.01783830830576358,193,autocracy
full2_reduced_no_speech_no_non_verbal,v2jupurge_lag1,-0.12299990653991699,Contracts Expression,1,0.5224200154463774,0.4407407473821166,0.6029176174590116,0.041740215642646225,193,autocracy
full2_reduced_no_speech_no_non_verbal,v2jupurge_lag1,-0.12299990653991699,Expands Expression,3,0.3913430634421561,0.3213312433115144,0.4661320016016014,0.0371869025591553,193,autocracy
full2_reduced_no_speech_no_non_verbal,v2jupurge_lag1,-0.01695990562438965,Mixed Outcome,2,0.08694299406398104,0.0576537319182264,0.1290737346798283,0.017917284293104418,193,autocracy
full2_reduced_no_speech_no_non_verbal,v2jupurge_lag1,-0.01695990562438965,Contracts Expression,1,0.5242764309533049,0.44562881731574716,0.6017380789331479,0.040152067146565835,193,autocracy
full2_reduced_no_speech_no_non_verbal,v2jupurge_lag1,-0.01695990562438965,Expands Expression,3,0.3887805749827142,0.322523052713745,0.4594192314596643,0.03513112443566594,193,autocracy
full2_reduced_no_speech_no_non_verbal,v2jupurge_lag1,0.0890800952911377,Mixed Outcome,2,0.0876515139534902,0.058089164553520686,0.13017924825402885,0.01808625202455014,193,autocracy
full2_reduced_no_speech_no_non_verbal,v2jupurge_lag1,0.0890800952911377,Contracts Expression,1,0.5261259863306486,0.4496476237163858,0.601397865453186,0.0390130118570102,193,autocracy
full2_reduced_no_speech_no_non_verbal,v2jupurge_lag1,0.0890800952911377,Expands Expression,3,0.3862224997158612,0.32292055211560733,0.45361986137893945,0.033522498634411625,193,autocracy
full2_reduced_no_speech_no_non_verbal,v2jupurge_lag1,0.19512009620666504,Mixed Outcome,2,0.08836244342750149,0.05840497009573338,0.13153930312673773,0.01834617014732548,193,autocracy
full2_reduced_no_speech_no_non_verbal,v2jupurge_lag1,0.19512009620666504,Contracts Expression,1,0.5279686045341204,0.45272015715710784,0.6019672445105884,0.03835956570582591,193,autocracy
full2_reduced_no_speech_no_non_verbal,v2jupurge_lag1,0.19512009620666504,Expands Expression,3,0.38366895203837775,0.322410637496038,0.44885627658381994,0.03241966412957894,193,autocracy
full2_reduced_no_speech_no_non_verbal,v2jupurge_lag1,0.3011600971221924,Mixed Outcome,2,0.08907574465734269,0.058602387770681344,0.1331539743636438,0.018696674714811064,193,autocracy
full2_reduced_no_speech_no_non_verbal,v2jupurge_lag1,0.3011600971221924,Contracts Expression,1,0.5298042091570466,0.45480015245590827,0.6034858815564627,0.03821299712386373,193,autocracy
full2_reduced_no_speech_no_non_verbal,v2jupurge_lag1,0.3011600971221924,Expands Expression,3,0.3811200461856106,0.3209090917108031,0.4452215806889456,0.03186679953008764,193,autocracy
full2_reduced_no_speech_no_non_verbal,v2jupurge_lag1,0.4072000980377197,Mixed Outcome,2,0.08979137934738765,0.05868491384075995,0.13502105075056536,0.019136185800971192,193,autocracy
full2_reduced_no_speech_no_non_verbal,v2jupurge_lag1,0.4072000980377197,Contracts Expression,1,0.5316327244374887,0.45587995887499233,0.605954996739967,0.03857534553161438,193,autocracy
full2_reduced_no_speech_no_non_verbal,v2jupurge_lag1,0.4072000980377197,Expands Expression,3,0.378575896215124,0.3183796766668539,0.4427604700320681,0.031883915310762206,193,autocracy
full2_reduced_no_speech_no_non_verbal,v2jupurge_lag1,0.5132400989532471,Mixed Outcome,2,0.0905093087445175,0.05865795714674814,0.13713637421406513,0.019662087194195002,193,autocracy
full2_reduced_no_speech_no_non_verbal,v2jupurge_lag1,0.5132400989532471,Contracts Expression,1,0.5334540752654879,0.4559917465514935,0.6093361840731673,0.0394288099357478,193,autocracy
full2_reduced_no_speech_no_non_verbal,v2jupurge_lag1,0.5132400989532471,Expands Expression,3,0.37603661598999477,0.3148447777940599,0.441458558873734,0.03246142465256059,193,autocracy
full2_reduced_no_speech_no_non_verbal,v2jupurge_lag1,0.6192800998687744,Mixed Outcome,2,0.09122949364781761,0.058528408886875036,0.1394942647962118,0.020270950907071046,193,autocracy
full2_reduced_no_speech_no_non_verbal,v2jupurge_lag1,0.6192800998687744,Contracts Expression,1,0.5352681871904524,0.45520152126243185,0.6135574207557771,0.040738776358444195,193,autocracy
full2_reduced_no_speech_no_non_verbal,v2jupurge_lag1,0.6192800998687744,Expands Expression,3,0.3735023191617293,0.3103820914769853,0.4412456649438299,0.03356179688035161,193,autocracy
full2_reduced_no_speech_no_non_verbal,v2jupurge_lag1,0.7253201007843018,Mixed Outcome,2,0.09195189441850135,0.058304184622229534,0.1420879731888928,0.020958776502689548,193,autocracy
full2_reduced_no_speech_no_non_verbal,v2jupurge_lag1,0.7253201007843018,Contracts Expression,1,0.5370749864286494,0.4535982702615167,0.6185239437364254,0.042459305555475516,193,autocracy
full2_reduced_no_speech_no_non_verbal,v2jupurge_lag1,0.7253201007843018,Expands Expression,3,0.37097311915284975,0.30510892380511107,0.4420114871211812,0.03512749855172364,193,autocracy
full2_reduced_no_speech_no_non_verbal,v2jupurge_lag1,0.8313601016998291,Mixed Outcome,2,0.09267647099005688,0.057993788067465996,0.14491011129840975,0.021721219568593752,193,autocracy
full2_reduced_no_speech_no_non_verbal,v2jupurge_lag1,0.8313601016998291,Contracts Expression,1,0.5388743998708351,0.45128191678516993,0.6241303157880909,0.04453921539731248,193,autocracy
full2_reduced_no_speech_no_non_verbal,v2jupurge_lag1,0.8313601016998291,Expands Expression,3,0.36844912913910827,0.2991614715409119,0.44362630446732687,0.03709147639049673,193,autocracy
full2_reduced_no_speech_no_non_verbal,v2jupurge_lag1,0.9374001026153564,Mixed Outcome,2,0.093403182878612,0.05760593116744275,0.14795302631439677,0.022553791403721494,193,autocracy
full2_reduced_no_speech_no_non_verbal,v2jupurge_lag1,0.9374001026153564,Contracts Expression,1,0.5406663550900136,0.44835312710698483,0.6302706371000406,0.04692721556458122,193,autocracy
full2_reduced_no_speech_no_non_verbal,v2jupurge_lag1,0.9374001026153564,Expands Expression,3,0.36593046203137397,0.29267667592401786,0.4459591060213357,0.03938632598504721,193,autocracy
full2_reduced_no_speech_no_non_verbal,v2jupurge_lag1,1.0434401035308838,Mixed Outcome,2,0.09413198919351191,0.05714922842351747,0.1512091003687209,0.023452020520748594,193,autocracy
full2_reduced_no_speech_no_non_verbal,v2jupurge_lag1,1.0434401035308838,Contracts Expression,1,0.5424507803492975,0.44490637457356,0.6368454978418153,0.04957538566447926,193,autocracy
full2_reduced_no_speech_no_non_verbal,v2jupurge_lag1,1.0434401035308838,Expands Expression,3,0.36341723045719015,0.28578041991251063,0.44888938074266593,0.04195023440084671,193,autocracy
full2_reduced_no_speech_no_non_verbal,v2jupurge_lag1,1.1494801044464111,Mixed Outcome,2,0.09486284864810303,0.05663196948696159,0.1546709717669037,0.02441157375578761,193,autocracy
full2_reduced_no_speech_no_non_verbal,v2jupurge_lag1,1.1494801044464111,Contracts Expression,1,0.5442276046099095,0.44102621785268376,0.6437657144265007,0.05244102249317925,193,autocracy
full2_reduced_no_speech_no_non_verbal,v2jupurge_lag1,1.1494801044464111,Expands Expression,3,0.36090954674198744,0.2785820048033871,0.45231263171892705,0.044729734715381886,193,autocracy
full2_reduced_no_speech_no_non_verbal,v2jupurge_lag1,1.2555201053619385,Mixed Outcome,2,0.09559571957072163,0.0560619643050821,0.15833168351501006,0.025428339818407877,193,autocracy
full2_reduced_no_speech_no_non_verbal,v2jupurge_lag1,1.2555201053619385,Contracts Expression,1,0.5459967575392884,0.4367860123079904,0.6509536304647331,0.055487255891129406,193,autocracy
full2_reduced_no_speech_no_non_verbal,v2jupurge_lag1,1.2555201053619385,Expands Expression,3,0.3584075228899903,0.2711730285287314,0.45614149217734384,0.047680230769072324,193,autocracy
full2_reduced_no_speech_no_non_verbal,v2jupurge_lag1,1.3615601062774658,Mixed Outcome,2,0.09633055991587268,0.05544644971044982,0.16218477029192127,0.026498480931352323,193,autocracy
full2_reduced_no_speech_no_non_verbal,v2jupurge_lag1,1.3615601062774658,Contracts Expression,1,0.5477581695193083,0.43224814605683554,0.6583428908714449,0.05868289587132219,193,autocracy
full2_reduced_no_speech_no_non_verbal,v2jupurge_lag1,1.3615601062774658,Expands Expression,3,0.35591127056481914,0.2636286661729201,0.46030444271702864,0.050765310107441494,193,autocracy
full2_reduced_no_speech_no_non_verbal,v2jupurge_lag1,1.4676001071929932,Mixed Outcome,2,0.0970673272756043,0.05479204446955865,0.16622429685492618,0.02761845919702291,193,autocracy
full2_reduced_no_speech_no_non_verbal,v2jupurge_lag1,1.4676001071929932,Contracts Expression,1,0.549511771654625,0.42746506655627814,0.6658774232415384,0.062001884058537814,193,autocracy
full2_reduced_no_speech_no_non_verbal,v2jupurge_lag1,1.4676001071929932,Expands Expression,3,0.3534209010697713,0.2560099276032342,0.4647435547355645,0.0539555693641673,193,autocracy
full2_reduced_no_speech_no_non_verbal,v2jupurge_lag1,1.5736401081085205,Mixed Outcome,2,0.09780597889106331,0.05410474019387795,0.17044486049418128,0.028785044157618924,193,autocracy
full2_reduced_no_speech_no_non_verbal,v2jupurge_lag1,1.5736401081085205,Contracts Expression,1,0.5512574957811007,0.42248061115029023,0.6735101131176218,0.06542259605178742,193,autocracy
full2_reduced_no_speech_no_non_verbal,v2jupurge_lag1,1.5736401081085205,Expands Expression,3,0.35093652532783554,0.24836608175789554,0.469412070316712,0.05722736296102856,193,autocracy
full2_reduced_no_speech_no_non_verbal,v2jupurge_lag1,1.6796801090240479,Mixed Outcome,2,0.09854647166423001,0.053389917144904174,0.17484156854906863,0.029995307202427,193,autocracy
full2_reduced_no_speech_no_non_verbal,v2jupurge_lag1,1.6796801090240479,Contracts Expression,1,0.552995274474363,0.41733136143073485,0.6812014532818558,0.0689271362014728,193,autocracy
full2_reduced_no_speech_no_non_verbal,v2jupurge_lag1,1.6796801090240479,Expands Expression,3,0.3484582538614067,0.24073686896194318,0.4742721970990293,0.06056166624140147,193,autocracy
full2_reduced_no_speech_no_non_verbal,v2jupurge_lag1,1.7857201099395752,Mixed Outcome,2,0.09928876216982413,0.05265237610073538,0.17940999983353387,0.031246607383331123,193,autocracy
full2_reduced_no_speech_no_non_verbal,v2jupurge_lag1,1.7857201099395752,Contracts Expression,1,0.5547250410584419,0.41204788426312383,0.6889183043377528,0.07250069360871601,193,autocracy
full2_reduced_no_speech_no_non_verbal,v2jupurge_lag1,1.7857201099395752,Expands Expression,3,0.3459861967717342,0.2331543706778031,0.4792932483905598,0.06394311806367904,193,autocracy
full2_reduced_no_speech_no_non_verbal,v2jupurge_lag1,1.8917601108551025,Mixed Outcome,2,0.10003280666737692,0.05189637956249416,0.18414615669793422,0.03253657211938877,193,autocracy
full2_reduced_no_speech_no_non_verbal,v2jupurge_lag1,1.8917601108551025,Contracts Expression,1,0.5564467296145015,0.4066558057727032,0.6966328203062784,0.07613098586161024,193,autocracy
full2_reduced_no_speech_no_non_verbal,v2jupurge_lag1,1.8917601108551025,Expands Expression,3,0.34352046371812195,0.22564452652653808,0.48445013867980385,0.06735924697269868,193,autocracy
full2_reduced_no_speech_no_non_verbal,v2jupurge_lag1,1.9978001117706299,Mixed Outcome,2,0.10077856111346359,0.05112569739063572,0.18904641272893238,0.03386307536014135,193,autocracy
full2_reduced_no_speech_no_non_verbal,v2jupurge_lag1,1.9978001117706299,Contracts Expression,1,0.5581602749896749,0.4011767110935549,0.7043215465744247,0.0798077935168776,193,autocracy
full2_reduced_no_speech_no_non_verbal,v2jupurge_lag1,1.9978001117706299,Expands Expression,3,0.3410611638968612,0.2182283395937983,0.48972219307124754,0.0707998591226975,193,autocracy
full2_reduced_no_speech_no_non_verbal,v2jupurge_lag1,2.1038401126861572,Mixed Outcome,2,0.10152598117408823,0.05034365354427418,0.19410745936740706,0.035224214934782026,193,autocracy
full2_reduced_no_speech_no_non_verbal,v2jupurge_lag1,2.1038401126861572,Contracts Expression,1,0.5598656128059727,0.3956288831704112,0.7119646769598782,0.08352257806917777,193,autocracy
full2_reduced_no_speech_no_non_verbal,v2jupurge_lag1,2.1038401126861572,Expands Expression,3,0.33860840601993963,0.21092282387826705,0.4950922167618479,0.074256559940808,193,autocracy
full2_reduced_no_speech_no_non_verbal,v2jupurge_lag1,2.2098801136016846,Mixed Outcome,2,0.10227502223721402,0.04955317167512023,0.19932625381079527,0.036618290291772645,193,autocracy
full2_reduced_no_speech_no_non_verbal,v2jupurge_lag1,2.2098801136016846,Contracts Expression,1,0.5615626794692604,0.39002790278006927,0.7195454478751334,0.08726817174728475,193,autocracy
full2_reduced_no_speech_no_non_verbal,v2jupurge_lag1,2.2098801136016846,Expands Expression,3,0.3361622982935253,0.20374174694177127,0.5005457711041803,0.0777223819543949,193,autocracy
full2_reduced_no_speech_no_non_verbal,v2jupurge_lag1,2.315920114517212,Mixed Outcome,2,0.10302563942543602,0.048756818270160186,0.20469996944579455,0.03804378130973065,193,autocracy
full2_reduced_no_speech_no_non_verbal,v2jupurge_lag1,2.315920114517212,Contracts Expression,1,0.5632514121783345,0.3843871327695187,0.7270496467040256,0.09103852715385269,193,autocracy
full2_reduced_no_speech_no_non_verbal,v2jupurge_lag1,2.315920114517212,Expands Expression,3,0.3337229483962292,0.19669621264826181,0.5060706112232808,0.08119149556416373,193,autocracy
full2_reduced_no_speech_no_non_verbal,v2jupurge_lag1,2.4219601154327393,Mixed Outcome,2,0.10377778760878577,0.04795684255762761,0.2102259497245304,0.03949932862766044,193,autocracy
full2_reduced_no_speech_no_non_verbal,v2jupurge_lag1,2.4219601154327393,Contracts Expression,1,0.5649317489340322,0.37871810779850795,0.734465213230281,0.09482851570699287,193,autocracy
full2_reduced_no_speech_no_non_verbal,v2jupurge_lag1,2.4219601154327393,Expands Expression,3,0.3312904634571821,0.18979512055623432,0.5116562483350368,0.08465898381312402,193,autocracy
full2_reduced_no_speech_no_non_verbal,v2jupurge_lag1,2.5280001163482666,Mixed Outcome,2,0.10453142141766383,0.047155212873080804,0.21590166577144426,0.04098371566208499,193,autocracy
full2_reduced_no_speech_no_non_verbal,v2jupurge_lag1,2.5280001163482666,Contracts Expression,1,0.566603628548421,0.37303084801428926,0.7417819158407513,0.09863376534889054,193,autocracy
full2_reduced_no_speech_no_non_verbal,v2jupurge_lag1,2.5280001163482666,Expands Expression,3,0.3288649500339156,0.18304553040604365,0.5172936081434323,0.08812066643188732,193,autocracy
full2_reduced_no_speech_no_non_verbal,wdj_expression_lag1,-0.2222222238779068,Mixed Outcome,2,0.1370298192323694,0.07183771522938624,0.2457208888187363,0.043357007646594926,193,autocracy
full2_reduced_no_speech_no_non_verbal,wdj_expression_lag1,-0.2222222238779068,Contracts Expression,1,0.4470320293188213,0.31918893851269947,0.5822853180560701,0.0687152226096528,193,autocracy
full2_reduced_no_speech_no_non_verbal,wdj_expression_lag1,-0.2222222238779068,Expands Expression,3,0.4159381514488093,0.2967810161821068,0.5458045121164552,0.06485002308053352,193,autocracy
full2_reduced_no_speech_no_non_verbal,wdj_expression_lag1,-0.19962963134050368,Mixed Outcome,2,0.13407666477705285,0.07194901117343863,0.23619762327405916,0.04097605876221503,193,autocracy
full2_reduced_no_speech_no_non_verbal,wdj_expression_lag1,-0.19962963134050368,Contracts Expression,1,0.4516216164825767,0.3277568192184302,0.5817853039835732,0.06624096731387838,193,autocracy
full2_reduced_no_speech_no_non_verbal,wdj_expression_lag1,-0.19962963134050368,Expands Expression,3,0.41430171874036975,0.300276065922917,0.5383154955339788,0.06187506468505028,193,autocracy
full2_reduced_no_speech_no_non_verbal,wdj_expression_lag1,-0.1770370388031006,Mixed Outcome,2,0.1311727200974594,0.07201217864236781,0.22704449356589596,0.03870010462220582,193,autocracy
full2_reduced_no_speech_no_non_verbal,wdj_expression_lag1,-0.1770370388031006,Contracts Expression,1,0.4561958498944056,0.3363058928058421,0.5813861616659651,0.06381034833601087,193,autocracy
full2_reduced_no_speech_no_non_verbal,wdj_expression_lag1,-0.1770370388031006,Expands Expression,3,0.41263143000813485,0.3036629590106541,0.5308905885828424,0.05896268489325965,193,autocracy
full2_reduced_no_speech_no_non_verbal,wdj_expression_lag1,-0.15444444626569748,Mixed Outcome,2,0.12831760744667325,0.07202138584746082,0.21826810782102854,0.03653119754396628,193,autocracy
full2_reduced_no_speech_no_non_verbal,wdj_expression_lag1,-0.15444444626569748,Contracts Expression,1,0.46075435516553226,0.3448176986770342,0.581098709996136,0.06143046304391155,193,autocracy
full2_reduced_no_speech_no_non_verbal,wdj_expression_lag1,-0.15444444626569748,Expands Expression,3,0.4109280373877946,0.30692853099245704,0.5235469962041452,0.0561193776555537,193,autocracy
full2_reduced_no_speech_no_non_verbal,wdj_expression_lag1,-0.1318518537282944,Mixed Outcome,2,0.12551093373868943,0.07197010369831672,0.20987472745656532,0.034471694896028963,193,autocracy
full2_reduced_no_speech_no_non_verbal,wdj_expression_lag1,-0.1318518537282944,Contracts Expression,1,0.4652967769516431,0.3532721081050315,0.5809353218070061,0.05910917764732391,193,autocracy
full2_reduced_no_speech_no_non_verbal,wdj_expression_lag1,-0.1318518537282944,Expands Expression,3,0.4091922893096672,0.31005741230302625,0.5163042384856916,0.05335281008123857,193,autocracy
full2_reduced_no_speech_no_non_verbal,wdj_expression_lag1,-0.10925926119089127,Mixed Outcome,2,0.12275229163817822,0.07185107111015909,0.20187037318043555,0.03252427708350909,193,autocracy
full2_reduced_no_speech_no_non_verbal,wdj_expression_lag1,-0.10925926119089127,Contracts Expression,1,0.4698227781445023,0.3616471627553095,0.580910102739898,0.05685522078010332,193,autocracy
full2_reduced_no_speech_no_non_verbal,wdj_expression_lag1,-0.10925926119089127,Expands Expression,3,0.40742493021731924,0.31303161241706473,0.5091845550390962,0.050672035102275755,193,autocracy
full2_reduced_no_speech_no_non_verbal,wdj_expression_lag1,-0.08666666865348815,Mixed Outcome,2,0.12004126061531904,0.07165628757312943,0.19426090581417513,0.030691950865917177,193,autocracy
full2_reduced_no_speech_no_non_verbal,wdj_expression_lag1,-0.08666666865348815,Contracts Expression,1,0.474332039067731,0.3699189195483292,0.581039063858064,0.05467827434615518,193,autocracy
full2_reduced_no_speech_no_non_verbal,wdj_expression_lag1,-0.08666666865348815,Expands Expression,3,0.4056267003169494,0.31583005287525967,0.5022133603593033,0.04808773068944657,193,autocracy
full2_reduced_no_speech_no_non_verbal,wdj_expression_lag1,-0.06407407611608507,Mixed Outcome,2,0.11737740796455129,0.07137704908569785,0.1870520647809135,0.02897802966436629,193,autocracy
full2_reduced_no_speech_no_non_verbal,wdj_expression_lag1,-0.06407407611608507,Contracts Expression,1,0.4788242566795375,0.37806131835632983,0.581340271472435,0.0525890532610712,193,autocracy
full2_reduced_no_speech_no_non_verbal,wdj_expression_lag1,-0.06407407611608507,Expands Expression,3,0.4037983353559113,0.31842806667756773,0.4954197326292688,0.04561245679613788,193,autocracy
full2_reduced_no_speech_no_non_verbal,wdj_expression_lag1,-0.04148148357868195,Mixed Outcome,2,0.1147602897863281,0.07100404799477822,0.1802494428614164,0.027386080276586212,193,autocracy
full2_reduced_no_speech_no_non_verbal,wdj_expression_lag1,-0.04148148357868195,Contracts Expression,1,0.4832991437850054,0.3860460973396046,0.5818339493142475,0.05059936147222081,193,autocracy
full2_reduced_no_speech_no_non_verbal,wdj_expression_lag1,-0.04148148357868195,Expands Expression,3,0.40194056642866594,0.3207969013253595,0.488836898826603,0.04326091121251599,193,autocracy
full2_reduced_no_speech_no_non_verbal,wdj_expression_lag1,-0.018888891041278832,Mixed Outcome,2,0.11218945193117282,0.07052756106054829,0.1738583720173032,0.02591982348459498,193,autocracy
full2_reduced_no_speech_no_non_verbal,wdj_expression_lag1,-0.018888891041278832,Contracts Expression,1,0.4877564282603343,0.39384279019274604,0.5825424987384521,0.04872210682074535,193,autocracy
full2_reduced_no_speech_no_non_verbal,wdj_expression_lag1,-0.018888891041278832,Expands Expression,3,0.4000541198084931,0.32290329663137607,0.48250264499316026,0.04105014821545287,193,autocracy
full2_reduced_no_speech_no_non_verbal,wdj_expression_lag1,0.0037037014961242565,Mixed Outcome,2,0.1096644309055536,0.06993775092472973,0.16788369444860446,0.024582975677598325,193,autocracy
full2_reduced_no_speech_no_non_verbal,wdj_expression_lag1,0.0037037014961242565,Contracts Expression,1,0.49219585229120755,0.40141885097022295,0.5834903912209947,0.04697125145775097,193,autocracy
full2_reduced_no_speech_no_non_verbal,wdj_expression_lag1,0.0037037014961242565,Expands Expression,3,0.3981397168032388,0.3247092554375418,0.47645953356422743,0.03899969994897077,193,autocracy
full2_reduced_no_speech_no_non_verbal,wdj_expression_lag1,0.026296294033527373,Mixed Outcome,2,0.10718475473928032,0.06922510165834854,0.1623293975483213,0.023379020973641116,193,autocracy
full2_reduced_no_speech_no_non_verbal,wdj_expression_lag1,0.026296294033527373,Contracts Expression,1,0.49661717162730146,0.4087399601695369,0.5847038794431395,0.045361670446104285,193,autocracy
full2_reduced_no_speech_no_non_verbal,wdj_expression_lag1,0.026296294033527373,Expands Expression,3,0.39619807363341863,0.3261721842792274,0.47075475089853464,0.037131510451082775,193,autocracy
full2_reduced_no_speech_no_non_verbal,wdj_expression_lag1,0.04888888657093049,Mixed Outcome,2,0.10474994381431395,0.0683809955809326,0.15719810508818857,0.022310910358794667,193,autocracy
full2_reduced_no_speech_no_non_verbal,wdj_expression_lag1,0.04888888657093049,Contracts Expression,1,0.5010201548547074,0.4157705715661634,0.5862104674001919,0.04390888810857913,193,autocracy
full2_reduced_no_speech_no_non_verbal,wdj_expression_lag1,0.04888888657093049,Expands Expression,3,0.39422990133097857,0.32724564390505234,0.4654393449422293,0.03546955996704415,193,autocracy
full2_reduced_no_speech_no_non_verbal,wdj_expression_lag1,0.07148147910833358,Mixed Outcome,2,0.10235951165505155,0.06739841389045825,0.1524904416534235,0.021380697111575902,193,autocracy
full2_reduced_no_speech_no_non_verbal,wdj_expression_lag1,0.07148147910833358,Contracts Expression,1,0.5054045826879038,0.42247475045180294,0.5880380888514243,0.04262866614948357,193,autocracy
full2_reduced_no_speech_no_non_verbal,wdj_expression_lag1,0.07148147910833358,Expands Expression,3,0.3922359056570446,0.3278809776409107,0.460566585270964,0.034039042817060564,193,autocracy
full2_reduced_no_speech_no_non_verbal,wdj_expression_lag1,0.09407407164573667,Mixed Outcome,2,0.10001296568029919,0.06627270833565793,0.1482043227477234,0.02058913601511236,193,autocracy
full2_reduced_no_speech_no_non_verbal,wdj_expression_lag1,0.09407407164573667,Contracts Expression,1,0.5097702472826718,0.42881733141262063,0.5902139659183696,0.041536428894462234,193,autocracy
full2_reduced_no_speech_no_non_verbal,wdj_expression_lag1,0.09407407164573667,Expands Expression,3,0.39021678703702867,0.32803003646299533,0.45618922656266325,0.032864986716008474,193,autocracy
full2_reduced_no_speech_no_non_verbal,wdj_expression_lag1,0.11666666418313981,Mixed Outcome,2,0.09770980791731304,0.06500235162554248,0.14433426269510344,0.019935294265448374,193,autocracy
full2_reduced_no_speech_no_non_verbal,wdj_expression_lag1,0.11666666418313981,Contracts Expression,1,0.5141169515712225,0.4347653752207167,0.592763168221673,0.040646535644405575,193,autocracy
full2_reduced_no_speech_no_non_verbal,wdj_expression_lag1,0.11666666418313981,Expands Expression,3,0.3881732405114647,0.3276490233591529,0.4523556530107834,0.03197030118170777,193,autocracy
full2_reduced_no_speech_no_non_verbal,wdj_expression_lag1,0.1392592567205429,Mixed Outcome,2,0.09544953567839663,0.06358954395506115,0.14087082271420556,0.019416237569211823,193,autocracy
full2_reduced_no_speech_no_non_verbal,wdj_expression_lag1,0.1392592567205429,Contracts Expression,1,0.5184445086205859,0.440289836243768,0.5957069611019277,0.03997144474289715,193,autocracy
full2_reduced_no_speech_no_non_verbal,wdj_expression_lag1,0.1392592567205429,Expands Expression,3,0.3861059557010177,0.3267031161738603,0.44910524452353606,0.03137342751574069,193,autocracy
full2_reduced_no_speech_no_non_verbal,wdj_expression_lag1,0.161851849257946,Mixed Outcome,2,0.09323164220069738,0.06204054801606669,0.13780032674163425,0.019026857521048296,193,autocracy
full2_reduced_no_speech_no_non_verbal,wdj_expression_lag1,0.161851849257946,Contracts Expression,1,0.5227527410151817,0.44536727453855596,0.5990611087307264,0.03952085322732251,193,autocracy
full2_reduced_no_speech_no_non_verbal,wdj_expression_lag1,0.161851849257946,Expands Expression,3,0.384015616784121,0.32517107771324844,0.44646375597119375,0.031085992227124142,193,autocracy
full2_reduced_no_speech_no_non_verbal,wdj_expression_lag1,0.18444444179534913,Mixed Outcome,2,0.09105561724993476,0.06036565731518687,0.13510494010712085,0.01875988960352989,193,autocracy
full2_reduced_no_speech_no_non_verbal,wdj_expression_lag1,0.18444444179534913,Contracts Expression,1,0.5270414802642907,0.44998138157759426,0.6028343631087063,0.03930092917273603,193,autocracy
full2_reduced_no_speech_no_non_verbal,wdj_expression_lag1,0.18444444179534913,Expands Expression,3,0.38190290248577424,0.32304874675012785,0.44443981580232206,0.03111102648784413,193,autocracy
full2_reduced_no_speech_no_non_verbal,wdj_expression_lag1,0.20703703433275222,Mixed Outcome,2,0.08892094768891359,0.058578769747908654,0.13276313915620977,0.01860613656161655,193,autocracy
full2_reduced_no_speech_no_non_verbal,wdj_expression_lag1,0.20703703433275222,Contracts Expression,1,0.5313105662350173,0.4541240711851907,0.6070273873411587,0.03931376276176455,193,autocracy
full2_reduced_no_speech_no_non_verbal,wdj_expression_lag1,0.20703703433275222,Expands Expression,3,0.37976848607606944,0.3203503850937249,0.4430235690074505,0.03144227320759344,193,autocracy
full2_reduced_no_speech_no_non_verbal,wdj_expression_lag1,0.2296296268701553,Mixed Outcome,2,0.08682711801176449,0.05669662072852377,0.13075051754319036,0.01855486939844516,193,autocracy
full2_reduced_no_speech_no_non_verbal,wdj_expression_lag1,0.2296296268701553,Contracts Expression,1,0.5355598466111686,0.45779593387687606,0.611632314975552,0.039557138558962854,193,autocracy
full2_reduced_no_speech_no_non_verbal,wdj_expression_lag1,0.2296296268701553,Expands Expression,3,0.377613035377067,0.3171074255723049,0.4421879195368946,0.03206481366463014,193,autocracy
full2_reduced_no_speech_no_non_verbal,wdj_expression_lag1,0.25222221940755846,Mixed Outcome,2,0.08477361084493036,0.05473779846565705,0.12904080671620935,0.01859434293084402,193,autocracy
full2_reduced_no_speech_no_non_verbal,wdj_expression_lag1,0.25222221940755846,Contracts Expression,1,0.5397891763783415,0.46100596184270337,0.6166330381052318,0.04002467617425221,193,autocracy
full2_reduced_no_speech_no_non_verbal,wdj_expression_lag1,0.25222221940755846,Expands Expression,3,0.3754372127767279,0.3133649798575443,0.44189201324310784,0.03295683154164385,193,autocracy
full2_reduced_no_speech_no_non_verbal,wdj_expression_lag1,0.27481481194496155,Mixed Outcome,2,0.08275990741600686,0.052721695195117914,0.1276069568792131,0.018712346538938752,193,autocracy
full2_reduced_no_speech_no_non_verbal,wdj_expression_lag1,0.27481481194496155,Contracts Expression,1,0.5439984173353583,0.46377059438385165,0.6220061744048377,0.04070631414213549,193,autocracy
full2_reduced_no_speech_no_non_verbal,wdj_expression_lag1,0.27481481194496155,Expands Expression,3,0.3732416752486352,0.30917709570067375,0.44208597190199406,0.03409201144472343,193,autocracy
full2_reduced_no_speech_no_non_verbal,wdj_expression_lag1,0.2974074044823647,Mixed Outcome,2,0.08078548799159402,0.050667536404588695,0.12642213657630824,0.018896716587557476,193,autocracy
full2_reduced_no_speech_no_non_verbal,wdj_expression_lag1,0.2974074044823647,Contracts Expression,1,0.5481874376320639,0.46611225890166713,0.6277225379796554,0.04158904826521215,193,autocracy
full2_reduced_no_speech_no_non_verbal,wdj_expression_lag1,0.2974074044823647,Expands Expression,3,0.3710270743763415,0.30460191195281167,0.4427157298531827,0.03544198822761628,193,autocracy
full2_reduced_no_speech_no_non_verbal,wdj_expression_lag1,0.3199999970197678,Mixed Outcome,2,0.0788498322853849,0.04859358750638058,0.1254605515715367,0.01913575871926457,193,autocracy
full2_reduced_no_speech_no_non_verbal,wdj_expression_lag1,0.3199999970197678,Contracts Expression,1,0.5523561113334013,0.46805765201456967,0.6337488694199286,0.04265780044404788,193,autocracy
full2_reduced_no_speech_no_non_verbal,wdj_expression_lag1,0.3199999970197678,Expands Expression,3,0.36879405638121376,0.2996975776845381,0.4437271069889952,0.036978407120265976,193,autocracy
full2_reduced_no_speech_no_non_verbal,wdj_expression_lag1,0.34259258955717087,Mixed Outcome,2,0.07695241983774996,0.04651658406147485,0.12469803713529655,0.019418555613560595,193,autocracy
full2_reduced_no_speech_no_non_verbal,wdj_expression_lag1,0.34259258955717087,Contracts Expression,1,0.556504318009503,0.4696360062730021,0.6400495795386867,0.04389629362302965,193,autocracy
full2_reduced_no_speech_no_non_verbal,wdj_expression_lag1,0.34259258955717087,Expands Expression,3,0.36654326215274696,0.2945193388815269,0.44506871469924014,0.038674390194686666,193,autocracy
full2_reduced_no_speech_no_non_verbal,wdj_expression_lag1,0.36518518209457396,Mixed Outcome,2,0.07509273036812807,0.04445138534677001,0.12411242406765105,0.019735159645470794,193,autocracy
full2_reduced_no_speech_no_non_verbal,wdj_expression_lag1,0.36518518209457396,Contracts Expression,1,0.5606319423515073,0.4708775358025548,0.6465883134828374,0.04528783501600766,193,autocracy
full2_reduced_no_speech_no_non_verbal,wdj_expression_lag1,0.36518518209457396,Expands Expression,3,0.36427532728036466,0.2891177990102923,0.4466936883818874,0.04050540661590666,193,autocracy
full2_reduced_no_speech_no_non_verbal,wdj_expression_lag1,0.38777777463197705,Mixed Outcome,2,0.07327024410155111,0.04241082046306828,0.12368370954337389,0.020076685760934784,193,autocracy
full2_reduced_no_speech_no_non_verbal,wdj_expression_lag1,0.38777777463197705,Contracts Expression,1,0.5647388738126394,0.4718121747845686,0.6533292212619534,0.04681595013342405,193,autocracy
full2_reduced_no_speech_no_non_verbal,wdj_expression_lag1,0.38777777463197705,Expands Expression,3,0.3619908820858098,0.2835381326781776,0.4485604673597302,0.04244965949396505,193,autocracy
full2_reduced_no_speech_no_non_verbal,wdj_expression_lag1,0.41037036716938013,Mixed Outcome,2,0.07148444207065757,0.040405682470743255,0.12339407740018779,0.020435327053704013,193,autocracy
full2_reduced_no_speech_no_non_verbal,wdj_expression_lag1,0.41037036716938013,Contracts Expression,1,0.568825006274046,0.47246864779585496,0.6602378956471947,0.04846484814461248,193,autocracy
full2_reduced_no_speech_no_non_verbal,wdj_expression_lag1,0.41037036716938013,Expands Expression,3,0.35969055165529634,0.27781996400661263,0.4506329106573898,0.044488136314462114,193,autocracy
full2_reduced_no_speech_no_non_verbal,wdj_expression_lag1,0.43296295970678333,Mixed Outcome,2,0.06973480639455684,0.038444824683396404,0.12322781398078485,0.020804316407680705,193,autocracy
full2_reduced_no_speech_no_non_verbal,wdj_expression_lag1,0.43296295970678333,Contracts Expression,1,0.5728902377347712,0.4728738554242191,0.6672819940323496,0.050219727296165945,193,autocracy
full2_reduced_no_speech_no_non_verbal,wdj_expression_lag1,0.43296295970678333,Expands Expression,3,0.35737495587067203,0.2719976500253145,0.45288000813295054,0.04660445504075226,193,autocracy
full2_reduced_no_speech_no_non_verbal,wdj_expression_lag1,0.4555555522441864,Mixed Outcome,2,0.06802082053591796,0.03653531932696529,0.12317115948946535,0.02117785456045426,193,autocracy
full2_reduced_no_speech_no_non_verbal,wdj_expression_lag1,0.4555555522441864,Contracts Expression,1,0.5769344700251802,0.4730525259145844,0.6744315934639042,0.05206694561799455,193,autocracy
full2_reduced_no_speech_no_non_verbal,wdj_expression_lag1,0.4555555522441864,Expands Expression,3,0.35504470943890154,0.2661007713729929,0.45527538496170805,0.048784606471502484,193,autocracy
full2_reduced_no_speech_no_non_verbal,wdj_expression_lag1,0.4781481447815895,Mixed Outcome,2,0.06634196953764553,0.03468264766199966,0.12321212596369566,0.021551020478849534,193,autocracy
full2_reduced_no_speech_no_non_verbal,wdj_expression_lag1,0.4781481447815895,Contracts Expression,1,0.580957608543091,0.47302707238574826,0.6816593393212401,0.05399408776828776,193,autocracy
full2_reduced_no_speech_no_non_verbal,wdj_expression_lag1,0.4781481447815895,Expands Expression,3,0.35270042191926365,0.2601547007898314,0.45779672876559624,0.05101665850338754,193,autocracy
full2_reduced_no_speech_no_non_verbal,wdj_expression_lag1,0.5007407373189926,Mixed Outcome,2,0.06469774024049656,0.032890899658382,0.12334030393212929,0.02191967537519394,193,autocracy
full2_reduced_no_speech_no_non_verbal,wdj_expression_lag1,0.5007407373189926,Contracts Expression,1,0.5849595620117789,0.47281759611560936,0.6889404470965992,0.05598995830711126,193,autocracy
full2_reduced_no_speech_no_non_verbal,wdj_expression_lag1,0.5007407373189926,Expands Expression,3,0.350342697747725,0.25418117120512734,0.46042521761093935,0.053290461895833294,193,autocracy
full2_reduced_no_speech_no_non_verbal,wdj_expression_lag1,0.5233333298563957,Mixed Outcome,2,0.06308762148298411,0.031162968936619025,0.12354667220828254,0.022280367815185817,193,autocracy
full2_reduced_no_speech_no_non_verbal,wdj_expression_lag1,0.5233333298563957,Contracts Expression,1,0.5889402422590123,0.4724419860478823,0.6962526071759122,0.05804452673653001,193,autocracy
full2_reduced_no_speech_no_non_verbal,wdj_expression_lag1,0.5233333298563957,Expands Expression,3,0.3479721362580037,0.24819880148071988,0.4631449910234611,0.05559737875510773,193,autocracy
full2_reduced_no_speech_no_non_verbal,wdj_expression_lag1,0.5459259223937988,Mixed Outcome,2,0.06151110428487384,0.029500734522657387,0.12382341947224813,0.02263024439773024,193,autocracy
full2_reduced_no_speech_no_non_verbal,wdj_expression_lag1,0.5459259223937988,Contracts Expression,1,0.5928995640161865,0.47191607487303827,0.7035758322190304,0.06014884441918426,193,autocracy
full2_reduced_no_speech_no_non_verbal,wdj_expression_lag1,0.5459259223937988,Expands Expression,3,0.345589331698939,0.2422235630965369,0.4659426803811667,0.05793004195367776,193,autocracy
full2_reduced_no_speech_no_non_verbal,wdj_expression_lag1,0.5685185149312019,Mixed Outcome,2,0.05996768201556325,0.027905225151610428,0.12416378200764953,0.022966968322988522,193,autocracy
full2_reduced_no_speech_no_non_verbal,wdj_expression_lag1,0.5685185149312019,Contracts Expression,1,0.5968374447366269,0.47125382334873744,0.7108922754951594,0.062294947722457396,193,autocracy
full2_reduced_no_speech_no_non_verbal,wdj_expression_lag1,0.5685185149312019,Expands Expression,3,0.34319487324781034,0.23626918236587496,0.468807004394164,0.060282148192453366,193,autocracy
full2_reduced_no_speech_no_non_verbal,wdj_expression_lag1,0.5911111074686051,Mixed Outcome,2,0.05845685054859154,0.026376764575303187,0.12456189931418857,0.023288646779805335,193,autocracy
full2_reduced_no_speech_no_non_verbal,wdj_expression_lag1,0.5911111074686051,Contracts Expression,1,0.6007538044320703,0.4704675134938222,0.7181860395663725,0.06447575716876236,193,autocracy
full2_reduced_no_speech_no_non_verbal,wdj_expression_lag1,0.5911111074686051,Expands Expression,3,0.3407893450193383,0.23034748154943716,0.47172842616656646,0.06264828282764551,193,autocracy
full2_reduced_no_speech_no_non_verbal,wdj_expression_lag1,0.6137037000060082,Mixed Outcome,2,0.056978108403489096,0.024915098064806428,0.12501268750391498,0.023593767170853423,193,autocracy
full2_reduced_no_speech_no_non_verbal,wdj_expression_lag1,0.6137037000060082,Contracts Expression,1,0.6046485655263568,0.4695679379646855,0.7254429879868852,0.06668497897381111,193,autocracy
full2_reduced_no_speech_no_non_verbal,wdj_expression_lag1,0.6137037000060082,Expands Expression,3,0.33837332607015475,0.2244686651919287,0.4746988654603783,0.06502377312929135,193,autocracy
full2_reduced_no_speech_no_non_verbal,wdj_expression_lag1,0.6362962925434112,Mixed Outcome,2,0.055530956876129356,0.02351950124645403,0.1255117295161778,0.023881141711782097,193,autocracy
full2_reduced_no_speech_no_non_verbal,wdj_expression_lag1,0.6362962925434112,Contracts Expression,1,0.6085216527252965,0.4685645783403254,0.7326505673186431,0.06891701260815573,193,autocracy
full2_reduced_no_speech_no_non_verbal,wdj_expression_lag1,0.6362962925434112,Expands Expression,3,0.33594739039857435,0.21864155859895942,0.47771145940740123,0.06740456643053432,193,autocracy
full2_reduced_no_speech_no_non_verbal,wdj_expression_lag1,0.6588888850808143,Mixed Outcome,2,0.05411490015869579,0.022188872934390216,0.12605518053252798,0.02414985963834293,193,autocracy
full2_reduced_no_speech_no_non_verbal,wdj_expression_lag1,0.6588888850808143,Contracts Expression,1,0.6123729929017269,0.46746576853426597,0.7397976432779177,0.07116686624855133,193,autocracy
full2_reduced_no_speech_no_non_verbal,wdj_expression_lag1,0.6588888850808143,Expands Expression,3,0.33351210693957734,0.2128738064253057,0.4807603634118,0.06978712895387235,193,autocracy
full2_reduced_no_speech_no_non_verbal,wdj_expression_lag1,0.6814814776182174,Mixed Outcome,2,0.052729445450325686,0.020921813759120122,0.12663968695564376,0.024399246197323712,193,autocracy
full2_reduced_no_speech_no_non_verbal,wdj_expression_lag1,0.6814814776182174,Contracts Expression,1,0.6162025149947278,0.46627884169624423,0.7468743526500198,0.0734300808987948,193,autocracy
full2_reduced_no_speech_no_non_verbal,wdj_expression_lag1,0.6814814776182174,Expands Expression,3,0.3310680395549467,0.20717203721323782,0.4838405867436058,0.0721683624107687,193,autocracy
full2_reduced_no_speech_no_non_verbal,wdj_expression_lag1,0.7040740701556205,Mixed Outcome,2,0.05137410305943222,0.019716692409906325,0.12726231720741332,0.024628827562463495,193,autocracy
full2_reduced_no_speech_no_non_verbal,wdj_expression_lag1,0.7040740701556205,Contracts Expression,1,0.6200101499220068,0.4650102604630806,0.7538719711135694,0.07570266320528347,193,autocracy
full2_reduced_no_speech_no_non_verbal,wdj_expression_lag1,0.7040740701556205,Expands Expression,3,0.3286157470185606,0.2015420005317715,0.48694785579052596,0.07454553482197669,193,autocracy
full2_reduced_no_speech_no_non_verbal,wdj_expression_lag1,0.7266666626930237,Mixed Outcome,2,0.05004838649865025,0.018571701195724596,0.12792050270028485,0.024838300864785653,193,autocracy
full2_reduced_no_speech_no_non_verbal,wdj_expression_lag1,0.7266666626930237,Contracts Expression,1,0.6237958305044687,0.46366573181861864,0.7607827958552857,0.07798102630053323,193,autocracy
full2_reduced_no_speech_no_non_verbal,wdj_expression_lag1,0.7266666626930237,Expands Expression,3,0.3261557829968811,0.19598868100970596,0.4900785009530841,0.07691622343852945,193,autocracy
full2_reduced_no_speech_no_non_verbal,wdj_expression_lag1,0.7492592552304268,Mixed Outcome,2,0.04875181257328498,0.017484902452775404,0.12861198757807837,0.02502750862124002,193,autocracy
full2_reduced_no_speech_no_non_verbal,wdj_expression_lag1,0.7492592552304268,Contracts Expression,1,0.627559491401979,0.4622503069639219,0.7676000423994189,0.08026193841897596,193,autocracy
full2_reduced_no_speech_no_non_verbal,wdj_expression_lag1,0.7492592552304268,Expands Expression,3,0.3236886960247353,0.1905163937431694,0.49322936251919197,0.07927826739605237,193,autocracy
full2_reduced_no_speech_no_non_verbal,wdj_expression_lag1,0.7718518477678299,Mixed Outcome,2,0.04748390146408594,0.01645426716794624,0.12933478589397934,0.025196416906105235,193,autocracy
full2_reduced_no_speech_no_non_verbal,wdj_expression_lag1,0.7718518477678299,Contracts Expression,1,0.6313010690594147,0.4607684684649355,0.7743177536127945,0.0825424781248781,193,autocracy
full2_reduced_no_speech_no_non_verbal,wdj_expression_lag1,0.7718518477678299,Expands Expression,3,0.32121502947649966,0.1851288642859206,0.49639771239306324,0.08162972847837113,193,autocracy
full2_reduced_no_speech_no_non_verbal,wdj_expression_lag1,0.7944444403052331,Mixed Outcome,2,0.04624417680509795,0.015477707000177419,0.13008714512095376,0.025345096707156557,193,autocracy
full2_reduced_no_speech_no_non_verbal,wdj_expression_lag1,0.7944444403052331,Contracts Expression,1,0.6350205016620453,0.45922420575777273,0.7809307197485216,0.08481999557199553,193,autocracy
full2_reduced_no_speech_no_non_verbal,wdj_expression_lag1,0.7944444403052331,Expands Expression,3,0.3187353215328568,0.179829296261819,0.4995811884646243,0.08396885836666765,193,autocracy
full2_reduced_no_speech_no_non_verbal,wdj_expression_lag1,0.8170370328426362,Mixed Outcome,2,0.045032165757277164,0.01455310072134914,0.13086751502447522,0.025473707981954065,193,autocracy
full2_reduced_no_speech_no_non_verbal,wdj_expression_lag1,0.8170370328426362,Contracts Expression,1,0.638717729099405,0.4576210804002245,0.7874344081592085,0.08709207906833626,193,autocracy
full2_reduced_no_speech_no_non_verbal,wdj_expression_lag1,0.8170370328426362,Expands Expression,3,0.3162501051433177,0.17462042846263875,0.5027777399905721,0.08629407149342454,193,autocracy
full2_reduced_no_speech_no_non_verbal,wdj_expression_lag1,0.8396296253800393,Mixed Outcome,2,0.0438473990784993,0.013678315950543996,0.13167452106015604,0.025582485999221926,193,autocracy
full2_reduced_no_speech_no_non_verbal,wdj_expression_lag1,0.8396296253800393,Contracts Expression,1,0.6423926929367838,0.4559622826174749,0.7938249012394711,0.08935652615038876,193,autocracy
full2_reduced_no_speech_no_non_verbal,wdj_expression_lag1,0.8396296253800393,Expands Expression,3,0.3137599079847167,0.16950458371530805,0.5059855814079481,0.08860392222450775,193,autocracy
full2_reduced_no_speech_no_non_verbal,wdj_expression_lag1,0.8622222179174424,Mixed Outcome,2,0.04268941119051393,0.012851226916155251,0.1325069416538959,0.025671729626324708,193,autocracy
full2_reduced_no_speech_no_non_verbal,wdj_expression_lag1,0.8622222179174424,Contracts Expression,1,0.6460453363935506,0.45425067995771007,0.8000988417047318,0.09161131872667871,193,autocracy
full2_reduced_no_speech_no_non_verbal,wdj_expression_lag1,0.8622222179174424,Expands Expression,3,0.31126525241593545,0.16448371069901488,0.5092031535853236,0.09089708582282133,193,autocracy
full2_reduced_no_speech_no_non_verbal,wdj_expression_lag1,0.8848148104548454,Mixed Outcome,2,0.04155774024334366,0.01206972888615783,0.13336368867696455,0.025741791248657,193,autocracy
full2_reduced_no_speech_no_non_verbal,wdj_expression_lag1,0.8848148104548454,Contracts Expression,1,0.6496756043275478,0.4524888596125319,0.8062533838551866,0.09385460150593841,193,autocracy
full2_reduced_no_speech_no_non_verbal,wdj_expression_lag1,0.8848148104548454,Expands Expression,3,0.3087666554291087,0.1595594200989327,0.5124290909937107,0.09317234243312819,193,autocracy
full2_reduced_no_speech_no_non_verbal,wdj_expression_lag1,0.9074074029922485,Mixed Outcome,2,0.04045192817755392,0.011331749783599073,0.13424379073112877,0.025793068093458212,193,autocracy
full2_reduced_no_speech_no_non_verbal,wdj_expression_lag1,0.9074074029922485,Contracts Expression,1,0.6532834432248427,0.45067916480258774,0.8122861502950797,0.09608466347888303,193,autocracy
full2_reduced_no_speech_no_non_verbal,wdj_expression_lag1,0.9074074029922485,Expands Expression,3,0.30626462859760323,0.15473301602044376,0.5156621938990956,0.09542856361874522,193,autocracy
full2_reduced_no_speech_no_non_verbal,court_independence_lag1,-1.3279999494552612,Mixed Outcome,2,0.2866028957723078,0.049887010674244746,0.7545334753631634,0.21227681135465207,632,democracy
full2_reduced_no_speech_no_non_verbal,court_independence_lag1,-1.3279999494552612,Contracts Expression,1,0.21972126834759675,0.012889663011766353,0.8586076364731134,0.26863509282938136,632,democracy
full2_reduced_no_speech_no_non_verbal,court_independence_lag1,-1.3279999494552612,Expands Expression,3,0.49367583588009695,0.15094172205392803,0.8424588335198773,0.21705293351003624,632,democracy
full2_reduced_no_speech_no_non_verbal,court_independence_lag1,-1.234119951725006,Mixed Outcome,2,0.28584412324384717,0.05246374109752507,0.7431553517886483,0.20602497318917729,632,democracy
full2_reduced_no_speech_no_non_verbal,court_independence_lag1,-1.234119951725006,Contracts Expression,1,0.21876678295273763,0.013887353633419924,0.8477493747137999,0.2607199189914075,632,democracy
full2_reduced_no_speech_no_non_verbal,court_independence_lag1,-1.234119951725006,Expands Expression,3,0.49538909380341534,0.1581466570650511,0.8368800205050273,0.21090926251624076,632,democracy
full2_reduced_no_speech_no_non_verbal,court_independence_lag1,-1.140239953994751,Mixed Outcome,2,0.28508389390510136,0.05515915290460505,0.7314575924629022,0.19980216694136657,632,democracy
full2_reduced_no_speech_no_non_verbal,court_independence_lag1,-1.140239953994751,Contracts Expression,1,0.21781371879110073,0.014960794472474205,0.8362166088059959,0.25284859446155256,632,democracy
full2_reduced_no_speech_no_non_verbal,court_independence_lag1,-1.140239953994751,Expands Expression,3,0.49710238730379713,0.16562378206369535,0.8311478752352056,0.20476410208755677,632,democracy
full2_reduced_no_speech_no_non_verbal,court_independence_lag1,-1.0463599562644958,Mixed Outcome,2,0.2843222297033663,0.057977595380082986,0.7194487293790159,0.19360844447137598,632,democracy
full2_reduced_no_speech_no_non_verbal,court_independence_lag1,-1.0463599562644958,Contracts Expression,1,0.21686209249794633,0.016115516466131782,0.8239920304979278,0.24502131623731563,632,democracy
full2_reduced_no_speech_no_non_verbal,court_independence_lag1,-1.0463599562644958,Expands Expression,3,0.49881567779868674,0.17337663710225154,0.8252612856969327,0.19861803873383646,632,democracy
full2_reduced_no_speech_no_non_verbal,court_independence_lag1,-0.9524799585342407,Mixed Outcome,2,0.28355915264954656,0.060923478267648795,0.7071388595257464,0.1874438672404191,632,democracy
full2_reduced_no_speech_no_non_verbal,court_independence_lag1,-0.9524799585342407,Contracts Expression,1,0.2159119206492397,0.017357419259520734,0.8110617262565051,0.23723828790571855,632,democracy
full2_reduced_no_speech_no_non_verbal,court_independence_lag1,-0.9524799585342407,Expands Expression,3,0.5005289267012113,0.18140813608569664,0.8192193789014331,0.19247168156874486,632,democracy
full2_reduced_no_speech_no_non_verbal,court_independence_lag1,-0.8585999608039856,Mixed Outcome,2,0.2827946848163259,0.06400126158929195,0.6945396577706638,0.18130850779077837,632,democracy
full2_reduced_no_speech_no_non_verbal,court_independence_lag1,-0.8585999608039856,Contracts Expression,1,0.21496321976021882,0.018692789888751653,0.7974157654799877,0.22949972097630628,632,democracy
full2_reduced_no_speech_no_non_verbal,court_independence_lag1,-0.8585999608039856,Expands Expression,3,0.502242095423455,0.18972050051385994,0.8130215419867034,0.1863256658998167,632,democracy
full2_reduced_no_speech_no_non_verbal,court_independence_lag1,-0.7647199630737305,Mixed Outcome,2,0.2820288483363097,0.0672154439061199,0.6816643752467232,0.1752024515089373,632,democracy
full2_reduced_no_speech_no_non_verbal,court_independence_lag1,-0.7647199630737305,Contracts Expression,1,0.21401600628397216,0.020128321322297915,0.7830487938074718,0.22180583646739413,632,democracy
full2_reduced_no_speech_no_non_verbal,court_independence_lag1,-0.7647199630737305,Expands Expression,3,0.503955145379718,0.1983151916300346,0.806667444741477,0.18018065755345392,632,democracy
full2_reduced_no_speech_no_non_verbal,court_independence_lag1,-0.6708399653434753,Mixed Outcome,2,0.28126166540017933,0.07057054883444343,0.668527822487907,0.1691257987375908,632,democracy
full2_reduced_no_speech_no_non_verbal,court_independence_lag1,-0.6708399653434753,Contracts Expression,1,0.21307029661001242,0.02167113059387184,0.7679606158052538,0.214156866802736,632,democracy
full2_reduced_no_speech_no_non_verbal,court_independence_lag1,-0.6708399653434753,Expands Expression,3,0.5056680379898071,0.2071928412581756,0.8001570638136051,0.17403735811268303,632,democracy
full2_reduced_no_speech_no_non_verbal,court_independence_lag1,-0.5769599676132202,Mixed Outcome,2,0.2804931582548255,0.07407110959725598,0.6551463368355545,0.1630786673202738,632,democracy
full2_reduced_no_speech_no_non_verbal,court_independence_lag1,-0.5769599676132202,Contracts Expression,1,0.21212610706287346,0.023328776195718135,0.7521567488704468,0.206553058090813,632,democracy
full2_reduced_no_speech_no_non_verbal,court_independence_lag1,-0.5769599676132202,Expands Expression,3,0.5073807346822998,0.21635318157489705,0.7934907089589897,0.16789651129675104,632,democracy
full2_reduced_no_speech_no_non_verbal,court_independence_lag1,-0.4830799698829651,Mixed Outcome,2,0.27972334920147224,0.07772165134734928,0.6415377339585145,0.15706119568615026,632,democracy
full2_reduced_no_speech_no_non_verbal,court_independence_lag1,-0.4830799698829651,Contracts Expression,1,0.21118345390069831,0.0251092743230897,0.7356489281723583,0.19899467287867656,632,democracy
full2_reduced_no_speech_no_non_verbal,court_independence_lag1,-0.4830799698829651,Expands Expression,3,0.509093196897829,0.22579497398938575,0.7866690518133291,0.16175891077890903,632,democracy
full2_reduced_no_speech_no_non_verbal,court_independence_lag1,-0.38919997215270996,Mixed Outcome,2,0.27895226059381023,0.08152667094009887,0.6277212436953628,0.15107354661403916,632,democracy
full2_reduced_no_speech_no_non_verbal,court_independence_lag1,-0.38919997215270996,Contracts Expression,1,0.2102423533138433,0.027021113464920553,0.7184555410778733,0.19148199349885717,632,democracy
full2_reduced_no_speech_no_non_verbal,court_independence_lag1,-0.38919997215270996,Expands Expression,3,0.510805386092347,0.23551593717779082,0.7796931578414068,0.1556254098297038,632,democracy
full2_reduced_no_speech_no_non_verbal,court_independence_lag1,-0.29531997442245483,Mixed Outcome,2,0.27817991483609866,0.0854906137556583,0.6137174308342724,0.14511591185706477,632,democracy
full2_reduced_no_speech_no_non_verbal,court_independence_lag1,-0.29531997442245483,Contracts Expression,1,0.20930282142348577,0.029073266717832953,0.7006019690047869,0.1840153261620784,632,democracy
full2_reduced_no_speech_no_non_verbal,court_independence_lag1,-0.29531997442245483,Expands Expression,3,0.5125172637404157,0.24551267411866592,0.7725645223557598,0.14949693329681438,632,democracy
full2_reduced_no_speech_no_non_verbal,court_independence_lag1,-0.2014399766921997,Mixed Outcome,2,0.2774063343812846,0.08961784706380137,0.5995481018955823,0.13918851786669623,632,democracy
full2_reduced_no_speech_no_non_verbal,court_independence_lag1,-0.2014399766921997,Contracts Expression,1,0.208364874280242,0.03127520105340703,0.6821208152355595,0.17659500599582248,632,democracy
full2_reduced_no_speech_no_non_verbal,court_independence_lag1,-0.2014399766921997,Expands Expression,3,0.5142287913384722,0.2557805976766879,0.7652851118217496,0.1433744926004208,632,democracy
full2_reduced_no_speech_no_non_verbal,court_independence_lag1,-0.10755997896194458,Mixed Outcome,2,0.27663154172909554,0.09391262927803384,0.5852361994752026,0.13329163293325355,632,democracy
full2_reduced_no_speech_no_non_verbal,court_independence_lag1,-0.10755997896194458,Contracts Expression,1,0.20742852786279106,0.0336368825830905,0.6630519990757103,0.16922140329210858,632,democracy
full2_reduced_no_speech_no_non_verbal,court_independence_lag1,-0.10755997896194458,Expands Expression,3,0.5159399304081108,0.2663138538376903,0.7578574121228863,0.1372592046586202,632,democracy
full2_reduced_no_speech_no_non_verbal,court_independence_lag1,-0.013679981231689453,Mixed Outcome,2,0.2758555594241432,0.09837907424093294,0.5708056862528292,0.12742557616897338,632,democracy
full2_reduced_no_speech_no_non_verbal,court_independence_lag1,-0.013679981231689453,Contracts Expression,1,0.20649379807650714,0.03616877662769919,0.6434426999702821,0.1618949313146052,632,democracy
full2_reduced_no_speech_no_non_verbal,court_independence_lag1,-0.013679981231689453,Expands Expression,3,0.5176506424993508,0.27710524105755074,0.7502844860981107,0.131152315984088,632,democracy
full2_reduced_no_speech_no_non_verbal,court_independence_lag1,0.08020001649856567,Mixed Outcome,2,0.27507841005400263,0.10302110939480856,0.5562814213792263,0.12159072891129888,632,democracy
full2_reduced_no_speech_no_non_verbal,court_independence_lag1,0.08020001649856567,Contracts Expression,1,0.20556070075210287,0.038881841089245125,0.623347139829448,0.1546160561362207,632,democracy
full2_reduced_no_speech_no_non_verbal,court_independence_lag1,0.08020001649856567,Expands Expression,3,0.5193608891938957,0.28814612325656763,0.7425700435739617,0.12505523365973883,632,democracy
full2_reduced_no_speech_no_non_verbal,court_independence_lag1,0.1740800142288208,Mixed Outcome,2,0.2743001162473098,0.10784242627949697,0.5416890326663701,0.11578754934079392,632,democracy
full2_reduced_no_speech_no_non_verbal,court_independence_lag1,0.1740800142288208,Contracts Expression,1,0.20462925164427634,0.041787511213272614,0.6028261977857853,0.14738530914716014,632,democracy
full2_reduced_no_speech_no_non_verbal,court_independence_lag1,0.1740800142288208,Expands Expression,3,0.521070632108412,0.29942633264245616,0.7347185284249129,0.118969565570777,632,democracy
full2_reduced_no_speech_no_non_verbal,court_independence_lag1,0.2679600119590759,Mixed Outcome,2,0.2735207006718303,0.1128464212042006,0.5270547888560836,0.11001659141775737,632,democracy
full2_reduced_no_speech_no_non_verbal,court_independence_lag1,0.2679600119590759,Contracts Expression,1,0.20369946643037012,0.04489767327559246,0.5819468587402736,0.1402033031143352,632,democracy
full2_reduced_no_speech_no_non_verbal,court_independence_lag1,0.2679600119590759,Expands Expression,3,0.5227798328977997,0.3109340565742651,0.7267352291081925,0.1128971732476538,632,democracy
full2_reduced_no_speech_no_non_verbal,court_independence_lag1,0.36184000968933105,Mixed Outcome,2,0.2727401860325348,0.11803612306587923,0.5124054773306326,0.1042785296957435,632,democracy
full2_reduced_no_speech_no_non_verbal,court_independence_lag1,0.36184000968933105,Contracts Expression,1,0.2027713607090421,0.04822462396144287,0.5607815050812169,0.1330707530194389,632,democracy
full2_reduced_no_speech_no_non_verbal,court_independence_lag1,0.36184000968933105,Expands Expression,3,0.5244884532584214,0.32265569976849795,0.7186264219527219,0.10684024212120229,632,democracy
full2_reduced_no_speech_no_non_verbal,court_independence_lag1,0.4557200074195862,Mixed Outcome,2,0.2719585950696745,0.12341410398501486,0.49776829408887463,0.09857419224260835,632,democracy
full2_reduced_no_speech_no_non_verbal,court_independence_lag1,0.4557200074195862,Contracts Expression,1,0.20184494999893948,0.05178101112172057,0.539407069556709,0.12598850341076756,632,democracy
full2_reduced_no_speech_no_non_verbal,court_independence_lag1,0.4557200074195862,Expands Expression,3,0.5261964549313867,0.33457570878200255,0.7103995607509014,0.1008013761715744,632,democracy
full2_reduced_no_speech_no_non_verbal,court_independence_lag1,0.5496000051498413,Mixed Outcome,2,0.27117595055684085,0.12898236645763692,0.4831707548838069,0.09290460491520812,632,democracy
full2_reduced_no_speech_no_non_verbal,court_independence_lag1,0.5496000051498413,Contracts Expression,1,0.2009202497373873,0.055579750022407025,0.5179040761131184,0.11895756475866127,632,democracy
full2_reduced_no_speech_no_non_verbal,court_independence_lag1,0.5496000051498413,Expands Expression,3,0.5279037997057693,0.3466763390531532,0.702063532737843,0.0947837272907925,632,democracy
full2_reduced_no_speech_no_non_verbal,court_independence_lag1,0.6434800028800964,Mixed Outcome,2,0.2703922752990315,0.13474219768062956,0.4686406394984317,0.08727105179641197,632,democracy
full2_reduced_no_speech_no_non_verbal,court_independence_lag1,0.6434800028800964,Contracts Expression,1,0.19999727527908476,0.059633906876393035,0.4963556043304133,0.11197916244697187,632,democracy
full2_reduced_no_speech_no_non_verbal,court_independence_lag1,0.6434800028800964,Expands Expression,3,0.5296104494218858,0.35893733444527376,0.6936290112460294,0.08879117489134702,632,democracy
full2_reduced_no_speech_no_non_verbal,court_independence_lag1,0.7373600006103516,Mixed Outcome,2,0.269607592130701,0.14069397692172125,0.45420598589840067,0.08167515905610159,632,democracy
full2_reduced_no_speech_no_non_verbal,court_independence_lag1,0.7373600006103516,Contracts Expression,1,0.1990760418948089,0.06395653790681068,0.47484622185322384,0.10505480379760879,632,democracy
full2_reduced_no_speech_no_non_verbal,court_independence_lag1,0.7373600006103516,Expands Expression,3,0.53131636597449,0.37133547284079266,0.6851089515681835,0.08282857959451075,632,democracy
full2_reduced_no_speech_no_non_verbal,court_independence_lag1,0.8312399983406067,Mixed Outcome,2,0.2688219239138263,0.14683691410739055,0.4398951586149448,0.0761190134386486,632,democracy
full2_reduced_no_speech_no_non_verbal,court_independence_lag1,0.8312399983406067,Contracts Expression,1,0.198156564770139,0.06856046666644264,0.45346093828759887,0.0981863713062195,632,democracy
full2_reduced_no_speech_no_non_verbal,court_independence_lag1,0.8312399983406067,Expands Expression,3,0.5330215113160338,0.38384390476393265,0.6765193029698295,0.07690214832938473,632,democracy
full2_reduced_no_speech_no_non_verbal,court_independence_lag1,0.9251199960708618,Mixed Outcome,2,0.2680352935359498,0.15316868512026213,0.42573702825160775,0.07060533306394512,632,democracy
full2_reduced_no_speech_no_non_verbal,court_independence_lag1,0.9251199960708618,Contracts Expression,1,0.19723885900417584,0.0734579734831903,0.4322842444658883,0.09137625475345725,632,democracy
full2_reduced_no_speech_no_non_verbal,court_independence_lag1,0.9251199960708618,Expands Expression,3,0.5347258474598734,0.396431167949062,0.6678800536815102,0.07101997061015389,632,democracy
full2_reduced_no_speech_no_non_verbal,court_independence_lag1,1.018999993801117,Mixed Outcome,2,0.26724772390823404,0.15968490784056638,0.41176132027510093,0.06513771919411951,632,democracy
full2_reduced_no_speech_no_non_verbal,court_independence_lag1,1.018999993801117,Contracts Expression,1,0.19632293960828703,0.07866035630790419,0.4113993150573222,0.08462754227969113,632,democracy
full2_reduced_no_speech_no_non_verbal,court_independence_lag1,1.018999993801117,Expands Expression,3,0.5364293364834787,0.40905968603525744,0.6592168002615039,0.0651928238821255,632,democracy
full2_reduced_no_speech_no_non_verbal,court_independence_lag1,1.112879991531372,Mixed Outcome,2,0.2664592379635069,0.16637836559659414,0.3979992283851644,0.05972103670557262,632,democracy
full2_reduced_no_speech_no_non_verbal,court_independence_lag1,1.112879991531372,Contracts Expression,1,0.1954088215048514,0.08417729746737813,0.39088747470415885,0.07794430313846692,632,democracy
full2_reduced_no_speech_no_non_verbal,court_independence_lag1,1.112879991531372,Expands Expression,3,0.5381319405316409,0.4216834299765403,0.650563162134323,0.05943541201068101,632,democracy
full2_reduced_no_speech_no_non_verbal,court_independence_lag1,1.2067599892616272,Mixed Outcome,2,0.2656698586543031,0.173237817503497,0.38448445467645925,0.05436200531413875,632,democracy
full2_reduced_no_speech_no_non_verbal,court_independence_lag1,1.2067599892616272,Contracts Expression,1,0.19449651952602204,0.0900159274177664,0.3708280668648639,0.0713320169903666,632,democracy
full2_reduced_no_speech_no_non_verbal,court_independence_lag1,1.2067599892616272,Expands Expression,3,0.5398336218196739,0.43424419187769436,0.6419645908188037,0.05376831797653021,632,democracy
full2_reduced_no_speech_no_non_verbal,court_independence_lag1,1.3006399869918823,Mixed Outcome,2,0.2648796089509165,0.18024611017959294,0.3712549635024625,0.049070147416722956,632,democracy
full2_reduced_no_speech_no_non_verbal,court_independence_lag1,1.3006399869918823,Contracts Expression,1,0.19358604841249985,0.09617939789715942,0.3512989373612822,0.06479824475925276,632,democracy
full2_reduced_no_speech_no_non_verbal,court_independence_lag1,1.3006399869918823,Expands Expression,3,0.5415343426365824,0.44666551254409786,0.6334845316196195,0.04822116073908783,632,democracy
full2_reduced_no_speech_no_non_verbal,court_independence_lag1,1.3945199847221375,Mixed Outcome,2,0.2640885118394357,0.1873770642426975,0.35835597673262,0.04385936149481983,632,democracy
full2_reduced_no_speech_no_non_verbal,court_independence_lag1,1.3945199847221375,Contracts Expression,1,0.19267742281231123,0.10266462884918025,0.332377885774086,0.05835371160935867,632,democracy
full2_reduced_no_speech_no_non_verbal,court_independence_lag1,1.3945199847221375,Expands Expression,3,0.5432340653482529,0.45884258199112926,0.6252146174531217,0.042837815789793045,632,democracy
full2_reduced_no_speech_no_non_verbal,court_independence_lag1,1.4883999824523926,Mixed Outcome,2,0.2632965903197893,0.19459012684360236,0.3458452199273296,0.03875063616947209,632,democracy
full2_reduced_no_speech_no_non_verbal,court_independence_lag1,1.4883999824523926,Contracts Expression,1,0.19177065727961295,0.1094586039227287,0.314145720033149,0.05201412032982147,632,democracy
full2_reduced_no_speech_no_non_verbal,court_independence_lag1,1.4883999824523926,Expands Expression,3,0.5449327524005992,0.4706252283549574,0.6172917781555894,0.03768517570217566,632,democracy
full2_reduced_no_speech_no_non_verbal,court_independence_lag1,1.5822799801826477,Mixed Outcome,2,0.2625038674037812,0.20182078621463917,0.33380242393053433,0.03377692811943899,632,democracy
full2_reduced_no_speech_no_non_verbal,court_independence_lag1,1.5822799801826477,Contracts Expression,1,0.19086576627349192,0.11653199950945443,0.29669213208833994,0.04580331426370247,632,democracy
full2_reduced_no_speech_no_non_verbal,court_independence_lag1,1.5822799801826477,Expands Expression,3,0.5466303663227274,0.4817894967244761,0.609926762442422,0.03286775620795956,632,democracy
full2_reduced_no_speech_no_non_verbal,court_independence_lag1,1.6761599779129028,Mixed Outcome,2,0.2617103661131401,0.20896265850488138,0.3223471717931666,0.02899229197412635,632,democracy
full2_reduced_no_speech_no_non_verbal,court_independence_lag1,1.6761599779129028,Contracts Expression,1,0.18996276415678714,0.12382768423269305,0.2801268538210133,0.03975904534033001,632,democracy
full2_reduced_no_speech_no_non_verbal,court_independence_lag1,1.6761599779129028,Expands Expression,3,0.5483268697300716,0.4919930358472752,0.6034488531788359,0.028550610762607682,632,democracy
full2_reduced_no_speech_no_non_verbal,court_independence_lag1,1.770039975643158,Mixed Outcome,2,0.2609161094775539,0.21583294557646726,0.3116733922678267,0.02448950099559715,632,democracy
full2_reduced_no_speech_no_non_verbal,court_independence_lag1,1.770039975643158,Contracts Expression,1,0.18906166519492712,0.13123891676712077,0.26460125555759356,0.03394398389154788,632,democracy
full2_reduced_no_speech_no_non_verbal,court_independence_lag1,1.770039975643158,Expands Expression,3,0.5500222253275178,0.5007191738561415,0.5983618933855374,0.02498811224643822,632,democracy
full2_reduced_no_speech_no_non_verbal,court_independence_lag1,1.863919973373413,Mixed Outcome,2,0.2601211205327132,0.2221062337440348,0.30211552956249205,0.020433835499854613,632,democracy
full2_reduced_no_speech_no_non_verbal,court_independence_lag1,1.863919973373413,Contracts Expression,1,0.18816248355476956,0.1385662876218071,0.25035132718814873,0.02846755397208789,632,democracy
full2_reduced_no_speech_no_non_verbal,court_independence_lag1,1.863919973373413,Expands Expression,3,0.5517163959125189,0.5072587641484635,0.5953625404049911,0.02253364770694365,632,democracy
full2_reduced_no_speech_no_non_verbal,court_independence_lag1,1.9577999711036682,Mixed Outcome,2,0.2593254223183512,0.22720334657714897,0.2942596756899125,0.017119840114341443,632,democracy
full2_reduced_no_speech_no_non_verbal,court_independence_lag1,1.9577999711036682,Contracts Expression,1,0.18726523330346,0.1454320779318901,0.2377833512671645,0.023529460752639533,632,democracy
full2_reduced_no_speech_no_non_verbal,court_independence_lag1,1.9577999711036682,Expands Expression,3,0.5534093443781911,0.5108660314029235,0.5951845168233211,0.021560803476888702,632,democracy
full2_reduced_no_speech_no_non_verbal,court_independence_lag1,2.0516799688339233,Mixed Outcome,2,0.25852903787629117,0.23020271047748891,0.28903220597720164,0.01501668279854937,632,democracy
full2_reduced_no_speech_no_non_verbal,court_independence_lag1,2.0516799688339233,Contracts Expression,1,0.18636992840730685,0.15112804888754675,0.2276262351221656,0.019497105528460096,632,democracy
full2_reduced_no_speech_no_non_verbal,court_independence_lag1,2.0516799688339233,Expands Expression,3,0.5551010337164026,0.5111657961085274,0.5981914784055723,0.022256429890379664,632,democracy
full2_reduced_no_speech_no_non_verbal,court_independence_lag1,2.1455599665641785,Mixed Outcome,2,0.25773199024848975,0.23012050065499173,0.28741964924088137,0.01462551061378036,632,democracy
full2_reduced_no_speech_no_non_verbal,court_independence_lag1,2.1455599665641785,Contracts Expression,1,0.18547658273066278,0.15447809291206105,0.22106905112328862,0.016975227787735362,632,democracy
full2_reduced_no_speech_no_non_verbal,court_independence_lag1,2.1455599665641785,Expands Expression,3,0.5567914270208472,0.5084479234889239,0.604082651878892,0.02447084924966277,632,democracy
full2_reduced_no_speech_no_non_verbal,court_independence_lag1,2.2394399642944336,Mixed Outcome,2,0.2569343024750785,0.22676313028701822,0.28961622886120186,0.016044840389221365,632,democracy
full2_reduced_no_speech_no_non_verbal,court_independence_lag1,2.2394399642944336,Contracts Expression,1,0.18458521003482553,0.154216498425884,0.2193830143874131,0.01661210055142981,632,democracy
full2_reduced_no_speech_no_non_verbal,court_independence_lag1,2.2394399642944336,Expands Expression,3,0.5584804874900973,0.5034334673721773,0.6121267708435384,0.027836803085053208,632,democracy
full2_reduced_no_speech_no_non_verbal,court_independence_lag1,2.3333199620246887,Mixed Outcome,2,0.25613599759242056,0.2209681769502371,0.29478297960304073,0.018847639405824762,632,democracy
full2_reduced_no_speech_no_non_verbal,court_independence_lag1,2.3333199620246887,Contracts Expression,1,0.1836958239769459,0.15018368658037853,0.22272602251238172,0.018488409640547536,632,democracy
full2_reduced_no_speech_no_non_verbal,court_independence_lag1,2.3333199620246887,Expands Expression,3,0.5601681784306348,0.4968480006498473,0.6215888171360816,0.031986315013251,632,democracy
full2_reduced_no_speech_no_non_verbal,court_independence_lag1,2.427199959754944,Mixed Outcome,2,0.25533709863115295,0.21377476139351004,0.30187742400209444,0.022504204518436596,632,democracy
full2_reduced_no_speech_no_non_verbal,court_independence_lag1,2.427199959754944,Contracts Expression,1,0.1828084381089591,0.14355434690766478,0.22991481601802916,0.02200048389775544,632,democracy
full2_reduced_no_speech_no_non_verbal,court_independence_lag1,2.427199959754944,Expands Expression,3,0.561854463259886,0.4892289636023351,0.6319227354939269,0.03664826589960534,632,democracy
full2_reduced_no_speech_no_non_verbal,court_independence_lag1,2.521079957485199,Mixed Outcome,2,0.25453762861424956,0.20589854076136785,0.3101786450690788,0.02664963336850627,632,democracy
full2_reduced_no_speech_no_non_verbal,court_independence_lag1,2.521079957485199,Contracts Expression,1,0.18192306587652063,0.13563640707042243,0.23962631308959093,0.026473721311040022,632,democracy
full2_reduced_no_speech_no_non_verbal,court_independence_lag1,2.521079957485199,Expands Expression,3,0.5635393055092315,0.4809305266845027,0.6427666242276591,0.04164548117060459,632,democracy
full2_reduced_no_speech_no_non_verbal,court_independence_lag1,2.614959955215454,Mixed Outcome,2,0.253737610555068,0.19774790643832457,0.3192711640021711,0.03107537153755989,632,democracy
full2_reduced_no_speech_no_non_verbal,court_independence_lag1,2.614959955215454,Contracts Expression,1,0.18103972061795892,0.12726153347436886,0.2510074140487084,0.03147441369314448,632,democracy
full2_reduced_no_speech_no_non_verbal,court_independence_lag1,2.614959955215454,Expands Expression,3,0.5652226688269728,0.47217982107170875,0.6538865480862296,0.04686581584567135,632,democracy
full2_reduced_no_speech_no_non_verbal,court_independence_lag1,2.7088399529457092,Mixed Outcome,2,0.2529370674554202,0.18954881890593037,0.32892018939286277,0.03566546688563815,632,democracy
full2_reduced_no_speech_no_non_verbal,court_independence_lag1,2.7088399529457092,Contracts Expression,1,0.180158415563253,0.11887352177353307,0.2635869121314712,0.036765240633017185,632,democracy
full2_reduced_no_speech_no_non_verbal,court_independence_lag1,2.7088399529457092,Expands Expression,3,0.5669045169813257,0.46312454278541837,0.6651289671710938,0.05223774943640133,632,democracy
full2_reduced_no_speech_no_non_verbal,court_independence_lag1,2.8027199506759644,Mixed Outcome,2,0.2521360223036265,0.18142917041976256,0.33898734602532576,0.04035353081157834,632,democracy
full2_reduced_no_speech_no_non_verbal,court_independence_lag1,2.8027199506759644,Contracts Expression,1,0.17927916383300435,0.11070099297075643,0.2771030936992959,0.042217551278332405,632,democracy
full2_reduced_no_speech_no_non_verbal,court_independence_lag1,2.8027199506759644,Expands Expression,3,0.5685848138633709,0.45386378328883054,0.6763899288741332,0.05771459086900219,632,democracy
full2_reduced_no_speech_no_non_verbal,court_independence_lag1,2.8965999484062195,Mixed Outcome,2,0.2513344980725936,0.1734637606953872,0.34938579702874456,0.04509981741090661,632,democracy
full2_reduced_no_speech_no_non_verbal,court_independence_lag1,2.8965999484062195,Contracts Expression,1,0.17840197843744104,0.10286110171114594,0.29140032295614327,0.04775874825779133,632,democracy
full2_reduced_no_speech_no_non_verbal,court_independence_lag1,2.8965999484062195,Expands Expression,3,0.5702635234899656,0.4444665722791701,0.687596537162825,0.06326497758758115,632,democracy
full2_reduced_no_speech_no_non_verbal,court_independence_lag1,2.9904799461364746,Mixed Outcome,2,0.25053251771787644,0.16569747499215906,0.36005716898952034,0.049879432642004104,632,democracy
full2_reduced_no_speech_no_non_verbal,court_independence_lag1,2.9904799461364746,Contracts Expression,1,0.17752687227543126,0.09541205997097799,0.30637681196265654,0.05334573565889872,632,democracy
full2_reduced_no_speech_no_non_verbal,court_independence_lag1,2.9904799461364746,Expands Expression,3,0.5719406100066907,0.434982901011548,0.6986959311036262,0.06886722349031205,632,democracy
full2_reduced_no_speech_no_non_verbal,court_independence_lag1,3.0843599438667297,Mixed Outcome,2,0.24973010417576738,0.15815751825943059,0.3709594254058286,0.0546761304638025,632,democracy
full2_reduced_no_speech_no_non_verbal,court_independence_lag1,3.0843599438667297,Contracts Expression,1,0.17665385813351073,0.08837954482498128,0.32195851296218303,0.05895165703911352,632,democracy
full2_reduced_no_speech_no_non_verbal,court_independence_lag1,3.0843599438667297,Expands Expression,3,0.573616037690722,0.42545035627723177,0.7096486428878296,0.07450591287760948,632,democracy
full2_reduced_no_speech_no_non_verbal,court_independence_lag1,3.178239941596985,Mixed Outcome,2,0.2489272803613682,0.15086014396641254,0.3820602489617314,0.05947891873301523,632,democracy
full2_reduced_no_speech_no_non_verbal,court_independence_lag1,3.178239941596985,Contracts Expression,1,0.1757829486849239,0.08177049644839803,0.3380856335853612,0.06455903861517323,632,democracy
full2_reduced_no_speech_no_non_verbal,court_independence_lag1,3.178239941596985,Expands Expression,3,0.5752897709537074,0.4158981988344232,0.720424502093964,0.08016980202239575,632,democracy
full2_reduced_no_speech_no_non_verbal,court_independence_lag1,3.27211993932724,Mixed Outcome,2,0.24812406916668406,0.1438145246742178,0.3933332847118013,0.06428012311006574,632,democracy
full2_reduced_no_speech_no_non_verbal,court_independence_lag1,3.27211993932724,Contracts Expression,1,0.17491415648868572,0.07558069899575778,0.35470538933444923,0.0701560789399682,632,democracy
full2_reduced_no_speech_no_non_verbal,court_independence_lag1,3.27211993932724,Expands Expression,3,0.5769617743446283,0.40634993172082934,0.7310000414147807,0.0858504936142358,632,democracy
full2_reduced_no_speech_no_non_verbal,court_independence_lag1,3.365999937057495,Mixed Outcome,2,0.2473204934587144,0.137025078432709,0.40475592929111365,0.06907423783032804,632,democracy
full2_reduced_no_speech_no_non_verbal,court_independence_lag1,3.365999937057495,Contracts Expression,1,0.17404749398865588,0.06979916163986084,0.3717679827438562,0.07573454759369415,632,democracy
full2_reduced_no_speech_no_non_verbal,court_independence_lag1,3.365999937057495,Expands Expression,3,0.57863201255263,0.39682495677982327,0.7413568062777621,0.09154157811907826,632,democracy
full2_reduced_no_speech_no_non_verbal,v2jupurge_lag1,-1.25600004196167,Mixed Outcome,2,0.2543372752371661,0.05718752535980204,0.6573050051238026,0.16709999734615497,632,democracy
full2_reduced_no_speech_no_non_verbal,v2jupurge_lag1,-1.25600004196167,Contracts Expression,1,0.04275144788685284,0.003812200097599888,0.34263116391354465,0.0513032480134881,632,democracy
full2_reduced_no_speech_no_non_verbal,v2jupurge_lag1,-1.25600004196167,Expands Expression,3,0.7029112768759804,0.32664751274645265,0.9202528162670502,0.16883198148534817,632,democracy
full2_reduced_no_speech_no_non_verbal,v2jupurge_lag1,-1.1715400409698487,Mixed Outcome,2,0.25513056451648136,0.05980264057915389,0.6484363240581644,0.1632432154994585,632,democracy
full2_reduced_no_speech_no_non_verbal,v2jupurge_lag1,-1.1715400409698487,Contracts Expression,1,0.044602491092703124,0.004261791180315625,0.337404828816721,0.051951053560207294,632,democracy
full2_reduced_no_speech_no_non_verbal,v2jupurge_lag1,-1.1715400409698487,Expands Expression,3,0.7002669443908165,0.33342095673177846,0.9160532322677569,0.16506067765757598,632,democracy
full2_reduced_no_speech_no_non_verbal,v2jupurge_lag1,-1.0870800399780274,Mixed Outcome,2,0.25590205174764913,0.06252040899336134,0.6394426960003253,0.15936224150232756,632,democracy
full2_reduced_no_speech_no_non_verbal,v2jupurge_lag1,-1.0870800399780274,Contracts Expression,1,0.04652863799164611,0.004763877689244263,0.33221925152655074,0.05255560564114086,632,democracy
full2_reduced_no_speech_no_non_verbal,v2jupurge_lag1,-1.0870800399780274,Expands Expression,3,0.6975693102607022,0.3401802255163954,0.9116532808892632,0.16126747686492726,632,democracy
full2_reduced_no_speech_no_non_verbal,v2jupurge_lag1,-1.002620038986206,Mixed Outcome,2,0.2566506616430222,0.0653433609888077,0.6303277005172325,0.15545763774733878,632,democracy
full2_reduced_no_speech_no_non_verbal,v2jupurge_lag1,-1.002620038986206,Contracts Expression,1,0.04853251895596095,0.005324474627104815,0.32707588666787096,0.05311245697490622,632,democracy
full2_reduced_no_speech_no_non_verbal,v2jupurge_lag1,-1.002620038986206,Expands Expression,3,0.6948168194010188,0.3469182665550465,0.9070457273604885,0.157452665728864,632,democracy
full2_reduced_no_speech_no_non_verbal,v2jupurge_lag1,-0.9181600379943848,Mixed Outcome,2,0.25737528671229626,0.06827396290712814,0.6210951705609197,0.15152998637364334,632,democracy
full2_reduced_no_speech_no_non_verbal,v2jupurge_lag1,-0.9181600379943848,Contracts Expression,1,0.050616821880610834,0.005950260742306006,0.3219761843622059,0.053616947308569425,632,democracy
full2_reduced_no_speech_no_non_verbal,v2jupurge_lag1,-0.9181600379943848,Expands Expression,3,0.6920078914070917,0.35362809953378915,0.9022232906522183,0.15361650099506183,632,democracy
full2_reduced_no_speech_no_non_verbal,v2jupurge_lag1,-0.8337000370025636,Mixed Outcome,2,0.2580747873006536,0.07131460564542119,0.611749186848295,0.14757988844375977,632,democracy
full2_reduced_no_speech_no_non_verbal,v2jupurge_lag1,-0.8337000370025636,Contracts Expression,1,0.052784290430361265,0.006648645960470958,0.3169215922617692,0.05406420343009089,632,democracy
full2_reduced_no_speech_no_non_verbal,v2jupurge_lag1,-0.8337000370025636,Expands Expression,3,0.6891409222689847,0.3603028510900911,0.8971786625302594,0.14975920585068572,632,democracy
full2_reduced_no_speech_no_non_verbal,v2jupurge_lag1,-0.7492400360107422,Mixed Outcome,2,0.2587479917333274,0.07446759306221554,0.6022940710032996,0.14360796299754636,632,democracy
full2_reduced_no_speech_no_non_verbal,v2jupurge_lag1,-0.7492400360107422,Contracts Expression,1,0.055037721961943134,0.007427844284926167,0.31191355822926903,0.054449140486586826,632,democracy
full2_reduced_no_speech_no_non_verbal,v2jupurge_lag1,-0.7492400360107422,Expands Expression,3,0.6862142863047278,0.3669357886258949,0.8919045282324782,0.1458809665346907,632,democracy
full2_reduced_no_speech_no_non_verbal,v2jupurge_lag1,-0.6647800350189209,Mixed Outcome,2,0.2593936965759986,0.07773513028336326,0.5927343775260341,0.1396148459947456,632,democracy
full2_reduced_no_speech_no_non_verbal,v2jupurge_lag1,-0.6647800350189209,Contracts Expression,1,0.05737996510027378,0.008296952252909799,0.3069535338198532,0.05476646479913408,632,democracy
full2_reduced_no_speech_no_non_verbal,v2jupurge_lag1,-0.6647800350189209,Expands Expression,3,0.6832263383237278,0.3735203526177822,0.8863935889707962,0.14198192941274318,632,democracy
full2_reduced_no_speech_no_non_verbal,v2jupurge_lag1,-0.5803200340270996,Mixed Outcome,2,0.26001066702071135,0.08111931200799477,0.5830748846845296,0.13560118916386665,632,democracy
full2_reduced_no_speech_no_non_verbal,v2jupurge_lag1,-0.5803200340270996,Contracts Expression,1,0.059813916947656545,0.009266032920172283,0.30204297876423786,0.055010678391137734,632,democracy
full2_reduced_no_speech_no_non_verbal,v2jupurge_lag1,-0.5803200340270996,Expands Expression,3,0.6801754160316319,0.38005018676196617,0.8806385865423871,0.13806219872908884,632,democracy
full2_reduced_no_speech_no_non_verbal,v2jupurge_lag1,-0.49586003303527837,Mixed Outcome,2,0.2605976374072597,0.08462211091670112,0.5733205844621919,0.13156765878413304,632,democracy
full2_reduced_no_speech_no_non_verbal,v2jupurge_lag1,-0.49586003303527837,Contracts Expression,1,0.06234251990494597,0.010346205191336864,0.2971833667083984,0.05517608547988095,632,democracy
full2_reduced_no_speech_no_non_verbal,v2jupurge_lag1,-0.49586003303527837,Expands Expression,3,0.6770598426877931,0.3865191652115284,0.8746323304449555,0.13412183529858587,632,democracy
full2_reduced_no_speech_no_non_verbal,v2jupurge_lag1,-0.4114000320434571,Mixed Outcome,2,0.26115331189016133,0.08824536628113468,0.5634766717365645,0.12751493443858042,632,democracy
full2_reduced_no_speech_no_non_verbal,v2jupurge_lag1,-0.4114000320434571,Contracts Expression,1,0.06496875808390806,0.011549738105402798,0.29237619254230546,0.0552568012225042,632,democracy
full2_reduced_no_speech_no_non_verbal,v2jupurge_lag1,-0.4114000320434571,Expands Expression,3,0.6738779300259299,0.39292141606706904,0.8683677280334139,0.13016085646405928,632,democracy
full2_reduced_no_speech_no_non_verbal,v2jupurge_lag1,-0.3269400310516358,Mixed Outcome,2,0.2616763652614943,0.09199077286529105,0.5535485329115039,0.12344370778988294,632,democracy
full2_reduced_no_speech_no_non_verbal,v2jupurge_lag1,-0.3269400310516358,Contracts Expression,1,0.06769565329044196,0.012890149410892775,0.28762298174933887,0.055246763061005066,632,democracy
full2_reduced_no_speech_no_non_verbal,v2jupurge_lag1,-0.3269400310516358,Expands Expression,3,0.6706279814480678,0.399251340158431,0.8618378184397829,0.12617923772270717,632,democracy
full2_reduced_no_speech_no_non_verbal,v2jupurge_lag1,-0.24248003005981444,Mixed Outcome,2,0.2621654439399089,0.09585987018980066,0.5435417342818918,0.11935468144923311,632,democracy
full2_reduced_no_speech_no_non_verbal,v2jupurge_lag1,-0.24248003005981444,Contracts Expression,1,0.07052626055899149,0.014382307404444905,0.2829253023477734,0.055139745082047095,632,democracy
full2_reduced_no_speech_no_non_verbal,v2jupurge_lag1,-0.24248003005981444,Expands Expression,3,0.6673082955010969,0.40550362399796247,0.8550358112134182,0.12217691652362511,632,democracy
full2_reduced_no_speech_no_non_verbal,v2jupurge_lag1,-0.15802002906799317,Mixed Outcome,2,0.26261916713617833,0.09985403220028277,0.5334620104741508,0.11524856803166085,632,democracy
full2_reduced_no_speech_no_non_verbal,v2jupurge_lag1,-0.15802002906799317,Contracts Expression,1,0.07346366321937225,0.016042534536374956,0.2782847801811762,0.054929375902415215,632,democracy
full2_reduced_no_speech_no_non_verbal,v2jupurge_lag1,-0.15802002906799317,Expands Expression,3,0.6639171696444487,0.41167324557628,0.8479551309410999,0.11815379886570108,632,democracy
full2_reduced_no_speech_no_non_verbal,v2jupurge_lag1,-0.0735600280761719,Mixed Outcome,2,0.263036128205412,0.1039744573340997,0.5233152533825867,0.1111260895214634,632,democracy
full2_reduced_no_speech_no_non_verbal,v2jupurge_lag1,-0.0735600280761719,Contracts Expression,1,0.07651096747838636,0.01788871067447163,0.27370311857603713,0.054609160721892376,632,democracy
full2_reduced_no_speech_no_non_verbal,v2jupurge_lag1,-0.0735600280761719,Expands Expression,3,0.660452904316202,0.4177554713894511,0.8405894694957091,0.1141097694910596,632,democracy
full2_reduced_no_speech_no_non_verbal,v2jupurge_lag1,0.01089997291564937,Mixed Outcome,2,0.26341489619602465,0.10822215891168202,0.5131075021147076,0.1069879771111453,632,democracy
full2_reduced_no_speech_no_non_verbal,v2jupurge_lag1,0.01089997291564937,Contracts Expression,1,0.07967129650004738,0.019940373120119283,0.26918212374804523,0.05417250836739938,632,democracy
full2_reduced_no_speech_no_non_verbal,v2jupurge_lag1,0.01089997291564937,Expands Expression,3,0.6569138073039276,0.4237458427047302,0.8329328480657331,0.11004470668765347,632,democracy
full2_reduced_no_speech_no_non_verbal,v2jupurge_lag1,0.09535997390747064,Mixed Outcome,2,0.2637540176050883,0.11259795567990225,0.5028449345763638,0.10283497173092863,632,democracy
full2_reduced_no_speech_no_non_verbal,v2jupurge_lag1,0.09535997390747064,Contracts Expression,1,0.0829477839699548,0.02221880942867402,0.26472373785483816,0.05361276441035194,632,democracy
full2_reduced_no_speech_no_non_verbal,v2jupurge_lag1,0.09535997390747064,Expands Expression,3,0.6532981984249576,0.42964014854131394,0.8249796917786892,0.10595850300964085,632,democracy
full2_reduced_no_speech_no_non_verbal,v2jupurge_lag1,0.1798199748992919,Mixed Outcome,2,0.26405201834937164,0.11710246219720079,0.4925338614738413,0.09866782555648317,632,democracy
full2_reduced_no_speech_no_non_verbal,v2jupurge_lag1,0.1798199748992919,Contracts Expression,1,0.08634356713141464,0.02474713771359824,0.26033008233533417,0.05292325181067949,632,democracy
full2_reduced_no_speech_no_non_verbal,v2jupurge_lag1,0.1798199748992919,Expands Expression,3,0.6496044145192126,0.43543438210283186,0.8167249206092712,0.10185109362644029,632,democracy
full2_reduced_no_speech_no_non_verbal,v2jupurge_lag1,0.2642799758911132,Mixed Outcome,2,0.2643074059607295,0.1217360785528752,0.4821807237096374,0.09448730488206535,632,democracy
full2_reduced_no_speech_no_non_verbal,v2jupurge_lag1,0.2642799758911132,Contracts Expression,1,0.08986177928327141,0.027550367285708026,0.25600351525952864,0.05209732108441161,632,democracy
full2_reduced_no_speech_no_non_verbal,v2jupurge_lag1,0.2642799758911132,Expands Expression,3,0.6458308147560007,0.4411246763558836,0.8081640614467107,0.09772249456807161,632,democracy
full2_reduced_no_speech_no_non_verbal,v2jupurge_lag1,0.34873997688293445,Mixed Outcome,2,0.26451867201388773,0.12649897863615395,0.4717920944133397,0.09029419488240197,632,democracy
full2_reduced_no_speech_no_non_verbal,v2jupurge_lag1,0.34873997688293445,Contracts Expression,1,0.09350554173215035,0.030655430004802007,0.25174670801958293,0.05112841279986771,632,democracy
full2_reduced_no_speech_no_non_verbal,v2jupurge_lag1,0.34873997688293445,Expands Expression,3,0.6419757862539621,0.4467072129552982,0.7992933878253805,0.09357285392053988,632,democracy
full2_reduced_no_speech_no_non_verbal,v2jupurge_lag1,0.4331999778747557,Mixed Outcome,2,0.26468429479373684,0.13139109577226127,0.46137468722607994,0.086089306982787,632,democracy
full2_reduced_no_speech_no_non_verbal,v2jupurge_lag1,0.4331999778747557,Contracts Expression,1,0.09727795519485634,0.03409116930258575,0.2475627491182472,0.05001013643036899,632,democracy
full2_reduced_no_speech_no_non_verbal,v2jupurge_lag1,0.4331999778747557,Expands Expression,3,0.6380377500114096,0.4521780965678433,0.790110096101247,0.0894025201451426,632,democracy
full2_reduced_no_speech_no_non_verbal,v2jupurge_lag1,0.517659978866577,Mixed Outcome,2,0.2648027422083273,0.1364121039679815,0.45093537299451353,0.08187348983890387,632,democracy
full2_reduced_no_speech_no_non_verbal,v2jupurge_lag1,0.517659978866577,Contracts Expression,1,0.10118209065014158,0.03788826899108631,0.24345528653734863,0.04873637147580431,632,democracy
full2_reduced_no_speech_no_non_verbal,v2jupurge_lag1,0.517659978866577,Expands Expression,3,0.6340151671415296,0.4575331834988397,0.7806125301132806,0.08521213332363374,632,democracy
full2_reduced_no_speech_no_non_verbal,v2jupurge_lag1,0.6021199798583983,Mixed Outcome,2,0.26487247495255595,0.14156139216041524,0.4404812078299475,0.07764764534722453,632,democracy
full2_reduced_no_speech_no_non_verbal,v2jupurge_lag1,0.6021199798583983,Contracts Expression,1,0.10522097964281146,0.042079096894550375,0.23942872601651122,0.04730139972816436,632,democracy
full2_reduced_no_speech_no_non_verbal,v2jupurge_lag1,0.6021199798583983,Expands Expression,3,0.629906545404632,0.4627678488772768,0.7708004711045519,0.08100274752508156,632,democracy
full2_reduced_no_speech_no_non_verbal,v2jupurge_lag1,0.6865799808502195,Mixed Outcome,2,0.26489194992620296,0.1468380275906549,0.4300194766932679,0.07341275173785418,632,democracy
full2_reduced_no_speech_no_non_verbal,v2jupurge_lag1,0.6865799808502195,Contracts Expression,1,0.10939760404731368,0.0466974276535146,0.23548851194282247,0.04570008231370121,632,democracy
full2_reduced_no_speech_no_non_verbal,v2jupurge_lag1,0.6865799808502195,Expands Expression,3,0.6257104460264833,0.4678766696834038,0.7606755166990847,0.07677599606884906,632,democracy
full2_reduced_no_speech_no_non_verbal,v2jupurge_lag1,0.771039981842041,Mixed Outcome,2,0.2648596239085427,0.1522407024680755,0.41955775854314104,0.06916989677940985,632,democracy
full2_reduced_no_speech_no_non_verbal,v2jupurge_lag1,0.771039981842041,Contracts Expression,1,0.11371488530244883,0.051777992301584044,0.23164153293747433,0.04392810296582279,632,democracy
full2_reduced_no_speech_no_non_verbal,v2jupurge_lag1,0.771039981842041,Expands Expression,3,0.6214254907890076,0.47285299031432315,0.7502415833252242,0.07253431688396349,632,democracy
full2_reduced_no_speech_no_non_verbal,v2jupurge_lag1,0.8554999828338623,Mixed Outcome,2,0.2647739574900081,0.15776765501665638,0.4091040220614728,0.06492032566974934,632,democracy
full2_reduced_no_speech_no_non_verbal,v2jupurge_lag1,0.8554999828338623,Contracts Expression,1,0.11817567313367035,0.057355774959508235,0.22789672013457882,0.04198231216874371,632,democracy
full2_reduced_no_speech_no_non_verbal,v2jupurge_lag1,0.8554999828338623,Expands Expression,3,0.6170503693763206,0.4776883210836915,0.7395055827274445,0.06828126350960752,632,democracy
full2_reduced_no_speech_no_non_verbal,v2jupurge_lag1,0.9399599838256836,Mixed Outcome,2,0.26463341925962924,0.1634165510254988,0.3986667658287002,0.06066551069531709,632,democracy
full2_reduced_no_speech_no_non_verbal,v2jupurge_lag1,0.9399599838256836,Contracts Expression,1,0.1227827337846062,0.0634649308942605,0.22426595100479607,0.039861229657993255,632,democracy
full2_reduced_no_speech_no_non_verbal,v2jupurge_lag1,0.9399599838256836,Expands Expression,3,0.612583846955763,0.4823714946168332,0.7284783485286901,0.06402194029773199,632,democracy
full2_reduced_no_speech_no_non_verbal,v2jupurge_lag1,1.0244199848175048,Mixed Outcome,2,0.264436490244925,0.1691843037621443,0.3882552249592019,0.05640725392904571,632,democracy
full2_reduced_no_speech_no_non_verbal,v2jupurge_lag1,1.0244199848175048,Contracts Expression,1,0.12753873778487754,0.07013711919413755,0.22076545156373148,0.03756580352165684,632,democracy
full2_reduced_no_speech_no_non_verbal,v2jupurge_lag1,1.0244199848175048,Expands Expression,3,0.6080247719701972,0.4868874649676698,0.7171759287532344,0.05976362091760082,632,democracy
full2_reduced_no_speech_no_non_verbal,v2jupurge_lag1,1.1088799858093261,Mixed Outcome,2,0.26418166859880654,0.17506679592450006,0.3778796802510901,0.052147841442403114,632,democracy
full2_reduced_no_speech_no_non_verbal,v2jupurge_lag1,1.1088799858093261,Contracts Expression,1,0.13244624728696852,0.07739889560806924,0.2174180368827197,0.03510059911456955,632,democracy
full2_reduced_no_speech_no_non_verbal,v2jupurge_lag1,1.1088799858093261,Expands Expression,3,0.6033720841142244,0.4912155703936658,0.7056214238383544,0.05551664196380387,632,democracy
full2_reduced_no_speech_no_non_verbal,v2jupurge_lag1,1.1933399868011474,Mixed Outcome,2,0.26386747452571,0.18105844210904765,0.3675519309528829,0.04789028033248658,632,democracy
full2_reduced_no_speech_no_non_verbal,v2jupurge_lag1,1.1933399868011474,Contracts Expression,1,0.13750770301084744,0.08526753217744568,0.21425680869571534,0.03247573317231441,632,democracy
full2_reduced_no_speech_no_non_verbal,v2jupurge_lag1,1.1933399868011474,Expands Expression,3,0.5986248224634427,0.49532697885985305,0.6938476511695767,0.05129571562880197,632,democracy
full2_reduced_no_speech_no_non_verbal,v2jupurge_lag1,1.2777999877929687,Mixed Outcome,2,0.2634924554367896,0.18715148376642773,0.35728603859790325,0.04363867356355249,632,democracy
full2_reduced_no_speech_no_non_verbal,v2jupurge_lag1,1.2777999877929687,Contracts Expression,1,0.14272541084107693,0.09374408760897322,0.21133147233559346,0.029710145593835717,632,democracy
full2_reduced_no_speech_no_non_verbal,v2jupurge_lag1,1.2777999877929687,Expands Expression,3,0.5937821337221337,0.4991808747446742,0.6819010773184632,0.04712188768428576,632,democracy
full2_reduced_no_speech_no_non_verbal,v2jupurge_lag1,1.36225998878479,Mixed Outcome,2,0.26305519132138755,0.19333481907996858,0.3470995387282077,0.03939883327899714,632,democracy
full2_reduced_no_speech_no_non_verbal,v2jupurge_lag1,1.36225998878479,Contracts Expression,1,0.14810152812736674,0.10280147765678188,0.2087195117365664,0.026837350255429437,632,democracy
full2_reduced_no_speech_no_non_verbal,v2jupurge_lag1,1.36225998878479,Expands Expression,3,0.5888432805512445,0.5027187019439849,0.6698477018946511,0.043025491787683924,632,democracy
full2_reduced_no_speech_no_non_verbal,v2jupurge_lag1,1.4467199897766112,Mixed Outcome,2,0.26255430031937677,0.1995919895484432,0.3370154978183264,0.0351793253974867,632,democracy
full2_reduced_no_speech_no_non_verbal,v2jupurge_lag1,1.4467199897766112,Contracts Expression,1,0.15363804974573844,0.11236319615775706,0.20654656301028776,0.023915877867506905,632,democracy
full2_reduced_no_speech_no_non_verbal,v2jupurge_lag1,1.4467199897766112,Expands Expression,3,0.583807649934886,0.5058554486051688,0.6577819062539091,0.03905062072563776,632,democracy
full2_reduced_no_speech_no_non_verbal,v2jupurge_lag1,1.5311799907684325,Mixed Outcome,2,0.261988444476222,0.20589756121444433,0.3270661763840226,0.030993334157858255,632,democracy
full2_reduced_no_speech_no_non_verbal,v2jupurge_lag1,1.5311799907684325,Contracts Expression,1,0.1593367939836726,0.12226466035574084,0.2050240088356862,0.021048500934965006,632,democracy
full2_reduced_no_speech_no_non_verbal,v2jupurge_lag1,1.5311799907684325,Expands Expression,3,0.5786747615401048,0.5084666510662296,0.6458395872525915,0.03526179457490863,632,democracy
full2_reduced_no_speech_no_non_verbal,v2jupurge_lag1,1.6156399917602537,Mixed Outcome,2,0.2613563356598169,0.21221027629956982,0.31729992128525797,0.02686217524776072,632,democracy
full2_reduced_no_speech_no_non_verbal,v2jupurge_lag1,1.6156399917602537,Contracts Expression,1,0.1651993883187261,0.13218549371754396,0.20451548283959006,0.018416199308653437,632,democracy
full2_reduced_no_speech_no_non_verbal,v2jupurge_lag1,1.6156399917602537,Expands Expression,3,0.5734442760214563,0.5103700308216442,0.6342166592224615,0.03175338978566531,632,democracy
full2_reduced_no_speech_no_non_verbal,v2jupurge_lag1,1.700099992752075,Mixed Outcome,2,0.2606567416153435,0.21845930422094953,0.30779495687265923,0.022822330692792422,632,democracy
full2_reduced_no_speech_no_non_verbal,v2jupurge_lag1,1.700099992752075,Contracts Expression,1,0.17122725516600473,0.14155323012252874,0.20563181085670112,0.016326618184915917,632,democracy
full2_reduced_no_speech_no_non_verbal,v2jupurge_lag1,1.700099992752075,Expands Expression,3,0.5681160032186532,0.5113031568824707,0.6231915279913799,0.028661136780543252,632,democracy
full2_reduced_no_speech_no_non_verbal,v2jupurge_lag1,1.7845599937438963,Mixed Outcome,2,0.25988849213159904,0.22451485787377656,0.29868880759086014,0.01894046268809878,632,democracy
full2_reduced_no_speech_no_non_verbal,v2jupurge_lag1,1.7845599937438963,Contracts Expression,1,0.17742159767554314,0.14950664333844388,0.20926620616261338,0.015232039871379463,632,democracy
full2_reduced_no_speech_no_non_verbal,v2jupurge_lag1,1.7845599937438963,Expands Expression,3,0.5626899101928564,0.5109071933617663,0.6131414725083196,0.0261705837098401,632,democracy
full2_reduced_no_speech_no_non_verbal,v2jupurge_lag1,1.8690199947357176,Mixed Outcome,2,0.2590504852895007,0.23012219805887488,0.29024432755313845,0.015347112500833874,632,democracy
full2_reduced_no_speech_no_non_verbal,v2jupurge_lag1,1.8690199947357176,Contracts Expression,1,0.18378338566590222,0.15518232262160905,0.21630613067506665,0.015582511621718101,632,democracy
full2_reduced_no_speech_no_non_verbal,v2jupurge_lag1,1.8690199947357176,Expands Expression,3,0.5571661290445982,0.5087454276595914,0.6045242333253316,0.02450792569877549,632,democracy
full2_reduced_no_speech_no_non_verbal,v2jupurge_lag1,1.9534799957275388,Mixed Outcome,2,0.2581416937607687,0.23475695109580605,0.28299441036820494,0.012310563144937262,632,democracy
full2_reduced_no_speech_no_non_verbal,v2jupurge_lag1,1.9534799957275388,Contracts Expression,1,0.19031334178514686,0.158325256970218,0.22702110533261982,0.017514122600319006,632,democracy
full2_reduced_no_speech_no_non_verbal,v2jupurge_lag1,1.9534799957275388,Expands Expression,3,0.5515449644540835,0.5043993617608751,0.5977820193764998,0.023891391929095902,632,democracy
full2_reduced_no_speech_no_non_verbal,v2jupurge_lag1,2.03793999671936,Mixed Outcome,2,0.25716117112229026,0.23740526310867277,0.2779618540168598,0.010349105758424695,632,democracy
full2_reduced_no_speech_no_non_verbal,v2jupurge_lag1,2.03793999671936,Contracts Expression,1,0.1970119279946098,0.15941324881645702,0.2409367077650592,0.020786071140319638,632,democracy
full2_reduced_no_speech_no_non_verbal,v2jupurge_lag1,2.03793999671936,Expands Expression,3,0.5458269008831034,0.4976385138638035,0.5931717792614638,0.024445087325696845,632,democracy
full2_reduced_no_speech_no_non_verbal,v2jupurge_lag1,2.1223999977111814,Mixed Outcome,2,0.2561080581492599,0.2367726169362807,0.2764505531181564,0.010124731868673175,632,democracy
full2_reduced_no_speech_no_non_verbal,v2jupurge_lag1,2.1223999977111814,Contracts Expression,1,0.20387933247451043,0.15913280147965778,0.2573571841294066,0.025048947106474727,632,democracy
full2_reduced_no_speech_no_non_verbal,v2jupurge_lag1,2.1223999977111814,Expands Expression,3,0.5400126093762282,0.48854214374263016,0.5906435167281676,0.02613723282914352,632,democracy
full2_reduced_no_speech_no_non_verbal,v2jupurge_lag1,2.2068599987030026,Mixed Outcome,2,0.2549815890480191,0.23264155053877597,0.27868777805994027,0.01175073446305018,632,democracy
full2_reduced_no_speech_no_non_verbal,v2jupurge_lag1,2.2068599987030026,Contracts Expression,1,0.21091545705336828,0.15801141497560095,0.2757318217425407,0.03003296072655573,632,democracy
full2_reduced_no_speech_no_non_verbal,v2jupurge_lag1,2.2068599987030026,Expands Expression,3,0.5341029538986132,0.47744739584840495,0.5898921493863817,0.028806661860722116,632,democracy
full2_reduced_no_speech_no_non_verbal,v2jupurge_lag1,2.291319999694824,Mixed Outcome,2,0.25378109758760214,0.22618325437513287,0.2835125619748587,0.014632737557389364,632,democracy
full2_reduced_no_speech_no_non_verbal,v2jupurge_lag1,2.291319999694824,Contracts Expression,1,0.21811990526523595,0.1563800976421685,0.29569136248510863,0.03556735089244952,632,democracy
full2_reduced_no_speech_no_non_verbal,v2jupurge_lag1,2.291319999694824,Expands Expression,3,0.52809899714716,0.46478553711333176,0.5905212269713016,0.03224613307264136,632,democracy
full2_reduced_no_speech_no_non_verbal,v2jupurge_lag1,2.375780000686645,Mixed Outcome,2,0.2525060230873583,0.21854103986247636,0.28979220207264195,0.018191057290732855,632,democracy
full2_reduced_no_speech_no_non_verbal,v2jupurge_lag1,2.375780000686645,Contracts Expression,1,0.2254919711399312,0.15443638805109364,0.316984250758072,0.041548324080310624,632,democracy
full2_reduced_no_speech_no_non_verbal,v2jupurge_lag1,2.375780000686645,Expands Expression,3,0.5220020057727099,0.45095341498580854,0.5921713775275704,0.03626756802346925,632,democracy
full2_reduced_no_speech_no_non_verbal,v2jupurge_lag1,2.4602400016784665,Mixed Outcome,2,0.2511559162167177,0.2103457539884823,0.29690679910511486,0.022107632141925283,632,democracy
full2_reduced_no_speech_no_non_verbal,v2jupurge_lag1,2.4602400016784665,Contracts Expression,1,0.23303062883165665,0.1522992404395137,0.33942144509212724,0.04791106901114814,632,democracy
full2_reduced_no_speech_no_non_verbal,v2jupurge_lag1,2.4602400016784665,Expands Expression,3,0.5158134549516261,0.4362673584636964,0.5945662536441614,0.04072524778196209,632,democracy
full2_reduced_no_speech_no_non_verbal,v2jupurge_lag1,2.5447000026702877,Mixed Outcome,2,0.24973044456222382,0.20190919520689407,0.30455577896727576,0.026227193964742053,632,democracy
full2_reduced_no_speech_no_non_verbal,v2jupurge_lag1,2.5447000026702877,Contracts Expression,1,0.24073452319052985,0.15004238105612477,0.3628432548378987,0.05461272942626766,632,democracy
full2_reduced_no_speech_no_non_verbal,v2jupurge_lag1,2.5447000026702877,Expands Expression,3,0.509535032247247,0.4209667735634489,0.5975087236011271,0.045513705716393446,632,democracy
full2_reduced_no_speech_no_non_verbal,v2jupurge_lag1,2.629160003662109,Mixed Outcome,2,0.2482293979164392,0.19339289709918167,0.31258902942923544,0.030471078350722783,632,democracy
full2_reduced_no_speech_no_non_verbal,v2jupurge_lag1,2.629160003662109,Contracts Expression,1,0.24860196137960527,0.14771302951177206,0.387101355422015,0.06162283674976766,632,democracy
full2_reduced_no_speech_no_non_verbal,v2jupurge_lag1,2.629160003662109,Expands Expression,3,0.5031686407039572,0.40523265260307806,0.6008620861305856,0.050558043369586254,632,democracy
full2_reduced_no_speech_no_non_verbal,v2jupurge_lag1,2.7136200046539303,Mixed Outcome,2,0.24665269324320366,0.18488816783751472,0.32092676383905655,0.03479633283409217,632,democracy
full2_reduced_no_speech_no_non_verbal,v2jupurge_lag1,2.7136200046539303,Contracts Expression,1,0.25663090563689644,0.14534237609161568,0.41204961059864875,0.06891794960778262,632,democracy
full2_reduced_no_speech_no_non_verbal,v2jupurge_lag1,2.7136200046539303,Expands Expression,3,0.4967164011199017,0.38920538420999856,0.6045319220789264,0.05580461219958618,632,democracy
full2_reduced_no_speech_no_non_verbal,v2jupurge_lag1,2.798080005645752,Mixed Outcome,2,0.24500037927408863,0.17645156163182668,0.32952393593332807,0.03917756735285644,632,democracy
full2_reduced_no_speech_no_non_verbal,v2jupurge_lag1,2.798080005645752,Contracts Expression,1,0.26481896727767223,0.14295158135187,0.4375399214138574,0.07647858198808075,632,democracy
full2_reduced_no_speech_no_non_verbal,v2jupurge_lag1,2.798080005645752,Expands Expression,3,0.4901806534482421,0.3729979782413853,0.6084524713568964,0.06121402877058496,632,democracy
full2_reduced_no_speech_no_non_verbal,v2jupurge_lag1,2.882540006637573,Mixed Outcome,2,0.24327264069175233,0.16812122418547193,0.33835376453112204,0.043598561582093735,632,democracy
full2_reduced_no_speech_no_non_verbal,v2jupurge_lag1,2.882540006637573,Contracts Expression,1,0.27316340202688294,0.14055532016845165,0.4634210299558264,0.08428739001588527,632,democracy
full2_reduced_no_speech_no_non_verbal,v2jupurge_lag1,2.882540006637573,Expands Expression,3,0.4835639572813632,0.3567049814951352,0.6125772644018427,0.06675637575496667,632,democracy
full2_reduced_no_speech_no_non_verbal,v2jupurge_lag1,2.9670000076293945,Mixed Outcome,2,0.24146980185717606,0.15992488647650713,0.3473995950981449,0.04804813096535986,632,democracy
full2_reduced_no_speech_no_non_verbal,v2jupurge_lag1,2.9670000076293945,Contracts Expression,1,0.28166110676505757,0.13816394443810104,0.4895391190412613,0.09232807025516471,632,democracy
full2_reduced_no_speech_no_non_verbal,v2jupurge_lag1,2.9670000076293945,Expands Expression,3,0.47686909137776406,0.34040822830346673,0.6168728717114386,0.07240800378351361,632,democracy
full2_reduced_no_speech_no_non_verbal,wdj_expression_lag1,-0.6666666865348816,Mixed Outcome,2,0.339979809759801,0.23306368523130203,0.4661328457107013,0.06041653228973474,632,democracy
full2_reduced_no_speech_no_non_verbal,wdj_expression_lag1,-0.6666666865348816,Contracts Expression,1,0.1124668064966121,0.06323177832321357,0.19217381002018152,0.03207686166782224,632,democracy
full2_reduced_no_speech_no_non_verbal,wdj_expression_lag1,-0.6666666865348816,Expands Expression,3,0.5475533837435844,0.415764403402529,0.6729957659463683,0.06711512426521447,632,democracy
full2_reduced_no_speech_no_non_verbal,wdj_expression_lag1,-0.633333352804184,Mixed Outcome,2,0.3374048722083135,0.23328361530596212,0.4601101951708137,0.0587412406126973,632,democracy
full2_reduced_no_speech_no_non_verbal,wdj_expression_lag1,-0.633333352804184,Contracts Expression,1,0.11434061586866963,0.0654957163592049,0.19212367239211814,0.031562812986123984,632,democracy
full2_reduced_no_speech_no_non_verbal,wdj_expression_lag1,-0.633333352804184,Expands Expression,3,0.5482545119230187,0.4192732256144112,0.6710634751082488,0.06563140645726917,632,democracy
full2_reduced_no_speech_no_non_verbal,wdj_expression_lag1,-0.6000000190734863,Mixed Outcome,2,0.334831690596852,0.23349575596516908,0.45409268036945905,0.05707451820461956,632,democracy
full2_reduced_no_speech_no_non_verbal,wdj_expression_lag1,-0.6000000190734863,Contracts Expression,1,0.11623896790857909,0.06782698620735603,0.19208500689525967,0.03102949334074471,632,democracy
full2_reduced_no_speech_no_non_verbal,wdj_expression_lag1,-0.6000000190734863,Expands Expression,3,0.5489293414945671,0.42275556246367,0.6691101442979795,0.0641535225787906,632,democracy
full2_reduced_no_speech_no_non_verbal,wdj_expression_lag1,-0.5666666853427886,Mixed Outcome,2,0.3322604011256706,0.23369981986305385,0.4480822940221962,0.055416755302240765,632,democracy
full2_reduced_no_speech_no_non_verbal,wdj_expression_lag1,-0.5666666853427886,Contracts Expression,1,0.11816200563872355,0.07022638288012042,0.19205899909280258,0.030477142149250163,632,democracy
full2_reduced_no_speech_no_non_verbal,wdj_expression_lag1,-0.5666666853427886,Expands Expression,3,0.5495775932356046,0.42621035489623155,0.6671356025694799,0.06268157905065729,632,democracy
full2_reduced_no_speech_no_non_verbal,wdj_expression_lag1,-0.5333333516120911,Mixed Outcome,2,0.3296911413514136,0.2338954893684955,0.4420810638895002,0.053768357602459106,632,democracy
full2_reduced_no_speech_no_non_verbal,wdj_expression_lag1,-0.5333333516120911,Contracts Expression,1,0.1201098680289398,0.07269455786729427,0.19204698748667,0.02990608228129431,632,democracy
full2_reduced_no_speech_no_non_verbal,wdj_expression_lag1,-0.5333333516120911,Expands Expression,3,0.5501989906196454,0.42963652078836895,0.6651397192664117,0.06121569935015534,632,democracy
full2_reduced_no_speech_no_non_verbal,wdj_expression_lag1,-0.5000000178813935,Mixed Outcome,2,0.3271240501755044,0.23408241218911152,0.43609105544965426,0.05212974844840536,632,democracy
full2_reduced_no_speech_no_non_verbal,wdj_expression_lag1,-0.5000000178813935,Contracts Expression,1,0.12208268985849631,0.0752319917873465,0.19205048791860604,0.029316732907067516,632,democracy
full2_reduced_no_speech_no_non_verbal,wdj_expression_lag1,-0.5000000178813935,Expands Expression,3,0.550793259965998,0.433032947693291,0.6631224118255491,0.059756027966567093,632,democracy
full2_reduced_no_speech_no_non_verbal,wdj_expression_lag1,-0.4666666841506958,Mixed Outcome,2,0.32455926783119027,0.23426019627439632,0.4301143752856482,0.05050137138274186,632,democracy
full2_reduced_no_speech_no_non_verbal,wdj_expression_lag1,-0.4666666841506958,Contracts Expression,1,0.12408060157791198,0.0778389623009624,0.19207122249638714,0.028709624658075524,632,democracy
full2_reduced_no_speech_no_non_verbal,wdj_expression_lag1,-0.4666666841506958,Expands Expression,3,0.551360130590898,0.43639848440338824,0.6610836547352257,0.05830273493868589,632,democracy
full2_reduced_no_speech_no_non_verbal,wdj_expression_lag1,-0.43333335041999815,Mixed Outcome,2,0.32199693586920275,0.23442840386054173,0.42415317532727165,0.048883693138357685,632,democracy
full2_reduced_no_speech_no_non_verbal,wdj_expression_lag1,-0.43333335041999815,Contracts Expression,1,0.12610372917072366,0.08051550635777419,0.1921111539694277,0.028085417571180014,632,democracy
full2_reduced_no_speech_no_non_verbal,wdj_expression_lag1,-0.43333335041999815,Expands Expression,3,0.5518993349600747,0.43973193115364617,0.6590234898267955,0.056856021063894424,632,democracy
full2_reduced_no_speech_no_non_verbal,wdj_expression_lag1,-0.4000000166893005,Mixed Outcome,2,0.3194371971420171,0.2345865444907604,0.41820965811798794,0.04727720715118237,632,democracy
full2_reduced_no_speech_no_non_verbal,wdj_expression_lag1,-0.4000000166893005,Contracts Expression,1,0.12815219401534955,0.08326137565534542,0.19217252667040025,0.02744492238496152,632,democracy
full2_reduced_no_speech_no_non_verbal,wdj_expression_lag1,-0.4000000166893005,Expands Expression,3,0.5524106088426344,0.4430320282669965,0.6569420381024902,0.05541612388121081,632,democracy
full2_reduced_no_speech_no_non_verbal,wdj_expression_lag1,-0.3666666829586029,Mixed Outcome,2,0.3168801957866799,0.23473406680679001,0.41228608331477795,0.045682437699452745,632,democracy
full2_reduced_no_speech_no_non_verbal,wdj_expression_lag1,-0.3666666829586029,Contracts Expression,1,0.13022611274714954,0.08607598396280323,0.19225791536720513,0.026789125873481902,632,democracy
full2_reduced_no_speech_no_non_verbal,wdj_expression_lag1,-0.3666666829586029,Expands Expression,3,0.5528936914661706,0.446297443004281,0.6548395133412901,0.05398332455038486,632,democracy
full2_reduced_no_speech_no_non_verbal,wdj_expression_lag1,-0.33333334922790525,Mixed Outcome,2,0.31432607720619193,0.23487034886307745,0.406384775672753,0.04409994479614347,632,democracy
full2_reduced_no_speech_no_non_verbal,wdj_expression_lag1,-0.33333334922790525,Contracts Expression,1,0.13232559712085026,0.0889583447009152,0.19237028363091327,0.026119221035796548,632,democracy
full2_reduced_no_speech_no_non_verbal,wdj_expression_lag1,-0.33333334922790525,Expands Expression,3,0.5533483256729596,0.44952675434231254,0.6527162377640355,0.05255795576930824,632,democracy
full2_reduced_no_speech_no_non_verbal,wdj_expression_lag1,-0.3000000154972076,Mixed Outcome,2,0.3117749880494038,0.2349946866563891,0.4005081348255908,0.04253032999142263,632,democracy
full2_reduced_no_speech_no_non_verbal,wdj_expression_lag1,-0.3000000154972076,Contracts Expression,1,0.13445075387342798,0.09190699687978228,0.19251305361663199,0.025436643108173874,632,democracy
full2_reduced_no_speech_no_non_verbal,wdj_expression_lag1,-0.3000000154972076,Expands Expression,3,0.553774258077169,0.4527184353580694,0.6505726600851378,0.05114041089546826,632,democracy
full2_reduced_no_speech_no_non_verbal,wdj_expression_lag1,-0.26666668176651,Mixed Outcome,2,0.30922707618942696,0.2351062804933919,0.3946586472426889,0.040974243277718446,632,democracy
full2_reduced_no_speech_no_non_verbal,wdj_expression_lag1,-0.26666668176651,Contracts Expression,1,0.1366016845876261,0.09491991718867672,0.1926901894626,0.024743112523029555,632,democracy
full2_reduced_no_speech_no_non_verbal,wdj_expression_lag1,-0.26666668176651,Expands Expression,3,0.5541712392229493,0.45587083283628127,0.6484093763387893,0.04973115446841113,632,democracy
full2_reduced_no_speech_no_non_verbal,wdj_expression_lag1,-0.23333334803581235,Mixed Outcome,2,0.30668249070052755,0.2352042187295378,0.38883890083298456,0.03943239133548933,632,democracy
full2_reduced_no_speech_no_non_verbal,wdj_expression_lag1,-0.23333334803581235,Contracts Expression,1,0.13877848555621952,0.0979944157429914,0.19290629680272403,0.024040686086633744,632,democracy
full2_reduced_no_speech_no_non_verbal,wdj_expression_lag1,-0.23333334803581235,Expands Expression,3,0.5545390237432521,0.4589821436588014,0.6462271539271565,0.04833073436048142,632,democracy
full2_reduced_no_speech_no_non_verbal,wdj_expression_lag1,-0.20000001430511472,Mixed Outcome,2,0.30414138183348866,0.2352874582996637,0.38305160277861766,0.03790554741552667,632,democracy
full2_reduced_no_speech_no_non_verbal,wdj_expression_lag1,-0.20000001430511472,Contracts Expression,1,0.1409812476471796,0.10112701277989873,0.19316674110246926,0.023331817757114556,632,democracy
full2_reduced_no_speech_no_non_verbal,wdj_expression_lag1,-0.20000001430511472,Expands Expression,3,0.5548773705193295,0.46205038746002,0.6440269594125433,0.04693979582130457,632,democracy
full2_reduced_no_speech_no_non_verbal,wdj_expression_lag1,-0.16666668057441703,Mixed Outcome,2,0.301603900989426,0.2353548013211756,0.3772996013208109,0.03639456322475633,632,democracy
full2_reduced_no_speech_no_non_verbal,wdj_expression_lag1,-0.16666668057441703,Contracts Expression,1,0.1432100561698838,0.10431329356433447,0.1934777875604346,0.02261943042053826,632,democracy
full2_reduced_no_speech_no_non_verbal,wdj_expression_lag1,-0.16666668057441703,Expands Expression,3,0.5551860428406908,0.4650733749458522,0.6418099906617839,0.045559097725986396,632,democracy
full2_reduced_no_speech_no_non_verbal,wdj_expression_lag1,-0.13333334684371945,Mixed Outcome,2,0.29907020069203855,0.23540486687571344,0.37158591239504785,0.03490038327175442,632,democracy
full2_reduced_no_speech_no_non_verbal,wdj_expression_lag1,-0.13333334684371945,Contracts Expression,1,0.14546499074251357,0.10754773910950718,0.19384676497504763,0.021906999888531703,632,democracy
full2_reduced_no_speech_no_non_verbal,wdj_expression_lag1,-0.13333334684371945,Expands Expression,3,0.5554648085654458,0.4680486711912135,0.6395777140348075,0.044189531379659704,632,democracy
full2_reduced_no_speech_no_non_verbal,wdj_expression_lag1,-0.10000001311302187,Mixed Outcome,2,0.2965404345582975,0.23543605685468844,0.365913752233561,0.0334240622408792,632,democracy
full2_reduced_no_speech_no_non_verbal,wdj_expression_lag1,-0.10000001311302187,Contracts Expression,1,0.1477461251607878,0.11082353132137429,0.19428225497354523,0.021198651829546375,632,democracy
full2_reduced_no_speech_no_non_verbal,wdj_expression_lag1,-0.10000001311302187,Expands Expression,3,0.5557134402809171,0.4709735531286076,0.6373319074110992,0.042832142283646076,632,democracy
full2_reduced_no_speech_no_non_verbal,wdj_expression_lag1,-0.06666667938232418,Mixed Outcome,2,0.2940147572675363,0.23544651448422776,0.3602865773222859,0.03196678610147409,632,democracy
full2_reduced_no_speech_no_non_verbal,wdj_expression_lag1,-0.06666667938232418,Contracts Expression,1,0.1500535272681898,0.1141323333092435,0.19479430586875968,0.020499271259259544,632,democracy
full2_reduced_no_speech_no_non_verbal,wdj_expression_lag1,-0.06666667938232418,Expands Expression,3,0.5559317154642742,0.4738449603515952,0.6350747099369246,0.04148815531437101,632,democracy
full2_reduced_no_speech_no_non_verbal,wdj_expression_lag1,-0.03333334565162649,Mixed Outcome,2,0.2914933245289701,0.235434073811173,0.35470813343361696,0.0305298978291179,632,democracy
full2_reduced_no_speech_no_non_verbal,wdj_expression_lag1,-0.03333334565162649,Contracts Expression,1,0.15238725882782736,0.11746404952604281,0.1953946664894679,0.019814622217289444,632,democracy
full2_reduced_no_speech_no_non_verbal,wdj_expression_lag1,-0.03333334565162649,Expands Expression,3,0.5561194166432025,0.47665943826713425,0.6328086794660457,0.04015900381278495,632,democracy
full2_reduced_no_speech_no_non_verbal,wdj_expression_lag1,-1.1920928910669204e-08,Mixed Outcome,2,0.2889762930476117,0.23539619802963352,0.3491825158582579,0.02911492882112835,632,democracy
full2_reduced_no_speech_no_non_verbal,wdj_expression_lag1,-1.1920928910669204e-08,Contracts Expression,1,0.154747375396082,0.12080657699084278,0.19609702874331542,0.019151471899403222,632,democracy
full2_reduced_no_speech_no_non_verbal,wdj_expression_lag1,-1.1920928910669204e-08,Expands Expression,3,0.556276331556307,0.47941307258112104,0.6305368587162068,0.0388463631081196,632,democracy
full2_reduced_no_speech_no_non_verbal,wdj_expression_lag1,0.03333332180976867,Mixed Outcome,2,0.28646382048857255,0.23532990405802956,0.3437142434283992,0.027723637328050863,632,democracy
full2_reduced_no_speech_no_non_verbal,wdj_expression_lag1,0.03333332180976867,Contracts Expression,1,0.1571339261982115,0.1241455691025731,0.1969172574166482,0.018517708287068977,632,democracy
full2_reduced_no_speech_no_non_verbal,wdj_expression_lag1,0.03333332180976867,Expands Expression,3,0.5564022533132159,0.48210141409384405,0.6282628511712244,0.037552189004851654,632,democracy
full2_reduced_no_speech_no_non_verbal,wdj_expression_lag1,0.06666665554046636,Mixed Outcome,2,0.28395606543980045,0.23523167024524794,0.33830834945664756,0.026358055494336306,632,democracy
full2_reduced_no_speech_no_non_verbal,wdj_expression_lag1,0.06666665554046636,Contracts Expression,1,0.15954695400603966,0.1274642482548007,0.19787357101618983,0.01792243282406652,632,democracy
full2_reduced_no_speech_no_non_verbal,wdj_expression_lag1,0.06666665554046636,Expands Expression,3,0.5564969805541595,0.4847193928827748,0.6259909076576481,0.03627876171160422,632,democracy
full2_reduced_no_speech_no_non_verbal,wdj_expression_lag1,0.09999998927116405,Mixed Outcome,2,0.28145318737317737,0.23509732354596238,0.33297049325227185,0.025020546875980595,632,democracy
full2_reduced_no_speech_no_non_verbal,wdj_expression_lag1,0.09999998927116405,Contracts Expression,1,0.16198649501790918,0.13074332238628508,0.19898661853594263,0.017376000047199244,632,democracy
full2_reduced_no_speech_no_non_verbal,wdj_expression_lag1,0.09999998927116405,Expands Expression,3,0.5565603176089141,0.4872612212047953,0.623726024270087,0.0350287355624301,632,democracy
full2_reduced_no_speech_no_non_verbal,wdj_expression_lag1,0.13333332300186163,Mixed Outcome,2,0.27895534660405535,0.2349219020444864,0.32770709633789935,0.02371387653839339,632,democracy
full2_reduced_no_speech_no_non_verbal,wdj_expression_lag1,0.13333332300186163,Contracts Expression,1,0.16445257874103275,0.13396108116218391,0.200279376473445,0.016889965605919134,632,democracy
full2_reduced_no_speech_no_non_verbal,wdj_expression_lag1,0.13333332300186163,Expands Expression,3,0.5565920746549116,0.48972028496176273,0.6214740518070305,0.03380519462172886,632,democracy
full2_reduced_no_speech_no_non_verbal,wdj_expression_lag1,0.1666666567325592,Mixed Outcome,2,0.2764627042491835,0.23469948853335454,0.32252550766241106,0.0224412959262055,632,democracy
full2_reduced_no_speech_no_non_verbal,wdj_expression_lag1,0.1666666567325592,Contracts Expression,1,0.1669452278764158,0.1370937628305306,0.20177677507196404,0.01647689629823817,632,democracy
full2_reduced_no_speech_no_non_verbal,wdj_expression_lag1,0.1666666567325592,Expands Expression,3,0.5565920678744,0.4920890244764141,0.6192418159760049,0.03261171380575603,632,democracy
full2_reduced_no_speech_no_non_verbal,wdj_expression_lag1,0.1999999904632569,Mixed Outcome,2,0.27397542218306203,0.23442301134601967,0.3174342016120258,0.021206644445192605,632,democracy
full2_reduced_no_speech_no_non_verbal,wdj_expression_lag1,0.1999999904632569,Contracts Expression,1,0.16946445820649167,0.14011628050219527,0.2035049650652265,0.01614999695153734,632,democracy
full2_reduced_no_speech_no_non_verbal,wdj_expression_lag1,0.1999999904632569,Expands Expression,3,0.556560119610447,0.49435880677908645,0.6170372461723681,0.03145242441488224,632,democracy
full2_reduced_no_speech_no_non_verbal,wdj_expression_lag1,0.23333332419395458,Mixed Outcome,2,0.27149366299272526,0.23408401047079982,0.31244301079458187,0.020014468764403836,632,democracy
full2_reduced_no_speech_no_non_verbal,wdj_expression_lag1,0.23333332419395458,Contracts Expression,1,0.172010278485632,0.1430033602301162,0.20549017257388874,0.01592252756395743,632,democracy
full2_reduced_no_speech_no_non_verbal,wdj_expression_lag1,0.23333332419395458,Expands Expression,3,0.5564960585216432,0.4965197938547807,0.6148695083869548,0.03033208182666656,632,democracy
full2_reduced_no_speech_no_non_verbal,wdj_expression_lag1,0.26666665792465216,Mixed Outcome,2,0.2690175899309716,0.23367237129407667,0.307563391250017,0.01887015864186121,632,democracy
full2_reduced_no_speech_no_non_verbal,wdj_expression_lag1,0.26666665792465216,Contracts Expression,1,0.17458269033367457,0.1457310601308585,0.20775717293943846,0.015807026559234185,632,democracy
full2_reduced_no_speech_no_non_verbal,wdj_expression_lag1,0.26666665792465216,Expands Expression,3,0.5563997197353553,0.49856081457602136,0.6127491345212692,0.029256131432102237,632,democracy
full2_reduced_no_speech_no_non_verbal,wdj_expression_lag1,0.29999999165534974,Mixed Outcome,2,0.26654736686804553,0.23317603691731295,0.3028087091438928,0.017780093691126188,632,democracy
full2_reduced_no_speech_no_non_verbal,wdj_expression_lag1,0.29999999165534974,Contracts Expression,1,0.17718168813264257,0.14827851567959002,0.21032753839399165,0.015814419330425215,632,democracy
full2_reduced_no_speech_no_non_verbal,wdj_expression_lag1,0.29999999165534974,Expands Expression,3,0.5562709449993124,0.5004692525718634,0.6106881358629613,0.028230766592507055,632,democracy
full2_reduced_no_speech_no_non_verbal,wdj_expression_lag1,0.33333332538604754,Mixed Outcome,2,0.264083158241808,0.23258072542547278,0.2981945225675241,0.016751787631169135,632,democracy
full2_reduced_no_speech_no_non_verbal,wdj_expression_lag1,0.33333332538604754,Contracts Expression,1,0.1798072589267824,0.15062962903752194,0.21321794174038294,0.015953156148040902,632,democracy
full2_reduced_no_speech_no_non_verbal,wdj_expression_lag1,0.33333332538604754,Expands Expression,3,0.5561095828314095,0.502230968163501,0.6087000825942034,0.02726296939804039,632,democracy
full2_reduced_no_speech_no_non_verbal,wdj_expression_lag1,0.3666666591167451,Mixed Outcome,2,0.26162512900640295,0.2318697037342995,0.2937388068179941,0.01579400367729484,632,democracy
full2_reduced_no_speech_no_non_verbal,wdj_expression_lag1,0.3666666591167451,Contracts Expression,1,0.18245938232608225,0.15277435498569464,0.21643886350117086,0.01622855673955771,632,democracy
full2_reduced_no_speech_no_non_verbal,wdj_expression_lag1,0.3666666591167451,Expands Expression,3,0.5559154886675128,0.503830279444126,0.6068001242568289,0.026360521466477313,632,democracy
full2_reduced_no_speech_no_non_verbal,wdj_expression_lag1,0.3999999928474427,Mixed Outcome,2,0.25917344457944386,0.23102370669666747,0.2894620344787165,0.014916795822370727,632,democracy
full2_reduced_no_speech_no_non_verbal,wdj_expression_lag1,0.3999999928474427,Contracts Expression,1,0.1851380304134219,0.15470928976744278,0.21999399627220756,0.01664251132855244,632,democracy
full2_reduced_no_speech_no_non_verbal,wdj_expression_lag1,0.3999999928474427,Expands Expression,3,0.5556885250071367,0.5052500347403036,0.6050049189382847,0.025531968367881987,632,democracy
full2_reduced_no_speech_no_non_verbal,wdj_expression_lag1,0.4333333265781403,Mixed Outcome,2,0.2567282707877589,0.23002113636076887,0.2853869754082663,0.014131407172277514,632,democracy
full2_reduced_no_speech_no_non_verbal,wdj_expression_lag1,0.4333333265781403,Contracts Expression,1,0.18784316765549244,0.1564374425446263,0.2238804666122852,0.01719359934096413,632,democracy
full2_reduced_no_speech_no_non_verbal,wdj_expression_lag1,0.4333333265781403,Expands Expression,3,0.5554285615567487,0.5064718141255488,0.6033324335076442,0.024786518484104278,632,democracy
full2_reduced_no_speech_no_non_verbal,wdj_expression_lag1,0.46666666030883786,Mixed Outcome,2,0.25428977381171103,0.22883871764190408,0.28153804037621377,0.013449935380876023,632,democracy
full2_reduced_no_speech_no_non_verbal,wdj_expression_lag1,0.46666666030883786,Contracts Expression,1,0.19057475081763003,0.15796729046743666,0.22808977350827578,0.017877574004521012,632,democracy
full2_reduced_no_speech_no_non_verbal,wdj_expression_lag1,0.46666666030883786,Expands Expression,3,0.5551354753706575,0.5074762982056165,0.6018015766814651,0.024133856821230152,632,democracy
full2_reduced_no_speech_no_non_verbal,wdj_expression_lag1,0.49999999403953566,Mixed Outcome,2,0.2518581201281339,0.22745278997119525,0.27793998878259696,0.012884673528149261,632,democracy
full2_reduced_no_speech_no_non_verbal,wdj_expression_lag1,0.49999999403953566,Contracts Expression,1,0.19333272888271344,0.15931138617134655,0.23260917464359876,0.018688075427882454,632,democracy
full2_reduced_no_speech_no_non_verbal,wdj_expression_lag1,0.49999999403953566,Expands Expression,3,0.5548091509891541,0.5082438338009876,0.6004316352919635,0.023583858658461285,632,democracy
full2_reduced_no_speech_no_non_verbal,wdj_expression_lag1,0.5333333277702332,Mixed Outcome,2,0.24943347645190686,0.22584132751840613,0.2746159078643615,0.012447079135938129,632,democracy
full2_reduced_no_speech_no_non_verbal,wdj_expression_lag1,0.5333333277702332,Contracts Expression,1,0.19611704297424998,0.1604848378190781,0.23742320039372583,0.019617408604928183,632,democracy
full2_reduced_no_speech_no_non_verbal,wdj_expression_lag1,0.5333333277702332,Expands Expression,3,0.5544494805738431,0.5087552041751927,0.599241506105785,0.023146199101011122,632,democracy
full2_reduced_no_speech_no_non_verbal,wdj_expression_lag1,0.5666666615009308,Mixed Outcome,2,0.2470160096762311,0.22398655894165723,0.2715845924354669,0.012146437083580588,632,democracy
full2_reduced_no_speech_no_non_verbal,wdj_expression_lag1,0.5666666615009308,Contracts Expression,1,0.19892762628379573,0.1615039242807613,0.24251503299706573,0.02065725220802008,632,democracy
full2_reduced_no_speech_no_non_verbal,wdj_expression_lag1,0.5666666615009308,Expands Expression,3,0.5540563640399732,0.5089925743951713,0.5982487526033062,0.022829873477417335,632,democracy
full2_reduced_no_speech_no_non_verbal,wdj_expression_lag1,0.5999999952316286,Mixed Outcome,2,0.24460588681160567,0.2218777277903497,0.2688577840343863,0.011988450465300808,632,democracy
full2_reduced_no_speech_no_non_verbal,wdj_expression_lag1,0.5999999952316286,Contracts Expression,1,0.20176440400283838,0.16238499680147125,0.24786759959684224,0.021799220868760846,632,democracy
full2_reduced_no_speech_no_non_verbal,wdj_expression_lag1,0.5999999952316286,Expands Expression,3,0.5536297091855585,0.5089405342175236,0.5974685643189243,0.02264266806983766,632,democracy
full2_reduced_no_speech_no_non_verbal,wdj_expression_lag1,0.6333333289623262,Mixed Outcome,2,0.24220327492359536,0.2195132528277973,0.26643801021193947,0.011974137266423837,632,democracy
full2_reduced_no_speech_no_non_verbal,wdj_expression_lag1,0.6333333289623262,Contracts Expression,1,0.20462729325926104,0.16314371072997705,0.2534643356216435,0.02303525869555981,632,democracy
full2_reduced_no_speech_no_non_verbal,wdj_expression_lag1,0.6333333289623262,Expands Expression,3,0.5531694318171426,0.5085871136744905,0.5969127435620567,0.022590644723963063,632,democracy
full2_reduced_no_speech_no_non_verbal,wdj_expression_lag1,0.6666666626930238,Mixed Outcome,2,0.23980834106938786,0.21690154991001198,0.26431776232270615,0.012099409586793548,632,democracy
full2_reduced_no_speech_no_non_verbal,wdj_expression_lag1,0.6666666626930238,Contracts Expression,1,0.2075162030585326,0.16379455774129142,0.2592896481166901,0.024357879138072313,632,democracy
full2_reduced_no_speech_no_non_verbal,wdj_expression_lag1,0.6666666626930238,Expands Expression,3,0.5526754558720803,0.5079246186815803,0.5965888721891422,0.022677717078300623,632,democracy
full2_reduced_no_speech_no_non_verbal,wdj_expression_lag1,0.6999999964237213,Mixed Outcome,2,0.2374212522332328,0.2140601778796191,0.26248034936020537,0.012355507712895775,632,democracy
full2_reduced_no_speech_no_non_verbal,wdj_expression_lag1,0.6999999964237213,Contracts Expression,1,0.21043103422971546,0.16435063466934582,0.26532914295153054,0.025760283838775055,632,democracy
full2_reduced_no_speech_no_non_verbal,wdj_expression_lag1,0.6999999964237213,Expands Expression,3,0.5521477135370519,0.5069501429452222,0.5964998021390113,0.022905391591932986,632,democracy
full2_reduced_no_speech_no_non_verbal,wdj_expression_lag1,0.7333333301544189,Mixed Outcome,2,0.235042175260769,0.21101358576188556,0.26090215054805105,0.012730147710100208,632,democracy
full2_reduced_no_speech_no_non_verbal,wdj_expression_lag1,0.7333333301544189,Contracts Expression,1,0.21337167937643484,0.16482357912420809,0.27156968577119783,0.027236396150781276,632,democracy
full2_reduced_no_speech_no_non_verbal,wdj_expression_lag1,0.7333333301544189,Expands Expression,3,0.5515861453627959,0.5056656639490817,0.5966435619427009,0.023272720312056763,632,democracy
full2_reduced_no_speech_no_non_verbal,wdj_expression_lag1,0.7666666638851167,Mixed Outcome,2,0.23267127679232757,0.2077901926602357,0.2595555352890512,0.013209009532809046,632,democracy
full2_reduced_no_speech_no_non_verbal,wdj_expression_lag1,0.7666666638851167,Contracts Expression,1,0.21633802283289025,0.1652236113414333,0.27799935728459846,0.028780840268031512,632,democracy
full2_reduced_no_speech_no_non_verbal,wdj_expression_lag1,0.7666666638851167,Expands Expression,3,0.5509907003747823,0.5040777122038043,0.5970136900112416,0.023776470848355213,632,democracy
full2_reduced_no_speech_no_non_verbal,wdj_expression_lag1,0.7999999976158143,Mixed Outcome,2,0.23030872319524837,0.20441958750789657,0.25841166331436977,0.013777164172265667,632,democracy
full2_reduced_no_speech_no_non_verbal,wdj_expression_lag1,0.7999999976158143,Contracts Expression,1,0.2193299406250454,0.1655596362515598,0.2846073489403076,0.030388889488499393,632,democracy
full2_reduced_no_speech_no_non_verbal,wdj_expression_lag1,0.7999999976158143,Expands Expression,3,0.5503613361797052,0.5021966869474044,0.5975999215011842,0.02441147622952399,632,democracy
full2_reduced_no_speech_no_non_verbal,wdj_expression_lag1,0.8333333313465119,Mixed Outcome,2,0.22795468049526962,0.20093036530612926,0.25744264840124065,0.014420176331118095,632,democracy
full2_reduced_no_speech_no_non_verbal,wdj_expression_lag1,0.8333333313465119,Contracts Expression,1,0.2223473004370699,0.1658393739278574,0.29138383086877134,0.03205639989374553,632,democracy
full2_reduced_no_speech_no_non_verbal,wdj_expression_lag1,0.8333333313465119,Expands Expression,3,0.54969801906766,0.5000359498097154,0.5983890972304032,0.025171097615857885,632,democracy
full2_reduced_no_speech_no_non_verbal,wdj_expression_lag1,0.8666666650772097,Mixed Outcome,2,0.22560931430705408,0.1973487614311001,0.2566229240760308,0.015124800206588332,632,democracy
full2_reduced_no_speech_no_non_verbal,wdj_expression_lag1,0.8666666650772097,Contracts Expression,1,0.2253899615831421,0.16606949805514531,0.29831981248162215,0.033779739860694595,632,democracy
full2_reduced_no_speech_no_non_verbal,wdj_expression_lag1,0.8666666650772097,Expands Expression,3,0.5490007241098033,0.4976108453893664,0.5993661456801926,0.026047723981177683,632,democracy
full2_reduced_no_speech_no_non_verbal,wdj_expression_lag1,0.8999999988079073,Mixed Outcome,2,0.22327278976390677,0.19369799170761529,0.2559299036030255,0.015879315457805517,632,democracy
full2_reduced_no_speech_no_non_verbal,wdj_expression_lag1,0.8999999988079073,Contracts Expression,1,0.22845777498469583,0.166255770416173,0.30540700776362656,0.03555572155318478,632,democracy
full2_reduced_no_speech_no_non_verbal,wdj_expression_lag1,0.8999999988079073,Expands Expression,3,0.5482694352513989,0.49493777733026606,0.6005150094802231,0.0270332432752376,632,democracy
full2_reduced_no_speech_no_non_verbal,wdj_expression_lag1,0.9333333325386048,Mixed Outcome,2,0.2209452714467559,0.1899980996570337,0.2553441328502689,0.01667360464299098,632,democracy
full2_reduced_no_speech_no_non_verbal,wdj_expression_lag1,0.9333333325386048,Contracts Expression,1,0.2315505831531983,0.16640316503736602,0.3126377116427682,0.03738153765484295,632,democracy
full2_reduced_no_speech_no_non_verbal,wdj_expression_lag1,0.9333333325386048,Expands Expression,3,0.5475041454000444,0.4920334260591496,0.6018194301971503,0.028119441211393027,632,democracy
full2_reduced_no_speech_no_non_verbal,wdj_expression_lag1,0.9666666662693024,Mixed Outcome,2,0.21862692331245537,0.18626611141519522,0.2548491355352399,0.017499073871846276,632,democracy
full2_reduced_no_speech_no_non_verbal,wdj_expression_lag1,0.9666666662693024,Contracts Expression,1,0.23466822017853853,0.1665159792168181,0.3200046902393754,0.03925470477358165,632,democracy
full2_reduced_no_speech_no_non_verbal,wdj_expression_lag1,0.9666666662693024,Expands Expression,3,0.5467048565090064,0.4889141479494077,0.6032635516432571,0.029298307471342176,632,democracy
full2_reduced_no_speech_no_non_verbal,wdj_expression_lag1,1.0,Mixed Outcome,2,0.21631790862148587,0.18251634469113467,0.2544311044778601,0.018348495015866783,632,democracy
full2_reduced_no_speech_no_non_verbal,wdj_expression_lag1,1.0,Contracts Expression,1,0.23781051172308101,0.1665979307970855,0.32750108565188524,0.041173013853223146,632,democracy
full2_reduced_no_speech_no_non_verbal,wdj_expression_lag1,1.0,Expands Expression,3,0.5458715796554328,0.48559555801624193,0.6048323395802192,0.030562248304404818,632,democracy
